material,symbol,temperature_k,molar_heat_capacity_j_mol_k
Gold,Au,0,0
Gold,Au,1,1.4580960655769209e-54
Gold,Au,2,2.0658205489803694e-25
Gold,Au,3,7.5979930230573903e-16
Gold,Au,4,3.887906615181911e-11
Gold,Au,5,2.3508907303747007e-08
Gold,Au,6,1.5719101369546342e-06
Gold,Au,7,3.0155123513329388e-05
Gold,Au,8,0.00026668431706658094
Gold,Au,9,0.0014131068898456008
Gold,Au,10,0.0052462226067056042
Gold,Au,11,0.015067251992995275
Gold,Au,12,0.035749640522494422
Gold,Au,13,0.073318625711651833
Gold,Au,14,0.13422420184640951
Gold,Au,15,0.22455083932593781
Gold,Au,16,0.34936073933539841
Gold,Au,17,0.51227079893696492
Gold,Au,18,0.71527647892442492
Gold,Au,19,0.95878181718778954
Gold,Au,20,1.2417730347303415
Gold,Au,21,1.562073276238481
Gold,Au,22,1.9166273338428608
Gold,Au,23,2.3017800241788677
Gold,Au,24,2.7135258288495443
Gold,Au,25,3.1477185489144888
Gold,Au,26,3.6002376559285056
Gold,Au,27,4.067113093625764
Gold,Au,28,4.5446131237316409
Gold,Au,29,5.0293010651310999
Gold,Au,30,5.5180670003328114
Gold,Au,31,6.0081401389888844
Gold,Au,32,6.4970868329547811
Gold,Au,33,6.9827984267237371
Gold,Au,34,7.4634723202263329
Gold,Au,35,7.937588883475005
Gold,Au,36,8.4038862244420933
Gold,Au,37,8.8613342809768429
Gold,Au,38,9.3091092799448436
Gold,Au,39,9.74656927113252
Gold,Au,40,10.173231186281891
Gold,Au,41,10.58874968115717
Gold,Au,42,10.992897878058484
Gold,Au,43,11.385550026541791
Gold,Au,44,11.766666031894234
Gold,Au,45,12.136277756472422
Gold,Au,46,12.494476972196647
Gold,Au,47,12.84140482848818
Gold,Au,48,13.177242695017364
Gold,Au,49,13.502204239970739
Gold,Au,50,13.816528610027129
Gold,Au,51,14.120474586294851
Gold,Au,52,14.414315599974804
Gold,Au,53,14.698335501673446
Gold,Au,54,14.972824988541021
Gold,Au,55,15.238078603381004
Gold,Au,56,15.494392229330781
Gold,Au,57,15.742061012510781
Gold,Au,58,15.981377653110187
Gold,Au,59,16.212631012700349
Gold,Au,60,16.436104992152185
Gold,Au,61,16.652077640413502
Gold,Au,62,16.86082045962123
Gold,Au,63,17.062597876632072
Gold,Au,64,17.257666855109584
Gold,Au,65,17.446276625858268
Gold,Au,66,17.628668516199895
Gold,Au,67,17.805075861892544
Gold,Au,68,17.975723987445217
Gold,Au,69,18.140830242721798
Gold,Au,70,18.300604085495806
Gold,Au,71,18.455247201145774
Gold,Au,72,18.604953652000592
Gold,Au,73,18.749910049981882
Gold,Au,74,18.890295747169347
Gold,Au,75,19.026283039757583
Gold,Au,76,19.158037381595335
Gold,Au,77,19.285717604118506
Gold,Au,78,19.409476140018793
Gold,Au,79,19.529459248444187
Gold,Au,80,19.645807239915065
Gold,Au,81,19.758654699470089
Gold,Au,82,19.868130706837491
Gold,Au,83,19.974359052666273
Gold,Au,84,20.077458450054202
Gold,Au,85,20.177542740780979
Gold,Au,86,20.274721095799045
Gold,Au,87,20.369098209656208
Gold,Au,88,20.460774488625844
Gold,Au,89,20.549846232405116
Gold,Au,90,20.636405809312468
Gold,Au,91,20.720541824973377
Gold,Au,92,20.802339284531335
Gold,Au,93,20.881879748459571
Gold,Au,94,20.959241482080287
Gold,Au,95,21.034499598922974
Gold,Au,96,21.107726198072452
Gold,Au,97,21.178990495672338
Gold,Au,98,21.248358950760192
Gold,Au,99,21.315895385618408
Gold,Au,100,21.381661100829799
Gold,Au,101,21.445714985229419
Gold,Au,102,21.508113620945135
Gold,Au,103,21.568911383718586
Gold,Au,104,21.628160538696285
Gold,Au,105,21.685911331877872
Gold,Au,106,21.74221207740419
Gold,Au,107,21.797109240864298
Gold,Au,108,21.850647518794833
Gold,Au,109,21.902869914540645
Gold,Au,110,21.953817810639549
Gold,Au,111,22.003531037888848
Gold,Au,112,22.052047941245224
Gold,Au,113,22.099405442704029
Gold,Au,114,22.145639101298109
Gold,Au,115,22.190783170350578
Gold,Au,116,22.234870652110466
Gold,Au,117,22.277933349894401
Gold,Au,118,22.320001917852338
Gold,Au,119,22.36110590846987
Gold,Au,120,22.40127381791477
Gold,Au,121,22.44053312933033
Gold,Au,122,22.478910354173333
Gold,Au,123,22.516431071689993
Gold,Au,124,22.553119966618652
Gold,Au,125,22.589000865204003
Gold,Au,126,22.624096769603241
Gold,Au,127,22.658429890760974
Gold,Au,128,22.692021679825817
Gold,Au,129,22.724892858178087
Gold,Au,130,22.757063446134641
Gold,Au,131,22.788552790393709
Gold,Au,132,22.819379590279343
Gold,Au,133,22.849561922842351
Gold,Au,134,22.879117266871653
Gold,Au,135,22.908062525867393
Gold,Au,136,22.936414050024613
Gold,Au,137,22.964187657273847
Gold,Au,138,22.99139865342271
Gold,Au,139,23.018061851440454
Gold,Au,140,23.044191589925315
Gold,Au,141,23.069801750792443
Gold,Au,142,23.094905776218596
Gold,Au,143,23.119516684877748
Gold,Au,144,23.143647087500117
Gold,Au,145,23.167309201785734
Gold,Au,146,23.190514866701843
Gold,Au,147,23.213275556192254
Gold,Au,148,23.235602392325241
Gold,Au,149,23.257506157905322
Gold,Au,150,23.278997308573096
Gold,Au,151,23.300085984416011
Gold,Au,152,23.320782021111935
Gold,Au,153,23.34109496062635
Gold,Au,154,23.361034061482897
Gold,Au,155,23.380608308626105
Gold,Au,156,23.399826422894346
Gold,Au,157,23.41869687011997
Gold,Au,158,23.437227869872917
Gold,Au,159,23.455427403863396
Gold,Au,160,23.473303224018277
Gold,Au,161,23.490862860245372
Gold,Au,162,23.508113627898933
Gold,Au,163,23.525062634959177
Gold,Au,164,23.541716788938057
Gold,Au,165,23.558082803522868
Gold,Au,166,23.574167204968795
Gold,Au,167,23.58997633825096
Gold,Au,168,23.60551637298596
Gold,Au,169,23.620793309132786
Gold,Au,170,23.63581298248198
Gold,Au,171,23.65058106994201
Gold,Au,172,23.665103094631167
Gold,Au,173,23.679384430782974
Gold,Au,174,23.693430308472713
Gold,Au,175,23.707245818172414
Gold,Au,176,23.72083591514124
Gold,Au,177,23.734205423657865
Gold,Au,178,23.74735904110134
Gold,Au,179,23.760301341886304
Gold,Au,180,23.773036781258703
Gold,Au,181,23.785569698957044
Gold,Au,182,23.797904322745104
Gold,Au,183,23.810044771820646
Gold,Au,184,23.821995060105369
Gold,Au,185,23.83375909942048
Gold,Au,186,23.845340702552576
Gold,Au,187,23.856743586213835
Gold,Au,188,23.867971373900858
Gold,Au,189,23.879027598655867
Gold,Au,190,23.889915705734083
Gold,Au,191,23.900639055180804
Gold,Au,192,23.911200924321779
Gold,Au,193,23.921604510169839
Gold,Au,194,23.931852931751376
Gold,Au,195,23.941949232355185
Gold,Au,196,23.951896381707048
Gold,Au,197,23.96169727807245
Gold,Au,198,23.971354750290324
Gold,Au,199,23.980871559740244
Gold,Au,200,23.990250402245582
Gold,Au,201,23.999493909914964
Gold,Au,202,24.008604652924184
Gold,Au,203,24.017585141240968
Gold,Au,204,24.02643782629433
Gold,Au,205,24.035165102590849
Gold,Au,206,24.043769309279501
Gold,Au,207,24.0522527316671
Gold,Au,208,24.060617602685852
Gold,Au,209,24.068866104315141
Gold,Au,210,24.07700036895859
Gold,Au,211,24.085022480778523
Gold,Au,212,24.092934476988933
Gold,Au,213,24.100738349108674
Gold,Au,214,24.108436044175974
Gold,Au,215,24.116029465925958
Gold,Au,216,24.123520475932111
Gold,Au,217,24.13091089471321
Gold,Au,218,24.138202502806688
Gold,Au,219,24.145397041809673
Gold,Au,220,24.152496215388886
Gold,Au,221,24.159501690260218
Gold,Au,222,24.166415097139293
Gold,Au,223,24.173238031663686
Gold,Au,224,24.179972055288097
Gold,Au,225,24.18661869615304
Gold,Au,226,24.193179449928103
Gold,Au,227,24.199655780630682
Gold,Au,228,24.206049121420801
Gold,Au,229,24.212360875373015
Gold,Au,230,24.218592416225896
Gold,Au,231,24.224745089110179
Gold,Au,232,24.230820211255899
Gold,Au,233,24.236819072679403
Gold,Au,234,24.24274293685091
Gold,Au,235,24.248593041343039
Gold,Au,236,24.254370598461232
Gold,Au,237,24.2600767958563
Gold,Au,238,24.26571279711991
Gold,Au,239,24.271279742363493
Gold,Au,240,24.276778748780973
Gold,Au,241,24.282210911196042
Gold,Au,242,24.28757730259429
Gold,Au,243,24.292878974640676
Gold,Au,244,24.298116958182931
Gold,Au,245,24.303292263741181
Gold,Au,246,24.30840588198425
Gold,Au,247,24.313458784193113
Gold,Au,248,24.318451922711866
Gold,Au,249,24.323386231386483
Gold,Au,250,24.328262625991993
Gold,Au,251,24.333082004648048
Gold,Au,252,24.337845248223648
Gold,Au,253,24.342553220731016
Gold,Au,254,24.347206769709153
Gold,Au,255,24.351806726597243
Gold,Au,256,24.356353907098349
Gold,Au,257,24.360849111533561
Gold,Au,258,24.365293125186895
Gold,Au,259,24.3696867186414
Gold,Au,260,24.374030648106405
Gold,Au,261,24.37832565573644
Gold,Au,262,24.382572469941987
Gold,Au,263,24.386771805692199
Gold,Au,264,24.390924364810022
Gold,Au,265,24.395030836259743
Gold,Au,266,24.399091896427276
Gold,Au,267,24.403108209393444
Gold,Au,268,24.407080427200288
Gold,Au,269,24.411009190110804
Gold,Au,270,24.414895126862145
Gold,Au,271,24.418738854912576
Gold,Au,272,24.422540980682232
Gold,Au,273,24.426302099787968
Gold,Au,274,24.430022797272489
Gold,Au,275,24.433703647827759
Gold,Au,276,24.437345216012982
Gold,Au,277,24.440948056467338
Gold,Au,278,24.444512714117419
Gold,Au,279,24.448039724379765
Gold,Au,280,24.451529613358435
Gold,Au,281,24.454982898037919
Gold,Au,282,24.458400086471272
Gold,Au,283,24.461781677963927
Gold,Au,284,24.465128163252995
Gold,Au,285,24.468440024682426
Gold,Au,286,24.4717177363739
Gold,Au,287,24.474961764393772
Gold,Au,288,24.478172566916104
Gold,Au,289,24.481350594381812
Gold,Au,290,24.484496289654153
Gold,Au,291,24.487610088170566
Gold,Au,292,24.490692418090973
Gold,Au,293,24.493743700442732
Gold,Au,294,24.496764349262083
Gold,Au,295,24.499754771732601
Gold,Au,296,24.502715368320139
Gold,Au,297,24.505646532905043
Gold,Au,298,24.508548652911063
Gold,Au,299,24.511422109431557
Gold,Au,300,24.514267277352658
Gold,Au,301,24.517084525473866
Gold,Au,302,24.519874216625677
Gold,Au,303,24.522636707784777
Gold,Au,304,24.525372350186633
Gold,Au,305,24.528081489435483
Gold,Au,306,24.530764465611973
Gold,Au,307,24.533421613378366
Gold,Au,308,24.53605326208142
Gold,Au,309,24.538659735853052
Gold,Au,310,24.54124135370877
Gold,Au,311,24.543798429643903
Gold,Au,312,24.546331272727837
Gold,Au,313,24.54884018719607
Gold,Au,314,24.551325472540427
Gold,Au,315,24.553787423597168
Gold,Au,316,24.556226330633283
Gold,Au,317,24.558642479430997
Gold,Au,318,24.561036151370267
Gold,Au,319,24.563407623509722
Gold,Au,320,24.565757168665808
Gold,Au,321,24.568085055490194
Gold,Au,322,24.570391548545579
Gold,Au,323,24.572676908379997
Gold,Au,324,24.574941391599371
Gold,Au,325,24.577185250938694
Gold,Au,326,24.579408735331626
Gold,Au,327,24.581612089978773
Gold,Au,328,24.583795556414401
Gold,Au,329,24.585959372571754
Gold,Au,330,24.588103772847202
Gold,Au,331,24.590228988162924
Gold,Au,332,24.592335246028313
Gold,Au,333,24.59442277060009
Gold,Au,334,24.596491782741381
Gold,Au,335,24.598542500079301
Gold,Au,336,24.600575137061561
Gold,Au,337,24.602589905011964
Gold,Au,338,24.604587012184599
Gold,Au,339,24.606566663817024
Gold,Au,340,24.608529062182516
Gold,Au,341,24.610474406641032
Gold,Au,342,24.612402893689353
Gold,Au,343,24.614314717010064
Gold,Au,344,24.616210067519759
Gold,Au,345,24.618089133416092
Gold,Au,346,24.619952100224008
Gold,Au,347,24.621799150841035
Gold,Au,348,24.62363046558167
Gold,Au,349,24.62544622222094
Gold,Au,350,24.627246596037089
Gold,Au,351,24.629031759853408
Gold,Au,352,24.630801884079254
Gold,Au,353,24.632557136750336
Gold,Au,354,24.634297683568132
Gold,Au,355,24.636023687938589
Gold,Au,356,24.637735311010147
Gold,Au,357,24.639432711710889
Gold,Au,358,24.641116046785072
Gold,Au,359,24.64278547082899
Gold,Au,360,24.644441136326051
Gold,Au,361,24.646083193681264
Gold,Au,362,24.647711791255094
Gold,Au,363,24.649327075396602
Gold,Au,364,24.650929190476003
Gold,Au,365,24.652518278916627
Gold,Au,366,24.654094481226206
Gold,Au,367,24.655657936027751
Gold,Au,368,24.657208780089572
Gold,Au,369,24.658747148355062
Gold,Au,370,24.660273173971682
Gold,Au,371,24.66178698831947
Gold,Au,372,24.663288721039155
Gold,Au,373,24.66477850005958
Gold,Au,374,24.66625645162468
Gold,Au,375,24.667722700320056
Gold,Au,376,24.669177369098886
Gold,Au,377,24.670620579307531
Gold,Au,378,24.672052450710609
Gold,Au,379,24.673473101515615
Gold,Au,380,24.674882648397041
Gold,Au,381,24.676281206520187
Gold,Au,382,24.677668889564462
Gold,Au,383,24.679045809746242
Gold,Au,384,24.680412077841375
Gold,Au,385,24.681767803207293
Gold,Au,386,24.683113093804675
Gold,Au,387,24.684448056218727
Gold,Au,388,24.685772795680194
Gold,Au,389,24.687087416085834
Gold,Au,390,24.688392020018654
Gold,Au,391,24.689686708767752
Gold,Au,392,24.690971582347782
Gold,Au,393,24.692246739518183
Gold,Au,394,24.693512277801887
Gold,Au,395,24.694768293503902
Gold,Au,396,24.696014881729418
Gold,Au,397,24.697252136401737
Gold,Au,398,24.698480150279746
Gold,Au,399,24.699699014975174
Gold,Au,400,24.70090882096957
Gold,Au,401,24.702109657630931
Gold,Au,402,24.703301613230121
Gold,Au,403,24.704484774956871
Gold,Au,404,24.705659228935716
Gold,Au,405,24.706825060241432
Gold,Au,406,24.707982352914389
Gold,Au,407,24.709131189975533
Gold,Au,408,24.710271653441264
Gold,Au,409,24.711403824337797
Gold,Au,410,24.712527782715533
Gold,Au,411,24.713643607663165
Gold,Au,412,24.714751377321353
Gold,Au,413,24.715851168896368
Gold,Au,414,24.716943058673468
Gold,Au,415,24.71802712202998
Gold,Au,416,24.719103433448183
Gold,Au,417,24.720172066528121
Gold,Au,418,24.721233094000006
Gold,Au,419,24.72228658773647
Gold,Au,420,24.723332618764747
Gold,Au,421,24.724371257278499
Gold,Au,422,24.725402572649443
Gold,Au,423,24.726426633439051
Gold,Au,424,24.727443507409603
Gold,Au,425,24.728453261535513
Gold,Au,426,24.729455962014196
Gold,Au,427,24.730451674276868
Gold,Au,428,24.731440462999089
Gold,Au,429,24.732422392111268
Gold,Au,430,24.733397524808904
Gold,Au,431,24.734365923562656
Gold,Au,432,24.735327650128269
Gold,Au,433,24.7362827655564
Gold,Au,434,24.737231330202217
Gold,Au,435,24.738173403734852
Gold,Au,436,24.739109045146776
Gold,Au,437,24.740038312762849
Gold,Au,438,24.740961264249524
Gold,Au,439,24.741877956623618
Gold,Au,440,24.742788446261027
Gold,Au,441,24.743692788905442
Gold,Au,442,24.744591039676784
Gold,Au,443,24.745483253079502
Gold,Au,444,24.746369483010842
Gold,Au,445,24.747249782768908
Gold,Au,446,24.748124205060616
Gold,Au,447,24.748992802009607
Gold,Au,448,24.749855625163821
Gold,Au,449,24.750712725503231
Gold,Au,450,24.751564153447269
Gold,Au,451,24.752409958862177
Gold,Au,452,24.753250191068307
Gold,Au,453,24.754084898847221
Gold,Au,454,24.754914130448764
Gold,Au,455,24.755737933597985
Gold,Au,456,24.756556355501949
Gold,Au,457,24.757369442856451
Gold,Au,458,24.758177241852625
Gold,Au,459,24.758979798183567
Gold,Au,460,24.759777157050596
Gold,Au,461,24.760569363169704
Gold,Au,462,24.761356460777733
Gold,Au,463,24.76213849363852
Gold,Au,464,24.762915505048998
Gold,Au,465,24.763687537844998
Gold,Au,466,24.764454634407326
Gold,Au,467,24.765216836667403
Gold,Au,468,24.765974186112992
Gold,Au,469,24.766726723793859
Gold,Au,470,24.76747449032721
Gold,Au,471,24.76821752590325
Gold,Au,472,24.768955870290437
Gold,Au,473,24.769689562840902
Gold,Au,474,24.7704186424955
Gold,Au,475,24.771143147789164
Gold,Au,476,24.771863116855709
Gold,Au,477,24.772578587433053
Gold,Au,478,24.773289596868025
Gold,Au,479,24.773996182121152
Gold,Au,480,24.7746983797716
Gold,Au,481,24.775396226021755
Gold,Au,482,24.776089756701857
Gold,Au,483,24.77677900727468
Gold,Au,484,24.77746401283995
Gold,Au,485,24.778144808138784
Gold,Au,486,24.778821427558157
Gold,Au,487,24.779493905135105
Gold,Au,488,24.7801622745611
Gold,Au,489,24.780826569186146
Gold,Au,490,24.781486822022991
Gold,Au,491,24.782143065751161
Gold,Au,492,24.782795332720983
Gold,Au,493,24.783443654957608
Gold,Au,494,24.784088064164841
Gold,Au,495,24.784728591729042
Gold,Au,496,24.785365268722931
Gold,Au,497,24.785998125909298
Gold,Au,498,24.786627193744785
Gold,Au,499,24.787252502383414
Gold,Au,500,24.78787408168029
Gold,Au,501,24.788491961195049
Gold,Au,502,24.789106170195456
Gold,Au,503,24.789716737660751
Gold,Au,504,24.790323692285153
Gold,Au,505,24.790927062481114
Gold,Au,506,24.791526876382708
Gold,Au,507,24.792123161848842
Gold,Au,508,24.792715946466508
Gold,Au,509,24.793305257553929
Gold,Au,510,24.793891122163718
Gold,Au,511,24.794473567085966
Gold,Au,512,24.795052618851258
Gold,Au,513,24.795628303733679
Gold,Au,514,24.796200647753867
Gold,Au,515,24.79676967668183
Gold,Au,516,24.797335416039871
Gold,Au,517,24.797897891105482
Gold,Au,518,24.798457126914059
Gold,Au,519,24.799013148261761
Gold,Au,520,24.799565979708209
Gold,Au,521,24.800115645579218
Gold,Au,522,24.80066216996935
Gold,Au,523,24.801205576744739
Gold,Au,524,24.801745889545476
Gold,Au,525,24.802283131788304
Gold,Au,526,24.802817326669086
Gold,Au,527,24.803348497165349
Gold,Au,528,24.803876666038644
Gold,Au,529,24.804401855837089
Gold,Au,530,24.804924088897703
Gold,Au,531,24.805443387348745
Gold,Au,532,24.805959773112143
Gold,Au,533,24.806473267905659
Gold,Au,534,24.80698389324532
Gold,Au,535,24.807491670447533
Gold,Au,536,24.807996620631343
Gold,Au,537,24.808498764720639
Gold,Au,538,24.808998123446312
Gold,Au,539,24.80949471734835
Gold,Au,540,24.809988566777974
Gold,Au,541,24.810479691899658
Gold,Au,542,24.810968112693285
Gold,Au,543,24.811453848956059
Gold,Au,544,24.811936920304603
Gold,Au,545,24.812417346176829
Gold,Au,546,24.812895145833927
Gold,Au,547,24.813370338362343
Gold,Au,548,24.813842942675592
Gold,Au,549,24.814312977516199
Gold,Au,550,24.814780461457456
Gold,Au,551,24.815245412905405
Gold,Au,552,24.815707850100456
Gold,Au,553,24.816167791119355
Gold,Au,554,24.816625253876762
Gold,Au,555,24.817080256127102
Gold,Au,556,24.817532815466311
Gold,Au,557,24.817982949333405
Gold,Au,558,24.818430675012248
Gold,Au,559,24.818876009633172
Gold,Au,560,24.819318970174631
Gold,Au,561,24.819759573464765
Gold,Au,562,24.82019783618308
Gold,Au,563,24.820633774861896
Gold,Au,564,24.821067405888005
Gold,Au,565,24.821498745504194
Gold,Au,566,24.821927809810653
Gold,Au,567,24.822354614766628
Gold,Au,568,24.822779176191791
Gold,Au,569,24.823201509767749
Gold,Au,570,24.823621631039419
Gold,Au,571,24.824039555416601
Gold,Au,572,24.824455298175192
Gold,Au,573,24.824868874458705
Gold,Au,574,24.825280299279619
Gold,Au,575,24.825689587520721
Gold,Au,576,24.826096753936469
Gold,Au,577,24.826501813154273
Gold,Au,578,24.826904779675832
Gold,Au,579,24.827305667878459
Gold,Au,580,24.827704492016309
Gold,Au,581,24.828101266221623
Gold,Au,582,24.828496004506079
Gold,Au,583,24.828888720761885
Gold,Au,584,24.829279428763112
Gold,Au,585,24.829668142166856
Gold,Au,586,24.830054874514396
Gold,Au,587,24.830439639232406
Gold,Au,588,24.830822449634102
Gold,Au,589,24.831203318920423
Gold,Au,590,24.831582260181101
Gold,Au,591,24.831959286395836
Gold,Au,592,24.832334410435383
Gold,Au,593,24.832707645062641
Gold,Au,594,24.833079002933729
Gold,Au,595,24.833448496599093
Gold,Au,596,24.833816138504538
Gold,Au,597,24.834181940992252
Gold,Au,598,24.834545916301835
Gold,Au,599,24.834908076571406
Gold,Au,600,24.835268433838511
Gold,Au,601,24.835627000041118
Gold,Au,602,24.835983787018726
Gold,Au,603,24.836338806513158
Gold,Au,604,24.836692070169708
Gold,Au,605,24.837043589537931
Gold,Au,606,24.837393376072686
Gold,Au,607,24.837741441135055
Gold,Au,608,24.8380877959932
Gold,Au,609,24.838432451823351
Gold,Au,610,24.838775419710643
Gold,Au,611,24.83911671065006
Gold,Au,612,24.839456335547236
Gold,Au,613,24.839794305219424
Gold,Au,614,24.840130630396253
Gold,Au,615,24.840465321720671
Gold,Au,616,24.840798389749708
Gold,Au,617,24.841129844955329
Gold,Au,618,24.841459697725277
Gold,Au,619,24.841787958363881
Gold,Au,620,24.842114637092784
Gold,Au,621,24.842439744051873
Gold,Au,622,24.84276328929997
Gold,Au,623,24.843085282815561
Gold,Au,624,24.843405734497686
Gold,Au,625,24.843724654166667
Gold,Au,626,24.844042051564735
Gold,Au,627,24.84435793635696
Gold,Au,628,24.844672318131821
Gold,Au,629,24.844985206402043
Gold,Au,630,24.845296610605246
Gold,Au,631,24.845606540104718
Gold,Au,632,24.845915004190005
Gold,Au,633,24.846222012077749
Gold,Au,634,24.846527572912287
Gold,Au,635,24.846831695766298
Gold,Au,636,24.847134389641614
Gold,Au,637,24.847435663469703
Gold,Au,638,24.847735526112469
Gold,Au,639,24.848033986362847
Gold,Au,640,24.848331052945397
Gold,Au,641,24.848626734517062
Gold,Au,642,24.848921039667655
Gold,Au,643,24.849213976920598
Gold,Au,644,24.849505554733494
Gold,Au,645,24.849795781498671
Gold,Au,646,24.850084665543889
Gold,Au,647,24.850372215132921
Gold,Au,648,24.850658438466041
Gold,Au,649,24.850943343680726
Gold,Au,650,24.851226938852179
Gold,Au,651,24.851509231993873
Gold,Au,652,24.851790231058185
Gold,Au,653,24.8520699439369
Gold,Au,654,24.852348378461791
Gold,Au,655,24.852625542405118
Gold,Au,656,24.852901443480253
Gold,Au,657,24.85317608934217
Gold,Au,658,24.853449487587906
Gold,Au,659,24.853721645757211
Gold,Au,660,24.853992571333002
Gold,Au,661,24.854262271741863
Gold,Au,662,24.854530754354542
Gold,Au,663,24.854798026486552
Gold,Au,664,24.855064095398529
Gold,Au,665,24.855328968296824
Gold,Au,666,24.855592652333954
Gold,Au,667,24.855855154609092
Gold,Au,668,24.856116482168513
Gold,Au,669,24.856376642006108
Gold,Au,670,24.856635641063832
Gold,Au,671,24.856893486232174
Gold,Au,672,24.857150184350569
Gold,Au,673,24.857405742207941
Gold,Au,674,24.857660166543081
Gold,Au,675,24.857913464045041
Gold,Au,676,24.858165641353743
Gold,Au,677,24.858416705060257
Gold,Au,678,24.85866666170725
Gold,Au,679,24.858915517789526
Gold,Au,680,24.859163279754267
Gold,Au,681,24.859409954001613
Gold,Au,682,24.859655546884973
Gold,Au,683,24.859900064711486
Gold,Au,684,24.860143513742383
Gold,Au,685,24.860385900193439
Gold,Au,686,24.860627230235316
Gold,Au,687,24.860867509993987
Gold,Au,688,24.861106745551105
Gold,Au,689,24.861344942944417
Gold,Au,690,24.861582108168101
Gold,Au,691,24.861818247173165
Gold,Au,692,24.862053365867826
Gold,Au,693,24.862287470117895
Gold,Au,694,24.862520565747079
Gold,Au,695,24.862752658537385
Gold,Au,696,24.862983754229482
Gold,Au,697,24.863213858523075
Gold,Au,698,24.863442977077167
Gold,Au,699,24.86367111551052
Gold,Au,700,24.863898279401948
Gold,Au,701,24.864124474290591
Gold,Au,702,24.864349705676403
Gold,Au,703,24.8645739790203
Gold,Au,704,24.864797299744659
Gold,Au,705,24.865019673233554
Gold,Au,706,24.865241104833107
Gold,Au,707,24.865461599851788
Gold,Au,708,24.865681163560723
Gold,Au,709,24.865899801194107
Gold,Au,710,24.866117517949327
Gold,Au,711,24.866334318987494
Gold,Au,712,24.866550209433548
Gold,Au,713,24.866765194376683
Gold,Au,714,24.866979278870641
Gold,Au,715,24.867192467933936
Gold,Au,716,24.867404766550173
Gold,Au,717,24.867616179668421
Gold,Au,718,24.867826712203389
Gold,Au,719,24.868036369035757
Gold,Au,720,24.868245155012492
Gold,Au,721,24.868453074947013
Gold,Au,722,24.868660133619645
Gold,Au,723,24.868866335777764
Gold,Au,724,24.869071686136049
Gold,Au,725,24.869276189376883
Gold,Au,726,24.869479850150473
Gold,Au,727,24.869682673075221
Gold,Au,728,24.869884662737938
Gold,Au,729,24.870085823694069
Gold,Au,730,24.870286160468044
Gold,Au,731,24.87048567755345
Gold,Au,732,24.87068437941333
Gold,Au,733,24.870882270480351
Gold,Au,734,24.871079355157182
Gold,Au,735,24.871275637816627
Gold,Au,736,24.871471122801893
Gold,Au,737,24.871665814426908
Gold,Au,738,24.871859716976413
Gold,Au,739,24.872052834706366
Gold,Au,740,24.872245171843957
Gold,Au,741,24.872436732588156
Gold,Au,742,24.872627521109564
Gold,Au,743,24.872817541550965
Gold,Au,744,24.873006798027333
Gold,Au,745,24.873195294626182
Gold,Au,746,24.873383035407745
Gold,Au,747,24.87357002440514
Gold,Au,748,24.873756265624699
Gold,Au,749,24.873941763046037
Gold,Au,750,24.874126520622447
Gold,Au,751,24.874310542280909
Gold,Au,752,24.874493831922464
Gold,Au,753,24.874676393422291
Gold,Au,754,24.874858230630061
Gold,Au,755,24.875039347369984
Gold,Au,756,24.875219747441076
Gold,Au,757,24.875399434617389
Gold,Au,758,24.875578412648171
Gold,Au,759,24.875756685258079
Gold,Au,760,24.87593425614731
Gold,Au,761,24.876111128991919
Gold,Au,762,24.876287307443864
Gold,Au,763,24.876462795131335
Gold,Au,764,24.876637595658803
Gold,Au,765,24.876811712607307
Gold,Au,766,24.876985149534597
Gold,Au,767,24.877157909975317
Gold,Au,768,24.877329997441205
Gold,Au,769,24.877501415421197
Gold,Au,770,24.877672167381732
Gold,Au,771,24.877842256766801
Gold,Au,772,24.878011686998214
Gold,Au,773,24.878180461475711
Gold,Au,774,24.878348583577125
Gold,Au,775,24.878516056658647
Gold,Au,776,24.878682884054864
Gold,Au,777,24.878849069079028
Gold,Au,778,24.879014615023127
Gold,Au,779,24.87917952515815
Gold,Au,780,24.879343802734176
Gold,Au,781,24.879507450980544
Gold,Au,782,24.879670473106042
Gold,Au,783,24.879832872299019
Gold,Au,784,24.879994651727586
Gold,Au,785,24.880155814539744
Gold,Au,786,24.880316363863553
Gold,Au,787,24.880476302807235
Gold,Au,788,24.880635634459409
Gold,Au,789,24.880794361889148
Gold,Au,790,24.880952488146228
Gold,Au,791,24.881110016261172
Gold,Au,792,24.881266949245436
Gold,Au,793,24.88142329009159
Gold,Au,794,24.881579041773382
Gold,Au,795,24.881734207245994
Gold,Au,796,24.881888789446052
Gold,Au,797,24.882042791291848
Gold,Au,798,24.88219621568345
Gold,Au,799,24.882349065502829
Gold,Au,800,24.882501343614038
Copper,Cu,0,0
Copper,Cu,1,1.103748857637982e-114
Copper,Cu,2,3.6317210026903962e-55
Copper,Cu,3,1.7688758803382697e-35
Copper,Cu,4,1.041606274114601e-25
Copper,Cu,5,6.8519436291393528e-20
Copper,Cu,6,4.8462383432538891e-16
Copper,Cu,7,2.5961818206331354e-13
Copper,Cu,8,2.789132500445732e-11
Copper,Cu,9,1.030729528974258e-09
Copper,Cu,10,1.8097318528274437e-08
Copper,Cu,11,1.8531350995970157e-07
Copper,Cu,12,1.2683189416790212e-06
Copper,Cu,13,6.3747704525264194e-06
Copper,Cu,14,2.5162098524894624e-05
Copper,Cu,15,8.1919105374680267e-05
Copper,Cu,16,0.00022820331913203358
Copper,Cu,17,0.00055939401936500727
Copper,Cu,18,0.0012331257740518812
Copper,Cu,19,0.00248668214772578
Copper,Cu,20,0.0046503464003615205
Copper,Cu,21,0.008154360101464345
Copper,Cu,22,0.013528236109839333
Copper,Cu,23,0.021392361598099274
Copper,Cu,24,0.032442837148884927
Copper,Cu,25,0.047431181653733931
Copper,Cu,26,0.067140857798464487
Copper,Cu,27,0.092362586250823595
Copper,Cu,28,0.12387020372378985
Copper,Cu,29,0.16239847337201768
Copper,Cu,30,0.208623855935927
Copper,Cu,31,0.26314885668349786
Copper,Cu,32,0.32649021502189307
Copper,Cu,33,0.39907092065019195
Copper,Cu,34,0.4812158283389027
Copper,Cu,35,0.57315049956951158
Copper,Cu,36,0.6750028146794097
Copper,Cu,37,0.78680686274835165
Copper,Cu,38,0.90850861675728267
Copper,Cu,39,1.0399729279255217
Copper,Cu,40,1.1809914164639659
Copper,Cu,41,1.3312908888829602
Copper,Cu,42,1.4905419687915609
Copper,Cu,43,1.6583676846933735
Copper,Cu,44,1.8343518118051034
Copper,Cu,45,2.0180468136328025
Copper,Cu,46,2.2089812719855368
Copper,Cu,47,2.4066667309335532
Copper,Cu,48,2.6106039109957098
Copper,Cu,49,2.8202882749154194
Copper,Cu,50,3.0352149462698597
Copper,Cu,51,3.2548829974547395
Copper,Cu,52,3.4787991349249583
Copper,Cu,53,3.7064808175660269
Copper,Cu,54,3.9374588493001434
Copper,Cu,55,4.171279490018641
Copper,Cu,56,4.4075061301433962
Copper,Cu,57,4.6457205739551517
Copper,Cu,58,4.8855239756277919
Copper,Cu,59,5.1265374699588415
Copper,Cu,60,5.3684025373216091
Copper,Cu,61,5.6107811395715954
Copper,Cu,62,5.8533556606684618
Copper,Cu,63,6.0958286827407102
Copper,Cu,64,6.3379226253115197
Copper,Cu,65,6.5793792724854168
Copper,Cu,66,6.8199592101126996
Copper,Cu,67,7.0594411923329377
Copper,Cu,68,7.2976214544687075
Copper,Cu,69,7.5343129870059951
Copper,Cu,70,7.769344783360582
Copper,Cu,71,8.0025610722873726
Copper,Cu,72,8.2338205441351349
Copper,Cu,73,8.462995578673393
Copper,Cu,74,8.6899714809097048
Copper,Cu,75,8.9146457301624018
Copper,Cu,76,9.1369272466434985
Copper,Cu,77,9.3567356789258671
Copper,Cu,78,9.5740007149062993
Copper,Cu,79,9.788661418218938
Copper,Cu,80,10.000665591491698
Copper,Cu,81,10.209969167359928
Copper,Cu,82,10.416535627748409
Copper,Cu,83,10.620335451594512
Copper,Cu,84,10.821345590905286
Copper,Cu,85,11.019548974810775
Copper,Cu,86,11.214934041089352
Copper,Cu,87,11.407494294492032
Copper,Cu,88,11.597227891076042
Copper,Cu,89,11.784137247669506
Copper,Cu,90,11.968228675523919
Copper,Cu,91,12.149512037166183
Copper,Cu,92,12.328000425433988
Copper,Cu,93,12.503709863664213
Copper,Cu,94,12.67665902600192
Copper,Cu,95,12.846868976804757
Copper,Cu,96,13.014362928132831
Copper,Cu,97,13.179166014335376
Copper,Cu,98,13.341305082772156
Copper,Cu,99,13.500808499737271
Copper,Cu,100,13.657705970686459
Copper,Cu,101,13.812028373903471
Copper,Cu,102,13.963807606777818
Copper,Cu,103,14.113076443902894
Copper,Cu,104,14.259868406241075
Copper,Cu,105,14.404217640639439
Copper,Cu,106,14.546158809016656
Copper,Cu,107,14.685726986577739
Copper,Cu,108,14.822957568448482
Copper,Cu,109,14.957886184155798
Copper,Cu,110,15.090548619413143
Copper,Cu,111,15.220980744702034
Copper,Cu,112,15.349218450171273
Copper,Cu,113,15.475297586404681
Copper,Cu,114,15.599253910635987
Copper,Cu,115,15.72112303801608
Copper,Cu,116,15.840940397562969
Copper,Cu,117,15.958741192448704
Copper,Cu,118,16.074560364300108
Copper,Cu,119,16.188432561211371
Copper,Cu,120,16.300392109186944
Copper,Cu,121,16.41047298675181
Copper,Cu,122,16.518708802484298
Copper,Cu,123,16.625132775243216
Copper,Cu,124,16.729777716876875
Copper,Cu,125,16.832676017216379
Copper,Cu,126,16.933859631169305
Copper,Cu,127,17.033360067742873
Copper,Cu,128,17.131208380837919
Copper,Cu,129,17.227435161666211
Copper,Cu,130,17.322070532654283
Copper,Cu,131,17.415144142706868
Copper,Cu,132,17.506685163712287
Copper,Cu,133,17.596722288180604
Copper,Cu,134,17.685283727913667
Copper,Cu,135,17.772397213613335
Copper,Cu,136,17.858089995341395
Copper,Cu,137,17.942388843751093
Copper,Cu,138,18.02532005201623
Copper,Cu,139,18.106909438389362
Copper,Cu,140,18.187182349326022
Copper,Cu,141,18.266163663116629
Copper,Cu,142,18.343877793972201
Copper,Cu,143,18.420348696514427
Copper,Cu,144,18.495599870624343
Copper,Cu,145,18.569654366607445
Copper,Cu,146,18.642534790636795
Copper,Cu,147,18.714263310438241
Copper,Cu,148,18.784861661185285
Copper,Cu,149,18.854351151573503
Copper,Cu,150,18.922752670046989
Copper,Cu,151,18.990086691151635
Copper,Cu,152,19.056373281992222
Copper,Cu,153,19.121632108772118
Copper,Cu,154,19.185882443396405
Copper,Cu,155,19.249143170120835
Copper,Cu,156,19.311432792230612
Copper,Cu,157,19.372769438734434
Copper,Cu,158,19.433170871060629
Copper,Cu,159,19.49265448974333
Copper,Cu,160,19.551237341087958
Copper,Cu,161,19.608936123806131
Copper,Cu,162,19.665767195611295
Copper,Cu,163,19.721746579767153
Copper,Cu,164,19.776889971581724
Copper,Cu,165,19.831212744840929
Copper,Cu,166,19.884729958175804
Copper,Cu,167,19.93745636135877
Copper,Cu,168,19.989406401524185
Copper,Cu,169,20.040594229309676
Copper,Cu,170,20.0910337049148
Copper,Cu,171,20.140738404074185
Copper,Cu,172,20.189721623942798
Copper,Cu,173,20.23799638889119
Copper,Cu,174,20.285575456209159
Copper,Cu,175,20.332471321716362
Copper,Cu,176,20.378696225278869
Copper,Cu,177,20.424262156230867
Copper,Cu,178,20.469180858700952
Copper,Cu,179,20.513463836842668
Copper,Cu,180,20.557122359969238
Copper,Cu,181,20.600167467592453
Copper,Cu,182,20.642609974366042
Copper,Cu,183,20.684460474933886
Copper,Cu,184,20.725729348683494
Copper,Cu,185,20.766426764405605
Copper,Cu,186,20.806562684860388
Copper,Cu,187,20.846146871251314
Copper,Cu,188,20.885188887607491
Copper,Cu,189,20.923698105075577
Copper,Cu,190,20.961683706122283
Copper,Cu,191,20.999154688648602
Copper,Cu,192,21.036119870017
Copper,Cu,193,21.072587890992754
Copper,Cu,194,21.108567219600772
Copper,Cu,195,21.144066154899136
Copper,Cu,196,21.179092830670701
Copper,Cu,197,21.213655219034198
Copper,Cu,198,21.247761133976066
Copper,Cu,199,21.281418234804526
Copper,Cu,200,21.314634029527216
Copper,Cu,201,21.347415878153786
Copper,Cu,202,21.379770995924925
Copper,Cu,203,21.41170645646913
Copper,Cu,204,21.443229194888666
Copper,Cu,205,21.474346010776109
Copper,Cu,206,21.505063571162843
Copper,Cu,207,21.535388413400891
Copper,Cu,208,21.5653269479795
Copper,Cu,209,21.594885461277684
Copper,Cu,210,21.624070118254291
Copper,Cu,211,21.652886965076704
Copper,Cu,212,21.681341931689619
Copper,Cu,213,21.709440834325168
Copper,Cu,214,21.73718937795563
Copper,Cu,215,21.764593158689987
Copper,Cu,216,21.791657666115654
Copper,Cu,217,21.818388285586469
Copper,Cu,218,21.844790300458239
Copper,Cu,219,21.87086889427297
Copper,Cu,220,21.896629152892999
Copper,Cu,221,21.922076066586126
Copper,Cu,222,21.947214532062826
Copper,Cu,223,21.972049354466748
Copper,Cu,224,21.996585249319427
Copper,Cu,225,22.020826844420487
Copper,Cu,226,22.044778681704059
Copper,Cu,227,22.068445219052776
Copper,Cu,228,22.091830832070041
Copper,Cu,229,22.114939815811752
Copper,Cu,230,22.137776386478262
Copper,Cu,231,22.160344683067713
Copper,Cu,232,22.182648768991449
Copper,Cu,233,22.204692633652513
Copper,Cu,234,22.226480193988134
Copper,Cu,235,22.248015295976941
Copper,Cu,236,22.269301716111841
Copper,Cu,237,22.290343162839299
Copper,Cu,238,22.311143277965968
Copper,Cu,239,22.331705638033203
Copper,Cu,240,22.352033755660436
Copper,Cu,241,22.372131080858114
Copper,Cu,242,22.392001002310781
Copper,Cu,243,22.411646848631268
Copper,Cu,244,22.431071889586395
Copper,Cu,245,22.450279337295182
Copper,Cu,246,22.469272347399876
Copper,Cu,247,22.488054020210757
Copper,Cu,248,22.506627401825188
Copper,Cu,249,22.524995485221517
Copper,Cu,250,22.543161211328499
Copper,Cu,251,22.561127470070829
Copper,Cu,252,22.578897101391231
Copper,Cu,253,22.596472896249857
Copper,Cu,254,22.613857597601381
Copper,Cu,255,22.631053901350381
Copper,Cu,256,22.648064457285535
Copper,Cu,257,22.664891869993106
Copper,Cu,258,22.681538699750256
Copper,Cu,259,22.698007463398614
Copper,Cu,260,22.714300635198612
Copper,Cu,261,22.730420647665007
Copper,Cu,262,22.746369892384088
Copper,Cu,263,22.762150720812961
Copper,Cu,264,22.777765445061341
Copper,Cu,265,22.793216338656283
Copper,Cu,266,22.808505637290235
Copper,Cu,267,22.823635539552878
Copper,Cu,268,22.838608207646963
Copper,Cu,269,22.853425768088766
Copper,Cu,270,22.868090312393278
Copper,Cu,271,22.882603897744719
Copper,Cu,272,22.896968547652524
Copper,Cu,273,22.911186252593243
Copper,Cu,274,22.925258970638716
Copper,Cu,275,22.939188628070752
Copper,Cu,276,22.952977119982663
Copper,Cu,277,22.966626310868037
Copper,Cu,278,22.980138035196887
Copper,Cu,279,22.993514097979656
Copper,Cu,280,23.006756275319226
Copper,Cu,281,23.019866314951237
Copper,Cu,282,23.032845936773018
Copper,Cu,283,23.045696833361422
Copper,Cu,284,23.058420670479663
Copper,Cu,285,23.071019087573681
Copper,Cu,286,23.083493698258007
Copper,Cu,287,23.095846090791468
Copper,Cu,288,23.108077828543092
Copper,Cu,289,23.120190450448199
Copper,Cu,290,23.132185471455145
Copper,Cu,291,23.144064382962668
Copper,Cu,292,23.155828653248388
Copper,Cu,293,23.167479727888317
Copper,Cu,294,23.179019030167808
Copper,Cu,295,23.190447961484047
Copper,Cu,296,23.201767901740332
Copper,Cu,297,23.212980209732255
Copper,Cu,298,23.224086223526065
Copper,Cu,299,23.235087260829243
Copper,Cu,300,23.245984619353653
Copper,Cu,301,23.256779577171272
Copper,Cu,302,23.267473393062772
Copper,Cu,303,23.278067306859008
Copper,Cu,304,23.288562539775707
Copper,Cu,305,23.298960294741438
Copper,Cu,306,23.309261756718886
Copper,Cu,307,23.319468093019907
Copper,Cu,308,23.32958045361412
Copper,Cu,309,23.339599971431458
Copper,Cu,310,23.349527762658674
Copper,Cu,311,23.359364927029969
Copper,Cu,312,23.369112548111939
Copper,Cu,313,23.378771693582774
Copper,Cu,314,23.388343415506107
Copper,Cu,315,23.39782875059938
Copper,Cu,316,23.407228720497006
Copper,Cu,317,23.416544332008371
Copper,Cu,318,23.425776577370797
Copper,Cu,319,23.434926434497605
Copper,Cu,320,23.443994867221331
Copper,Cu,321,23.452982825532256
Copper,Cu,322,23.461891245812328
Copper,Cu,323,23.470721051064533
Copper,Cu,324,23.479473151137913
Copper,Cu,325,23.488148442948184
Copper,Cu,326,23.496747810694234
Copper,Cu,327,23.505272126070384
Copper,Cu,328,23.513722248474664
Copper,Cu,329,23.52209902521308
Copper,Cu,330,23.530403291700043
Copper,Cu,331,23.538635871654993
Copper,Cu,332,23.546797577295269
Copper,Cu,333,23.554889209525427
Copper,Cu,334,23.562911558122853
Copper,Cu,335,23.570865401920081
Copper,Cu,336,23.578751508983515
Copper,Cu,337,23.586570636788959
Copper,Cu,338,23.594323532393744
Copper,Cu,339,23.60201093260574
Copper,Cu,340,23.609633564149224
Copper,Cu,341,23.617192143827634
Copper,Cu,342,23.624687378683319
Copper,Cu,343,23.632119966154441
Copper,Cu,344,23.639490594228803
Copper,Cu,345,23.646799941595077
Copper,Cu,346,23.654048677791035
Copper,Cu,347,23.661237463349256
Copper,Cu,348,23.668366949940111
Copper,Cu,349,23.675437780512077
Copper,Cu,350,23.682450589429649
Copper,Cu,351,23.689406002608571
Copper,Cu,352,23.696304637648812
Copper,Cu,353,23.703147103965016
Copper,Cu,354,23.709934002914657
Copper,Cu,355,23.716665927923849
Copper,Cu,356,23.723343464610998
Copper,Cu,357,23.729967190908113
Copper,Cu,358,23.736537677180028
Copper,Cu,359,23.743055486341579
Copper,Cu,360,23.749521173972472
Copper,Cu,361,23.755935288430404
Copper,Cu,362,23.762298370961958
Copper,Cu,363,23.768610955811621
Copper,Cu,364,23.774873570328953
Copper,Cu,365,23.781086735073721
Copper,Cu,366,23.787250963919369
Copper,Cu,367,23.793366764154499
Copper,Cu,368,23.799434636582738
Copper,Cu,369,23.805455075620767
Copper,Cu,370,23.8114285693947
Copper,Cu,371,23.817355599834737
Copper,Cu,372,23.823236642768258
Copper,Cu,373,23.82907216801123
Copper,Cu,374,23.834862639458116
Copper,Cu,375,23.840608515170157
Copper,Cu,376,23.84631024746222
Copper,Cu,377,23.851968282988111
Copper,Cu,378,23.857583062824464
Copper,Cu,379,23.863155022553137
Copper,Cu,380,23.868684592342284
Copper,Cu,381,23.874172197026059
Copper,Cu,382,23.879618256182859
Copper,Cu,383,23.885023184212343
Copper,Cu,384,23.89038739041122
Copper,Cu,385,23.895711279047489
Copper,Cu,386,23.900995249433805
Copper,Cu,387,23.906239695999329
Copper,Cu,388,23.911445008360499
Copper,Cu,389,23.916611571390597
Copper,Cu,390,23.921739765288162
Copper,Cu,391,23.926829965644295
Copper,Cu,392,23.931882543508774
Copper,Cu,393,23.936897865455141
Copper,Cu,394,23.941876293644743
Copper,Cu,395,23.946818185889612
Copper,Cu,396,23.951723895714373
Copper,Cu,397,23.956593772417229
Copper,Cu,398,23.961428161129735
Copper,Cu,399,23.966227402875816
Copper,Cu,400,23.970991834629661
Copper,Cu,401,23.975721789372805
Copper,Cu,402,23.980417596150154
Copper,Cu,403,23.985079580125252
Copper,Cu,404,23.989708062634495
Copper,Cu,405,23.994303361240611
Copper,Cu,406,23.998865789785192
Copper,Cu,407,24.003395658440418
Copper,Cu,408,24.007893273759954
Copper,Cu,409,24.012358938729029
Copper,Cu,410,24.016792952813688
Copper,Cu,411,24.021195612009315
Copper,Cu,412,24.025567208888333
Copper,Cu,413,24.029908032647196
Copper,Cu,414,24.03421836915258
Copper,Cu,415,24.038498500986908
Copper,Cu,416,24.042748707493107
Copper,Cu,417,24.046969264818706
Copper,Cu,418,24.051160445959169
Copper,Cu,419,24.055322520800658
Copper,Cu,420,24.059455756162045
Copper,Cu,421,24.063560415836246
Copper,Cu,422,24.067636760631057
Copper,Cu,423,24.071685048409151
Copper,Cu,424,24.075705534127646
Copper,Cu,425,24.079698469876917
Copper,Cu,426,24.083664104918917
Copper,Cu,427,24.087602685724796
Copper,Cu,428,24.091514456012078
Copper,Cu,429,24.095399656781154
Copper,Cu,430,24.099258526351257
Copper,Cu,431,24.103091300395867
Copper,Cu,432,24.106898211977683
Copper,Cu,433,24.110679491582854
Copper,Cu,434,24.114435367154901
Copper,Cu,435,24.118166064128008
Copper,Cu,436,24.121871805459843
Copper,Cu,437,24.125552811663859
Copper,Cu,438,24.129209300841161
Copper,Cu,439,24.132841488711804
Copper,Cu,440,24.136449588645782
Copper,Cu,441,24.140033811693318
Copper,Cu,442,24.14359436661492
Copper,Cu,443,24.147131459910881
Copper,Cu,444,24.150645295850342
Copper,Cu,445,24.154136076499977
Copper,Cu,446,24.157604001752158
Copper,Cu,447,24.161049269352837
Copper,Cu,448,24.16447207492887
Copper,Cu,449,24.167872612015046
Copper,Cu,450,24.171251072080672
Copper,Cu,451,24.174607644555785
Copper,Cu,452,24.177942516856959
Copper,Cu,453,24.181255874412759
Copper,Cu,454,24.184547900688798
Copper,Cu,455,24.187818777212463
Copper,Cu,456,24.191068683597234
Copper,Cu,457,24.194297797566694
Copper,Cu,458,24.197506294978187
Copper,Cu,459,24.200694349846078
Copper,Cu,460,24.203862134364758
Copper,Cu,461,24.207009818931283
Copper,Cu,462,24.21013757216766
Copper,Cu,463,24.213245560942855
Copper,Cu,464,24.216333950394457
Copper,Cu,465,24.219402903950051
Copper,Cu,466,24.222452583348289
Copper,Cu,467,24.225483148659631
Copper,Cu,468,24.228494758306816
Copper,Cu,469,24.231487569085068
Copper,Cu,470,24.234461736181945
Copper,Cu,471,24.237417413196965
Copper,Cu,472,24.240354752160947
Copper,Cu,473,24.243273903555053
Copper,Cu,474,24.246175016329627
Copper,Cu,475,24.249058237922657
Copper,Cu,476,24.251923714278078
Copper,Cu,477,24.2547715898638
Copper,Cu,478,24.257602007689481
Copper,Cu,479,24.260415109323972
Copper,Cu,480,24.263211034912686
Copper,Cu,481,24.265989923194571
Copper,Cu,482,24.268751911518894
Copper,Cu,483,24.271497135861882
Copper,Cu,484,24.274225730842993
Copper,Cu,485,24.276937829741044
Copper,Cu,486,24.2796335645101
Copper,Cu,487,24.282313065795179
Copper,Cu,488,24.284976462947665
Copper,Cu,489,24.287623884040581
Copper,Cu,490,24.290255455883617
Copper,Cu,491,24.292871304037988
Copper,Cu,492,24.295471552831046
Copper,Cu,493,24.298056325370709
Copper,Cu,494,24.300625743559713
Copper,Cu,495,24.303179928109678
Copper,Cu,496,24.305718998554934
Copper,Cu,497,24.308243073266187
Copper,Cu,498,24.310752269464022
Copper,Cu,499,24.313246703232256
Copper,Cu,500,24.315726489530974
Copper,Cu,501,24.318191742209528
Copper,Cu,502,24.320642574019345
Copper,Cu,503,24.32307909662649
Copper,Cu,504,24.325501420624132
Copper,Cu,505,24.327909655544801
Copper,Cu,506,24.330303909872544
Copper,Cu,507,24.332684291054839
Copper,Cu,508,24.335050905514397
Copper,Cu,509,24.33740385866081
Copper,Cu,510,24.339743254902075
Copper,Cu,511,24.342069197655846
Copper,Cu,512,24.344381789360686
Copper,Cu,513,24.346681131487134
Copper,Cu,514,24.348967324548518
Copper,Cu,515,24.351240468111765
Copper,Cu,516,24.353500660808034
Copper,Cu,517,24.355748000343148
Copper,Cu,518,24.357982583507969
Copper,Cu,519,24.360204506188577
Copper,Cu,520,24.362413863376386
Copper,Cu,521,24.36461074917807
Copper,Cu,522,24.366795256825355
Copper,Cu,523,24.368967478684766
Copper,Cu,524,24.37112750626714
Copper,Cu,525,24.373275430237129
Copper,Cu,526,24.375411340422449
Copper,Cu,527,24.377535325823185
Copper,Cu,528,24.379647474620775
Copper,Cu,529,24.381747874187045
Copper,Cu,530,24.383836611093074
Copper,Cu,531,24.385913771117892
Copper,Cu,532,24.387979439257165
Copper,Cu,533,24.390033699731688
Copper,Cu,534,24.392076635995831
Copper,Cu,535,24.394108330745823
Copper,Cu,536,24.396128865927984
Copper,Cu,537,24.398138322746842
Copper,Cu,538,24.400136781673073
Copper,Cu,539,24.402124322451495
Copper,Cu,540,24.404101024108808
Copper,Cu,541,24.406066964961322
Copper,Cu,542,24.408022222622602
Copper,Cu,543,24.409966874010895
Copper,Cu,544,24.411900995356671
Copper,Cu,545,24.413824662209869
Copper,Cu,546,24.415737949447184
Copper,Cu,547,24.417640931279198
Copper,Cu,548,24.419533681257477
Copper,Cu,549,24.421416272281469
Copper,Cu,550,24.423288776605489
Copper,Cu,551,24.425151265845511
Copper,Cu,552,24.427003810985823
Copper,Cu,553,24.428846482385776
Copper,Cu,554,24.430679349786224
Copper,Cu,555,24.432502482316107
Copper,Cu,556,24.434315948498828
Copper,Cu,557,24.436119816258518
Copper,Cu,558,24.437914152926385
Copper,Cu,559,24.439699025246831
Copper,Cu,560,24.441474499383506
Copper,Cu,561,24.443240640925445
Copper,Cu,562,24.444997514892922
Copper,Cu,563,24.446745185743389
Copper,Cu,564,24.448483717377247
Copper,Cu,565,24.450213173143606
Copper,Cu,566,24.451933615845977
Copper,Cu,567,24.453645107747857
Copper,Cu,568,24.455347710578238
Copper,Cu,569,24.45704148553715
Copper,Cu,570,24.458726493300993
Copper,Cu,571,24.460402794027953
Copper,Cu,572,24.462070447363192
Copper,Cu,573,24.463729512444171
Copper,Cu,574,24.465380047905736
Copper,Cu,575,24.467022111885196
Copper,Cu,576,24.468655762027442
Copper,Cu,577,24.470281055489842
Copper,Cu,578,24.471898048947224
Copper,Cu,579,24.473506798596677
Copper,Cu,580,24.475107360162387
Copper,Cu,581,24.476699788900376
Copper,Cu,582,24.478284139603232
Copper,Cu,583,24.479860466604652
Copper,Cu,584,24.481428823784153
Copper,Cu,585,24.482989264571486
Copper,Cu,586,24.484541841951209
Copper,Cu,587,24.486086608467023
Copper,Cu,588,24.487623616226248
Copper,Cu,589,24.489152916904061
Copper,Cu,590,24.490674561747809
Copper,Cu,591,24.492188601581262
Copper,Cu,592,24.493695086808724
Copper,Cu,593,24.495194067419224
Copper,Cu,594,24.49668559299058
Copper,Cu,595,24.498169712693432
Copper,Cu,596,24.499646475295222
Copper,Cu,597,24.501115929164165
Copper,Cu,598,24.502578122273107
Copper,Cu,599,24.504033102203469
Copper,Cu,600,24.505480916148933
Copper,Cu,601,24.506921610919321
Copper,Cu,602,24.508355232944282
Copper,Cu,603,24.509781828276946
Copper,Cu,604,24.51120144259761
Copper,Cu,605,24.51261412121735
Copper,Cu,606,24.514019909081536
Copper,Cu,607,24.515418850773369
Copper,Cu,608,24.516810990517417
Copper,Cu,609,24.518196372182963
Copper,Cu,610,24.519575039287535
Copper,Cu,611,24.52094703500012
Copper,Cu,612,24.522312402144649
Copper,Cu,613,24.523671183203177
Copper,Cu,614,24.52502342031919
Copper,Cu,615,24.526369155300841
Copper,Cu,616,24.527708429624099
Copper,Cu,617,24.529041284435905
Copper,Cu,618,24.530367760557315
Copper,Cu,619,24.531687898486535
Copper,Cu,620,24.533001738402035
Copper,Cu,621,24.534309320165502
Copper,Cu,622,24.535610683324844
Copper,Cu,623,24.536905867117174
Copper,Cu,624,24.538194910471613
Copper,Cu,625,24.539477852012336
Copper,Cu,626,24.540754730061316
Copper,Cu,627,24.542025582641159
Copper,Cu,628,24.543290447477908
Copper,Cu,629,24.544549362003846
Copper,Cu,630,24.545802363360167
Copper,Cu,631,24.547049488399679
Copper,Cu,632,24.548290773689516
Copper,Cu,633,24.549526255513808
Copper,Cu,634,24.55075596987616
Copper,Cu,635,24.551979952502425
Copper,Cu,636,24.553198238843148
Copper,Cu,637,24.554410864076075
Copper,Cu,638,24.555617863108793
Copper,Cu,639,24.556819270581045
Copper,Cu,640,24.558015120867299
Copper,Cu,641,24.559205448079176
Copper,Cu,642,24.56039028606774
Copper,Cu,643,24.561569668425964
Copper,Cu,644,24.562743628491116
Copper,Cu,645,24.56391219934698
Copper,Cu,646,24.565075413826207
Copper,Cu,647,24.566233304512618
Copper,Cu,648,24.567385903743421
Copper,Cu,649,24.568533243611437
Copper,Cu,650,24.569675355967341
Copper,Cu,651,24.570812272421801
Copper,Cu,652,24.571944024347651
Copper,Cu,653,24.57307064288209
Copper,Cu,654,24.574192158928689
Copper,Cu,655,24.575308603159545
Copper,Cu,656,24.576420006017347
Copper,Cu,657,24.577526397717449
Copper,Cu,658,24.578627808249831
Copper,Cu,659,24.579724267381177
Copper,Cu,660,24.580815804656812
Copper,Cu,661,24.581902449402705
Copper,Cu,662,24.582984230727391
Copper,Cu,663,24.584061177523882
Copper,Cu,664,24.585133318471627
Copper,Cu,665,24.586200682038346
Copper,Cu,666,24.587263296481911
Copper,Cu,667,24.588321189852213
Copper,Cu,668,24.589374389992955
Copper,Cu,669,24.590422924543503
Copper,Cu,670,24.59146682094066
Copper,Cu,671,24.592506106420419
Copper,Cu,672,24.59354080801975
Copper,Cu,673,24.594570952578334
Copper,Cu,674,24.59559656674023
Copper,Cu,675,24.596617676955667
Copper,Cu,676,24.597634309482686
Copper,Cu,677,24.598646490388774
Copper,Cu,678,24.59965424555255
Copper,Cu,679,24.600657600665436
Copper,Cu,680,24.601656581233183
Copper,Cu,681,24.602651212577562
Copper,Cu,682,24.603641519837922
Copper,Cu,683,24.60462752797272
Copper,Cu,684,24.605609261761149
Copper,Cu,685,24.606586745804602
Copper,Cu,686,24.607560004528242
Copper,Cu,687,24.608529062182516
Copper,Cu,688,24.609493942844615
Copper,Cu,689,24.61045467041998
Copper,Cu,690,24.611411268643725
Copper,Cu,691,24.612363761082168
Copper,Cu,692,24.613312171134197
Copper,Cu,693,24.614256522032665
Copper,Cu,694,24.615196836845911
Copper,Cu,695,24.616133138479043
Copper,Cu,696,24.617065449675366
Copper,Cu,697,24.617993793017749
Copper,Cu,698,24.618918190929961
Copper,Cu,699,24.61983866567801
Copper,Cu,700,24.620755239371498
Copper,Cu,701,24.621667933964908
Copper,Cu,702,24.622576771258871
Copper,Cu,703,24.623481772901581
Copper,Cu,704,24.624382960389887
Copper,Cu,705,24.6252803550707
Copper,Cu,706,24.626173978142194
Copper,Cu,707,24.627063850655031
Copper,Cu,708,24.627949993513617
Copper,Cu,709,24.628832427477299
Copper,Cu,710,24.629711173161567
Copper,Cu,711,24.630586251039208
Copper,Cu,712,24.631457681441614
Copper,Cu,713,24.632325484559775
Copper,Cu,714,24.6331896804456
Copper,Cu,715,24.634050289012926
Copper,Cu,716,24.634907330038747
Copper,Cu,717,24.635760823164315
Copper,Cu,718,24.636610787896206
Copper,Cu,719,24.637457243607493
Copper,Cu,720,24.638300209538812
Copper,Cu,721,24.639139704799433
Copper,Cu,722,24.639975748368325
Copper,Cu,723,24.640808359095235
Copper,Cu,724,24.64163755570176
Copper,Cu,725,24.642463356782347
Copper,Cu,726,24.643285780805318
Copper,Cu,727,24.644104846113983
Copper,Cu,728,24.644920570927539
Copper,Cu,729,24.645732973342099
Copper,Cu,730,24.646542071331769
Copper,Cu,731,24.647347882749539
Copper,Cu,732,24.648150425328282
Copper,Cu,733,24.648949716681731
Copper,Cu,734,24.649745774305469
Copper,Cu,735,24.650538615577762
Copper,Cu,736,24.651328257760657
Copper,Cu,737,24.652114718000778
Copper,Cu,738,24.652898013330361
Copper,Cu,739,24.653678160668029
Copper,Cu,740,24.654455176819841
Copper,Cu,741,24.655229078480097
Copper,Cu,742,24.655999882232265
Copper,Cu,743,24.65676760454981
Copper,Cu,744,24.657532261797147
Copper,Cu,745,24.658293870230445
Copper,Cu,746,24.659052445998494
Copper,Cu,747,24.659808005143582
Copper,Cu,748,24.660560563602271
Copper,Cu,749,24.661310137206314
Copper,Cu,750,24.662056741683383
Copper,Cu,751,24.662800392658013
Copper,Cu,752,24.663541105652254
Copper,Cu,753,24.664278896086607
Copper,Cu,754,24.665013779280773
Copper,Cu,755,24.665745770454407
Copper,Cu,756,24.666474884727958
Copper,Cu,757,24.66720113712336
Copper,Cu,758,24.667924542564933
Copper,Cu,759,24.668645115880008
Copper,Cu,760,24.669362871799734
Copper,Cu,761,24.670077824959815
Copper,Cu,762,24.670789989901316
Copper,Cu,763,24.671499381071271
Copper,Cu,764,24.672206012823516
Copper,Cu,765,24.672909899419327
Copper,Cu,766,24.673611055028228
Copper,Cu,767,24.674309493728568
Copper,Cu,768,24.675005229508393
Copper,Cu,769,24.675698276265965
Copper,Cu,770,24.676388647810569
Copper,Cu,771,24.677076357863132
Copper,Cu,772,24.677761420056928
Copper,Cu,773,24.678443847938258
Copper,Cu,774,24.679123654967068
Copper,Cu,775,24.679800854517659
Copper,Cu,776,24.680475459879304
Copper,Cu,777,24.681147484256908
Copper,Cu,778,24.681816940771633
Copper,Cu,779,24.682483842461586
Copper,Cu,780,24.683148202282361
Copper,Cu,781,24.683810033107715
Copper,Cu,782,24.684469347730239
Copper,Cu,783,24.685126158861838
Copper,Cu,784,24.685780479134475
Copper,Cu,785,24.686432321100639
Copper,Cu,786,24.687081697234078
Copper,Cu,787,24.687728619930333
Copper,Cu,788,24.688373101507263
Copper,Cu,789,24.68901515420573
Copper,Cu,790,24.689654790190101
Copper,Cu,791,24.690292021548874
Copper,Cu,792,24.690926860295161
Copper,Cu,793,24.691559318367386
Copper,Cu,794,24.692189407629677
Copper,Cu,795,24.692817139872545
Copper,Cu,796,24.693442526813403
Copper,Cu,797,24.694065580097039
Copper,Cu,798,24.694686311296262
Copper,Cu,799,24.695304731912355
Copper,Cu,800,24.695920853375593
Titanium,Ti,0,0
Titanium,Ti,1,2.7509681572210938e-141
Titanium,Ti,2,2.2168824983496827e-68
Titanium,Ti,3,3.1356856911827248e-44
Titanium,Ti,4,3.1465978007514204e-32
Titanium,Ti,5,4.5170294184545506e-25
Titanium,Ti,6,2.4948526492402719e-20
Titanium,Ti,7,5.8015945401517894e-17
Titanium,Ti,8,1.8743924191986257e-14
Titanium,Ti,9,1.6309970349914327e-12
Titanium,Ti,10,5.6814128374533404e-11
Titanium,Ti,11,1.0190273359528436e-09
Titanium,Ti,12,1.1126820779946034e-08
Titanium,Ti,13,8.3035002337012317e-08
Titanium,Ti,14,4.599128457274268e-07
Titanium,Ti,15,2.0082986845143572e-06
Titanium,Ti,16,7.2333614321845574e-06
Titanium,Ti,17,2.2242552369890243e-05
Titanium,Ti,18,5.997689454269e-05
Titanium,Ti,19,0.00014484216009303728
Titanium,Ti,20,0.00031858704075092326
Titanium,Ti,21,0.00064697747552559955
Titanium,Ti,22,0.0012265925017351665
Titanium,Ti,23,0.0021909722389554364
Titanium,Ti,24,0.0037153937293564112
Titanium,Ti,25,0.0060197094026872445
Titanium,Ti,26,0.0093689099867080121
Titanium,Ti,27,0.014071319737601539
Titanium,Ti,28,0.020474556586802358
Titanium,Ti,29,0.028959566945041003
Titanium,Ti,30,0.039933162629101987
Titanium,Ti,31,0.053819545531083951
Titanium,Ti,32,0.071051311908700066
Titanium,Ti,33,0.092060394292739323
Titanium,Ti,34,0.11726933784676333
Titanium,Ti,35,0.14708323154241579
Titanium,Ti,36,0.18188253269081109
Titanium,Ti,37,0.22201694372019712
Titanium,Ti,38,0.26780042773588159
Titanium,Ti,39,0.31950738736410039
Titanium,Ti,40,0.37736998101047697
Titanium,Ti,41,0.44157651205698412
Titanium,Ti,42,0.51227079893696492
Titanium,Ti,43,0.5895524162137884
Titanium,Ti,44,0.6734776872409316
Titanium,Ti,45,0.76406130613097023
Titanium,Ti,46,0.86127846910126948
Titanium,Ti,47,0.96506740142789471
Titanium,Ti,48,1.0753321750397704
Titanium,Ti,49,1.1919457222306058
Titanium,Ti,50,1.3147529622562644
Titanium,Ti,51,1.443573969096922
Titanium,Ti,52,1.5782071199297085
Titanium,Ti,53,1.718432174545713
Titanium,Ti,54,1.8640132458325269
Titanium,Ti,55,2.0147016303963432
Titanium,Ti,56,2.1702384763516496
Titanium,Ti,57,2.3303572722497905
Titanium,Ti,58,2.4947861470765589
Titanium,Ti,59,2.6632499762762758
Titanium,Ti,60,2.8354722929258465
Titanium,Ti,61,3.0111770065666925
Titanium,Ti,62,3.1900899348899947
Titanium,Ti,63,3.3719401555456834
Titanium,Ti,64,3.5564611868898321
Titanium,Ti,65,3.74339200757619
Titanium,Ti,66,3.9324779256060496
Titanium,Ti,67,4.1234713078418253
Titanium,Ti,68,4.3161321811208184
Titanium,Ti,69,4.5102287160278207
Titanium,Ti,70,4.7055376041426653
Titanium,Ti,71,4.9018443392099131
Titanium,Ti,72,5.0989434122147568
Titanium,Ti,73,5.296638429819625
Titanium,Ti,74,5.4947421650423385
Titanium,Ti,75,5.6930765484578405
Titanium,Ti,76,5.8914726075966204
Titanium,Ti,77,6.0897703616061243
Titanium,Ti,78,6.2878186776458396
Titanium,Ti,79,6.4854750949101296
Titanium,Ti,80,6.682605621620044
Titanium,Ti,81,6.8790845098004088
Titanium,Ti,82,7.0747940121639639
Titanium,Ti,83,7.2696241249614761
Titanium,Ti,84,7.4634723202263329
Titanium,Ti,85,7.656243270444218
Titanium,Ti,86,7.8478485683122345
Titanium,Ti,87,8.0382064439164544
Titanium,Ti,88,8.2272414813513368
Titanium,Ti,89,8.4148843365267858
Titanium,Ti,90,8.601071457657758
Titanium,Ti,91,8.785744809705303
Titanium,Ti,92,8.9688516038351871
Titanium,Ti,93,9.1503440327789072
Titanium,Ti,94,9.3301790128206292
Titanium,Ti,95,9.5083179329903782
Titanium,Ti,96,9.6847264119174028
Titanium,Ti,97,9.859374062686399
Titanium,Ti,98,10.032234265941849
Titanium,Ti,99,10.20328395140087
Titanium,Ti,100,10.372503387861251
Titanium,Ti,101,10.539875981728068
Titanium,Ti,102,10.705388084027645
Titanium,Ti,103,10.869028805831586
Titanium,Ti,104,11.030789841974515
Titanium,Ti,105,11.190665302916738
Titanium,Ti,106,11.348651554575921
Titanium,Ti,107,11.50474706593047
Titanium,Ti,108,11.658952264179584
Titanium,Ti,109,11.811269397231671
Titanium,Ti,110,11.961702403282663
Titanium,Ti,111,12.110256787238576
Titanium,Ti,112,12.256939503732301
Titanium,Ti,113,12.401758846481908
Titanium,Ti,114,12.544724343737577
Titanium,Ti,115,12.685846659565206
Titanium,Ti,116,12.825137500717302
Titanium,Ti,117,12.962609528845421
Titanium,Ti,118,13.098276277812818
Titanium,Ti,119,13.232152075871626
Titanium,Ti,120,13.364251972474499
Titanium,Ti,121,13.494591669497352
Titanium,Ti,122,13.623187456656598
Titanium,Ti,123,13.750056150911357
Titanium,Ti,124,13.875215039648483
Titanium,Ti,125,13.99868182745559
Titanium,Ti,126,14.120474586294851
Titanium,Ti,127,14.240611708897745
Titanium,Ti,128,14.35911186520835
Titanium,Ti,129,14.475993961710156
Titanium,Ti,130,14.591277103478586
Titanium,Ti,131,14.704980558808566
Titanium,Ti,132,14.817123726273262
Titanium,Ti,133,14.927726104076978
Titanium,Ti,134,15.036807261571676
Titanium,Ti,135,15.144386812812993
Titanium,Ti,136,15.250484392037611
Titanium,Ti,137,15.355119630949975
Titanium,Ti,138,15.458312137711761
Titanium,Ti,139,15.560081477533203
Titanium,Ti,140,15.660447154770566
Titanium,Ti,141,15.759428596438941
Titanium,Ti,142,15.857045137054577
Titanium,Ti,143,15.953316004725409
Titanium,Ti,144,16.048260308412893
Titanium,Ti,145,16.141897026292423
Titanium,Ti,146,16.234244995143627
Titanium,Ti,147,16.325322900705643
Titanium,Ti,148,16.415149268936037
Titanium,Ti,149,16.503742458115635
Titanium,Ti,150,16.591120651744468
Titanium,Ti,151,16.677301852177632
Titanium,Ti,152,16.76230387495227
Titanium,Ti,153,16.846144343760173
Titanium,Ti,154,16.92884068602271
Titanium,Ti,155,17.010410129027669
Titanium,Ti,156,17.090869696589696
Titanium,Ti,157,17.170236206198442
Titanium,Ti,158,17.248526266620583
Titanium,Ti,159,17.325756275923851
Titanium,Ti,160,17.401942419893214
Titanium,Ti,161,17.477100670811101
Titanium,Ti,162,17.551246786575145
Titanium,Ti,163,17.624396310128805
Titanium,Ti,164,17.696564569181369
Titanium,Ti,165,17.767766676195645
Titanium,Ti,166,17.838017528622657
Titanium,Ti,167,17.907331809364216
Titanium,Ti,168,17.975723987445217
Titanium,Ti,169,18.043208318878769
Titanium,Ti,170,18.109798847708383
Titanium,Ti,171,18.175509407212125
Titanium,Ti,172,18.240353621255096
Titanium,Ti,173,18.304344905777061
Titanium,Ti,174,18.367496470403012
Titanium,Ti,175,18.429821320165409
Titanium,Ti,176,18.491332257327311
Titanium,Ti,177,18.552041883296521
Titanium,Ti,178,18.611962600621389
Titanium,Ti,179,18.671106615059678
Titanium,Ti,180,18.729485937712305
Titanium,Ti,181,18.787112387214457
Titanium,Ti,182,18.843997591977026
Titanium,Ti,183,18.900152992471877
Titanium,Ti,184,18.95558984355468
Titanium,Ti,185,19.010319216819834
Titanium,Ti,186,19.064352002982115
Titanium,Ti,187,19.117698914280087
Titanium,Ti,188,19.170370486896843
Titanium,Ti,189,19.222377083393848
Titanium,Ti,190,19.273728895153884
Titanium,Ti,191,19.324435944829592
Titanium,Ti,192,19.374508088794219
Titanium,Ti,193,19.423955019591514
Titanium,Ti,194,19.472786268381917
Titanium,Ti,195,19.521011207382401
Titanium,Ti,196,19.56863905229762
Titanium,Ti,197,19.615678864740104
Titanium,Ti,198,19.662139554637488
Titanium,Ti,199,19.708029882624931
Titanium,Ti,200,19.753358462421083
Titanium,Ti,201,19.798133763185906
Titanium,Ti,202,19.842364111859183
Titanium,Ti,203,19.88605769547825
Titanium,Ti,204,19.929222563473928
Titanium,Ti,205,19.971866629943527
Titanium,Ti,206,20.0139976759002
Titanium,Ti,207,20.055623351497555
Titanium,Ti,208,20.096751178229013
Titanium,Ti,209,20.137388551101242
Titanium,Ti,210,20.177542740780979
Titanium,Ti,211,20.217220895714956
Titanium,Ti,212,20.256430044222352
Titanium,Ti,213,20.295177096559538
Titanium,Ti,214,20.333468846956794
Titanium,Ti,215,20.371311975626696
Titanium,Ti,216,20.408713050744208
Titanium,Ti,217,20.44567853039803
Titanium,Ti,218,20.482214764513468
Titanium,Ti,219,20.51832799674651
Titanium,Ti,220,20.554024366349303
Titanium,Ti,221,20.589309910006865
Titanium,Ti,222,20.624190563645314
Titanium,Ti,223,20.658672164211563
Titanium,Ti,224,20.692760451424572
Titanium,Ti,225,20.726461069498523
Titanium,Ti,226,20.7597795688378
Titanium,Ti,227,20.792721407704164
Titanium,Ti,228,20.825291953856294
Titanium,Ti,229,20.857496486161821
Titanium,Ti,230,20.88934019618231
Titanium,Ti,231,20.920828189731139
Titanium,Ti,232,20.951965488404898
Titanium,Ti,233,20.982757031088298
Titanium,Ti,234,21.013207675433023
Titanium,Ti,235,21.043322199310825
Titanium,Ti,236,21.07310530224111
Titanium,Ti,237,21.102561606793397
Titanium,Ti,238,21.13169565996489
Titanium,Ti,239,21.160511934533613
Titanium,Ti,240,21.189014830387311
Titanium,Ti,241,21.217208675828484
Titanium,Ti,242,21.245097728855995
Titanium,Ti,243,21.272686178423442
Titanium,Ti,244,21.299978145674743
Titanium,Ti,245,21.326977685157146
Titanium,Ti,246,21.353688786012295
Titanium,Ti,247,21.380115373145248
Titanium,Ti,248,21.406261308372255
Titanium,Ti,249,21.432130391547275
Titanium,Ti,250,21.457726361667795
Titanium,Ti,251,21.483052897960228
Titanium,Ti,252,21.508113620945135
Titanium,Ti,253,21.5329120934828
Titanium,Ti,254,21.557451821799248
Titanium,Ti,255,21.581736256493336
Titanium,Ti,256,21.605768793524874
Titanium,Ti,257,21.629552775184507
Titanium,Ti,258,21.653091491045323
Titanium,Ti,259,21.676388178896765
Titanium,Ti,260,21.699446025660972
Titanium,Ti,261,21.722268168292043
Titanium,Ti,262,21.744857694658343
Titanium,Ti,263,21.767217644408312
Titanium,Ti,264,21.789351009819988
Titanium,Ti,265,21.811260736634594
Titanium,Ti,266,21.832949724874407
Titanium,Ti,267,21.854420829645303
Titanium,Ti,268,21.875676861924177
Titanium,Ti,269,21.896720589331533
Titanium,Ti,270,21.917554736889571
Titanium,Ti,271,21.938181987766008
Titanium,Ti,272,21.958604984003841
Titanium,Ti,273,21.978826327237488
Titanium,Ti,274,21.9988485793953
Titanium,Ti,275,22.018674263389034
Titanium,Ti,276,22.038305863790203
Titanium,Ti,277,22.057745827493815
Titanium,Ti,278,22.076996564369573
Titanium,Ti,279,22.096060447900868
Titanium,Ti,280,22.114939815811745
Titanium,Ti,281,22.133636970682169
Titanium,Ti,282,22.152154180551623
Titanium,Ti,283,22.170493679511498
Titanium,Ti,284,22.188657668286357
Titanium,Ti,285,22.206648314804244
Titanium,Ti,286,22.224467754756439
Titanium,Ti,287,22.242118092146605
Titanium,Ti,288,22.259601399829815
Titanium,Ti,289,22.276919720041352
Titanium,Ti,290,22.294075064915855
Titanium,Ti,291,22.311069416996549
Titanium,Ti,292,22.327904729735167
Titanium,Ti,293,22.344582927982508
Titanium,Ti,294,22.36110590846987
Titanium,Ti,295,22.377475540281523
Titanium,Ti,296,22.393693665318512
Titanium,Ti,297,22.409762098753696
Titanium,Ti,298,22.425682629478583
Titanium,Ti,299,22.441457020541673
Titanium,Ti,300,22.457087009578874
Titanium,Ti,301,22.472574309235902
Titanium,Ti,302,22.4879206075829
Titanium,Ti,303,22.50312756852146
Titanium,Ti,304,22.518196832184113
Titanium,Ti,305,22.533130015326535
Titanium,Ti,306,22.547928711712483
Titanium,Ti,307,22.562594492491797
Titanium,Ti,308,22.577128906571382
Titanium,Ti,309,22.591533480979482
Titanium,Ti,310,22.60580972122326
Titanium,Ti,311,22.619959111639876
Titanium,Ti,312,22.633983115741213
Titanium,Ti,313,22.647883176552327
Titanium,Ti,314,22.661660716943675
Titanium,Ti,315,22.675317139957478
Titanium,Ti,316,22.688853829128046
Titanium,Ti,317,22.702272148796375
Titanium,Ti,318,22.715573444419054
Titanium,Ti,319,22.728759042871648
Titanium,Ti,320,22.741830252746546
Titanium,Ti,321,22.754788364645535
Titanium,Ti,322,22.767634651467091
Titanium,Ti,323,22.780370368688533
Titanium,Ti,324,22.792996754643163
Titanium,Ti,325,22.805515030792371
Titanium,Ti,326,22.817926401993013
Titanium,Ti,327,22.830232056759954
Titanium,Ti,328,22.842433167523954
Titanium,Ti,329,22.854530890884995
Titanium,Ti,330,22.866526367861127
Titanium,Ti,331,22.878420724132912
Titanium,Ti,332,22.890215070283535
Titanium,Ti,333,22.901910502034699
Titanium,Ti,334,22.913508100478385
Titanium,Ti,335,22.925008932304507
Titanium,Ti,336,22.936414050024613
Titanium,Ti,337,22.947724492191636
Titanium,Ti,338,22.95894128361584
Titanium,Ti,339,22.970065435576952
Titanium,Ti,340,22.981097946032655
Titanium,Ti,341,22.992039799823395
Titanium,Ti,342,23.002891968873726
Titanium,Ti,343,23.01365541239003
Titanium,Ti,344,23.024331077054946
Titanium,Ti,345,23.034919897218373
Titanium,Ti,346,23.045422795085202
Titanium,Ti,347,23.055840680899784
Titanium,Ti,348,23.066174453127292
Titanium,Ti,349,23.076424998631939
Titanium,Ti,350,23.086593192852092
Titanium,Ti,351,23.096679899972511
Titanium,Ti,352,23.106685973093544
Titanium,Ti,353,23.116612254397474
Titanium,Ti,354,23.126459575312076
Titanium,Ti,355,23.136228756671343
Titanium,Ti,356,23.145920608873528
Titanium,Ti,357,23.155535932036475
Titanium,Ti,358,23.165075516150392
Titanium,Ti,359,23.174540141227961
Titanium,Ti,360,23.183930577452013
Titanium,Ti,361,23.19324758532068
Titanium,Ti,362,23.202491915790056
Titanium,Ti,363,23.211664310414651
Titanium,Ti,364,23.220765501485264
Titanium,Ti,365,23.229796212164743
Titanium,Ti,366,23.238757156621379
Titanium,Ti,367,23.247649040160177
Titanium,Ti,368,23.256472559351835
Titanium,Ti,369,23.265228402159714
Titanium,Ti,370,23.273917248064578
Titanium,Ti,371,23.282539768187409
Titanium,Ti,372,23.291096625410102
Titanium,Ti,373,23.299588474494236
Titanium,Ti,374,23.308015962197857
Titanium,Ti,375,23.316379727390377
Titanium,Ti,376,23.324680401165597
Titanium,Ti,377,23.332918606952838
Titanium,Ti,378,23.341094960626354
Titanium,Ti,379,23.349210070612862
Titanium,Ti,380,23.357264537997413
Titanium,Ti,381,23.365258956627525
Titanium,Ti,382,23.373193913215573
Titanium,Ti,383,23.38106998743962
Titanium,Ti,384,23.388887752042585
Titanium,Ti,385,23.396647772929786
Titanium,Ti,386,23.404350609264977
Titanium,Ti,387,23.41199681356477
Titanium,Ti,388,23.419586931791677
Titanium,Ti,389,23.427121503445505
Titanium,Ti,390,23.434601061653389
Titanium,Ti,391,23.442026133258437
Titanium,Ti,392,23.449397238906844
Titanium,Ti,393,23.456714893133743
Titanium,Ti,394,23.463979604447598
Titanium,Ti,395,23.471191875413382
Titanium,Ti,396,23.478352202734349
Titanium,Ti,397,23.485461077332531
Titanium,Ti,398,23.492518984428024
Titanium,Ti,399,23.499526403616997
Titanium,Ti,400,23.50648380894846
Titanium,Ti,401,23.513391668999898
Titanium,Ti,402,23.520250446951675
Titanium,Ti,403,23.527060600660249
Titanium,Ti,404,23.53382258273038
Titanium,Ti,405,23.540536840586054
Titanium,Ti,406,23.547203816540463
Titanium,Ti,407,23.553823947864771
Titanium,Ti,408,23.560397666855923
Titanium,Ti,409,23.566925400903347
Titanium,Ti,410,23.5734075725547
Titanium,Ti,411,23.5798445995805
Titanium,Ti,412,23.586236895037864
Titanium,Ti,413,23.592584867333279
Titanium,Ti,414,23.598888920284303
Titanium,Ti,415,23.605149453180481
Titanium,Ti,416,23.611366860843184
Titanium,Ti,417,23.617541533684687
Titanium,Ti,418,23.623673857766239
Titanium,Ti,419,23.629764214855317
Titanium,Ti,420,23.63581298248198
Titanium,Ti,421,23.641820533994434
Titanium,Ti,422,23.647787238613695
Titanium,Ti,423,23.653713461487463
Titanium,Ti,424,23.659599563743193
Titanium,Ti,425,23.66544590254038
Titanium,Ti,426,23.671252831122025
Titanium,Ti,427,23.677020698865423
Titanium,Ti,428,23.682749851332055
Titanium,Ti,429,23.68844063031689
Titanium,Ti,430,23.694093373896873
Titanium,Ti,431,23.69970841647871
Titanium,Ti,432,23.705286088845931
Titanium,Ti,433,23.710826718205336
Titanium,Ti,434,23.716330628232644
Titanium,Ti,435,23.721798139117595
Titanium,Ti,436,23.727229567608273
Titanium,Ti,437,23.732625227054864
Titanium,Ti,438,23.73798542745277
Titanium,Ti,439,23.743310475485053
Titanium,Ti,440,23.74860067456428
Titanium,Ti,441,23.753856324873794
Titanium,Ti,442,23.759077723408328
Titanium,Ti,443,23.764265164014059
Titanium,Ti,444,23.769418937428156
Titanium,Ti,445,23.774539331317605
Titanium,Ti,446,23.779626630317612
Titanium,Ti,447,23.784681116069414
Titanium,Ti,448,23.78970306725747
Titanium,Ti,449,23.794692759646285
Titanium,Ti,450,23.799650466116553
Titanium,Ti,451,23.804576456700833
Titanium,Ti,452,23.809470998618792
Titanium,Ti,453,23.814334356311864
Titanium,Ti,454,23.819166791477375
Titanium,Ti,455,23.823968563102309
Titanium,Ti,456,23.828739927496578
Titanium,Ti,457,23.83348113832567
Titanium,Ti,458,23.838192446643081
Titanium,Ti,459,23.842874100922021
Titanium,Ti,460,23.847526347086959
Titanium,Ti,461,23.852149428544468
Titanium,Ti,462,23.856743586213835
Titanium,Ti,463,23.861309058557083
Titanium,Ti,464,23.865846081608744
Titanium,Ti,465,23.870354889005071
Titanium,Ti,466,23.87483571201291
Titanium,Ti,467,23.879288779558188
Titanium,Ti,468,23.883714318253979
Titanium,Ti,469,23.888112552428154
Titanium,Ti,470,23.892483704150756
Titanium,Ti,471,23.896827993260821
Titanium,Ti,472,23.901145637393071
Titanium,Ti,473,23.905436852003973
Titanium,Ti,474,23.909701850397692
Titanium,Ti,475,23.913940843751476
Titanium,Ti,476,23.918154041140877
Titanium,Ti,477,23.922341649564501
Titanium,Ti,478,23.926503873968414
Titanium,Ti,479,23.930640917270413
Titanium,Ti,480,23.93475298038366
Titanium,Ti,481,23.93884026224028
Titanium,Ti,482,23.942902959814464
Titanium,Ti,483,23.946941268145327
Titanium,Ti,484,23.95095538035946
Titanium,Ti,485,23.954945487693156
Titanium,Ti,486,23.958911779514363
Titanium,Ti,487,23.962854443344334
Titanium,Ti,488,23.966773664878982
Titanium,Ti,489,23.970669628009933
Titanium,Ti,490,23.974542514845371
Titanium,Ti,491,23.978392505730493
Titanium,Ti,492,23.982219779267808
Titanium,Ti,493,23.986024512337092
Titanium,Ti,494,23.989806880115097
Titanium,Ti,495,23.993567056095007
Titanium,Ti,496,23.997305212105658
Titanium,Ti,497,24.001021518330457
Titanium,Ti,498,24.004716143326082
Titanium,Ti,499,24.008389254040956
Titanium,Ti,500,24.012041015833436
Titanium,Ti,501,24.015671592489785
Titanium,Ti,502,24.019281146241923
Titanium,Ti,503,24.022869837784931
Titanium,Ti,504,24.02643782629433
Titanium,Ti,505,24.029985269443134
Titanium,Ti,506,24.033512323418705
Titanium,Ti,507,24.037019142939339
Titanium,Ti,508,24.04050588127069
Titanium,Ti,509,24.043972690241969
Titanium,Ti,510,24.0474197202619
Titanium,Ti,511,24.050847120334527
Titanium,Ti,512,24.0542550380748
Titanium,Ti,513,24.057643619723894
Titanium,Ti,514,24.061013010164469
Titanium,Ti,515,24.06436335293559
Titanium,Ti,516,24.067694790247568
Titanium,Ti,517,24.071007462996551
Titanium,Ti,518,24.074301510778948
Titanium,Ti,519,24.077577071905672
Titanium,Ti,520,24.080834283416195
Titanium,Ti,521,24.084073281092447
Titanium,Ti,522,24.087294199472506
Titanium,Ti,523,24.09049717186414
Titanium,Ti,524,24.093682330358178
Titanium,Ti,525,24.09684980584171
Titanium,Ti,526,24.099999728011102
Titanium,Ti,527,24.103132225384897
Titanium,Ti,528,24.106247425316472
Titanium,Ti,529,24.109345454006657
Titanium,Ti,530,24.112426436516081
Titanium,Ti,531,24.115490496777429
Titanium,Ti,532,24.118537757607523
Titanium,Ti,533,24.121568340719289
Titanium,Ti,534,24.12458236673351
Titanium,Ti,535,24.127579955190495
Titanium,Ti,536,24.130561224561596
Titanium,Ti,537,24.133526292260523
Titanium,Ti,538,24.136475274654607
Titanium,Ti,539,24.139408287075895
Titanium,Ti,540,24.142325443832053
Titanium,Ti,541,24.145226858217221
Titanium,Ti,542,24.148112642522658
Titanium,Ti,543,24.150982908047368
Titanium,Ti,544,24.15383776510842
Titanium,Ti,545,24.156677323051337
Titanium,Ti,546,24.159501690260225
Titanium,Ti,547,24.162310974167834
Titanium,Ti,548,24.165105281265511
Titanium,Ti,549,24.167884717112948
Titanium,Ti,550,24.170649386347922
Titanium,Ti,551,24.173399392695888
Titanium,Ti,552,24.176134838979383
Titanium,Ti,553,24.178855827127403
Titanium,Ti,554,24.181562458184636
Titanium,Ti,555,24.184254832320601
Titanium,Ti,556,24.186933048838636
Titanium,Ti,557,24.189597206184807
Titanium,Ti,558,24.192247401956738
Titanium,Ti,559,24.194883732912302
Titanium,Ti,560,24.197506294978183
Titanium,Ti,561,24.200115183258408
Titanium,Ti,562,24.202710492042726
Titanium,Ti,563,24.205292314814891
Titanium,Ti,564,24.207860744260877
Titanium,Ti,565,24.210415872276968
Titanium,Ti,566,24.212957789977761
Titanium,Ti,567,24.215486587704085
Titanium,Ti,568,24.218002355030809
Titanium,Ti,569,24.22050518077458
Titanium,Ti,570,24.222995153001442
Titanium,Ti,571,24.225472359034413
Titanium,Ti,572,24.227936885460913
Titanium,Ti,573,24.23038881814017
Titanium,Ti,574,24.232828242210477
Titanium,Ti,575,24.235255242096414
Titanium,Ti,576,24.237669901515964
Titanium,Ti,577,24.240072303487555
Titanium,Ti,578,24.242462530337011
Titanium,Ti,579,24.244840663704426
Titanium,Ti,580,24.247206784550986
Titanium,Ti,581,24.24956097316565
Titanium,Ti,582,24.25190330917183
Titanium,Ti,583,24.254233871533916
Titanium,Ti,584,24.256552738563858
Titanium,Ti,585,24.258859987927455
Titanium,Ti,586,24.261155696650789
Titanium,Ti,587,24.263439941126482
Titanium,Ti,588,24.26571279711991
Titanium,Ti,589,24.267974339775286
Titanium,Ti,590,24.270224643621756
Titanium,Ti,591,24.272463782579415
Titanium,Ti,592,24.274691829965189
Titanium,Ti,593,24.276908858498711
Titanium,Ti,594,24.279114940308133
Titanium,Ti,595,24.281310146935848
Titanium,Ti,596,24.28349454934412
Titanium,Ti,597,24.285668217920723
Titanium,Ti,598,24.287831222484481
Titanium,Ti,599,24.289983632290703
Titanium,Ti,600,24.292125516036666
Titanium,Ti,601,24.294256941866909
Titanium,Ti,602,24.296377977378544
Titanium,Ti,603,24.298488689626524
Titanium,Ti,604,24.300589145128793
Titanium,Ti,605,24.302679409871406
Titanium,Ti,606,24.304759549313612
Titanium,Ti,607,24.306829628392844
Titanium,Ti,608,24.308889711529702
Titanium,Ti,609,24.310939862632818
Titanium,Ti,610,24.31298014510373
Titanium,Ti,611,24.315010621841655
Titanium,Ti,612,24.317031355248258
Titanium,Ti,613,24.319042407232317
Titanium,Ti,614,24.321043839214322
Titanium,Ti,615,24.32303571213118
Titanium,Ti,616,24.325018086440625
Titanium,Ti,617,24.326991022125775
Titanium,Ti,618,24.328954578699552
Titanium,Ti,619,24.330908815209096
Titanium,Ti,620,24.332853790240055
Titanium,Ti,621,24.334789561920946
Titanium,Ti,622,24.336716187927355
Titanium,Ti,623,24.338633725486169
Titanium,Ti,624,24.34054223137975
Titanium,Ti,625,24.342441761950003
Titanium,Ti,626,24.344332373102464
Titanium,Ti,627,24.346214120310368
Titanium,Ti,628,24.348087058618578
Titanium,Ti,629,24.349951242647553
Titanium,Ti,630,24.351806726597243
Titanium,Ti,631,24.353653564250969
Titanium,Ti,632,24.355491808979174
Titanium,Ti,633,24.357321513743294
Titanium,Ti,634,24.359142731099396
Titanium,Ti,635,24.360955513201976
Titanium,Ti,636,24.362759911807533
Titanium,Ti,637,24.364555978278219
Titanium,Ti,638,24.366343763585427
Titanium,Ti,639,24.368123318313351
Titanium,Ti,640,24.369894692662424
Titanium,Ti,641,24.371657936452888
Titanium,Ti,642,24.373413099128122
Titanium,Ti,643,24.375160229758116
Titanium,Ti,644,24.376899377042825
Titanium,Ti,645,24.378630589315431
Titanium,Ti,646,24.380353914545726
Titanium,Ti,647,24.382069400343301
Titanium,Ti,648,24.383777093960809
Titanium,Ti,649,24.385477042297126
Titanium,Ti,650,24.387169291900534
Titanium,Ti,651,24.388853888971845
Titanium,Ti,652,24.390530879367439
Titanium,Ti,653,24.392200308602437
Titanium,Ti,654,24.393862221853606
Titanium,Ti,655,24.395516663962436
Titanium,Ti,656,24.397163679438105
Titanium,Ti,657,24.398803312460352
Titanium,Ti,658,24.400435606882464
Titanium,Ti,659,24.402060606234095
Titanium,Ti,660,24.40367835372415
Titanium,Ti,661,24.40528889224359
Titanium,Ti,662,24.406892264368171
Titanium,Ti,663,24.408488512361338
Titanium,Ti,664,24.410077678176808
Titanium,Ti,665,24.411659803461372
Titanium,Ti,666,24.413234929557539
Titanium,Ti,667,24.414803097506194
Titanium,Ti,668,24.416364348049207
Titanium,Ti,669,24.417918721632066
Titanium,Ti,670,24.419466258406416
Titanium,Ti,671,24.421006998232603
Titanium,Ti,672,24.422540980682232
Titanium,Ti,673,24.424068245040623
Titanium,Ti,674,24.425588830309298
Titanium,Ti,675,24.427102775208422
Titanium,Ti,676,24.428610118179225
Titanium,Ti,677,24.430110897386427
Titanium,Ti,678,24.431605150720515
Titanium,Ti,679,24.433092915800238
Titanium,Ti,680,24.434574229974814
Titanium,Ti,681,24.436049130326271
Titanium,Ti,682,24.437517653671765
Titanium,Ti,683,24.438979836565757
Titanium,Ti,684,24.440435715302318
Titanium,Ti,685,24.441885325917326
Titanium,Ti,686,24.443328704190641
Titanium,Ti,687,24.444765885648273
Titanium,Ti,688,24.446196905564562
Titanium,Ti,689,24.44762179896426
Titanium,Ti,690,24.449040600624674
Titanium,Ti,691,24.450453345077747
Titanium,Ti,692,24.451860066612106
Titanium,Ti,693,24.453260799275107
Titanium,Ti,694,24.454655576874892
Titanium,Ti,695,24.45604443298236
Titanium,Ti,696,24.457427400933174
Titanium,Ti,697,24.458804513829708
Titanium,Ti,698,24.460175804543017
Titanium,Ti,699,24.461541305714761
Titanium,Ti,700,24.462901049759076
Titanium,Ti,701,24.464255068864542
Titanium,Ti,702,24.465603394996009
Titanium,Ti,703,24.466946059896419
Titanium,Ti,704,24.468283095088733
Titanium,Ti,705,24.469614531877667
Titanium,Ti,706,24.470940401351541
Titanium,Ti,707,24.472260734384051
Titanium,Ti,708,24.473575561636029
Titanium,Ti,709,24.474884913557215
Titanium,Ti,710,24.476188820387968
Titanium,Ti,711,24.477487312161013
Titanium,Ti,712,24.478780418703099
Titanium,Ti,713,24.480068169636731
Titanium,Ti,714,24.481350594381812
Titanium,Ti,715,24.482627722157307
Titanium,Ti,716,24.483899581982879
Titanium,Ti,717,24.485166202680485
Titanium,Ti,718,24.486427612876064
Titanium,Ti,719,24.487683841001015
Titanium,Ti,720,24.488934915293854
Titanium,Ti,721,24.490180863801786
Titanium,Ti,722,24.49142171438217
Titanium,Ti,723,24.49265749470414
Titanium,Ti,724,24.493888232250058
Titanium,Ti,725,24.495113954317087
Titanium,Ti,726,24.496334688018592
Titanium,Ti,727,24.497550460285716
Titanium,Ti,728,24.498761297868754
Titanium,Ti,729,24.499967227338665
Titanium,Ti,730,24.50116827508846
Titanium,Ti,731,24.502364467334683
Titanium,Ti,732,24.503555830118742
Titanium,Ti,733,24.504742389308383
Titanium,Ti,734,24.505924170599034
Titanium,Ti,735,24.507101199515159
Titanium,Ti,736,24.50827350141164
Titanium,Ti,737,24.509441101475133
Titanium,Ti,738,24.510604024725374
Titanium,Ti,739,24.511762296016531
Titanium,Ti,740,24.512915940038454
Titanium,Ti,741,24.514064981318029
Titanium,Ti,742,24.515209444220474
Titanium,Ti,743,24.516349352950538
Titanium,Ti,744,24.517484731553811
Titanium,Ti,745,24.518615603918004
Titanium,Ti,746,24.519741993774115
Titanium,Ti,747,24.520863924697675
Titanium,Ti,748,24.521981420110073
Titanium,Ti,749,24.523094503279541
Titanium,Ti,750,24.524203197322567
Titanium,Ti,751,24.525307525204976
Titanium,Ti,752,24.526407509743084
Titanium,Ti,753,24.527503173604881
Titanium,Ti,754,24.528594539311253
Titanium,Ti,755,24.529681629236968
Titanium,Ti,756,24.530764465611973
Titanium,Ti,757,24.531843070522431
Titanium,Ti,758,24.532917465911805
Titanium,Ti,759,24.533987673582029
Titanium,Ti,760,24.535053715194543
Titanium,Ti,761,24.536115612271388
Titanium,Ti,762,24.537173386196315
Titanium,Ti,763,24.538227058215785
Titanium,Ti,764,24.539276649440076
Titanium,Ti,765,24.540322180844285
Titanium,Ti,766,24.541363673269359
Titanium,Ti,767,24.542401147423188
Titanium,Ti,768,24.543434623881534
Titanium,Ti,769,24.544464123089092
Titanium,Ti,770,24.545489665360446
Titanium,Ti,771,24.546511270881091
Titanium,Ti,772,24.54752895970843
Titanium,Ti,773,24.548542751772683
Titanium,Ti,774,24.549552666877908
Titanium,Ti,775,24.550558724702896
Titanium,Ti,776,24.551560944802183
Titanium,Ti,777,24.552559346606962
Titanium,Ti,778,24.553553949426004
Titanium,Ti,779,24.554544772446569
Titanium,Ti,780,24.555531834735326
Titanium,Ti,781,24.556515155239289
Titanium,Ti,782,24.557494752786685
Titanium,Ti,783,24.558470646087841
Titanium,Ti,784,24.559442853736069
Titanium,Ti,785,24.560411394208579
Titanium,Ti,786,24.561376285867244
Titanium,Ti,787,24.562337546959601
Titanium,Ti,788,24.563295195619567
Titanium,Ti,789,24.5642492498684
Titanium,Ti,790,24.56519972761544
Titanium,Ti,791,24.566146646658968
Titanium,Ti,792,24.567090024687118
Titanium,Ti,793,24.56802987927848
Titanium,Ti,794,24.568966227903161
Titanium,Ti,795,24.569899087923442
Titanium,Ti,796,24.570828476594546
Titanium,Ti,797,24.571754411065527
Titanium,Ti,798,24.572676908380007
Titanium,Ti,799,24.573595985476899
Titanium,Ti,800,24.574511659191256
Aluminium,Al,0,0
Aluminium,Al,1,4.5243654642199282e-144
Aluminium,Al,2,9.1616397575687934e-70
Aluminium,Al,3,3.7956183197707775e-45
Aluminium,Al,4,6.5185497061054136e-33
Aluminium,Al,5,1.291750111984407e-25
Aluminium,Al,6,8.8453370040346574e-21
Aluminium,Al,7,2.3982313055685026e-17
Aluminium,Al,8,8.6938045249363935e-15
Aluminium,Al,9,8.2736246240910437e-13
Aluminium,Al,10,3.0960903180325005e-11
Aluminium,Al,11,5.8884437831620539e-10
Aluminium,Al,12,6.751500642230986e-09
Aluminium,Al,13,5.2509897629020307e-08
Aluminium,Al,14,3.013296489124249e-07
Aluminium,Al,15,1.3568426033850109e-06
Aluminium,Al,16,5.0200647708464954e-06
Aluminium,Al,17,1.5806985622748291e-05
Aluminium,Al,18,4.35311131557874e-05
Aluminium,Al,19,0.00010712697673553864
Aluminium,Al,20,0.00023966312087700454
Aluminium,Al,21,0.00049423064924435426
Aluminium,Al,22,0.00095017169231857148
Aluminium,Al,23,0.0017189879794220076
Aluminium,Al,24,0.0029492648808943948
Aluminium,Al,25,0.0048300491503549224
Aluminium,Al,26,0.0075922955712981362
Aluminium,Al,27,0.011508207606691499
Aluminium,Al,28,0.016888502529319959
Aluminium,Al,29,0.024077805134310671
Aluminium,Al,30,0.033448500814914191
Aluminium,Al,31,0.045393454107432292
Aluminium,Al,32,0.060318026329679177
Aluminium,Al,33,0.078631814014065118
Aluminium,Al,34,0.10074048891449469
Aluminium,Al,35,0.12703806094889675
Aluminium,Al,36,0.15789981682209286
Aluminium,Al,37,0.19367611671266396
Aluminium,Al,38,0.23468716475008972
Aluminium,Al,39,0.28121880962250151
Aluminium,Al,40,0.3335193815165558
Aluminium,Al,41,0.39179753143044344
Aluminium,Al,42,0.45622100854939696
Aluminium,Al,43,0.52691629006396956
Aluminium,Al,44,0.60396896442988091
Aluminium,Al,45,0.68742476234068817
Aluminium,Al,46,0.77729112831483282
Aluminium,Al,47,0.87353922855861799
Aluminium,Al,48,0.97610629655147241
Aluminium,Al,49,1.0848982256548787
Aluminium,Al,50,1.199792327176219
Aluminium,Al,51,1.3206401820823495
Aluminium,Al,52,1.4472705244559905
Aluminium,Al,53,1.5794921044470602
Aluminium,Al,54,1.7170964876238703
Aluminium,Al,55,1.8598607560969924
Aluminium,Al,56,2.0075500844641465
Aluminium,Al,57,2.1599201704560511
Aluminium,Al,58,2.3167195061413577
Aluminium,Al,59,2.4776914806954609
Aluminium,Al,60,2.6425763100963238
Aluminium,Al,61,2.8111127927383399
Aluminium,Al,62,2.9830398929183923
Aluminium,Al,63,3.1580981565165769
Aluminium,Al,64,3.3360309650375597
Aluminium,Al,65,3.5165856355656078
Aluminium,Al,66,3.6995143751812378
Aluminium,Al,67,3.884575099050354
Aluminium,Al,68,4.0715321217817273
Aluminium,Al,69,4.2601567318051972
Aluminium,Al,70,4.4502276584937848
Aluminium,Al,71,4.6415314415764888
Aluminium,Al,72,4.8338627120973809
Aluminium,Al,73,5.027024393798909
Aluminium,Al,74,5.2208278333671805
Aluminium,Al,75,5.4150928674937537
Aluminium,Al,76,5.6096478341994933
Aluminium,Al,77,5.8043295353439373
Aluminium,Al,78,5.9989831567200671
Aluminium,Al,79,6.193462151617311
Aluminium,Al,80,6.3876280932323368
Aluminium,Al,81,6.5813505008221487
Aluminium,Al,82,6.7745066440313826
Aluminium,Al,83,6.966981329387723
Aluminium,Al,84,7.1586666725477484
Aluminium,Al,85,7.3494618594910106
Aluminium,Al,86,7.5392728995032696
Aluminium,Al,87,7.7280123724597072
Aluminium,Al,88,7.9155991726158428
Aluminium,Al,89,8.1019582508359544
Aluminium,Al,90,8.2870203569358338
Aluminium,Al,91,8.4707217835865514
Aluminium,Al,92,8.6530041130181647
Aluminium,Al,93,8.8338139675747058
Aluminium,Al,94,9.0131027650035502
Aluminium,Al,95,9.1908264792116245
Aluminium,Al,96,9.3669454070868241
Aluminium,Al,97,9.5414239418636591
Aluminium,Al,98,9.7142303534068652
Aluminium,Al,99,9.8853365756938096
Aluminium,Al,100,10.054718001695043
Aluminium,Al,101,10.222353285781264
Aluminium,Al,102,10.388224153723286
Aluminium,Al,103,10.552315220298013
Aluminium,Al,104,10.71461381446799
Aluminium,Al,105,10.875109812062773
Aluminium,Al,106,11.033795475857533
Aluminium,Al,107,11.190665302916738
Aluminium,Al,108,11.345715879047852
Aluminium,Al,109,11.498945740191498
Aluminium,Al,110,11.650355240559579
Aluminium,Al,111,11.799946427321345
Aluminium,Al,112,11.947722921628564
Aluminium,Al,113,12.093689805764951
Aluminium,Al,114,12.237853516200602
Aluminium,Al,115,12.3802217423305
Aluminium,Al,116,12.52080333067509
Aluminium,Al,117,12.659608194322143
Aluminium,Al,118,12.796647227391006
Aluminium,Al,119,12.931932224303107
Aluminium,Al,120,13.065475803646864
Aluminium,Al,121,13.197291336429041
Aluminium,Al,122,13.32739287851016
Aluminium,Al,123,13.455795107026688
Aluminium,Al,124,13.582513260608701
Aluminium,Al,125,13.707563083207727
Aluminium,Al,126,13.830960771355702
Aluminium,Al,127,13.952722924682421
Aluminium,Al,128,14.072866499525192
Aluminium,Al,129,14.191408765470813
Aluminium,Al,130,14.308367264676569
Aluminium,Al,131,14.423759773823077
Aluminium,Al,132,14.537604268558232
Aluminium,Al,133,14.649918890297537
Aluminium,Al,134,14.760721915252258
Aluminium,Al,135,14.870031725562496
Aluminium,Al,136,14.97786678241822
Aluminium,Al,137,15.084245601056644
Aluminium,Al,138,15.189186727529846
Aluminium,Al,139,15.292708717141508
Aluminium,Al,140,15.394830114456939
Aluminium,Al,141,15.495569434795044
Aluminium,Al,142,15.594945147115745
Aluminium,Al,143,15.692975658220714
Aluminium,Al,144,15.789679298189451
Aluminium,Al,145,15.885074306977044
Aluminium,Al,146,15.979178822103524
Aluminium,Al,147,16.072010867368768
Aluminium,Al,148,16.163588342530176
Aluminium,Al,149,16.253929013883997
Aluminium,Al,150,16.343050505694073
Aluminium,Al,151,16.430970292415314
Aluminium,Al,152,16.517705691661611
Aluminium,Al,153,16.603273857871095
Aluminium,Al,154,16.687691776624042
Aluminium,Al,155,16.770976259571427
Aluminium,Al,156,16.853143939934249
Aluminium,Al,157,16.934211268536288
Aluminium,Al,158,17.014194510335024
Aluminium,Al,159,17.093109741417241
Aluminium,Al,160,17.170972846428093
Aluminium,Al,161,17.24779951640414
Aluminium,Al,162,17.323605246982371
Aluminium,Al,163,17.398405336959193
Aluminium,Al,164,17.472214887174665
Aluminium,Al,165,17.545048799698804
Aluminium,Al,166,17.616921777298202
Aluminium,Al,167,17.687848323162463
Aluminium,Al,168,17.757842740871141
Aluminium,Al,169,17.826919134583136
Aluminium,Al,170,17.895091409431611
Aluminium,Al,171,17.962373272108302
Aluminium,Al,172,18.028778231622443
Aluminium,Al,173,18.094319600220086
Aluminium,Al,174,18.159010494450808
Aluminium,Al,175,18.222863836369228
Aluminium,Al,176,18.285892354859989
Aluminium,Al,177,18.348108587075178
Aluminium,Al,178,18.409524879974043
Aluminium,Al,179,18.47015339195567
Aluminium,Al,180,18.530006094575416
Aluminium,Al,181,18.589094774337056
Aluminium,Al,182,18.647431034552671
Aluminium,Al,183,18.705026297263135
Aluminium,Al,184,18.761891805212301
Aluminium,Al,185,18.81803862386861
Aluminium,Al,186,18.873477643488208
Aluminium,Al,187,18.92821958121403
Aluminium,Al,188,18.982274983205748
Aluminium,Al,189,19.035654226795746
Aluminium,Al,190,19.088367522666786
Aluminium,Al,191,19.140424917047035
Aluminium,Al,192,19.191836293918872
Aluminium,Al,193,19.242611377237633
Aluminium,Al,194,19.292759733157244
Aluminium,Al,195,19.342290772259439
Aluminium,Al,196,19.391213751783969
Aluminium,Al,197,19.439537777856977
Aluminium,Al,198,19.487271807715253
Aluminium,Al,199,19.534424651924073
Aluminium,Al,200,19.58100497658663
Aluminium,Al,201,19.627021305543124
Aluminium,Al,202,19.672482022557773
Aluminium,Al,203,19.717395373492238
Aluminium,Al,204,19.761769468463921
Aluminium,Al,205,19.805612283987916
Aluminium,Al,206,19.848931665101308
Aluminium,Al,207,19.891735327468812
Aluminium,Al,208,19.934030859468777
Aluminium,Al,209,19.975825724258598
Aluminium,Al,210,20.017127261818825
Aluminium,Al,211,20.057942690975207
Aluminium,Al,212,20.098279111398096
Aluminium,Al,213,20.138143505578579
Aluminium,Al,214,20.177542740780979
Aluminium,Al,215,20.216483570971167
Aluminium,Al,216,20.254972638720435
Aluminium,Al,217,20.293016477084588
Aluminium,Al,218,20.330621511457984
Aluminium,Al,219,20.367794061402392
Aluminium,Al,220,20.404540342450421
Aluminium,Al,221,20.440866467883446
Aluminium,Al,222,20.476778450484037
Aluminium,Al,223,20.512282204262682
Aluminium,Al,224,20.547383546158937
Aluminium,Al,225,20.582088197716978
Aluminium,Al,226,20.616401786735622
Aluminium,Al,227,20.650329848892873
Aluminium,Al,228,20.683877829345079
Aluminium,Al,229,20.717051084300909
Aluminium,Al,230,20.749854882570208
Aluminium,Al,231,20.782294407087907
Aluminium,Al,232,20.814374756413223
Aluminium,Al,233,20.846100946204274
Aluminium,Al,234,20.87747791066835
Aluminium,Al,235,20.908510503988094
Aluminium,Al,236,20.939203501723728
Aluminium,Al,237,20.969561602191732
Aluminium,Al,238,20.999589427819998
Aluminium,Al,239,21.02929152647998
Aluminium,Al,240,21.058672372795851
Aluminium,Al,241,21.087736369431198
Aluminium,Al,242,21.116487848353287
Aluminium,Al,243,21.144931072075384
Aluminium,Al,244,21.173070234877251
Aluminium,Al,245,21.20090946400428
Aluminium,Al,246,21.22845282084543
Aluminium,Al,247,21.255704302090273
Aluminium,Al,248,21.282667840865546
Aluminium,Al,249,21.3093473078514
Aluminium,Al,250,21.3357465123777
Aluminium,Al,251,21.361869203500653
Aluminium,Al,252,21.387719071060101
Aluminium,Al,253,21.413299746717744
Aluminium,Al,254,21.438614804976577
Aluminium,Al,255,21.463667764181945
Aluminium,Al,256,21.488462087504313
Aluminium,Al,257,21.513001183904279
Aluminium,Al,258,21.537288409079981
Aluminium,Al,259,21.561327066397158
Aluminium,Al,260,21.585120407802329
Aluminium,Al,261,21.608671634719162
Aluminium,Al,262,21.631983898928492
Aluminium,Al,263,21.655060303432169
Aluminium,Al,264,21.677903903301043
Aluminium,Al,265,21.700517706507402
Aluminium,Al,266,21.722904674742026
Aluminium,Al,267,21.745067724216284
Aluminium,Al,268,21.767009726449395
Aluminium,Al,269,21.788733509041204
Aluminium,Al,270,21.810241856430714
Aluminium,Al,271,21.831537510640608
Aluminium,Al,272,21.852623172008023
Aluminium,Al,273,21.873501499901849
Aluminium,Al,274,21.894175113426797
Aluminium,Al,275,21.914646592114433
Aluminium,Al,276,21.934918476601453
Aluminium,Al,277,21.954993269295429
Aluminium,Al,278,21.974873435028329
Aluminium,Al,279,21.994561401697812
Aluminium,Al,280,22.014059560896854
Aluminium,Al,281,22.033370268531641
Aluminium,Al,282,22.052495845428091
Aluminium,Al,283,22.071438577927186
Aluminium,Al,284,22.090200718469323
Aluminium,Al,285,22.108784486167881
Aluminium,Al,286,22.127192067372249
Aluminium,Al,287,22.145425616220443
Aluminium,Al,288,22.163487255181565
Aluminium,Al,289,22.181379075588296
Aluminium,Al,290,22.199103138159604
Aluminium,Al,291,22.216661473513795
Aluminium,Al,292,22.234056082672204
Aluminium,Al,293,22.25128893755361
Aluminium,Al,294,22.268361981459609
Aluminium,Al,295,22.285277129551073
Aluminium,Al,296,22.302036269315884
Aluminium,Al,297,22.318641261028166
Aluminium,Al,298,22.335093938199048
Aluminium,Al,299,22.351396108019244
Aluminium,Al,300,22.367549551793584
Aluminium,Al,301,22.383556025367579
Aluminium,Al,302,22.399417259546237
Aluminium,Al,303,22.415134960505274
Aluminium,Al,304,22.430710810194864
Aluminium,Al,305,22.44614646673606
Aluminium,Al,306,22.461443564809972
Aluminium,Al,307,22.476603716040024
Aluminium,Al,308,22.491628509367168
Aluminium,Al,309,22.506519511418421
Aluminium,Al,310,22.521278266868674
Aluminium,Al,311,22.535906298796078
Aluminium,Al,312,22.550405109030915
Aluminium,Al,313,22.564776178498324
Aluminium,Al,314,22.579020967554765
Aluminium,Al,315,22.593140916318564
Aluminium,Al,316,22.607137444994414
Aluminium,Al,317,22.621011954192191
Aluminium,Al,318,22.634765825239999
Aluminium,Al,319,22.648400420491686
Aluminium,Al,320,22.661917083628843
Aluminium,Al,321,22.675317139957478
Aluminium,Al,322,22.688601896699367
Aluminium,Al,323,22.701772643278289
Aluminium,Al,324,22.714830651601169
Aluminium,Al,325,22.727777176334271
Aluminium,Al,326,22.740613455174486
Aluminium,Al,327,22.753340709115857
Aluminium,Al,328,22.765960142711421
Aluminium,Al,329,22.778472944330424
Aluminium,Al,330,22.790880286411042
Aluminium,Al,331,22.803183325708691
Aluminium,Al,332,22.815383203539941
Aluminium,Al,333,22.827481046022204
Aluminium,Al,334,22.839477964309282
Aluminium,Al,335,22.851375054822707
Aluminium,Al,336,22.86317339947918
Aluminium,Al,337,22.874874065913968
Aluminium,Al,338,22.88647810770048
Aluminium,Al,339,22.897986564566047
Aluminium,Al,340,22.909400462603912
Aluminium,Al,341,22.92072081448168
Aluminium,Al,342,22.93194861964604
Aluminium,Al,343,22.943084864524081
Aluminium,Al,344,22.954130522721105
Aluminium,Al,345,22.965086555215038
Aluminium,Al,346,22.975953910547535
Aluminium,Al,347,22.986733525011843
Aluminium,Al,348,22.997426322837427
Aluminium,Al,349,23.008033216371441
Aluminium,Al,350,23.018555106257143
Aluminium,Al,351,23.028992881609327
Aluminium,Al,352,23.039347420186687
Aluminium,Al,353,23.049619588561324
Aluminium,Al,354,23.059810242285401
Aluminium,Al,355,23.069920226054954
Aluminium,Al,356,23.079950373870975
Aluminium,Al,357,23.089901509197812
Aluminium,Al,358,23.099774445118832
Aluminium,Al,359,23.109569984489564
Aluminium,Al,360,23.119288920088266
Aluminium,Al,361,23.12893203476392
Aluminium,Al,362,23.13850010158184
Aluminium,Al,363,23.147993883966862
Aluminium,Al,364,23.157414135844054
Aluminium,Al,365,23.166761601777239
Aluminium,Al,366,23.176037017105138
Aluminium,Al,367,23.185241108075253
Aluminium,Al,368,23.19437459197561
Aluminium,Al,369,23.203438177264324
Aluminium,Al,370,23.212432563696975
Aluminium,Al,371,23.221358442451979
Aluminium,Al,372,23.230216496253824
Aluminium,Al,373,23.239007399494383
Aluminium,Al,374,23.247731818352186
Aluminium,Al,375,23.256390410909773
Aluminium,Al,376,23.26498382726912
Aluminium,Al,377,23.273512709665262
Aluminium,Al,378,23.281977692577968
Aluminium,Al,379,23.290379402841729
Aluminium,Al,380,23.298718459753886
Aluminium,Al,381,23.306995475181029
Aluminium,Al,382,23.315211053663734
Aluminium,Al,383,23.323365792519581
Aluminium,Al,384,23.331460281944551
Aluminium,Al,385,23.339495105112736
Aluminium,Al,386,23.347470838274539
Aluminium,Al,387,23.35538805085331
Aluminium,Al,388,23.363247305540327
Aluminium,Al,389,23.371049158388427
Aluminium,Al,390,23.378794158904061
Aluminium,Al,391,23.386482850137927
Aluminium,Al,392,23.394115768774114
Aluminium,Al,393,23.401693445217969
Aluminium,Al,394,23.409216403682418
Aluminium,Al,395,23.416685162273065
Aluminium,Al,396,23.424100233071929
Aluminium,Al,397,23.431462122219784
Aluminium,Al,398,23.43877132999733
Aluminium,Al,399,23.446028350905038
Aluminium,Al,400,23.453233673741774
Aluminium,Al,401,23.460387781682169
Aluminium,Al,402,23.467491152352824
Aluminium,Al,403,23.47454425790734
Aluminium,Al,404,23.481547565100165
Aluminium,Al,405,23.488501535359305
Aluminium,Al,406,23.495406624857932
Aluminium,Al,407,23.502263284584874
Aluminium,Al,408,23.509071960414044
Aluminium,Al,409,23.515833093172795
Aluminium,Al,410,23.522547118709248
Aluminium,Al,411,23.529214467958528
Aluminium,Al,412,23.535835567008075
Aluminium,Al,413,23.542410837161963
Aluminium,Al,414,23.548940695004127
Aluminium,Al,415,23.55542555246079
Aluminium,Al,416,23.561865816861818
Aluminium,Al,417,23.568261891001253
Aluminium,Al,418,23.574614173196835
Aluminium,Al,419,23.580923057348716
Aluminium,Al,420,23.587188932997218
Aluminium,Al,421,23.593412185379822
Aluminium,Al,422,23.599593195487188
Aluminium,Al,423,23.605732340118411
Aluminium,Al,424,23.611829991935494
Aluminium,Al,425,23.617886519516858
Aluminium,Al,426,23.623902287410264
Aluminium,Al,427,23.629877656184746
Aluminium,Al,428,23.63581298248198
Aluminium,Al,429,23.641708619066687
Aluminium,Al,430,23.647564914876437
Aluminium,Al,431,23.653382215070724
Aluminium,Al,432,23.659160861079183
Aluminium,Al,433,23.664901190649282
Aluminium,Al,434,23.670603537893161
Aluminium,Al,435,23.676268233333889
Aluminium,Al,436,23.681895603950988
Aluminium,Al,437,23.687485973225343
Aluminium,Al,438,23.693039661183395
Aluminium,Al,439,23.698556984440781
Aluminium,Al,440,23.704038256245255
Aluminium,Al,441,23.709483786519023
Aluminium,Al,442,23.71489388190048
Aluminium,Al,443,23.720268845785373
Aluminium,Al,444,23.725608978367308
Aluminium,Al,445,23.73091457667763
Aluminium,Al,446,23.736185934624974
Aluminium,Al,447,23.741423343033915
Aluminium,Al,448,23.746627089683336
Aluminium,Al,449,23.751797459344118
Aluminium,Al,450,23.756934733816308
Aluminium,Al,451,23.76203919196578
Aluminium,Al,452,23.767111109760425
Aluminium,Al,453,23.772150760305685
Aluminium,Al,454,23.777158413879743
Aluminium,Al,455,23.782134337968138
Aluminium,Al,456,23.787078797297863
Aluminium,Al,457,23.791992053871102
Aluminium,Al,458,23.796874366998356
Aluminium,Al,459,23.801725993331161
Aluminium,Al,460,23.806547186894438
Aluminium,Al,461,23.811338199118204
Aluminium,Al,462,23.816099278869025
Aluminium,Al,463,23.820830672480902
Aluminium,Al,464,23.825532623785808
Aluminium,Al,465,23.830205374143784
Aluminium,Al,466,23.834849162472565
Aluminium,Al,467,23.839464225276892
Aluminium,Al,468,23.844050796677347
Aluminium,Al,469,23.848609108438808
Aluminium,Al,470,23.853139389998489
Aluminium,Al,471,23.85764186849374
Aluminium,Al,472,23.8621167687892
Aluminium,Al,473,23.866564313503851
Aluminium,Al,474,23.870984723037513
Aluminium,Al,475,23.875378215597088
Aluminium,Al,476,23.879745007222404
Aluminium,Al,477,23.884085311811685
Aluminium,Al,478,23.888399341146737
Aluminium,Al,479,23.892687304917757
Aluminium,Al,480,23.896949410747766
Aluminium,Al,481,23.901185864216838
Aluminium,Al,482,23.905396868885862
Aluminium,Al,483,23.909582626320066
Aluminium,Al,484,23.913743336112194
Aluminium,Al,485,23.917879195905417
Aluminium,Al,486,23.921990401415862
Aluminium,Al,487,23.926077146454915
Aluminium,Al,488,23.930139622951213
Aluminium,Al,489,23.934178020972261
Aluminium,Al,490,23.938192528745912
Aluminium,Al,491,23.942183332681406
Aluminium,Al,492,23.946150617390284
Aluminium,Al,493,23.950094565706838
Aluminium,Al,494,23.95401535870851
Aluminium,Al,495,23.957913175735854
Aluminium,Al,496,23.961788194412307
Aluminium,Al,497,23.965640590663689
Aluminium,Al,498,23.969470538737436
Aluminium,Al,499,23.973278211221615
Aluminium,Al,500,23.977063779063659
Aluminium,Al,501,23.980827411588876
Aluminium,Al,502,23.98456927651867
Aluminium,Al,503,23.988289539988632
Aluminium,Al,504,23.991988366566286
Aluminium,Al,505,23.995665919268653
Aluminium,Al,506,23.99932235957958
Aluminium,Al,507,24.002957847466895
Aluminium,Al,508,24.006572541399247
Aluminium,Al,509,24.01016659836278
Aluminium,Al,510,24.01374017387764
Aluminium,Al,511,24.01729342201417
Aluminium,Al,512,24.020826495408976
Aluminium,Al,513,24.024339545280782
Aluminium,Al,514,24.027832721446014
Aluminium,Al,515,24.031306172334308
Aluminium,Al,516,24.034760045003654
Aluminium,Al,517,24.038194485155554
Aluminium,Al,518,24.04160963714979
Aluminium,Al,519,24.04500564401912
Aluminium,Al,520,24.048382647483795
Aluminium,Al,521,24.051740787965809
Aluminium,Al,522,24.055080204603041
Aluminium,Al,523,24.058401035263234
Aluminium,Al,524,24.061703416557698
Aluminium,Al,525,24.064987483854956
Aluminium,Al,526,24.068253371294158
Aluminium,Al,527,24.071501211798342
Aluminium,Al,528,24.074731137087536
Aluminium,Al,529,24.077943277691684
Aluminium,Al,530,24.081137762963397
Aluminium,Al,531,24.084314721090585
Aluminium,Al,532,24.087474279108964
Aluminium,Al,533,24.090616562914267
Aluminium,Al,534,24.09374169727446
Aluminium,Al,535,24.09684980584171
Aluminium,Al,536,24.099941011164294
Aluminium,Al,537,24.103015434698236
Aluminium,Al,538,24.10607319681894
Aluminium,Al,539,24.109114416832551
Aluminium,Al,540,24.112139212987302
Aluminium,Al,541,24.115147702484641
Aluminium,Al,542,24.1181400014902
Aluminium,Al,543,24.121116225144757
Aluminium,Al,544,24.124076487574904
Aluminium,Al,545,24.127020901903713
Aluminium,Al,546,24.12994958026119
Aluminium,Al,547,24.13286263379468
Aluminium,Al,548,24.13576017267906
Aluminium,Al,549,24.138642306126879
Aluminium,Al,550,24.141509142398338
Aluminium,Al,551,24.144360788811156
Aluminium,Al,552,24.147197351750364
Aluminium,Al,553,24.150018936677878
Aluminium,Al,554,24.152825648142073
Aluminium,Al,555,24.155617589787184
Aluminium,Al,556,24.158394864362567
Aluminium,Al,557,24.161157573731945
Aluminium,Al,558,24.163905818882416
Aluminium,Al,559,24.166639699933494
Aluminium,Al,560,24.169359316145922
Aluminium,Al,561,24.172064765930436
Aluminium,Al,562,24.174756146856474
Aluminium,Al,563,24.177433555660627
Aluminium,Al,564,24.180097088255202
Aluminium,Al,565,24.182746839736534
Aluminium,Al,566,24.185382904393204
Aluminium,Al,567,24.188005375714248
Aluminium,Al,568,24.190614346397211
Aluminium,Al,569,24.193209908356121
Aluminium,Al,570,24.195792152729325
Aluminium,Al,571,24.198361169887342
Aluminium,Al,572,24.20091704944052
Aluminium,Al,573,24.203459880246648
Aluminium,Al,574,24.20598975041846
Aluminium,Al,575,24.208506747331125
Aluminium,Al,576,24.211010957629508
Aluminium,Al,577,24.213502467235489
Aluminium,Al,578,24.215981361355134
Aluminium,Al,579,24.218447724485774
Aluminium,Al,580,24.220901640423044
Aluminium,Al,581,24.223343192267787
Aluminium,Al,582,24.225772462432946
Aluminium,Al,583,24.228189532650287
Aluminium,Al,584,24.230594483977161
Aluminium,Al,585,24.232987396803079
Aluminium,Al,586,24.235368350856291
Aluminium,Al,587,24.237737425210227
Aluminium,Al,588,24.240094698289937
Aluminium,Al,589,24.242440247878399
Aluminium,Al,590,24.244774151122758
Aluminium,Al,591,24.247096484540563
Aluminium,Al,592,24.2494073240258
Aluminium,Al,593,24.251706744855049
Aluminium,Al,594,24.253994821693357
Aluminium,Al,595,24.256271628600228
Aluminium,Al,596,24.258537239035419
Aluminium,Al,597,24.260791725864788
Aluminium,Al,598,24.263035161365913
Aluminium,Al,599,24.265267617233839
Aluminium,Al,600,24.267489164586589
Aluminium,Al,601,24.269699873970776
Aluminium,Al,602,24.271899815367
Aluminium,Al,603,24.27408905819528
Aluminium,Al,604,24.276267671320426
Aluminium,Al,605,24.278435723057246
Aluminium,Al,606,24.280593281175907
Aluminium,Al,607,24.282740412906961
Aluminium,Al,608,24.284877184946591
Aluminium,Al,609,24.287003663461569
Aluminium,Al,610,24.289119914094304
Aluminium,Al,611,24.291226001967821
Aluminium,Al,612,24.293321991690565
Aluminium,Al,613,24.295407947361355
Aluminium,Al,614,24.297483932574085
Aluminium,Al,615,24.299550010422504
Aluminium,Al,616,24.301606243504867
Aluminium,Al,617,24.303652693928637
Aluminium,Al,618,24.305689423314977
Aluminium,Al,619,24.307716492803365
Aluminium,Al,620,24.309733963056029
Aluminium,Al,621,24.311741894262408
Aluminium,Al,622,24.313740346143515
Aluminium,Al,623,24.315729377956334
Aluminium,Al,624,24.317709048498077
Aluminium,Al,625,24.319679416110393
Aluminium,Al,626,24.321640538683681
Aluminium,Al,627,24.323592473661126
Aluminium,Al,628,24.325535278042921
Aluminium,Al,629,24.327469008390242
Aluminium,Al,630,24.32939372082938
Aluminium,Al,631,24.331309471055629
Aluminium,Al,632,24.333216314337268
Aluminium,Al,633,24.33511430551949
Aluminium,Al,634,24.337003499028217
Aluminium,Al,635,24.338883948873931
Aluminium,Al,636,24.340755708655479
Aluminium,Al,637,24.342618831563783
Aluminium,Al,638,24.344473370385515
Aluminium,Al,639,24.346319377506859
Aluminium,Al,640,24.348156904916987
Aluminium,Al,641,24.349986004211765
Aluminium,Al,642,24.351806726597243
Aluminium,Al,643,24.353619122893196
Aluminium,Al,644,24.355423243536546
Aluminium,Al,645,24.357219138584856
Aluminium,Al,646,24.359006857719663
Aluminium,Al,647,24.360786450249947
Aluminium,Al,648,24.362557965115364
Aluminium,Al,649,24.364321450889605
Aluminium,Al,650,24.366076955783594
Aluminium,Al,651,24.367824527648775
Aluminium,Al,652,24.369564213980304
Aluminium,Al,653,24.371296061920177
Aluminium,Al,654,24.373020118260381
Aluminium,Al,655,24.37473642944601
Aluminium,Al,656,24.376445041578272
Aluminium,Al,657,24.378146000417583
Aluminium,Al,658,24.379839351386561
Aluminium,Al,659,24.381525139572972
Aluminium,Al,660,24.383203409732683
Aluminium,Al,661,24.384874206292597
Aluminium,Al,662,24.386537573353507
Aluminium,Al,663,24.388193554692961
Aluminium,Al,664,24.389842193768089
Aluminium,Al,665,24.391483533718407
Aluminium,Al,666,24.393117617368578
Aluminium,Al,667,24.394744487231094
Aluminium,Al,668,24.396364185509135
Aluminium,Al,669,24.39797675409908
Aluminium,Al,670,24.3995822345933
Aluminium,Al,671,24.401180668282727
Aluminium,Al,672,24.402772096159435
Aluminium,Al,673,24.404356558919311
Aluminium,Al,674,24.405934096964483
Aluminium,Al,675,24.407504750405966
Aluminium,Al,676,24.409068559066096
Aluminium,Al,677,24.41062556248103
Aluminium,Al,678,24.41217579990316
Aluminium,Al,679,24.413719310303605
Aluminium,Al,680,24.415256132374594
Aluminium,Al,681,24.416786304531794
Aluminium,Al,682,24.418309864916761
Aluminium,Al,683,24.419826851399172
Aluminium,Al,684,24.421337301579225
Aluminium,Al,685,24.422841252789862
Aluminium,Al,686,24.424338742099078
Aluminium,Al,687,24.425829806312137
Aluminium,Al,688,24.427314481973777
Aluminium,Al,689,24.428792805370499
Aluminium,Al,690,24.430264812532613
Aluminium,Al,691,24.431730539236479
Aluminium,Al,692,24.433190021006659
Aluminium,Al,693,24.434643293117954
Aluminium,Al,694,24.436090390597553
Aluminium,Al,695,24.437531348227104
Aluminium,Al,696,24.438966200544758
Aluminium,Al,697,24.440394981847181
Aluminium,Al,698,24.441817726191626
Aluminium,Al,699,24.443234467397861
Aluminium,Al,700,24.444645239050175
Aluminium,Al,701,24.446050074499357
Aluminium,Al,702,24.447449006864588
Aluminium,Al,703,24.448842069035372
Aluminium,Al,704,24.450229293673473
Aluminium,Al,705,24.451610713214755
Aluminium,Al,706,24.452986359871062
Aluminium,Al,707,24.454356265632054
Aluminium,Al,708,24.455720462267042
Aluminium,Al,709,24.457078981326827
Aluminium,Al,710,24.458431854145427
Aluminium,Al,711,24.459779111841929
Aluminium,Al,712,24.46112078532218
Aluminium,Al,713,24.462456905280597
Aluminium,Al,714,24.463787502201846
Aluminium,Al,715,24.465112606362549
Aluminium,Al,716,24.466432247833023
Aluminium,Al,717,24.467746456478903
Aluminium,Al,718,24.469055261962858
Aluminium,Al,719,24.470358693746181
Aluminium,Al,720,24.471656781090488
Aluminium,Al,721,24.472949553059259
Aluminium,Al,722,24.47423703851948
Aluminium,Al,723,24.475519266143245
Aluminium,Al,724,24.476796264409295
Aluminium,Al,725,24.478068061604564
Aluminium,Al,726,24.479334685825766
Aluminium,Al,727,24.480596164980881
Aluminium,Al,728,24.481852526790682
Aluminium,Al,729,24.483103798790264
Aluminium,Al,730,24.484350008330455
Aluminium,Al,731,24.485591182579366
Aluminium,Al,732,24.486827348523803
Aluminium,Al,733,24.488058532970712
Aluminium,Al,734,24.489284762548628
Aluminium,Al,735,24.490506063709098
Aluminium,Al,736,24.491722462728042
Aluminium,Al,737,24.492933985707211
Aluminium,Al,738,24.494140658575496
Aluminium,Al,739,24.495342507090339
Aluminium,Al,740,24.496539556839096
Aluminium,Al,741,24.497731833240305
Aluminium,Al,742,24.498919361545106
Aluminium,Al,743,24.50010216683852
Aluminium,Al,744,24.501280274040724
Aluminium,Al,745,24.502453707908391
Aluminium,Al,746,24.503622493035966
Aluminium,Al,747,24.504786653856872
Aluminium,Al,748,24.50594621464484
Aluminium,Al,749,24.507101199515169
Aluminium,Al,750,24.508251632425853
Aluminium,Al,751,24.509397537178927
Aluminium,Al,752,24.510538937421632
Aluminium,Al,753,24.511675856647585
Aluminium,Al,754,24.51280831819799
Aluminium,Al,755,24.513936345262874
Aluminium,Al,756,24.515059960882159
Aluminium,Al,757,24.516179187946918
Aluminium,Al,758,24.517294049200423
Aluminium,Al,759,24.518404567239397
Aluminium,Al,760,24.519510764515044
Aluminium,Al,761,24.520612663334212
Aluminium,Al,762,24.521710285860525
Aluminium,Al,763,24.522803654115425
Aluminium,Al,764,24.523892789979271
Aluminium,Al,765,24.524977715192481
Aluminium,Al,766,24.526058451356537
Aluminium,Al,767,24.527135019935045
Aluminium,Al,768,24.528207442254832
Aluminium,Al,769,24.529275739506954
Aluminium,Al,770,24.530339932747719
Aluminium,Al,771,24.531400042899737
Aluminium,Al,772,24.532456090752916
Aluminium,Al,773,24.533508096965477
Aluminium,Al,774,24.534556082064956
Aluminium,Al,775,24.535600066449145
Aluminium,Al,776,24.536640070387161
Aluminium,Al,777,24.537676114020318
Aluminium,Al,778,24.538708217363148
Aluminium,Al,779,24.539736400304335
Aluminium,Al,780,24.540760682607697
Aluminium,Al,781,24.541781083913015
Aluminium,Al,782,24.542797623737115
Aluminium,Al,783,24.543810321474687
Aluminium,Al,784,24.544819196399178
Aluminium,Al,785,24.545824267663814
Aluminium,Al,786,24.546825554302355
Aluminium,Al,787,24.547823075230092
Aluminium,Al,788,24.548816849244666
Aluminium,Al,789,24.549806895026965
Aluminium,Al,790,24.550793231142002
Aluminium,Al,791,24.551775876039752
Aluminium,Al,792,24.552754848055997
Aluminium,Al,793,24.553730165413217
Aluminium,Al,794,24.554701846221366
Aluminium,Al,795,24.555669908478741
Aluminium,Al,796,24.556634370072786
Aluminium,Al,797,24.557595248780906
Aluminium,Al,798,24.558552562271327
Aluminium,Al,799,24.559506328103801
Aluminium,Al,800,24.56045656373049
Iron,Fe,0,0
Iron,Fe,1,1.084432278286465e-158
Iron,Fe,2,4.9254926867048128e-77
Iron,Fe,3,5.7548795526355154e-50
Iron,Fe,4,1.6597523958589599e-36
Iron,Fe,5,1.7871211788941335e-28
Iron,Fe,6,3.7822072702574504e-23
Iron,Fe,7,2.2959457080051296e-19
Iron,Fe,8,1.5233865658016523e-16
Iron,Fe,9,2.3199885045875755e-14
Iron,Fe,10,1.2646066378456461e-12
Iron,Fe,11,3.2718535384983524e-11
Iron,Fe,12,4.8480810615907354e-10
Iron,Fe,13,4.6843804872054131e-09
Iron,Fe,14,3.237659909748579e-08
Iron,Fe,15,1.7128792746737509e-07
Iron,Fe,16,7.297322404828986e-07
Iron,Fe,17,2.6022768866577756e-06
Iron,Fe,18,8.00477019132048e-06
Iron,Fe,19,2.1748797928060433e-05
Iron,Fe,20,5.3189535086327991e-05
Iron,Fe,21,0.00011889363099484615
Iron,Fe,22,0.00024595334400959835
Iron,Fe,23,0.00047574918739439202
Iron,Fe,24,0.00086786519608076848
Iron,Fe,25,0.0015038085020963206
Iron,Fe,26,0.0024901849177243673
Iron,Fe,27,0.003961029336409027
Iron,Fe,28,0.0060790707136411807
Iron,Fe,29,0.0090358098024968369
Iron,Fe,30,0.0130503881530317
Iron,Fe,31,0.018367316924822744
Iron,Fe,32,0.025253205917409136
Iron,Fe,33,0.033992683223454376
Iron,Fe,34,0.044883723838441976
Iron,Fe,35,0.058232613631069963
Iron,Fe,36,0.074348766916481235
Iron,Fe,37,0.093539595672743364
Iron,Fe,38,0.11610560033777831
Iron,Fe,39,0.14233581980628912
Iron,Fe,40,0.17250374474230248
Iron,Fe,41,0.20686376593608052
Iron,Fe,42,0.24564819977193536
Iron,Fe,43,0.28906490693245041
Iron,Fe,44,0.33729549874094178
Iron,Fe,45,0.39049410814902158
Iron,Fe,46,0.44878668914443287
Iron,Fe,47,0.51227079893696492
Iron,Fe,48,0.58101581122082135
Iron,Fe,49,0.65506350560508109
Iron,Fe,50,0.73442897743879498
Iron,Fe,51,0.81910181324639142
Iron,Fe,52,0.90904747938741759
Iron,Fe,53,1.0042088749698377
Iron,Fe,54,1.1045080041426387
Iron,Fe,55,1.2098477273923096
Iron,Fe,56,1.320113556143288
Iron,Fe,57,1.435175459637603
Iron,Fe,58,1.5548896576094402
Iron,Fe,59,1.6791003765784069
Iron,Fe,60,1.8076415515941147
Iron,Fe,61,1.9403384589323467
Iron,Fe,62,2.0770092685480219
Iron,Fe,63,2.2174665080262246
Iron,Fe,64,2.361518432345707
Iron,Fe,65,2.5089702959940285
Iron,Fe,66,2.6596255258704429
Iron,Fe,67,2.8132867950062286
Iron,Fe,68,2.9697569984491983
Iron,Fe,69,3.1288401337270892
Iron,Fe,70,3.29034208915105
Iron,Fe,71,3.4540713438719792
Iron,Fe,72,3.6198395840846449
Iron,Fe,73,3.7874622401106106
Iron,Fe,74,3.9567589493029738
Iron,Fe,75,4.1275539498236116
Iron,Fe,76,4.2996764103643104
Iron,Fe,77,4.472960700833382
Iron,Fe,78,4.6472466089221331
Iron,Fe,79,4.822379507313868
Iron,Fe,80,4.9982104761116988
Iron,Fe,81,5.1745963848499805
Iron,Fe,82,5.3513999382247155
Iron,Fe,83,5.5284896894377518
Iron,Fe,84,5.7057400248029557
Iron,Fe,85,5.8830311230144865
Iron,Fe,86,6.0602488922311863
Iron,Fe,87,6.2372848878898708
Iron,Fe,88,6.4140362139262184
Iron,Fe,89,6.5904054098566149
Iron,Fe,90,6.7663003259590102
Iron,Fe,91,6.9416339885865295
Iron,Fe,92,7.1163244574544242
Iron,Fe,93,7.2902946765601282
Iron,Fe,94,7.4634723202263329
Iron,Fe,95,7.635789635599771
Iron,Fe,96,7.8071832827919119
Iron,Fe,97,7.9775941737129195
Iron,Fe,98,8.146967310525941
Iron,Fe,99,8.3152516245346906
Iron,Fe,100,8.4823998162132614
Iron,Fe,101,8.6483681969918003
Iron,Fe,102,8.8131165333256387
Iron,Fe,103,8.9766078934969666
Iron,Fe,104,9.1388084975276804
Iron,Fe,105,9.299687570518353
Iron,Fe,106,9.4592171996710306
Iron,Fe,107,9.6173721952027673
Iron,Fe,108,9.7741299553108387
Iron,Fe,109,9.9294703353104605
Iron,Fe,110,10.08337552102973
Iron,Fe,111,10.23582990651501
Iron,Fe,112,10.386819976072267
Iron,Fe,113,10.536334190645494
Iron,Fe,114,10.68436287851244
Iron,Fe,115,10.830898130259623
Iron,Fe,116,10.975933697982972
Iron,Fe,117,11.119464898647218
Iron,Fe,118,11.261488521525951
Iron,Fe,119,11.402002739635028
Iron,Fe,120,11.541007025064244
Iron,Fe,121,11.67850206810615
Iron,Fe,122,11.81448970007605
Iron,Fe,123,11.948972819713488
Iron,Fe,124,12.081955323052989
Iron,Fe,125,12.21344203664998
Iron,Fe,126,12.343438654047027
Iron,Fe,127,12.471951675365137
Iron,Fe,128,12.598988349905278
Iron,Fe,129,12.724556621646169
Iron,Fe,130,12.848665077525611
Iron,Fe,131,12.971322898394392
Iron,Fe,132,13.092539812533719
Iron,Fe,133,13.212326051629441
Iron,Fe,134,13.330692309098735
Iron,Fe,135,13.447649700667654
Iron,Fe,136,13.56320972710056
Iron,Fe,137,13.677384238985592
Iron,Fe,138,13.790185403482967
Iron,Fe,139,13.901625672946169
Iron,Fe,140,14.011717755329064
Iron,Fe,141,14.120474586294851
Iron,Fe,142,14.227909302946051
Iron,Fe,143,14.334035219097592
Iron,Fe,144,14.438865802018059
Iron,Fe,145,14.542414650567117
Iron,Fe,146,14.644695474660088
Iron,Fe,147,14.745722075993319
Iron,Fe,148,14.845508329966966
Iron,Fe,149,14.944068168744243
Iron,Fe,150,15.041415565389137
Iron,Fe,151,15.137564519026791
Iron,Fe,152,15.232529040973549
Iron,Fe,153,15.326323141785728
Iron,Fe,154,15.418960819178828
Iron,Fe,155,15.510456046770777
Iron,Fe,156,15.600822763605297
Iron,Fe,157,15.69007486441321
Iron,Fe,158,15.778226190571822
Iron,Fe,159,15.865290521724082
Iron,Fe,160,15.95128156802148
Iron,Fe,161,16.03621296295594
Iron,Fe,162,16.12009825674803
Iron,Fe,163,16.202950910260224
Iron,Fe,164,16.284784289405582
Iron,Fe,165,16.365611660023639
Iron,Fe,166,16.445446183196786
Iron,Fe,167,16.524300910981683
Iron,Fe,168,16.602188782531634
Iron,Fe,169,16.67912262058702
Iron,Fe,170,16.755115128312077
Iron,Fe,171,16.830178886457421
Iron,Fe,172,16.904326350828885
Iron,Fe,173,16.977569850044038
Iron,Fe,174,17.049921583558962
Iron,Fe,175,17.12139361994868
Iron,Fe,176,17.191997895425448
Iron,Fe,177,17.261746212580054
Iron,Fe,178,17.33065023933208
Iron,Fe,179,17.398721508075713
Iron,Fe,180,17.465971415008553
Iron,Fe,181,17.532411219631452
Iron,Fe,182,17.598052044408107
Iron,Fe,183,17.662904874573751
Iron,Fe,184,17.726980558082854
Iron,Fe,185,17.790289805686299
Iron,Fe,186,17.852843191129086
Iron,Fe,187,17.914651151459985
Iron,Fe,188,17.975723987445217
Iron,Fe,189,18.036071864078462
Iron,Fe,190,18.095704811180244
Iron,Fe,191,18.154632724079761
Iron,Fe,192,18.212865364372881
Iron,Fe,193,18.270412360750395
Iron,Fe,194,18.327283209890794
Iron,Fe,195,18.383487277412211
Iron,Fe,196,18.439033798878686
Iron,Fe,197,18.493931880855861
Iron,Fe,198,18.548190502011813
Iron,Fe,199,18.601818514258731
Iron,Fe,200,18.654824643931644
Iron,Fe,201,18.707217493000403
Iron,Fe,202,18.759005540311485
Iron,Fe,203,18.810197142856421
Iron,Fe,204,18.860800537063735
Iron,Fe,205,18.910823840111515
Iron,Fe,206,18.960275051258051
Iron,Fe,207,19.009162053187794
Iron,Fe,208,19.057492613370609
Iron,Fe,209,19.105274385431766
Iron,Fe,210,19.152514910530858
Iron,Fe,211,19.199221618747615
Iron,Fe,212,19.245401830472829
Iron,Fe,213,19.291062757802717
Iron,Fe,214,19.336211505935129
Iron,Fe,215,19.380855074566185
Iron,Fe,216,19.425000359285963
Iron,Fe,217,19.468654152971943
Iron,Fe,218,19.511823147179093
Iron,Fe,219,19.554513933525492
Iron,Fe,220,19.596733005072394
Iron,Fe,221,19.638486757698008
Iron,Fe,222,19.679781491463856
Iron,Fe,223,19.7206234119732
Iron,Fe,224,19.761018631720578
Iron,Fe,225,19.800973171431874
Iron,Fe,226,19.840492961394389
Iron,Fe,227,19.87958384277616
Iron,Fe,228,19.918251568934185
Iron,Fe,229,19.956501806711003
Iron,Fe,230,19.994340137719234
Iron,Fe,231,20.031772059613676
Iron,Fe,232,20.068802987350665
Iron,Fe,233,20.105438254434315
Iron,Fe,234,20.141683114149462
Iron,Fe,235,20.177542740780979
Iron,Fe,236,20.213022230819348
Iron,Fe,237,20.248126604152166
Iron,Fe,238,20.282860805241629
Iron,Fe,239,20.317229704287662
Iron,Fe,240,20.351238098376751
Iron,Fe,241,20.384890712616254
Iron,Fe,242,20.418192201254257
Iron,Fe,243,20.451147148784802
Iron,Fe,244,20.483760071038578
Iron,Fe,245,20.516035416258912
Iron,Fe,246,20.547977566163283
Iron,Fe,247,20.579590836990132
Iron,Fe,248,20.610879480531128
Iron,Fe,249,20.641847685148996
Iron,Fe,250,20.672499576780751
Iron,Fe,251,20.702839219926652
Iron,Fe,252,20.732870618624716
Iron,Fe,253,20.762597717411076
Iron,Fe,254,20.792024402266101
Iron,Fe,255,20.821154501546516
Iron,Fe,256,20.849991786903541
Iron,Fe,257,20.878539974187142
Iron,Fe,258,20.906802724336657
Iron,Fe,259,20.934783644257717
Iron,Fe,260,20.962486287685703
Iron,Fe,261,20.989914156035908
Iron,Fe,262,21.017070699240428
Iron,Fe,263,21.043959316571993
Iron,Fe,264,21.070583357454865
Iron,Fe,265,21.09694612226297
Iron,Fe,266,21.12305086310532
Iron,Fe,267,21.148900784599014
Iron,Fe,268,21.174499044629844
Iron,Fe,269,21.199848755100739
Iron,Fe,270,21.224952982668103
Iron,Fe,271,21.249814749466388
Iron,Fe,272,21.274437033820824
Iron,Fe,273,21.2988227709486
Iron,Fe,274,21.322974853648681
Iron,Fe,275,21.34689613298027
Iron,Fe,276,21.370589418930255
Iron,Fe,277,21.394057481069627
Iron,Fe,278,21.417303049199177
Iron,Fe,279,21.440328813984451
Iron,Fe,280,21.463137427580346
Iron,Fe,281,21.485731504245262
Iron,Fe,282,21.508113620945135
Iron,Fe,283,21.530286317947461
Iron,Fe,284,21.552252099405347
Iron,Fe,285,21.574013433932016
Iron,Fe,286,21.595572755165513
Iron,Fe,287,21.616932462324204
Iron,Fe,288,21.638094920752824
Iron,Fe,289,21.659062462459513
Iron,Fe,290,21.679837386643786
Iron,Fe,291,21.700421960215699
Iron,Fe,292,21.72081841830629
Iron,Fe,293,21.741028964769466
Iron,Fe,294,21.761055772675473
Iron,Fe,295,21.780900984796027
Iron,Fe,296,21.800566714081398
Iron,Fe,297,21.820055044129326
Iron,Fe,298,21.839368029646206
Iron,Fe,299,21.858507696900368
Iron,Fe,300,21.877476044167842
Iron,Fe,301,21.896275042170583
Iron,Fe,302,21.914906634507279
Iron,Fe,303,21.933372738076958
Iron,Fe,304,21.951675243495469
Iron,Fe,305,21.969816015504907
Iron,Fe,306,21.987796893376185
Iron,Fe,307,22.005619691304791
Iron,Fe,308,22.023286198799951
Iron,Fe,309,22.040798181067185
Iron,Fe,310,22.058157379384436
Iron,Fe,311,22.075365511471933
Iron,Fe,312,22.092424271855727
Iron,Fe,313,22.10933533222526
Iron,Fe,314,22.126100341784806
Iron,Fe,315,22.142720927599083
Iron,Fe,316,22.159198694933036
Iron,Fe,317,22.175535227585915
Iron,Fe,318,22.191732088219844
Iron,Fe,319,22.20779081868271
Iron,Fe,320,22.223712940325829
Iron,Fe,321,22.239499954316187
Iron,Fe,322,22.255153341943501
Iron,Fe,323,22.270674564922153
Iron,Fe,324,22.286065065688053
Iron,Fe,325,22.301326267690627
Iron,Fe,326,22.31645957567979
Iron,Fe,327,22.331466375988342
Iron,Fe,328,22.346348036809495
Iron,Fe,329,22.36110590846987
Iron,Fe,330,22.37574132369792
Iron,Fe,331,22.390255597887972
Iron,Fe,332,22.404650029359779
Iron,Fe,333,22.418925899613878
Iron,Fe,334,22.43308447358265
Iron,Fe,335,22.447126999877288
Iron,Fe,336,22.461054711030616
Iron,Fe,337,22.474868823736013
Iron,Fe,338,22.488570539082247
Iron,Fe,339,22.502161042784621
Iron,Fe,340,22.515641505412134
Iron,Fe,341,22.529013082611087
Iron,Fe,342,22.542276915324887
Iron,Fe,343,22.555434130010312
Iron,Fe,344,22.568485838850236
Iron,Fe,345,22.581433139962844
Iron,Fe,346,22.594277117607486
Iron,Fe,347,22.607018842387092
Iron,Fe,348,22.619659371447376
Iron,Fe,349,22.632199748672772
Iron,Fe,350,22.644641004879105
Iron,Fe,351,22.656984158003276
Iron,Fe,352,22.669230213289797
Iron,Fe,353,22.681380163474259
Iron,Fe,354,22.69343498896394
Iron,Fe,355,22.705395658015416
Iron,Fe,356,22.717263126909355
Iron,Fe,357,22.729038340122457
Iron,Fe,358,22.740722230496662
Iron,Fe,359,22.752315719405615
Iron,Fe,360,22.763819716918508
Iron,Fe,361,22.775235121961227
Iron,Fe,362,22.786562822474977
Iron,Fe,363,22.797803695572355
Iron,Fe,364,22.808958607690922
Iron,Fe,365,22.820028414744367
Iron,Fe,366,22.831013962271225
Iron,Fe,367,22.841916085581239
Iron,Fe,368,22.852735609899458
Iron,Fe,369,22.863473350507942
Iron,Fe,370,22.874130112885322
Iron,Fe,371,22.884706692844162
Iron,Fe,372,22.895203876666049
Iron,Fe,373,22.905622441234662
Iron,Fe,374,22.915963154166747
Iron,Fe,375,22.926226773940925
Iron,Fe,376,22.936414050024613
Iron,Fe,377,22.946525722998889
Iron,Fe,378,22.956562524681431
Iron,Fe,379,22.966525178247498
Iron,Fe,380,22.976414398349068
Iron,Fe,381,22.986230891232132
Iron,Fe,382,22.995975354852124
Iron,Fe,383,23.005648478987556
Iron,Fe,384,23.015250945351962
Iron,Fe,385,23.024783427704044
Iron,Fe,386,23.03424659195613
Iron,Fe,387,23.043641096280986
Iron,Fe,388,23.052967591216969
Iron,Fe,389,23.062226719771552
Iron,Fe,390,23.071419117523259
Iron,Fe,391,23.080545412722099
Iron,Fe,392,23.089606226388355
Iron,Fe,393,23.098602172409965
Iron,Fe,394,23.107533857638384
Iron,Fe,395,23.116401881982938
Iron,Fe,396,23.125206838503825
Iron,Fe,397,23.133949313503656
Iron,Fe,398,23.14262988661762
Iron,Fe,399,23.151249130902261
Iron,Fe,400,23.159807612922993
Iron,Fe,401,23.168305892840188
Iron,Fe,402,23.176744524494037
Iron,Fe,403,23.185124055488114
Iron,Fe,404,23.193445027271711
Iron,Fe,405,23.201707975220877
Iron,Fe,406,23.209913428718362
Iron,Fe,407,23.218061911232173
Iron,Fe,408,23.226153940393207
Iron,Fe,409,23.234190028071502
Iron,Fe,410,23.24217068045149
Iron,Fe,411,23.250096398106106
Iron,Fe,412,23.257967676069754
Iron,Fe,413,23.265785003910263
Iron,Fe,414,23.273548865799704
Iron,Fe,415,23.281259740584254
Iron,Fe,416,23.288918101852911
Iron,Fe,417,23.296524418005358
Iron,Fe,418,23.304079152318689
Iron,Fe,419,23.311582763013181
Iron,Fe,420,23.319035703317205
Iron,Fe,421,23.326438421531105
Iron,Fe,422,23.333791361090075
Iron,Fe,423,23.341094960626354
Iron,Fe,424,23.34834965403023
Iron,Fe,425,23.355555870510369
Iron,Fe,426,23.362714034653219
Iron,Fe,427,23.369824566481455
Iron,Fe,428,23.376887881511749
Iron,Fe,429,23.383904390811573
Iron,Fe,430,23.390874501055229
Iron,Fe,431,23.397798614579095
Iron,Fe,432,23.404677129436081
Iron,Fe,433,23.411510439449231
Iron,Fe,434,23.418298934264641
Iron,Fe,435,23.425042999403612
Iron,Fe,436,23.431743016314037
Iron,Fe,437,23.438399362421023
Iron,Fe,438,23.445012411176897
Iron,Fe,439,23.45158253211039
Iron,Fe,440,23.458110090875184
Iron,Fe,441,23.464595449297786
Iron,Fe,442,23.471038965424707
Iron,Fe,443,23.477440993568919
Iron,Fe,444,23.48380188435581
Iron,Fe,445,23.490121984768301
Iron,Fe,446,23.496401638191497
Iron,Fe,447,23.502641184456607
Iron,Fe,448,23.508840959884303
Iron,Fe,449,23.515001297327466
Iron,Fe,450,23.521122526213315
Iron,Fe,451,23.527204972585004
Iron,Fe,452,23.53324895914254
Iron,Fe,453,23.539254805283242
Iron,Fe,454,23.545222827141608
Iron,Fe,455,23.55115333762857
Iron,Fe,456,23.557046646470333
Iron,Fe,457,23.562903060246537
Iron,Fe,458,23.568722882427991
Iron,Fe,459,23.57450641341385
Iron,Fe,460,23.580253950568345
Iron,Fe,461,23.585965788256868
Iron,Fe,462,23.591642217881731
Iron,Fe,463,23.597283527917345
Iron,Fe,464,23.602890003944918
Iron,Fe,465,23.608461928686737
Iron,Fe,466,23.613999582039916
Iron,Fe,467,23.619503241109754
Iron,Fe,468,23.624973180242598
Iron,Fe,469,23.630409671058242
Iron,Fe,470,23.63581298248198
Iron,Fe,471,23.64118338077613
Iron,Fe,472,23.646521129571205
Iron,Fe,473,23.651826489896596
Iron,Fe,474,23.657099720210912
Iron,Fe,475,23.662341076431893
Iron,Fe,476,23.667550811965917
Iron,Fe,477,23.672729177737065
Iron,Fe,478,23.677876422215945
Iron,Fe,479,23.682992791447948
Iron,Fe,480,23.68807852908126
Iron,Fe,481,23.693133876394484
Iron,Fe,482,23.698159072323829
Iron,Fe,483,23.703154353490035
Iron,Fe,484,23.708119954224834
Iron,Fe,485,23.713056106597186
Iron,Fe,486,23.71796304043912
Iron,Fe,487,23.722840983371146
Iron,Fe,488,23.727690160827475
Iron,Fe,489,23.732510796080863
Iron,Fe,490,23.737303110267082
Iron,Fe,491,23.742067322409099
Iron,Fe,492,23.746803649441024
Iron,Fe,493,23.751512306231568
Iron,Fe,494,23.756193505607392
Iron,Fe,495,23.760847458376006
Iron,Fe,496,23.765474373348464
Iron,Fe,497,23.77007445736173
Iron,Fe,498,23.774647915300729
Iron,Fe,499,23.779194950120214
Iron,Fe,500,23.783715762866183
Iron,Fe,501,23.788210552697219
Iron,Fe,502,23.79267951690538
Iron,Fe,503,23.797122850937001
Iron,Fe,504,23.801540748413011
Iron,Fe,505,23.805933401149211
Iron,Fe,506,23.810300999176128
Iron,Fe,507,23.814643730758775
Iron,Fe,508,23.818961782415929
Iron,Fe,509,23.823255338939479
Iron,Fe,510,23.827524583413204
Iron,Fe,511,23.831769697231564
Iron,Fe,512,23.83599086011812
Iron,Fe,513,23.840188250143786
Iron,Fe,514,23.844362043744777
Iron,Fe,515,23.848512415740448
Iron,Fe,516,23.8526395393508
Iron,Fe,517,23.856743586213835
Iron,Fe,518,23.860824726402633
Iron,Fe,519,23.864883128442315
Iron,Fe,520,23.868918959326688
Iron,Fe,521,23.872932384534757
Iron,Fe,522,23.876923568046958
Iron,Fe,523,23.880892672361298
Iron,Fe,524,23.884839858509253
Iron,Fe,525,23.888765286071337
Iron,Fe,526,23.892669113192714
Iron,Fe,527,23.896551496598441
Iron,Fe,528,23.900412591608621
Iron,Fe,529,23.904252552153253
Iron,Fe,530,23.908071530787101
Iron,Fe,531,23.911869678704125
Iron,Fe,532,23.915647145752011
Iron,Fe,533,23.919404080446231
Iron,Fe,534,23.923140629984196
Iron,Fe,535,23.926856940259114
Iron,Fe,536,23.930553155873646
Iron,Fe,537,23.934229420153464
Iron,Fe,538,23.937885875160624
Iron,Fe,539,23.941522661706792
Iron,Fe,540,23.94513991936628
Iron,Fe,541,23.948737786488937
Iron,Fe,542,23.952316400212911
Iron,Fe,543,23.955875896477199
Iron,Fe,544,23.959416410034141
Iron,Fe,545,23.962938074461643
Iron,Fe,546,23.966441022175371
Iron,Fe,547,23.969925384440714
Iron,Fe,548,23.973391291384676
Iron,Fe,549,23.976838872007527
Iron,Fe,550,23.980268254194467
Iron,Fe,551,23.983679564726962
Iron,Fe,552,23.98707292929415
Iron,Fe,553,23.990448472503907
Iron,Fe,554,23.993806317893974
Iron,Fe,555,23.997146587942797
Iron,Fe,556,24.000469404080363
Iron,Fe,557,24.003774886698796
Iron,Fe,558,24.007063155162943
Iron,Fe,559,24.010334327820722
Iron,Fe,560,24.013588522013446
Iron,Fe,561,24.016825854085987
Iron,Fe,562,24.020046439396783
Iron,Fe,563,24.023250392327796
Iron,Fe,564,24.02643782629433
Iron,Fe,565,24.029608853754709
Iron,Fe,566,24.032763586219893
Iron,Fe,567,24.035902134262912
Iron,Fe,568,24.039024607528269
Iron,Fe,569,24.042131114741196
Iron,Fe,570,24.045221763716775
Iron,Fe,571,24.048296661369029
Iron,Fe,572,24.051355913719835
Iron,Fe,573,24.054399625907774
Iron,Fe,574,24.057427902196878
Iron,Fe,575,24.060440845985248
Iron,Fe,576,24.06343855981364
Iron,Fe,577,24.066421145373855
Iron,Fe,578,24.069388703517109
Iron,Fe,579,24.072341334262333
Iron,Fe,580,24.07527913680423
Iron,Fe,581,24.078202209521461
Iron,Fe,582,24.081110649984534
Iron,Fe,583,24.084004554963723
Iron,Fe,584,24.08688402043688
Iron,Fe,585,24.08974914159711
Iron,Fe,586,24.09260001286043
Iron,Fe,587,24.095436727873285
Iron,Fe,588,24.098259379520016
Iron,Fe,589,24.101068059930199
Iron,Fe,590,24.103862860485975
Iron,Fe,591,24.106643871829242
Iron,Fe,592,24.109411183868758
Iron,Fe,593,24.112164885787234
Iron,Fe,594,24.114905066048244
Iron,Fe,595,24.117631812403172
Iron,Fe,596,24.120345211897995
Iron,Fe,597,24.123045350880055
Iron,Fe,598,24.125732315004651
Iron,Fe,599,24.128406189241744
Iron,Fe,600,24.131067057882362
Iron,Fe,601,24.133715004545149
Iron,Fe,602,24.136350112182654
Iron,Fe,603,24.138972463087708
Iron,Fe,604,24.141582138899615
Iron,Fe,605,24.144179220610347
Iron,Fe,606,24.146763788570656
Iron,Fe,607,24.149335922496068
Iron,Fe,608,24.151895701472895
Iron,Fe,609,24.154443203964149
Iron,Fe,610,24.156978507815321
Iron,Fe,611,24.159501690260218
Iron,Fe,612,24.162012827926699
Iron,Fe,613,24.164511996842219
Iron,Fe,614,24.166999272439568
Iron,Fe,615,24.169474729562292
Iron,Fe,616,24.171938442470214
Iron,Fe,617,24.174390484844853
Iron,Fe,618,24.176830929794765
Iron,Fe,619,24.179259849860816
Iron,Fe,620,24.181677317021535
Iron,Fe,621,24.184083402698139
Iron,Fe,622,24.186478177759799
Iron,Fe,623,24.188861712528649
Iron,Fe,624,24.191234076784816
Iron,Fe,625,24.193595339771424
Iron,Fe,626,24.195945570199473
Iron,Fe,627,24.198284836252721
Iron,Fe,628,24.2006132055925
Iron,Fe,629,24.202930745362444
Iron,Fe,630,24.205237522193276
Iron,Fe,631,24.207533602207391
Iron,Fe,632,24.209819051023526
Iron,Fe,633,24.212093933761292
Iron,Fe,634,24.214358315045708
Iron,Fe,635,24.216612259011658
Iron,Fe,636,24.218855829308346
Iron,Fe,637,24.221089089103618
Iron,Fe,638,24.223312101088357
Iron,Fe,639,24.225524927480734
Iron,Fe,640,24.227727630030437
Iron,Fe,641,24.229920270022909
Iron,Fe,642,24.232102908283462
Iron,Fe,643,24.234275605181423
Iron,Fe,644,24.236438420634194
Iron,Fe,645,24.238591414111248
Iron,Fe,646,24.240734644638174
Iron,Fe,647,24.242868170800548
Iron,Fe,648,24.244992050747911
Iron,Fe,649,24.247106342197572
Iron,Fe,650,24.249211102438494
Iron,Fe,651,24.251306388334985
Iron,Fe,652,24.253392256330574
Iron,Fe,653,24.255468762451589
Iron,Fe,654,24.257535962310914
Iron,Fe,655,24.259593911111597
Iron,Fe,656,24.261642663650441
Iron,Fe,657,24.263682274321557
Iron,Fe,658,24.26571279711991
Iron,Fe,659,24.267734285644789
Iron,Fe,660,24.269746793103263
Iron,Fe,661,24.27175037231358
Iron,Fe,662,24.273745075708618
Iron,Fe,663,24.275730955339146
Iron,Fe,664,24.277708062877199
Iron,Fe,665,24.279676449619334
Iron,Fe,666,24.281636166489879
Iron,Fe,667,24.28358726404419
Iron,Fe,668,24.285529792471735
Iron,Fe,669,24.287463801599397
Iron,Fe,670,24.289389340894456
Iron,Fe,671,24.291306459467755
Iron,Fe,672,24.293215206076727
Iron,Fe,673,24.295115629128464
Iron,Fe,674,24.297007776682662
Iron,Fe,675,24.298891696454625
Iron,Fe,676,24.300767435818219
Iron,Fe,677,24.302635041808713
Iron,Fe,678,24.304494561125761
Iron,Fe,679,24.306346040136162
Iron,Fe,680,24.308189524876763
Iron,Fe,681,24.310025061057189
Iron,Fe,682,24.311852694062665
Iron,Fe,683,24.313672468956732
Iron,Fe,684,24.315484430483988
Iron,Fe,685,24.317288623072724
Iron,Fe,686,24.319085090837657
Iron,Fe,687,24.320873877582521
Iron,Fe,688,24.3226550268027
Iron,Fe,689,24.324428581687798
Iron,Fe,690,24.326194585124206
Iron,Fe,691,24.327953079697654
Iron,Fe,692,24.329704107695711
Iron,Fe,693,24.331447711110265
Iron,Fe,694,24.333183931639983
Iron,Fe,695,24.334912810692785
Iron,Fe,696,24.336634389388212
Iron,Fe,697,24.338348708559874
Iron,Fe,698,24.340055808757761
Iron,Fe,699,24.341755730250629
Iron,Fe,700,24.343448513028317
Iron,Fe,701,24.34513419680405
Iron,Fe,702,24.346812821016691
Iron,Fe,703,24.348484424833067
Iron,Fe,704,24.35014904715014
Iron,Fe,705,24.351806726597243
Iron,Fe,706,24.353457501538294
Iron,Fe,707,24.355101410073942
Iron,Fe,708,24.356738490043725
Iron,Fe,709,24.358368779028243
Iron,Fe,710,24.359992314351214
Iron,Fe,711,24.361609133081586
Iron,Fe,712,24.363219272035643
Iron,Fe,713,24.364822767778996
Iron,Fe,714,24.366419656628668
Iron,Fe,715,24.368009974655113
Iron,Fe,716,24.369593757684136
Iron,Fe,717,24.371171041299004
Iron,Fe,718,24.372741860842261
Iron,Fe,719,24.374306251417753
Iron,Fe,720,24.37586424789254
Iron,Fe,721,24.377415884898802
Iron,Fe,722,24.378961196835682
Iron,Fe,723,24.380500217871216
Iron,Fe,724,24.382032981944143
Iron,Fe,725,24.383559522765772
Iron,Fe,726,24.385079873821756
Iron,Fe,727,24.386594068373942
Iron,Fe,728,24.388102139462102
Iron,Fe,729,24.389604119905773
Iron,Fe,730,24.391100042305908
Iron,Fe,731,24.392589939046726
Iron,Fe,732,24.394073842297324
Iron,Fe,733,24.39555178401347
Iron,Fe,734,24.397023795939212
Iron,Fe,735,24.398489909608632
Iron,Fe,736,24.399950156347394
Iron,Fe,737,24.401404567274515
Iron,Fe,738,24.402853173303903
Iron,Fe,739,24.404296005145977
Iron,Fe,740,24.405733093309323
Iron,Fe,741,24.407164468102174
Iron,Fe,742,24.408590159634102
Iron,Fe,743,24.410010197817453
Iron,Fe,744,24.411424612368972
Iron,Fe,745,24.412833432811315
Iron,Fe,746,24.414236688474507
Iron,Fe,747,24.415634408497503
Iron,Fe,748,24.417026621829649
Iron,Fe,749,24.418413357232129
Iron,Fe,750,24.419794643279502
Iron,Fe,751,24.421170508361037
Iron,Fe,752,24.422540980682232
Iron,Fe,753,24.423906088266197
Iron,Fe,754,24.425265858955068
Iron,Fe,755,24.426620320411399
Iron,Fe,756,24.427969500119541
Iron,Fe,757,24.429313425387036
Iron,Fe,758,24.430652123345947
Iron,Fe,759,24.431985620954169
Iron,Fe,760,24.433313944996858
Iron,Fe,761,24.434637122087668
Iron,Fe,762,24.435955178670117
Iron,Fe,763,24.437268141018816
Iron,Fe,764,24.438576035240828
Iron,Fe,765,24.439878887276922
Iron,Fe,766,24.441176722902799
Iron,Fe,767,24.442469567730381
Iron,Fe,768,24.443757447209066
Iron,Fe,769,24.445040386626921
Iron,Fe,770,24.446318411111907
Iron,Fe,771,24.447591545633138
Iron,Fe,772,24.448859815002013
Iron,Fe,773,24.450123243873428
Iron,Fe,774,24.451381856746988
Iron,Fe,775,24.452635677968118
Iron,Fe,776,24.453884731729264
Iron,Fe,777,24.455129042071032
Iron,Fe,778,24.456368632883287
Iron,Fe,779,24.45760352790635
Iron,Fe,780,24.458833750732051
Iron,Fe,781,24.460059324804867
Iron,Fe,782,24.461280273423029
Iron,Fe,783,24.462496619739589
Iron,Fe,784,24.463708386763496
Iron,Fe,785,24.464915597360712
Iron,Fe,786,24.466118274255209
Iron,Fe,787,24.467316440030064
Iron,Fe,788,24.468510117128488
Iron,Fe,789,24.469699327854858
Iron,Fe,790,24.470884094375766
Iron,Fe,791,24.472064438720977
Iron,Fe,792,24.473240382784514
Iron,Fe,793,24.474411948325582
Iron,Fe,794,24.475579156969623
Iron,Fe,795,24.476742030209238
Iron,Fe,796,24.477900589405216
Iron,Fe,797,24.479054855787478
Iron,Fe,798,24.480204850456001
Iron,Fe,799,24.481350594381812
Iron,Fe,800,24.482492108407918
Silicon,Si,0,0
Silicon,Si,1,1.1303039112935794e-219
Silicon,Si,2,2.1822672369646931e-107
Silicon,Si,3,4.1303131390980224e-70
Silicon,Si,4,1.51612248241414e-51
Silicon,Si,5,1.8866508310180127e-40
Silicon,Si,6,4.397243868737974e-33
Silicon,Si,7,7.6717633238412361e-28
Silicon,Si,8,6.3185506317269073e-24
Silicon,Si,9,6.8247050806165399e-21
Silicon,Si,10,1.7831426122177185e-18
Silicon,Si,11,1.6630513775542591e-16
Silicon,Si,12,7.1738012919843888e-15
Silicon,Si,13,1.712001999258981e-13
Silicon,Si,14,2.5683835247779541e-12
Silicon,Si,15,2.659837308228663e-11
Silicon,Si,16,2.0395251507959973e-10
Silicon,Si,17,1.2215980758413537e-09
Silicon,Si,18,5.9581269462473192e-09
Silicon,Si,19,2.4451751527176785e-08
Silicon,Si,20,8.6676897248897203e-08
Silicon,Si,21,2.7107257470501503e-07
Silicon,Si,22,7.609751332503192e-07
Silicon,Si,23,1.9451669639998311e-06
Silicon,Si,24,4.581458353249846e-06
Silicon,Si,25,1.0042429353804873e-05
Silicon,Si,26,2.0659466415743298e-05
Silicon,Si,27,4.0174997292486798e-05
Silicon,Si,28,7.4304005665800537e-05
Silicon,Si,29,0.00013139565424025859
Silicon,Si,30,0.00022317555363431614
Silicon,Si,31,0.00036554021723957407
Silicon,Si,32,0.00057936858618758515
Silicon,Si,33,0.00089131182643312722
Silicon,Si,34,0.0013345220830605013
Silicon,Si,35,0.0019492833266524239
Silicon,Si,36,0.0027835123537000381
Silicon,Si,37,0.0038931047444810173
Silicon,Si,38,0.0053421084114826933
Silicon,Si,39,0.0072027155905866804
Silicon,Si,40,0.0095550721281536695
Silicon,Si,41,0.012486910219826484
Silicon,Si,42,0.016093017022423099
Silicon,Si,43,0.020474556586802341
Silicon,Si,44,0.025738266266175903
Silicon,Si,45,0.031995551158795738
Silicon,Si,46,0.039361501338076289
Silicon,Si,47,0.047953856749007831
Silicon,Si,48,0.057891943878155432
Silicon,Si,49,0.069295606818084832
Silicon,Si,50,0.08228415332612149
Silicon,Si,51,0.096975334090584425
Silicon,Si,52,0.11348437081561924
Silicon,Si,53,0.13192304604748137
Silicon,Si,54,0.1523988649967237
Silicon,Si,55,0.17501429704583008
Silicon,Si,56,0.19986610223299855
Silicon,Si,57,0.22704474581369832
Silicon,Si,58,0.25663390204974235
Silicon,Si,59,0.28871004667468808
Silicon,Si,60,0.32334213603712975
Silicon,Si,61,0.36059136972408784
Silicon,Si,62,0.40051103250288456
Silicon,Si,63,0.44314641067490573
Silicon,Si,64,0.48853477738871909
Silicon,Si,65,0.53670544109182239
Silicon,Si,66,0.58767985108791532
Silicon,Si,67,0.64147175408830837
Silicon,Si,68,0.69808739568109679
Silicon,Si,69,0.75752576077034028
Silicon,Si,70,0.81977884724175087
Silicon,Si,71,0.88483196737478709
Silicon,Si,72,0.95266407182917445
Silicon,Si,73,1.0232480913736683
Silicon,Si,74,1.0965512918854927
Silicon,Si,75,1.1725356385206711
Silicon,Si,76,1.2511581653305597
Silicon,Si,77,1.3323713469717675
Silicon,Si,78,1.4161234695199003
Silicon,Si,79,1.5023589977481544
Silicon,Si,80,1.5910189365663625
Silicon,Si,81,1.6820411846324423
Silicon,Si,82,1.7753608784445869
Silicon,Si,83,1.870910725498026
Silicon,Si,84,1.968621325344285
Silicon,Si,85,2.0684214776234824
Silicon,Si,86,2.1702384763516487
Silicon,Si,87,2.2739983899358793
Silicon,Si,88,2.379626326561108
Silicon,Si,89,2.4870466847442825
Silicon,Si,90,2.5961833889859642
Silicon,Si,91,2.7069601105666665
Silicon,Si,92,2.819300473637067
Silicon,Si,93,2.9331282468385278
Silicon,Si,94,3.0483675207644496
Silicon,Si,95,3.1649428716348584
Silicon,Si,96,3.2827795116076253
Silicon,Si,97,3.4018034261905914
Silicon,Si,98,3.5219414992510716
Silicon,Si,99,3.6431216261431603
Silicon,Si,100,3.7652728154903867
Silicon,Si,101,3.8883252801720247
Silicon,Si,102,4.0122105180667216
Silicon,Si,103,4.136861383107707
Silicon,Si,104,4.2622121472004091
Silicon,Si,105,4.3881985535462684
Silicon,Si,106,4.5147578619067117
Silicon,Si,107,4.641828886328824
Silicon,Si,108,4.76935202583988
Silicon,Si,109,4.8972692886018709
Silicon,Si,110,5.0255243099999021
Silicon,Si,111,5.1540623651199544
Silicon,Si,112,5.2828303760527122
Silicon,Si,113,5.4117769144404688
Silicon,Si,114,5.5408521996647284
Silicon,Si,115,5.6700080930520658
Silicon,Si,116,5.7991980884563237
Silicon,Si,117,5.9283772995556587
Silicon,Si,118,6.0575024441837213
Silicon,Si,119,6.1865318259956865
Silicon,Si,120,6.315425313751315
Silicon,Si,121,6.4441443184797587
Silicon,Si,122,6.5726517687734676
Silicon,Si,123,6.7009120844422352
Silicon,Si,124,6.8288911487423771
Silicon,Si,125,6.9565562793810338
Silicon,Si,126,7.0838761984809997
Silicon,Si,127,7.2108210016776031
Silicon,Si,128,7.3373621265062168
Silicon,Si,129,7.4634723202263293
Silicon,Si,130,7.5891256072164683
Silicon,Si,131,7.7142972560630643
Silicon,Si,132,7.8389637464558524
Silicon,Si,133,7.9631027359926128
Silicon,Si,134,8.0866930269866462
Silicon,Si,135,8.2097145333618418
Silicon,Si,136,8.3321482477118884
Silicon,Si,137,8.4539762085927315
Silicon,Si,138,8.5751814681102001
Silicon,Si,139,8.6957480598580705
Silicon,Si,140,8.8156609672557877
Silicon,Si,141,8.934906092329312
Silicon,Si,142,9.0534702249732373
Silicon,Si,143,9.1713410127274759
Silicon,Si,144,9.2885069310972064
Silicon,Si,145,9.4049572544407436
Silicon,Si,146,9.5206820274459911
Silicon,Si,147,9.6356720372126841
Silicon,Si,148,9.7499187859543923
Silicon,Si,149,9.8634144643312727
Silicon,Si,150,9.9761519254218509
Silicon,Si,151,10.088124659339613
Silicon,Si,152,10.199326768498025
Silicon,Si,153,10.30975294352543
Silicon,Si,154,10.4193984398296
Silicon,Si,155,10.528259054809819
Silicon,Si,156,10.636331105713236
Silicon,Si,157,10.743611408130379
Silicon,Si,158,10.85009725512414
Silicon,Si,159,10.955786396984882
Silicon,Si,160,11.060677021603853
Silicon,Si,161,11.164767735455944
Silicon,Si,162,11.268057545182323
Silicon,Si,163,11.370545839762737
Silicon,Si,164,11.47223237326677
Silicon,Si,165,11.573117248172878
Silicon,Si,166,11.673200899243739
Silicon,Si,167,11.772484077945988
Silicon,Si,168,11.870967837402276
Silicon,Si,169,11.96865351786337
Silicon,Si,170,12.065542732687879
Silicon,Si,171,12.161637354817085
Silicon,Si,172,12.256939503732301
Silicon,Si,173,12.351451532882196
Silicon,Si,174,12.445176017567549
Silicon,Si,175,12.538115743270891
Silicon,Si,176,12.630273694418678
Silicon,Si,177,12.721653043563622
Silicon,Si,178,12.812257140975046
Silicon,Si,179,12.902089504625222
Silicon,Si,180,12.991153810559794
Silicon,Si,181,13.07945388364065
Silicon,Si,182,13.166993688649612
Silicon,Si,183,13.253777321741939
Silicon,Si,184,13.339809002238125
Silicon,Si,185,13.425093064743576
Silicon,Si,186,13.509633951585201
Silicon,Si,187,13.593436205554685
Silicon,Si,188,13.676504462948254
Silicon,Si,189,13.758843446892877
Silicon,Si,190,13.84045796094942
Silicon,Si,191,13.921352882983122
Silicon,Si,192,14.001533159292292
Silicon,Si,193,14.081003798986229
Silicon,Si,194,14.159769868603625
Silicon,Si,195,14.23783648696301
Silicon,Si,196,14.315208820236963
Silicon,Si,197,14.39189207724206
Silicon,Si,198,14.467891504936848
Silicon,Si,199,14.54321238412021
Silicon,Si,200,14.617860025322884
Silicon,Si,201,14.691839764884941
Silicon,Si,202,14.765156961212435
Silicon,Si,203,14.837816991206493
Silicon,Si,204,14.909825246858388
Silicon,Si,205,14.981187132004406
Silicon,Si,206,15.051908059234359
Silicon,Si,207,15.121993446947954
Silicon,Si,208,15.191448716553381
Silicon,Si,209,15.260279289802549
Silicon,Si,210,15.328490586257745
Silicon,Si,211,15.396088020884644
Silicon,Si,212,15.463077001766605
Silicon,Si,213,15.529462927935601
Silicon,Si,214,15.595251187315117
Silicon,Si,215,15.660447154770566
Silicon,Si,216,15.725056190262977
Silicon,Si,217,15.789083637101763
Silicon,Si,218,15.85253482029257
Silicon,Si,219,15.915415044976449
Silicon,Si,220,15.977729594956479
Silicon,Si,221,16.039483731308401
Silicon,Si,222,16.100682691071743
Silicon,Si,223,16.161331686018112
Silicon,Si,224,16.221435901493468
Silicon,Si,225,16.281000495331245
Silicon,Si,226,16.340030596833447
Silicon,Si,227,16.398531305816721
Silicon,Si,228,16.456507691720745
Silicon,Si,229,16.513964792776246
Silicon,Si,230,16.570907615230091
Silicon,Si,231,16.627341132624988
Silicon,Si,232,16.683270285131421
Silicon,Si,233,16.738699978929624
Silicon,Si,234,16.793635085639213
Silicon,Si,235,16.848080441794632
Silicon,Si,236,16.902040848364141
Silicon,Si,237,16.95552107031056
Silicon,Si,238,17.008525836191826
Silicon,Si,239,17.061059837799561
Silicon,Si,240,17.113127729833984
Silicon,Si,241,17.164734129613407
Silicon,Si,242,17.215883616816775
Silicon,Si,243,17.266580733257772
Silicon,Si,244,17.316829982688841
Silicon,Si,245,17.366635830633932
Silicon,Si,246,17.416002704248427
Silicon,Si,247,17.464934992205016
Silicon,Si,248,17.51343704460432
Silicon,Si,249,17.561513172908942
Silicon,Si,250,17.609167649899863
Silicon,Si,251,17.65640470965409
Silicon,Si,252,17.703228547542441
Silicon,Si,253,17.749643320246491
Silicon,Si,254,17.795653145793619
Silicon,Si,255,17.841262103609399
Silicon,Si,256,17.886474234586167
Silicon,Si,257,17.931293541167157
Silicon,Si,258,17.97572398744521
Silicon,Si,259,18.019769499275345
Silicon,Si,260,18.063433964400396
Silicon,Si,261,18.106721232589006
Silicon,Si,262,18.149635115785259
Silicon,Si,263,18.192179388269299
Silicon,Si,264,18.234357786828301
Silicon,Si,265,18.276174010937119
Silicon,Si,266,18.317631722948178
Silicon,Si,267,18.358734548289817
Silicon,Si,268,18.399486075672765
Silicon,Si,269,18.439889857304088
Silicon,Si,270,18.479949409108208
Silicon,Si,271,18.519668210954435
Silicon,Si,272,18.559049706890676
Silicon,Si,273,18.598097305382748
Silicon,Si,274,18.636814379559006
Silicon,Si,275,18.675204267459829
Silicon,Si,276,18.713270272291613
Silicon,Si,277,18.7510156626849
Silicon,Si,278,18.788443672956291
Silicon,Si,279,18.825557503373819
Silicon,Si,280,18.862360320425527
Silicon,Si,281,18.898855257090837
Silicon,Si,282,18.935045413114537
Silicon,Si,283,18.970933855283072
Silicon,Si,284,19.006523617702804
Silicon,Si,285,19.041817702080206
Silicon,Si,286,19.076819078003449
Silicon,Si,287,19.111530683225478
Silicon,Si,288,19.145955423948113
Silicon,Si,289,19.180096175107124
Silicon,Si,290,19.213955780657987
Silicon,Si,291,19.247537053862253
Silicon,Si,292,19.280842777574236
Silicon,Si,293,19.313875704527902
Silicon,Si,294,19.346638557623862
Silicon,Si,295,19.379134030216218
Silicon,Si,296,19.411364786399169
Silicon,Si,297,19.443333461293264
Silicon,Si,298,19.475042661331152
Silicon,Si,299,19.506494964542686
Silicon,Si,300,19.537692920839319
Silicon,Si,301,19.56863905229762
Silicon,Si,302,19.599335853441907
Silicon,Si,303,19.629785791525769
Silicon,Si,304,19.659991306812511
Silicon,Si,305,19.689954812854349
Silicon,Si,306,19.719678696770316
Silicon,Si,307,19.749165319522834
Silicon,Si,308,19.778417016192783
Silicon,Si,309,19.807436096253085
Silicon,Si,310,19.83622484384076
Silicon,Si,311,19.864785518027272
Silicon,Si,312,19.893120353087276
Silicon,Si,313,19.921231558765562
Silicon,Si,314,19.949121320542275
Silicon,Si,315,19.976791799896237
Silicon,Si,316,20.004245134566514
Silicon,Si,317,20.031483438811968
Silicon,Si,318,20.058508803668932
Silicon,Si,319,20.085323297206909
Silicon,Si,320,20.111928964782265
Silicon,Si,321,20.138327829289899
Silicon,Si,322,20.164521891412871
Silicon,Si,323,20.190513129869949
Silicon,Si,324,20.216303501661045
Silicon,Si,325,20.241894942310619
Silicon,Si,326,20.267289366108876
Silicon,Si,327,20.292488666350842
Silicon,Si,328,20.317494715573353
Silicon,Si,329,20.342309365789788
Silicon,Si,330,20.366934448722731
Silicon,Si,331,20.391371776034383
Silicon,Si,332,20.415623139554853
Silicon,Si,333,20.43969031150819
Silicon,Si,334,20.463575044736341
Silicon,Si,335,20.487279072920803
Silicon,Si,336,20.510804110802173
Silicon,Si,337,20.534151854397457
Silicon,Si,338,20.557323981215248
Silicon,Si,339,20.580322150468668
Silicon,Si,340,20.603148003286172
Silicon,Si,341,20.625803162920153
Silicon,Si,342,20.648289234953417
Silicon,Si,343,20.670607807503437
Silicon,Si,344,20.692760451424569
Silicon,Si,345,20.714748720507963
Silicon,Si,346,20.736574151679477
Silicon,Si,347,20.758238265195427
Silicon,Si,348,20.779742564836173
Silicon,Si,349,20.801088538097698
Silicon,Si,350,20.822277656380979
Silicon,Si,351,20.843311375179379
Silicon,Si,352,20.864191134263923
Silicon,Si,353,20.884918357866525
Silicon,Si,354,20.905494454861167
Silicon,Si,355,20.925920818943073
Silicon,Si,356,20.946198828805848
Silicon,Si,357,20.966329848316626
Silicon,Si,358,20.986315226689236
Silicon,Si,359,21.006156298655394
Silicon,Si,360,21.025854384633927
Silicon,Si,361,21.045410790898089
Silicon,Si,362,21.064826809740918
Silicon,Si,363,21.084103719638726
Silicon,Si,364,21.103242785412647
Silicon,Si,365,21.122245258388372
Silicon,Si,366,21.141112376553938
Silicon,Si,367,21.159845364715764
Silicon,Si,368,21.178445434652829
Silicon,Si,369,21.196913785268997
Silicon,Si,370,21.215251602743624
Silicon,Si,371,21.233460060680315
Silicon,Si,372,21.251540320253987
Silicon,Si,373,21.269493530356154
Silicon,Si,374,21.287320827738508
Silicon,Si,375,21.305023337154726
Silicon,Si,376,21.322602171500705
Silicon,Si,377,21.340058431953018
Silicon,Si,378,21.357393208105773
Silicon,Si,379,21.374607578105781
Silicon,Si,380,21.391702608786161
Silicon,Si,381,21.408679355798306
Silicon,Si,382,21.425538863742247
Silicon,Si,383,21.442282166295463
Silicon,Si,384,21.458910286340164
Silicon,Si,385,21.475424236088962
Silicon,Si,386,21.491825017209106
Silicon,Si,387,21.508113620945139
Silicon,Si,388,21.524291028240111
Silicon,Si,389,21.540358209855302
Silicon,Si,390,21.556316126488515
Silicon,Si,391,21.572165728890866
Silicon,Si,392,21.587907957982232
Silicon,Si,393,21.60354374496524
Silicon,Si,394,21.619074011437874
Silicon,Si,395,21.634499669504734
Silicon,Si,396,21.649821621886872
Silicon,Si,397,21.665040762030383
Silicon,Si,398,21.680157974213543
Silicon,Si,399,21.695174133652781
Silicon,Si,400,21.710090106607208
Silicon,Si,401,21.724906750481981
Silicon,Si,402,21.739624913930314
Silicon,Si,403,21.754245436954303
Silicon,Si,404,21.768769151004467
Silicon,Si,405,21.783196879078119
Silicon,Si,406,21.797529435816454
Silicon,Si,407,21.811767627600524
Silicon,Si,408,21.825912252645956
Silicon,Si,409,21.839964101096601
Silicon,Si,410,21.853923955116944
Silicon,Si,411,21.867792588983406
Silicon,Si,412,21.881570769174569
Silicon,Si,413,21.895259254460214
Silicon,Si,414,21.908858795989318
Silicon,Si,415,21.922370137376976
Silicon,Si,416,21.935794014790183
Silicon,Si,417,21.949131157032678
Silicon,Si,418,21.962382285628617
Silicon,Si,419,21.97554811490533
Silicon,Si,420,21.988629352074955
Silicon,Si,421,22.001626697315185
Silicon,Si,422,22.014540843848913
Silicon,Si,423,22.027372478022951
Silicon,Si,424,22.040122279385827
Silicon,Si,425,22.052790920764519
Silicon,Si,426,22.065379068340317
Silicon,Si,427,22.07788738172378
Silicon,Si,428,22.090316514028668
Silicon,Si,429,22.102667111945117
Silicon,Si,430,22.114939815811745
Silicon,Si,431,22.127135259687044
Silicon,Si,432,22.139254071419757
Silicon,Si,433,22.151296872718476
Silicon,Si,434,22.16326427922035
Silicon,Si,435,22.175156900558992
Silicon,Si,436,22.186975340431491
Silicon,Si,437,22.198720196664667
Silicon,Si,438,22.210392061280494
Silicon,Si,439,22.221991520560689
Silicon,Si,440,22.233519155110574
Silicon,Si,441,22.244975539922105
Silicon,Si,442,22.256361244436185
Silicon,Si,443,22.267676832604142
Silicon,Si,444,22.278922862948541
Silicon,Si,445,22.290099888623207
Silicon,Si,446,22.301208457472512
Silicon,Si,447,22.312249112089969
Silicon,Si,448,22.323222389876094
Silicon,Si,449,22.334128823095575
Silicon,Si,450,22.344968938933761
Silicon,Si,451,22.355743259552391
Silicon,Si,452,22.366452302144765
Silicon,Si,453,22.377096578990159
Silicon,Si,454,22.387676597507596
Silicon,Si,455,22.398192860309006
Silicon,Si,456,22.408645865251675
Silicon,Si,457,22.419036105490147
Silicon,Si,458,22.429364069527399
Silicon,Si,459,22.439630241265494
Silicon,Si,460,22.449835100055555
Silicon,Si,461,22.459979120747171
Silicon,Si,462,22.47006277373719
Silicon,Si,463,22.480086525017963
Silicon,Si,464,22.490050836224931
Silicon,Si,465,22.499956164683731
Silicon,Si,466,22.509802963456661
Silicon,Si,467,22.519591681388661
Silicon,Si,468,22.529322763152642
Silicon,Si,469,22.538996649294408
Silicon,Si,470,22.548613776276898
Silicon,Si,471,22.558174576523999
Silicon,Si,472,22.567679478463823
Silicon,Si,473,22.577128906571385
Silicon,Si,474,22.586523281410905
Silicon,Si,475,22.595863019677488
Silicon,Si,476,22.605148534238392
Silicon,Si,477,22.614380234173741
Silicon,Si,478,22.623558524816783
Silicon,Si,479,22.632683807793704
Silicon,Si,480,22.641756481062881
Silicon,Si,481,22.650776938953808
Silicon,Si,482,22.659745572205381
Silicon,Si,483,22.668662768003884
Silicon,Si,484,22.677528910020477
Silicon,Si,485,22.686344378448197
Silicon,Si,486,22.695109550038609
Silicon,Si,487,22.703824798137909
Silicon,Si,488,22.712490492722747
Silicon,Si,489,22.721107000435488
Silicon,Si,490,22.729674684619155
Silicon,Si,491,22.738193905351928
Silicon,Si,492,22.746665019481231
Silicon,Si,493,22.755088380657412
Silicon,Si,494,22.763464339367093
Silicon,Si,495,22.771793242966055
Silicon,Si,496,22.780075435711737
Silicon,Si,497,22.788311258795435
Silicon,Si,498,22.796501050374065
Silicon,Si,499,22.80464514560154
Silicon,Si,500,22.812743876659855
Silicon,Si,501,22.820797572789708
Silicon,Si,502,22.828806560320881
Silicon,Si,503,22.836771162702185
Silicon,Si,504,22.844691700531087
Silicon,Si,505,22.852568491582982
Silicon,Si,506,22.860401850840152
Silicon,Si,507,22.868192090520374
Silicon,Si,508,22.875939520105195
Silicon,Si,509,22.883644446367885
Silicon,Si,510,22.891307173401071
Silicon,Si,511,22.898928002644055
Silicon,Si,512,22.906507232909796
Silicon,Si,513,22.91404516041165
Silicon,Si,514,22.921542078789678
Silicon,Si,515,22.928998279136827
Silicon,Si,516,22.936414050024613
Silicon,Si,517,22.943789677528692
Silicon,Si,518,22.951125445254018
Silicon,Si,519,22.958421634359766
Silicon,Si,520,22.965678523583971
Silicon,Si,521,22.972896389267863
Silicon,Si,522,22.980075505379954
Silicon,Si,523,22.987216143539808
Silicon,Si,524,22.994318573041621
Silicon,Si,525,23.001383060877455
Silicon,Si,526,23.008409871760207
Silicon,Si,527,23.015399268146421
Silicon,Si,528,23.022351510258716
Silicon,Si,529,23.029266856108045
Silicon,Si,530,23.036145561515646
Silicon,Si,531,23.042987880134817
Silicon,Si,532,23.049794063472387
Silicon,Si,533,23.056564360909942
Silicon,Si,534,23.063299019724873
Silicon,Si,535,23.069998285111126
Silicon,Si,536,23.076662400199744
Silicon,Si,537,23.083291606079218
Silicon,Si,538,23.089886141815509
Silicon,Si,539,23.096446244471977
Silicon,Si,540,23.102972149128981
Silicon,Si,541,23.109464088903302
Silicon,Si,542,23.115922294967397
Silicon,Si,543,23.122346996568329
Silicon,Si,544,23.128738421046606
Silicon,Si,545,23.135096793854739
Silicon,Si,546,23.141422338575584
Silicon,Si,547,23.14771527694057
Silicon,Si,548,23.153975828847621
Silicon,Si,549,23.160204212378925
Silicon,Si,550,23.166400643818566
Silicon,Si,551,23.17256533766982
Silicon,Si,552,23.178698506672422
Silicon,Si,553,23.184800361819523
Silicon,Si,554,23.190871112374534
Silicon,Si,555,23.196910965887746
Silicon,Si,556,23.202920128212757
Silicon,Si,557,23.208898803522803
Silicon,Si,558,23.214847194326794
Silicon,Si,559,23.220765501485271
Silicon,Si,560,23.22665392422611
Silicon,Si,561,23.232512660160161
Silicon,Si,562,23.238341905296597
Silicon,Si,563,23.244141854058185
Silicon,Si,564,23.249912699296335
Silicon,Si,565,23.25565463230603
Silicon,Si,566,23.261367842840578
Silicon,Si,567,23.267052519126189
Silicon,Si,568,23.272708847876416
Silicon,Si,569,23.278337014306459
Silicon,Si,570,23.283937202147232
Silicon,Si,571,23.289509593659382
Silicon,Si,572,23.295054369647115
Silicon,Si,573,23.30057170947185
Silicon,Si,574,23.306061791065762
Silicon,Si,575,23.311524790945157
Silicon,Si,576,23.31696088422375
Silicon,Si,577,23.322370244625677
Silicon,Si,578,23.327753044498579
Silicon,Si,579,23.333109454826339
Silicon,Si,580,23.338439645241802
Silicon,Si,581,23.343743784039322
Silicon,Si,582,23.349022038187169
Silicon,Si,583,23.354274573339865
Silicon,Si,584,23.359501553850283
Silicon,Si,585,23.364703142781721
Silicon,Si,586,23.369879501919772
Silicon,Si,587,23.375030791784173
Silicon,Si,588,23.380157171640342
Silicon,Si,589,23.385258799511011
Silicon,Si,590,23.390335832187617
Silicon,Si,591,23.395388425241574
Silicon,Si,592,23.400416733035428
Silicon,Si,593,23.405420908733994
Silicon,Si,594,23.410401104315188
Silicon,Si,595,23.415357470580943
Silicon,Si,596,23.420290157167887
Silicon,Si,597,23.42519931255794
Silicon,Si,598,23.430085084088859
Silicon,Si,599,23.434947617964511
Silicon,Si,600,23.439787059265292
Silicon,Si,601,23.444603551958171
Silicon,Si,602,23.449397238906851
Silicon,Si,603,23.454168261881652
Silicon,Si,604,23.458916761569434
Silicon,Si,605,23.463642877583322
Silicon,Si,606,23.468346748472342
Silicon,Si,607,23.473028511731037
Silicon,Si,608,23.477688303808879
Silicon,Si,609,23.48232626011961
Silicon,Si,610,23.486942515050604
Silicon,Si,611,23.491537201971926
Silicon,Si,612,23.496110453245482
Silicon,Si,613,23.500662400233971
Silicon,Si,614,23.505193173309802
Silicon,Si,615,23.509702901863864
Silicon,Si,616,23.514191714314283
Silicon,Si,617,23.518659738115009
Silicon,Si,618,23.52310709976436
Silicon,Si,619,23.527533924813511
Silicon,Si,620,23.531940337874779
Silicon,Si,621,23.536326462630019
Silicon,Si,622,23.540692421838692
Silicon,Si,623,23.545038337346096
Silicon,Si,624,23.549364330091304
Silicon,Si,625,23.553670520115197
Silicon,Si,626,23.557957026568261
Silicon,Si,627,23.562223967718452
Silicon,Si,628,23.566471460958844
Silicon,Si,629,23.570699622815329
Silicon,Si,630,23.574908568954122
Silicon,Si,631,23.579098414189303
Silicon,Si,632,23.58326927249017
Silicon,Si,633,23.58742125698863
Silicon,Si,634,23.591554479986407
Silicon,Si,635,23.595669052962311
Silicon,Si,636,23.599765086579279
Silicon,Si,637,23.603842690691472
Silicon,Si,638,23.607901974351254
Silicon,Si,639,23.611943045816066
Silicon,Si,640,23.615966012555322
Silicon,Si,641,23.619970981257147
Silicon,Si,642,23.623958057835114
Silicon,Si,643,23.627927347434849
Silicon,Si,644,23.631878954440673
Silicon,Si,645,23.63581298248198
Silicon,Si,646,23.639729534439883
Silicon,Si,647,23.643628712453449
Silicon,Si,648,23.647510617926059
Silicon,Si,649,23.651375351531684
Silicon,Si,650,23.655223013221097
Silicon,Si,651,23.659053702227997
Silicon,Si,652,23.662867517075071
Silicon,Si,653,23.666664555580027
Silicon,Si,654,23.670444914861598
Silicon,Si,655,23.674208691345367
Silicon,Si,656,23.677955980769688
Silicon,Si,657,23.681686878191446
Silicon,Si,658,23.685401477991785
Silicon,Si,659,23.689099873881794
Silicon,Si,660,23.692782158908134
Silicon,Si,661,23.696448425458605
Silicon,Si,662,23.70009876526769
Silicon,Si,663,23.703733269421942
Silicon,Si,664,23.707352028365516
Silicon,Si,665,23.710955131905397
Silicon,Si,666,23.714542669216826
Silicon,Si,667,23.718114728848448
Silicon,Si,668,23.721671398727622
Silicon,Si,669,23.725212766165505
Silicon,Si,670,23.728738917862184
Silicon,Si,671,23.732249939911757
Silicon,Si,672,23.7357459178073
Silicon,Si,673,23.739226936445871
Silicon,Si,674,23.742693080133421
Silicon,Si,675,23.746144432589638
Silicon,Si,676,23.749581076952779
Silicon,Si,677,23.753003095784489
Silicon,Si,678,23.756410571074468
Silicon,Si,679,23.759803584245237
Silicon,Si,680,23.763182216156686
Silicon,Si,681,23.766546547110771
Silicon,Si,682,23.769896656856016
Silicon,Si,683,23.773232624592044
Silicon,Si,684,23.776554528974046
Silicon,Si,685,23.779862448117214
Silicon,Si,686,23.78315645960112
Silicon,Si,687,23.786436640474086
Silicon,Si,688,23.789703067257474
Silicon,Si,689,23.792955815949945
Silicon,Si,690,23.796194962031727
Silicon,Si,691,23.799420580468755
Silicon,Si,692,23.802632745716835
Silicon,Si,693,23.805831531725786
Silicon,Si,694,23.809017011943489
Silicon,Si,695,23.812189259319879
Silicon,Si,696,23.815348346311033
Silicon,Si,697,23.81849434488306
Silicon,Si,698,23.821627326516072
Silicon,Si,699,23.824747362208008
Silicon,Si,700,23.827854522478546
Silicon,Si,701,23.830948877372929
Silicon,Si,702,23.834030496465683
Silicon,Si,703,23.837099448864421
Silicon,Si,704,23.840155803213523
Silicon,Si,705,23.843199627697842
Silicon,Si,706,23.846230990046315
Silicon,Si,707,23.849249957535616
Silicon,Si,708,23.852256596993708
Silicon,Si,709,23.855250974803376
Silicon,Si,710,23.858233156905801
Silicon,Si,711,23.861203208803975
Silicon,Si,712,23.864161195566176
Silicon,Si,713,23.867107181829404
Silicon,Si,714,23.870041231802755
Silicon,Si,715,23.872963409270785
Silicon,Si,716,23.875873777596809
Silicon,Si,717,23.878772399726252
Silicon,Si,718,23.881659338189863
Silicon,Si,719,23.884534655107007
Silicon,Si,720,23.887398412188823
Silicon,Si,721,23.890250670741406
Silicon,Si,722,23.893091491669022
Silicon,Si,723,23.895920935477186
Silicon,Si,724,23.898739062275713
Silicon,Si,725,23.901545931781882
Silicon,Si,726,23.90434160332341
Silicon,Si,727,23.907126135841477
Silicon,Si,728,23.909899587893729
Silicon,Si,729,23.912662017657237
Silicon,Si,730,23.915413482931392
Silicon,Si,731,23.918154041140884
Silicon,Si,732,23.9208837493385
Silicon,Si,733,23.923602664208051
Silicon,Si,734,23.92631084206716
Silicon,Si,735,23.929008338870091
Silicon,Si,736,23.93169521021052
Silicon,Si,737,23.934371511324297
Silicon,Si,738,23.937037297092193
Silicon,Si,739,23.939692622042525
Silicon,Si,740,23.942337540353989
Silicon,Si,741,23.944972105858177
Silicon,Si,742,23.947596372042309
Silicon,Si,743,23.950210392051819
Silicon,Si,744,23.952814218692904
Silicon,Si,745,23.95540790443517
Silicon,Si,746,23.957991501414128
Silicon,Si,747,23.960565061433723
Silicon,Si,748,23.96312863596885
Silicon,Si,749,23.965682276167826
Silicon,Si,750,23.968226032854858
Silicon,Si,751,23.970759956532461
Silicon,Si,752,23.9732840973839
Silicon,Si,753,23.975798505275574
Silicon,Si,754,23.97830322975938
Silicon,Si,755,23.980798320075085
Silicon,Si,756,23.983283825152661
Silicon,Si,757,23.985759793614569
Silicon,Si,758,23.988226273778078
Silicon,Si,759,23.990683313657577
Silicon,Si,760,23.993130960966731
Silicon,Si,761,23.995569263120814
Silicon,Si,762,23.99799826723887
Silicon,Si,763,24.000418020145922
Silicon,Si,764,24.002828568375165
Silicon,Si,765,24.005229958170109
Silicon,Si,766,24.007622235486725
Silicon,Si,767,24.010005445995585
Silicon,Si,768,24.012379635083921
Silicon,Si,769,24.01474484785777
Silicon,Si,770,24.017101129143995
Silicon,Si,771,24.019448523492393
Silicon,Si,772,24.021787075177649
Silicon,Si,773,24.024116828201425
Silicon,Si,774,24.026437826294334
Silicon,Si,775,24.028750112917894
Silicon,Si,776,24.031053731266578
Silicon,Si,777,24.033348724269654
Silicon,Si,778,24.035635134593196
Silicon,Si,779,24.03791300464199
Silicon,Si,780,24.040182376561408
Silicon,Si,781,24.042443292239309
Silicon,Si,782,24.044695793307916
Silicon,Si,783,24.04693992114565
Silicon,Si,784,24.049175716878995
Silicon,Si,785,24.051403221384298
Silicon,Si,786,24.053622475289576
Silicon,Si,787,24.055833518976325
Silicon,Si,788,24.058036392581297
Silicon,Si,789,24.060231135998226
Silicon,Si,790,24.062417788879639
Silicon,Si,791,24.064596390638549
Silicon,Si,792,24.066766980450144
Silicon,Si,793,24.068929597253572
Silicon,Si,794,24.071084279753567
Silicon,Si,795,24.073231066422153
Silicon,Si,796,24.075369995500292
Silicon,Si,797,24.077501104999566
Silicon,Si,798,24.079624432703749
Silicon,Si,799,24.081740016170503
Silicon,Si,800,24.083847892732937
Carbon,C,0,0
Carbon,C,1,0
Carbon,C,2,0
Carbon,C,3,5.7000916001174414e-254
Carbon,C,4,3.5894755880852254e-189
Carbon,C,5,2.4582551830574751e-150
Carbon,C,6,1.7859739844226229e-124
Carbon,C,7,5.0514694717499262e-106
Carbon,C,8,3.3613286440526518e-92
Carbon,C,9,1.843785400992215e-81
Carbon,C,10,7.0371845920813828e-73
Carbon,C,11,7.2589035301161934e-66
Carbon,C,12,4.9985239753055212e-60
Carbon,C,13,4.2962430956291878e-55
Carbon,C,14,7.20553599548634e-51
Carbon,C,15,3.2721038737804254e-47
Carbon,C,16,5.1430526105196908e-44
Carbon,C,17,3.3757718582937241e-41
Carbon,C,18,1.0707008371576723e-38
Carbon,C,19,1.8413143509196616e-36
Carbon,C,20,1.8825864880338769e-34
Carbon,C,21,1.2328775871932506e-32
Carbon,C,22,5.4966526431637969e-31
Carbon,C,23,1.7544970647610732e-29
Carbon,C,24,4.1811438496053951e-28
Carbon,C,25,7.7058066612602222e-27
Carbon,C,26,1.131505155317727e-25
Carbon,C,27,1.3577658398071812e-24
Carbon,C,28,1.3606943330465662e-23
Carbon,C,29,1.1603695070775685e-22
Carbon,C,30,8.5581077015256855e-22
Carbon,C,31,5.53654901015505e-21
Carbon,C,32,3.180870339665203e-20
Carbon,C,33,1.6406333218544554e-19
Carbon,C,34,7.669959814604451e-19
Carbon,C,35,3.2777166339628258e-18
Carbon,C,36,1.2900811563553614e-17
Carbon,C,37,4.7081018809008072e-17
Carbon,C,38,1.6027501778984616e-16
Carbon,C,39,5.1170136946748059e-16
Carbon,C,40,1.5395824033811184e-15
Carbon,C,41,4.3845365578772178e-15
Carbon,C,42,1.1865776114365811e-14
Carbon,C,43,3.0625082372347995e-14
Carbon,C,44,7.5627880857563564e-14
Carbon,C,45,1.7922507957396683e-13
Carbon,C,46,4.0869935535016239e-13
Carbon,C,47,8.9902770770430271e-13
Carbon,C,48,1.9120171294040054e-12
Carbon,C,49,3.9397156932454641e-12
Carbon,C,50,7.8799690409517842e-12
Carbon,C,51,1.5326296893907257e-11
Carbon,C,52,2.903423490705601e-11
Carbon,C,53,5.3653452214326341e-11
Carbon,C,54,9.6851006987224751e-11
Carbon,C,55,1.7099784266020315e-10
Carbon,C,56,2.9564989044487085e-10
Carbon,C,57,5.0112870254105749e-10
Carbon,C,58,8.3359599927155101e-10
Carbon,C,59,1.3621231913788908e-09
Carbon,C,60,2.1883817525389138e-09
Carbon,C,61,3.4597236693529642e-09
Carbon,C,62,5.3865828772086801e-09
Carbon,C,63,8.2653077011881047e-09
Carbon,C,64,1.2507729220940456e-08
Carbon,C,65,1.8678978763622103e-08
Carbon,C,66,2.7545286244817633e-08
Carbon,C,67,4.0133715962494912e-08
Carbon,C,68,5.7806023212657619e-08
Carbon,C,69,8.2349038722940831e-08
Carbon,C,70,1.1608420298418111e-07
Carbon,C,71,1.61999073448256e-07
Carbon,C,72,2.2390380851902074e-07
Carbon,C,73,3.0661578764268714e-07
Carbon,C,74,4.1617565120617593e-07
Carbon,C,75,5.6009813238805559e-07
Carbon,C,76,7.4766110114290715e-07
Carbon,C,77,9.9023624438469615e-07
Carbon,C,78,1.301664763204014e-06
Carbon,C,79,1.698681375511642e-06
Carbon,C,80,2.2013897696740678e-06
Carbon,C,81,2.8337924612711881e-06
Carbon,C,82,3.6243777617917095e-06
Carbon,C,83,4.6067662765439592e-06
Carbon,C,84,5.8204190118362907e-06
Carbon,C,85,7.311408791927608e-06
Carbon,C,86,9.1332562684491549e-06
Carbon,C,87,1.1347831353676454e-05
Carbon,C,88,1.4026320429436678e-05
Carbon,C,89,1.7250259181236683e-05
Carbon,C,90,2.1112630388357892e-05
Carbon,C,91,2.5719025471334622e-05
Carbon,C,92,3.1188868064629781e-05
Carbon,C,93,3.7656697350622295e-05
Carbon,C,94,4.5273508367267578e-05
Carbon,C,95,5.4208145991778677e-05
Carbon,C,96,6.4648748811901857e-05
Carbon,C,97,7.6804238629919527e-05
Carbon,C,98,9.0905850907065753e-05
Carbon,C,99,0.00010720870105174553
Carbon,C,100,0.00012599338108744868
Carbon,C,101,0.0001475675809086137
Carbon,C,102,0.00017226772804744499
Carbon,C,103,0.0002004606396337776
Carbon,C,104,0.00023254518003485423
Carbon,C,105,0.00026895391751322951
Carbon,C,106,0.00031015477313915197
Carbon,C,107,0.00035665265513861957
Carbon,C,108,0.00040899107184905366
Carbon,C,109,0.00046775371649019183
Carbon,C,110,0.00053356601703686971
Carbon,C,111,0.00060709664460085403
Carbon,C,112,0.00068905897388896924
Carbon,C,113,0.00078021248950157346
Carbon,C,114,0.00088136413206687159
Carbon,C,115,0.00099336957846924649
Carbon,C,116,0.0011171344507213846
Carbon,C,117,0.0012536154483468568
Carbon,C,118,0.0014038213994793827
Carbon,C,119,0.0015688142262437557
Carbon,C,120,0.0017497098203585878
Carbon,C,121,0.0019476788252891166
Carbon,C,122,0.0021639473216769583
Carbon,C,123,0.0023997974131789871
Carbon,C,124,0.0026565677102579886
Carbon,C,125,0.0029356537098792564
Carbon,C,126,0.0032385080694783321
Carbon,C,127,0.0035666407739731489
Carbon,C,128,0.0039216191949958392
Carbon,C,129,0.0043050680419146406
Carbon,C,130,0.0047186692046015995
Carbon,C,131,0.0051641614882763807
Carbon,C,132,0.0056433402411178949
Carbon,C,133,0.0061580568756835295
Carbon,C,134,0.0067102182855078392
Carbon,C,135,0.0073017861585692083
Carbon,C,136,0.0079347761896120198
Carbon,C,137,0.0086112571935930606
Carbon,C,138,0.0093333501227840371
Carbon,C,139,0.010103226990306692
Carbon,C,140,0.010923109703101355
Carbon,C,141,0.011795268807536868
Carbon,C,142,0.012722022151055907
Carbon,C,143,0.013705733463417505
Carbon,C,144,0.014748810861248126
Carbon,C,145,0.015853705279741542
Carbon,C,146,0.017022908835460641
Carbon,C,147,0.018258953124287547
Carbon,C,148,0.019564407458645471
Carbon,C,149,0.020941877048175159
Carbon,C,150,0.022394001128091895
Carbon,C,151,0.02392345103947862
Carbon,C,152,0.025532928265781067
Carbon,C,153,0.027225162429772808
Carbon,C,154,0.029002909255240746
Carbon,C,155,0.030868948497616525
Carbon,C,156,0.032826081847738955
Carbon,C,157,0.034877130812882517
Carbon,C,158,0.037024934579126687
Carbon,C,159,0.039272347859069891
Carbon,C,160,0.041622238728813279
Carbon,C,161,0.044077486458052269
Carbon,C,162,0.046640979337018454
Carbon,C,163,0.049315612503913836
Carbon,C,164,0.052104285776372522
Carbon,C,165,0.055009901490371167
Carbon,C,166,0.058035362349892643
Carbon,C,167,0.061183569290529032
Carbon,C,168,0.064457419360080148
Carbon,C,169,0.06785980361908206
Carbon,C,170,0.071393605064067181
Carbon,C,171,0.075061696576228146
Carbon,C,172,0.078866938898022737
Carbon,C,173,0.082812178640128659
Carbon,C,174,0.086900246321018185
Carbon,C,175,0.09113395444129313
Carbon,C,176,0.09551609559478727
Carbon,C,177,0.10004944061831
Carbon,C,178,0.10473673678177646
Carbon,C,179,0.10958070602033787
Carbon,C,180,0.11458404321000308
Carbon,C,181,0.11974941448810957
Carbon,C,182,0.12507945561988915
Carbon,C,183,0.13057677041224472
Carbon,C,184,0.13624392917573944
Carbon,C,185,0.14208346723569221
Carbon,C,186,0.14809788349314612
Carbon,C,187,0.15428963903638554
Carbon,C,188,0.16066115580356108
Carbon,C,189,0.16721481529688229
Carbon,C,190,0.17395295734874225
Carbon,C,191,0.18087787894004173
Carbon,C,192,0.18799183307088957
Carbon,C,193,0.19529702768376589
Carbon,C,194,0.20279562463915923
Carbon,C,195,0.21048973874359514
Carbon,C,196,0.21838143682990965
Carbon,C,197,0.22647273688954145
Carbon,C,198,0.23476560725654944
Carbon,C,199,0.24326196584299273
Carbon,C,200,0.25196367942525505
Carbon,C,201,0.26087256298082945
Carbon,C,202,0.26999037907502782
Carbon,C,203,0.27931883729702889
Carbon,C,204,0.288859593744622
Carbon,C,205,0.29861425055697272
Carbon,C,206,0.30858435549467689
Carbon,C,207,0.31877140156634454
Carbon,C,208,0.32917682670091203
Carbon,C,209,0.33980201346485195
Carbon,C,210,0.35064828882340904
Carbon,C,211,0.36171692394498139
Carbon,C,212,0.37300913404772379
Carbon,C,213,0.38452607828743723
Carbon,C,214,0.39626885968578413
Carbon,C,215,0.40823852509785913
Carbon,C,216,0.42043606521811433
Carbon,C,217,0.43286241462364533
Carbon,C,218,0.44551845185381872
Carbon,C,219,0.45840499952521652
Carbon,C,220,0.47152282448086635
Carbon,C,221,0.48487263797272823
Carbon,C,222,0.49845509587639614
Carbon,C,223,0.51227079893696492
Carbon,C,224,0.52632029304504047
Carbon,C,225,0.54060406954184226
Carbon,C,226,0.55512256555236539
Carbon,C,227,0.56987616434557087
Carbon,C,228,0.58486519572058415
Carbon,C,229,0.60008993641787578
Carbon,C,230,0.61555061055441918
Carbon,C,231,0.63124739008182351
Carbon,C,232,0.64718039526644622
Carbon,C,233,0.66334969519051601
Carbon,C,234,0.67975530827328234
Carbon,C,235,0.69639720281124962
Carbon,C,236,0.71327529753654617
Carbon,C,237,0.73038946219250056
Carbon,C,238,0.74773951812552097
Carbon,C,239,0.76532523889235538
Carbon,C,240,0.78314635088188622
Carbon,C,241,0.80120253395055441
Carbon,C,242,0.81949342207059617
Carbon,C,243,0.8380186039902332
Carbon,C,244,0.85677762390502299
Carbon,C,245,0.87576998213954993
Carbon,C,246,0.89499513583869927
Carbon,C,247,0.91445249966773334
Carbon,C,248,0.93414144652043274
Carbon,C,249,0.95406130823458368
Carbon,C,250,0.97421137631408983
Carbon,C,251,0.99459090265703209
Carbon,C,252,1.0151991002890011
Carbon,C,253,1.0360351441010476
Carbon,C,254,1.0570981715916268
Carbon,C,255,1.0783872836119035
Carbon,C,256,1.0999015451138485
Carbon,C,257,1.1216399859005137
Carbon,C,258,1.1436016013779611
Carbon,C,259,1.165785353308274
Carbon,C,260,1.1881901705631384
Carbon,C,261,1.2108149498774958
Carbon,C,262,1.2336585566027556
Carbon,C,263,1.2567198254591183
Carbon,C,264,1.2799975612865404
Carbon,C,265,1.3034905397939056
Carbon,C,266,1.327197508305981
Carbon,C,267,1.351117186507758
Carbon,C,268,1.3752482671857769
Carbon,C,269,1.3995894169660752
Carbon,C,270,1.4241392770483909
Carbon,C,271,1.4488964639362869
Carbon,C,272,1.473859570162861
Carbon,C,273,1.4990271650117377
Carbon,C,274,1.524397795233033
Carbon,C,275,1.5499699857540172
Carbon,C,276,1.5757422403842023
Carbon,C,277,1.6017130425145956
Carbon,C,278,1.6278808558108757
Carbon,C,279,1.6542441249002584
Carbon,C,280,1.6808012760518551
Carbon,C,281,1.7075507178502713
Carbon,C,282,1.7344908418623106
Carbon,C,283,1.7616200232965515
Carbon,C,284,1.7889366216556593
Carbon,C,285,1.8164389813812558
Carbon,C,286,1.8441254324912075
Carbon,C,287,1.8719942912091889
Carbon,C,288,1.9000438605863943
Carbon,C,289,1.9282724311152883
Carbon,C,290,1.9566782813352646
Carbon,C,291,1.9852596784301422
Carbon,C,292,2.0140148788173877
Carbon,C,293,2.0429421287289902
Carbon,C,294,2.0720396647839205
Carbon,C,295,2.1013057145520975
Carbon,C,296,2.1307384971098209
Carbon,C,297,2.1603362235866057
Carbon,C,298,2.1900970977033847
Carbon,C,299,2.2200193163020532
Carbon,C,300,2.2501010698663055
Carbon,C,301,2.2803405430337667
Carbon,C,302,2.3107359150993845
Carbon,C,303,2.3412853605100916
Carbon,C,304,2.371987049350718
Carbon,C,305,2.4028391478211777
Carbon,C,306,2.4338398187049091
Carbon,C,307,2.4649872218286148
Carbon,C,308,2.4962795145132919
Carbon,C,309,2.5277148520166008
Carbon,C,310,2.5592913879665864
Carbon,C,311,2.5910072747867781
Carbon,C,312,2.6228606641127268
Carbon,C,313,2.6548497071999986
Carbon,C,314,2.6869725553236825
Carbon,C,315,2.7192273601694663
Carbon,C,316,2.7516122742163001
Carbon,C,317,2.7841254511107456
Carbon,C,318,2.8167650460330456
Carbon,C,319,2.8495292160549721
Carbon,C,320,2.8824161204895287
Carbon,C,321,2.915423921232565
Carbon,C,322,2.9485507830963864
Carbon,C,323,2.9817948741354003
Carbon,C,324,3.0151543659639133
Carbon,C,325,3.0486274340661246
Carbon,C,326,3.0822122580983953
Carbon,C,327,3.115907022183896
Carbon,C,328,3.149709915199689
Carbon,C,329,3.1836191310563389
Carbon,C,330,3.2176328689701261
Carbon,C,331,3.2517493337279788
Carbon,C,332,3.2859667359451592
Carbon,C,333,3.3202832923158421
Carbon,C,334,3.3546972258566412
Carbon,C,335,3.3892067661431948
Carbon,C,336,3.4238101495398783
Carbon,C,337,3.4585056194227506
Carbon,C,338,3.4932914263958357
Carbon,C,339,3.5281658285008017
Carbon,C,340,3.5631270914201685
Carbon,C,341,3.5981734886740817
Carbon,C,342,3.6333033018108294
Carbon,C,343,3.6685148205911005
Carbon,C,344,3.7038063431661623
Carbon,C,345,3.7391761762499871
Carbon,C,346,3.7746226352854677
Carbon,C,347,3.8101440446047938
Carbon,C,348,3.8457387375840768
Carbon,C,349,3.881405056792341
Carbon,C,350,3.9171413541349609
Carbon,C,351,3.9529459909916111
Carbon,C,352,3.9888173383488938
Carbon,C,353,4.0247537769276587
Carbon,C,354,4.0607536973051532
Carbon,C,355,4.0968155000320747
Carbon,C,356,4.1329375957446359
Carbon,C,357,4.1691184052717096
Carbon,C,358,4.2053563597371841
Carbon,C,359,4.2416499006575377
Carbon,C,360,4.2779974800348324
Carbon,C,361,4.3143975604451326
Carbon,C,362,4.3508486151224579
Carbon,C,363,4.3873491280383732
Carbon,C,364,4.4238975939772773
Carbon,C,365,4.4604925186075208
Carbon,C,366,4.4971324185483663
Carbon,C,367,4.5338158214329312
Carbon,C,368,4.570541265967214
Carbon,C,369,4.6073073019852044
Carbon,C,370,4.6441124905002322
Carbon,C,371,4.6809554037526269
Carbon,C,372,4.7178346252537198
Carbon,C,373,4.754748749826331
Carbon,C,374,4.7916963836417823
Carbon,C,375,4.8286761442535076
Carbon,C,376,4.8656866606273725
Carbon,C,377,4.9027265731687502
Carbon,C,378,4.9397945337464018
Carbon,C,379,4.9768892057133431
Carbon,C,380,5.0140092639246081
Carbon,C,381,5.0511533947521379
Carbon,C,382,5.0883202960967475
Carbon,C,383,5.1255086773973284
Carbon,C,384,5.1627172596372661
Carbon,C,385,5.1999447753482562
Carbon,C,386,5.2371899686114602
Carbon,C,387,5.2744515950561572
Carbon,C,388,5.3117284218559258
Carbon,C,389,5.3490192277224002
Carbon,C,390,5.3863228028967081
Carbon,C,391,5.4236379491386169
Carbon,C,392,5.4609634797134605
Carbon,C,393,5.4982982193768981
Carbon,C,394,5.5356410043576023
Carbon,C,395,5.572990682337859
Carbon,C,396,5.6103461124322207
Carbon,C,397,5.6477061651642213
Carbon,C,398,5.6850697224412006
Carbon,C,399,5.7224356775273435
Carbon,C,400,5.7598029350149123
Carbon,C,401,5.7971704107938047
Carbon,C,402,5.8345370320194183
Carbon,C,403,5.8719017370789333
Carbon,C,404,5.9092634755560134
Carbon,C,405,5.9466212081940029
Carbon,C,406,5.9839739068576625
Carbon,C,407,6.0213205544934736
Carbon,C,408,6.0586601450886066
Carbon,C,409,6.0959916836285251
Carbon,C,410,6.133314186053318
Carbon,C,411,6.1706266792128366
Carbon,C,412,6.2079282008205636
Carbon,C,413,6.2452177994064018
Carbon,C,414,6.2824945342683076
Carbon,C,415,6.3197574754228762
Carbon,C,416,6.3570057035548801
Carbon,C,417,6.3942383099658393
Carbon,C,418,6.4314543965216062
Carbon,C,419,6.4686530755990583
Carbon,C,420,6.5058334700319094
Carbon,C,421,6.5429947130556689
Carbon,C,422,6.5801359482517814
Carbon,C,423,6.6172563294910161
Carbon,C,424,6.6543550208761078
Carbon,C,425,6.6914311966836681
Carbon,C,426,6.7284840413054514
Carbon,C,427,6.7655127491889449
Carbon,C,428,6.8025165247773671
Carbon,C,429,6.8394945824490847
Carbon,C,430,6.876446146456435
Carbon,C,431,6.9133704508640834
Carbon,C,432,6.9502667394868292
Carbon,C,433,6.9871342658269642
Carbon,C,434,7.0239722930111874
Carbon,C,435,7.0607800937270913
Carbon,C,436,7.0975569501592757
Carbon,C,437,7.1343021539250682
Carbon,C,438,7.1710150060099016
Carbon,C,439,7.207694816702416
Carbon,C,440,7.2443409055292145
Carbon,C,441,7.2809526011893446
Carbon,C,442,7.3175292414885922
Carbon,C,443,7.3540701732734508
Carbon,C,444,7.3905747523649605
Carbon,C,445,7.4270423434923183
Carbon,C,446,7.4634723202263329
Carbon,C,447,7.4998640649127148
Carbon,C,448,7.5362169686052738
Carbon,C,449,7.5725304309989516
Carbon,C,450,7.6088038603628014
Carbon,C,451,7.645036673472875
Carbon,C,452,7.681228295545055
Carbon,C,453,7.7173781601678408
Carbon,C,454,7.7534857092350977
Carbon,C,455,7.789550392878823
Carbon,C,456,7.8255716694018913
Carbon,C,457,7.8615490052108257
Carbon,C,458,7.8974818747486015
Carbon,C,459,7.9333697604274995
Carbon,C,460,7.9692121525620294
Carbon,C,461,8.0050085493018983
Carbon,C,462,8.0407584565650954
Carbon,C,463,8.0764613879710758
Carbon,C,464,8.1121168647740145
Carbon,C,465,8.1477244157962527
Carbon,C,466,8.1832835773618058
Carbon,C,467,8.2187938932300817
Carbon,C,468,8.2542549145296888
Carbon,C,469,8.2896661996924728
Carbon,C,470,8.3250273143877003
Carbon,C,471,8.3603378314564107
Carbon,C,472,8.3955973308460123
Carbon,C,473,8.430805399545017
Carbon,C,474,8.4659616315180557
Carbon,C,475,8.5010656276410757
Carbon,C,476,8.5361169956367622
Carbon,C,477,8.5711153500102277
Carbon,C,478,8.6060603119849226
Carbon,C,479,8.6409515094387928
Carbon,C,480,8.6757885768407377
Carbon,C,481,8.7105711551872709
Carbon,C,482,8.745298891939516
Carbon,C,483,8.7799714409604341
Carbon,C,484,8.814588462452372
Carbon,C,485,8.849149622894867
Carbon,C,486,8.8836545949827777
Carbon,C,487,8.9181030575647089
Carbon,C,488,8.95249469558172
Carbon,C,489,8.986829200006385
Carbon,C,490,9.021106267782141
Carbon,C,491,9.0553256017629451
Carbon,C,492,9.0894869106533154
Carbon,C,493,9.1235899089486345
Carbon,C,494,9.157634316875809
Carbon,C,495,9.1916198603342991
Carbon,C,496,9.2255462708374267
Carbon,C,497,9.2594132854540909
Carbon,C,498,9.2932206467507825
Carbon,C,499,9.3269681027339573
Carbon,C,500,9.3606554067928052
Carbon,C,501,9.3942823176423023
Carbon,C,502,9.4278485992666958
Carbon,C,503,9.4613540208632809
Carbon,C,504,9.4947983567865961
Carbon,C,505,9.5281813864929426
Carbon,C,506,9.5615028944852991
Carbon,C,507,9.5947626702585875
Carbon,C,508,9.6279605082453212
Carbon,C,509,9.6610962077615987
Carbon,C,510,9.6941695729535233
Carbon,C,511,9.7271804127439285
Carbon,C,512,9.7601285407795348
Carbon,C,513,9.793013775378455
Carbon,C,514,9.8258359394780719
Carbon,C,515,9.8585948605833345
Carbon,C,516,9.8912903707153763
Carbon,C,517,9.9239223063605539
Carbon,C,518,9.956490508419849
Carbon,C,519,9.9889948221586433
Carbon,C,520,10.021435097156917
Carbon,C,521,10.05381118725975
Carbon,C,522,10.086122950528289
Carbon,C,523,10.118370249191029
Carbon,C,524,10.15055294959552
Carbon,C,525,10.182670922160419
Carbon,C,526,10.214724041327969
Carbon,C,527,10.246712185516786
Carbon,C,528,10.278635237075113
Carbon,C,529,10.310493082234375
Carbon,C,530,10.342285611063172
Carbon,C,531,10.374012717421593
Carbon,C,532,10.405674298915969
Carbon,C,533,10.437270256853973
Carbon,C,534,10.468800496200053
Carbon,C,535,10.500264925531337
Carbon,C,536,10.531663456993821
Carbon,C,537,10.562996006258976
Carbon,C,538,10.594262492480711
Carbon,C,539,10.625462838252723
Carbon,C,540,10.656596969566202
Carbon,C,541,10.687664815767906
Carbon,C,542,10.718666309518609
Carbon,C,543,10.749601386751905
Carbon,C,544,10.780469986633387
Carbon,C,545,10.811272051520199
Carbon,C,546,10.842007526920909
Carbon,C,547,10.872676361455797
Carbon,C,548,10.903278506817458
Carbon,C,549,10.933813917731783
Carbon,C,550,10.964282551919291
Carbon,C,551,10.994684370056822
Carbon,C,552,11.025019335739572
Carbon,C,553,11.055287415443477
Carbon,C,554,11.08548857848796
Carbon,C,555,11.115622796999014
Carbon,C,556,11.14569004587265
Carbon,C,557,11.17569030273863
Carbon,C,558,11.205623547924638
Carbon,C,559,11.235489764420709
Carbon,C,560,11.265288937844032
Carbon,C,561,11.295021056404078
Carbon,C,562,11.32468611086807
Carbon,C,563,11.354284094526802
Carbon,C,564,11.383815003160738
Carbon,C,565,11.413278835006492
Carbon,C,566,11.442675590723617
Carbon,C,567,11.472005273361709
Carbon,C,568,11.501267888327837
Carbon,C,569,11.530463443354307
Carbon,C,570,11.559591948466753
Carbon,C,571,11.588653415952479
Carbon,C,572,11.617647860329214
Carbon,C,573,11.64657529831411
Carbon,C,574,11.675435748793072
Carbon,C,575,11.704229232790389
Carbon,C,576,11.732955773438693
Carbon,C,577,11.761615395949198
Carbon,C,578,11.790208127582243
Carbon,C,579,11.818733997618166
Carbon,C,580,11.847193037328433
Carbon,C,581,11.875585279947071
Carbon,C,582,11.903910760642448
Carbon,C,583,11.932169516489274
Carbon,C,584,11.9603615864409
Carbon,C,585,11.988487011301981
Carbon,C,586,12.01654583370132
Carbon,C,587,12.044538098065063
Carbon,C,588,12.072463850590157
Carbon,C,589,12.100323139218077
Carbon,C,590,12.128116013608844
Carbon,C,591,12.155842525115313
Carbon,C,592,12.183502726757727
Carbon,C,593,12.211096673198545
Carbon,C,594,12.23862442071756
Carbon,C,595,12.266086027187214
Carbon,C,596,12.293481552048307
Carbon,C,597,12.320811056285802
Carbon,C,598,12.348074602405022
Carbon,C,599,12.375272254408046
Carbon,C,600,12.402404077770388
Carbon,C,601,12.429470139417885
Carbon,C,602,12.456470507703875
Carbon,C,603,12.483405252386627
Carbon,C,604,12.510274444606997
Carbon,C,605,12.537078156866325
Carbon,C,606,12.563816463004624
Carbon,C,607,12.590489438178921
Carbon,C,608,12.617097158841931
Carbon,C,609,12.643639702720915
Carbon,C,610,12.670117148796773
Carbon,C,611,12.696529577283403
Carbon,C,612,12.722877069607243
Carbon,C,613,12.74915970838709
Carbon,C,614,12.775377577414112
Carbon,C,615,12.801530761632099
Carbon,C,616,12.827619347117926
Carbon,C,617,12.853643421062269
Carbon,C,618,12.879603071750482
Carbon,C,619,12.90549838854376
Carbon,C,620,12.931329461860441
Carbon,C,621,12.957096383157598
Carbon,C,622,12.982799244912789
Carbon,C,623,13.008438140606042
Carbon,C,624,13.03401316470201
Carbon,C,625,13.059524412632401
Carbon,C,626,13.084971980778535
Carbon,C,627,13.110355966454161
Carbon,C,628,13.135676467888418
Carbon,C,629,13.160933584209074
Carbon,C,630,13.186127415425865
Carbon,C,631,13.211258062414098
Carbon,C,632,13.236325626898422
Carbon,C,633,13.261330211436793
Carbon,C,634,13.286271919404621
Carbon,C,635,13.311150854979108
Carbon,C,636,13.335967123123766
Carbon,C,637,13.360720829573147
Carbon,C,638,13.385412080817716
Carbon,C,639,13.410040984088903
Carbon,C,640,13.43460764734437
Carbon,C,641,13.459112179253443
Carbon,C,642,13.483554689182691
Carbon,C,643,13.507935287181688
Carbon,C,644,13.532254083968974
Carbon,C,645,13.556511190918167
Carbon,C,646,13.580706720044216
Carbon,C,647,13.604840783989886
Carbon,C,648,13.628913496012316
Carbon,C,649,13.652924969969854
Carbon,C,650,13.676875320308916
Carbon,C,651,13.70076466205116
Carbon,C,652,13.724593110780667
Carbon,C,653,13.748360782631398
Carbon,C,654,13.772067794274712
Carbon,C,655,13.795714262907149
Carbon,C,656,13.819300306238221
Carbon,C,657,13.842826042478478
Carbon,C,658,13.866291590327663
Carbon,C,659,13.889697068963031
Carbon,C,660,13.913042598027811
Carbon,C,661,13.936328297619772
Carbon,C,662,13.95955428828003
Carbon,C,663,13.982720690981905
Carbon,C,664,14.005827627119947
Carbon,C,665,14.028875218499106
Carbon,C,666,14.051863587324045
Carbon,C,667,14.074792856188566
Carbon,C,668,14.097663148065186
Carbon,C,669,14.120474586294851
Carbon,C,670,14.143227294576763
Carbon,C,671,14.165921396958359
Carbon,C,672,14.188557017825396
Carbon,C,673,14.211134281892177
Carbon,C,674,14.233653314191908
Carbon,C,675,14.256114240067161
Carbon,C,676,14.278517185160474
Carbon,C,677,14.300862275405079
Carbon,C,678,14.323149637015717
Carbon,C,679,14.345379396479645
Carbon,C,680,14.367551680547656
Carbon,C,681,14.389666616225309
Carbon,C,682,14.41172433076423
Carbon,C,683,14.43372495165354
Carbon,C,684,14.455668606611376
Carbon,C,685,14.477555423576566
Carbon,C,686,14.499385530700375
Carbon,C,687,14.521159056338375
Carbon,C,688,14.542876129042407
Carbon,C,689,14.564536877552699
Carbon,C,690,14.586141430790045
Carbon,C,691,14.607689917848083
Carbon,C,692,14.629182467985709
Carbon,C,693,14.650619210619586
Carbon,C,694,14.672000275316744
Carbon,C,695,14.693325791787263
Carbon,C,696,14.714595889877119
Carbon,C,697,14.735810699561034
Carbon,C,698,14.756970350935516
Carbon,C,699,14.778074974211943
Carbon,C,700,14.799124699709735
Carbon,C,701,14.820119657849663
Carbon,C,702,14.841059979147207
Carbon,C,703,14.861945794206035
Carbon,C,704,14.882777233711559
Carbon,C,705,14.903554428424572
Carbon,C,706,14.924277509175013
Carbon,C,707,14.944946606855764
Carbon,C,708,14.965561852416585
Carbon,C,709,14.986123376858082
Carbon,C,710,15.006631311225838
Carbon,C,711,15.027085786604525
Carbon,C,712,15.047486934112204
Carbon,C,713,15.067834884894616
Carbon,C,714,15.088129770119622
Carbon,C,715,15.108371720971689
Carbon,C,716,15.128560868646458
Carbon,C,717,15.148697344345404
Carbon,C,718,15.168781279270547
Carbon,C,719,15.188812804619282
Carbon,C,720,15.208792051579241
Carbon,C,721,15.228719151323263
Carbon,C,722,15.248594235004411
Carbon,C,723,15.268417433751079
Carbon,C,724,15.288188878662179
Carbon,C,725,15.307908700802363
Carbon,C,726,15.327577031197375
Carbon,C,727,15.347194000829404
Carbon,C,728,15.366759740632567
Carbon,C,729,15.386274381488422
Carbon,C,730,15.405738054221551
Carbon,C,731,15.425150889595242
Carbon,C,732,15.444513018307209
Carbon,C,733,15.463824570985357
Carbon,C,734,15.483085678183665
Carbon,C,735,15.502296470378095
Carbon,C,736,15.521457077962573
Carbon,C,737,15.54056763124504
Carbon,C,738,15.559628260443525
Carbon,C,739,15.578639095682361
Carbon,C,740,15.597600266988373
Carbon,C,741,15.616511904287174
Carbon,C,742,15.635374137399513
Carbon,C,743,15.65418709603766
Carbon,C,744,15.6729509098019
Carbon,C,745,15.691665708177
Carbon,C,746,15.710331620528832
Carbon,C,747,15.728948776100946
Carbon,C,748,15.747517304011293
Carbon,C,749,15.766037333248942
Carbon,C,750,15.784508992670874
Carbon,C,751,15.802932410998809
Carbon,C,752,15.821307716816111
Carbon,C,753,15.839635038564746
Carbon,C,754,15.857914504542249
Carbon,C,755,15.87614624289877
Carbon,C,756,15.8943303816342
Carbon,C,757,15.912467048595289
Carbon,C,758,15.930556371472839
Carbon,C,759,15.94859847779894
Carbon,C,760,15.966593494944291
Carbon,C,761,15.984541550115487
Carbon,C,762,16.002442770352417
Carbon,C,763,16.020297282525714
Carbon,C,764,16.038105213334173
Carbon,C,765,16.055866689302324
Carbon,C,766,16.073581836777944
Carbon,C,767,16.091250781929674
Carbon,C,768,16.108873650744695
Carbon,C,769,16.126450569026339
Carbon,C,770,16.143981662391909
Carbon,C,771,16.161467056270382
Carbon,C,772,16.17890687590025
Carbon,C,773,16.196301246327362
Carbon,C,774,16.213650292402811
Carbon,C,775,16.230954138780866
Carbon,C,776,16.248212909916965
Carbon,C,777,16.26542673006567
Carbon,C,778,16.282595723278771
Carbon,C,779,16.299720013403309
Carbon,C,780,16.316799724079761
Carbon,C,781,16.333834978740118
Carbon,C,782,16.350825900606146
Carbon,C,783,16.367772612687585
Carbon,C,784,16.384675237780396
Carbon,C,785,16.401533898465079
Carbon,C,786,16.418348717104987
Carbon,C,787,16.435119815844715
Carbon,C,788,16.451847316608479
Carbon,C,789,16.46853134109854
Carbon,C,790,16.485172010793686
Carbon,C,791,16.501769446947712
Carbon,C,792,16.518323770587969
Carbon,C,793,16.534835102513888
Carbon,C,794,16.55130356329559
Carbon,C,795,16.567729273272509
Carbon,C,796,16.584112352552047
Carbon,C,797,16.600452921008216
Carbon,C,798,16.616751098280385
Carbon,C,799,16.633007003772022
Carbon,C,800,16.649220756649406
