material,symbol,reduced_temperature,normalized_heat_capacity
Gold,Au,0,0
Gold,Au,0.0050000000000000001,5.5355861069469165e-83
Gold,Au,0.01,3.720075976020852e-40
Gold,Au,0.014999999999999999,4.9528140348459327e-26
Gold,Au,0.02,4.821874619909798e-19
Gold,Au,0.025000000000000001,6.7973668084665601e-15
Gold,Au,0.029999999999999999,3.7091531059611433e-12
Gold,Au,0.035000000000000003,3.187499627105794e-10
Gold,Au,0.040000000000000001,8.6799649158436051e-09
Gold,Au,0.044999999999999998,1.1030278702227088e-07
Gold,Au,0.050000000000000003,8.2446145237410601e-07
Gold,Au,0.055,4.1976992981356958e-06
Gold,Au,0.059999999999999998,1.6049303297407637e-05
Gold,Au,0.065000000000000002,4.9285583186326792e-05
Gold,Au,0.070000000000000007,0.00012752565956825526
Gold,Au,0.074999999999999997,0.00028792925129118109
Gold,Au,0.080000000000000002,0.00058229389814401088
Gold,Au,0.085000000000000006,0.001076024240661663
Gold,Au,0.089999999999999997,0.0018451586742078525
Gold,Au,0.095000000000000001,0.0029720439284188168
Gold,Au,0.10000000000000001,0.0045404052350475413
Gold,Au,0.105,0.006630510498834793
Gold,Au,0.11,0.0093149570976208788
Gold,Au,0.115,0.012655400709885103
Gold,Au,0.12,0.016700352296325757
Gold,Au,0.125,0.021484019939626529
Gold,Au,0.13,0.027026073894798122
Gold,Au,0.13500000000000001,0.033332160920918869
Gold,Au,0.14000000000000001,0.040394977370310461
Gold,Au,0.14499999999999999,0.048195718264151484
Gold,Au,0.14999999999999999,0.056705741728639646
Gold,Au,0.155,0.065888317030934271
Gold,Au,0.16,0.075700354713167772
Gold,Au,0.16500000000000001,0.086094045656237364
Gold,Au,0.17000000000000001,0.097018360527948613
Gold,Au,0.17500000000000002,0.10842038127243649
Gold,Au,0.17999999999999999,0.12024645206074594
Gold,Au,0.185,0.13244314882686184
Gold,Au,0.19,0.1449580747348739
Gold,Au,0.19500000000000001,0.15774049429712375
Gold,Au,0.20000000000000001,0.1707418220048014
Gold,Au,0.20500000000000002,0.18391598279138907
Gold,Au,0.20999999999999999,0.19721966189170706
Gold,Au,0.215,0.21061246106421885
Gold,Au,0.22,0.22405697700931795
Gold,Au,0.22500000000000001,0.23751881636772715
Gold,Au,0.23000000000000001,0.25096656008709939
Gold,Au,0.23500000000000001,0.26437168831922508
Gold,Au,0.23999999999999999,0.27770847543464883
Gold,Au,0.245,0.29095386326671574
Gold,Au,0.25,0.30408731935228439
Gold,Au,0.255,0.31709068573517762
Gold,Au,0.26000000000000001,0.32994802284369928
Gold,Au,0.26500000000000001,0.34264545204079033
Gold,Au,0.27000000000000002,0.35517099966565152
Gold,Au,0.27500000000000002,0.36751444472736372
Gold,Au,0.28000000000000003,0.37966717186147125
Gold,Au,0.28500000000000003,0.39162203070668827
Gold,Au,0.28999999999999998,0.40337320248830039
Gold,Au,0.29499999999999998,0.41491607429573146
Gold,Au,0.29999999999999999,0.42624712130339082
Gold,Au,0.30499999999999999,0.43736379699671918
Gold,Au,0.31,0.44826443132082661
Gold,Au,0.315,0.45894813655989836
Gold,Au,0.32000000000000001,0.46941472067527401
Gold,Au,0.32500000000000001,0.47966460777334136
Gold,Au,0.33000000000000002,0.48969876533657114
Gold,Au,0.33500000000000002,0.49951863782826067
Gold,Au,0.34000000000000002,0.50912608627067246
Gold,Au,0.34500000000000003,0.5185233333945608
Gold,Au,0.35000000000000003,0.5277129139634209
Gold,Au,0.35499999999999998,0.53669762988635583
Gold,Au,0.35999999999999999,0.54548050974781903
Gold,Au,0.36499999999999999,0.55406477239947816
Gold,Au,0.37,0.56245379427814135
Gold,Au,0.375,0.57065108013337362
Gold,Au,0.38,0.57866023686850199
Gold,Au,0.38500000000000001,0.5864849502187911
Gold,Au,0.39000000000000001,0.59412896401027704
Gold,Au,0.39500000000000002,0.60159606176187463
Gold,Au,0.40000000000000002,0.6088900504117275
Gold,Au,0.40500000000000003,0.61601474596625116
Gold,Au,0.41000000000000003,0.6229739608868442
Gold,Au,0.41500000000000004,0.62977149304476376
Gold,Au,0.41999999999999998,0.63641111608920331
Gold,Au,0.42499999999999999,0.64289657108711407
Gold,Au,0.42999999999999999,0.64923155930588516
Gold,Au,0.435,0.65541973602158876
Gold,Au,0.44,0.66146470524620804
Gold,Au,0.44500000000000001,0.66737001527711903
Gold,Au,0.45000000000000001,0.67313915498113341
Gold,Au,0.45500000000000002,0.67877555073369233
Gold,Au,0.46000000000000002,0.68428256394138687
Gold,Au,0.46500000000000002,0.68966348908289143
Gold,Au,0.47000000000000003,0.69492155220970819
Gold,Au,0.47500000000000003,0.70005990985386712
Gold,Au,0.47999999999999998,0.70508164829495401
Gold,Au,0.48499999999999999,0.7099897831435853
Gold,Au,0.48999999999999999,0.71478725920276509
Gold,Au,0.495,0.71947695057246408
Gold,Au,0.5,0.72406166096631042
Gold,Au,0.505,0.72854412421248582
Gold,Au,0.51000000000000001,0.73292700491382701
Gold,Au,0.51500000000000001,0.73721289924475664
Gold,Au,0.52000000000000002,0.74140433586503995
Gold,Au,0.52500000000000002,0.7455037769325038
Gold,Au,0.53000000000000003,0.74951361919879234
Gold,Au,0.53500000000000003,0.75343619517396909
Gold,Au,0.54000000000000004,0.75727377434735244
Gold,Au,0.54500000000000004,0.7610285644533884
Gold,Au,0.55000000000000004,0.76470271277262525
Gold,Au,0.55500000000000005,0.76829830745902183
Gold,Au,0.56000000000000005,0.7718173788858298
Gold,Au,0.56500000000000006,0.77526190100323211
Gold,Au,0.57000000000000006,0.77863379270174371
Gold,Au,0.57500000000000007,0.78193491917612612
Gold,Au,0.57999999999999996,0.78516709328523659
Gold,Au,0.58499999999999996,0.78833207690383578
Gold,Au,0.58999999999999997,0.79143158226290877
Gold,Au,0.59499999999999997,0.79446727327553268
Gold,Au,0.59999999999999998,0.79744076684575704
Gold,Au,0.60499999999999998,0.80035363415834815
Gold,Au,0.60999999999999999,0.80320740194757012
Gold,Au,0.61499999999999999,0.80600355374351051
Gold,Au,0.62,0.80874353109469743
Gold,Au,0.625,0.81142873476601085
Gold,Au,0.63,0.81406052591110334
Gold,Au,0.63500000000000001,0.81664022721872265
Gold,Au,0.64000000000000001,0.81916912403250519
Gold,Au,0.64500000000000002,0.82164846544395065
Gold,Au,0.65000000000000002,0.82407946535841492
Gold,Au,0.65500000000000003,0.82646330353407349
Gold,Au,0.66000000000000003,0.82880112659390515
Gold,Au,0.66500000000000004,0.83109404901082851
Gold,Au,0.67000000000000004,0.83334315406620341
Gold,Au,0.67500000000000004,0.83554949478196616
Gold,Au,0.68000000000000005,0.83771409482672687
Gold,Au,0.68500000000000005,0.83983794939620338
Gold,Au,0.69000000000000006,0.84192202606840094
Gold,Au,0.69500000000000006,0.84396726563398783
Gold,Au,0.70000000000000007,0.84597458290233452
Gold,Au,0.70499999999999996,0.84794486748371434
Gold,Au,0.70999999999999996,0.84987898454817346
Gold,Au,0.71499999999999997,0.85177777556159984
Gold,Au,0.71999999999999997,0.85364205899952206
Gold,Au,0.72499999999999998,0.85547263103917948
Gold,Au,0.72999999999999998,0.85727026623041402
Gold,Au,0.73499999999999999,0.85903571814592483
Gold,Au,0.73999999999999999,0.86076972001143492
Gold,Au,0.745,0.86247298531631467
Gold,Au,0.75,0.86414620840520251
Gold,Au,0.755,0.86579006505115463
Gold,Au,0.76000000000000001,0.86740521301085749
Gold,Au,0.76500000000000001,0.86899229256241828
Gold,Au,0.77000000000000002,0.87055192702625195
Gold,Au,0.77500000000000002,0.87208472326956388
Gold,Au,0.78000000000000003,0.87359127219492438
Gold,Au,0.78500000000000003,0.87507214921341936
Gold,Au,0.79000000000000004,0.87652791470284741
Gold,Au,0.79500000000000004,0.87795911445143437
Gold,Au,0.80000000000000004,0.87936628008750417
Gold,Au,0.80500000000000005,0.88074992949555997
Gold,Au,0.81000000000000005,0.88211056721919567
Gold,Au,0.81500000000000006,0.88344868485126204
Gold,Au,0.82000000000000006,0.88476476141168747
Gold,Au,0.82500000000000007,0.88605926371335841
Gold,Au,0.83000000000000007,0.88733264671643508
Gold,Au,0.83499999999999996,0.8885853538714833
Gold,Au,0.83999999999999997,0.88981781745177735
Gold,Au,0.84499999999999997,0.89103045887513399
Gold,Au,0.84999999999999998,0.892223689015614
Gold,Au,0.85499999999999998,0.89339790850542222
Gold,Au,0.85999999999999999,0.8945535080273278
Gold,Au,0.86499999999999999,0.89569086859791769
Gold,Au,0.87,0.89681036184197993
Gold,Au,0.875,0.89791235025830918
Gold,Au,0.88,0.89899718747722224
Gold,Au,0.88500000000000001,0.9000652185100475
Gold,Au,0.89000000000000001,0.90111677999085948
Gold,Au,0.89500000000000002,0.90215220041071165
Gold,Au,0.90000000000000002,0.90317180034461242
Gold,Au,0.90500000000000003,0.90417589267149068
Gold,Au,0.91000000000000003,0.90516478278737045
Gold,Au,0.91500000000000004,0.90613876881199107
Gold,Au,0.92000000000000004,0.90709814178907788
Gold,Au,0.92500000000000004,0.90804318588047817
Gold,Au,0.93000000000000005,0.90897417855436569
Gold,Au,0.93500000000000005,0.90989139076770076
Gold,Au,0.94000000000000006,0.91079508714314361
Gold,Au,0.94500000000000006,0.91168552614059784
Gold,Au,0.95000000000000007,0.91256296022355909
Gold,Au,0.95500000000000007,0.91342763602044308
Gold,Au,0.95999999999999996,0.91427979448105368
Gold,Au,0.96499999999999997,0.91511967102835046
Gold,Au,0.96999999999999997,0.91594749570566891
Gold,Au,0.97499999999999998,0.91676349331954332
Gold,Au,0.97999999999999998,0.91756788357827002
Gold,Au,0.98499999999999999,0.91836088122635484
Gold,Au,0.98999999999999999,0.91914269617497524
Gold,Au,0.995,0.91991353362858608
Gold,Au,1,0.92067359420779238
Gold,Au,1.0050000000000001,0.92142307406861301
Gold,Au,1.01,0.92216216501824644
Gold,Au,1.0150000000000001,0.92289105462745458
Gold,Au,1.02,0.92360992633967176
Gold,Au,1.0249999999999999,0.92431895957693944
Gold,Au,1.03,0.92501832984277799
Gold,Au,1.0349999999999999,0.92570820882208182
Gold,Au,1.04,0.92638876447813656
Gold,Au,1.0449999999999999,0.92706016114685319
Gold,Au,1.05,0.92772255962830197
Gold,Au,1.0549999999999999,0.92837611727563119
Gold,Au,1.0600000000000001,0.92902098808145961
Gold,Au,1.0649999999999999,0.92965732276181134
Gold,Au,1.0700000000000001,0.93028526883767959
Gold,Au,1.075,0.93090497071428857
Gold,Au,1.0800000000000001,0.93151656975812525
Gold,Au,1.085,0.93212020437181187
Gold,Au,1.0900000000000001,0.93271601006688598
Gold,Au,1.095,0.93330411953455139
Gold,Au,1.1000000000000001,0.93388466271446158
Gold,Au,1.105,0.9344577668616032
Gold,Au,1.1100000000000001,0.93502355661132441
Gold,Au,1.115,0.93558215404258094
Gold,Au,1.1200000000000001,0.93613367873944164
Gold,Au,1.125,0.93667824785091136
Gold,Au,1.1300000000000001,0.93721597614912455
Gold,Au,1.135,0.93774697608595303
Gold,Au,1.1400000000000001,0.93827135784808191
Gold,Au,1.145,0.93878922941059573
Gold,Au,1.1500000000000001,0.93930069658911941
Gold,Au,1.155,0.93980586309056324
Gold,Au,1.1599999999999999,0.94030483056250236
Gold,Au,1.165,0.94079769864124574
Gold,Au,1.1699999999999999,0.94128456499861834
Gold,Au,1.175,0.94176552538750891
Gold,Au,1.1799999999999999,0.94224067368620801
Gold,Au,1.1850000000000001,0.94271010194158145
Gold,Au,1.1899999999999999,0.94317390041110372
Gold,Au,1.1950000000000001,0.94363215760379637
Gold,Au,1.2,0.94408496032009115
Gold,Au,1.2050000000000001,0.94453239369066033
Gold,Au,1.21,0.94497454121423297
Gold,Au,1.2150000000000001,0.94541148479443993
Gold,Au,1.22,0.94584330477569978
Gold,Au,1.2250000000000001,0.94627007997819068
Gold,Au,1.23,0.94669188773191848
Gold,Au,1.2350000000000001,0.9471088039099167
Gold,Au,1.24,0.94752090296060143
Gold,Au,1.2450000000000001,0.94792825793930324
Gold,Au,1.25,0.94833094053899913
Gold,Au,1.2550000000000001,0.94872902112027213
Gold,Au,1.26,0.94912256874051182
Gold,Au,1.2650000000000001,0.94951165118238856
Gold,Au,1.27,0.94989633498160819
Gold,Au,1.2750000000000001,0.9502766854539797
Gold,Au,1.28,0.95065276672180943
Gold,Au,1.2849999999999999,0.9510246417396383
Gold,Au,1.29,0.95139237231934448
Gold,Au,1.2949999999999999,0.95175601915462948
Gold,Au,1.3,0.95211564184489894
Gold,Au,1.3049999999999999,0.9524712989185623
Gold,Au,1.3100000000000001,0.95282304785576288
Gold,Au,1.3149999999999999,0.95317094511055167
Gold,Au,1.3200000000000001,0.95351504613252813
Gold,Au,1.325,0.95385540538795299
Gold,Au,1.3300000000000001,0.9541920763803543
Gold,Au,1.335,0.9545251116706378
Gold,Au,1.3400000000000001,0.95485456289671533
Gold,Au,1.345,0.95518048079266116
Gold,Au,1.3500000000000001,0.95550291520741726
Gold,Au,1.355,0.95582191512304915
Gold,Au,1.3600000000000001,0.95613752867257318
Gold,Au,1.365,0.95644980315735828
Gold,Au,1.3700000000000001,0.95675878506412426
Gold,Au,1.375,0.95706452008153498
Gold,Au,1.3800000000000001,0.95736705311640613
Gold,Au,1.385,0.95766642830953552
Gold,Au,1.3900000000000001,0.95796268905116255
Gold,Au,1.395,0.95825587799607248
Gold,Au,1.4000000000000001,0.95854603707834651
Gold,Au,1.405,0.95883320752577705
Gold,Au,1.4099999999999999,0.95911742987394777
Gold,Au,1.415,0.9593987439799927
Gold,Au,1.4199999999999999,0.95967718903603993
Gold,Au,1.425,0.95995280358234891
Gold,Au,1.4299999999999999,0.96022562552015145
Gold,Au,1.4350000000000001,0.96049569212419794
Gold,Au,1.4399999999999999,0.96076304005502167
Gold,Au,1.4450000000000001,0.96102770537092952
Gold,Au,1.45,0.96128972353972009
Gold,Au,1.4550000000000001,0.96154912945013971
Gold,Au,1.46,0.96180595742308495
Gold,Au,1.4650000000000001,0.96206024122255129
Gold,Au,1.47,0.96231201406634537
Gold,Au,1.4750000000000001,0.96256130863655276
Gold,Au,1.48,0.96280815708978129
Gold,Au,1.4850000000000001,0.96305259106717211
Gold,Au,1.49,0.96329464170419821
Gold,Au,1.4950000000000001,0.96353433964024238
Gold,Au,1.5,0.96377171502797077
Gold,Au,1.5050000000000001,0.96400679754249829
Gold,Au,1.51,0.96423961639035893
Gold,Au,1.5150000000000001,0.96447020031827946
Gold,Au,1.52,0.96469857762176581
Gold,Au,1.5250000000000001,0.96492477615350125
Gold,Au,1.53,0.96514882333156871
Gold,Au,1.5350000000000001,0.96537074614749507
Gold,Au,1.54,0.9655905711741225
Gold,Au,1.5449999999999999,0.96580832457331489
Gold,Au,1.55,0.96602403210349963
Gold,Au,1.5549999999999999,0.96623771912704892
Gold,Au,1.5600000000000001,0.96644941061750755
Gold,Au,1.5649999999999999,0.96665913116666546
Gold,Au,1.5700000000000001,0.96686690499148598
Gold,Au,1.575,0.9670727559408846
Gold,Au,1.5800000000000001,0.96727670750237049
Gold,Au,1.585,0.96747878280854716
Gold,Au,1.5900000000000001,0.967679004643478
Gold,Au,1.595,0.96787739544892237
Gold,Au,1.6000000000000001,0.96807397733044143
Gold,Au,1.605,0.96826877206337825
Gold,Au,1.6100000000000001,0.96846180109871449
Gold,Au,1.615,0.96865308556881036
Gold,Au,1.6200000000000001,0.96884264629302286
Gold,Au,1.625,0.9690305037832142
Gold,Au,1.6300000000000001,0.96921667824914415
Gold,Au,1.635,0.96940118960375621
Gold,Au,1.6400000000000001,0.96958405746835596
Gold,Au,1.645,0.969765301177685
Gold,Au,1.6500000000000001,0.96994493978489338
Gold,Au,1.655,0.97012299206641117
Gold,Au,1.6600000000000001,0.97029947652672566
Gold,Au,1.665,0.97047441140305923
Gold,Au,1.6699999999999999,0.9706478146699582
Gold,Au,1.675,0.97081970404378726
Gold,Au,1.6799999999999999,0.97099009698713867
Gold,Au,1.6850000000000001,0.97115901071315069
Gold,Au,1.6899999999999999,0.97132646218974406
Gold,Au,1.6950000000000001,0.97149246814377488
Gold,Au,1.7,0.9716570450651042
Gold,Au,1.7050000000000001,0.97182020921059009
Gold,Au,1.71,0.97198197660800301
Gold,Au,1.7150000000000001,0.97214236305986235
Gold,Au,1.72,0.97230138414720035
Gold,Au,1.7250000000000001,0.97245905523325404
Gold,Au,1.73,0.9726153914670842
Gold,Au,1.7350000000000001,0.97277040778712642
Gold,Au,1.74,0.97292411892467301
Gold,Au,1.7450000000000001,0.97307653940728978
Gold,Au,1.75,0.97322768356216605
Gold,Au,1.7550000000000001,0.9733775655194018
Gold,Au,1.76,0.97352619921523242
Gold,Au,1.7650000000000001,0.9736735983951923
Gold,Au,1.77,0.97381977661722008
Gold,Au,1.7750000000000001,0.97396474725470206
Gold,Au,1.78,0.97410852349946286
Gold,Au,1.7850000000000001,0.97425111836469658
Gold,Au,1.79,0.97439254468784542
Gold,Au,1.7949999999999999,0.97453281513342216
Gold,Au,1.8,0.97467194219578468
Gold,Au,1.8049999999999999,0.9748099382018528
Gold,Au,1.8100000000000001,0.9749468153137818
Gold,Au,1.8149999999999999,0.97508258553157923
Gold,Au,1.8200000000000001,0.97521726069568171
Gold,Au,1.825,0.97535085248947695
Gold,Au,1.8300000000000001,0.9754833724417844
Gold,Au,1.835,0.97561483192928811
Gold,Au,1.8400000000000001,0.975745242178927
Gold,Au,1.845,0.97587461427024147
Gold,Au,1.8500000000000001,0.9760029591376751
Gold,Au,1.855,0.97613028757283804
Gold,Au,1.8600000000000001,0.97625661022672761
Gold,Au,1.865,0.9763819376119095
Gold,Au,1.8700000000000001,0.97650628010465967
Gold,Au,1.875,0.97662964794706797
Gold,Au,1.8800000000000001,0.97675205124910458
Gold,Au,1.885,0.97687349999064832
Gold,Au,1.8900000000000001,0.97699400402348069
Gold,Au,1.895,0.97711357307324398
Gold,Au,1.9000000000000001,0.9772322167413624
Gold,Au,1.905,0.97734994450693391
Gold,Au,1.9100000000000001,0.97746676572858526
Gold,Au,1.915,0.97758268964629469
Gold,Au,1.9199999999999999,0.97769772538318422
Gold,Au,1.925,0.97781188194727919
Gold,Au,1.9299999999999999,0.97792516823323794
Gold,Au,1.9350000000000001,0.97803759302405091
Gold,Au,1.9399999999999999,0.97814916499271198
Gold,Au,1.9450000000000001,0.97825989270385694
Gold,Au,1.95,0.97836978461537782
Gold,Au,1.9550000000000001,0.97847884908000815
Gold,Au,1.96,0.97858709434687763
Gold,Au,1.9650000000000001,0.97869452856304662
Gold,Au,1.97,0.9788011597750087
Gold,Au,1.9750000000000001,0.97890699593017005
Gold,Au,1.98,0.9790120448783034
Gold,Au,1.9850000000000001,0.97911631437297719
Gold,Au,1.99,0.97921981207295983
Gold,Au,1.9950000000000001,0.97932254554360132
Gold,Au,2,0.97942452225819099
Gold,Au,2.0049999999999999,0.97952574959929262
Gold,Au,2.0100000000000002,0.97962623486005607
Gold,Au,2.0150000000000001,0.97972598524550936
Gold,Au,2.02,0.97982500787382565
Gold,Au,2.0249999999999999,0.97992330977757236
Gold,Au,2.0300000000000002,0.98002089790493863
Gold,Au,2.0350000000000001,0.98011777912093978
Gold,Au,2.04,0.98021396020860618
Gold,Au,2.0449999999999999,0.98030944787014918
Gold,Au,2.0499999999999998,0.98040424872810961
Gold,Au,2.0550000000000002,0.98049836932648504
Gold,Au,2.0600000000000001,0.98059181613184221
Gold,Au,2.0649999999999999,0.98068459553440801
Gold,Au,2.0699999999999998,0.980776713849144
Gold,Au,2.0750000000000002,0.98086817731680265
Gold,Au,2.0800000000000001,0.98095899210496895
Gold,Au,2.085,0.98104916430908051
Gold,Au,2.0899999999999999,0.98113869995343439
Gold,Au,2.0950000000000002,0.98122760499217898
Gold,Au,2.1000000000000001,0.98131588531028602
Gold,Au,2.105,0.98140354672450869
Gold,Au,2.1099999999999999,0.98149059498432578
Gold,Au,2.1150000000000002,0.98157703577286781
Gold,Au,2.1200000000000001,0.98166287470783165
Gold,Au,2.125,0.9817481173423781
Gold,Au,2.1299999999999999,0.98183276916601614
Gold,Au,2.1350000000000002,0.98191683560547272
Gold,Au,2.1400000000000001,0.9820003220255481
Gold,Au,2.145,0.98208323372996176
Gold,Au,2.1499999999999999,0.98216557596217757
Gold,Au,2.1550000000000002,0.98224735390622375
Gold,Au,2.1600000000000001,0.98232857268749396
Gold,Au,2.165,0.98240923737353947
Gold,Au,2.1699999999999999,0.98248935297484774
Gold,Au,2.1750000000000003,0.98256892444560828
Gold,Au,2.1800000000000002,0.98264795668446714
Gold,Au,2.1850000000000001,0.98272645453527108
Gold,Au,2.1899999999999999,0.98280442278779623
Gold,Au,2.1949999999999998,0.98288186617847073
Gold,Au,2.2000000000000002,0.98295878939108117
Gold,Au,2.2050000000000001,0.98303519705747244
Gold,Au,2.21,0.98311109375823358
Gold,Au,2.2149999999999999,0.98318648402337561
Gold,Au,2.2200000000000002,0.98326137233299593
Gold,Au,2.2250000000000001,0.98333576311793702
Gold,Au,2.23,0.98340966076042946
Gold,Au,2.2349999999999999,0.98348306959473164
Gold,Au,2.2400000000000002,0.98355599390775228
Gold,Au,2.2450000000000001,0.98362843793967225
Gold,Au,2.25,0.98370040588454732
Gold,Au,2.2549999999999999,0.98377190189091135
Gold,Au,2.2600000000000002,0.98384293006236212
Gold,Au,2.2650000000000001,0.98391349445814591
Gold,Au,2.27,0.98398359909372579
Gold,Au,2.2749999999999999,0.98405324794134685
Gold,Au,2.2800000000000002,0.98412244493059164
Gold,Au,2.2850000000000001,0.98419119394892596
Gold,Au,2.29,0.98425949884223884
Gold,Au,2.2949999999999999,0.98432736341537186
Gold,Au,2.3000000000000003,0.98439479143264164
Gold,Au,2.3050000000000002,0.98446178661835726
Gold,Au,2.3100000000000001,0.98452835265732597
Gold,Au,2.3149999999999999,0.98459449319535242
Gold,Au,2.3199999999999998,0.98466021183973351
Gold,Au,2.3250000000000002,0.98472551215974258
Gold,Au,2.3300000000000001,0.98479039768710752
Gold,Au,2.335,0.98485487191648335
Gold,Au,2.3399999999999999,0.9849189383059147
Gold,Au,2.3450000000000002,0.98498260027729589
Gold,Au,2.3500000000000001,0.98504586121682136
Gold,Au,2.355,0.98510872447542852
Gold,Au,2.3599999999999999,0.98517119336923897
Gold,Au,2.3650000000000002,0.9852332711799856
Gold,Au,2.3700000000000001,0.98529496115544535
Gold,Au,2.375,0.98535626650985153
Gold,Au,2.3799999999999999,0.98541719042431131
Gold,Au,2.3850000000000002,0.98547773604721356
Gold,Au,2.3900000000000001,0.9855379064946268
Gold,Au,2.395,0.9855977048506992
Gold,Au,2.3999999999999999,0.98565713416805034
Gold,Au,2.4050000000000002,0.98571619746814865
Gold,Au,2.4100000000000001,0.98577489774169802
Gold,Au,2.415,0.98583323794900979
Gold,Au,2.4199999999999999,0.98589122102037008
Gold,Au,2.4250000000000003,0.98594884985640563
Gold,Au,2.4300000000000002,0.9860061273284384
Gold,Au,2.4350000000000001,0.98606305627884527
Gold,Au,2.4399999999999999,0.98611963952139947
Gold,Au,2.4449999999999998,0.98617587984161936
Gold,Au,2.4500000000000002,0.98623177999710665
Gold,Au,2.4550000000000001,0.98628734271787621
Gold,Au,2.46,0.98634257070669051
Gold,Au,2.4649999999999999,0.98639746663938321
Gold,Au,2.4700000000000002,0.98645203316517904
Gold,Au,2.4750000000000001,0.98650627290700788
Gold,Au,2.48,0.9865601884618197
Gold,Au,2.4849999999999999,0.98661378240089137
Gold,Au,2.4900000000000002,0.98666705727012671
Gold,Au,2.4950000000000001,0.98672001559035827
Gold,Au,2.5,0.98677265985764373
Gold,Au,2.5049999999999999,0.98682499254355194
Gold,Au,2.5100000000000002,0.98687701609545264
Gold,Au,2.5150000000000001,0.9869287329368005
Gold,Au,2.52,0.9869801454674122
Gold,Au,2.5249999999999999,0.98703125606374242
Gold,Au,2.5300000000000002,0.98708206707915602
Gold,Au,2.5350000000000001,0.98713258084419475
Gold,Au,2.54,0.98718279966684408
Gold,Au,2.5449999999999999,0.98723272583279054
Gold,Au,2.5500000000000003,0.98728236160568095
Gold,Au,2.5550000000000002,0.98733170922737767
Gold,Au,2.5600000000000001,0.98738077091820609
Gold,Au,2.5649999999999999,0.98742954887720369
Gold,Au,2.5699999999999998,0.98747804528236238
Gold,Au,2.5750000000000002,0.98752626229087215
Gold,Au,2.5800000000000001,0.98757420203935331
Gold,Au,2.585,0.98762186664409557
Gold,Au,2.5899999999999999,0.98766925820128848
Gold,Au,2.5950000000000002,0.98771637878724516
Gold,Au,2.6000000000000001,0.98776323045863335
Gold,Au,2.605,0.98780981525269396
Gold,Au,2.6099999999999999,0.98785613518745974
Gold,Au,2.6150000000000002,0.98790219226197429
Gold,Au,2.6200000000000001,0.98794798845650367
Gold,Au,2.625,0.98799352573274857
Gold,Au,2.6299999999999999,0.98803880603404903
Gold,Au,2.6350000000000002,0.9880838312855954
Gold,Au,2.6400000000000001,0.98812860339462449
Gold,Au,2.645,0.98817312425062431
Gold,Au,2.6499999999999999,0.98821739572552836
Gold,Au,2.6550000000000002,0.98826141967391334
Gold,Au,2.6600000000000001,0.98830519793318872
Gold,Au,2.665,0.98834873232378839
Gold,Au,2.6699999999999999,0.98839202464935749
Gold,Au,2.6750000000000003,0.98843507669693731
Gold,Au,2.6800000000000002,0.98847789023714727
Gold,Au,2.6850000000000001,0.98852046702436813
Gold,Au,2.6899999999999999,0.98856280879691583
Gold,Au,2.6949999999999998,0.98860491727721878
Gold,Au,2.7000000000000002,0.98864679417199441
Gold,Au,2.7050000000000001,0.98868844117241517
Gold,Au,2.71,0.98872985995428142
Gold,Au,2.7149999999999999,0.98877105217818784
Gold,Au,2.7200000000000002,0.988812019489687
Gold,Au,2.7250000000000001,0.98885276351945439
Gold,Au,2.73,0.98889328588344561
Gold,Au,2.7349999999999999,0.98893358818305854
Gold,Au,2.7400000000000002,0.98897367200528907
Gold,Au,2.7450000000000001,0.9890135389228859
Gold,Au,2.75,0.9890531904945008
Gold,Au,2.7549999999999999,0.98909262826484501
Gold,Au,2.7600000000000002,0.98913185376483459
Gold,Au,2.7650000000000001,0.98917086851173652
Gold,Au,2.77,0.98920967400931747
Gold,Au,2.7749999999999999,0.98924827174798469
Gold,Au,2.7800000000000002,0.98928666320492953
Gold,Au,2.7850000000000001,0.98932484984426872
Gold,Au,2.79,0.9893628331171771
Gold,Au,2.7949999999999999,0.98940061446203065
Gold,Au,2.8000000000000003,0.98943819530453891
Gold,Au,2.8050000000000002,0.98947557705787748
Gold,Au,2.8100000000000001,0.98951276112281994
Gold,Au,2.8149999999999999,0.98954974888787117
Gold,Au,2.8199999999999998,0.98958654172938976
Gold,Au,2.8250000000000002,0.98962314101172066
Gold,Au,2.8300000000000001,0.98965954808731771
Gold,Au,2.835,0.98969576429686679
Gold,Au,2.8399999999999999,0.98973179096941233
Gold,Au,2.8450000000000002,0.98976762942247221
Gold,Au,2.8500000000000001,0.9898032809621623
Gold,Au,2.855,0.98983874688331164
Gold,Au,2.8599999999999999,0.98987402846958028
Gold,Au,2.8650000000000002,0.98990912699357381
Gold,Au,2.8700000000000001,0.98994404371695677
Gold,Au,2.875,0.98997877989056715
Gold,Au,2.8799999999999999,0.99001333675452474
Gold,Au,2.8850000000000002,0.99004771553834214
Gold,Au,2.8900000000000001,0.99008191746103436
Gold,Au,2.895,0.99011594373122391
Gold,Au,2.8999999999999999,0.99014979554724758
Gold,Au,2.9050000000000002,0.99018347409726237
Gold,Au,2.9100000000000001,0.99021698055934515
Gold,Au,2.915,0.99025031610160075
Gold,Au,2.9199999999999999,0.99028348188225723
Gold,Au,2.9250000000000003,0.99031647904976883
Gold,Au,2.9300000000000002,0.99034930874291294
Gold,Au,2.9350000000000001,0.99038197209089052
Gold,Au,2.9399999999999999,0.99041447021341689
Gold,Au,2.9449999999999998,0.99044680422082387
Gold,Au,2.9500000000000002,0.99047897521414907
Gold,Au,2.9550000000000001,0.99051098428522877
Gold,Au,2.96,0.99054283251679309
Gold,Au,2.9649999999999999,0.99057452098255372
Gold,Au,2.9700000000000002,0.99060605074729602
Gold,Au,2.9750000000000001,0.99063742286696599
Gold,Au,2.98,0.99066863838875863
Gold,Au,2.9849999999999999,0.9906996983512063
Gold,Au,2.9900000000000002,0.99073060378426026
Gold,Au,2.9950000000000001,0.99076135570937851
Gold,Au,3,0.99079195513961171
Gold,Au,3.0049999999999999,0.99082240307968061
Gold,Au,3.0100000000000002,0.99085270052606111
Gold,Au,3.0150000000000001,0.99088284846706576
Gold,Au,3.02,0.99091284788292078
Gold,Au,3.0249999999999999,0.99094269974584792
Gold,Au,3.0300000000000002,0.99097240502014272
Gold,Au,3.0350000000000001,0.99100196466225021
Gold,Au,3.04,0.99103137962084054
Gold,Au,3.0449999999999999,0.99106065083688677
Gold,Au,3.0500000000000003,0.99108977924373975
Gold,Au,3.0550000000000002,0.99111876576720004
Gold,Au,3.0600000000000001,0.99114761132559115
Gold,Au,3.0649999999999999,0.99117631682983331
Gold,Au,3.0700000000000003,0.99120488318351352
Gold,Au,3.0750000000000002,0.99123331128295766
Gold,Au,3.0800000000000001,0.99126160201729718
Gold,Au,3.085,0.99128975626854265
Gold,Au,3.0899999999999999,0.99131777491164697
Gold,Au,3.0950000000000002,0.99134565881457726
Gold,Au,3.1000000000000001,0.99137340883837866
Gold,Au,3.105,0.99140102583724166
Gold,Au,3.1099999999999999,0.9914285106585683
Gold,Au,3.1150000000000002,0.99145586414303322
Gold,Au,3.1200000000000001,0.99148308712465083
Gold,Au,3.125,0.99151018043083905
Gold,Au,3.1299999999999999,0.9915371448824768
Gold,Au,3.1350000000000002,0.99156398129397272
Gold,Au,3.1400000000000001,0.99159069047332049
Gold,Au,3.145,0.9916172732221602
Gold,Au,3.1499999999999999,0.9916437303358413
Gold,Au,3.1550000000000002,0.99167006260347901
Gold,Au,3.1600000000000001,0.99169627080801226
Gold,Au,3.165,0.99172235572626399
Gold,Au,3.1699999999999999,0.99174831812899489
Gold,Au,3.1750000000000003,0.99177415878096498
Gold,Au,3.1800000000000002,0.99179987844098327
Gold,Au,3.1850000000000001,0.99182547786196851
Gold,Au,3.1899999999999999,0.99185095779100052
Gold,Au,3.1950000000000003,0.991876318969375
Gold,Au,3.2000000000000002,0.99190156213266023
Gold,Au,3.2050000000000001,0.99192668801074424
Gold,Au,3.21,0.9919516973278929
Gold,Au,3.2149999999999999,0.99197659080279754
Gold,Au,3.2200000000000002,0.99200136914862902
Gold,Au,3.2250000000000001,0.9920260330730859
Gold,Au,3.23,0.99205058327844886
Gold,Au,3.2349999999999999,0.99207502046162543
Gold,Au,3.2400000000000002,0.99209934531420163
Gold,Au,3.2450000000000001,0.99212355852249179
Gold,Au,3.25,0.99214766076758321
Gold,Au,3.2549999999999999,0.9921716527253861
Gold,Au,3.2600000000000002,0.9921955350666819
Gold,Au,3.2650000000000001,0.9922193084571661
Gold,Au,3.27,0.99224297355749791
Gold,Au,3.2749999999999999,0.9922665310233445
Gold,Au,3.2800000000000002,0.9922899815054248
Gold,Au,3.2850000000000001,0.99231332564955532
Gold,Au,3.29,0.99233656409669724
Gold,Au,3.2949999999999999,0.99235969748299258
Gold,Au,3.3000000000000003,0.9923827264398174
Gold,Au,3.3050000000000002,0.99240565159381489
Gold,Au,3.3100000000000001,0.99242847356694441
Gold,Au,3.3149999999999999,0.9924511929765214
Gold,Au,3.3200000000000003,0.99247381043525784
Gold,Au,3.3250000000000002,0.99249632655130549
Gold,Au,3.3300000000000001,0.99251874192829281
Gold,Au,3.335,0.99254105716537033
Gold,Au,3.3399999999999999,0.99256327285724588
Gold,Au,3.3450000000000002,0.99258538959422526
Gold,Au,3.3500000000000001,0.99260740796225355
Gold,Au,3.355,0.99262932854295038
Gold,Au,3.3599999999999999,0.99265115191365094
Gold,Au,3.3650000000000002,0.99267287864744014
Gold,Au,3.3700000000000001,0.99269450931319458
Gold,Au,3.375,0.99271604447561623
Gold,Au,3.3799999999999999,0.9927374846952699
Gold,Au,3.3850000000000002,0.9927588305286198
Gold,Au,3.3900000000000001,0.99278008252806571
Gold,Au,3.395,0.99280124124197699
Gold,Au,3.3999999999999999,0.99282230721473053
Gold,Au,3.4050000000000002,0.99284328098674246
Gold,Au,3.4100000000000001,0.99286416309450487
Gold,Au,3.415,0.99288495407061794
Gold,Au,3.4199999999999999,0.9929056544438275
Gold,Au,3.4250000000000003,0.99292626473905155
Gold,Au,3.4300000000000002,0.99294678547742143
Gold,Au,3.4350000000000001,0.99296721717630931
Gold,Au,3.4399999999999999,0.99298756034936086
Gold,Au,3.4450000000000003,0.9930078155065305
Gold,Au,3.4500000000000002,0.99302798315411001
Gold,Au,3.4550000000000001,0.99304806379476174
Gold,Au,3.46,0.99306805792754782
Gold,Au,3.4649999999999999,0.99308796604796412
Gold,Au,3.4700000000000002,0.993107788647969
Gold,Au,3.4750000000000001,0.99312752621601208
Gold,Au,3.48,0.99314717923706497
Gold,Au,3.4849999999999999,0.9931667481926546
Gold,Au,3.4900000000000002,0.99318623356088775
Gold,Au,3.4950000000000001,0.9932056358164808
Gold,Au,3.5,0.99322495543079126
Gold,Au,3.5049999999999999,0.99324419287184351
Gold,Au,3.5100000000000002,0.99326334860435694
Gold,Au,3.5150000000000001,0.99328242308977877
Gold,Au,3.52,0.99330141678630257
Gold,Au,3.5249999999999999,0.99332033014890486
Gold,Au,3.5300000000000002,0.99333916362936658
Gold,Au,3.5350000000000001,0.99335791767630122
Gold,Au,3.54,0.99337659273518308
Gold,Au,3.5449999999999999,0.99339518924836978
Gold,Au,3.5500000000000003,0.99341370765513293
Gold,Au,3.5550000000000002,0.99343214839168237
Gold,Au,3.5600000000000001,0.99345051189118783
Gold,Au,3.5649999999999999,0.99346879858381099
Gold,Au,3.5700000000000003,0.99348700889672537
Gold,Au,3.5750000000000002,0.99350514325414152
Gold,Au,3.5800000000000001,0.99352320207733535
Gold,Au,3.585,0.99354118578466954
Gold,Au,3.5899999999999999,0.99355909479161642
Gold,Au,3.5950000000000002,0.99357692951078491
Gold,Au,3.6000000000000001,0.99359469035194314
Gold,Au,3.605,0.9936123777220407
Gold,Au,3.6099999999999999,0.99362999202523161
Gold,Au,3.6150000000000002,0.99364753366290071
Gold,Au,3.6200000000000001,0.99366500303368233
Gold,Au,3.625,0.99368240053348478
Gold,Au,3.6299999999999999,0.9936997265555132
Gold,Au,3.6350000000000002,0.99371698149028931
Gold,Au,3.6400000000000001,0.99373416572567641
Gold,Au,3.645,0.99375127964689713
Gold,Au,3.6499999999999999,0.99376832363656065
Gold,Au,3.6550000000000002,0.99378529807467886
Gold,Au,3.6600000000000001,0.99380220333868774
Gold,Au,3.665,0.99381903980347208
Gold,Au,3.6699999999999999,0.99383580784138148
Gold,Au,3.6750000000000003,0.99385250782225532
Gold,Au,3.6800000000000002,0.9938691401134393
Gold,Au,3.6850000000000001,0.99388570507980811
Gold,Au,3.6899999999999999,0.99390220308378352
Gold,Au,3.6950000000000003,0.99391863448535489
Gold,Au,3.7000000000000002,0.99393499964209897
Gold,Au,3.7050000000000001,0.99395129890919798
Gold,Au,3.71,0.99396753263946191
Gold,Au,3.7149999999999999,0.993983701183343
Gold,Au,3.7200000000000002,0.99399980488895978
Gold,Au,3.7250000000000001,0.99401584410210886
Gold,Au,3.73,0.99403181916629213
Gold,Au,3.7349999999999999,0.9940477304227272
Gold,Au,3.7400000000000002,0.99406357821036928
Gold,Au,3.7450000000000001,0.99407936286592791
Gold,Au,3.75,0.99409508472388775
Gold,Au,3.7549999999999999,0.99411074411652234
Gold,Au,3.7600000000000002,0.9941263413739122
Gold,Au,3.7650000000000001,0.99414187682396482
Gold,Au,3.77,0.99415735079242884
Gold,Au,3.7749999999999999,0.99417276360291262
Gold,Au,3.7800000000000002,0.99418811557690168
Gold,Au,3.7850000000000001,0.9942034070337723
Gold,Au,3.79,0.99421863829081103
Gold,Au,3.7949999999999999,0.99423380966323183
Gold,Au,3.8000000000000003,0.99424892146418853
Gold,Au,3.8050000000000002,0.99426397400479338
Gold,Au,3.8100000000000001,0.99427896759413392
Gold,Au,3.8149999999999999,0.99429390253928596
Gold,Au,3.8200000000000003,0.99430877914533156
Gold,Au,3.8250000000000002,0.99432359771537493
Gold,Au,3.8300000000000001,0.9943383585505543
Gold,Au,3.835,0.99435306195006024
Gold,Au,3.8399999999999999,0.99436770821115161
Gold,Au,3.8450000000000002,0.99438229762916575
Gold,Au,3.8500000000000001,0.99439683049753969
Gold,Au,3.855,0.99441130710782066
Gold,Au,3.8599999999999999,0.99442572774967908
Gold,Au,3.8650000000000002,0.9944400927109297
Gold,Au,3.8700000000000001,0.99445440227753767
Gold,Au,3.875,0.9944686567336396
Gold,Au,3.8799999999999999,0.9944828563615532
Gold,Au,3.8850000000000002,0.99449700144179354
Gold,Au,3.8900000000000001,0.99451109225308498
Gold,Au,3.895,0.99452512907237633
Gold,Au,3.8999999999999999,0.99453911217485469
Gold,Au,3.9050000000000002,0.99455304183395743
Gold,Au,3.9100000000000001,0.99456691832138655
Gold,Au,3.915,0.99458074190712042
Gold,Au,3.9199999999999999,0.99459451285942868
Gold,Au,3.9250000000000003,0.99460823144488586
Gold,Au,3.9300000000000002,0.99462189792838018
Gold,Au,3.9350000000000001,0.99463551257313054
Gold,Au,3.9399999999999999,0.99464907564069727
Gold,Au,3.9450000000000003,0.994662587390995
Gold,Au,3.9500000000000002,0.9946760480823047
Gold,Au,3.9550000000000001,0.99468945797128638
Gold,Au,3.96,0.99470281731299148
Gold,Au,3.9650000000000003,0.99471612636087248
Gold,Au,3.9700000000000002,0.99472938536680111
Gold,Au,3.9750000000000001,0.99474259458107173
Gold,Au,3.98,0.99475575425241924
Gold,Au,3.9849999999999999,0.99476886462803094
Gold,Au,3.9900000000000002,0.99478192595355142
Gold,Au,3.9950000000000001,0.99479493847310274
Gold,Au,4,0.99480790242929118
Gold,Au,4.0049999999999999,0.99482081806321621
Gold,Au,4.0099999999999998,0.99483368561448837
Gold,Au,4.0149999999999997,0.99484650532123331
Gold,Au,4.0200000000000005,0.9948592774201086
Gold,Au,4.0250000000000004,0.99487200214630889
Gold,Au,4.0300000000000002,0.99488467973358186
Gold,Au,4.0350000000000001,0.99489731041423701
Gold,Au,4.04,0.99490989441915412
Gold,Au,4.0449999999999999,0.99492243197779706
Gold,Au,4.0499999999999998,0.99493492331822242
Gold,Au,4.0549999999999997,0.99494736866709121
Gold,Au,4.0600000000000005,0.9949597682496758
Gold,Au,4.0650000000000004,0.99497212228987408
Gold,Au,4.0700000000000003,0.99498443101021761
Gold,Au,4.0750000000000002,0.99499669463188289
Gold,Au,4.0800000000000001,0.99500891337469699
Gold,Au,4.085,0.99502108745715279
Gold,Au,4.0899999999999999,0.9950332170964179
Gold,Au,4.0949999999999998,0.99504530250833878
Gold,Au,4.0999999999999996,0.99505734390745859
Gold,Au,4.1050000000000004,0.99506934150702053
Gold,Au,4.1100000000000003,0.99508129551897806
Gold,Au,4.1150000000000002,0.99509320615400754
Gold,Au,4.1200000000000001,0.99510507362151501
Gold,Au,4.125,0.99511689812964288
Gold,Au,4.1299999999999999,0.9951286798852863
Gold,Au,4.1349999999999998,0.99514041909409368
Gold,Au,4.1399999999999997,0.99515211596048203
Gold,Au,4.1450000000000005,0.9951637706876415
Gold,Au,4.1500000000000004,0.9951753834775483
Gold,Au,4.1550000000000002,0.99518695453096861
Gold,Au,4.1600000000000001,0.99519848404747246
Gold,Au,4.165,0.99520997222543739
Gold,Au,4.1699999999999999,0.99522141926206065
Gold,Au,4.1749999999999998,0.99523282535336544
Gold,Au,4.1799999999999997,0.99524419069420988
Gold,Au,4.1850000000000005,0.99525551547829638
Gold,Au,4.1900000000000004,0.99526679989817779
Gold,Au,4.1950000000000003,0.99527804414526733
Gold,Au,4.2000000000000002,0.99528924840984578
Gold,Au,4.2050000000000001,0.99530041288106974
Gold,Au,4.21,0.99531153774698011
Gold,Au,4.2149999999999999,0.99532262319450782
Gold,Au,4.2199999999999998,0.99533366940948542
Gold,Au,4.2249999999999996,0.99534467657665093
Gold,Au,4.2300000000000004,0.99535564487965889
Gold,Au,4.2350000000000003,0.99536657450108479
Gold,Au,4.2400000000000002,0.99537746562243568
Gold,Au,4.2450000000000001,0.99538831842415498
Gold,Au,4.25,0.99539913308563199
Gold,Au,4.2549999999999999,0.99540990978520771
Gold,Au,4.2599999999999998,0.99542064870018521
Gold,Au,4.2649999999999997,0.99543135000683103
Gold,Au,4.2700000000000005,0.99544201388038844
Gold,Au,4.2750000000000004,0.99545264049508164
Gold,Au,4.2800000000000002,0.99546323002412351
Gold,Au,4.2850000000000001,0.99547378263972175
Gold,Au,4.29,0.9954842985130874
Gold,Au,4.2949999999999999,0.9954947778144404
Gold,Au,4.2999999999999998,0.99550522071301606
Gold,Au,4.3049999999999997,0.99551562737707588
Gold,Au,4.3100000000000005,0.99552599797390784
Gold,Au,4.3150000000000004,0.99553633266983721
Gold,Au,4.3200000000000003,0.99554663163023438
Gold,Au,4.3250000000000002,0.99555689501951705
Gold,Au,4.3300000000000001,0.99556712300116146
Gold,Au,4.335,0.99557731573770514
Gold,Au,4.3399999999999999,0.99558747339075426
Gold,Au,4.3449999999999998,0.99559759612099386
Gold,Au,4.3500000000000005,0.99560768408818612
Gold,Au,4.3550000000000004,0.99561773745118676
Gold,Au,4.3600000000000003,0.99562775636794121
Gold,Au,4.3650000000000002,0.9956377409954984
Gold,Au,4.3700000000000001,0.99564769149001386
Gold,Au,4.375,0.9956576080067544
Gold,Au,4.3799999999999999,0.99566749070010729
Gold,Au,4.3849999999999998,0.9956773397235843
Gold,Au,4.3899999999999997,0.99568715522982676
Gold,Au,4.3950000000000005,0.99569693737061549
Gold,Au,4.4000000000000004,0.99570668629687198
Gold,Au,4.4050000000000002,0.99571640215866541
Gold,Au,4.4100000000000001,0.99572608510522009
Gold,Au,4.415,0.99573573528492076
Gold,Au,4.4199999999999999,0.99574535284531673
Gold,Au,4.4249999999999998,0.9957549379331293
Gold,Au,4.4299999999999997,0.99576449069425499
Gold,Au,4.4350000000000005,0.99577401127377452
Gold,Au,4.4400000000000004,0.99578349981595449
Gold,Au,4.4450000000000003,0.99579295646425525
Gold,Au,4.4500000000000002,0.99580238136133725
Gold,Au,4.4550000000000001,0.99581177464906201
Gold,Au,4.46,0.99582113646850257
Gold,Au,4.4649999999999999,0.99583046695994637
Gold,Au,4.4699999999999998,0.99583976626289927
Gold,Au,4.4750000000000005,0.99584903451609263
Gold,Au,4.4800000000000004,0.99585827185748932
Gold,Au,4.4850000000000003,0.99586747842428569
Gold,Au,4.4900000000000002,0.99587665435291861
Gold,Au,4.4950000000000001,0.99588579977907199
Gold,Au,4.5,0.99589491483767734
Gold,Au,4.5049999999999999,0.99590399966292398
Gold,Au,4.5099999999999998,0.99591305438825994
Gold,Au,4.5149999999999997,0.9959220791464003
Gold,Au,4.5200000000000005,0.99593107406932668
Gold,Au,4.5250000000000004,0.99594003928829899
Gold,Au,4.5300000000000002,0.99594897493385481
Gold,Au,4.5350000000000001,0.99595788113581685
Gold,Au,4.54,0.99596675802329582
Gold,Au,4.5449999999999999,0.99597560572469646
Gold,Au,4.5499999999999998,0.99598442436772316
Gold,Au,4.5549999999999997,0.99599321407938113
Gold,Au,4.5600000000000005,0.99600197498598397
Gold,Au,4.5650000000000004,0.99601070721315776
Gold,Au,4.5700000000000003,0.99601941088584378
Gold,Au,4.5750000000000002,0.99602808612830551
Gold,Au,4.5800000000000001,0.99603673306412988
Gold,Au,4.585,0.99604535181623666
Gold,Au,4.5899999999999999,0.99605394250687629
Gold,Au,4.5949999999999998,0.99606250525763917
Gold,Au,4.6000000000000005,0.99607104018945969
Gold,Au,4.6050000000000004,0.99607954742261584
Gold,Au,4.6100000000000003,0.99608802707674038
Gold,Au,4.6150000000000002,0.99609647927081935
Gold,Au,4.6200000000000001,0.99610490412319797
Gold,Au,4.625,0.99611330175158608
Gold,Au,4.6299999999999999,0.99612167227306192
Gold,Au,4.6349999999999998,0.99613001580407312
Gold,Au,4.6399999999999997,0.9961383324604457
Gold,Au,4.6450000000000005,0.99614662235738416
Gold,Au,4.6500000000000004,0.99615488560947607
Gold,Au,4.6550000000000002,0.99616312233069959
Gold,Au,4.6600000000000001,0.99617133263442215
Gold,Au,4.665,0.99617951663340687
Gold,Au,4.6699999999999999,0.99618767443981793
Gold,Au,4.6749999999999998,0.99619580616522074
Gold,Au,4.6799999999999997,0.99620391192058821
Gold,Au,4.6850000000000005,0.9962119918163066
Gold,Au,4.6900000000000004,0.99622004596217295
Gold,Au,4.6950000000000003,0.99622807446740569
Gold,Au,4.7000000000000002,0.9962360774406428
Gold,Au,4.7050000000000001,0.99624405498995039
Gold,Au,4.71,0.99625200722282148
Gold,Au,4.7149999999999999,0.99625993424618386
Gold,Au,4.7199999999999998,0.99626783616640102
Gold,Au,4.7250000000000005,0.99627571308927632
Gold,Au,4.7300000000000004,0.99628356512005722
Gold,Au,4.7350000000000003,0.99629139236343878
Gold,Au,4.7400000000000002,0.99629919492356334
Gold,Au,4.7450000000000001,0.99630697290403281
Gold,Au,4.75,0.99631472640790242
Gold,Au,4.7549999999999999,0.99632245553768828
Gold,Au,4.7599999999999998,0.99633016039537314
Gold,Au,4.7649999999999997,0.99633784108240597
Gold,Au,4.7700000000000005,0.99634549769970548
Gold,Au,4.7750000000000004,0.99635313034766781
Gold,Au,4.7800000000000002,0.99636073912616308
Gold,Au,4.7850000000000001,0.99636832413454379
Gold,Au,4.79,0.99637588547164746
Gold,Au,4.7949999999999999,0.99638342323579598
Gold,Au,4.7999999999999998,0.99639093752480545
Gold,Au,4.8049999999999997,0.99639842843598192
Gold,Au,4.8100000000000005,0.9964058960661305
Gold,Au,4.8150000000000004,0.99641334051155428
Gold,Au,4.8200000000000003,0.99642076186806128
Gold,Au,4.8250000000000002,0.99642816023096492
Gold,Au,4.8300000000000001,0.99643553569508536
Gold,Au,4.835,0.9964428883547588
Gold,Au,4.8399999999999999,0.99645021830383229
Gold,Au,4.8449999999999998,0.9964575256356748
Gold,Au,4.8500000000000005,0.99646481044317337
Gold,Au,4.8550000000000004,0.99647207281874195
Gold,Au,4.8600000000000003,0.99647931285431746
Gold,Au,4.8650000000000002,0.99648653064137027
Gold,Au,4.8700000000000001,0.99649372627090138
Gold,Au,4.875,0.99650089983344781
Gold,Au,4.8799999999999999,0.99650805141908549
Gold,Au,4.8849999999999998,0.99651518111743109
Gold,Au,4.8899999999999997,0.99652228901764461
Gold,Au,4.8950000000000005,0.99652937520843421
Gold,Au,4.9000000000000004,0.9965364397780565
Gold,Au,4.9050000000000002,0.99654348281432015
Gold,Au,4.9100000000000001,0.9965505044045907
Gold,Au,4.915,0.99655750463578952
Gold,Au,4.9199999999999999,0.99656448359439898
Gold,Au,4.9249999999999998,0.99657144136646325
Gold,Au,4.9299999999999997,0.99657837803759519
Gold,Au,4.9350000000000005,0.99658529369297211
Gold,Au,4.9400000000000004,0.99659218841734687
Gold,Au,4.9450000000000003,0.99659906229504081
Gold,Au,4.9500000000000002,0.99660591540995513
Gold,Au,4.9550000000000001,0.99661274784556775
Gold,Au,4.96,0.99661955968493865
Gold,Au,4.9649999999999999,0.99662635101071106
Gold,Au,4.9699999999999998,0.99663312190511444
Gold,Au,4.9750000000000005,0.99663987244996677
Gold,Au,4.9800000000000004,0.99664660272667815
Gold,Au,4.9850000000000003,0.99665331281624991
Gold,Au,4.9900000000000002,0.9966600027992828
Gold,Au,4.9950000000000001,0.9966666727559722
Gold,Au,5,0.9966733227661182
Copper,Cu,0,0
Copper,Cu,0.0050000000000000001,5.5355861069469165e-83
Copper,Cu,0.01,3.720075976020852e-40
Copper,Cu,0.014999999999999999,4.9528140348459327e-26
Copper,Cu,0.02,4.821874619909798e-19
Copper,Cu,0.025000000000000001,6.7973668084665601e-15
Copper,Cu,0.029999999999999999,3.7091531059611433e-12
Copper,Cu,0.035000000000000003,3.1874996271057826e-10
Copper,Cu,0.040000000000000001,8.6799649158436051e-09
Copper,Cu,0.044999999999999998,1.1030278702227088e-07
Copper,Cu,0.050000000000000003,8.2446145237410601e-07
Copper,Cu,0.055,4.1976992981356958e-06
Copper,Cu,0.059999999999999998,1.6049303297407637e-05
Copper,Cu,0.065000000000000002,4.9285583186326792e-05
Copper,Cu,0.070000000000000007,0.00012752565956825526
Copper,Cu,0.074999999999999997,0.00028792925129118163
Copper,Cu,0.080000000000000002,0.00058229389814401088
Copper,Cu,0.085000000000000006,0.0010760242406616649
Copper,Cu,0.089999999999999997,0.0018451586742078525
Copper,Cu,0.095000000000000001,0.0029720439284188168
Copper,Cu,0.10000000000000001,0.0045404052350475413
Copper,Cu,0.105,0.0066305104988347808
Copper,Cu,0.11,0.0093149570976208788
Copper,Cu,0.115,0.012655400709885103
Copper,Cu,0.12,0.016700352296325757
Copper,Cu,0.125,0.021484019939626529
Copper,Cu,0.13,0.027026073894798122
Copper,Cu,0.13500000000000001,0.033332160920918903
Copper,Cu,0.14000000000000001,0.040394977370310441
Copper,Cu,0.14499999999999999,0.048195718264151449
Copper,Cu,0.14999999999999999,0.056705741728639701
Copper,Cu,0.155,0.065888317030934271
Copper,Cu,0.16,0.075700354713167772
Copper,Cu,0.16500000000000001,0.08609404565623742
Copper,Cu,0.17000000000000001,0.097018360527948641
Copper,Cu,0.17500000000000002,0.10842038127243649
Copper,Cu,0.17999999999999999,0.12024645206074594
Copper,Cu,0.185,0.13244314882686184
Copper,Cu,0.19,0.1449580747348739
Copper,Cu,0.19500000000000001,0.15774049429712375
Copper,Cu,0.20000000000000001,0.1707418220048014
Copper,Cu,0.20500000000000002,0.18391598279138896
Copper,Cu,0.20999999999999999,0.19721966189170695
Copper,Cu,0.215,0.21061246106421885
Copper,Cu,0.22,0.22405697700931795
Copper,Cu,0.22500000000000001,0.23751881636772715
Copper,Cu,0.23000000000000001,0.25096656008709939
Copper,Cu,0.23500000000000001,0.26437168831922531
Copper,Cu,0.23999999999999999,0.27770847543464883
Copper,Cu,0.245,0.29095386326671574
Copper,Cu,0.25,0.30408731935228439
Copper,Cu,0.255,0.31709068573517762
Copper,Cu,0.26000000000000001,0.32994802284369928
Copper,Cu,0.26500000000000001,0.3426454520407905
Copper,Cu,0.27000000000000002,0.35517099966565169
Copper,Cu,0.27500000000000002,0.36751444472736372
Copper,Cu,0.28000000000000003,0.37966717186147109
Copper,Cu,0.28500000000000003,0.39162203070668827
Copper,Cu,0.28999999999999998,0.40337320248830039
Copper,Cu,0.29499999999999998,0.41491607429573124
Copper,Cu,0.29999999999999999,0.42624712130339082
Copper,Cu,0.30499999999999999,0.43736379699671918
Copper,Cu,0.31,0.44826443132082661
Copper,Cu,0.315,0.45894813655989836
Copper,Cu,0.32000000000000001,0.46941472067527401
Copper,Cu,0.32500000000000001,0.47966460777334152
Copper,Cu,0.33000000000000002,0.48969876533657114
Copper,Cu,0.33500000000000002,0.499518637828261
Copper,Cu,0.34000000000000002,0.50912608627067246
Copper,Cu,0.34500000000000003,0.5185233333945608
Copper,Cu,0.35000000000000003,0.5277129139634209
Copper,Cu,0.35499999999999998,0.53669762988635572
Copper,Cu,0.35999999999999999,0.54548050974781903
Copper,Cu,0.36499999999999999,0.55406477239947782
Copper,Cu,0.37,0.56245379427814135
Copper,Cu,0.375,0.57065108013337362
Copper,Cu,0.38,0.57866023686850199
Copper,Cu,0.38500000000000001,0.5864849502187911
Copper,Cu,0.39000000000000001,0.59412896401027704
Copper,Cu,0.39500000000000002,0.60159606176187463
Copper,Cu,0.40000000000000002,0.6088900504117275
Copper,Cu,0.40500000000000003,0.61601474596625116
Copper,Cu,0.41000000000000003,0.62297396088684409
Copper,Cu,0.41500000000000004,0.62977149304476376
Copper,Cu,0.41999999999999998,0.6364111160892032
Copper,Cu,0.42499999999999999,0.64289657108711407
Copper,Cu,0.42999999999999999,0.64923155930588516
Copper,Cu,0.435,0.65541973602158854
Copper,Cu,0.44,0.66146470524620804
Copper,Cu,0.44500000000000001,0.66737001527711914
Copper,Cu,0.45000000000000001,0.67313915498113341
Copper,Cu,0.45500000000000002,0.67877555073369245
Copper,Cu,0.46000000000000002,0.68428256394138687
Copper,Cu,0.46500000000000002,0.68966348908289143
Copper,Cu,0.47000000000000003,0.69492155220970819
Copper,Cu,0.47500000000000003,0.70005990985386712
Copper,Cu,0.47999999999999998,0.70508164829495401
Copper,Cu,0.48499999999999999,0.7099897831435853
Copper,Cu,0.48999999999999999,0.71478725920276509
Copper,Cu,0.495,0.7194769505724643
Copper,Cu,0.5,0.72406166096631042
Copper,Cu,0.505,0.72854412421248582
Copper,Cu,0.51000000000000001,0.73292700491382701
Copper,Cu,0.51500000000000001,0.73721289924475664
Copper,Cu,0.52000000000000002,0.74140433586503995
Copper,Cu,0.52500000000000002,0.7455037769325038
Copper,Cu,0.53000000000000003,0.74951361919879234
Copper,Cu,0.53500000000000003,0.75343619517396909
Copper,Cu,0.54000000000000004,0.75727377434735255
Copper,Cu,0.54500000000000004,0.76102856445338829
Copper,Cu,0.55000000000000004,0.76470271277262525
Copper,Cu,0.55500000000000005,0.76829830745902183
Copper,Cu,0.56000000000000005,0.7718173788858298
Copper,Cu,0.56500000000000006,0.77526190100323189
Copper,Cu,0.57000000000000006,0.77863379270174371
Copper,Cu,0.57500000000000007,0.78193491917612612
Copper,Cu,0.57999999999999996,0.78516709328523637
Copper,Cu,0.58499999999999996,0.78833207690383578
Copper,Cu,0.58999999999999997,0.79143158226290877
Copper,Cu,0.59499999999999997,0.79446727327553235
Copper,Cu,0.59999999999999998,0.79744076684575738
Copper,Cu,0.60499999999999998,0.80035363415834815
Copper,Cu,0.60999999999999999,0.80320740194757012
Copper,Cu,0.61499999999999999,0.80600355374351051
Copper,Cu,0.62,0.80874353109469743
Copper,Cu,0.625,0.81142873476601085
Copper,Cu,0.63,0.81406052591110334
Copper,Cu,0.63500000000000001,0.81664022721872287
Copper,Cu,0.64000000000000001,0.81916912403250519
Copper,Cu,0.64500000000000002,0.82164846544395076
Copper,Cu,0.65000000000000002,0.82407946535841514
Copper,Cu,0.65500000000000003,0.82646330353407349
Copper,Cu,0.66000000000000003,0.82880112659390515
Copper,Cu,0.66500000000000004,0.83109404901082851
Copper,Cu,0.67000000000000004,0.83334315406620341
Copper,Cu,0.67500000000000004,0.83554949478196616
Copper,Cu,0.68000000000000005,0.83771409482672676
Copper,Cu,0.68500000000000005,0.83983794939620338
Copper,Cu,0.69000000000000006,0.84192202606840094
Copper,Cu,0.69500000000000006,0.84396726563398772
Copper,Cu,0.70000000000000007,0.84597458290233452
Copper,Cu,0.70499999999999996,0.84794486748371434
Copper,Cu,0.70999999999999996,0.84987898454817323
Copper,Cu,0.71499999999999997,0.85177777556159995
Copper,Cu,0.71999999999999997,0.85364205899952206
Copper,Cu,0.72499999999999998,0.85547263103917948
Copper,Cu,0.72999999999999998,0.85727026623041414
Copper,Cu,0.73499999999999999,0.85903571814592483
Copper,Cu,0.73999999999999999,0.86076972001143492
Copper,Cu,0.745,0.86247298531631467
Copper,Cu,0.75,0.86414620840520251
Copper,Cu,0.755,0.86579006505115486
Copper,Cu,0.76000000000000001,0.86740521301085749
Copper,Cu,0.76500000000000001,0.86899229256241828
Copper,Cu,0.77000000000000002,0.87055192702625195
Copper,Cu,0.77500000000000002,0.87208472326956388
Copper,Cu,0.78000000000000003,0.87359127219492438
Copper,Cu,0.78500000000000003,0.87507214921341936
Copper,Cu,0.79000000000000004,0.87652791470284752
Copper,Cu,0.79500000000000004,0.87795911445143437
Copper,Cu,0.80000000000000004,0.87936628008750417
Copper,Cu,0.80500000000000005,0.88074992949555997
Copper,Cu,0.81000000000000005,0.88211056721919567
Copper,Cu,0.81500000000000006,0.88344868485126204
Copper,Cu,0.82000000000000006,0.88476476141168736
Copper,Cu,0.82500000000000007,0.8860592637133583
Copper,Cu,0.83000000000000007,0.88733264671643508
Copper,Cu,0.83499999999999996,0.88858535387148319
Copper,Cu,0.83999999999999997,0.88981781745177713
Copper,Cu,0.84499999999999997,0.89103045887513399
Copper,Cu,0.84999999999999998,0.892223689015614
Copper,Cu,0.85499999999999998,0.893397908505422
Copper,Cu,0.85999999999999999,0.8945535080273278
Copper,Cu,0.86499999999999999,0.89569086859791769
Copper,Cu,0.87,0.89681036184197982
Copper,Cu,0.875,0.89791235025830918
Copper,Cu,0.88,0.89899718747722224
Copper,Cu,0.88500000000000001,0.9000652185100475
Copper,Cu,0.89000000000000001,0.90111677999085971
Copper,Cu,0.89500000000000002,0.90215220041071165
Copper,Cu,0.90000000000000002,0.90317180034461242
Copper,Cu,0.90500000000000003,0.90417589267149079
Copper,Cu,0.91000000000000003,0.90516478278737067
Copper,Cu,0.91500000000000004,0.90613876881199107
Copper,Cu,0.92000000000000004,0.90709814178907788
Copper,Cu,0.92500000000000004,0.90804318588047794
Copper,Cu,0.93000000000000005,0.90897417855436569
Copper,Cu,0.93500000000000005,0.90989139076770076
Copper,Cu,0.94000000000000006,0.91079508714314383
Copper,Cu,0.94500000000000006,0.91168552614059784
Copper,Cu,0.95000000000000007,0.91256296022355909
Copper,Cu,0.95500000000000007,0.91342763602044319
Copper,Cu,0.95999999999999996,0.91427979448105368
Copper,Cu,0.96499999999999997,0.91511967102835046
Copper,Cu,0.96999999999999997,0.91594749570566913
Copper,Cu,0.97499999999999998,0.91676349331954354
Copper,Cu,0.97999999999999998,0.91756788357827002
Copper,Cu,0.98499999999999999,0.91836088122635495
Copper,Cu,0.98999999999999999,0.91914269617497535
Copper,Cu,0.995,0.91991353362858608
Copper,Cu,1,0.92067359420779238
Copper,Cu,1.0050000000000001,0.92142307406861301
Copper,Cu,1.01,0.92216216501824633
Copper,Cu,1.0150000000000001,0.9228910546274548
Copper,Cu,1.02,0.92360992633967176
Copper,Cu,1.0249999999999999,0.92431895957693944
Copper,Cu,1.03,0.92501832984277799
Copper,Cu,1.0349999999999999,0.92570820882208182
Copper,Cu,1.04,0.92638876447813656
Copper,Cu,1.0449999999999999,0.92706016114685319
Copper,Cu,1.05,0.92772255962830197
Copper,Cu,1.0549999999999999,0.92837611727563119
Copper,Cu,1.0600000000000001,0.92902098808145961
Copper,Cu,1.0649999999999999,0.92965732276181134
Copper,Cu,1.0700000000000001,0.93028526883767959
Copper,Cu,1.075,0.93090497071428857
Copper,Cu,1.0800000000000001,0.93151656975812502
Copper,Cu,1.085,0.93212020437181164
Copper,Cu,1.0900000000000001,0.93271601006688598
Copper,Cu,1.095,0.93330411953455139
Copper,Cu,1.1000000000000001,0.93388466271446158
Copper,Cu,1.105,0.9344577668616032
Copper,Cu,1.1100000000000001,0.93502355661132419
Copper,Cu,1.115,0.93558215404258094
Copper,Cu,1.1200000000000001,0.93613367873944131
Copper,Cu,1.125,0.93667824785091136
Copper,Cu,1.1300000000000001,0.93721597614912422
Copper,Cu,1.135,0.93774697608595314
Copper,Cu,1.1400000000000001,0.93827135784808191
Copper,Cu,1.145,0.93878922941059573
Copper,Cu,1.1500000000000001,0.93930069658911941
Copper,Cu,1.155,0.93980586309056302
Copper,Cu,1.1599999999999999,0.94030483056250269
Copper,Cu,1.165,0.94079769864124574
Copper,Cu,1.1699999999999999,0.94128456499861834
Copper,Cu,1.175,0.94176552538750891
Copper,Cu,1.1799999999999999,0.94224067368620823
Copper,Cu,1.1850000000000001,0.94271010194158134
Copper,Cu,1.1899999999999999,0.94317390041110383
Copper,Cu,1.1950000000000001,0.94363215760379615
Copper,Cu,1.2,0.94408496032009159
Copper,Cu,1.2050000000000001,0.94453239369066033
Copper,Cu,1.21,0.94497454121423297
Copper,Cu,1.2150000000000001,0.94541148479443993
Copper,Cu,1.22,0.94584330477569978
Copper,Cu,1.2250000000000001,0.94627007997819079
Copper,Cu,1.23,0.94669188773191848
Copper,Cu,1.2350000000000001,0.9471088039099167
Copper,Cu,1.24,0.94752090296060143
Copper,Cu,1.2450000000000001,0.94792825793930324
Copper,Cu,1.25,0.94833094053899913
Copper,Cu,1.2550000000000001,0.94872902112027213
Copper,Cu,1.26,0.94912256874051182
Copper,Cu,1.2650000000000001,0.94951165118238834
Copper,Cu,1.27,0.94989633498160797
Copper,Cu,1.2750000000000001,0.9502766854539797
Copper,Cu,1.28,0.95065276672180943
Copper,Cu,1.2849999999999999,0.95102464173963808
Copper,Cu,1.29,0.95139237231934448
Copper,Cu,1.2949999999999999,0.95175601915462948
Copper,Cu,1.3,0.95211564184489894
Copper,Cu,1.3049999999999999,0.9524712989185623
Copper,Cu,1.3100000000000001,0.95282304785576288
Copper,Cu,1.3149999999999999,0.95317094511055167
Copper,Cu,1.3200000000000001,0.95351504613252813
Copper,Cu,1.325,0.95385540538795266
Copper,Cu,1.3300000000000001,0.9541920763803543
Copper,Cu,1.335,0.9545251116706378
Copper,Cu,1.3400000000000001,0.95485456289671522
Copper,Cu,1.345,0.95518048079266116
Copper,Cu,1.3500000000000001,0.95550291520741726
Copper,Cu,1.355,0.95582191512304959
Copper,Cu,1.3600000000000001,0.95613752867257307
Copper,Cu,1.365,0.95644980315735828
Copper,Cu,1.3700000000000001,0.95675878506412471
Copper,Cu,1.375,0.95706452008153498
Copper,Cu,1.3800000000000001,0.95736705311640613
Copper,Cu,1.385,0.95766642830953552
Copper,Cu,1.3900000000000001,0.957962689051163
Copper,Cu,1.395,0.95825587799607248
Copper,Cu,1.4000000000000001,0.95854603707834651
Copper,Cu,1.405,0.95883320752577716
Copper,Cu,1.4099999999999999,0.95911742987394777
Copper,Cu,1.415,0.9593987439799927
Copper,Cu,1.4199999999999999,0.95967718903603993
Copper,Cu,1.425,0.95995280358234891
Copper,Cu,1.4299999999999999,0.96022562552015189
Copper,Cu,1.4350000000000001,0.9604956921241975
Copper,Cu,1.4399999999999999,0.96076304005502167
Copper,Cu,1.4450000000000001,0.96102770537092952
Copper,Cu,1.45,0.96128972353972009
Copper,Cu,1.4550000000000001,0.96154912945013971
Copper,Cu,1.46,0.96180595742308472
Copper,Cu,1.4650000000000001,0.96206024122255096
Copper,Cu,1.47,0.96231201406634537
Copper,Cu,1.4750000000000001,0.96256130863655276
Copper,Cu,1.48,0.96280815708978129
Copper,Cu,1.4850000000000001,0.96305259106717211
Copper,Cu,1.49,0.96329464170419821
Copper,Cu,1.4950000000000001,0.96353433964024238
Copper,Cu,1.5,0.96377171502797077
Copper,Cu,1.5050000000000001,0.96400679754249829
Copper,Cu,1.51,0.96423961639035871
Copper,Cu,1.5150000000000001,0.96447020031827946
Copper,Cu,1.52,0.96469857762176581
Copper,Cu,1.5250000000000001,0.96492477615350125
Copper,Cu,1.53,0.96514882333156871
Copper,Cu,1.5350000000000001,0.96537074614749507
Copper,Cu,1.54,0.9655905711741225
Copper,Cu,1.5449999999999999,0.965808324573315
Copper,Cu,1.55,0.96602403210349963
Copper,Cu,1.5549999999999999,0.96623771912704892
Copper,Cu,1.5600000000000001,0.96644941061750755
Copper,Cu,1.5649999999999999,0.96665913116666546
Copper,Cu,1.5700000000000001,0.96686690499148598
Copper,Cu,1.575,0.9670727559408846
Copper,Cu,1.5800000000000001,0.9672767075023706
Copper,Cu,1.585,0.96747878280854716
Copper,Cu,1.5900000000000001,0.967679004643478
Copper,Cu,1.595,0.9678773954489226
Copper,Cu,1.6000000000000001,0.96807397733044143
Copper,Cu,1.605,0.96826877206337802
Copper,Cu,1.6100000000000001,0.96846180109871449
Copper,Cu,1.615,0.96865308556881036
Copper,Cu,1.6200000000000001,0.96884264629302286
Copper,Cu,1.625,0.9690305037832142
Copper,Cu,1.6300000000000001,0.96921667824914415
Copper,Cu,1.635,0.96940118960375621
Copper,Cu,1.6400000000000001,0.96958405746835596
Copper,Cu,1.645,0.969765301177685
Copper,Cu,1.6500000000000001,0.96994493978489316
Copper,Cu,1.655,0.97012299206641117
Copper,Cu,1.6600000000000001,0.97029947652672566
Copper,Cu,1.665,0.97047441140305923
Copper,Cu,1.6699999999999999,0.9706478146699582
Copper,Cu,1.675,0.97081970404378726
Copper,Cu,1.6799999999999999,0.97099009698713845
Copper,Cu,1.6850000000000001,0.97115901071315069
Copper,Cu,1.6899999999999999,0.97132646218974406
Copper,Cu,1.6950000000000001,0.97149246814377488
Copper,Cu,1.7,0.9716570450651042
Copper,Cu,1.7050000000000001,0.97182020921059009
Copper,Cu,1.71,0.97198197660800334
Copper,Cu,1.7150000000000001,0.97214236305986235
Copper,Cu,1.72,0.97230138414720035
Copper,Cu,1.7250000000000001,0.97245905523325371
Copper,Cu,1.73,0.9726153914670842
Copper,Cu,1.7350000000000001,0.97277040778712642
Copper,Cu,1.74,0.97292411892467301
Copper,Cu,1.7450000000000001,0.97307653940728978
Copper,Cu,1.75,0.97322768356216605
Copper,Cu,1.7550000000000001,0.9733775655194018
Copper,Cu,1.76,0.97352619921523242
Copper,Cu,1.7650000000000001,0.9736735983951923
Copper,Cu,1.77,0.97381977661722008
Copper,Cu,1.7750000000000001,0.97396474725470206
Copper,Cu,1.78,0.97410852349946275
Copper,Cu,1.7850000000000001,0.97425111836469658
Copper,Cu,1.79,0.97439254468784542
Copper,Cu,1.7949999999999999,0.97453281513342216
Copper,Cu,1.8,0.97467194219578468
Copper,Cu,1.8049999999999999,0.9748099382018528
Copper,Cu,1.8100000000000001,0.97494681531378158
Copper,Cu,1.8149999999999999,0.97508258553157923
Copper,Cu,1.8200000000000001,0.97521726069568138
Copper,Cu,1.825,0.97535085248947695
Copper,Cu,1.8300000000000001,0.9754833724417844
Copper,Cu,1.835,0.97561483192928777
Copper,Cu,1.8400000000000001,0.975745242178927
Copper,Cu,1.845,0.97587461427024125
Copper,Cu,1.8500000000000001,0.97600295913767487
Copper,Cu,1.855,0.97613028757283826
Copper,Cu,1.8600000000000001,0.97625661022672761
Copper,Cu,1.865,0.9763819376119095
Copper,Cu,1.8700000000000001,0.97650628010465967
Copper,Cu,1.875,0.97662964794706797
Copper,Cu,1.8800000000000001,0.97675205124910458
Copper,Cu,1.885,0.97687349999064832
Copper,Cu,1.8900000000000001,0.97699400402348069
Copper,Cu,1.895,0.97711357307324398
Copper,Cu,1.9000000000000001,0.9772322167413624
Copper,Cu,1.905,0.97734994450693391
Copper,Cu,1.9100000000000001,0.9774667657285856
Copper,Cu,1.915,0.97758268964629513
Copper,Cu,1.9199999999999999,0.97769772538318422
Copper,Cu,1.925,0.97781188194727919
Copper,Cu,1.9299999999999999,0.97792516823323794
Copper,Cu,1.9350000000000001,0.97803759302405113
Copper,Cu,1.9399999999999999,0.97814916499271198
Copper,Cu,1.9450000000000001,0.97825989270385694
Copper,Cu,1.95,0.97836978461537805
Copper,Cu,1.9550000000000001,0.97847884908000815
Copper,Cu,1.96,0.97858709434687763
Copper,Cu,1.9650000000000001,0.97869452856304662
Copper,Cu,1.97,0.97880115977500859
Copper,Cu,1.9750000000000001,0.97890699593017028
Copper,Cu,1.98,0.97901204487830362
Copper,Cu,1.9850000000000001,0.97911631437297719
Copper,Cu,1.99,0.97921981207295983
Copper,Cu,1.9950000000000001,0.97932254554360132
Copper,Cu,2,0.97942452225819099
Copper,Cu,2.0049999999999999,0.97952574959929262
Copper,Cu,2.0100000000000002,0.97962623486005607
Copper,Cu,2.0150000000000001,0.97972598524550936
Copper,Cu,2.02,0.97982500787382565
Copper,Cu,2.0249999999999999,0.97992330977757236
Copper,Cu,2.0300000000000002,0.98002089790493863
Copper,Cu,2.0350000000000001,0.98011777912093978
Copper,Cu,2.04,0.98021396020860618
Copper,Cu,2.0449999999999999,0.98030944787014918
Copper,Cu,2.0499999999999998,0.98040424872810961
Copper,Cu,2.0550000000000002,0.98049836932648482
Copper,Cu,2.0600000000000001,0.98059181613184221
Copper,Cu,2.0649999999999999,0.98068459553440801
Copper,Cu,2.0699999999999998,0.980776713849144
Copper,Cu,2.0750000000000002,0.98086817731680265
Copper,Cu,2.0800000000000001,0.98095899210496895
Copper,Cu,2.085,0.98104916430908018
Copper,Cu,2.0899999999999999,0.98113869995343439
Copper,Cu,2.0950000000000002,0.98122760499217898
Copper,Cu,2.1000000000000001,0.98131588531028602
Copper,Cu,2.105,0.98140354672450869
Copper,Cu,2.1099999999999999,0.98149059498432578
Copper,Cu,2.1150000000000002,0.9815770357728677
Copper,Cu,2.1200000000000001,0.98166287470783187
Copper,Cu,2.125,0.9817481173423781
Copper,Cu,2.1299999999999999,0.98183276916601614
Copper,Cu,2.1350000000000002,0.98191683560547272
Copper,Cu,2.1400000000000001,0.9820003220255481
Copper,Cu,2.145,0.98208323372996176
Copper,Cu,2.1499999999999999,0.98216557596217757
Copper,Cu,2.1550000000000002,0.98224735390622375
Copper,Cu,2.1600000000000001,0.98232857268749396
Copper,Cu,2.165,0.98240923737353947
Copper,Cu,2.1699999999999999,0.98248935297484785
Copper,Cu,2.1750000000000003,0.98256892444560828
Copper,Cu,2.1800000000000002,0.98264795668446758
Copper,Cu,2.1850000000000001,0.98272645453527108
Copper,Cu,2.1899999999999999,0.98280442278779623
Copper,Cu,2.1949999999999998,0.98288186617847073
Copper,Cu,2.2000000000000002,0.98295878939108117
Copper,Cu,2.2050000000000001,0.98303519705747244
Copper,Cu,2.21,0.98311109375823358
Copper,Cu,2.2149999999999999,0.98318648402337561
Copper,Cu,2.2200000000000002,0.98326137233299638
Copper,Cu,2.2250000000000001,0.98333576311793702
Copper,Cu,2.23,0.98340966076042979
Copper,Cu,2.2349999999999999,0.98348306959473164
Copper,Cu,2.2400000000000002,0.98355599390775228
Copper,Cu,2.2450000000000001,0.98362843793967225
Copper,Cu,2.25,0.98370040588454732
Copper,Cu,2.2549999999999999,0.98377190189091135
Copper,Cu,2.2600000000000002,0.98384293006236245
Copper,Cu,2.2650000000000001,0.98391349445814547
Copper,Cu,2.27,0.98398359909372579
Copper,Cu,2.2749999999999999,0.98405324794134685
Copper,Cu,2.2800000000000002,0.98412244493059164
Copper,Cu,2.2850000000000001,0.98419119394892596
Copper,Cu,2.29,0.98425949884223884
Copper,Cu,2.2949999999999999,0.98432736341537186
Copper,Cu,2.3000000000000003,0.98439479143264164
Copper,Cu,2.3050000000000002,0.98446178661835726
Copper,Cu,2.3100000000000001,0.98452835265732552
Copper,Cu,2.3149999999999999,0.98459449319535242
Copper,Cu,2.3199999999999998,0.98466021183973396
Copper,Cu,2.3250000000000002,0.98472551215974258
Copper,Cu,2.3300000000000001,0.98479039768710752
Copper,Cu,2.335,0.98485487191648291
Copper,Cu,2.3399999999999999,0.9849189383059147
Copper,Cu,2.3450000000000002,0.98498260027729589
Copper,Cu,2.3500000000000001,0.98504586121682136
Copper,Cu,2.355,0.98510872447542852
Copper,Cu,2.3599999999999999,0.98517119336923853
Copper,Cu,2.3650000000000002,0.9852332711799856
Copper,Cu,2.3700000000000001,0.98529496115544535
Copper,Cu,2.375,0.98535626650985153
Copper,Cu,2.3799999999999999,0.98541719042431131
Copper,Cu,2.3850000000000002,0.98547773604721356
Copper,Cu,2.3900000000000001,0.98553790649462636
Copper,Cu,2.395,0.98559770485069964
Copper,Cu,2.3999999999999999,0.9856571341680499
Copper,Cu,2.4050000000000002,0.98571619746814865
Copper,Cu,2.4100000000000001,0.98577489774169802
Copper,Cu,2.415,0.98583323794900979
Copper,Cu,2.4199999999999999,0.98589122102037008
Copper,Cu,2.4250000000000003,0.98594884985640563
Copper,Cu,2.4300000000000002,0.9860061273284384
Copper,Cu,2.4350000000000001,0.98606305627884561
Copper,Cu,2.4399999999999999,0.98611963952139947
Copper,Cu,2.4449999999999998,0.98617587984161936
Copper,Cu,2.4500000000000002,0.98623177999710621
Copper,Cu,2.4550000000000001,0.98628734271787621
Copper,Cu,2.46,0.98634257070669051
Copper,Cu,2.4649999999999999,0.98639746663938388
Copper,Cu,2.4700000000000002,0.98645203316517904
Copper,Cu,2.4750000000000001,0.98650627290700788
Copper,Cu,2.48,0.9865601884618197
Copper,Cu,2.4849999999999999,0.98661378240089137
Copper,Cu,2.4900000000000002,0.98666705727012605
Copper,Cu,2.4950000000000001,0.9867200155903586
Copper,Cu,2.5,0.98677265985764373
Copper,Cu,2.5049999999999999,0.98682499254355194
Copper,Cu,2.5100000000000002,0.98687701609545264
Copper,Cu,2.5150000000000001,0.9869287329368005
Copper,Cu,2.52,0.9869801454674122
Copper,Cu,2.5249999999999999,0.98703125606374198
Copper,Cu,2.5300000000000002,0.98708206707915602
Copper,Cu,2.5350000000000001,0.98713258084419475
Copper,Cu,2.54,0.98718279966684364
Copper,Cu,2.5449999999999999,0.98723272583279009
Copper,Cu,2.5500000000000003,0.98728236160568095
Copper,Cu,2.5550000000000002,0.98733170922737767
Copper,Cu,2.5600000000000001,0.98738077091820609
Copper,Cu,2.5649999999999999,0.98742954887720324
Copper,Cu,2.5699999999999998,0.98747804528236238
Copper,Cu,2.5750000000000002,0.98752626229087215
Copper,Cu,2.5800000000000001,0.98757420203935287
Copper,Cu,2.585,0.98762186664409557
Copper,Cu,2.5899999999999999,0.98766925820128848
Copper,Cu,2.5950000000000002,0.98771637878724516
Copper,Cu,2.6000000000000001,0.98776323045863368
Copper,Cu,2.605,0.98780981525269396
Copper,Cu,2.6099999999999999,0.98785613518745974
Copper,Cu,2.6150000000000002,0.98790219226197429
Copper,Cu,2.6200000000000001,0.98794798845650367
Copper,Cu,2.625,0.98799352573274812
Copper,Cu,2.6299999999999999,0.98803880603404903
Copper,Cu,2.6350000000000002,0.9880838312855954
Copper,Cu,2.6400000000000001,0.98812860339462494
Copper,Cu,2.645,0.98817312425062431
Copper,Cu,2.6499999999999999,0.98821739572552869
Copper,Cu,2.6550000000000002,0.98826141967391334
Copper,Cu,2.6600000000000001,0.98830519793318872
Copper,Cu,2.665,0.98834873232378839
Copper,Cu,2.6699999999999999,0.98839202464935749
Copper,Cu,2.6750000000000003,0.98843507669693731
Copper,Cu,2.6800000000000002,0.98847789023714761
Copper,Cu,2.6850000000000001,0.98852046702436813
Copper,Cu,2.6899999999999999,0.98856280879691583
Copper,Cu,2.6949999999999998,0.98860491727721878
Copper,Cu,2.7000000000000002,0.98864679417199441
Copper,Cu,2.7050000000000001,0.98868844117241517
Copper,Cu,2.71,0.98872985995428142
Copper,Cu,2.7149999999999999,0.98877105217818784
Copper,Cu,2.7200000000000002,0.98881201948968744
Copper,Cu,2.7250000000000001,0.98885276351945439
Copper,Cu,2.73,0.98889328588344561
Copper,Cu,2.7349999999999999,0.98893358818305854
Copper,Cu,2.7400000000000002,0.98897367200528941
Copper,Cu,2.7450000000000001,0.9890135389228859
Copper,Cu,2.75,0.9890531904945008
Copper,Cu,2.7549999999999999,0.98909262826484545
Copper,Cu,2.7600000000000002,0.98913185376483459
Copper,Cu,2.7650000000000001,0.98917086851173652
Copper,Cu,2.77,0.98920967400931747
Copper,Cu,2.7749999999999999,0.98924827174798424
Copper,Cu,2.7800000000000002,0.98928666320492986
Copper,Cu,2.7850000000000001,0.98932484984426872
Copper,Cu,2.79,0.9893628331171771
Copper,Cu,2.7949999999999999,0.98940061446203065
Copper,Cu,2.8000000000000003,0.98943819530453891
Copper,Cu,2.8050000000000002,0.98947557705787748
Copper,Cu,2.8100000000000001,0.98951276112282038
Copper,Cu,2.8149999999999999,0.98954974888787117
Copper,Cu,2.8199999999999998,0.98958654172938976
Copper,Cu,2.8250000000000002,0.98962314101172066
Copper,Cu,2.8300000000000001,0.98965954808731771
Copper,Cu,2.835,0.98969576429686745
Copper,Cu,2.8399999999999999,0.989731790969412
Copper,Cu,2.8450000000000002,0.98976762942247221
Copper,Cu,2.8500000000000001,0.9898032809621623
Copper,Cu,2.855,0.98983874688331164
Copper,Cu,2.8599999999999999,0.98987402846958028
Copper,Cu,2.8650000000000002,0.98990912699357381
Copper,Cu,2.8700000000000001,0.98994404371695677
Copper,Cu,2.875,0.98997877989056648
Copper,Cu,2.8799999999999999,0.99001333675452474
Copper,Cu,2.8850000000000002,0.99004771553834214
Copper,Cu,2.8900000000000001,0.99008191746103436
Copper,Cu,2.895,0.99011594373122391
Copper,Cu,2.8999999999999999,0.99014979554724758
Copper,Cu,2.9050000000000002,0.99018347409726237
Copper,Cu,2.9100000000000001,0.99021698055934515
Copper,Cu,2.915,0.99025031610160119
Copper,Cu,2.9199999999999999,0.99028348188225768
Copper,Cu,2.9250000000000003,0.99031647904976883
Copper,Cu,2.9300000000000002,0.99034930874291294
Copper,Cu,2.9350000000000001,0.99038197209089052
Copper,Cu,2.9399999999999999,0.99041447021341689
Copper,Cu,2.9449999999999998,0.99044680422082432
Copper,Cu,2.9500000000000002,0.99047897521414907
Copper,Cu,2.9550000000000001,0.99051098428522877
Copper,Cu,2.96,0.99054283251679309
Copper,Cu,2.9649999999999999,0.99057452098255372
Copper,Cu,2.9700000000000002,0.99060605074729602
Copper,Cu,2.9750000000000001,0.99063742286696599
Copper,Cu,2.98,0.99066863838875863
Copper,Cu,2.9849999999999999,0.9906996983512063
Copper,Cu,2.9900000000000002,0.99073060378426026
Copper,Cu,2.9950000000000001,0.99076135570937884
Copper,Cu,3,0.99079195513961171
Copper,Cu,3.0049999999999999,0.99082240307968017
Copper,Cu,3.0100000000000002,0.99085270052606111
Copper,Cu,3.0150000000000001,0.99088284846706576
Copper,Cu,3.02,0.99091284788292078
Copper,Cu,3.0249999999999999,0.99094269974584792
Copper,Cu,3.0300000000000002,0.99097240502014272
Copper,Cu,3.0350000000000001,0.99100196466225021
Copper,Cu,3.04,0.99103137962084054
Copper,Cu,3.0449999999999999,0.99106065083688677
Copper,Cu,3.0500000000000003,0.99108977924373975
Copper,Cu,3.0550000000000002,0.99111876576719948
Copper,Cu,3.0600000000000001,0.99114761132559115
Copper,Cu,3.0649999999999999,0.99117631682983331
Copper,Cu,3.0700000000000003,0.99120488318351352
Copper,Cu,3.0750000000000002,0.99123331128295766
Copper,Cu,3.0800000000000001,0.99126160201729718
Copper,Cu,3.085,0.99128975626854265
Copper,Cu,3.0899999999999999,0.99131777491164741
Copper,Cu,3.0950000000000002,0.99134565881457726
Copper,Cu,3.1000000000000001,0.99137340883837866
Copper,Cu,3.105,0.99140102583724166
Copper,Cu,3.1099999999999999,0.9914285106585683
Copper,Cu,3.1150000000000002,0.99145586414303277
Copper,Cu,3.1200000000000001,0.99148308712465083
Copper,Cu,3.125,0.99151018043083905
Copper,Cu,3.1299999999999999,0.99153714488247724
Copper,Cu,3.1350000000000002,0.99156398129397272
Copper,Cu,3.1400000000000001,0.99159069047332049
Copper,Cu,3.145,0.9916172732221602
Copper,Cu,3.1499999999999999,0.99164373033584174
Copper,Cu,3.1550000000000002,0.99167006260347901
Copper,Cu,3.1600000000000001,0.99169627080801181
Copper,Cu,3.165,0.99172235572626399
Copper,Cu,3.1699999999999999,0.99174831812899489
Copper,Cu,3.1750000000000003,0.99177415878096498
Copper,Cu,3.1800000000000002,0.99179987844098327
Copper,Cu,3.1850000000000001,0.99182547786196851
Copper,Cu,3.1899999999999999,0.99185095779100052
Copper,Cu,3.1950000000000003,0.991876318969375
Copper,Cu,3.2000000000000002,0.99190156213266023
Copper,Cu,3.2050000000000001,0.99192668801074424
Copper,Cu,3.21,0.9919516973278929
Copper,Cu,3.2149999999999999,0.99197659080279754
Copper,Cu,3.2200000000000002,0.99200136914862902
Copper,Cu,3.2250000000000001,0.9920260330730859
Copper,Cu,3.23,0.99205058327844886
Copper,Cu,3.2349999999999999,0.99207502046162543
Copper,Cu,3.2400000000000002,0.99209934531420163
Copper,Cu,3.2450000000000001,0.99212355852249179
Copper,Cu,3.25,0.99214766076758321
Copper,Cu,3.2549999999999999,0.9921716527253861
Copper,Cu,3.2600000000000002,0.9921955350666819
Copper,Cu,3.2650000000000001,0.9922193084571661
Copper,Cu,3.27,0.99224297355749791
Copper,Cu,3.2749999999999999,0.9922665310233445
Copper,Cu,3.2800000000000002,0.99228998150542513
Copper,Cu,3.2850000000000001,0.99231332564955532
Copper,Cu,3.29,0.99233656409669724
Copper,Cu,3.2949999999999999,0.99235969748299258
Copper,Cu,3.3000000000000003,0.99238272643981695
Copper,Cu,3.3050000000000002,0.99240565159381489
Copper,Cu,3.3100000000000001,0.99242847356694441
Copper,Cu,3.3149999999999999,0.9924511929765214
Copper,Cu,3.3200000000000003,0.99247381043525784
Copper,Cu,3.3250000000000002,0.99249632655130549
Copper,Cu,3.3300000000000001,0.99251874192829281
Copper,Cu,3.335,0.99254105716537033
Copper,Cu,3.3399999999999999,0.99256327285724544
Copper,Cu,3.3450000000000002,0.99258538959422526
Copper,Cu,3.3500000000000001,0.99260740796225355
Copper,Cu,3.355,0.99262932854295038
Copper,Cu,3.3599999999999999,0.9926511519136505
Copper,Cu,3.3650000000000002,0.99267287864744014
Copper,Cu,3.3700000000000001,0.99269450931319458
Copper,Cu,3.375,0.99271604447561623
Copper,Cu,3.3799999999999999,0.9927374846952699
Copper,Cu,3.3850000000000002,0.99275883052862024
Copper,Cu,3.3900000000000001,0.99278008252806571
Copper,Cu,3.395,0.99280124124197699
Copper,Cu,3.3999999999999999,0.99282230721473053
Copper,Cu,3.4050000000000002,0.99284328098674246
Copper,Cu,3.4100000000000001,0.99286416309450454
Copper,Cu,3.415,0.99288495407061794
Copper,Cu,3.4199999999999999,0.9929056544438275
Copper,Cu,3.4250000000000003,0.99292626473905155
Copper,Cu,3.4300000000000002,0.99294678547742143
Copper,Cu,3.4350000000000001,0.99296721717630931
Copper,Cu,3.4399999999999999,0.99298756034936086
Copper,Cu,3.4450000000000003,0.9930078155065305
Copper,Cu,3.4500000000000002,0.99302798315411045
Copper,Cu,3.4550000000000001,0.99304806379476174
Copper,Cu,3.46,0.99306805792754782
Copper,Cu,3.4649999999999999,0.99308796604796412
Copper,Cu,3.4700000000000002,0.993107788647969
Copper,Cu,3.4750000000000001,0.99312752621601208
Copper,Cu,3.48,0.99314717923706497
Copper,Cu,3.4849999999999999,0.9931667481926546
Copper,Cu,3.4900000000000002,0.99318623356088775
Copper,Cu,3.4950000000000001,0.9932056358164808
Copper,Cu,3.5,0.99322495543079126
Copper,Cu,3.5049999999999999,0.99324419287184351
Copper,Cu,3.5100000000000002,0.99326334860435694
Copper,Cu,3.5150000000000001,0.99328242308977877
Copper,Cu,3.52,0.99330141678630257
Copper,Cu,3.5249999999999999,0.99332033014890531
Copper,Cu,3.5300000000000002,0.99333916362936658
Copper,Cu,3.5350000000000001,0.99335791767630122
Copper,Cu,3.54,0.99337659273518308
Copper,Cu,3.5449999999999999,0.99339518924836978
Copper,Cu,3.5500000000000003,0.99341370765513293
Copper,Cu,3.5550000000000002,0.99343214839168237
Copper,Cu,3.5600000000000001,0.99345051189118783
Copper,Cu,3.5649999999999999,0.99346879858381099
Copper,Cu,3.5700000000000003,0.99348700889672537
Copper,Cu,3.5750000000000002,0.99350514325414152
Copper,Cu,3.5800000000000001,0.99352320207733535
Copper,Cu,3.585,0.99354118578466954
Copper,Cu,3.5899999999999999,0.99355909479161642
Copper,Cu,3.5950000000000002,0.99357692951078491
Copper,Cu,3.6000000000000001,0.99359469035194314
Copper,Cu,3.605,0.99361237772204003
Copper,Cu,3.6099999999999999,0.99362999202523161
Copper,Cu,3.6150000000000002,0.99364753366290071
Copper,Cu,3.6200000000000001,0.99366500303368233
Copper,Cu,3.625,0.99368240053348478
Copper,Cu,3.6299999999999999,0.9936997265555132
Copper,Cu,3.6350000000000002,0.99371698149028931
Copper,Cu,3.6400000000000001,0.99373416572567641
Copper,Cu,3.645,0.99375127964689713
Copper,Cu,3.6499999999999999,0.99376832363656065
Copper,Cu,3.6550000000000002,0.99378529807467886
Copper,Cu,3.6600000000000001,0.99380220333868774
Copper,Cu,3.665,0.99381903980347208
Copper,Cu,3.6699999999999999,0.99383580784138104
Copper,Cu,3.6750000000000003,0.99385250782225532
Copper,Cu,3.6800000000000002,0.9938691401134393
Copper,Cu,3.6850000000000001,0.99388570507980811
Copper,Cu,3.6899999999999999,0.99390220308378352
Copper,Cu,3.6950000000000003,0.99391863448535489
Copper,Cu,3.7000000000000002,0.99393499964209853
Copper,Cu,3.7050000000000001,0.99395129890919798
Copper,Cu,3.71,0.99396753263946191
Copper,Cu,3.7149999999999999,0.993983701183343
Copper,Cu,3.7200000000000002,0.99399980488895978
Copper,Cu,3.7250000000000001,0.99401584410210886
Copper,Cu,3.73,0.99403181916629213
Copper,Cu,3.7349999999999999,0.9940477304227272
Copper,Cu,3.7400000000000002,0.99406357821036928
Copper,Cu,3.7450000000000001,0.99407936286592757
Copper,Cu,3.75,0.99409508472388775
Copper,Cu,3.7549999999999999,0.99411074411652234
Copper,Cu,3.7600000000000002,0.99412634137391265
Copper,Cu,3.7650000000000001,0.99414187682396482
Copper,Cu,3.77,0.99415735079242884
Copper,Cu,3.7749999999999999,0.99417276360291262
Copper,Cu,3.7800000000000002,0.99418811557690168
Copper,Cu,3.7850000000000001,0.9942034070337723
Copper,Cu,3.79,0.99421863829081103
Copper,Cu,3.7949999999999999,0.99423380966323183
Copper,Cu,3.8000000000000003,0.99424892146418853
Copper,Cu,3.8050000000000002,0.99426397400479338
Copper,Cu,3.8100000000000001,0.99427896759413392
Copper,Cu,3.8149999999999999,0.99429390253928596
Copper,Cu,3.8200000000000003,0.99430877914533244
Copper,Cu,3.8250000000000002,0.99432359771537493
Copper,Cu,3.8300000000000001,0.99433835855055386
Copper,Cu,3.835,0.99435306195006024
Copper,Cu,3.8399999999999999,0.99436770821115161
Copper,Cu,3.8450000000000002,0.99438229762916575
Copper,Cu,3.8500000000000001,0.99439683049753969
Copper,Cu,3.855,0.99441130710782
Copper,Cu,3.8599999999999999,0.99442572774967908
Copper,Cu,3.8650000000000002,0.9944400927109297
Copper,Cu,3.8700000000000001,0.99445440227753767
Copper,Cu,3.875,0.9944686567336396
Copper,Cu,3.8799999999999999,0.9944828563615532
Copper,Cu,3.8850000000000002,0.99449700144179265
Copper,Cu,3.8900000000000001,0.99451109225308498
Copper,Cu,3.895,0.99452512907237633
Copper,Cu,3.8999999999999999,0.99453911217485513
Copper,Cu,3.9050000000000002,0.99455304183395743
Copper,Cu,3.9100000000000001,0.99456691832138655
Copper,Cu,3.915,0.99458074190711998
Copper,Cu,3.9199999999999999,0.99459451285942868
Copper,Cu,3.9250000000000003,0.99460823144488586
Copper,Cu,3.9300000000000002,0.99462189792838018
Copper,Cu,3.9350000000000001,0.99463551257313054
Copper,Cu,3.9399999999999999,0.99464907564069727
Copper,Cu,3.9450000000000003,0.994662587390995
Copper,Cu,3.9500000000000002,0.9946760480823047
Copper,Cu,3.9550000000000001,0.99468945797128683
Copper,Cu,3.96,0.99470281731299104
Copper,Cu,3.9650000000000003,0.99471612636087248
Copper,Cu,3.9700000000000002,0.99472938536680111
Copper,Cu,3.9750000000000001,0.99474259458107173
Copper,Cu,3.98,0.99475575425241924
Copper,Cu,3.9849999999999999,0.99476886462803016
Copper,Cu,3.9900000000000002,0.99478192595355142
Copper,Cu,3.9950000000000001,0.99479493847310307
Copper,Cu,4,0.99480790242929118
Copper,Cu,4.0049999999999999,0.99482081806321621
Copper,Cu,4.0099999999999998,0.99483368561448882
Copper,Cu,4.0149999999999997,0.99484650532123331
Copper,Cu,4.0200000000000005,0.9948592774201086
Copper,Cu,4.0250000000000004,0.99487200214630855
Copper,Cu,4.0300000000000002,0.99488467973358186
Copper,Cu,4.0350000000000001,0.99489731041423701
Copper,Cu,4.04,0.99490989441915367
Copper,Cu,4.0449999999999999,0.99492243197779751
Copper,Cu,4.0499999999999998,0.99493492331822286
Copper,Cu,4.0549999999999997,0.99494736866709077
Copper,Cu,4.0600000000000005,0.9949597682496758
Copper,Cu,4.0650000000000004,0.99497212228987453
Copper,Cu,4.0700000000000003,0.99498443101021761
Copper,Cu,4.0750000000000002,0.99499669463188245
Copper,Cu,4.0800000000000001,0.99500891337469699
Copper,Cu,4.085,0.99502108745715279
Copper,Cu,4.0899999999999999,0.9950332170964179
Copper,Cu,4.0949999999999998,0.99504530250833922
Copper,Cu,4.0999999999999996,0.99505734390745859
Copper,Cu,4.1050000000000004,0.99506934150702053
Copper,Cu,4.1100000000000003,0.99508129551897806
Copper,Cu,4.1150000000000002,0.99509320615400798
Copper,Cu,4.1200000000000001,0.99510507362151501
Copper,Cu,4.125,0.99511689812964355
Copper,Cu,4.1299999999999999,0.9951286798852863
Copper,Cu,4.1349999999999998,0.99514041909409412
Copper,Cu,4.1399999999999997,0.99515211596048203
Copper,Cu,4.1450000000000005,0.9951637706876415
Copper,Cu,4.1500000000000004,0.99517538347754786
Copper,Cu,4.1550000000000002,0.99518695453096861
Copper,Cu,4.1600000000000001,0.99519848404747246
Copper,Cu,4.165,0.99520997222543695
Copper,Cu,4.1699999999999999,0.99522141926206065
Copper,Cu,4.1749999999999998,0.99523282535336544
Copper,Cu,4.1799999999999997,0.99524419069420988
Copper,Cu,4.1850000000000005,0.99525551547829638
Copper,Cu,4.1900000000000004,0.99526679989817779
Copper,Cu,4.1950000000000003,0.99527804414526733
Copper,Cu,4.2000000000000002,0.99528924840984578
Copper,Cu,4.2050000000000001,0.99530041288106974
Copper,Cu,4.21,0.99531153774698011
Copper,Cu,4.2149999999999999,0.99532262319450782
Copper,Cu,4.2199999999999998,0.99533366940948498
Copper,Cu,4.2249999999999996,0.99534467657665093
Copper,Cu,4.2300000000000004,0.99535564487965889
Copper,Cu,4.2350000000000003,0.99536657450108479
Copper,Cu,4.2400000000000002,0.99537746562243523
Copper,Cu,4.2450000000000001,0.99538831842415498
Copper,Cu,4.25,0.99539913308563199
Copper,Cu,4.2549999999999999,0.99540990978520771
Copper,Cu,4.2599999999999998,0.99542064870018521
Copper,Cu,4.2649999999999997,0.9954313500068307
Copper,Cu,4.2700000000000005,0.99544201388038844
Copper,Cu,4.2750000000000004,0.9954526404950812
Copper,Cu,4.2800000000000002,0.99546323002412351
Copper,Cu,4.2850000000000001,0.99547378263972175
Copper,Cu,4.29,0.99548429851308695
Copper,Cu,4.2949999999999999,0.9954947778144404
Copper,Cu,4.2999999999999998,0.99550522071301606
Copper,Cu,4.3049999999999997,0.99551562737707588
Copper,Cu,4.3100000000000005,0.99552599797390784
Copper,Cu,4.3150000000000004,0.99553633266983721
Copper,Cu,4.3200000000000003,0.99554663163023394
Copper,Cu,4.3250000000000002,0.99555689501951705
Copper,Cu,4.3300000000000001,0.99556712300116146
Copper,Cu,4.335,0.99557731573770514
Copper,Cu,4.3399999999999999,0.99558747339075426
Copper,Cu,4.3449999999999998,0.99559759612099341
Copper,Cu,4.3500000000000005,0.99560768408818612
Copper,Cu,4.3550000000000004,0.99561773745118642
Copper,Cu,4.3600000000000003,0.99562775636794076
Copper,Cu,4.3650000000000002,0.9956377409954984
Copper,Cu,4.3700000000000001,0.99564769149001386
Copper,Cu,4.375,0.9956576080067544
Copper,Cu,4.3799999999999999,0.99566749070010729
Copper,Cu,4.3849999999999998,0.9956773397235843
Copper,Cu,4.3899999999999997,0.99568715522982676
Copper,Cu,4.3950000000000005,0.99569693737061549
Copper,Cu,4.4000000000000004,0.99570668629687198
Copper,Cu,4.4050000000000002,0.99571640215866497
Copper,Cu,4.4100000000000001,0.99572608510522009
Copper,Cu,4.415,0.99573573528492076
Copper,Cu,4.4199999999999999,0.99574535284531673
Copper,Cu,4.4249999999999998,0.9957549379331293
Copper,Cu,4.4299999999999997,0.99576449069425499
Copper,Cu,4.4350000000000005,0.99577401127377452
Copper,Cu,4.4400000000000004,0.99578349981595449
Copper,Cu,4.4450000000000003,0.9957929564642557
Copper,Cu,4.4500000000000002,0.99580238136133681
Copper,Cu,4.4550000000000001,0.99581177464906201
Copper,Cu,4.46,0.99582113646850223
Copper,Cu,4.4649999999999999,0.99583046695994637
Copper,Cu,4.4699999999999998,0.99583976626289927
Copper,Cu,4.4750000000000005,0.99584903451609263
Copper,Cu,4.4800000000000004,0.99585827185748976
Copper,Cu,4.4850000000000003,0.99586747842428569
Copper,Cu,4.4900000000000002,0.99587665435291861
Copper,Cu,4.4950000000000001,0.99588579977907132
Copper,Cu,4.5,0.99589491483767734
Copper,Cu,4.5049999999999999,0.99590399966292398
Copper,Cu,4.5099999999999998,0.99591305438825994
Copper,Cu,4.5149999999999997,0.9959220791464003
Copper,Cu,4.5200000000000005,0.99593107406932668
Copper,Cu,4.5250000000000004,0.99594003928829944
Copper,Cu,4.5300000000000002,0.99594897493385481
Copper,Cu,4.5350000000000001,0.99595788113581685
Copper,Cu,4.54,0.99596675802329582
Copper,Cu,4.5449999999999999,0.99597560572469646
Copper,Cu,4.5499999999999998,0.99598442436772316
Copper,Cu,4.5549999999999997,0.99599321407938068
Copper,Cu,4.5600000000000005,0.99600197498598397
Copper,Cu,4.5650000000000004,0.99601070721315776
Copper,Cu,4.5700000000000003,0.99601941088584378
Copper,Cu,4.5750000000000002,0.99602808612830551
Copper,Cu,4.5800000000000001,0.99603673306412988
Copper,Cu,4.585,0.99604535181623666
Copper,Cu,4.5899999999999999,0.99605394250687629
Copper,Cu,4.5949999999999998,0.99606250525763917
Copper,Cu,4.6000000000000005,0.99607104018945969
Copper,Cu,4.6050000000000004,0.99607954742261651
Copper,Cu,4.6100000000000003,0.99608802707674038
Copper,Cu,4.6150000000000002,0.99609647927081901
Copper,Cu,4.6200000000000001,0.9961049041231983
Copper,Cu,4.625,0.99611330175158608
Copper,Cu,4.6299999999999999,0.99612167227306192
Copper,Cu,4.6349999999999998,0.99613001580407312
Copper,Cu,4.6399999999999997,0.99613833246044536
Copper,Cu,4.6450000000000005,0.99614662235738416
Copper,Cu,4.6500000000000004,0.99615488560947607
Copper,Cu,4.6550000000000002,0.99616312233069959
Copper,Cu,4.6600000000000001,0.99617133263442248
Copper,Cu,4.665,0.99617951663340687
Copper,Cu,4.6699999999999999,0.99618767443981793
Copper,Cu,4.6749999999999998,0.99619580616522074
Copper,Cu,4.6799999999999997,0.99620391192058821
Copper,Cu,4.6850000000000005,0.9962119918163066
Copper,Cu,4.6900000000000004,0.99622004596217295
Copper,Cu,4.6950000000000003,0.99622807446740569
Copper,Cu,4.7000000000000002,0.9962360774406428
Copper,Cu,4.7050000000000001,0.99624405498995039
Copper,Cu,4.71,0.99625200722282148
Copper,Cu,4.7149999999999999,0.99625993424618386
Copper,Cu,4.7199999999999998,0.99626783616640147
Copper,Cu,4.7250000000000005,0.99627571308927632
Copper,Cu,4.7300000000000004,0.99628356512005722
Copper,Cu,4.7350000000000003,0.99629139236343878
Copper,Cu,4.7400000000000002,0.99629919492356378
Copper,Cu,4.7450000000000001,0.99630697290403281
Copper,Cu,4.75,0.99631472640790242
Copper,Cu,4.7549999999999999,0.99632245553768894
Copper,Cu,4.7599999999999998,0.99633016039537359
Copper,Cu,4.7649999999999997,0.99633784108240553
Copper,Cu,4.7700000000000005,0.99634549769970548
Copper,Cu,4.7750000000000004,0.99635313034766781
Copper,Cu,4.7800000000000002,0.99636073912616308
Copper,Cu,4.7850000000000001,0.99636832413454379
Copper,Cu,4.79,0.99637588547164702
Copper,Cu,4.7949999999999999,0.99638342323579598
Copper,Cu,4.7999999999999998,0.99639093752480545
Copper,Cu,4.8049999999999997,0.99639842843598192
Copper,Cu,4.8100000000000005,0.9964058960661305
Copper,Cu,4.8150000000000004,0.99641334051155461
Copper,Cu,4.8200000000000003,0.99642076186806128
Copper,Cu,4.8250000000000002,0.99642816023096492
Copper,Cu,4.8300000000000001,0.99643553569508536
Copper,Cu,4.835,0.9964428883547588
Copper,Cu,4.8399999999999999,0.99645021830383229
Copper,Cu,4.8449999999999998,0.9964575256356748
Copper,Cu,4.8500000000000005,0.99646481044317337
Copper,Cu,4.8550000000000004,0.99647207281874195
Copper,Cu,4.8600000000000003,0.99647931285431746
Copper,Cu,4.8650000000000002,0.99648653064137072
Copper,Cu,4.8700000000000001,0.99649372627090071
Copper,Cu,4.875,0.99650089983344781
Copper,Cu,4.8799999999999999,0.99650805141908549
Copper,Cu,4.8849999999999998,0.99651518111743109
Copper,Cu,4.8899999999999997,0.99652228901764461
Copper,Cu,4.8950000000000005,0.99652937520843421
Copper,Cu,4.9000000000000004,0.9965364397780565
Copper,Cu,4.9050000000000002,0.99654348281432015
Copper,Cu,4.9100000000000001,0.9965505044045907
Copper,Cu,4.915,0.99655750463578952
Copper,Cu,4.9199999999999999,0.99656448359439898
Copper,Cu,4.9249999999999998,0.99657144136646325
Copper,Cu,4.9299999999999997,0.99657837803759519
Copper,Cu,4.9350000000000005,0.99658529369297255
Copper,Cu,4.9400000000000004,0.99659218841734687
Copper,Cu,4.9450000000000003,0.99659906229504081
Copper,Cu,4.9500000000000002,0.99660591540995513
Copper,Cu,4.9550000000000001,0.99661274784556775
Copper,Cu,4.96,0.99661955968493865
Copper,Cu,4.9649999999999999,0.99662635101071151
Copper,Cu,4.9699999999999998,0.99663312190511444
Copper,Cu,4.9750000000000005,0.99663987244996721
Copper,Cu,4.9800000000000004,0.99664660272667782
Copper,Cu,4.9850000000000003,0.99665331281625036
Copper,Cu,4.9900000000000002,0.9966600027992828
Copper,Cu,4.9950000000000001,0.9966666727559722
Copper,Cu,5,0.9966733227661182
Titanium,Ti,0,0
Titanium,Ti,0.0050000000000000001,5.5355861069469165e-83
Titanium,Ti,0.01,3.720075976020852e-40
Titanium,Ti,0.014999999999999999,4.9528140348459327e-26
Titanium,Ti,0.02,4.821874619909798e-19
Titanium,Ti,0.025000000000000001,6.7973668084665601e-15
Titanium,Ti,0.029999999999999999,3.7091531059611433e-12
Titanium,Ti,0.035000000000000003,3.1874996271057826e-10
Titanium,Ti,0.040000000000000001,8.6799649158436051e-09
Titanium,Ti,0.044999999999999998,1.1030278702227088e-07
Titanium,Ti,0.050000000000000003,8.2446145237410601e-07
Titanium,Ti,0.055,4.197699298135711e-06
Titanium,Ti,0.059999999999999998,1.6049303297407637e-05
Titanium,Ti,0.065000000000000002,4.9285583186326792e-05
Titanium,Ti,0.070000000000000007,0.00012752565956825526
Titanium,Ti,0.074999999999999997,0.00028792925129118109
Titanium,Ti,0.080000000000000002,0.00058229389814401088
Titanium,Ti,0.085000000000000006,0.0010760242406616649
Titanium,Ti,0.089999999999999997,0.0018451586742078525
Titanium,Ti,0.095000000000000001,0.002972043928418819
Titanium,Ti,0.10000000000000001,0.0045404052350475413
Titanium,Ti,0.105,0.0066305104988347808
Titanium,Ti,0.11,0.0093149570976208858
Titanium,Ti,0.115,0.012655400709885103
Titanium,Ti,0.12,0.016700352296325757
Titanium,Ti,0.125,0.021484019939626529
Titanium,Ti,0.13,0.027026073894798122
Titanium,Ti,0.13500000000000001,0.033332160920918903
Titanium,Ti,0.14000000000000001,0.040394977370310441
Titanium,Ti,0.14499999999999999,0.048195718264151449
Titanium,Ti,0.14999999999999999,0.056705741728639646
Titanium,Ti,0.155,0.065888317030934243
Titanium,Ti,0.16,0.075700354713167772
Titanium,Ti,0.16500000000000001,0.086094045656237364
Titanium,Ti,0.17000000000000001,0.097018360527948641
Titanium,Ti,0.17500000000000002,0.10842038127243649
Titanium,Ti,0.17999999999999999,0.12024645206074594
Titanium,Ti,0.185,0.13244314882686184
Titanium,Ti,0.19,0.14495807473487404
Titanium,Ti,0.19500000000000001,0.15774049429712375
Titanium,Ti,0.20000000000000001,0.1707418220048014
Titanium,Ti,0.20500000000000002,0.18391598279138907
Titanium,Ti,0.20999999999999999,0.19721966189170695
Titanium,Ti,0.215,0.21061246106421885
Titanium,Ti,0.22,0.22405697700931818
Titanium,Ti,0.22500000000000001,0.23751881636772715
Titanium,Ti,0.23000000000000001,0.25096656008709939
Titanium,Ti,0.23500000000000001,0.26437168831922508
Titanium,Ti,0.23999999999999999,0.27770847543464883
Titanium,Ti,0.245,0.29095386326671574
Titanium,Ti,0.25,0.30408731935228439
Titanium,Ti,0.255,0.31709068573517762
Titanium,Ti,0.26000000000000001,0.32994802284369928
Titanium,Ti,0.26500000000000001,0.3426454520407905
Titanium,Ti,0.27000000000000002,0.35517099966565169
Titanium,Ti,0.27500000000000002,0.36751444472736372
Titanium,Ti,0.28000000000000003,0.37966717186147109
Titanium,Ti,0.28500000000000003,0.39162203070668827
Titanium,Ti,0.28999999999999998,0.40337320248830039
Titanium,Ti,0.29499999999999998,0.41491607429573124
Titanium,Ti,0.29999999999999999,0.42624712130339082
Titanium,Ti,0.30499999999999999,0.43736379699671918
Titanium,Ti,0.31,0.44826443132082627
Titanium,Ti,0.315,0.45894813655989836
Titanium,Ti,0.32000000000000001,0.46941472067527401
Titanium,Ti,0.32500000000000001,0.47966460777334136
Titanium,Ti,0.33000000000000002,0.48969876533657114
Titanium,Ti,0.33500000000000002,0.499518637828261
Titanium,Ti,0.34000000000000002,0.50912608627067246
Titanium,Ti,0.34500000000000003,0.5185233333945608
Titanium,Ti,0.35000000000000003,0.5277129139634209
Titanium,Ti,0.35499999999999998,0.53669762988635572
Titanium,Ti,0.35999999999999999,0.54548050974781903
Titanium,Ti,0.36499999999999999,0.55406477239947782
Titanium,Ti,0.37,0.56245379427814135
Titanium,Ti,0.375,0.57065108013337362
Titanium,Ti,0.38,0.5786602368685021
Titanium,Ti,0.38500000000000001,0.5864849502187911
Titanium,Ti,0.39000000000000001,0.59412896401027704
Titanium,Ti,0.39500000000000002,0.60159606176187463
Titanium,Ti,0.40000000000000002,0.6088900504117275
Titanium,Ti,0.40500000000000003,0.61601474596625116
Titanium,Ti,0.41000000000000003,0.6229739608868442
Titanium,Ti,0.41500000000000004,0.62977149304476376
Titanium,Ti,0.41999999999999998,0.6364111160892032
Titanium,Ti,0.42499999999999999,0.64289657108711407
Titanium,Ti,0.42999999999999999,0.64923155930588516
Titanium,Ti,0.435,0.65541973602158876
Titanium,Ti,0.44,0.66146470524620804
Titanium,Ti,0.44500000000000001,0.66737001527711914
Titanium,Ti,0.45000000000000001,0.67313915498113341
Titanium,Ti,0.45500000000000002,0.67877555073369233
Titanium,Ti,0.46000000000000002,0.68428256394138687
Titanium,Ti,0.46500000000000002,0.68966348908289143
Titanium,Ti,0.47000000000000003,0.69492155220970819
Titanium,Ti,0.47500000000000003,0.70005990985386712
Titanium,Ti,0.47999999999999998,0.70508164829495401
Titanium,Ti,0.48499999999999999,0.7099897831435853
Titanium,Ti,0.48999999999999999,0.71478725920276509
Titanium,Ti,0.495,0.71947695057246408
Titanium,Ti,0.5,0.72406166096631042
Titanium,Ti,0.505,0.72854412421248582
Titanium,Ti,0.51000000000000001,0.73292700491382701
Titanium,Ti,0.51500000000000001,0.73721289924475664
Titanium,Ti,0.52000000000000002,0.74140433586503995
Titanium,Ti,0.52500000000000002,0.7455037769325038
Titanium,Ti,0.53000000000000003,0.74951361919879234
Titanium,Ti,0.53500000000000003,0.75343619517396909
Titanium,Ti,0.54000000000000004,0.75727377434735255
Titanium,Ti,0.54500000000000004,0.76102856445338829
Titanium,Ti,0.55000000000000004,0.76470271277262525
Titanium,Ti,0.55500000000000005,0.76829830745902183
Titanium,Ti,0.56000000000000005,0.7718173788858298
Titanium,Ti,0.56500000000000006,0.77526190100323211
Titanium,Ti,0.57000000000000006,0.77863379270174371
Titanium,Ti,0.57500000000000007,0.78193491917612601
Titanium,Ti,0.57999999999999996,0.78516709328523637
Titanium,Ti,0.58499999999999996,0.78833207690383578
Titanium,Ti,0.58999999999999997,0.79143158226290877
Titanium,Ti,0.59499999999999997,0.79446727327553235
Titanium,Ti,0.59999999999999998,0.79744076684575704
Titanium,Ti,0.60499999999999998,0.80035363415834815
Titanium,Ti,0.60999999999999999,0.80320740194757012
Titanium,Ti,0.61499999999999999,0.80600355374351051
Titanium,Ti,0.62,0.80874353109469721
Titanium,Ti,0.625,0.81142873476601085
Titanium,Ti,0.63,0.81406052591110334
Titanium,Ti,0.63500000000000001,0.81664022721872287
Titanium,Ti,0.64000000000000001,0.81916912403250519
Titanium,Ti,0.64500000000000002,0.82164846544395076
Titanium,Ti,0.65000000000000002,0.82407946535841492
Titanium,Ti,0.65500000000000003,0.82646330353407349
Titanium,Ti,0.66000000000000003,0.82880112659390515
Titanium,Ti,0.66500000000000004,0.83109404901082851
Titanium,Ti,0.67000000000000004,0.83334315406620341
Titanium,Ti,0.67500000000000004,0.83554949478196616
Titanium,Ti,0.68000000000000005,0.83771409482672676
Titanium,Ti,0.68500000000000005,0.83983794939620338
Titanium,Ti,0.69000000000000006,0.84192202606840094
Titanium,Ti,0.69500000000000006,0.84396726563398772
Titanium,Ti,0.70000000000000007,0.84597458290233452
Titanium,Ti,0.70499999999999996,0.84794486748371434
Titanium,Ti,0.70999999999999996,0.84987898454817323
Titanium,Ti,0.71499999999999997,0.85177777556159984
Titanium,Ti,0.71999999999999997,0.85364205899952206
Titanium,Ti,0.72499999999999998,0.85547263103917948
Titanium,Ti,0.72999999999999998,0.85727026623041414
Titanium,Ti,0.73499999999999999,0.85903571814592483
Titanium,Ti,0.73999999999999999,0.86076972001143492
Titanium,Ti,0.745,0.86247298531631467
Titanium,Ti,0.75,0.86414620840520251
Titanium,Ti,0.755,0.86579006505115463
Titanium,Ti,0.76000000000000001,0.86740521301085749
Titanium,Ti,0.76500000000000001,0.86899229256241828
Titanium,Ti,0.77000000000000002,0.87055192702625195
Titanium,Ti,0.77500000000000002,0.87208472326956388
Titanium,Ti,0.78000000000000003,0.87359127219492438
Titanium,Ti,0.78500000000000003,0.87507214921341936
Titanium,Ti,0.79000000000000004,0.87652791470284752
Titanium,Ti,0.79500000000000004,0.87795911445143426
Titanium,Ti,0.80000000000000004,0.87936628008750417
Titanium,Ti,0.80500000000000005,0.88074992949555997
Titanium,Ti,0.81000000000000005,0.88211056721919567
Titanium,Ti,0.81500000000000006,0.88344868485126182
Titanium,Ti,0.82000000000000006,0.88476476141168747
Titanium,Ti,0.82500000000000007,0.88605926371335841
Titanium,Ti,0.83000000000000007,0.88733264671643508
Titanium,Ti,0.83499999999999996,0.88858535387148319
Titanium,Ti,0.83999999999999997,0.88981781745177713
Titanium,Ti,0.84499999999999997,0.89103045887513399
Titanium,Ti,0.84999999999999998,0.892223689015614
Titanium,Ti,0.85499999999999998,0.89339790850542222
Titanium,Ti,0.85999999999999999,0.8945535080273278
Titanium,Ti,0.86499999999999999,0.8956908685979178
Titanium,Ti,0.87,0.89681036184197993
Titanium,Ti,0.875,0.89791235025830896
Titanium,Ti,0.88,0.89899718747722246
Titanium,Ti,0.88500000000000001,0.9000652185100475
Titanium,Ti,0.89000000000000001,0.90111677999085971
Titanium,Ti,0.89500000000000002,0.90215220041071165
Titanium,Ti,0.90000000000000002,0.90317180034461242
Titanium,Ti,0.90500000000000003,0.90417589267149079
Titanium,Ti,0.91000000000000003,0.90516478278737045
Titanium,Ti,0.91500000000000004,0.90613876881199118
Titanium,Ti,0.92000000000000004,0.90709814178907788
Titanium,Ti,0.92500000000000004,0.90804318588047817
Titanium,Ti,0.93000000000000005,0.90897417855436569
Titanium,Ti,0.93500000000000005,0.90989139076770065
Titanium,Ti,0.94000000000000006,0.91079508714314361
Titanium,Ti,0.94500000000000006,0.91168552614059784
Titanium,Ti,0.95000000000000007,0.91256296022355909
Titanium,Ti,0.95500000000000007,0.91342763602044308
Titanium,Ti,0.95999999999999996,0.91427979448105368
Titanium,Ti,0.96499999999999997,0.91511967102835046
Titanium,Ti,0.96999999999999997,0.91594749570566891
Titanium,Ti,0.97499999999999998,0.91676349331954354
Titanium,Ti,0.97999999999999998,0.91756788357827002
Titanium,Ti,0.98499999999999999,0.91836088122635495
Titanium,Ti,0.98999999999999999,0.91914269617497524
Titanium,Ti,0.995,0.91991353362858619
Titanium,Ti,1,0.92067359420779238
Titanium,Ti,1.0050000000000001,0.92142307406861301
Titanium,Ti,1.01,0.92216216501824644
Titanium,Ti,1.0150000000000001,0.92289105462745458
Titanium,Ti,1.02,0.92360992633967176
Titanium,Ti,1.0249999999999999,0.92431895957693921
Titanium,Ti,1.03,0.92501832984277799
Titanium,Ti,1.0349999999999999,0.92570820882208182
Titanium,Ti,1.04,0.92638876447813656
Titanium,Ti,1.0449999999999999,0.92706016114685319
Titanium,Ti,1.05,0.92772255962830197
Titanium,Ti,1.0549999999999999,0.92837611727563119
Titanium,Ti,1.0600000000000001,0.92902098808145961
Titanium,Ti,1.0649999999999999,0.92965732276181134
Titanium,Ti,1.0700000000000001,0.93028526883767948
Titanium,Ti,1.075,0.93090497071428857
Titanium,Ti,1.0800000000000001,0.93151656975812502
Titanium,Ti,1.085,0.93212020437181187
Titanium,Ti,1.0900000000000001,0.93271601006688598
Titanium,Ti,1.095,0.93330411953455139
Titanium,Ti,1.1000000000000001,0.93388466271446158
Titanium,Ti,1.105,0.9344577668616032
Titanium,Ti,1.1100000000000001,0.93502355661132419
Titanium,Ti,1.115,0.93558215404258094
Titanium,Ti,1.1200000000000001,0.93613367873944131
Titanium,Ti,1.125,0.93667824785091136
Titanium,Ti,1.1300000000000001,0.93721597614912455
Titanium,Ti,1.135,0.93774697608595314
Titanium,Ti,1.1400000000000001,0.93827135784808191
Titanium,Ti,1.145,0.93878922941059539
Titanium,Ti,1.1500000000000001,0.93930069658911941
Titanium,Ti,1.155,0.93980586309056302
Titanium,Ti,1.1599999999999999,0.94030483056250269
Titanium,Ti,1.165,0.94079769864124574
Titanium,Ti,1.1699999999999999,0.94128456499861834
Titanium,Ti,1.175,0.94176552538750891
Titanium,Ti,1.1799999999999999,0.94224067368620823
Titanium,Ti,1.1850000000000001,0.94271010194158145
Titanium,Ti,1.1899999999999999,0.94317390041110383
Titanium,Ti,1.1950000000000001,0.94363215760379637
Titanium,Ti,1.2,0.94408496032009115
Titanium,Ti,1.2050000000000001,0.94453239369066033
Titanium,Ti,1.21,0.94497454121423297
Titanium,Ti,1.2150000000000001,0.94541148479443993
Titanium,Ti,1.22,0.94584330477569978
Titanium,Ti,1.2250000000000001,0.94627007997819068
Titanium,Ti,1.23,0.94669188773191848
Titanium,Ti,1.2350000000000001,0.9471088039099167
Titanium,Ti,1.24,0.94752090296060165
Titanium,Ti,1.2450000000000001,0.94792825793930324
Titanium,Ti,1.25,0.94833094053899913
Titanium,Ti,1.2550000000000001,0.94872902112027213
Titanium,Ti,1.26,0.94912256874051182
Titanium,Ti,1.2650000000000001,0.94951165118238856
Titanium,Ti,1.27,0.94989633498160797
Titanium,Ti,1.2750000000000001,0.95027668545397947
Titanium,Ti,1.28,0.95065276672180943
Titanium,Ti,1.2849999999999999,0.95102464173963808
Titanium,Ti,1.29,0.95139237231934448
Titanium,Ti,1.2949999999999999,0.95175601915462926
Titanium,Ti,1.3,0.95211564184489894
Titanium,Ti,1.3049999999999999,0.9524712989185623
Titanium,Ti,1.3100000000000001,0.95282304785576266
Titanium,Ti,1.3149999999999999,0.95317094511055167
Titanium,Ti,1.3200000000000001,0.95351504613252813
Titanium,Ti,1.325,0.95385540538795299
Titanium,Ti,1.3300000000000001,0.9541920763803543
Titanium,Ti,1.335,0.95452511167063803
Titanium,Ti,1.3400000000000001,0.95485456289671522
Titanium,Ti,1.345,0.95518048079266116
Titanium,Ti,1.3500000000000001,0.95550291520741726
Titanium,Ti,1.355,0.95582191512304959
Titanium,Ti,1.3600000000000001,0.95613752867257307
Titanium,Ti,1.365,0.95644980315735828
Titanium,Ti,1.3700000000000001,0.95675878506412471
Titanium,Ti,1.375,0.95706452008153498
Titanium,Ti,1.3800000000000001,0.95736705311640613
Titanium,Ti,1.385,0.95766642830953552
Titanium,Ti,1.3900000000000001,0.957962689051163
Titanium,Ti,1.395,0.95825587799607248
Titanium,Ti,1.4000000000000001,0.95854603707834651
Titanium,Ti,1.405,0.95883320752577716
Titanium,Ti,1.4099999999999999,0.95911742987394777
Titanium,Ti,1.415,0.95939874397999281
Titanium,Ti,1.4199999999999999,0.95967718903603993
Titanium,Ti,1.425,0.95995280358234891
Titanium,Ti,1.4299999999999999,0.96022562552015145
Titanium,Ti,1.4350000000000001,0.96049569212419794
Titanium,Ti,1.4399999999999999,0.96076304005502167
Titanium,Ti,1.4450000000000001,0.96102770537092952
Titanium,Ti,1.45,0.96128972353972009
Titanium,Ti,1.4550000000000001,0.96154912945013971
Titanium,Ti,1.46,0.96180595742308472
Titanium,Ti,1.4650000000000001,0.96206024122255129
Titanium,Ti,1.47,0.96231201406634537
Titanium,Ti,1.4750000000000001,0.96256130863655276
Titanium,Ti,1.48,0.96280815708978129
Titanium,Ti,1.4850000000000001,0.96305259106717211
Titanium,Ti,1.49,0.96329464170419821
Titanium,Ti,1.4950000000000001,0.96353433964024238
Titanium,Ti,1.5,0.96377171502797077
Titanium,Ti,1.5050000000000001,0.96400679754249829
Titanium,Ti,1.51,0.96423961639035893
Titanium,Ti,1.5150000000000001,0.96447020031827946
Titanium,Ti,1.52,0.96469857762176559
Titanium,Ti,1.5250000000000001,0.96492477615350125
Titanium,Ti,1.53,0.96514882333156871
Titanium,Ti,1.5350000000000001,0.96537074614749507
Titanium,Ti,1.54,0.9655905711741225
Titanium,Ti,1.5449999999999999,0.965808324573315
Titanium,Ti,1.55,0.96602403210349963
Titanium,Ti,1.5549999999999999,0.96623771912704892
Titanium,Ti,1.5600000000000001,0.96644941061750755
Titanium,Ti,1.5649999999999999,0.96665913116666546
Titanium,Ti,1.5700000000000001,0.96686690499148598
Titanium,Ti,1.575,0.9670727559408846
Titanium,Ti,1.5800000000000001,0.9672767075023706
Titanium,Ti,1.585,0.96747878280854716
Titanium,Ti,1.5900000000000001,0.96767900464347789
Titanium,Ti,1.595,0.9678773954489226
Titanium,Ti,1.6000000000000001,0.96807397733044143
Titanium,Ti,1.605,0.96826877206337825
Titanium,Ti,1.6100000000000001,0.96846180109871449
Titanium,Ti,1.615,0.96865308556881036
Titanium,Ti,1.6200000000000001,0.96884264629302286
Titanium,Ti,1.625,0.9690305037832142
Titanium,Ti,1.6300000000000001,0.96921667824914415
Titanium,Ti,1.635,0.96940118960375654
Titanium,Ti,1.6400000000000001,0.96958405746835596
Titanium,Ti,1.645,0.969765301177685
Titanium,Ti,1.6500000000000001,0.96994493978489338
Titanium,Ti,1.655,0.97012299206641117
Titanium,Ti,1.6600000000000001,0.97029947652672566
Titanium,Ti,1.665,0.97047441140305923
Titanium,Ti,1.6699999999999999,0.9706478146699582
Titanium,Ti,1.675,0.97081970404378726
Titanium,Ti,1.6799999999999999,0.97099009698713845
Titanium,Ti,1.6850000000000001,0.97115901071315069
Titanium,Ti,1.6899999999999999,0.97132646218974406
Titanium,Ti,1.6950000000000001,0.97149246814377488
Titanium,Ti,1.7,0.9716570450651042
Titanium,Ti,1.7050000000000001,0.97182020921059009
Titanium,Ti,1.71,0.97198197660800301
Titanium,Ti,1.7150000000000001,0.97214236305986235
Titanium,Ti,1.72,0.97230138414720035
Titanium,Ti,1.7250000000000001,0.97245905523325371
Titanium,Ti,1.73,0.9726153914670842
Titanium,Ti,1.7350000000000001,0.97277040778712642
Titanium,Ti,1.74,0.97292411892467301
Titanium,Ti,1.7450000000000001,0.97307653940728978
Titanium,Ti,1.75,0.97322768356216627
Titanium,Ti,1.7550000000000001,0.9733775655194018
Titanium,Ti,1.76,0.9735261992152322
Titanium,Ti,1.7650000000000001,0.97367359839519252
Titanium,Ti,1.77,0.97381977661722008
Titanium,Ti,1.7750000000000001,0.97396474725470206
Titanium,Ti,1.78,0.97410852349946275
Titanium,Ti,1.7850000000000001,0.97425111836469669
Titanium,Ti,1.79,0.97439254468784542
Titanium,Ti,1.7949999999999999,0.97453281513342216
Titanium,Ti,1.8,0.97467194219578468
Titanium,Ti,1.8049999999999999,0.9748099382018528
Titanium,Ti,1.8100000000000001,0.97494681531378158
Titanium,Ti,1.8149999999999999,0.97508258553157923
Titanium,Ti,1.8200000000000001,0.97521726069568171
Titanium,Ti,1.825,0.97535085248947684
Titanium,Ti,1.8300000000000001,0.97548337244178418
Titanium,Ti,1.835,0.97561483192928811
Titanium,Ti,1.8400000000000001,0.975745242178927
Titanium,Ti,1.845,0.97587461427024147
Titanium,Ti,1.8500000000000001,0.9760029591376751
Titanium,Ti,1.855,0.97613028757283826
Titanium,Ti,1.8600000000000001,0.97625661022672761
Titanium,Ti,1.865,0.9763819376119095
Titanium,Ti,1.8700000000000001,0.97650628010465967
Titanium,Ti,1.875,0.97662964794706797
Titanium,Ti,1.8800000000000001,0.97675205124910458
Titanium,Ti,1.885,0.97687349999064832
Titanium,Ti,1.8900000000000001,0.97699400402348069
Titanium,Ti,1.895,0.97711357307324398
Titanium,Ti,1.9000000000000001,0.9772322167413624
Titanium,Ti,1.905,0.97734994450693391
Titanium,Ti,1.9100000000000001,0.97746676572858526
Titanium,Ti,1.915,0.97758268964629469
Titanium,Ti,1.9199999999999999,0.97769772538318422
Titanium,Ti,1.925,0.97781188194727919
Titanium,Ti,1.9299999999999999,0.97792516823323794
Titanium,Ti,1.9350000000000001,0.97803759302405113
Titanium,Ti,1.9399999999999999,0.97814916499271198
Titanium,Ti,1.9450000000000001,0.97825989270385694
Titanium,Ti,1.95,0.97836978461537805
Titanium,Ti,1.9550000000000001,0.97847884908000815
Titanium,Ti,1.96,0.97858709434687763
Titanium,Ti,1.9650000000000001,0.97869452856304662
Titanium,Ti,1.97,0.97880115977500859
Titanium,Ti,1.9750000000000001,0.97890699593017028
Titanium,Ti,1.98,0.9790120448783034
Titanium,Ti,1.9850000000000001,0.97911631437297719
Titanium,Ti,1.99,0.97921981207295972
Titanium,Ti,1.9950000000000001,0.97932254554360132
Titanium,Ti,2,0.97942452225819099
Titanium,Ti,2.0049999999999999,0.97952574959929262
Titanium,Ti,2.0100000000000002,0.97962623486005607
Titanium,Ti,2.0150000000000001,0.97972598524550936
Titanium,Ti,2.02,0.97982500787382565
Titanium,Ti,2.0249999999999999,0.97992330977757247
Titanium,Ti,2.0300000000000002,0.98002089790493863
Titanium,Ti,2.0350000000000001,0.98011777912093978
Titanium,Ti,2.04,0.98021396020860618
Titanium,Ti,2.0449999999999999,0.98030944787014929
Titanium,Ti,2.0499999999999998,0.98040424872810927
Titanium,Ti,2.0550000000000002,0.98049836932648482
Titanium,Ti,2.0600000000000001,0.98059181613184221
Titanium,Ti,2.0649999999999999,0.98068459553440801
Titanium,Ti,2.0699999999999998,0.980776713849144
Titanium,Ti,2.0750000000000002,0.98086817731680265
Titanium,Ti,2.0800000000000001,0.98095899210496895
Titanium,Ti,2.085,0.98104916430908051
Titanium,Ti,2.0899999999999999,0.98113869995343439
Titanium,Ti,2.0950000000000002,0.98122760499217898
Titanium,Ti,2.1000000000000001,0.98131588531028602
Titanium,Ti,2.105,0.98140354672450891
Titanium,Ti,2.1099999999999999,0.98149059498432578
Titanium,Ti,2.1150000000000002,0.98157703577286781
Titanium,Ti,2.1200000000000001,0.98166287470783187
Titanium,Ti,2.125,0.98174811734237821
Titanium,Ti,2.1299999999999999,0.98183276916601625
Titanium,Ti,2.1350000000000002,0.98191683560547272
Titanium,Ti,2.1400000000000001,0.98200032202554832
Titanium,Ti,2.145,0.98208323372996176
Titanium,Ti,2.1499999999999999,0.98216557596217757
Titanium,Ti,2.1550000000000002,0.98224735390622397
Titanium,Ti,2.1600000000000001,0.98232857268749396
Titanium,Ti,2.165,0.98240923737353947
Titanium,Ti,2.1699999999999999,0.98248935297484774
Titanium,Ti,2.1750000000000003,0.98256892444560828
Titanium,Ti,2.1800000000000002,0.98264795668446758
Titanium,Ti,2.1850000000000001,0.98272645453527108
Titanium,Ti,2.1899999999999999,0.98280442278779623
Titanium,Ti,2.1949999999999998,0.98288186617847073
Titanium,Ti,2.2000000000000002,0.98295878939108117
Titanium,Ti,2.2050000000000001,0.98303519705747244
Titanium,Ti,2.21,0.98311109375823402
Titanium,Ti,2.2149999999999999,0.98318648402337561
Titanium,Ti,2.2200000000000002,0.98326137233299638
Titanium,Ti,2.2250000000000001,0.98333576311793702
Titanium,Ti,2.23,0.98340966076042946
Titanium,Ti,2.2349999999999999,0.98348306959473164
Titanium,Ti,2.2400000000000002,0.98355599390775228
Titanium,Ti,2.2450000000000001,0.98362843793967225
Titanium,Ti,2.25,0.98370040588454732
Titanium,Ti,2.2549999999999999,0.98377190189091135
Titanium,Ti,2.2600000000000002,0.98384293006236212
Titanium,Ti,2.2650000000000001,0.98391349445814591
Titanium,Ti,2.27,0.98398359909372579
Titanium,Ti,2.2749999999999999,0.98405324794134685
Titanium,Ti,2.2800000000000002,0.98412244493059164
Titanium,Ti,2.2850000000000001,0.98419119394892596
Titanium,Ti,2.29,0.98425949884223884
Titanium,Ti,2.2949999999999999,0.98432736341537141
Titanium,Ti,2.3000000000000003,0.98439479143264164
Titanium,Ti,2.3050000000000002,0.98446178661835726
Titanium,Ti,2.3100000000000001,0.98452835265732552
Titanium,Ti,2.3149999999999999,0.98459449319535242
Titanium,Ti,2.3199999999999998,0.98466021183973396
Titanium,Ti,2.3250000000000002,0.98472551215974213
Titanium,Ti,2.3300000000000001,0.98479039768710752
Titanium,Ti,2.335,0.98485487191648335
Titanium,Ti,2.3399999999999999,0.9849189383059147
Titanium,Ti,2.3450000000000002,0.98498260027729589
Titanium,Ti,2.3500000000000001,0.98504586121682136
Titanium,Ti,2.355,0.98510872447542852
Titanium,Ti,2.3599999999999999,0.98517119336923853
Titanium,Ti,2.3650000000000002,0.9852332711799856
Titanium,Ti,2.3700000000000001,0.98529496115544535
Titanium,Ti,2.375,0.98535626650985086
Titanium,Ti,2.3799999999999999,0.98541719042431131
Titanium,Ti,2.3850000000000002,0.98547773604721356
Titanium,Ti,2.3900000000000001,0.9855379064946268
Titanium,Ti,2.395,0.9855977048506992
Titanium,Ti,2.3999999999999999,0.98565713416805034
Titanium,Ti,2.4050000000000002,0.98571619746814865
Titanium,Ti,2.4100000000000001,0.98577489774169802
Titanium,Ti,2.415,0.98583323794900979
Titanium,Ti,2.4199999999999999,0.98589122102037008
Titanium,Ti,2.4250000000000003,0.98594884985640519
Titanium,Ti,2.4300000000000002,0.9860061273284384
Titanium,Ti,2.4350000000000001,0.98606305627884527
Titanium,Ti,2.4399999999999999,0.98611963952139947
Titanium,Ti,2.4449999999999998,0.98617587984161936
Titanium,Ti,2.4500000000000002,0.98623177999710665
Titanium,Ti,2.4550000000000001,0.98628734271787621
Titanium,Ti,2.46,0.98634257070669051
Titanium,Ti,2.4649999999999999,0.98639746663938321
Titanium,Ti,2.4700000000000002,0.98645203316517904
Titanium,Ti,2.4750000000000001,0.98650627290700788
Titanium,Ti,2.48,0.98656018846182014
Titanium,Ti,2.4849999999999999,0.98661378240089137
Titanium,Ti,2.4900000000000002,0.98666705727012605
Titanium,Ti,2.4950000000000001,0.98672001559035827
Titanium,Ti,2.5,0.98677265985764373
Titanium,Ti,2.5049999999999999,0.98682499254355149
Titanium,Ti,2.5100000000000002,0.98687701609545264
Titanium,Ti,2.5150000000000001,0.9869287329368005
Titanium,Ti,2.52,0.9869801454674122
Titanium,Ti,2.5249999999999999,0.98703125606374198
Titanium,Ti,2.5300000000000002,0.98708206707915602
Titanium,Ti,2.5350000000000001,0.98713258084419475
Titanium,Ti,2.54,0.98718279966684364
Titanium,Ti,2.5449999999999999,0.98723272583279009
Titanium,Ti,2.5500000000000003,0.98728236160568095
Titanium,Ti,2.5550000000000002,0.98733170922737767
Titanium,Ti,2.5600000000000001,0.98738077091820609
Titanium,Ti,2.5649999999999999,0.98742954887720324
Titanium,Ti,2.5699999999999998,0.98747804528236238
Titanium,Ti,2.5750000000000002,0.98752626229087148
Titanium,Ti,2.5800000000000001,0.98757420203935287
Titanium,Ti,2.585,0.98762186664409557
Titanium,Ti,2.5899999999999999,0.98766925820128848
Titanium,Ti,2.5950000000000002,0.98771637878724516
Titanium,Ti,2.6000000000000001,0.98776323045863335
Titanium,Ti,2.605,0.98780981525269396
Titanium,Ti,2.6099999999999999,0.98785613518745974
Titanium,Ti,2.6150000000000002,0.98790219226197429
Titanium,Ti,2.6200000000000001,0.98794798845650411
Titanium,Ti,2.625,0.98799352573274857
Titanium,Ti,2.6299999999999999,0.98803880603404903
Titanium,Ti,2.6350000000000002,0.9880838312855954
Titanium,Ti,2.6400000000000001,0.98812860339462449
Titanium,Ti,2.645,0.98817312425062431
Titanium,Ti,2.6499999999999999,0.98821739572552836
Titanium,Ti,2.6550000000000002,0.98826141967391301
Titanium,Ti,2.6600000000000001,0.98830519793318872
Titanium,Ti,2.665,0.98834873232378839
Titanium,Ti,2.6699999999999999,0.98839202464935705
Titanium,Ti,2.6750000000000003,0.98843507669693731
Titanium,Ti,2.6800000000000002,0.98847789023714761
Titanium,Ti,2.6850000000000001,0.98852046702436813
Titanium,Ti,2.6899999999999999,0.98856280879691583
Titanium,Ti,2.6949999999999998,0.98860491727721878
Titanium,Ti,2.7000000000000002,0.98864679417199441
Titanium,Ti,2.7050000000000001,0.98868844117241517
Titanium,Ti,2.71,0.98872985995428142
Titanium,Ti,2.7149999999999999,0.98877105217818784
Titanium,Ti,2.7200000000000002,0.98881201948968744
Titanium,Ti,2.7250000000000001,0.98885276351945439
Titanium,Ti,2.73,0.98889328588344561
Titanium,Ti,2.7349999999999999,0.98893358818305854
Titanium,Ti,2.7400000000000002,0.98897367200528941
Titanium,Ti,2.7450000000000001,0.98901353892288502
Titanium,Ti,2.75,0.9890531904945008
Titanium,Ti,2.7549999999999999,0.98909262826484501
Titanium,Ti,2.7600000000000002,0.98913185376483459
Titanium,Ti,2.7650000000000001,0.98917086851173652
Titanium,Ti,2.77,0.98920967400931747
Titanium,Ti,2.7749999999999999,0.98924827174798469
Titanium,Ti,2.7800000000000002,0.98928666320492986
Titanium,Ti,2.7850000000000001,0.98932484984426872
Titanium,Ti,2.79,0.9893628331171771
Titanium,Ti,2.7949999999999999,0.98940061446203065
Titanium,Ti,2.8000000000000003,0.98943819530453891
Titanium,Ti,2.8050000000000002,0.98947557705787748
Titanium,Ti,2.8100000000000001,0.98951276112282038
Titanium,Ti,2.8149999999999999,0.98954974888787117
Titanium,Ti,2.8199999999999998,0.98958654172938976
Titanium,Ti,2.8250000000000002,0.98962314101172066
Titanium,Ti,2.8300000000000001,0.98965954808731815
Titanium,Ti,2.835,0.98969576429686745
Titanium,Ti,2.8399999999999999,0.989731790969412
Titanium,Ti,2.8450000000000002,0.98976762942247221
Titanium,Ti,2.8500000000000001,0.9898032809621623
Titanium,Ti,2.855,0.98983874688331164
Titanium,Ti,2.8599999999999999,0.98987402846958028
Titanium,Ti,2.8650000000000002,0.98990912699357381
Titanium,Ti,2.8700000000000001,0.98994404371695677
Titanium,Ti,2.875,0.98997877989056715
Titanium,Ti,2.8799999999999999,0.99001333675452474
Titanium,Ti,2.8850000000000002,0.99004771553834214
Titanium,Ti,2.8900000000000001,0.99008191746103436
Titanium,Ti,2.895,0.99011594373122391
Titanium,Ti,2.8999999999999999,0.99014979554724758
Titanium,Ti,2.9050000000000002,0.99018347409726237
Titanium,Ti,2.9100000000000001,0.99021698055934515
Titanium,Ti,2.915,0.99025031610160119
Titanium,Ti,2.9199999999999999,0.99028348188225768
Titanium,Ti,2.9250000000000003,0.99031647904976838
Titanium,Ti,2.9300000000000002,0.99034930874291294
Titanium,Ti,2.9350000000000001,0.99038197209089052
Titanium,Ti,2.9399999999999999,0.99041447021341689
Titanium,Ti,2.9449999999999998,0.99044680422082387
Titanium,Ti,2.9500000000000002,0.99047897521414907
Titanium,Ti,2.9550000000000001,0.99051098428522877
Titanium,Ti,2.96,0.99054283251679309
Titanium,Ti,2.9649999999999999,0.99057452098255372
Titanium,Ti,2.9700000000000002,0.99060605074729602
Titanium,Ti,2.9750000000000001,0.99063742286696599
Titanium,Ti,2.98,0.99066863838875863
Titanium,Ti,2.9849999999999999,0.9906996983512063
Titanium,Ti,2.9900000000000002,0.99073060378425959
Titanium,Ti,2.9950000000000001,0.99076135570937884
Titanium,Ti,3,0.99079195513961171
Titanium,Ti,3.0049999999999999,0.99082240307968017
Titanium,Ti,3.0100000000000002,0.99085270052606111
Titanium,Ti,3.0150000000000001,0.99088284846706576
Titanium,Ti,3.02,0.99091284788292078
Titanium,Ti,3.0249999999999999,0.99094269974584792
Titanium,Ti,3.0300000000000002,0.99097240502014272
Titanium,Ti,3.0350000000000001,0.99100196466224977
Titanium,Ti,3.04,0.99103137962084009
Titanium,Ti,3.0449999999999999,0.99106065083688677
Titanium,Ti,3.0500000000000003,0.99108977924373975
Titanium,Ti,3.0550000000000002,0.99111876576720004
Titanium,Ti,3.0600000000000001,0.99114761132559115
Titanium,Ti,3.0649999999999999,0.99117631682983331
Titanium,Ti,3.0700000000000003,0.99120488318351352
Titanium,Ti,3.0750000000000002,0.99123331128295766
Titanium,Ti,3.0800000000000001,0.99126160201729718
Titanium,Ti,3.085,0.99128975626854265
Titanium,Ti,3.0899999999999999,0.99131777491164741
Titanium,Ti,3.0950000000000002,0.99134565881457726
Titanium,Ti,3.1000000000000001,0.99137340883837866
Titanium,Ti,3.105,0.99140102583724166
Titanium,Ti,3.1099999999999999,0.9914285106585683
Titanium,Ti,3.1150000000000002,0.99145586414303277
Titanium,Ti,3.1200000000000001,0.99148308712465083
Titanium,Ti,3.125,0.99151018043083905
Titanium,Ti,3.1299999999999999,0.99153714488247724
Titanium,Ti,3.1350000000000002,0.99156398129397272
Titanium,Ti,3.1400000000000001,0.99159069047332049
Titanium,Ti,3.145,0.9916172732221602
Titanium,Ti,3.1499999999999999,0.99164373033584174
Titanium,Ti,3.1550000000000002,0.99167006260347901
Titanium,Ti,3.1600000000000001,0.99169627080801181
Titanium,Ti,3.165,0.99172235572626399
Titanium,Ti,3.1699999999999999,0.99174831812899489
Titanium,Ti,3.1750000000000003,0.99177415878096498
Titanium,Ti,3.1800000000000002,0.99179987844098327
Titanium,Ti,3.1850000000000001,0.99182547786196851
Titanium,Ti,3.1899999999999999,0.99185095779100052
Titanium,Ti,3.1950000000000003,0.991876318969375
Titanium,Ti,3.2000000000000002,0.99190156213266023
Titanium,Ti,3.2050000000000001,0.99192668801074424
Titanium,Ti,3.21,0.9919516973278929
Titanium,Ti,3.2149999999999999,0.99197659080279754
Titanium,Ti,3.2200000000000002,0.99200136914862902
Titanium,Ti,3.2250000000000001,0.9920260330730859
Titanium,Ti,3.23,0.99205058327844886
Titanium,Ti,3.2349999999999999,0.99207502046162543
Titanium,Ti,3.2400000000000002,0.99209934531420163
Titanium,Ti,3.2450000000000001,0.99212355852249179
Titanium,Ti,3.25,0.99214766076758243
Titanium,Ti,3.2549999999999999,0.9921716527253861
Titanium,Ti,3.2600000000000002,0.99219553506668146
Titanium,Ti,3.2650000000000001,0.9922193084571661
Titanium,Ti,3.27,0.99224297355749835
Titanium,Ti,3.2749999999999999,0.9922665310233445
Titanium,Ti,3.2800000000000002,0.9922899815054248
Titanium,Ti,3.2850000000000001,0.99231332564955532
Titanium,Ti,3.29,0.99233656409669724
Titanium,Ti,3.2949999999999999,0.99235969748299258
Titanium,Ti,3.3000000000000003,0.9923827264398174
Titanium,Ti,3.3050000000000002,0.99240565159381489
Titanium,Ti,3.3100000000000001,0.99242847356694397
Titanium,Ti,3.3149999999999999,0.99245119297652173
Titanium,Ti,3.3200000000000003,0.99247381043525784
Titanium,Ti,3.3250000000000002,0.99249632655130549
Titanium,Ti,3.3300000000000001,0.99251874192829315
Titanium,Ti,3.335,0.99254105716537033
Titanium,Ti,3.3399999999999999,0.99256327285724544
Titanium,Ti,3.3450000000000002,0.99258538959422526
Titanium,Ti,3.3500000000000001,0.99260740796225355
Titanium,Ti,3.355,0.99262932854295038
Titanium,Ti,3.3599999999999999,0.9926511519136505
Titanium,Ti,3.3650000000000002,0.99267287864744014
Titanium,Ti,3.3700000000000001,0.99269450931319458
Titanium,Ti,3.375,0.99271604447561623
Titanium,Ti,3.3799999999999999,0.9927374846952699
Titanium,Ti,3.3850000000000002,0.99275883052862024
Titanium,Ti,3.3900000000000001,0.99278008252806571
Titanium,Ti,3.395,0.99280124124197699
Titanium,Ti,3.3999999999999999,0.99282230721473053
Titanium,Ti,3.4050000000000002,0.99284328098674246
Titanium,Ti,3.4100000000000001,0.99286416309450454
Titanium,Ti,3.415,0.99288495407061839
Titanium,Ti,3.4199999999999999,0.9929056544438275
Titanium,Ti,3.4250000000000003,0.99292626473905155
Titanium,Ti,3.4300000000000002,0.99294678547742143
Titanium,Ti,3.4350000000000001,0.99296721717630931
Titanium,Ti,3.4399999999999999,0.99298756034936086
Titanium,Ti,3.4450000000000003,0.9930078155065305
Titanium,Ti,3.4500000000000002,0.99302798315411045
Titanium,Ti,3.4550000000000001,0.99304806379476174
Titanium,Ti,3.46,0.99306805792754782
Titanium,Ti,3.4649999999999999,0.99308796604796412
Titanium,Ti,3.4700000000000002,0.99310778864796945
Titanium,Ti,3.4750000000000001,0.99312752621601208
Titanium,Ti,3.48,0.99314717923706497
Titanium,Ti,3.4849999999999999,0.9931667481926546
Titanium,Ti,3.4900000000000002,0.99318623356088775
Titanium,Ti,3.4950000000000001,0.9932056358164808
Titanium,Ti,3.5,0.99322495543079126
Titanium,Ti,3.5049999999999999,0.99324419287184285
Titanium,Ti,3.5100000000000002,0.99326334860435694
Titanium,Ti,3.5150000000000001,0.99328242308977877
Titanium,Ti,3.52,0.99330141678630257
Titanium,Ti,3.5249999999999999,0.99332033014890531
Titanium,Ti,3.5300000000000002,0.99333916362936658
Titanium,Ti,3.5350000000000001,0.99335791767630122
Titanium,Ti,3.54,0.99337659273518308
Titanium,Ti,3.5449999999999999,0.99339518924836978
Titanium,Ti,3.5500000000000003,0.99341370765513337
Titanium,Ti,3.5550000000000002,0.99343214839168237
Titanium,Ti,3.5600000000000001,0.99345051189118783
Titanium,Ti,3.5649999999999999,0.99346879858381099
Titanium,Ti,3.5700000000000003,0.99348700889672537
Titanium,Ti,3.5750000000000002,0.99350514325414152
Titanium,Ti,3.5800000000000001,0.99352320207733535
Titanium,Ti,3.585,0.99354118578466954
Titanium,Ti,3.5899999999999999,0.99355909479161642
Titanium,Ti,3.5950000000000002,0.99357692951078491
Titanium,Ti,3.6000000000000001,0.99359469035194314
Titanium,Ti,3.605,0.9936123777220407
Titanium,Ti,3.6099999999999999,0.99362999202523161
Titanium,Ti,3.6150000000000002,0.99364753366290071
Titanium,Ti,3.6200000000000001,0.99366500303368233
Titanium,Ti,3.625,0.99368240053348478
Titanium,Ti,3.6299999999999999,0.9936997265555132
Titanium,Ti,3.6350000000000002,0.99371698149028931
Titanium,Ti,3.6400000000000001,0.99373416572567641
Titanium,Ti,3.645,0.99375127964689713
Titanium,Ti,3.6499999999999999,0.99376832363656131
Titanium,Ti,3.6550000000000002,0.99378529807467886
Titanium,Ti,3.6600000000000001,0.99380220333868774
Titanium,Ti,3.665,0.99381903980347208
Titanium,Ti,3.6699999999999999,0.99383580784138148
Titanium,Ti,3.6750000000000003,0.99385250782225532
Titanium,Ti,3.6800000000000002,0.9938691401134393
Titanium,Ti,3.6850000000000001,0.99388570507980811
Titanium,Ti,3.6899999999999999,0.99390220308378352
Titanium,Ti,3.6950000000000003,0.99391863448535489
Titanium,Ti,3.7000000000000002,0.99393499964209897
Titanium,Ti,3.7050000000000001,0.99395129890919798
Titanium,Ti,3.71,0.99396753263946191
Titanium,Ti,3.7149999999999999,0.993983701183343
Titanium,Ti,3.7200000000000002,0.99399980488895978
Titanium,Ti,3.7250000000000001,0.99401584410210886
Titanium,Ti,3.73,0.99403181916629213
Titanium,Ti,3.7349999999999999,0.99404773042272687
Titanium,Ti,3.7400000000000002,0.99406357821036884
Titanium,Ti,3.7450000000000001,0.99407936286592757
Titanium,Ti,3.75,0.99409508472388775
Titanium,Ti,3.7549999999999999,0.99411074411652234
Titanium,Ti,3.7600000000000002,0.9941263413739122
Titanium,Ti,3.7650000000000001,0.99414187682396482
Titanium,Ti,3.77,0.99415735079242951
Titanium,Ti,3.7749999999999999,0.99417276360291262
Titanium,Ti,3.7800000000000002,0.99418811557690168
Titanium,Ti,3.7850000000000001,0.9942034070337723
Titanium,Ti,3.79,0.99421863829081103
Titanium,Ti,3.7949999999999999,0.99423380966323183
Titanium,Ti,3.8000000000000003,0.99424892146418853
Titanium,Ti,3.8050000000000002,0.99426397400479338
Titanium,Ti,3.8100000000000001,0.99427896759413392
Titanium,Ti,3.8149999999999999,0.99429390253928596
Titanium,Ti,3.8200000000000003,0.99430877914533156
Titanium,Ti,3.8250000000000002,0.99432359771537493
Titanium,Ti,3.8300000000000001,0.9943383585505543
Titanium,Ti,3.835,0.99435306195006024
Titanium,Ti,3.8399999999999999,0.99436770821115161
Titanium,Ti,3.8450000000000002,0.99438229762916575
Titanium,Ti,3.8500000000000001,0.99439683049753969
Titanium,Ti,3.855,0.99441130710782066
Titanium,Ti,3.8599999999999999,0.99442572774967908
Titanium,Ti,3.8650000000000002,0.9944400927109297
Titanium,Ti,3.8700000000000001,0.99445440227753767
Titanium,Ti,3.875,0.9944686567336396
Titanium,Ti,3.8799999999999999,0.9944828563615532
Titanium,Ti,3.8850000000000002,0.99449700144179265
Titanium,Ti,3.8900000000000001,0.99451109225308498
Titanium,Ti,3.895,0.99452512907237633
Titanium,Ti,3.8999999999999999,0.99453911217485513
Titanium,Ti,3.9050000000000002,0.99455304183395743
Titanium,Ti,3.9100000000000001,0.99456691832138655
Titanium,Ti,3.915,0.99458074190711998
Titanium,Ti,3.9199999999999999,0.99459451285942868
Titanium,Ti,3.9250000000000003,0.99460823144488586
Titanium,Ti,3.9300000000000002,0.99462189792838018
Titanium,Ti,3.9350000000000001,0.9946355125731301
Titanium,Ti,3.9399999999999999,0.99464907564069727
Titanium,Ti,3.9450000000000003,0.994662587390995
Titanium,Ti,3.9500000000000002,0.9946760480823047
Titanium,Ti,3.9550000000000001,0.99468945797128638
Titanium,Ti,3.96,0.99470281731299148
Titanium,Ti,3.9650000000000003,0.99471612636087292
Titanium,Ti,3.9700000000000002,0.99472938536680111
Titanium,Ti,3.9750000000000001,0.99474259458107173
Titanium,Ti,3.98,0.99475575425241924
Titanium,Ti,3.9849999999999999,0.99476886462803016
Titanium,Ti,3.9900000000000002,0.99478192595355142
Titanium,Ti,3.9950000000000001,0.99479493847310307
Titanium,Ti,4,0.99480790242929118
Titanium,Ti,4.0049999999999999,0.99482081806321621
Titanium,Ti,4.0099999999999998,0.99483368561448837
Titanium,Ti,4.0149999999999997,0.99484650532123331
Titanium,Ti,4.0200000000000005,0.9948592774201086
Titanium,Ti,4.0250000000000004,0.99487200214630889
Titanium,Ti,4.0300000000000002,0.99488467973358186
Titanium,Ti,4.0350000000000001,0.99489731041423701
Titanium,Ti,4.04,0.99490989441915412
Titanium,Ti,4.0449999999999999,0.99492243197779751
Titanium,Ti,4.0499999999999998,0.99493492331822286
Titanium,Ti,4.0549999999999997,0.99494736866709077
Titanium,Ti,4.0600000000000005,0.9949597682496758
Titanium,Ti,4.0650000000000004,0.99497212228987453
Titanium,Ti,4.0700000000000003,0.99498443101021761
Titanium,Ti,4.0750000000000002,0.99499669463188245
Titanium,Ti,4.0800000000000001,0.99500891337469699
Titanium,Ti,4.085,0.99502108745715279
Titanium,Ti,4.0899999999999999,0.99503321709641745
Titanium,Ti,4.0949999999999998,0.99504530250833922
Titanium,Ti,4.0999999999999996,0.99505734390745859
Titanium,Ti,4.1050000000000004,0.9950693415070202
Titanium,Ti,4.1100000000000003,0.99508129551897806
Titanium,Ti,4.1150000000000002,0.99509320615400754
Titanium,Ti,4.1200000000000001,0.99510507362151501
Titanium,Ti,4.125,0.99511689812964355
Titanium,Ti,4.1299999999999999,0.9951286798852863
Titanium,Ti,4.1349999999999998,0.99514041909409368
Titanium,Ti,4.1399999999999997,0.99515211596048203
Titanium,Ti,4.1450000000000005,0.9951637706876415
Titanium,Ti,4.1500000000000004,0.9951753834775483
Titanium,Ti,4.1550000000000002,0.99518695453096861
Titanium,Ti,4.1600000000000001,0.99519848404747246
Titanium,Ti,4.165,0.99520997222543739
Titanium,Ti,4.1699999999999999,0.99522141926206065
Titanium,Ti,4.1749999999999998,0.99523282535336544
Titanium,Ti,4.1799999999999997,0.99524419069420988
Titanium,Ti,4.1850000000000005,0.99525551547829638
Titanium,Ti,4.1900000000000004,0.99526679989817779
Titanium,Ti,4.1950000000000003,0.99527804414526733
Titanium,Ti,4.2000000000000002,0.99528924840984578
Titanium,Ti,4.2050000000000001,0.99530041288106974
Titanium,Ti,4.21,0.99531153774697978
Titanium,Ti,4.2149999999999999,0.99532262319450782
Titanium,Ti,4.2199999999999998,0.99533366940948498
Titanium,Ti,4.2249999999999996,0.99534467657665127
Titanium,Ti,4.2300000000000004,0.99535564487965889
Titanium,Ti,4.2350000000000003,0.99536657450108479
Titanium,Ti,4.2400000000000002,0.99537746562243523
Titanium,Ti,4.2450000000000001,0.99538831842415498
Titanium,Ti,4.25,0.99539913308563155
Titanium,Ti,4.2549999999999999,0.99540990978520771
Titanium,Ti,4.2599999999999998,0.99542064870018476
Titanium,Ti,4.2649999999999997,0.9954313500068307
Titanium,Ti,4.2700000000000005,0.99544201388038844
Titanium,Ti,4.2750000000000004,0.9954526404950812
Titanium,Ti,4.2800000000000002,0.99546323002412318
Titanium,Ti,4.2850000000000001,0.99547378263972208
Titanium,Ti,4.29,0.9954842985130874
Titanium,Ti,4.2949999999999999,0.99549477781444007
Titanium,Ti,4.2999999999999998,0.9955052207130165
Titanium,Ti,4.3049999999999997,0.99551562737707588
Titanium,Ti,4.3100000000000005,0.99552599797390784
Titanium,Ti,4.3150000000000004,0.99553633266983721
Titanium,Ti,4.3200000000000003,0.99554663163023394
Titanium,Ti,4.3250000000000002,0.99555689501951705
Titanium,Ti,4.3300000000000001,0.99556712300116146
Titanium,Ti,4.335,0.99557731573770514
Titanium,Ti,4.3399999999999999,0.99558747339075426
Titanium,Ti,4.3449999999999998,0.99559759612099386
Titanium,Ti,4.3500000000000005,0.99560768408818612
Titanium,Ti,4.3550000000000004,0.99561773745118676
Titanium,Ti,4.3600000000000003,0.99562775636794076
Titanium,Ti,4.3650000000000002,0.9956377409954984
Titanium,Ti,4.3700000000000001,0.99564769149001386
Titanium,Ti,4.375,0.9956576080067544
Titanium,Ti,4.3799999999999999,0.99566749070010729
Titanium,Ti,4.3849999999999998,0.9956773397235843
Titanium,Ti,4.3899999999999997,0.99568715522982765
Titanium,Ti,4.3950000000000005,0.99569693737061549
Titanium,Ti,4.4000000000000004,0.99570668629687198
Titanium,Ti,4.4050000000000002,0.99571640215866497
Titanium,Ti,4.4100000000000001,0.99572608510522009
Titanium,Ti,4.415,0.99573573528492076
Titanium,Ti,4.4199999999999999,0.99574535284531673
Titanium,Ti,4.4249999999999998,0.99575493793312897
Titanium,Ti,4.4299999999999997,0.99576449069425532
Titanium,Ti,4.4350000000000005,0.99577401127377452
Titanium,Ti,4.4400000000000004,0.99578349981595449
Titanium,Ti,4.4450000000000003,0.9957929564642557
Titanium,Ti,4.4500000000000002,0.99580238136133725
Titanium,Ti,4.4550000000000001,0.99581177464906201
Titanium,Ti,4.46,0.99582113646850257
Titanium,Ti,4.4649999999999999,0.99583046695994637
Titanium,Ti,4.4699999999999998,0.99583976626289927
Titanium,Ti,4.4750000000000005,0.99584903451609308
Titanium,Ti,4.4800000000000004,0.99585827185748976
Titanium,Ti,4.4850000000000003,0.99586747842428569
Titanium,Ti,4.4900000000000002,0.99587665435291861
Titanium,Ti,4.4950000000000001,0.99588579977907199
Titanium,Ti,4.5,0.99589491483767734
Titanium,Ti,4.5049999999999999,0.99590399966292398
Titanium,Ti,4.5099999999999998,0.99591305438825994
Titanium,Ti,4.5149999999999997,0.9959220791464003
Titanium,Ti,4.5200000000000005,0.99593107406932668
Titanium,Ti,4.5250000000000004,0.99594003928829944
Titanium,Ti,4.5300000000000002,0.99594897493385481
Titanium,Ti,4.5350000000000001,0.99595788113581685
Titanium,Ti,4.54,0.99596675802329582
Titanium,Ti,4.5449999999999999,0.99597560572469646
Titanium,Ti,4.5499999999999998,0.99598442436772316
Titanium,Ti,4.5549999999999997,0.99599321407938068
Titanium,Ti,4.5600000000000005,0.99600197498598397
Titanium,Ti,4.5650000000000004,0.99601070721315743
Titanium,Ti,4.5700000000000003,0.99601941088584378
Titanium,Ti,4.5750000000000002,0.99602808612830551
Titanium,Ti,4.5800000000000001,0.99603673306413032
Titanium,Ti,4.585,0.99604535181623666
Titanium,Ti,4.5899999999999999,0.99605394250687584
Titanium,Ti,4.5949999999999998,0.99606250525763984
Titanium,Ti,4.6000000000000005,0.99607104018945969
Titanium,Ti,4.6050000000000004,0.99607954742261651
Titanium,Ti,4.6100000000000003,0.99608802707674038
Titanium,Ti,4.6150000000000002,0.99609647927081901
Titanium,Ti,4.6200000000000001,0.9961049041231983
Titanium,Ti,4.625,0.99611330175158652
Titanium,Ti,4.6299999999999999,0.99612167227306192
Titanium,Ti,4.6349999999999998,0.99613001580407312
Titanium,Ti,4.6399999999999997,0.99613833246044536
Titanium,Ti,4.6450000000000005,0.99614662235738383
Titanium,Ti,4.6500000000000004,0.99615488560947674
Titanium,Ti,4.6550000000000002,0.99616312233069959
Titanium,Ti,4.6600000000000001,0.99617133263442215
Titanium,Ti,4.665,0.99617951663340687
Titanium,Ti,4.6699999999999999,0.99618767443981793
Titanium,Ti,4.6749999999999998,0.99619580616522074
Titanium,Ti,4.6799999999999997,0.99620391192058821
Titanium,Ti,4.6850000000000005,0.9962119918163066
Titanium,Ti,4.6900000000000004,0.99622004596217295
Titanium,Ti,4.6950000000000003,0.99622807446740524
Titanium,Ti,4.7000000000000002,0.9962360774406428
Titanium,Ti,4.7050000000000001,0.99624405498995039
Titanium,Ti,4.71,0.99625200722282148
Titanium,Ti,4.7149999999999999,0.99625993424618331
Titanium,Ti,4.7199999999999998,0.99626783616640147
Titanium,Ti,4.7250000000000005,0.99627571308927632
Titanium,Ti,4.7300000000000004,0.99628356512005722
Titanium,Ti,4.7350000000000003,0.99629139236343833
Titanium,Ti,4.7400000000000002,0.99629919492356334
Titanium,Ti,4.7450000000000001,0.99630697290403281
Titanium,Ti,4.75,0.99631472640790242
Titanium,Ti,4.7549999999999999,0.99632245553768894
Titanium,Ti,4.7599999999999998,0.99633016039537359
Titanium,Ti,4.7649999999999997,0.99633784108240553
Titanium,Ti,4.7700000000000005,0.99634549769970548
Titanium,Ti,4.7750000000000004,0.99635313034766781
Titanium,Ti,4.7800000000000002,0.99636073912616308
Titanium,Ti,4.7850000000000001,0.99636832413454379
Titanium,Ti,4.79,0.99637588547164746
Titanium,Ti,4.7949999999999999,0.99638342323579598
Titanium,Ti,4.7999999999999998,0.99639093752480545
Titanium,Ti,4.8049999999999997,0.99639842843598192
Titanium,Ti,4.8100000000000005,0.9964058960661305
Titanium,Ti,4.8150000000000004,0.99641334051155428
Titanium,Ti,4.8200000000000003,0.99642076186806128
Titanium,Ti,4.8250000000000002,0.99642816023096492
Titanium,Ti,4.8300000000000001,0.99643553569508536
Titanium,Ti,4.835,0.9964428883547588
Titanium,Ti,4.8399999999999999,0.99645021830383229
Titanium,Ti,4.8449999999999998,0.9964575256356748
Titanium,Ti,4.8500000000000005,0.99646481044317337
Titanium,Ti,4.8550000000000004,0.99647207281874195
Titanium,Ti,4.8600000000000003,0.99647931285431746
Titanium,Ti,4.8650000000000002,0.99648653064137027
Titanium,Ti,4.8700000000000001,0.99649372627090138
Titanium,Ti,4.875,0.99650089983344781
Titanium,Ti,4.8799999999999999,0.99650805141908549
Titanium,Ti,4.8849999999999998,0.99651518111743109
Titanium,Ti,4.8899999999999997,0.99652228901764461
Titanium,Ti,4.8950000000000005,0.99652937520843421
Titanium,Ti,4.9000000000000004,0.9965364397780565
Titanium,Ti,4.9050000000000002,0.99654348281432015
Titanium,Ti,4.9100000000000001,0.9965505044045907
Titanium,Ti,4.915,0.99655750463578952
Titanium,Ti,4.9199999999999999,0.99656448359439898
Titanium,Ti,4.9249999999999998,0.99657144136646325
Titanium,Ti,4.9299999999999997,0.99657837803759519
Titanium,Ti,4.9350000000000005,0.99658529369297255
Titanium,Ti,4.9400000000000004,0.99659218841734687
Titanium,Ti,4.9450000000000003,0.99659906229504081
Titanium,Ti,4.9500000000000002,0.99660591540995513
Titanium,Ti,4.9550000000000001,0.99661274784556775
Titanium,Ti,4.96,0.99661955968493865
Titanium,Ti,4.9649999999999999,0.99662635101071106
Titanium,Ti,4.9699999999999998,0.99663312190511444
Titanium,Ti,4.9750000000000005,0.99663987244996677
Titanium,Ti,4.9800000000000004,0.99664660272667782
Titanium,Ti,4.9850000000000003,0.99665331281625036
Titanium,Ti,4.9900000000000002,0.9966600027992828
Titanium,Ti,4.9950000000000001,0.9966666727559722
Titanium,Ti,5,0.9966733227661182
Aluminium,Al,0,0
Aluminium,Al,0.0050000000000000001,5.5355861069469165e-83
Aluminium,Al,0.01,3.720075976020852e-40
Aluminium,Al,0.014999999999999999,4.9528140348459327e-26
Aluminium,Al,0.02,4.821874619909798e-19
Aluminium,Al,0.025000000000000001,6.7973668084665601e-15
Aluminium,Al,0.029999999999999999,3.7091531059611433e-12
Aluminium,Al,0.035000000000000003,3.1874996271057826e-10
Aluminium,Al,0.040000000000000001,8.6799649158436051e-09
Aluminium,Al,0.044999999999999998,1.1030278702227049e-07
Aluminium,Al,0.050000000000000003,8.2446145237410601e-07
Aluminium,Al,0.055,4.1976992981356958e-06
Aluminium,Al,0.059999999999999998,1.6049303297407637e-05
Aluminium,Al,0.065000000000000002,4.9285583186326874e-05
Aluminium,Al,0.070000000000000007,0.00012752565956825526
Aluminium,Al,0.074999999999999997,0.00028792925129118109
Aluminium,Al,0.080000000000000002,0.00058229389814401088
Aluminium,Al,0.085000000000000006,0.0010760242406616649
Aluminium,Al,0.089999999999999997,0.0018451586742078505
Aluminium,Al,0.095000000000000001,0.0029720439284188168
Aluminium,Al,0.10000000000000001,0.0045404052350475413
Aluminium,Al,0.105,0.0066305104988347808
Aluminium,Al,0.11,0.0093149570976208788
Aluminium,Al,0.115,0.012655400709885103
Aluminium,Al,0.12,0.016700352296325757
Aluminium,Al,0.125,0.021484019939626529
Aluminium,Al,0.13,0.027026073894798146
Aluminium,Al,0.13500000000000001,0.033332160920918903
Aluminium,Al,0.14000000000000001,0.040394977370310441
Aluminium,Al,0.14499999999999999,0.048195718264151449
Aluminium,Al,0.14999999999999999,0.056705741728639646
Aluminium,Al,0.155,0.065888317030934271
Aluminium,Al,0.16,0.075700354713167772
Aluminium,Al,0.16500000000000001,0.086094045656237364
Aluminium,Al,0.17000000000000001,0.097018360527948641
Aluminium,Al,0.17500000000000002,0.10842038127243649
Aluminium,Al,0.17999999999999999,0.12024645206074586
Aluminium,Al,0.185,0.13244314882686184
Aluminium,Al,0.19,0.1449580747348739
Aluminium,Al,0.19500000000000001,0.15774049429712389
Aluminium,Al,0.20000000000000001,0.1707418220048014
Aluminium,Al,0.20500000000000002,0.18391598279138907
Aluminium,Al,0.20999999999999999,0.19721966189170695
Aluminium,Al,0.215,0.21061246106421885
Aluminium,Al,0.22,0.22405697700931795
Aluminium,Al,0.22500000000000001,0.23751881636772723
Aluminium,Al,0.23000000000000001,0.25096656008709939
Aluminium,Al,0.23500000000000001,0.26437168831922508
Aluminium,Al,0.23999999999999999,0.27770847543464883
Aluminium,Al,0.245,0.29095386326671574
Aluminium,Al,0.25,0.30408731935228439
Aluminium,Al,0.255,0.31709068573517762
Aluminium,Al,0.26000000000000001,0.32994802284369928
Aluminium,Al,0.26500000000000001,0.34264545204079033
Aluminium,Al,0.27000000000000002,0.35517099966565169
Aluminium,Al,0.27500000000000002,0.36751444472736372
Aluminium,Al,0.28000000000000003,0.37966717186147109
Aluminium,Al,0.28500000000000003,0.39162203070668827
Aluminium,Al,0.28999999999999998,0.40337320248830039
Aluminium,Al,0.29499999999999998,0.41491607429573124
Aluminium,Al,0.29999999999999999,0.42624712130339082
Aluminium,Al,0.30499999999999999,0.43736379699671918
Aluminium,Al,0.31,0.44826443132082661
Aluminium,Al,0.315,0.45894813655989836
Aluminium,Al,0.32000000000000001,0.46941472067527401
Aluminium,Al,0.32500000000000001,0.47966460777334152
Aluminium,Al,0.33000000000000002,0.48969876533657114
Aluminium,Al,0.33500000000000002,0.499518637828261
Aluminium,Al,0.34000000000000002,0.50912608627067246
Aluminium,Al,0.34500000000000003,0.51852333339456069
Aluminium,Al,0.35000000000000003,0.5277129139634209
Aluminium,Al,0.35499999999999998,0.53669762988635572
Aluminium,Al,0.35999999999999999,0.54548050974781903
Aluminium,Al,0.36499999999999999,0.55406477239947816
Aluminium,Al,0.37,0.56245379427814135
Aluminium,Al,0.375,0.57065108013337351
Aluminium,Al,0.38,0.57866023686850199
Aluminium,Al,0.38500000000000001,0.5864849502187911
Aluminium,Al,0.39000000000000001,0.59412896401027704
Aluminium,Al,0.39500000000000002,0.60159606176187463
Aluminium,Al,0.40000000000000002,0.6088900504117275
Aluminium,Al,0.40500000000000003,0.61601474596625116
Aluminium,Al,0.41000000000000003,0.6229739608868442
Aluminium,Al,0.41500000000000004,0.62977149304476376
Aluminium,Al,0.41999999999999998,0.6364111160892032
Aluminium,Al,0.42499999999999999,0.64289657108711407
Aluminium,Al,0.42999999999999999,0.64923155930588516
Aluminium,Al,0.435,0.65541973602158876
Aluminium,Al,0.44,0.66146470524620804
Aluminium,Al,0.44500000000000001,0.66737001527711903
Aluminium,Al,0.45000000000000001,0.67313915498113341
Aluminium,Al,0.45500000000000002,0.67877555073369245
Aluminium,Al,0.46000000000000002,0.68428256394138687
Aluminium,Al,0.46500000000000002,0.68966348908289143
Aluminium,Al,0.47000000000000003,0.69492155220970819
Aluminium,Al,0.47500000000000003,0.70005990985386712
Aluminium,Al,0.47999999999999998,0.70508164829495401
Aluminium,Al,0.48499999999999999,0.7099897831435853
Aluminium,Al,0.48999999999999999,0.71478725920276509
Aluminium,Al,0.495,0.71947695057246408
Aluminium,Al,0.5,0.72406166096631042
Aluminium,Al,0.505,0.72854412421248582
Aluminium,Al,0.51000000000000001,0.73292700491382701
Aluminium,Al,0.51500000000000001,0.73721289924475664
Aluminium,Al,0.52000000000000002,0.74140433586503995
Aluminium,Al,0.52500000000000002,0.7455037769325038
Aluminium,Al,0.53000000000000003,0.74951361919879234
Aluminium,Al,0.53500000000000003,0.75343619517396909
Aluminium,Al,0.54000000000000004,0.75727377434735255
Aluminium,Al,0.54500000000000004,0.76102856445338829
Aluminium,Al,0.55000000000000004,0.76470271277262525
Aluminium,Al,0.55500000000000005,0.76829830745902183
Aluminium,Al,0.56000000000000005,0.7718173788858298
Aluminium,Al,0.56500000000000006,0.77526190100323211
Aluminium,Al,0.57000000000000006,0.77863379270174371
Aluminium,Al,0.57500000000000007,0.78193491917612612
Aluminium,Al,0.57999999999999996,0.78516709328523637
Aluminium,Al,0.58499999999999996,0.78833207690383578
Aluminium,Al,0.58999999999999997,0.79143158226290877
Aluminium,Al,0.59499999999999997,0.79446727327553268
Aluminium,Al,0.59999999999999998,0.79744076684575704
Aluminium,Al,0.60499999999999998,0.80035363415834815
Aluminium,Al,0.60999999999999999,0.80320740194757012
Aluminium,Al,0.61499999999999999,0.80600355374351051
Aluminium,Al,0.62,0.80874353109469743
Aluminium,Al,0.625,0.81142873476601085
Aluminium,Al,0.63,0.81406052591110334
Aluminium,Al,0.63500000000000001,0.81664022721872265
Aluminium,Al,0.64000000000000001,0.81916912403250519
Aluminium,Al,0.64500000000000002,0.82164846544395076
Aluminium,Al,0.65000000000000002,0.82407946535841514
Aluminium,Al,0.65500000000000003,0.82646330353407349
Aluminium,Al,0.66000000000000003,0.82880112659390515
Aluminium,Al,0.66500000000000004,0.83109404901082851
Aluminium,Al,0.67000000000000004,0.83334315406620341
Aluminium,Al,0.67500000000000004,0.83554949478196616
Aluminium,Al,0.68000000000000005,0.83771409482672676
Aluminium,Al,0.68500000000000005,0.83983794939620338
Aluminium,Al,0.69000000000000006,0.84192202606840061
Aluminium,Al,0.69500000000000006,0.84396726563398783
Aluminium,Al,0.70000000000000007,0.84597458290233452
Aluminium,Al,0.70499999999999996,0.84794486748371434
Aluminium,Al,0.70999999999999996,0.84987898454817323
Aluminium,Al,0.71499999999999997,0.85177777556159995
Aluminium,Al,0.71999999999999997,0.85364205899952172
Aluminium,Al,0.72499999999999998,0.85547263103917948
Aluminium,Al,0.72999999999999998,0.85727026623041402
Aluminium,Al,0.73499999999999999,0.85903571814592483
Aluminium,Al,0.73999999999999999,0.86076972001143492
Aluminium,Al,0.745,0.86247298531631456
Aluminium,Al,0.75,0.86414620840520218
Aluminium,Al,0.755,0.86579006505115486
Aluminium,Al,0.76000000000000001,0.86740521301085749
Aluminium,Al,0.76500000000000001,0.86899229256241828
Aluminium,Al,0.77000000000000002,0.87055192702625184
Aluminium,Al,0.77500000000000002,0.87208472326956388
Aluminium,Al,0.78000000000000003,0.87359127219492438
Aluminium,Al,0.78500000000000003,0.87507214921341892
Aluminium,Al,0.79000000000000004,0.87652791470284752
Aluminium,Al,0.79500000000000004,0.87795911445143437
Aluminium,Al,0.80000000000000004,0.87936628008750417
Aluminium,Al,0.80500000000000005,0.88074992949555997
Aluminium,Al,0.81000000000000005,0.88211056721919567
Aluminium,Al,0.81500000000000006,0.88344868485126182
Aluminium,Al,0.82000000000000006,0.88476476141168747
Aluminium,Al,0.82500000000000007,0.8860592637133583
Aluminium,Al,0.83000000000000007,0.88733264671643508
Aluminium,Al,0.83499999999999996,0.88858535387148319
Aluminium,Al,0.83999999999999997,0.88981781745177713
Aluminium,Al,0.84499999999999997,0.89103045887513399
Aluminium,Al,0.84999999999999998,0.892223689015614
Aluminium,Al,0.85499999999999998,0.893397908505422
Aluminium,Al,0.85999999999999999,0.8945535080273278
Aluminium,Al,0.86499999999999999,0.89569086859791769
Aluminium,Al,0.87,0.89681036184197993
Aluminium,Al,0.875,0.89791235025830918
Aluminium,Al,0.88,0.89899718747722224
Aluminium,Al,0.88500000000000001,0.9000652185100475
Aluminium,Al,0.89000000000000001,0.90111677999085948
Aluminium,Al,0.89500000000000002,0.90215220041071165
Aluminium,Al,0.90000000000000002,0.90317180034461264
Aluminium,Al,0.90500000000000003,0.90417589267149068
Aluminium,Al,0.91000000000000003,0.90516478278737067
Aluminium,Al,0.91500000000000004,0.90613876881199107
Aluminium,Al,0.92000000000000004,0.90709814178907788
Aluminium,Al,0.92500000000000004,0.90804318588047794
Aluminium,Al,0.93000000000000005,0.90897417855436569
Aluminium,Al,0.93500000000000005,0.90989139076770076
Aluminium,Al,0.94000000000000006,0.91079508714314361
Aluminium,Al,0.94500000000000006,0.91168552614059784
Aluminium,Al,0.95000000000000007,0.91256296022355909
Aluminium,Al,0.95500000000000007,0.91342763602044308
Aluminium,Al,0.95999999999999996,0.91427979448105368
Aluminium,Al,0.96499999999999997,0.91511967102835057
Aluminium,Al,0.96999999999999997,0.91594749570566913
Aluminium,Al,0.97499999999999998,0.91676349331954332
Aluminium,Al,0.97999999999999998,0.91756788357827002
Aluminium,Al,0.98499999999999999,0.91836088122635484
Aluminium,Al,0.98999999999999999,0.91914269617497524
Aluminium,Al,0.995,0.91991353362858608
Aluminium,Al,1,0.92067359420779238
Aluminium,Al,1.0050000000000001,0.92142307406861301
Aluminium,Al,1.01,0.92216216501824644
Aluminium,Al,1.0150000000000001,0.92289105462745458
Aluminium,Al,1.02,0.92360992633967143
Aluminium,Al,1.0249999999999999,0.92431895957693944
Aluminium,Al,1.03,0.92501832984277821
Aluminium,Al,1.0349999999999999,0.92570820882208182
Aluminium,Al,1.04,0.92638876447813656
Aluminium,Al,1.0449999999999999,0.92706016114685308
Aluminium,Al,1.05,0.92772255962830197
Aluminium,Al,1.0549999999999999,0.92837611727563119
Aluminium,Al,1.0600000000000001,0.92902098808145961
Aluminium,Al,1.0649999999999999,0.92965732276181134
Aluminium,Al,1.0700000000000001,0.93028526883767959
Aluminium,Al,1.075,0.93090497071428857
Aluminium,Al,1.0800000000000001,0.93151656975812502
Aluminium,Al,1.085,0.93212020437181164
Aluminium,Al,1.0900000000000001,0.93271601006688598
Aluminium,Al,1.095,0.93330411953455128
Aluminium,Al,1.1000000000000001,0.93388466271446158
Aluminium,Al,1.105,0.9344577668616032
Aluminium,Al,1.1100000000000001,0.93502355661132419
Aluminium,Al,1.115,0.93558215404258094
Aluminium,Al,1.1200000000000001,0.93613367873944131
Aluminium,Al,1.125,0.93667824785091136
Aluminium,Al,1.1300000000000001,0.93721597614912455
Aluminium,Al,1.135,0.93774697608595303
Aluminium,Al,1.1400000000000001,0.93827135784808191
Aluminium,Al,1.145,0.93878922941059573
Aluminium,Al,1.1500000000000001,0.93930069658911941
Aluminium,Al,1.155,0.93980586309056302
Aluminium,Al,1.1599999999999999,0.94030483056250269
Aluminium,Al,1.165,0.94079769864124574
Aluminium,Al,1.1699999999999999,0.94128456499861834
Aluminium,Al,1.175,0.94176552538750924
Aluminium,Al,1.1799999999999999,0.94224067368620823
Aluminium,Al,1.1850000000000001,0.94271010194158145
Aluminium,Al,1.1899999999999999,0.94317390041110372
Aluminium,Al,1.1950000000000001,0.94363215760379637
Aluminium,Al,1.2,0.94408496032009115
Aluminium,Al,1.2050000000000001,0.94453239369066033
Aluminium,Al,1.21,0.94497454121423297
Aluminium,Al,1.2150000000000001,0.94541148479443993
Aluminium,Al,1.22,0.94584330477569978
Aluminium,Al,1.2250000000000001,0.94627007997819079
Aluminium,Al,1.23,0.94669188773191826
Aluminium,Al,1.2350000000000001,0.9471088039099167
Aluminium,Al,1.24,0.94752090296060143
Aluminium,Al,1.2450000000000001,0.94792825793930324
Aluminium,Al,1.25,0.94833094053899936
Aluminium,Al,1.2550000000000001,0.94872902112027213
Aluminium,Al,1.26,0.94912256874051182
Aluminium,Al,1.2650000000000001,0.94951165118238856
Aluminium,Al,1.27,0.94989633498160819
Aluminium,Al,1.2750000000000001,0.9502766854539797
Aluminium,Al,1.28,0.95065276672180943
Aluminium,Al,1.2849999999999999,0.95102464173963808
Aluminium,Al,1.29,0.95139237231934448
Aluminium,Al,1.2949999999999999,0.95175601915462926
Aluminium,Al,1.3,0.95211564184489894
Aluminium,Al,1.3049999999999999,0.9524712989185623
Aluminium,Al,1.3100000000000001,0.95282304785576266
Aluminium,Al,1.3149999999999999,0.95317094511055167
Aluminium,Al,1.3200000000000001,0.95351504613252813
Aluminium,Al,1.325,0.95385540538795299
Aluminium,Al,1.3300000000000001,0.9541920763803543
Aluminium,Al,1.335,0.9545251116706378
Aluminium,Al,1.3400000000000001,0.95485456289671522
Aluminium,Al,1.345,0.95518048079266116
Aluminium,Al,1.3500000000000001,0.95550291520741726
Aluminium,Al,1.355,0.95582191512304959
Aluminium,Al,1.3600000000000001,0.95613752867257307
Aluminium,Al,1.365,0.95644980315735828
Aluminium,Al,1.3700000000000001,0.95675878506412471
Aluminium,Al,1.375,0.95706452008153498
Aluminium,Al,1.3800000000000001,0.95736705311640591
Aluminium,Al,1.385,0.95766642830953519
Aluminium,Al,1.3900000000000001,0.95796268905116255
Aluminium,Al,1.395,0.95825587799607248
Aluminium,Al,1.4000000000000001,0.95854603707834651
Aluminium,Al,1.405,0.95883320752577705
Aluminium,Al,1.4099999999999999,0.95911742987394777
Aluminium,Al,1.415,0.95939874397999281
Aluminium,Al,1.4199999999999999,0.95967718903603993
Aluminium,Al,1.425,0.95995280358234891
Aluminium,Al,1.4299999999999999,0.96022562552015189
Aluminium,Al,1.4350000000000001,0.9604956921241975
Aluminium,Al,1.4399999999999999,0.96076304005502133
Aluminium,Al,1.4450000000000001,0.96102770537092952
Aluminium,Al,1.45,0.96128972353972009
Aluminium,Al,1.4550000000000001,0.96154912945013971
Aluminium,Al,1.46,0.96180595742308495
Aluminium,Al,1.4650000000000001,0.96206024122255129
Aluminium,Al,1.47,0.96231201406634537
Aluminium,Al,1.4750000000000001,0.96256130863655276
Aluminium,Al,1.48,0.96280815708978129
Aluminium,Al,1.4850000000000001,0.96305259106717211
Aluminium,Al,1.49,0.96329464170419832
Aluminium,Al,1.4950000000000001,0.96353433964024238
Aluminium,Al,1.5,0.96377171502797054
Aluminium,Al,1.5050000000000001,0.96400679754249829
Aluminium,Al,1.51,0.96423961639035871
Aluminium,Al,1.5150000000000001,0.96447020031827946
Aluminium,Al,1.52,0.96469857762176581
Aluminium,Al,1.5250000000000001,0.96492477615350125
Aluminium,Al,1.53,0.96514882333156871
Aluminium,Al,1.5350000000000001,0.96537074614749496
Aluminium,Al,1.54,0.96559057117412228
Aluminium,Al,1.5449999999999999,0.965808324573315
Aluminium,Al,1.55,0.96602403210349963
Aluminium,Al,1.5549999999999999,0.96623771912704892
Aluminium,Al,1.5600000000000001,0.96644941061750755
Aluminium,Al,1.5649999999999999,0.96665913116666546
Aluminium,Al,1.5700000000000001,0.96686690499148598
Aluminium,Al,1.575,0.9670727559408846
Aluminium,Al,1.5800000000000001,0.9672767075023706
Aluminium,Al,1.585,0.96747878280854682
Aluminium,Al,1.5900000000000001,0.967679004643478
Aluminium,Al,1.595,0.9678773954489226
Aluminium,Al,1.6000000000000001,0.96807397733044143
Aluminium,Al,1.605,0.96826877206337825
Aluminium,Al,1.6100000000000001,0.96846180109871449
Aluminium,Al,1.615,0.96865308556881036
Aluminium,Al,1.6200000000000001,0.96884264629302286
Aluminium,Al,1.625,0.9690305037832142
Aluminium,Al,1.6300000000000001,0.96921667824914415
Aluminium,Al,1.635,0.96940118960375621
Aluminium,Al,1.6400000000000001,0.96958405746835596
Aluminium,Al,1.645,0.969765301177685
Aluminium,Al,1.6500000000000001,0.96994493978489316
Aluminium,Al,1.655,0.97012299206641117
Aluminium,Al,1.6600000000000001,0.97029947652672566
Aluminium,Al,1.665,0.97047441140305923
Aluminium,Al,1.6699999999999999,0.9706478146699582
Aluminium,Al,1.675,0.97081970404378726
Aluminium,Al,1.6799999999999999,0.97099009698713845
Aluminium,Al,1.6850000000000001,0.97115901071315069
Aluminium,Al,1.6899999999999999,0.97132646218974406
Aluminium,Al,1.6950000000000001,0.97149246814377488
Aluminium,Al,1.7,0.9716570450651042
Aluminium,Al,1.7050000000000001,0.97182020921059009
Aluminium,Al,1.71,0.97198197660800334
Aluminium,Al,1.7150000000000001,0.97214236305986235
Aluminium,Al,1.72,0.97230138414720035
Aluminium,Al,1.7250000000000001,0.97245905523325371
Aluminium,Al,1.73,0.9726153914670842
Aluminium,Al,1.7350000000000001,0.97277040778712642
Aluminium,Al,1.74,0.97292411892467301
Aluminium,Al,1.7450000000000001,0.97307653940728978
Aluminium,Al,1.75,0.97322768356216605
Aluminium,Al,1.7550000000000001,0.9733775655194018
Aluminium,Al,1.76,0.97352619921523242
Aluminium,Al,1.7650000000000001,0.97367359839519252
Aluminium,Al,1.77,0.97381977661722008
Aluminium,Al,1.7750000000000001,0.97396474725470206
Aluminium,Al,1.78,0.97410852349946286
Aluminium,Al,1.7850000000000001,0.97425111836469658
Aluminium,Al,1.79,0.97439254468784542
Aluminium,Al,1.7949999999999999,0.97453281513342216
Aluminium,Al,1.8,0.97467194219578446
Aluminium,Al,1.8049999999999999,0.97480993820185313
Aluminium,Al,1.8100000000000001,0.9749468153137818
Aluminium,Al,1.8149999999999999,0.97508258553157923
Aluminium,Al,1.8200000000000001,0.97521726069568138
Aluminium,Al,1.825,0.97535085248947684
Aluminium,Al,1.8300000000000001,0.9754833724417844
Aluminium,Al,1.835,0.97561483192928811
Aluminium,Al,1.8400000000000001,0.975745242178927
Aluminium,Al,1.845,0.97587461427024147
Aluminium,Al,1.8500000000000001,0.97600295913767487
Aluminium,Al,1.855,0.97613028757283826
Aluminium,Al,1.8600000000000001,0.97625661022672761
Aluminium,Al,1.865,0.9763819376119095
Aluminium,Al,1.8700000000000001,0.97650628010465967
Aluminium,Al,1.875,0.97662964794706797
Aluminium,Al,1.8800000000000001,0.97675205124910458
Aluminium,Al,1.885,0.97687349999064832
Aluminium,Al,1.8900000000000001,0.97699400402348069
Aluminium,Al,1.895,0.97711357307324398
Aluminium,Al,1.9000000000000001,0.9772322167413624
Aluminium,Al,1.905,0.97734994450693391
Aluminium,Al,1.9100000000000001,0.97746676572858526
Aluminium,Al,1.915,0.97758268964629469
Aluminium,Al,1.9199999999999999,0.97769772538318422
Aluminium,Al,1.925,0.97781188194727919
Aluminium,Al,1.9299999999999999,0.97792516823323772
Aluminium,Al,1.9350000000000001,0.97803759302405091
Aluminium,Al,1.9399999999999999,0.97814916499271198
Aluminium,Al,1.9450000000000001,0.97825989270385694
Aluminium,Al,1.95,0.97836978461537782
Aluminium,Al,1.9550000000000001,0.97847884908000815
Aluminium,Al,1.96,0.97858709434687763
Aluminium,Al,1.9650000000000001,0.97869452856304662
Aluminium,Al,1.97,0.9788011597750087
Aluminium,Al,1.9750000000000001,0.97890699593017028
Aluminium,Al,1.98,0.9790120448783034
Aluminium,Al,1.9850000000000001,0.97911631437297719
Aluminium,Al,1.99,0.97921981207295983
Aluminium,Al,1.9950000000000001,0.97932254554360132
Aluminium,Al,2,0.97942452225819099
Aluminium,Al,2.0049999999999999,0.97952574959929262
Aluminium,Al,2.0100000000000002,0.97962623486005607
Aluminium,Al,2.0150000000000001,0.97972598524550936
Aluminium,Al,2.02,0.97982500787382565
Aluminium,Al,2.0249999999999999,0.97992330977757247
Aluminium,Al,2.0300000000000002,0.98002089790493863
Aluminium,Al,2.0350000000000001,0.98011777912093978
Aluminium,Al,2.04,0.98021396020860596
Aluminium,Al,2.0449999999999999,0.98030944787014929
Aluminium,Al,2.0499999999999998,0.98040424872810961
Aluminium,Al,2.0550000000000002,0.98049836932648482
Aluminium,Al,2.0600000000000001,0.9805918161318421
Aluminium,Al,2.0649999999999999,0.98068459553440801
Aluminium,Al,2.0699999999999998,0.98077671384914367
Aluminium,Al,2.0750000000000002,0.98086817731680265
Aluminium,Al,2.0800000000000001,0.98095899210496895
Aluminium,Al,2.085,0.98104916430907985
Aluminium,Al,2.0899999999999999,0.98113869995343406
Aluminium,Al,2.0950000000000002,0.9812276049921792
Aluminium,Al,2.1000000000000001,0.98131588531028602
Aluminium,Al,2.105,0.98140354672450891
Aluminium,Al,2.1099999999999999,0.98149059498432578
Aluminium,Al,2.1150000000000002,0.9815770357728677
Aluminium,Al,2.1200000000000001,0.98166287470783165
Aluminium,Al,2.125,0.9817481173423781
Aluminium,Al,2.1299999999999999,0.98183276916601614
Aluminium,Al,2.1350000000000002,0.98191683560547272
Aluminium,Al,2.1400000000000001,0.9820003220255481
Aluminium,Al,2.145,0.98208323372996176
Aluminium,Al,2.1499999999999999,0.98216557596217757
Aluminium,Al,2.1550000000000002,0.98224735390622375
Aluminium,Al,2.1600000000000001,0.98232857268749396
Aluminium,Al,2.165,0.98240923737353947
Aluminium,Al,2.1699999999999999,0.98248935297484785
Aluminium,Al,2.1750000000000003,0.98256892444560828
Aluminium,Al,2.1800000000000002,0.98264795668446758
Aluminium,Al,2.1850000000000001,0.98272645453527108
Aluminium,Al,2.1899999999999999,0.98280442278779623
Aluminium,Al,2.1949999999999998,0.98288186617847073
Aluminium,Al,2.2000000000000002,0.98295878939108117
Aluminium,Al,2.2050000000000001,0.98303519705747244
Aluminium,Al,2.21,0.98311109375823402
Aluminium,Al,2.2149999999999999,0.98318648402337561
Aluminium,Al,2.2200000000000002,0.98326137233299638
Aluminium,Al,2.2250000000000001,0.98333576311793702
Aluminium,Al,2.23,0.98340966076042946
Aluminium,Al,2.2349999999999999,0.98348306959473164
Aluminium,Al,2.2400000000000002,0.98355599390775228
Aluminium,Al,2.2450000000000001,0.98362843793967181
Aluminium,Al,2.25,0.98370040588454732
Aluminium,Al,2.2549999999999999,0.98377190189091135
Aluminium,Al,2.2600000000000002,0.98384293006236212
Aluminium,Al,2.2650000000000001,0.98391349445814591
Aluminium,Al,2.27,0.98398359909372579
Aluminium,Al,2.2749999999999999,0.98405324794134685
Aluminium,Al,2.2800000000000002,0.98412244493059164
Aluminium,Al,2.2850000000000001,0.98419119394892596
Aluminium,Al,2.29,0.98425949884223884
Aluminium,Al,2.2949999999999999,0.98432736341537186
Aluminium,Al,2.3000000000000003,0.98439479143264164
Aluminium,Al,2.3050000000000002,0.98446178661835726
Aluminium,Al,2.3100000000000001,0.98452835265732552
Aluminium,Al,2.3149999999999999,0.98459449319535197
Aluminium,Al,2.3199999999999998,0.98466021183973396
Aluminium,Al,2.3250000000000002,0.98472551215974258
Aluminium,Al,2.3300000000000001,0.98479039768710752
Aluminium,Al,2.335,0.98485487191648335
Aluminium,Al,2.3399999999999999,0.9849189383059147
Aluminium,Al,2.3450000000000002,0.98498260027729589
Aluminium,Al,2.3500000000000001,0.98504586121682136
Aluminium,Al,2.355,0.98510872447542852
Aluminium,Al,2.3599999999999999,0.98517119336923853
Aluminium,Al,2.3650000000000002,0.9852332711799856
Aluminium,Al,2.3700000000000001,0.98529496115544535
Aluminium,Al,2.375,0.98535626650985086
Aluminium,Al,2.3799999999999999,0.98541719042431131
Aluminium,Al,2.3850000000000002,0.98547773604721312
Aluminium,Al,2.3900000000000001,0.9855379064946268
Aluminium,Al,2.395,0.9855977048506992
Aluminium,Al,2.3999999999999999,0.98565713416805034
Aluminium,Al,2.4050000000000002,0.98571619746814865
Aluminium,Al,2.4100000000000001,0.98577489774169802
Aluminium,Al,2.415,0.98583323794900979
Aluminium,Al,2.4199999999999999,0.98589122102037008
Aluminium,Al,2.4250000000000003,0.98594884985640563
Aluminium,Al,2.4300000000000002,0.9860061273284384
Aluminium,Al,2.4350000000000001,0.98606305627884561
Aluminium,Al,2.4399999999999999,0.98611963952139947
Aluminium,Al,2.4449999999999998,0.9861758798416197
Aluminium,Al,2.4500000000000002,0.98623177999710621
Aluminium,Al,2.4550000000000001,0.98628734271787621
Aluminium,Al,2.46,0.98634257070669051
Aluminium,Al,2.4649999999999999,0.98639746663938321
Aluminium,Al,2.4700000000000002,0.98645203316517904
Aluminium,Al,2.4750000000000001,0.98650627290700788
Aluminium,Al,2.48,0.9865601884618197
Aluminium,Al,2.4849999999999999,0.98661378240089104
Aluminium,Al,2.4900000000000002,0.98666705727012671
Aluminium,Al,2.4950000000000001,0.98672001559035827
Aluminium,Al,2.5,0.98677265985764417
Aluminium,Al,2.5049999999999999,0.98682499254355149
Aluminium,Al,2.5100000000000002,0.98687701609545264
Aluminium,Al,2.5150000000000001,0.9869287329368005
Aluminium,Al,2.52,0.9869801454674122
Aluminium,Al,2.5249999999999999,0.98703125606374198
Aluminium,Al,2.5300000000000002,0.98708206707915602
Aluminium,Al,2.5350000000000001,0.98713258084419475
Aluminium,Al,2.54,0.98718279966684408
Aluminium,Al,2.5449999999999999,0.98723272583279009
Aluminium,Al,2.5500000000000003,0.98728236160568095
Aluminium,Al,2.5550000000000002,0.98733170922737767
Aluminium,Al,2.5600000000000001,0.98738077091820609
Aluminium,Al,2.5649999999999999,0.98742954887720324
Aluminium,Al,2.5699999999999998,0.98747804528236238
Aluminium,Al,2.5750000000000002,0.98752626229087215
Aluminium,Al,2.5800000000000001,0.98757420203935287
Aluminium,Al,2.585,0.98762186664409557
Aluminium,Al,2.5899999999999999,0.98766925820128848
Aluminium,Al,2.5950000000000002,0.98771637878724516
Aluminium,Al,2.6000000000000001,0.98776323045863368
Aluminium,Al,2.605,0.98780981525269396
Aluminium,Al,2.6099999999999999,0.98785613518745974
Aluminium,Al,2.6150000000000002,0.98790219226197429
Aluminium,Al,2.6200000000000001,0.98794798845650411
Aluminium,Al,2.625,0.98799352573274857
Aluminium,Al,2.6299999999999999,0.98803880603404903
Aluminium,Al,2.6350000000000002,0.9880838312855954
Aluminium,Al,2.6400000000000001,0.98812860339462449
Aluminium,Al,2.645,0.98817312425062431
Aluminium,Al,2.6499999999999999,0.98821739572552836
Aluminium,Al,2.6550000000000002,0.98826141967391301
Aluminium,Al,2.6600000000000001,0.98830519793318872
Aluminium,Al,2.665,0.98834873232378795
Aluminium,Al,2.6699999999999999,0.98839202464935749
Aluminium,Al,2.6750000000000003,0.98843507669693731
Aluminium,Al,2.6800000000000002,0.98847789023714761
Aluminium,Al,2.6850000000000001,0.98852046702436813
Aluminium,Al,2.6899999999999999,0.98856280879691538
Aluminium,Al,2.6949999999999998,0.98860491727721878
Aluminium,Al,2.7000000000000002,0.98864679417199441
Aluminium,Al,2.7050000000000001,0.98868844117241517
Aluminium,Al,2.71,0.98872985995428142
Aluminium,Al,2.7149999999999999,0.98877105217818784
Aluminium,Al,2.7200000000000002,0.98881201948968744
Aluminium,Al,2.7250000000000001,0.98885276351945439
Aluminium,Al,2.73,0.98889328588344561
Aluminium,Al,2.7349999999999999,0.98893358818305854
Aluminium,Al,2.7400000000000002,0.98897367200528941
Aluminium,Al,2.7450000000000001,0.9890135389228859
Aluminium,Al,2.75,0.9890531904945008
Aluminium,Al,2.7549999999999999,0.98909262826484501
Aluminium,Al,2.7600000000000002,0.98913185376483459
Aluminium,Al,2.7650000000000001,0.98917086851173652
Aluminium,Al,2.77,0.98920967400931747
Aluminium,Al,2.7749999999999999,0.98924827174798469
Aluminium,Al,2.7800000000000002,0.98928666320492953
Aluminium,Al,2.7850000000000001,0.98932484984426872
Aluminium,Al,2.79,0.9893628331171771
Aluminium,Al,2.7949999999999999,0.98940061446203065
Aluminium,Al,2.8000000000000003,0.98943819530453891
Aluminium,Al,2.8050000000000002,0.98947557705787714
Aluminium,Al,2.8100000000000001,0.98951276112281994
Aluminium,Al,2.8149999999999999,0.98954974888787117
Aluminium,Al,2.8199999999999998,0.98958654172938976
Aluminium,Al,2.8250000000000002,0.98962314101172066
Aluminium,Al,2.8300000000000001,0.98965954808731815
Aluminium,Al,2.835,0.98969576429686745
Aluminium,Al,2.8399999999999999,0.989731790969412
Aluminium,Al,2.8450000000000002,0.98976762942247221
Aluminium,Al,2.8500000000000001,0.9898032809621623
Aluminium,Al,2.855,0.98983874688331164
Aluminium,Al,2.8599999999999999,0.98987402846958028
Aluminium,Al,2.8650000000000002,0.98990912699357381
Aluminium,Al,2.8700000000000001,0.98994404371695677
Aluminium,Al,2.875,0.98997877989056715
Aluminium,Al,2.8799999999999999,0.9900133367545243
Aluminium,Al,2.8850000000000002,0.99004771553834214
Aluminium,Al,2.8900000000000001,0.99008191746103436
Aluminium,Al,2.895,0.99011594373122391
Aluminium,Al,2.8999999999999999,0.99014979554724758
Aluminium,Al,2.9050000000000002,0.99018347409726237
Aluminium,Al,2.9100000000000001,0.99021698055934515
Aluminium,Al,2.915,0.99025031610160119
Aluminium,Al,2.9199999999999999,0.99028348188225723
Aluminium,Al,2.9250000000000003,0.99031647904976838
Aluminium,Al,2.9300000000000002,0.99034930874291294
Aluminium,Al,2.9350000000000001,0.99038197209089052
Aluminium,Al,2.9399999999999999,0.99041447021341689
Aluminium,Al,2.9449999999999998,0.99044680422082387
Aluminium,Al,2.9500000000000002,0.99047897521414907
Aluminium,Al,2.9550000000000001,0.99051098428522877
Aluminium,Al,2.96,0.99054283251679309
Aluminium,Al,2.9649999999999999,0.99057452098255372
Aluminium,Al,2.9700000000000002,0.99060605074729602
Aluminium,Al,2.9750000000000001,0.99063742286696599
Aluminium,Al,2.98,0.99066863838875918
Aluminium,Al,2.9849999999999999,0.9906996983512063
Aluminium,Al,2.9900000000000002,0.99073060378426026
Aluminium,Al,2.9950000000000001,0.99076135570937884
Aluminium,Al,3,0.99079195513961171
Aluminium,Al,3.0049999999999999,0.99082240307968061
Aluminium,Al,3.0100000000000002,0.99085270052606111
Aluminium,Al,3.0150000000000001,0.99088284846706576
Aluminium,Al,3.02,0.99091284788292078
Aluminium,Al,3.0249999999999999,0.99094269974584792
Aluminium,Al,3.0300000000000002,0.99097240502014272
Aluminium,Al,3.0350000000000001,0.99100196466224977
Aluminium,Al,3.04,0.99103137962084054
Aluminium,Al,3.0449999999999999,0.99106065083688677
Aluminium,Al,3.0500000000000003,0.99108977924373975
Aluminium,Al,3.0550000000000002,0.99111876576720004
Aluminium,Al,3.0600000000000001,0.99114761132559115
Aluminium,Al,3.0649999999999999,0.99117631682983331
Aluminium,Al,3.0700000000000003,0.99120488318351396
Aluminium,Al,3.0750000000000002,0.99123331128295766
Aluminium,Al,3.0800000000000001,0.99126160201729763
Aluminium,Al,3.085,0.99128975626854265
Aluminium,Al,3.0899999999999999,0.99131777491164741
Aluminium,Al,3.0950000000000002,0.99134565881457726
Aluminium,Al,3.1000000000000001,0.99137340883837866
Aluminium,Al,3.105,0.99140102583724166
Aluminium,Al,3.1099999999999999,0.9914285106585683
Aluminium,Al,3.1150000000000002,0.99145586414303322
Aluminium,Al,3.1200000000000001,0.99148308712465127
Aluminium,Al,3.125,0.99151018043083905
Aluminium,Al,3.1299999999999999,0.99153714488247724
Aluminium,Al,3.1350000000000002,0.99156398129397272
Aluminium,Al,3.1400000000000001,0.99159069047332049
Aluminium,Al,3.145,0.9916172732221602
Aluminium,Al,3.1499999999999999,0.9916437303358413
Aluminium,Al,3.1550000000000002,0.99167006260347901
Aluminium,Al,3.1600000000000001,0.99169627080801181
Aluminium,Al,3.165,0.99172235572626399
Aluminium,Al,3.1699999999999999,0.99174831812899522
Aluminium,Al,3.1750000000000003,0.99177415878096498
Aluminium,Al,3.1800000000000002,0.99179987844098327
Aluminium,Al,3.1850000000000001,0.99182547786196851
Aluminium,Al,3.1899999999999999,0.99185095779100052
Aluminium,Al,3.1950000000000003,0.991876318969375
Aluminium,Al,3.2000000000000002,0.99190156213266023
Aluminium,Al,3.2050000000000001,0.99192668801074424
Aluminium,Al,3.21,0.9919516973278929
Aluminium,Al,3.2149999999999999,0.99197659080279754
Aluminium,Al,3.2200000000000002,0.99200136914862902
Aluminium,Al,3.2250000000000001,0.9920260330730859
Aluminium,Al,3.23,0.99205058327844886
Aluminium,Al,3.2349999999999999,0.99207502046162543
Aluminium,Al,3.2400000000000002,0.99209934531420163
Aluminium,Al,3.2450000000000001,0.99212355852249179
Aluminium,Al,3.25,0.99214766076758243
Aluminium,Al,3.2549999999999999,0.9921716527253861
Aluminium,Al,3.2600000000000002,0.99219553506668146
Aluminium,Al,3.2650000000000001,0.9922193084571661
Aluminium,Al,3.27,0.99224297355749791
Aluminium,Al,3.2749999999999999,0.9922665310233445
Aluminium,Al,3.2800000000000002,0.9922899815054248
Aluminium,Al,3.2850000000000001,0.99231332564955532
Aluminium,Al,3.29,0.99233656409669724
Aluminium,Al,3.2949999999999999,0.99235969748299258
Aluminium,Al,3.3000000000000003,0.99238272643981695
Aluminium,Al,3.3050000000000002,0.99240565159381489
Aluminium,Al,3.3100000000000001,0.99242847356694441
Aluminium,Al,3.3149999999999999,0.99245119297652173
Aluminium,Al,3.3200000000000003,0.99247381043525784
Aluminium,Al,3.3250000000000002,0.99249632655130549
Aluminium,Al,3.3300000000000001,0.99251874192829281
Aluminium,Al,3.335,0.99254105716537033
Aluminium,Al,3.3399999999999999,0.99256327285724544
Aluminium,Al,3.3450000000000002,0.99258538959422526
Aluminium,Al,3.3500000000000001,0.99260740796225355
Aluminium,Al,3.355,0.99262932854295038
Aluminium,Al,3.3599999999999999,0.9926511519136505
Aluminium,Al,3.3650000000000002,0.99267287864744014
Aluminium,Al,3.3700000000000001,0.99269450931319458
Aluminium,Al,3.375,0.99271604447561623
Aluminium,Al,3.3799999999999999,0.9927374846952699
Aluminium,Al,3.3850000000000002,0.99275883052862024
Aluminium,Al,3.3900000000000001,0.99278008252806571
Aluminium,Al,3.395,0.99280124124197733
Aluminium,Al,3.3999999999999999,0.99282230721473053
Aluminium,Al,3.4050000000000002,0.99284328098674246
Aluminium,Al,3.4100000000000001,0.99286416309450454
Aluminium,Al,3.415,0.99288495407061794
Aluminium,Al,3.4199999999999999,0.9929056544438275
Aluminium,Al,3.4250000000000003,0.99292626473905155
Aluminium,Al,3.4300000000000002,0.99294678547742143
Aluminium,Al,3.4350000000000001,0.99296721717630931
Aluminium,Al,3.4399999999999999,0.99298756034936086
Aluminium,Al,3.4450000000000003,0.9930078155065305
Aluminium,Al,3.4500000000000002,0.99302798315411045
Aluminium,Al,3.4550000000000001,0.99304806379476174
Aluminium,Al,3.46,0.99306805792754782
Aluminium,Al,3.4649999999999999,0.99308796604796412
Aluminium,Al,3.4700000000000002,0.993107788647969
Aluminium,Al,3.4750000000000001,0.99312752621601208
Aluminium,Al,3.48,0.99314717923706497
Aluminium,Al,3.4849999999999999,0.9931667481926546
Aluminium,Al,3.4900000000000002,0.99318623356088775
Aluminium,Al,3.4950000000000001,0.9932056358164808
Aluminium,Al,3.5,0.99322495543079126
Aluminium,Al,3.5049999999999999,0.99324419287184285
Aluminium,Al,3.5100000000000002,0.99326334860435694
Aluminium,Al,3.5150000000000001,0.99328242308977877
Aluminium,Al,3.52,0.99330141678630257
Aluminium,Al,3.5249999999999999,0.99332033014890531
Aluminium,Al,3.5300000000000002,0.99333916362936658
Aluminium,Al,3.5350000000000001,0.99335791767630122
Aluminium,Al,3.54,0.99337659273518308
Aluminium,Al,3.5449999999999999,0.99339518924836978
Aluminium,Al,3.5500000000000003,0.99341370765513337
Aluminium,Al,3.5550000000000002,0.99343214839168237
Aluminium,Al,3.5600000000000001,0.99345051189118783
Aluminium,Al,3.5649999999999999,0.99346879858381065
Aluminium,Al,3.5700000000000003,0.99348700889672537
Aluminium,Al,3.5750000000000002,0.99350514325414152
Aluminium,Al,3.5800000000000001,0.99352320207733535
Aluminium,Al,3.585,0.99354118578466954
Aluminium,Al,3.5899999999999999,0.99355909479161642
Aluminium,Al,3.5950000000000002,0.99357692951078491
Aluminium,Al,3.6000000000000001,0.99359469035194314
Aluminium,Al,3.605,0.9936123777220407
Aluminium,Al,3.6099999999999999,0.99362999202523161
Aluminium,Al,3.6150000000000002,0.99364753366290071
Aluminium,Al,3.6200000000000001,0.99366500303368233
Aluminium,Al,3.625,0.99368240053348478
Aluminium,Al,3.6299999999999999,0.9936997265555132
Aluminium,Al,3.6350000000000002,0.99371698149028931
Aluminium,Al,3.6400000000000001,0.99373416572567641
Aluminium,Al,3.645,0.99375127964689713
Aluminium,Al,3.6499999999999999,0.99376832363656131
Aluminium,Al,3.6550000000000002,0.99378529807467886
Aluminium,Al,3.6600000000000001,0.99380220333868774
Aluminium,Al,3.665,0.99381903980347208
Aluminium,Al,3.6699999999999999,0.99383580784138148
Aluminium,Al,3.6750000000000003,0.99385250782225532
Aluminium,Al,3.6800000000000002,0.9938691401134393
Aluminium,Al,3.6850000000000001,0.99388570507980811
Aluminium,Al,3.6899999999999999,0.99390220308378352
Aluminium,Al,3.6950000000000003,0.99391863448535489
Aluminium,Al,3.7000000000000002,0.99393499964209853
Aluminium,Al,3.7050000000000001,0.99395129890919798
Aluminium,Al,3.71,0.99396753263946191
Aluminium,Al,3.7149999999999999,0.993983701183343
Aluminium,Al,3.7200000000000002,0.99399980488895978
Aluminium,Al,3.7250000000000001,0.99401584410210886
Aluminium,Al,3.73,0.99403181916629213
Aluminium,Al,3.7349999999999999,0.9940477304227272
Aluminium,Al,3.7400000000000002,0.99406357821036928
Aluminium,Al,3.7450000000000001,0.99407936286592791
Aluminium,Al,3.75,0.99409508472388775
Aluminium,Al,3.7549999999999999,0.99411074411652234
Aluminium,Al,3.7600000000000002,0.9941263413739122
Aluminium,Al,3.7650000000000001,0.99414187682396482
Aluminium,Al,3.77,0.99415735079242951
Aluminium,Al,3.7749999999999999,0.99417276360291262
Aluminium,Al,3.7800000000000002,0.99418811557690168
Aluminium,Al,3.7850000000000001,0.9942034070337723
Aluminium,Al,3.79,0.99421863829081103
Aluminium,Al,3.7949999999999999,0.99423380966323183
Aluminium,Al,3.8000000000000003,0.99424892146418853
Aluminium,Al,3.8050000000000002,0.99426397400479338
Aluminium,Al,3.8100000000000001,0.99427896759413392
Aluminium,Al,3.8149999999999999,0.99429390253928596
Aluminium,Al,3.8200000000000003,0.99430877914533156
Aluminium,Al,3.8250000000000002,0.99432359771537493
Aluminium,Al,3.8300000000000001,0.9943383585505543
Aluminium,Al,3.835,0.99435306195006024
Aluminium,Al,3.8399999999999999,0.99436770821115161
Aluminium,Al,3.8450000000000002,0.99438229762916575
Aluminium,Al,3.8500000000000001,0.99439683049753969
Aluminium,Al,3.855,0.99441130710782
Aluminium,Al,3.8599999999999999,0.99442572774967908
Aluminium,Al,3.8650000000000002,0.9944400927109297
Aluminium,Al,3.8700000000000001,0.99445440227753767
Aluminium,Al,3.875,0.9944686567336396
Aluminium,Al,3.8799999999999999,0.9944828563615532
Aluminium,Al,3.8850000000000002,0.99449700144179265
Aluminium,Al,3.8900000000000001,0.99451109225308498
Aluminium,Al,3.895,0.99452512907237633
Aluminium,Al,3.8999999999999999,0.99453911217485469
Aluminium,Al,3.9050000000000002,0.99455304183395743
Aluminium,Al,3.9100000000000001,0.99456691832138655
Aluminium,Al,3.915,0.99458074190712042
Aluminium,Al,3.9199999999999999,0.99459451285942868
Aluminium,Al,3.9250000000000003,0.99460823144488586
Aluminium,Al,3.9300000000000002,0.99462189792838018
Aluminium,Al,3.9350000000000001,0.99463551257313054
Aluminium,Al,3.9399999999999999,0.99464907564069727
Aluminium,Al,3.9450000000000003,0.994662587390995
Aluminium,Al,3.9500000000000002,0.9946760480823047
Aluminium,Al,3.9550000000000001,0.99468945797128638
Aluminium,Al,3.96,0.99470281731299148
Aluminium,Al,3.9650000000000003,0.99471612636087292
Aluminium,Al,3.9700000000000002,0.99472938536680111
Aluminium,Al,3.9750000000000001,0.99474259458107173
Aluminium,Al,3.98,0.99475575425241924
Aluminium,Al,3.9849999999999999,0.99476886462803016
Aluminium,Al,3.9900000000000002,0.99478192595355142
Aluminium,Al,3.9950000000000001,0.99479493847310307
Aluminium,Al,4,0.99480790242929118
Aluminium,Al,4.0049999999999999,0.99482081806321665
Aluminium,Al,4.0099999999999998,0.99483368561448882
Aluminium,Al,4.0149999999999997,0.99484650532123375
Aluminium,Al,4.0200000000000005,0.9948592774201086
Aluminium,Al,4.0250000000000004,0.99487200214630889
Aluminium,Al,4.0300000000000002,0.9948846797335823
Aluminium,Al,4.0350000000000001,0.99489731041423657
Aluminium,Al,4.04,0.99490989441915412
Aluminium,Al,4.0449999999999999,0.99492243197779751
Aluminium,Al,4.0499999999999998,0.99493492331822286
Aluminium,Al,4.0549999999999997,0.99494736866709077
Aluminium,Al,4.0600000000000005,0.9949597682496758
Aluminium,Al,4.0650000000000004,0.99497212228987408
Aluminium,Al,4.0700000000000003,0.99498443101021761
Aluminium,Al,4.0750000000000002,0.99499669463188245
Aluminium,Al,4.0800000000000001,0.99500891337469632
Aluminium,Al,4.085,0.99502108745715279
Aluminium,Al,4.0899999999999999,0.99503321709641745
Aluminium,Al,4.0949999999999998,0.99504530250833922
Aluminium,Al,4.0999999999999996,0.99505734390745859
Aluminium,Al,4.1050000000000004,0.99506934150702053
Aluminium,Al,4.1100000000000003,0.99508129551897806
Aluminium,Al,4.1150000000000002,0.99509320615400798
Aluminium,Al,4.1200000000000001,0.99510507362151501
Aluminium,Al,4.125,0.99511689812964355
Aluminium,Al,4.1299999999999999,0.9951286798852863
Aluminium,Al,4.1349999999999998,0.99514041909409412
Aluminium,Al,4.1399999999999997,0.9951521159604817
Aluminium,Al,4.1450000000000005,0.99516377068764195
Aluminium,Al,4.1500000000000004,0.9951753834775483
Aluminium,Al,4.1550000000000002,0.99518695453096861
Aluminium,Al,4.1600000000000001,0.99519848404747246
Aluminium,Al,4.165,0.99520997222543695
Aluminium,Al,4.1699999999999999,0.99522141926206065
Aluminium,Al,4.1749999999999998,0.99523282535336544
Aluminium,Al,4.1799999999999997,0.99524419069420988
Aluminium,Al,4.1850000000000005,0.99525551547829638
Aluminium,Al,4.1900000000000004,0.99526679989817746
Aluminium,Al,4.1950000000000003,0.99527804414526733
Aluminium,Al,4.2000000000000002,0.99528924840984578
Aluminium,Al,4.2050000000000001,0.99530041288106974
Aluminium,Al,4.21,0.99531153774697978
Aluminium,Al,4.2149999999999999,0.99532262319450782
Aluminium,Al,4.2199999999999998,0.99533366940948498
Aluminium,Al,4.2249999999999996,0.99534467657665127
Aluminium,Al,4.2300000000000004,0.99535564487965889
Aluminium,Al,4.2350000000000003,0.99536657450108479
Aluminium,Al,4.2400000000000002,0.99537746562243568
Aluminium,Al,4.2450000000000001,0.99538831842415498
Aluminium,Al,4.25,0.99539913308563199
Aluminium,Al,4.2549999999999999,0.99540990978520771
Aluminium,Al,4.2599999999999998,0.99542064870018521
Aluminium,Al,4.2649999999999997,0.99543135000683103
Aluminium,Al,4.2700000000000005,0.99544201388038844
Aluminium,Al,4.2750000000000004,0.99545264049508164
Aluminium,Al,4.2800000000000002,0.99546323002412351
Aluminium,Al,4.2850000000000001,0.99547378263972208
Aluminium,Al,4.29,0.99548429851308695
Aluminium,Al,4.2949999999999999,0.99549477781444007
Aluminium,Al,4.2999999999999998,0.99550522071301606
Aluminium,Al,4.3049999999999997,0.99551562737707588
Aluminium,Al,4.3100000000000005,0.99552599797390784
Aluminium,Al,4.3150000000000004,0.99553633266983721
Aluminium,Al,4.3200000000000003,0.99554663163023394
Aluminium,Al,4.3250000000000002,0.99555689501951705
Aluminium,Al,4.3300000000000001,0.99556712300116146
Aluminium,Al,4.335,0.99557731573770514
Aluminium,Al,4.3399999999999999,0.99558747339075426
Aluminium,Al,4.3449999999999998,0.99559759612099386
Aluminium,Al,4.3500000000000005,0.99560768408818612
Aluminium,Al,4.3550000000000004,0.99561773745118676
Aluminium,Al,4.3600000000000003,0.99562775636794076
Aluminium,Al,4.3650000000000002,0.9956377409954984
Aluminium,Al,4.3700000000000001,0.99564769149001386
Aluminium,Al,4.375,0.9956576080067544
Aluminium,Al,4.3799999999999999,0.99566749070010763
Aluminium,Al,4.3849999999999998,0.9956773397235843
Aluminium,Al,4.3899999999999997,0.99568715522982765
Aluminium,Al,4.3950000000000005,0.99569693737061549
Aluminium,Al,4.4000000000000004,0.99570668629687198
Aluminium,Al,4.4050000000000002,0.99571640215866497
Aluminium,Al,4.4100000000000001,0.99572608510522009
Aluminium,Al,4.415,0.99573573528492076
Aluminium,Al,4.4199999999999999,0.99574535284531673
Aluminium,Al,4.4249999999999998,0.9957549379331293
Aluminium,Al,4.4299999999999997,0.99576449069425499
Aluminium,Al,4.4350000000000005,0.99577401127377452
Aluminium,Al,4.4400000000000004,0.99578349981595449
Aluminium,Al,4.4450000000000003,0.9957929564642557
Aluminium,Al,4.4500000000000002,0.99580238136133725
Aluminium,Al,4.4550000000000001,0.99581177464906201
Aluminium,Al,4.46,0.99582113646850257
Aluminium,Al,4.4649999999999999,0.99583046695994637
Aluminium,Al,4.4699999999999998,0.99583976626289927
Aluminium,Al,4.4750000000000005,0.99584903451609263
Aluminium,Al,4.4800000000000004,0.99585827185748976
Aluminium,Al,4.4850000000000003,0.99586747842428569
Aluminium,Al,4.4900000000000002,0.99587665435291861
Aluminium,Al,4.4950000000000001,0.99588579977907199
Aluminium,Al,4.5,0.99589491483767734
Aluminium,Al,4.5049999999999999,0.99590399966292398
Aluminium,Al,4.5099999999999998,0.99591305438825994
Aluminium,Al,4.5149999999999997,0.9959220791464003
Aluminium,Al,4.5200000000000005,0.99593107406932668
Aluminium,Al,4.5250000000000004,0.99594003928829899
Aluminium,Al,4.5300000000000002,0.99594897493385481
Aluminium,Al,4.5350000000000001,0.99595788113581685
Aluminium,Al,4.54,0.99596675802329582
Aluminium,Al,4.5449999999999999,0.99597560572469646
Aluminium,Al,4.5499999999999998,0.99598442436772316
Aluminium,Al,4.5549999999999997,0.99599321407938068
Aluminium,Al,4.5600000000000005,0.99600197498598397
Aluminium,Al,4.5650000000000004,0.99601070721315776
Aluminium,Al,4.5700000000000003,0.99601941088584378
Aluminium,Al,4.5750000000000002,0.99602808612830551
Aluminium,Al,4.5800000000000001,0.99603673306412988
Aluminium,Al,4.585,0.99604535181623666
Aluminium,Al,4.5899999999999999,0.99605394250687629
Aluminium,Al,4.5949999999999998,0.99606250525763984
Aluminium,Al,4.6000000000000005,0.99607104018945969
Aluminium,Al,4.6050000000000004,0.99607954742261584
Aluminium,Al,4.6100000000000003,0.99608802707674038
Aluminium,Al,4.6150000000000002,0.99609647927081935
Aluminium,Al,4.6200000000000001,0.9961049041231983
Aluminium,Al,4.625,0.99611330175158652
Aluminium,Al,4.6299999999999999,0.99612167227306159
Aluminium,Al,4.6349999999999998,0.99613001580407312
Aluminium,Al,4.6399999999999997,0.99613833246044536
Aluminium,Al,4.6450000000000005,0.99614662235738416
Aluminium,Al,4.6500000000000004,0.99615488560947607
Aluminium,Al,4.6550000000000002,0.99616312233069959
Aluminium,Al,4.6600000000000001,0.99617133263442248
Aluminium,Al,4.665,0.99617951663340687
Aluminium,Al,4.6699999999999999,0.99618767443981793
Aluminium,Al,4.6749999999999998,0.99619580616522074
Aluminium,Al,4.6799999999999997,0.99620391192058866
Aluminium,Al,4.6850000000000005,0.9962119918163066
Aluminium,Al,4.6900000000000004,0.99622004596217295
Aluminium,Al,4.6950000000000003,0.99622807446740569
Aluminium,Al,4.7000000000000002,0.9962360774406428
Aluminium,Al,4.7050000000000001,0.99624405498995039
Aluminium,Al,4.71,0.99625200722282148
Aluminium,Al,4.7149999999999999,0.99625993424618331
Aluminium,Al,4.7199999999999998,0.99626783616640147
Aluminium,Al,4.7250000000000005,0.99627571308927632
Aluminium,Al,4.7300000000000004,0.99628356512005722
Aluminium,Al,4.7350000000000003,0.99629139236343833
Aluminium,Al,4.7400000000000002,0.99629919492356334
Aluminium,Al,4.7450000000000001,0.99630697290403281
Aluminium,Al,4.75,0.99631472640790242
Aluminium,Al,4.7549999999999999,0.99632245553768894
Aluminium,Al,4.7599999999999998,0.99633016039537314
Aluminium,Al,4.7649999999999997,0.99633784108240553
Aluminium,Al,4.7700000000000005,0.99634549769970593
Aluminium,Al,4.7750000000000004,0.99635313034766781
Aluminium,Al,4.7800000000000002,0.99636073912616308
Aluminium,Al,4.7850000000000001,0.99636832413454379
Aluminium,Al,4.79,0.99637588547164746
Aluminium,Al,4.7949999999999999,0.99638342323579598
Aluminium,Al,4.7999999999999998,0.99639093752480545
Aluminium,Al,4.8049999999999997,0.99639842843598225
Aluminium,Al,4.8100000000000005,0.9964058960661305
Aluminium,Al,4.8150000000000004,0.99641334051155428
Aluminium,Al,4.8200000000000003,0.99642076186806128
Aluminium,Al,4.8250000000000002,0.99642816023096492
Aluminium,Al,4.8300000000000001,0.99643553569508536
Aluminium,Al,4.835,0.9964428883547588
Aluminium,Al,4.8399999999999999,0.99645021830383229
Aluminium,Al,4.8449999999999998,0.9964575256356748
Aluminium,Al,4.8500000000000005,0.99646481044317337
Aluminium,Al,4.8550000000000004,0.99647207281874195
Aluminium,Al,4.8600000000000003,0.99647931285431746
Aluminium,Al,4.8650000000000002,0.99648653064137027
Aluminium,Al,4.8700000000000001,0.99649372627090071
Aluminium,Al,4.875,0.99650089983344781
Aluminium,Al,4.8799999999999999,0.99650805141908549
Aluminium,Al,4.8849999999999998,0.99651518111743109
Aluminium,Al,4.8899999999999997,0.99652228901764506
Aluminium,Al,4.8950000000000005,0.99652937520843377
Aluminium,Al,4.9000000000000004,0.9965364397780565
Aluminium,Al,4.9050000000000002,0.99654348281432015
Aluminium,Al,4.9100000000000001,0.9965505044045907
Aluminium,Al,4.915,0.99655750463578952
Aluminium,Al,4.9199999999999999,0.99656448359439853
Aluminium,Al,4.9249999999999998,0.99657144136646325
Aluminium,Al,4.9299999999999997,0.99657837803759519
Aluminium,Al,4.9350000000000005,0.99658529369297211
Aluminium,Al,4.9400000000000004,0.99659218841734687
Aluminium,Al,4.9450000000000003,0.99659906229504081
Aluminium,Al,4.9500000000000002,0.99660591540995513
Aluminium,Al,4.9550000000000001,0.99661274784556775
Aluminium,Al,4.96,0.99661955968493865
Aluminium,Al,4.9649999999999999,0.99662635101071106
Aluminium,Al,4.9699999999999998,0.99663312190511444
Aluminium,Al,4.9750000000000005,0.99663987244996677
Aluminium,Al,4.9800000000000004,0.99664660272667815
Aluminium,Al,4.9850000000000003,0.99665331281625036
Aluminium,Al,4.9900000000000002,0.9966600027992828
Aluminium,Al,4.9950000000000001,0.9966666727559722
Aluminium,Al,5,0.9966733227661182
Iron,Fe,0,0
Iron,Fe,0.0050000000000000001,5.5355861069470745e-83
Iron,Fe,0.01,3.720075976020905e-40
Iron,Fe,0.014999999999999999,4.9528140348459327e-26
Iron,Fe,0.02,4.8218746199098317e-19
Iron,Fe,0.025000000000000001,6.7973668084665601e-15
Iron,Fe,0.029999999999999999,3.7091531059611433e-12
Iron,Fe,0.035000000000000003,3.1874996271057826e-10
Iron,Fe,0.040000000000000001,8.6799649158436348e-09
Iron,Fe,0.044999999999999998,1.1030278702227049e-07
Iron,Fe,0.050000000000000003,8.2446145237410601e-07
Iron,Fe,0.055,4.197699298135711e-06
Iron,Fe,0.059999999999999998,1.6049303297407637e-05
Iron,Fe,0.065000000000000002,4.9285583186326874e-05
Iron,Fe,0.070000000000000007,0.00012752565956825526
Iron,Fe,0.074999999999999997,0.00028792925129118109
Iron,Fe,0.080000000000000002,0.00058229389814401142
Iron,Fe,0.085000000000000006,0.001076024240661663
Iron,Fe,0.089999999999999997,0.0018451586742078505
Iron,Fe,0.095000000000000001,0.0029720439284188168
Iron,Fe,0.10000000000000001,0.0045404052350475413
Iron,Fe,0.105,0.006630510498834793
Iron,Fe,0.11,0.0093149570976208858
Iron,Fe,0.115,0.012655400709885103
Iron,Fe,0.12,0.016700352296325757
Iron,Fe,0.125,0.021484019939626529
Iron,Fe,0.13,0.027026073894798146
Iron,Fe,0.13500000000000001,0.033332160920918869
Iron,Fe,0.14000000000000001,0.040394977370310441
Iron,Fe,0.14499999999999999,0.048195718264151449
Iron,Fe,0.14999999999999999,0.056705741728639646
Iron,Fe,0.155,0.065888317030934271
Iron,Fe,0.16,0.0757003547131678
Iron,Fe,0.16500000000000001,0.086094045656237364
Iron,Fe,0.17000000000000001,0.097018360527948613
Iron,Fe,0.17500000000000002,0.10842038127243649
Iron,Fe,0.17999999999999999,0.12024645206074586
Iron,Fe,0.185,0.13244314882686184
Iron,Fe,0.19,0.1449580747348739
Iron,Fe,0.19500000000000001,0.15774049429712389
Iron,Fe,0.20000000000000001,0.1707418220048014
Iron,Fe,0.20500000000000002,0.18391598279138896
Iron,Fe,0.20999999999999999,0.19721966189170706
Iron,Fe,0.215,0.21061246106421885
Iron,Fe,0.22,0.22405697700931818
Iron,Fe,0.22500000000000001,0.23751881636772715
Iron,Fe,0.23000000000000001,0.25096656008709939
Iron,Fe,0.23500000000000001,0.26437168831922508
Iron,Fe,0.23999999999999999,0.27770847543464883
Iron,Fe,0.245,0.29095386326671574
Iron,Fe,0.25,0.30408731935228439
Iron,Fe,0.255,0.31709068573517762
Iron,Fe,0.26000000000000001,0.32994802284369928
Iron,Fe,0.26500000000000001,0.34264545204079033
Iron,Fe,0.27000000000000002,0.35517099966565152
Iron,Fe,0.27500000000000002,0.36751444472736372
Iron,Fe,0.28000000000000003,0.37966717186147109
Iron,Fe,0.28500000000000003,0.39162203070668827
Iron,Fe,0.28999999999999998,0.40337320248830039
Iron,Fe,0.29499999999999998,0.41491607429573146
Iron,Fe,0.29999999999999999,0.42624712130339082
Iron,Fe,0.30499999999999999,0.43736379699671918
Iron,Fe,0.31,0.44826443132082661
Iron,Fe,0.315,0.45894813655989836
Iron,Fe,0.32000000000000001,0.46941472067527401
Iron,Fe,0.32500000000000001,0.47966460777334152
Iron,Fe,0.33000000000000002,0.48969876533657114
Iron,Fe,0.33500000000000002,0.499518637828261
Iron,Fe,0.34000000000000002,0.50912608627067246
Iron,Fe,0.34500000000000003,0.51852333339456069
Iron,Fe,0.35000000000000003,0.5277129139634209
Iron,Fe,0.35499999999999998,0.53669762988635583
Iron,Fe,0.35999999999999999,0.54548050974781903
Iron,Fe,0.36499999999999999,0.55406477239947782
Iron,Fe,0.37,0.56245379427814135
Iron,Fe,0.375,0.57065108013337351
Iron,Fe,0.38,0.57866023686850199
Iron,Fe,0.38500000000000001,0.5864849502187911
Iron,Fe,0.39000000000000001,0.59412896401027704
Iron,Fe,0.39500000000000002,0.60159606176187463
Iron,Fe,0.40000000000000002,0.6088900504117275
Iron,Fe,0.40500000000000003,0.61601474596625116
Iron,Fe,0.41000000000000003,0.62297396088684409
Iron,Fe,0.41500000000000004,0.62977149304476376
Iron,Fe,0.41999999999999998,0.63641111608920331
Iron,Fe,0.42499999999999999,0.64289657108711407
Iron,Fe,0.42999999999999999,0.64923155930588516
Iron,Fe,0.435,0.65541973602158876
Iron,Fe,0.44,0.66146470524620804
Iron,Fe,0.44500000000000001,0.66737001527711903
Iron,Fe,0.45000000000000001,0.67313915498113341
Iron,Fe,0.45500000000000002,0.67877555073369245
Iron,Fe,0.46000000000000002,0.68428256394138687
Iron,Fe,0.46500000000000002,0.68966348908289143
Iron,Fe,0.47000000000000003,0.69492155220970819
Iron,Fe,0.47500000000000003,0.70005990985386712
Iron,Fe,0.47999999999999998,0.70508164829495401
Iron,Fe,0.48499999999999999,0.7099897831435853
Iron,Fe,0.48999999999999999,0.71478725920276509
Iron,Fe,0.495,0.71947695057246408
Iron,Fe,0.5,0.72406166096631042
Iron,Fe,0.505,0.72854412421248582
Iron,Fe,0.51000000000000001,0.73292700491382701
Iron,Fe,0.51500000000000001,0.73721289924475664
Iron,Fe,0.52000000000000002,0.74140433586503995
Iron,Fe,0.52500000000000002,0.7455037769325038
Iron,Fe,0.53000000000000003,0.74951361919879234
Iron,Fe,0.53500000000000003,0.75343619517396909
Iron,Fe,0.54000000000000004,0.75727377434735244
Iron,Fe,0.54500000000000004,0.76102856445338829
Iron,Fe,0.55000000000000004,0.76470271277262558
Iron,Fe,0.55500000000000005,0.76829830745902183
Iron,Fe,0.56000000000000005,0.7718173788858298
Iron,Fe,0.56500000000000006,0.77526190100323189
Iron,Fe,0.57000000000000006,0.77863379270174371
Iron,Fe,0.57500000000000007,0.78193491917612601
Iron,Fe,0.57999999999999996,0.78516709328523637
Iron,Fe,0.58499999999999996,0.78833207690383578
Iron,Fe,0.58999999999999997,0.79143158226290877
Iron,Fe,0.59499999999999997,0.79446727327553235
Iron,Fe,0.59999999999999998,0.79744076684575704
Iron,Fe,0.60499999999999998,0.80035363415834815
Iron,Fe,0.60999999999999999,0.80320740194757012
Iron,Fe,0.61499999999999999,0.80600355374351051
Iron,Fe,0.62,0.80874353109469743
Iron,Fe,0.625,0.81142873476601085
Iron,Fe,0.63,0.81406052591110334
Iron,Fe,0.63500000000000001,0.81664022721872287
Iron,Fe,0.64000000000000001,0.81916912403250508
Iron,Fe,0.64500000000000002,0.82164846544395065
Iron,Fe,0.65000000000000002,0.82407946535841514
Iron,Fe,0.65500000000000003,0.82646330353407349
Iron,Fe,0.66000000000000003,0.82880112659390515
Iron,Fe,0.66500000000000004,0.83109404901082851
Iron,Fe,0.67000000000000004,0.83334315406620341
Iron,Fe,0.67500000000000004,0.83554949478196616
Iron,Fe,0.68000000000000005,0.83771409482672687
Iron,Fe,0.68500000000000005,0.83983794939620338
Iron,Fe,0.69000000000000006,0.84192202606840061
Iron,Fe,0.69500000000000006,0.84396726563398783
Iron,Fe,0.70000000000000007,0.84597458290233452
Iron,Fe,0.70499999999999996,0.84794486748371434
Iron,Fe,0.70999999999999996,0.84987898454817346
Iron,Fe,0.71499999999999997,0.85177777556159995
Iron,Fe,0.71999999999999997,0.85364205899952172
Iron,Fe,0.72499999999999998,0.85547263103917948
Iron,Fe,0.72999999999999998,0.85727026623041414
Iron,Fe,0.73499999999999999,0.85903571814592483
Iron,Fe,0.73999999999999999,0.86076972001143492
Iron,Fe,0.745,0.86247298531631467
Iron,Fe,0.75,0.86414620840520218
Iron,Fe,0.755,0.86579006505115486
Iron,Fe,0.76000000000000001,0.86740521301085749
Iron,Fe,0.76500000000000001,0.86899229256241817
Iron,Fe,0.77000000000000002,0.87055192702625195
Iron,Fe,0.77500000000000002,0.87208472326956388
Iron,Fe,0.78000000000000003,0.87359127219492438
Iron,Fe,0.78500000000000003,0.87507214921341936
Iron,Fe,0.79000000000000004,0.87652791470284741
Iron,Fe,0.79500000000000004,0.87795911445143426
Iron,Fe,0.80000000000000004,0.87936628008750417
Iron,Fe,0.80500000000000005,0.88074992949555997
Iron,Fe,0.81000000000000005,0.88211056721919567
Iron,Fe,0.81500000000000006,0.88344868485126204
Iron,Fe,0.82000000000000006,0.88476476141168736
Iron,Fe,0.82500000000000007,0.88605926371335841
Iron,Fe,0.83000000000000007,0.88733264671643508
Iron,Fe,0.83499999999999996,0.8885853538714833
Iron,Fe,0.83999999999999997,0.88981781745177735
Iron,Fe,0.84499999999999997,0.89103045887513399
Iron,Fe,0.84999999999999998,0.892223689015614
Iron,Fe,0.85499999999999998,0.89339790850542222
Iron,Fe,0.85999999999999999,0.8945535080273278
Iron,Fe,0.86499999999999999,0.8956908685979178
Iron,Fe,0.87,0.89681036184197993
Iron,Fe,0.875,0.89791235025830896
Iron,Fe,0.88,0.89899718747722246
Iron,Fe,0.88500000000000001,0.9000652185100475
Iron,Fe,0.89000000000000001,0.90111677999085948
Iron,Fe,0.89500000000000002,0.90215220041071165
Iron,Fe,0.90000000000000002,0.90317180034461242
Iron,Fe,0.90500000000000003,0.90417589267149068
Iron,Fe,0.91000000000000003,0.90516478278737067
Iron,Fe,0.91500000000000004,0.90613876881199118
Iron,Fe,0.92000000000000004,0.90709814178907788
Iron,Fe,0.92500000000000004,0.90804318588047794
Iron,Fe,0.93000000000000005,0.90897417855436569
Iron,Fe,0.93500000000000005,0.90989139076770065
Iron,Fe,0.94000000000000006,0.91079508714314361
Iron,Fe,0.94500000000000006,0.91168552614059784
Iron,Fe,0.95000000000000007,0.91256296022355909
Iron,Fe,0.95500000000000007,0.91342763602044319
Iron,Fe,0.95999999999999996,0.91427979448105368
Iron,Fe,0.96499999999999997,0.91511967102835057
Iron,Fe,0.96999999999999997,0.91594749570566913
Iron,Fe,0.97499999999999998,0.91676349331954332
Iron,Fe,0.97999999999999998,0.91756788357827002
Iron,Fe,0.98499999999999999,0.91836088122635495
Iron,Fe,0.98999999999999999,0.91914269617497524
Iron,Fe,0.995,0.91991353362858619
Iron,Fe,1,0.92067359420779238
Iron,Fe,1.0050000000000001,0.92142307406861301
Iron,Fe,1.01,0.92216216501824644
Iron,Fe,1.0150000000000001,0.9228910546274548
Iron,Fe,1.02,0.92360992633967143
Iron,Fe,1.0249999999999999,0.92431895957693944
Iron,Fe,1.03,0.92501832984277799
Iron,Fe,1.0349999999999999,0.92570820882208182
Iron,Fe,1.04,0.92638876447813656
Iron,Fe,1.0449999999999999,0.92706016114685319
Iron,Fe,1.05,0.92772255962830152
Iron,Fe,1.0549999999999999,0.92837611727563119
Iron,Fe,1.0600000000000001,0.92902098808145961
Iron,Fe,1.0649999999999999,0.92965732276181134
Iron,Fe,1.0700000000000001,0.93028526883767948
Iron,Fe,1.075,0.93090497071428857
Iron,Fe,1.0800000000000001,0.93151656975812525
Iron,Fe,1.085,0.93212020437181164
Iron,Fe,1.0900000000000001,0.93271601006688598
Iron,Fe,1.095,0.93330411953455128
Iron,Fe,1.1000000000000001,0.93388466271446202
Iron,Fe,1.105,0.9344577668616032
Iron,Fe,1.1100000000000001,0.93502355661132441
Iron,Fe,1.115,0.93558215404258094
Iron,Fe,1.1200000000000001,0.93613367873944131
Iron,Fe,1.125,0.93667824785091136
Iron,Fe,1.1300000000000001,0.93721597614912422
Iron,Fe,1.135,0.93774697608595314
Iron,Fe,1.1400000000000001,0.93827135784808191
Iron,Fe,1.145,0.93878922941059539
Iron,Fe,1.1500000000000001,0.93930069658911941
Iron,Fe,1.155,0.93980586309056302
Iron,Fe,1.1599999999999999,0.94030483056250269
Iron,Fe,1.165,0.94079769864124574
Iron,Fe,1.1699999999999999,0.94128456499861834
Iron,Fe,1.175,0.94176552538750924
Iron,Fe,1.1799999999999999,0.94224067368620801
Iron,Fe,1.1850000000000001,0.94271010194158145
Iron,Fe,1.1899999999999999,0.94317390041110383
Iron,Fe,1.1950000000000001,0.94363215760379637
Iron,Fe,1.2,0.94408496032009115
Iron,Fe,1.2050000000000001,0.94453239369066033
Iron,Fe,1.21,0.94497454121423297
Iron,Fe,1.2150000000000001,0.94541148479443993
Iron,Fe,1.22,0.94584330477569978
Iron,Fe,1.2250000000000001,0.94627007997819068
Iron,Fe,1.23,0.94669188773191848
Iron,Fe,1.2350000000000001,0.9471088039099167
Iron,Fe,1.24,0.94752090296060143
Iron,Fe,1.2450000000000001,0.94792825793930324
Iron,Fe,1.25,0.94833094053899936
Iron,Fe,1.2550000000000001,0.94872902112027213
Iron,Fe,1.26,0.94912256874051182
Iron,Fe,1.2650000000000001,0.94951165118238856
Iron,Fe,1.27,0.94989633498160797
Iron,Fe,1.2750000000000001,0.95027668545397947
Iron,Fe,1.28,0.95065276672180932
Iron,Fe,1.2849999999999999,0.9510246417396383
Iron,Fe,1.29,0.95139237231934448
Iron,Fe,1.2949999999999999,0.95175601915462948
Iron,Fe,1.3,0.95211564184489894
Iron,Fe,1.3049999999999999,0.9524712989185623
Iron,Fe,1.3100000000000001,0.95282304785576266
Iron,Fe,1.3149999999999999,0.95317094511055167
Iron,Fe,1.3200000000000001,0.95351504613252813
Iron,Fe,1.325,0.95385540538795299
Iron,Fe,1.3300000000000001,0.9541920763803543
Iron,Fe,1.335,0.95452511167063803
Iron,Fe,1.3400000000000001,0.95485456289671522
Iron,Fe,1.345,0.95518048079266116
Iron,Fe,1.3500000000000001,0.95550291520741726
Iron,Fe,1.355,0.95582191512304959
Iron,Fe,1.3600000000000001,0.95613752867257318
Iron,Fe,1.365,0.95644980315735828
Iron,Fe,1.3700000000000001,0.95675878506412426
Iron,Fe,1.375,0.95706452008153475
Iron,Fe,1.3800000000000001,0.95736705311640591
Iron,Fe,1.385,0.95766642830953552
Iron,Fe,1.3900000000000001,0.95796268905116255
Iron,Fe,1.395,0.95825587799607248
Iron,Fe,1.4000000000000001,0.95854603707834651
Iron,Fe,1.405,0.95883320752577705
Iron,Fe,1.4099999999999999,0.95911742987394788
Iron,Fe,1.415,0.95939874397999281
Iron,Fe,1.4199999999999999,0.95967718903603993
Iron,Fe,1.425,0.95995280358234902
Iron,Fe,1.4299999999999999,0.96022562552015189
Iron,Fe,1.4350000000000001,0.96049569212419794
Iron,Fe,1.4399999999999999,0.96076304005502133
Iron,Fe,1.4450000000000001,0.96102770537092952
Iron,Fe,1.45,0.96128972353972009
Iron,Fe,1.4550000000000001,0.96154912945013971
Iron,Fe,1.46,0.96180595742308472
Iron,Fe,1.4650000000000001,0.96206024122255129
Iron,Fe,1.47,0.96231201406634537
Iron,Fe,1.4750000000000001,0.96256130863655276
Iron,Fe,1.48,0.96280815708978129
Iron,Fe,1.4850000000000001,0.96305259106717234
Iron,Fe,1.49,0.96329464170419821
Iron,Fe,1.4950000000000001,0.96353433964024238
Iron,Fe,1.5,0.96377171502797054
Iron,Fe,1.5050000000000001,0.96400679754249829
Iron,Fe,1.51,0.96423961639035871
Iron,Fe,1.5150000000000001,0.96447020031827946
Iron,Fe,1.52,0.96469857762176581
Iron,Fe,1.5250000000000001,0.96492477615350125
Iron,Fe,1.53,0.96514882333156871
Iron,Fe,1.5350000000000001,0.96537074614749507
Iron,Fe,1.54,0.9655905711741225
Iron,Fe,1.5449999999999999,0.965808324573315
Iron,Fe,1.55,0.96602403210349963
Iron,Fe,1.5549999999999999,0.96623771912704892
Iron,Fe,1.5600000000000001,0.96644941061750755
Iron,Fe,1.5649999999999999,0.96665913116666546
Iron,Fe,1.5700000000000001,0.96686690499148598
Iron,Fe,1.575,0.9670727559408846
Iron,Fe,1.5800000000000001,0.96727670750237049
Iron,Fe,1.585,0.96747878280854682
Iron,Fe,1.5900000000000001,0.967679004643478
Iron,Fe,1.595,0.96787739544892237
Iron,Fe,1.6000000000000001,0.96807397733044143
Iron,Fe,1.605,0.96826877206337802
Iron,Fe,1.6100000000000001,0.96846180109871449
Iron,Fe,1.615,0.96865308556881036
Iron,Fe,1.6200000000000001,0.96884264629302286
Iron,Fe,1.625,0.9690305037832142
Iron,Fe,1.6300000000000001,0.96921667824914415
Iron,Fe,1.635,0.96940118960375621
Iron,Fe,1.6400000000000001,0.96958405746835596
Iron,Fe,1.645,0.969765301177685
Iron,Fe,1.6500000000000001,0.96994493978489338
Iron,Fe,1.655,0.97012299206641117
Iron,Fe,1.6600000000000001,0.97029947652672566
Iron,Fe,1.665,0.97047441140305923
Iron,Fe,1.6699999999999999,0.9706478146699582
Iron,Fe,1.675,0.97081970404378726
Iron,Fe,1.6799999999999999,0.97099009698713867
Iron,Fe,1.6850000000000001,0.97115901071315036
Iron,Fe,1.6899999999999999,0.97132646218974406
Iron,Fe,1.6950000000000001,0.97149246814377488
Iron,Fe,1.7,0.9716570450651042
Iron,Fe,1.7050000000000001,0.97182020921059009
Iron,Fe,1.71,0.97198197660800301
Iron,Fe,1.7150000000000001,0.97214236305986235
Iron,Fe,1.72,0.97230138414720035
Iron,Fe,1.7250000000000001,0.97245905523325404
Iron,Fe,1.73,0.9726153914670842
Iron,Fe,1.7350000000000001,0.97277040778712642
Iron,Fe,1.74,0.97292411892467301
Iron,Fe,1.7450000000000001,0.97307653940728978
Iron,Fe,1.75,0.97322768356216627
Iron,Fe,1.7550000000000001,0.9733775655194018
Iron,Fe,1.76,0.9735261992152322
Iron,Fe,1.7650000000000001,0.9736735983951923
Iron,Fe,1.77,0.97381977661722008
Iron,Fe,1.7750000000000001,0.97396474725470206
Iron,Fe,1.78,0.97410852349946286
Iron,Fe,1.7850000000000001,0.97425111836469669
Iron,Fe,1.79,0.97439254468784542
Iron,Fe,1.7949999999999999,0.97453281513342216
Iron,Fe,1.8,0.97467194219578468
Iron,Fe,1.8049999999999999,0.9748099382018528
Iron,Fe,1.8100000000000001,0.9749468153137818
Iron,Fe,1.8149999999999999,0.97508258553157923
Iron,Fe,1.8200000000000001,0.97521726069568138
Iron,Fe,1.825,0.97535085248947695
Iron,Fe,1.8300000000000001,0.97548337244178418
Iron,Fe,1.835,0.97561483192928777
Iron,Fe,1.8400000000000001,0.975745242178927
Iron,Fe,1.845,0.97587461427024147
Iron,Fe,1.8500000000000001,0.97600295913767487
Iron,Fe,1.855,0.97613028757283804
Iron,Fe,1.8600000000000001,0.97625661022672761
Iron,Fe,1.865,0.9763819376119095
Iron,Fe,1.8700000000000001,0.97650628010465967
Iron,Fe,1.875,0.97662964794706797
Iron,Fe,1.8800000000000001,0.97675205124910458
Iron,Fe,1.885,0.97687349999064832
Iron,Fe,1.8900000000000001,0.97699400402348069
Iron,Fe,1.895,0.97711357307324398
Iron,Fe,1.9000000000000001,0.9772322167413624
Iron,Fe,1.905,0.97734994450693391
Iron,Fe,1.9100000000000001,0.9774667657285856
Iron,Fe,1.915,0.97758268964629469
Iron,Fe,1.9199999999999999,0.97769772538318422
Iron,Fe,1.925,0.97781188194727919
Iron,Fe,1.9299999999999999,0.97792516823323772
Iron,Fe,1.9350000000000001,0.97803759302405113
Iron,Fe,1.9399999999999999,0.97814916499271198
Iron,Fe,1.9450000000000001,0.97825989270385694
Iron,Fe,1.95,0.97836978461537782
Iron,Fe,1.9550000000000001,0.97847884908000815
Iron,Fe,1.96,0.97858709434687763
Iron,Fe,1.9650000000000001,0.97869452856304662
Iron,Fe,1.97,0.97880115977500859
Iron,Fe,1.9750000000000001,0.97890699593017028
Iron,Fe,1.98,0.9790120448783034
Iron,Fe,1.9850000000000001,0.97911631437297719
Iron,Fe,1.99,0.97921981207295972
Iron,Fe,1.9950000000000001,0.97932254554360132
Iron,Fe,2,0.97942452225819099
Iron,Fe,2.0049999999999999,0.97952574959929262
Iron,Fe,2.0100000000000002,0.97962623486005607
Iron,Fe,2.0150000000000001,0.97972598524550936
Iron,Fe,2.02,0.97982500787382565
Iron,Fe,2.0249999999999999,0.97992330977757236
Iron,Fe,2.0300000000000002,0.98002089790493863
Iron,Fe,2.0350000000000001,0.98011777912093978
Iron,Fe,2.04,0.98021396020860596
Iron,Fe,2.0449999999999999,0.98030944787014929
Iron,Fe,2.0499999999999998,0.98040424872810961
Iron,Fe,2.0550000000000002,0.98049836932648482
Iron,Fe,2.0600000000000001,0.98059181613184221
Iron,Fe,2.0649999999999999,0.98068459553440801
Iron,Fe,2.0699999999999998,0.980776713849144
Iron,Fe,2.0750000000000002,0.98086817731680265
Iron,Fe,2.0800000000000001,0.98095899210496895
Iron,Fe,2.085,0.98104916430908051
Iron,Fe,2.0899999999999999,0.98113869995343439
Iron,Fe,2.0950000000000002,0.98122760499217898
Iron,Fe,2.1000000000000001,0.98131588531028624
Iron,Fe,2.105,0.98140354672450891
Iron,Fe,2.1099999999999999,0.98149059498432578
Iron,Fe,2.1150000000000002,0.9815770357728677
Iron,Fe,2.1200000000000001,0.98166287470783165
Iron,Fe,2.125,0.9817481173423781
Iron,Fe,2.1299999999999999,0.98183276916601625
Iron,Fe,2.1350000000000002,0.98191683560547272
Iron,Fe,2.1400000000000001,0.98200032202554832
Iron,Fe,2.145,0.98208323372996176
Iron,Fe,2.1499999999999999,0.98216557596217757
Iron,Fe,2.1550000000000002,0.98224735390622375
Iron,Fe,2.1600000000000001,0.98232857268749396
Iron,Fe,2.165,0.98240923737353947
Iron,Fe,2.1699999999999999,0.98248935297484785
Iron,Fe,2.1750000000000003,0.98256892444560828
Iron,Fe,2.1800000000000002,0.98264795668446758
Iron,Fe,2.1850000000000001,0.98272645453527108
Iron,Fe,2.1899999999999999,0.98280442278779623
Iron,Fe,2.1949999999999998,0.98288186617847073
Iron,Fe,2.2000000000000002,0.98295878939108117
Iron,Fe,2.2050000000000001,0.98303519705747244
Iron,Fe,2.21,0.98311109375823358
Iron,Fe,2.2149999999999999,0.98318648402337561
Iron,Fe,2.2200000000000002,0.98326137233299593
Iron,Fe,2.2250000000000001,0.98333576311793702
Iron,Fe,2.23,0.98340966076042946
Iron,Fe,2.2349999999999999,0.98348306959473164
Iron,Fe,2.2400000000000002,0.98355599390775228
Iron,Fe,2.2450000000000001,0.98362843793967225
Iron,Fe,2.25,0.98370040588454732
Iron,Fe,2.2549999999999999,0.98377190189091135
Iron,Fe,2.2600000000000002,0.98384293006236245
Iron,Fe,2.2650000000000001,0.98391349445814591
Iron,Fe,2.27,0.98398359909372579
Iron,Fe,2.2749999999999999,0.98405324794134685
Iron,Fe,2.2800000000000002,0.98412244493059164
Iron,Fe,2.2850000000000001,0.98419119394892596
Iron,Fe,2.29,0.98425949884223884
Iron,Fe,2.2949999999999999,0.98432736341537186
Iron,Fe,2.3000000000000003,0.98439479143264164
Iron,Fe,2.3050000000000002,0.98446178661835726
Iron,Fe,2.3100000000000001,0.98452835265732552
Iron,Fe,2.3149999999999999,0.98459449319535197
Iron,Fe,2.3199999999999998,0.98466021183973396
Iron,Fe,2.3250000000000002,0.98472551215974213
Iron,Fe,2.3300000000000001,0.98479039768710752
Iron,Fe,2.335,0.98485487191648335
Iron,Fe,2.3399999999999999,0.9849189383059147
Iron,Fe,2.3450000000000002,0.98498260027729589
Iron,Fe,2.3500000000000001,0.98504586121682136
Iron,Fe,2.355,0.98510872447542852
Iron,Fe,2.3599999999999999,0.98517119336923897
Iron,Fe,2.3650000000000002,0.9852332711799856
Iron,Fe,2.3700000000000001,0.98529496115544535
Iron,Fe,2.375,0.98535626650985086
Iron,Fe,2.3799999999999999,0.98541719042431131
Iron,Fe,2.3850000000000002,0.98547773604721312
Iron,Fe,2.3900000000000001,0.98553790649462636
Iron,Fe,2.395,0.9855977048506992
Iron,Fe,2.3999999999999999,0.98565713416805034
Iron,Fe,2.4050000000000002,0.98571619746814865
Iron,Fe,2.4100000000000001,0.98577489774169802
Iron,Fe,2.415,0.98583323794900979
Iron,Fe,2.4199999999999999,0.98589122102037008
Iron,Fe,2.4250000000000003,0.98594884985640563
Iron,Fe,2.4300000000000002,0.9860061273284384
Iron,Fe,2.4350000000000001,0.98606305627884561
Iron,Fe,2.4399999999999999,0.98611963952139947
Iron,Fe,2.4449999999999998,0.98617587984161936
Iron,Fe,2.4500000000000002,0.98623177999710665
Iron,Fe,2.4550000000000001,0.98628734271787621
Iron,Fe,2.46,0.98634257070669051
Iron,Fe,2.4649999999999999,0.98639746663938388
Iron,Fe,2.4700000000000002,0.98645203316517904
Iron,Fe,2.4750000000000001,0.98650627290700788
Iron,Fe,2.48,0.9865601884618197
Iron,Fe,2.4849999999999999,0.98661378240089137
Iron,Fe,2.4900000000000002,0.98666705727012671
Iron,Fe,2.4950000000000001,0.98672001559035827
Iron,Fe,2.5,0.98677265985764417
Iron,Fe,2.5049999999999999,0.98682499254355194
Iron,Fe,2.5100000000000002,0.98687701609545264
Iron,Fe,2.5150000000000001,0.9869287329368005
Iron,Fe,2.52,0.9869801454674122
Iron,Fe,2.5249999999999999,0.98703125606374198
Iron,Fe,2.5300000000000002,0.98708206707915602
Iron,Fe,2.5350000000000001,0.98713258084419475
Iron,Fe,2.54,0.98718279966684364
Iron,Fe,2.5449999999999999,0.98723272583279054
Iron,Fe,2.5500000000000003,0.98728236160568095
Iron,Fe,2.5550000000000002,0.98733170922737767
Iron,Fe,2.5600000000000001,0.98738077091820609
Iron,Fe,2.5649999999999999,0.98742954887720324
Iron,Fe,2.5699999999999998,0.98747804528236238
Iron,Fe,2.5750000000000002,0.98752626229087148
Iron,Fe,2.5800000000000001,0.98757420203935331
Iron,Fe,2.585,0.98762186664409557
Iron,Fe,2.5899999999999999,0.98766925820128848
Iron,Fe,2.5950000000000002,0.98771637878724516
Iron,Fe,2.6000000000000001,0.98776323045863368
Iron,Fe,2.605,0.98780981525269396
Iron,Fe,2.6099999999999999,0.98785613518745974
Iron,Fe,2.6150000000000002,0.98790219226197429
Iron,Fe,2.6200000000000001,0.98794798845650411
Iron,Fe,2.625,0.98799352573274812
Iron,Fe,2.6299999999999999,0.98803880603404903
Iron,Fe,2.6350000000000002,0.9880838312855954
Iron,Fe,2.6400000000000001,0.98812860339462449
Iron,Fe,2.645,0.98817312425062431
Iron,Fe,2.6499999999999999,0.98821739572552836
Iron,Fe,2.6550000000000002,0.98826141967391301
Iron,Fe,2.6600000000000001,0.98830519793318872
Iron,Fe,2.665,0.98834873232378839
Iron,Fe,2.6699999999999999,0.98839202464935705
Iron,Fe,2.6750000000000003,0.98843507669693731
Iron,Fe,2.6800000000000002,0.98847789023714761
Iron,Fe,2.6850000000000001,0.98852046702436813
Iron,Fe,2.6899999999999999,0.98856280879691583
Iron,Fe,2.6949999999999998,0.98860491727721878
Iron,Fe,2.7000000000000002,0.98864679417199441
Iron,Fe,2.7050000000000001,0.98868844117241517
Iron,Fe,2.71,0.98872985995428142
Iron,Fe,2.7149999999999999,0.98877105217818784
Iron,Fe,2.7200000000000002,0.988812019489687
Iron,Fe,2.7250000000000001,0.98885276351945439
Iron,Fe,2.73,0.98889328588344561
Iron,Fe,2.7349999999999999,0.98893358818305854
Iron,Fe,2.7400000000000002,0.98897367200528907
Iron,Fe,2.7450000000000001,0.9890135389228859
Iron,Fe,2.75,0.9890531904945008
Iron,Fe,2.7549999999999999,0.98909262826484501
Iron,Fe,2.7600000000000002,0.98913185376483459
Iron,Fe,2.7650000000000001,0.98917086851173652
Iron,Fe,2.77,0.98920967400931747
Iron,Fe,2.7749999999999999,0.98924827174798469
Iron,Fe,2.7800000000000002,0.98928666320492953
Iron,Fe,2.7850000000000001,0.98932484984426872
Iron,Fe,2.79,0.9893628331171771
Iron,Fe,2.7949999999999999,0.98940061446203065
Iron,Fe,2.8000000000000003,0.98943819530453891
Iron,Fe,2.8050000000000002,0.98947557705787748
Iron,Fe,2.8100000000000001,0.98951276112281994
Iron,Fe,2.8149999999999999,0.98954974888787117
Iron,Fe,2.8199999999999998,0.98958654172938976
Iron,Fe,2.8250000000000002,0.98962314101172066
Iron,Fe,2.8300000000000001,0.98965954808731815
Iron,Fe,2.835,0.98969576429686679
Iron,Fe,2.8399999999999999,0.98973179096941233
Iron,Fe,2.8450000000000002,0.98976762942247221
Iron,Fe,2.8500000000000001,0.9898032809621623
Iron,Fe,2.855,0.98983874688331164
Iron,Fe,2.8599999999999999,0.98987402846958028
Iron,Fe,2.8650000000000002,0.98990912699357381
Iron,Fe,2.8700000000000001,0.98994404371695677
Iron,Fe,2.875,0.98997877989056715
Iron,Fe,2.8799999999999999,0.9900133367545243
Iron,Fe,2.8850000000000002,0.99004771553834214
Iron,Fe,2.8900000000000001,0.99008191746103436
Iron,Fe,2.895,0.99011594373122436
Iron,Fe,2.8999999999999999,0.99014979554724758
Iron,Fe,2.9050000000000002,0.99018347409726237
Iron,Fe,2.9100000000000001,0.99021698055934515
Iron,Fe,2.915,0.99025031610160119
Iron,Fe,2.9199999999999999,0.99028348188225768
Iron,Fe,2.9250000000000003,0.99031647904976883
Iron,Fe,2.9300000000000002,0.99034930874291294
Iron,Fe,2.9350000000000001,0.99038197209089052
Iron,Fe,2.9399999999999999,0.99041447021341755
Iron,Fe,2.9449999999999998,0.99044680422082432
Iron,Fe,2.9500000000000002,0.99047897521414907
Iron,Fe,2.9550000000000001,0.99051098428522877
Iron,Fe,2.96,0.99054283251679309
Iron,Fe,2.9649999999999999,0.99057452098255372
Iron,Fe,2.9700000000000002,0.99060605074729602
Iron,Fe,2.9750000000000001,0.99063742286696599
Iron,Fe,2.98,0.99066863838875863
Iron,Fe,2.9849999999999999,0.9906996983512063
Iron,Fe,2.9900000000000002,0.99073060378425959
Iron,Fe,2.9950000000000001,0.99076135570937884
Iron,Fe,3,0.99079195513961171
Iron,Fe,3.0049999999999999,0.99082240307968017
Iron,Fe,3.0100000000000002,0.99085270052606111
Iron,Fe,3.0150000000000001,0.99088284846706576
Iron,Fe,3.02,0.99091284788292078
Iron,Fe,3.0249999999999999,0.99094269974584792
Iron,Fe,3.0300000000000002,0.99097240502014272
Iron,Fe,3.0350000000000001,0.99100196466225021
Iron,Fe,3.04,0.99103137962084054
Iron,Fe,3.0449999999999999,0.99106065083688677
Iron,Fe,3.0500000000000003,0.99108977924373975
Iron,Fe,3.0550000000000002,0.99111876576720004
Iron,Fe,3.0600000000000001,0.99114761132559071
Iron,Fe,3.0649999999999999,0.99117631682983331
Iron,Fe,3.0700000000000003,0.99120488318351352
Iron,Fe,3.0750000000000002,0.99123331128295766
Iron,Fe,3.0800000000000001,0.99126160201729718
Iron,Fe,3.085,0.99128975626854265
Iron,Fe,3.0899999999999999,0.99131777491164741
Iron,Fe,3.0950000000000002,0.99134565881457726
Iron,Fe,3.1000000000000001,0.99137340883837866
Iron,Fe,3.105,0.99140102583724166
Iron,Fe,3.1099999999999999,0.9914285106585683
Iron,Fe,3.1150000000000002,0.99145586414303277
Iron,Fe,3.1200000000000001,0.99148308712465127
Iron,Fe,3.125,0.99151018043083905
Iron,Fe,3.1299999999999999,0.9915371448824768
Iron,Fe,3.1350000000000002,0.99156398129397272
Iron,Fe,3.1400000000000001,0.99159069047332049
Iron,Fe,3.145,0.9916172732221602
Iron,Fe,3.1499999999999999,0.99164373033584174
Iron,Fe,3.1550000000000002,0.99167006260347901
Iron,Fe,3.1600000000000001,0.99169627080801226
Iron,Fe,3.165,0.99172235572626355
Iron,Fe,3.1699999999999999,0.99174831812899522
Iron,Fe,3.1750000000000003,0.99177415878096498
Iron,Fe,3.1800000000000002,0.99179987844098327
Iron,Fe,3.1850000000000001,0.99182547786196851
Iron,Fe,3.1899999999999999,0.99185095779100052
Iron,Fe,3.1950000000000003,0.991876318969375
Iron,Fe,3.2000000000000002,0.99190156213266023
Iron,Fe,3.2050000000000001,0.99192668801074424
Iron,Fe,3.21,0.9919516973278929
Iron,Fe,3.2149999999999999,0.99197659080279754
Iron,Fe,3.2200000000000002,0.99200136914862902
Iron,Fe,3.2250000000000001,0.9920260330730859
Iron,Fe,3.23,0.99205058327844886
Iron,Fe,3.2349999999999999,0.99207502046162543
Iron,Fe,3.2400000000000002,0.99209934531420163
Iron,Fe,3.2450000000000001,0.99212355852249179
Iron,Fe,3.25,0.99214766076758243
Iron,Fe,3.2549999999999999,0.9921716527253861
Iron,Fe,3.2600000000000002,0.9921955350666819
Iron,Fe,3.2650000000000001,0.9922193084571661
Iron,Fe,3.27,0.99224297355749791
Iron,Fe,3.2749999999999999,0.9922665310233445
Iron,Fe,3.2800000000000002,0.99228998150542513
Iron,Fe,3.2850000000000001,0.99231332564955532
Iron,Fe,3.29,0.99233656409669724
Iron,Fe,3.2949999999999999,0.99235969748299258
Iron,Fe,3.3000000000000003,0.9923827264398174
Iron,Fe,3.3050000000000002,0.99240565159381489
Iron,Fe,3.3100000000000001,0.99242847356694397
Iron,Fe,3.3149999999999999,0.9924511929765214
Iron,Fe,3.3200000000000003,0.99247381043525784
Iron,Fe,3.3250000000000002,0.99249632655130549
Iron,Fe,3.3300000000000001,0.99251874192829281
Iron,Fe,3.335,0.99254105716537033
Iron,Fe,3.3399999999999999,0.99256327285724588
Iron,Fe,3.3450000000000002,0.99258538959422526
Iron,Fe,3.3500000000000001,0.99260740796225355
Iron,Fe,3.355,0.99262932854295038
Iron,Fe,3.3599999999999999,0.99265115191365094
Iron,Fe,3.3650000000000002,0.99267287864744014
Iron,Fe,3.3700000000000001,0.99269450931319458
Iron,Fe,3.375,0.99271604447561623
Iron,Fe,3.3799999999999999,0.9927374846952699
Iron,Fe,3.3850000000000002,0.9927588305286198
Iron,Fe,3.3900000000000001,0.99278008252806571
Iron,Fe,3.395,0.99280124124197699
Iron,Fe,3.3999999999999999,0.99282230721473053
Iron,Fe,3.4050000000000002,0.99284328098674246
Iron,Fe,3.4100000000000001,0.99286416309450454
Iron,Fe,3.415,0.99288495407061794
Iron,Fe,3.4199999999999999,0.9929056544438275
Iron,Fe,3.4250000000000003,0.99292626473905155
Iron,Fe,3.4300000000000002,0.99294678547742143
Iron,Fe,3.4350000000000001,0.99296721717630931
Iron,Fe,3.4399999999999999,0.99298756034936086
Iron,Fe,3.4450000000000003,0.9930078155065305
Iron,Fe,3.4500000000000002,0.99302798315411001
Iron,Fe,3.4550000000000001,0.99304806379476174
Iron,Fe,3.46,0.99306805792754782
Iron,Fe,3.4649999999999999,0.99308796604796412
Iron,Fe,3.4700000000000002,0.993107788647969
Iron,Fe,3.4750000000000001,0.99312752621601208
Iron,Fe,3.48,0.99314717923706497
Iron,Fe,3.4849999999999999,0.9931667481926546
Iron,Fe,3.4900000000000002,0.99318623356088775
Iron,Fe,3.4950000000000001,0.9932056358164808
Iron,Fe,3.5,0.99322495543079126
Iron,Fe,3.5049999999999999,0.99324419287184351
Iron,Fe,3.5100000000000002,0.99326334860435739
Iron,Fe,3.5150000000000001,0.99328242308977877
Iron,Fe,3.52,0.99330141678630257
Iron,Fe,3.5249999999999999,0.99332033014890531
Iron,Fe,3.5300000000000002,0.99333916362936658
Iron,Fe,3.5350000000000001,0.99335791767630122
Iron,Fe,3.54,0.99337659273518308
Iron,Fe,3.5449999999999999,0.99339518924836978
Iron,Fe,3.5500000000000003,0.99341370765513337
Iron,Fe,3.5550000000000002,0.99343214839168237
Iron,Fe,3.5600000000000001,0.99345051189118783
Iron,Fe,3.5649999999999999,0.99346879858381099
Iron,Fe,3.5700000000000003,0.99348700889672537
Iron,Fe,3.5750000000000002,0.99350514325414108
Iron,Fe,3.5800000000000001,0.99352320207733535
Iron,Fe,3.585,0.99354118578466954
Iron,Fe,3.5899999999999999,0.99355909479161642
Iron,Fe,3.5950000000000002,0.99357692951078491
Iron,Fe,3.6000000000000001,0.99359469035194314
Iron,Fe,3.605,0.99361237772204003
Iron,Fe,3.6099999999999999,0.99362999202523161
Iron,Fe,3.6150000000000002,0.99364753366290071
Iron,Fe,3.6200000000000001,0.99366500303368233
Iron,Fe,3.625,0.99368240053348478
Iron,Fe,3.6299999999999999,0.9936997265555132
Iron,Fe,3.6350000000000002,0.99371698149028931
Iron,Fe,3.6400000000000001,0.99373416572567641
Iron,Fe,3.645,0.99375127964689713
Iron,Fe,3.6499999999999999,0.99376832363656065
Iron,Fe,3.6550000000000002,0.99378529807467886
Iron,Fe,3.6600000000000001,0.99380220333868774
Iron,Fe,3.665,0.99381903980347208
Iron,Fe,3.6699999999999999,0.99383580784138104
Iron,Fe,3.6750000000000003,0.99385250782225532
Iron,Fe,3.6800000000000002,0.9938691401134393
Iron,Fe,3.6850000000000001,0.99388570507980811
Iron,Fe,3.6899999999999999,0.99390220308378352
Iron,Fe,3.6950000000000003,0.99391863448535489
Iron,Fe,3.7000000000000002,0.99393499964209853
Iron,Fe,3.7050000000000001,0.99395129890919798
Iron,Fe,3.71,0.99396753263946191
Iron,Fe,3.7149999999999999,0.993983701183343
Iron,Fe,3.7200000000000002,0.99399980488895978
Iron,Fe,3.7250000000000001,0.99401584410210886
Iron,Fe,3.73,0.99403181916629213
Iron,Fe,3.7349999999999999,0.9940477304227272
Iron,Fe,3.7400000000000002,0.99406357821036884
Iron,Fe,3.7450000000000001,0.99407936286592791
Iron,Fe,3.75,0.99409508472388775
Iron,Fe,3.7549999999999999,0.99411074411652267
Iron,Fe,3.7600000000000002,0.9941263413739122
Iron,Fe,3.7650000000000001,0.99414187682396482
Iron,Fe,3.77,0.99415735079242951
Iron,Fe,3.7749999999999999,0.99417276360291262
Iron,Fe,3.7800000000000002,0.99418811557690168
Iron,Fe,3.7850000000000001,0.9942034070337723
Iron,Fe,3.79,0.99421863829081103
Iron,Fe,3.7949999999999999,0.99423380966323183
Iron,Fe,3.8000000000000003,0.99424892146418853
Iron,Fe,3.8050000000000002,0.99426397400479338
Iron,Fe,3.8100000000000001,0.99427896759413392
Iron,Fe,3.8149999999999999,0.99429390253928596
Iron,Fe,3.8200000000000003,0.99430877914533244
Iron,Fe,3.8250000000000002,0.99432359771537493
Iron,Fe,3.8300000000000001,0.9943383585505543
Iron,Fe,3.835,0.99435306195006024
Iron,Fe,3.8399999999999999,0.99436770821115161
Iron,Fe,3.8450000000000002,0.99438229762916575
Iron,Fe,3.8500000000000001,0.99439683049753969
Iron,Fe,3.855,0.99441130710782066
Iron,Fe,3.8599999999999999,0.99442572774967908
Iron,Fe,3.8650000000000002,0.9944400927109297
Iron,Fe,3.8700000000000001,0.99445440227753767
Iron,Fe,3.875,0.9944686567336396
Iron,Fe,3.8799999999999999,0.9944828563615532
Iron,Fe,3.8850000000000002,0.99449700144179265
Iron,Fe,3.8900000000000001,0.99451109225308498
Iron,Fe,3.895,0.99452512907237633
Iron,Fe,3.8999999999999999,0.99453911217485469
Iron,Fe,3.9050000000000002,0.99455304183395743
Iron,Fe,3.9100000000000001,0.99456691832138655
Iron,Fe,3.915,0.99458074190711998
Iron,Fe,3.9199999999999999,0.99459451285942868
Iron,Fe,3.9250000000000003,0.99460823144488586
Iron,Fe,3.9300000000000002,0.99462189792838018
Iron,Fe,3.9350000000000001,0.9946355125731301
Iron,Fe,3.9399999999999999,0.99464907564069727
Iron,Fe,3.9450000000000003,0.994662587390995
Iron,Fe,3.9500000000000002,0.9946760480823047
Iron,Fe,3.9550000000000001,0.99468945797128638
Iron,Fe,3.96,0.99470281731299148
Iron,Fe,3.9650000000000003,0.99471612636087292
Iron,Fe,3.9700000000000002,0.99472938536680111
Iron,Fe,3.9750000000000001,0.99474259458107173
Iron,Fe,3.98,0.99475575425241924
Iron,Fe,3.9849999999999999,0.99476886462803016
Iron,Fe,3.9900000000000002,0.99478192595355142
Iron,Fe,3.9950000000000001,0.99479493847310274
Iron,Fe,4,0.99480790242929118
Iron,Fe,4.0049999999999999,0.99482081806321621
Iron,Fe,4.0099999999999998,0.99483368561448882
Iron,Fe,4.0149999999999997,0.99484650532123375
Iron,Fe,4.0200000000000005,0.9948592774201086
Iron,Fe,4.0250000000000004,0.99487200214630889
Iron,Fe,4.0300000000000002,0.9948846797335823
Iron,Fe,4.0350000000000001,0.99489731041423657
Iron,Fe,4.04,0.99490989441915412
Iron,Fe,4.0449999999999999,0.99492243197779751
Iron,Fe,4.0499999999999998,0.99493492331822286
Iron,Fe,4.0549999999999997,0.99494736866709077
Iron,Fe,4.0600000000000005,0.9949597682496758
Iron,Fe,4.0650000000000004,0.99497212228987453
Iron,Fe,4.0700000000000003,0.99498443101021805
Iron,Fe,4.0750000000000002,0.99499669463188245
Iron,Fe,4.0800000000000001,0.99500891337469632
Iron,Fe,4.085,0.99502108745715279
Iron,Fe,4.0899999999999999,0.99503321709641745
Iron,Fe,4.0949999999999998,0.99504530250833878
Iron,Fe,4.0999999999999996,0.99505734390745859
Iron,Fe,4.1050000000000004,0.9950693415070202
Iron,Fe,4.1100000000000003,0.99508129551897806
Iron,Fe,4.1150000000000002,0.99509320615400798
Iron,Fe,4.1200000000000001,0.99510507362151501
Iron,Fe,4.125,0.99511689812964288
Iron,Fe,4.1299999999999999,0.9951286798852863
Iron,Fe,4.1349999999999998,0.99514041909409368
Iron,Fe,4.1399999999999997,0.99515211596048203
Iron,Fe,4.1450000000000005,0.9951637706876415
Iron,Fe,4.1500000000000004,0.9951753834775483
Iron,Fe,4.1550000000000002,0.99518695453096861
Iron,Fe,4.1600000000000001,0.99519848404747246
Iron,Fe,4.165,0.99520997222543695
Iron,Fe,4.1699999999999999,0.99522141926206065
Iron,Fe,4.1749999999999998,0.99523282535336544
Iron,Fe,4.1799999999999997,0.99524419069420988
Iron,Fe,4.1850000000000005,0.99525551547829638
Iron,Fe,4.1900000000000004,0.99526679989817779
Iron,Fe,4.1950000000000003,0.99527804414526733
Iron,Fe,4.2000000000000002,0.99528924840984578
Iron,Fe,4.2050000000000001,0.99530041288106974
Iron,Fe,4.21,0.99531153774697978
Iron,Fe,4.2149999999999999,0.99532262319450782
Iron,Fe,4.2199999999999998,0.99533366940948498
Iron,Fe,4.2249999999999996,0.99534467657665093
Iron,Fe,4.2300000000000004,0.99535564487965889
Iron,Fe,4.2350000000000003,0.99536657450108479
Iron,Fe,4.2400000000000002,0.99537746562243568
Iron,Fe,4.2450000000000001,0.99538831842415498
Iron,Fe,4.25,0.99539913308563199
Iron,Fe,4.2549999999999999,0.99540990978520771
Iron,Fe,4.2599999999999998,0.99542064870018476
Iron,Fe,4.2649999999999997,0.99543135000683103
Iron,Fe,4.2700000000000005,0.99544201388038844
Iron,Fe,4.2750000000000004,0.99545264049508164
Iron,Fe,4.2800000000000002,0.99546323002412318
Iron,Fe,4.2850000000000001,0.99547378263972208
Iron,Fe,4.29,0.9954842985130874
Iron,Fe,4.2949999999999999,0.9954947778144404
Iron,Fe,4.2999999999999998,0.99550522071301606
Iron,Fe,4.3049999999999997,0.99551562737707588
Iron,Fe,4.3100000000000005,0.99552599797390784
Iron,Fe,4.3150000000000004,0.99553633266983721
Iron,Fe,4.3200000000000003,0.99554663163023438
Iron,Fe,4.3250000000000002,0.99555689501951705
Iron,Fe,4.3300000000000001,0.99556712300116146
Iron,Fe,4.335,0.99557731573770514
Iron,Fe,4.3399999999999999,0.99558747339075426
Iron,Fe,4.3449999999999998,0.99559759612099341
Iron,Fe,4.3500000000000005,0.99560768408818612
Iron,Fe,4.3550000000000004,0.99561773745118676
Iron,Fe,4.3600000000000003,0.99562775636794076
Iron,Fe,4.3650000000000002,0.9956377409954984
Iron,Fe,4.3700000000000001,0.99564769149001386
Iron,Fe,4.375,0.99565760800675396
Iron,Fe,4.3799999999999999,0.99566749070010763
Iron,Fe,4.3849999999999998,0.9956773397235843
Iron,Fe,4.3899999999999997,0.99568715522982765
Iron,Fe,4.3950000000000005,0.99569693737061549
Iron,Fe,4.4000000000000004,0.99570668629687198
Iron,Fe,4.4050000000000002,0.99571640215866497
Iron,Fe,4.4100000000000001,0.99572608510522009
Iron,Fe,4.415,0.99573573528492076
Iron,Fe,4.4199999999999999,0.99574535284531673
Iron,Fe,4.4249999999999998,0.9957549379331293
Iron,Fe,4.4299999999999997,0.99576449069425532
Iron,Fe,4.4350000000000005,0.99577401127377452
Iron,Fe,4.4400000000000004,0.99578349981595449
Iron,Fe,4.4450000000000003,0.99579295646425525
Iron,Fe,4.4500000000000002,0.99580238136133725
Iron,Fe,4.4550000000000001,0.99581177464906201
Iron,Fe,4.46,0.99582113646850257
Iron,Fe,4.4649999999999999,0.99583046695994637
Iron,Fe,4.4699999999999998,0.99583976626289927
Iron,Fe,4.4750000000000005,0.99584903451609308
Iron,Fe,4.4800000000000004,0.99585827185748976
Iron,Fe,4.4850000000000003,0.99586747842428569
Iron,Fe,4.4900000000000002,0.99587665435291861
Iron,Fe,4.4950000000000001,0.99588579977907199
Iron,Fe,4.5,0.99589491483767734
Iron,Fe,4.5049999999999999,0.99590399966292398
Iron,Fe,4.5099999999999998,0.99591305438825994
Iron,Fe,4.5149999999999997,0.9959220791464003
Iron,Fe,4.5200000000000005,0.99593107406932668
Iron,Fe,4.5250000000000004,0.99594003928829944
Iron,Fe,4.5300000000000002,0.99594897493385481
Iron,Fe,4.5350000000000001,0.99595788113581685
Iron,Fe,4.54,0.99596675802329582
Iron,Fe,4.5449999999999999,0.99597560572469646
Iron,Fe,4.5499999999999998,0.99598442436772316
Iron,Fe,4.5549999999999997,0.99599321407938068
Iron,Fe,4.5600000000000005,0.99600197498598397
Iron,Fe,4.5650000000000004,0.99601070721315776
Iron,Fe,4.5700000000000003,0.99601941088584378
Iron,Fe,4.5750000000000002,0.99602808612830551
Iron,Fe,4.5800000000000001,0.99603673306413032
Iron,Fe,4.585,0.99604535181623666
Iron,Fe,4.5899999999999999,0.99605394250687629
Iron,Fe,4.5949999999999998,0.99606250525763917
Iron,Fe,4.6000000000000005,0.99607104018945969
Iron,Fe,4.6050000000000004,0.99607954742261651
Iron,Fe,4.6100000000000003,0.99608802707674038
Iron,Fe,4.6150000000000002,0.99609647927081935
Iron,Fe,4.6200000000000001,0.9961049041231983
Iron,Fe,4.625,0.99611330175158652
Iron,Fe,4.6299999999999999,0.99612167227306159
Iron,Fe,4.6349999999999998,0.99613001580407312
Iron,Fe,4.6399999999999997,0.99613833246044536
Iron,Fe,4.6450000000000005,0.99614662235738416
Iron,Fe,4.6500000000000004,0.99615488560947674
Iron,Fe,4.6550000000000002,0.99616312233069959
Iron,Fe,4.6600000000000001,0.99617133263442248
Iron,Fe,4.665,0.99617951663340687
Iron,Fe,4.6699999999999999,0.99618767443981793
Iron,Fe,4.6749999999999998,0.99619580616522074
Iron,Fe,4.6799999999999997,0.99620391192058866
Iron,Fe,4.6850000000000005,0.9962119918163066
Iron,Fe,4.6900000000000004,0.99622004596217295
Iron,Fe,4.6950000000000003,0.99622807446740524
Iron,Fe,4.7000000000000002,0.9962360774406428
Iron,Fe,4.7050000000000001,0.99624405498995039
Iron,Fe,4.71,0.99625200722282148
Iron,Fe,4.7149999999999999,0.99625993424618331
Iron,Fe,4.7199999999999998,0.99626783616640102
Iron,Fe,4.7250000000000005,0.99627571308927632
Iron,Fe,4.7300000000000004,0.99628356512005722
Iron,Fe,4.7350000000000003,0.99629139236343833
Iron,Fe,4.7400000000000002,0.99629919492356334
Iron,Fe,4.7450000000000001,0.99630697290403281
Iron,Fe,4.75,0.99631472640790242
Iron,Fe,4.7549999999999999,0.99632245553768894
Iron,Fe,4.7599999999999998,0.99633016039537359
Iron,Fe,4.7649999999999997,0.99633784108240553
Iron,Fe,4.7700000000000005,0.99634549769970593
Iron,Fe,4.7750000000000004,0.99635313034766781
Iron,Fe,4.7800000000000002,0.99636073912616241
Iron,Fe,4.7850000000000001,0.99636832413454379
Iron,Fe,4.79,0.99637588547164746
Iron,Fe,4.7949999999999999,0.99638342323579598
Iron,Fe,4.7999999999999998,0.99639093752480545
Iron,Fe,4.8049999999999997,0.99639842843598225
Iron,Fe,4.8100000000000005,0.9964058960661305
Iron,Fe,4.8150000000000004,0.99641334051155428
Iron,Fe,4.8200000000000003,0.99642076186806128
Iron,Fe,4.8250000000000002,0.99642816023096492
Iron,Fe,4.8300000000000001,0.99643553569508536
Iron,Fe,4.835,0.9964428883547588
Iron,Fe,4.8399999999999999,0.99645021830383229
Iron,Fe,4.8449999999999998,0.9964575256356748
Iron,Fe,4.8500000000000005,0.99646481044317337
Iron,Fe,4.8550000000000004,0.99647207281874195
Iron,Fe,4.8600000000000003,0.99647931285431746
Iron,Fe,4.8650000000000002,0.99648653064137027
Iron,Fe,4.8700000000000001,0.99649372627090071
Iron,Fe,4.875,0.99650089983344781
Iron,Fe,4.8799999999999999,0.99650805141908549
Iron,Fe,4.8849999999999998,0.99651518111743109
Iron,Fe,4.8899999999999997,0.99652228901764461
Iron,Fe,4.8950000000000005,0.99652937520843421
Iron,Fe,4.9000000000000004,0.9965364397780565
Iron,Fe,4.9050000000000002,0.99654348281432015
Iron,Fe,4.9100000000000001,0.9965505044045907
Iron,Fe,4.915,0.99655750463578952
Iron,Fe,4.9199999999999999,0.99656448359439898
Iron,Fe,4.9249999999999998,0.99657144136646325
Iron,Fe,4.9299999999999997,0.99657837803759519
Iron,Fe,4.9350000000000005,0.99658529369297211
Iron,Fe,4.9400000000000004,0.99659218841734687
Iron,Fe,4.9450000000000003,0.99659906229504081
Iron,Fe,4.9500000000000002,0.99660591540995513
Iron,Fe,4.9550000000000001,0.99661274784556775
Iron,Fe,4.96,0.99661955968493865
Iron,Fe,4.9649999999999999,0.99662635101071106
Iron,Fe,4.9699999999999998,0.99663312190511444
Iron,Fe,4.9750000000000005,0.99663987244996721
Iron,Fe,4.9800000000000004,0.99664660272667815
Iron,Fe,4.9850000000000003,0.99665331281624991
Iron,Fe,4.9900000000000002,0.9966600027992828
Iron,Fe,4.9950000000000001,0.9966666727559722
Iron,Fe,5,0.9966733227661182
Silicon,Si,0,0
Silicon,Si,0.0050000000000000001,5.5355861069469165e-83
Silicon,Si,0.01,3.720075976020852e-40
Silicon,Si,0.014999999999999999,4.9528140348459327e-26
Silicon,Si,0.02,4.821874619909798e-19
Silicon,Si,0.025000000000000001,6.7973668084665601e-15
Silicon,Si,0.029999999999999999,3.7091531059611433e-12
Silicon,Si,0.035000000000000003,3.1874996271057826e-10
Silicon,Si,0.040000000000000001,8.6799649158436051e-09
Silicon,Si,0.044999999999999998,1.1030278702227049e-07
Silicon,Si,0.050000000000000003,8.2446145237410601e-07
Silicon,Si,0.055,4.197699298135711e-06
Silicon,Si,0.059999999999999998,1.6049303297407637e-05
Silicon,Si,0.065000000000000002,4.9285583186326792e-05
Silicon,Si,0.070000000000000007,0.00012752565956825526
Silicon,Si,0.074999999999999997,0.00028792925129118109
Silicon,Si,0.080000000000000002,0.00058229389814401088
Silicon,Si,0.085000000000000006,0.0010760242406616649
Silicon,Si,0.089999999999999997,0.0018451586742078505
Silicon,Si,0.095000000000000001,0.0029720439284188168
Silicon,Si,0.10000000000000001,0.0045404052350475413
Silicon,Si,0.105,0.006630510498834793
Silicon,Si,0.11,0.0093149570976208858
Silicon,Si,0.115,0.012655400709885103
Silicon,Si,0.12,0.016700352296325757
Silicon,Si,0.125,0.021484019939626529
Silicon,Si,0.13,0.027026073894798122
Silicon,Si,0.13500000000000001,0.033332160920918903
Silicon,Si,0.14000000000000001,0.040394977370310441
Silicon,Si,0.14499999999999999,0.048195718264151484
Silicon,Si,0.14999999999999999,0.056705741728639646
Silicon,Si,0.155,0.065888317030934243
Silicon,Si,0.16,0.075700354713167772
Silicon,Si,0.16500000000000001,0.086094045656237364
Silicon,Si,0.17000000000000001,0.097018360527948641
Silicon,Si,0.17500000000000002,0.10842038127243649
Silicon,Si,0.17999999999999999,0.12024645206074586
Silicon,Si,0.185,0.13244314882686184
Silicon,Si,0.19,0.1449580747348739
Silicon,Si,0.19500000000000001,0.15774049429712389
Silicon,Si,0.20000000000000001,0.1707418220048014
Silicon,Si,0.20500000000000002,0.18391598279138896
Silicon,Si,0.20999999999999999,0.19721966189170706
Silicon,Si,0.215,0.21061246106421885
Silicon,Si,0.22,0.22405697700931818
Silicon,Si,0.22500000000000001,0.23751881636772715
Silicon,Si,0.23000000000000001,0.25096656008709939
Silicon,Si,0.23500000000000001,0.26437168831922508
Silicon,Si,0.23999999999999999,0.27770847543464883
Silicon,Si,0.245,0.29095386326671574
Silicon,Si,0.25,0.30408731935228439
Silicon,Si,0.255,0.31709068573517762
Silicon,Si,0.26000000000000001,0.32994802284369928
Silicon,Si,0.26500000000000001,0.3426454520407905
Silicon,Si,0.27000000000000002,0.35517099966565169
Silicon,Si,0.27500000000000002,0.36751444472736372
Silicon,Si,0.28000000000000003,0.37966717186147109
Silicon,Si,0.28500000000000003,0.39162203070668827
Silicon,Si,0.28999999999999998,0.40337320248830039
Silicon,Si,0.29499999999999998,0.41491607429573146
Silicon,Si,0.29999999999999999,0.42624712130339082
Silicon,Si,0.30499999999999999,0.43736379699671918
Silicon,Si,0.31,0.44826443132082627
Silicon,Si,0.315,0.45894813655989836
Silicon,Si,0.32000000000000001,0.46941472067527401
Silicon,Si,0.32500000000000001,0.47966460777334152
Silicon,Si,0.33000000000000002,0.48969876533657114
Silicon,Si,0.33500000000000002,0.49951863782826067
Silicon,Si,0.34000000000000002,0.50912608627067246
Silicon,Si,0.34500000000000003,0.5185233333945608
Silicon,Si,0.35000000000000003,0.5277129139634209
Silicon,Si,0.35499999999999998,0.53669762988635572
Silicon,Si,0.35999999999999999,0.54548050974781903
Silicon,Si,0.36499999999999999,0.55406477239947816
Silicon,Si,0.37,0.56245379427814135
Silicon,Si,0.375,0.57065108013337362
Silicon,Si,0.38,0.57866023686850199
Silicon,Si,0.38500000000000001,0.5864849502187911
Silicon,Si,0.39000000000000001,0.59412896401027704
Silicon,Si,0.39500000000000002,0.60159606176187463
Silicon,Si,0.40000000000000002,0.6088900504117275
Silicon,Si,0.40500000000000003,0.61601474596625116
Silicon,Si,0.41000000000000003,0.62297396088684409
Silicon,Si,0.41500000000000004,0.62977149304476376
Silicon,Si,0.41999999999999998,0.63641111608920331
Silicon,Si,0.42499999999999999,0.64289657108711407
Silicon,Si,0.42999999999999999,0.64923155930588516
Silicon,Si,0.435,0.65541973602158854
Silicon,Si,0.44,0.66146470524620804
Silicon,Si,0.44500000000000001,0.66737001527711914
Silicon,Si,0.45000000000000001,0.67313915498113341
Silicon,Si,0.45500000000000002,0.67877555073369233
Silicon,Si,0.46000000000000002,0.68428256394138687
Silicon,Si,0.46500000000000002,0.68966348908289143
Silicon,Si,0.47000000000000003,0.69492155220970819
Silicon,Si,0.47500000000000003,0.70005990985386712
Silicon,Si,0.47999999999999998,0.70508164829495401
Silicon,Si,0.48499999999999999,0.7099897831435853
Silicon,Si,0.48999999999999999,0.71478725920276509
Silicon,Si,0.495,0.71947695057246408
Silicon,Si,0.5,0.72406166096631042
Silicon,Si,0.505,0.72854412421248582
Silicon,Si,0.51000000000000001,0.73292700491382701
Silicon,Si,0.51500000000000001,0.73721289924475664
Silicon,Si,0.52000000000000002,0.74140433586503995
Silicon,Si,0.52500000000000002,0.7455037769325038
Silicon,Si,0.53000000000000003,0.74951361919879234
Silicon,Si,0.53500000000000003,0.75343619517396909
Silicon,Si,0.54000000000000004,0.75727377434735255
Silicon,Si,0.54500000000000004,0.7610285644533884
Silicon,Si,0.55000000000000004,0.76470271277262525
Silicon,Si,0.55500000000000005,0.76829830745902183
Silicon,Si,0.56000000000000005,0.7718173788858298
Silicon,Si,0.56500000000000006,0.77526190100323211
Silicon,Si,0.57000000000000006,0.77863379270174393
Silicon,Si,0.57500000000000007,0.78193491917612612
Silicon,Si,0.57999999999999996,0.78516709328523659
Silicon,Si,0.58499999999999996,0.78833207690383578
Silicon,Si,0.58999999999999997,0.79143158226290877
Silicon,Si,0.59499999999999997,0.79446727327553235
Silicon,Si,0.59999999999999998,0.79744076684575704
Silicon,Si,0.60499999999999998,0.80035363415834815
Silicon,Si,0.60999999999999999,0.80320740194757012
Silicon,Si,0.61499999999999999,0.80600355374351051
Silicon,Si,0.62,0.80874353109469721
Silicon,Si,0.625,0.81142873476601085
Silicon,Si,0.63,0.81406052591110334
Silicon,Si,0.63500000000000001,0.81664022721872265
Silicon,Si,0.64000000000000001,0.81916912403250519
Silicon,Si,0.64500000000000002,0.82164846544395065
Silicon,Si,0.65000000000000002,0.82407946535841514
Silicon,Si,0.65500000000000003,0.82646330353407349
Silicon,Si,0.66000000000000003,0.82880112659390515
Silicon,Si,0.66500000000000004,0.83109404901082851
Silicon,Si,0.67000000000000004,0.83334315406620341
Silicon,Si,0.67500000000000004,0.83554949478196616
Silicon,Si,0.68000000000000005,0.83771409482672676
Silicon,Si,0.68500000000000005,0.83983794939620338
Silicon,Si,0.69000000000000006,0.84192202606840094
Silicon,Si,0.69500000000000006,0.84396726563398772
Silicon,Si,0.70000000000000007,0.84597458290233452
Silicon,Si,0.70499999999999996,0.84794486748371434
Silicon,Si,0.70999999999999996,0.84987898454817323
Silicon,Si,0.71499999999999997,0.85177777556159984
Silicon,Si,0.71999999999999997,0.85364205899952172
Silicon,Si,0.72499999999999998,0.85547263103917948
Silicon,Si,0.72999999999999998,0.85727026623041402
Silicon,Si,0.73499999999999999,0.85903571814592483
Silicon,Si,0.73999999999999999,0.86076972001143492
Silicon,Si,0.745,0.86247298531631467
Silicon,Si,0.75,0.86414620840520251
Silicon,Si,0.755,0.86579006505115486
Silicon,Si,0.76000000000000001,0.86740521301085749
Silicon,Si,0.76500000000000001,0.86899229256241828
Silicon,Si,0.77000000000000002,0.87055192702625195
Silicon,Si,0.77500000000000002,0.87208472326956388
Silicon,Si,0.78000000000000003,0.87359127219492438
Silicon,Si,0.78500000000000003,0.87507214921341936
Silicon,Si,0.79000000000000004,0.87652791470284752
Silicon,Si,0.79500000000000004,0.87795911445143437
Silicon,Si,0.80000000000000004,0.87936628008750417
Silicon,Si,0.80500000000000005,0.88074992949555997
Silicon,Si,0.81000000000000005,0.88211056721919567
Silicon,Si,0.81500000000000006,0.88344868485126204
Silicon,Si,0.82000000000000006,0.88476476141168736
Silicon,Si,0.82500000000000007,0.88605926371335841
Silicon,Si,0.83000000000000007,0.88733264671643508
Silicon,Si,0.83499999999999996,0.88858535387148319
Silicon,Si,0.83999999999999997,0.88981781745177735
Silicon,Si,0.84499999999999997,0.89103045887513399
Silicon,Si,0.84999999999999998,0.892223689015614
Silicon,Si,0.85499999999999998,0.89339790850542222
Silicon,Si,0.85999999999999999,0.8945535080273278
Silicon,Si,0.86499999999999999,0.89569086859791769
Silicon,Si,0.87,0.89681036184197982
Silicon,Si,0.875,0.89791235025830918
Silicon,Si,0.88,0.89899718747722246
Silicon,Si,0.88500000000000001,0.9000652185100475
Silicon,Si,0.89000000000000001,0.90111677999085971
Silicon,Si,0.89500000000000002,0.90215220041071165
Silicon,Si,0.90000000000000002,0.90317180034461242
Silicon,Si,0.90500000000000003,0.90417589267149079
Silicon,Si,0.91000000000000003,0.90516478278737045
Silicon,Si,0.91500000000000004,0.90613876881199118
Silicon,Si,0.92000000000000004,0.90709814178907788
Silicon,Si,0.92500000000000004,0.90804318588047794
Silicon,Si,0.93000000000000005,0.90897417855436569
Silicon,Si,0.93500000000000005,0.90989139076770065
Silicon,Si,0.94000000000000006,0.91079508714314361
Silicon,Si,0.94500000000000006,0.91168552614059784
Silicon,Si,0.95000000000000007,0.91256296022355909
Silicon,Si,0.95500000000000007,0.91342763602044319
Silicon,Si,0.95999999999999996,0.91427979448105368
Silicon,Si,0.96499999999999997,0.91511967102835057
Silicon,Si,0.96999999999999997,0.91594749570566913
Silicon,Si,0.97499999999999998,0.91676349331954332
Silicon,Si,0.97999999999999998,0.91756788357827002
Silicon,Si,0.98499999999999999,0.91836088122635495
Silicon,Si,0.98999999999999999,0.91914269617497524
Silicon,Si,0.995,0.91991353362858608
Silicon,Si,1,0.92067359420779238
Silicon,Si,1.0050000000000001,0.92142307406861301
Silicon,Si,1.01,0.92216216501824644
Silicon,Si,1.0150000000000001,0.92289105462745458
Silicon,Si,1.02,0.92360992633967143
Silicon,Si,1.0249999999999999,0.92431895957693921
Silicon,Si,1.03,0.92501832984277821
Silicon,Si,1.0349999999999999,0.92570820882208182
Silicon,Si,1.04,0.92638876447813656
Silicon,Si,1.0449999999999999,0.92706016114685308
Silicon,Si,1.05,0.92772255962830197
Silicon,Si,1.0549999999999999,0.92837611727563119
Silicon,Si,1.0600000000000001,0.92902098808145961
Silicon,Si,1.0649999999999999,0.92965732276181134
Silicon,Si,1.0700000000000001,0.93028526883767959
Silicon,Si,1.075,0.93090497071428857
Silicon,Si,1.0800000000000001,0.93151656975812502
Silicon,Si,1.085,0.93212020437181164
Silicon,Si,1.0900000000000001,0.93271601006688598
Silicon,Si,1.095,0.93330411953455128
Silicon,Si,1.1000000000000001,0.93388466271446158
Silicon,Si,1.105,0.9344577668616032
Silicon,Si,1.1100000000000001,0.93502355661132419
Silicon,Si,1.115,0.93558215404258094
Silicon,Si,1.1200000000000001,0.93613367873944131
Silicon,Si,1.125,0.93667824785091136
Silicon,Si,1.1300000000000001,0.93721597614912455
Silicon,Si,1.135,0.93774697608595303
Silicon,Si,1.1400000000000001,0.93827135784808224
Silicon,Si,1.145,0.93878922941059573
Silicon,Si,1.1500000000000001,0.93930069658911941
Silicon,Si,1.155,0.93980586309056302
Silicon,Si,1.1599999999999999,0.94030483056250236
Silicon,Si,1.165,0.94079769864124574
Silicon,Si,1.1699999999999999,0.94128456499861834
Silicon,Si,1.175,0.94176552538750891
Silicon,Si,1.1799999999999999,0.94224067368620801
Silicon,Si,1.1850000000000001,0.94271010194158134
Silicon,Si,1.1899999999999999,0.94317390041110383
Silicon,Si,1.1950000000000001,0.94363215760379637
Silicon,Si,1.2,0.94408496032009115
Silicon,Si,1.2050000000000001,0.94453239369066033
Silicon,Si,1.21,0.9449745412142333
Silicon,Si,1.2150000000000001,0.94541148479443993
Silicon,Si,1.22,0.94584330477569978
Silicon,Si,1.2250000000000001,0.94627007997819068
Silicon,Si,1.23,0.94669188773191848
Silicon,Si,1.2350000000000001,0.9471088039099167
Silicon,Si,1.24,0.94752090296060165
Silicon,Si,1.2450000000000001,0.94792825793930324
Silicon,Si,1.25,0.94833094053899913
Silicon,Si,1.2550000000000001,0.94872902112027213
Silicon,Si,1.26,0.94912256874051182
Silicon,Si,1.2650000000000001,0.94951165118238834
Silicon,Si,1.27,0.94989633498160819
Silicon,Si,1.2750000000000001,0.95027668545397947
Silicon,Si,1.28,0.95065276672180943
Silicon,Si,1.2849999999999999,0.9510246417396383
Silicon,Si,1.29,0.95139237231934448
Silicon,Si,1.2949999999999999,0.95175601915462948
Silicon,Si,1.3,0.95211564184489894
Silicon,Si,1.3049999999999999,0.9524712989185623
Silicon,Si,1.3100000000000001,0.95282304785576266
Silicon,Si,1.3149999999999999,0.95317094511055167
Silicon,Si,1.3200000000000001,0.95351504613252813
Silicon,Si,1.325,0.95385540538795299
Silicon,Si,1.3300000000000001,0.9541920763803543
Silicon,Si,1.335,0.9545251116706378
Silicon,Si,1.3400000000000001,0.95485456289671533
Silicon,Si,1.345,0.95518048079266116
Silicon,Si,1.3500000000000001,0.95550291520741726
Silicon,Si,1.355,0.95582191512304959
Silicon,Si,1.3600000000000001,0.95613752867257307
Silicon,Si,1.365,0.95644980315735828
Silicon,Si,1.3700000000000001,0.95675878506412471
Silicon,Si,1.375,0.95706452008153475
Silicon,Si,1.3800000000000001,0.95736705311640613
Silicon,Si,1.385,0.95766642830953519
Silicon,Si,1.3900000000000001,0.957962689051163
Silicon,Si,1.395,0.95825587799607248
Silicon,Si,1.4000000000000001,0.95854603707834651
Silicon,Si,1.405,0.95883320752577716
Silicon,Si,1.4099999999999999,0.95911742987394777
Silicon,Si,1.415,0.95939874397999281
Silicon,Si,1.4199999999999999,0.95967718903603993
Silicon,Si,1.425,0.95995280358234891
Silicon,Si,1.4299999999999999,0.96022562552015145
Silicon,Si,1.4350000000000001,0.96049569212419794
Silicon,Si,1.4399999999999999,0.96076304005502133
Silicon,Si,1.4450000000000001,0.96102770537092952
Silicon,Si,1.45,0.96128972353972009
Silicon,Si,1.4550000000000001,0.96154912945013971
Silicon,Si,1.46,0.96180595742308495
Silicon,Si,1.4650000000000001,0.96206024122255129
Silicon,Si,1.47,0.96231201406634537
Silicon,Si,1.4750000000000001,0.96256130863655309
Silicon,Si,1.48,0.96280815708978129
Silicon,Si,1.4850000000000001,0.96305259106717211
Silicon,Si,1.49,0.96329464170419821
Silicon,Si,1.4950000000000001,0.96353433964024238
Silicon,Si,1.5,0.96377171502797077
Silicon,Si,1.5050000000000001,0.96400679754249807
Silicon,Si,1.51,0.96423961639035871
Silicon,Si,1.5150000000000001,0.96447020031827946
Silicon,Si,1.52,0.96469857762176581
Silicon,Si,1.5250000000000001,0.96492477615350125
Silicon,Si,1.53,0.96514882333156871
Silicon,Si,1.5350000000000001,0.96537074614749507
Silicon,Si,1.54,0.9655905711741225
Silicon,Si,1.5449999999999999,0.965808324573315
Silicon,Si,1.55,0.96602403210349963
Silicon,Si,1.5549999999999999,0.96623771912704892
Silicon,Si,1.5600000000000001,0.96644941061750755
Silicon,Si,1.5649999999999999,0.96665913116666546
Silicon,Si,1.5700000000000001,0.96686690499148598
Silicon,Si,1.575,0.9670727559408846
Silicon,Si,1.5800000000000001,0.9672767075023706
Silicon,Si,1.585,0.96747878280854716
Silicon,Si,1.5900000000000001,0.967679004643478
Silicon,Si,1.595,0.9678773954489226
Silicon,Si,1.6000000000000001,0.96807397733044143
Silicon,Si,1.605,0.96826877206337825
Silicon,Si,1.6100000000000001,0.96846180109871449
Silicon,Si,1.615,0.96865308556881036
Silicon,Si,1.6200000000000001,0.96884264629302286
Silicon,Si,1.625,0.9690305037832142
Silicon,Si,1.6300000000000001,0.96921667824914415
Silicon,Si,1.635,0.96940118960375621
Silicon,Si,1.6400000000000001,0.96958405746835596
Silicon,Si,1.645,0.969765301177685
Silicon,Si,1.6500000000000001,0.96994493978489338
Silicon,Si,1.655,0.97012299206641117
Silicon,Si,1.6600000000000001,0.97029947652672566
Silicon,Si,1.665,0.97047441140305923
Silicon,Si,1.6699999999999999,0.9706478146699582
Silicon,Si,1.675,0.97081970404378726
Silicon,Si,1.6799999999999999,0.97099009698713867
Silicon,Si,1.6850000000000001,0.97115901071315069
Silicon,Si,1.6899999999999999,0.97132646218974406
Silicon,Si,1.6950000000000001,0.97149246814377488
Silicon,Si,1.7,0.9716570450651042
Silicon,Si,1.7050000000000001,0.97182020921059009
Silicon,Si,1.71,0.97198197660800301
Silicon,Si,1.7150000000000001,0.97214236305986235
Silicon,Si,1.72,0.97230138414720035
Silicon,Si,1.7250000000000001,0.97245905523325404
Silicon,Si,1.73,0.9726153914670842
Silicon,Si,1.7350000000000001,0.97277040778712642
Silicon,Si,1.74,0.97292411892467301
Silicon,Si,1.7450000000000001,0.97307653940728978
Silicon,Si,1.75,0.97322768356216605
Silicon,Si,1.7550000000000001,0.9733775655194018
Silicon,Si,1.76,0.9735261992152322
Silicon,Si,1.7650000000000001,0.97367359839519252
Silicon,Si,1.77,0.97381977661722008
Silicon,Si,1.7750000000000001,0.97396474725470206
Silicon,Si,1.78,0.97410852349946275
Silicon,Si,1.7850000000000001,0.97425111836469658
Silicon,Si,1.79,0.97439254468784542
Silicon,Si,1.7949999999999999,0.97453281513342216
Silicon,Si,1.8,0.97467194219578468
Silicon,Si,1.8049999999999999,0.9748099382018528
Silicon,Si,1.8100000000000001,0.97494681531378158
Silicon,Si,1.8149999999999999,0.97508258553157923
Silicon,Si,1.8200000000000001,0.97521726069568171
Silicon,Si,1.825,0.97535085248947695
Silicon,Si,1.8300000000000001,0.97548337244178418
Silicon,Si,1.835,0.97561483192928811
Silicon,Si,1.8400000000000001,0.975745242178927
Silicon,Si,1.845,0.97587461427024125
Silicon,Si,1.8500000000000001,0.97600295913767487
Silicon,Si,1.855,0.97613028757283804
Silicon,Si,1.8600000000000001,0.97625661022672761
Silicon,Si,1.865,0.9763819376119095
Silicon,Si,1.8700000000000001,0.97650628010465967
Silicon,Si,1.875,0.97662964794706797
Silicon,Si,1.8800000000000001,0.97675205124910458
Silicon,Si,1.885,0.97687349999064832
Silicon,Si,1.8900000000000001,0.97699400402348069
Silicon,Si,1.895,0.97711357307324398
Silicon,Si,1.9000000000000001,0.9772322167413624
Silicon,Si,1.905,0.97734994450693391
Silicon,Si,1.9100000000000001,0.9774667657285856
Silicon,Si,1.915,0.97758268964629513
Silicon,Si,1.9199999999999999,0.97769772538318422
Silicon,Si,1.925,0.97781188194727919
Silicon,Si,1.9299999999999999,0.97792516823323772
Silicon,Si,1.9350000000000001,0.97803759302405113
Silicon,Si,1.9399999999999999,0.97814916499271198
Silicon,Si,1.9450000000000001,0.97825989270385694
Silicon,Si,1.95,0.97836978461537782
Silicon,Si,1.9550000000000001,0.97847884908000815
Silicon,Si,1.96,0.97858709434687763
Silicon,Si,1.9650000000000001,0.97869452856304662
Silicon,Si,1.97,0.97880115977500859
Silicon,Si,1.9750000000000001,0.97890699593017028
Silicon,Si,1.98,0.9790120448783034
Silicon,Si,1.9850000000000001,0.97911631437297741
Silicon,Si,1.99,0.97921981207295983
Silicon,Si,1.9950000000000001,0.97932254554360132
Silicon,Si,2,0.97942452225819099
Silicon,Si,2.0049999999999999,0.97952574959929251
Silicon,Si,2.0100000000000002,0.97962623486005607
Silicon,Si,2.0150000000000001,0.97972598524550936
Silicon,Si,2.02,0.97982500787382554
Silicon,Si,2.0249999999999999,0.97992330977757247
Silicon,Si,2.0300000000000002,0.98002089790493863
Silicon,Si,2.0350000000000001,0.98011777912093978
Silicon,Si,2.04,0.98021396020860596
Silicon,Si,2.0449999999999999,0.98030944787014918
Silicon,Si,2.0499999999999998,0.98040424872810927
Silicon,Si,2.0550000000000002,0.98049836932648482
Silicon,Si,2.0600000000000001,0.9805918161318421
Silicon,Si,2.0649999999999999,0.98068459553440779
Silicon,Si,2.0699999999999998,0.980776713849144
Silicon,Si,2.0750000000000002,0.98086817731680265
Silicon,Si,2.0800000000000001,0.98095899210496895
Silicon,Si,2.085,0.98104916430907985
Silicon,Si,2.0899999999999999,0.98113869995343406
Silicon,Si,2.0950000000000002,0.9812276049921792
Silicon,Si,2.1000000000000001,0.98131588531028602
Silicon,Si,2.105,0.98140354672450869
Silicon,Si,2.1099999999999999,0.98149059498432578
Silicon,Si,2.1150000000000002,0.9815770357728677
Silicon,Si,2.1200000000000001,0.98166287470783187
Silicon,Si,2.125,0.98174811734237821
Silicon,Si,2.1299999999999999,0.98183276916601625
Silicon,Si,2.1350000000000002,0.98191683560547272
Silicon,Si,2.1400000000000001,0.9820003220255481
Silicon,Si,2.145,0.98208323372996176
Silicon,Si,2.1499999999999999,0.98216557596217757
Silicon,Si,2.1550000000000002,0.98224735390622397
Silicon,Si,2.1600000000000001,0.98232857268749396
Silicon,Si,2.165,0.98240923737353936
Silicon,Si,2.1699999999999999,0.98248935297484785
Silicon,Si,2.1750000000000003,0.98256892444560828
Silicon,Si,2.1800000000000002,0.98264795668446714
Silicon,Si,2.1850000000000001,0.98272645453527108
Silicon,Si,2.1899999999999999,0.98280442278779623
Silicon,Si,2.1949999999999998,0.98288186617847073
Silicon,Si,2.2000000000000002,0.98295878939108117
Silicon,Si,2.2050000000000001,0.98303519705747244
Silicon,Si,2.21,0.98311109375823358
Silicon,Si,2.2149999999999999,0.98318648402337561
Silicon,Si,2.2200000000000002,0.98326137233299638
Silicon,Si,2.2250000000000001,0.98333576311793702
Silicon,Si,2.23,0.98340966076042946
Silicon,Si,2.2349999999999999,0.98348306959473164
Silicon,Si,2.2400000000000002,0.98355599390775228
Silicon,Si,2.2450000000000001,0.98362843793967225
Silicon,Si,2.25,0.98370040588454732
Silicon,Si,2.2549999999999999,0.98377190189091135
Silicon,Si,2.2600000000000002,0.98384293006236212
Silicon,Si,2.2650000000000001,0.98391349445814547
Silicon,Si,2.27,0.98398359909372579
Silicon,Si,2.2749999999999999,0.98405324794134685
Silicon,Si,2.2800000000000002,0.9841224449305912
Silicon,Si,2.2850000000000001,0.98419119394892596
Silicon,Si,2.29,0.98425949884223884
Silicon,Si,2.2949999999999999,0.98432736341537186
Silicon,Si,2.3000000000000003,0.98439479143264164
Silicon,Si,2.3050000000000002,0.98446178661835726
Silicon,Si,2.3100000000000001,0.98452835265732552
Silicon,Si,2.3149999999999999,0.98459449319535197
Silicon,Si,2.3199999999999998,0.98466021183973351
Silicon,Si,2.3250000000000002,0.98472551215974258
Silicon,Si,2.3300000000000001,0.98479039768710752
Silicon,Si,2.335,0.98485487191648291
Silicon,Si,2.3399999999999999,0.9849189383059147
Silicon,Si,2.3450000000000002,0.98498260027729589
Silicon,Si,2.3500000000000001,0.98504586121682136
Silicon,Si,2.355,0.98510872447542852
Silicon,Si,2.3599999999999999,0.98517119336923897
Silicon,Si,2.3650000000000002,0.9852332711799856
Silicon,Si,2.3700000000000001,0.98529496115544535
Silicon,Si,2.375,0.98535626650985086
Silicon,Si,2.3799999999999999,0.98541719042431131
Silicon,Si,2.3850000000000002,0.98547773604721356
Silicon,Si,2.3900000000000001,0.9855379064946268
Silicon,Si,2.395,0.98559770485069964
Silicon,Si,2.3999999999999999,0.98565713416805034
Silicon,Si,2.4050000000000002,0.98571619746814865
Silicon,Si,2.4100000000000001,0.98577489774169802
Silicon,Si,2.415,0.98583323794900979
Silicon,Si,2.4199999999999999,0.98589122102037074
Silicon,Si,2.4250000000000003,0.98594884985640563
Silicon,Si,2.4300000000000002,0.9860061273284384
Silicon,Si,2.4350000000000001,0.98606305627884561
Silicon,Si,2.4399999999999999,0.98611963952139947
Silicon,Si,2.4449999999999998,0.9861758798416197
Silicon,Si,2.4500000000000002,0.98623177999710665
Silicon,Si,2.4550000000000001,0.98628734271787621
Silicon,Si,2.46,0.98634257070669051
Silicon,Si,2.4649999999999999,0.98639746663938321
Silicon,Si,2.4700000000000002,0.98645203316517904
Silicon,Si,2.4750000000000001,0.98650627290700788
Silicon,Si,2.48,0.98656018846182014
Silicon,Si,2.4849999999999999,0.98661378240089137
Silicon,Si,2.4900000000000002,0.98666705727012671
Silicon,Si,2.4950000000000001,0.9867200155903586
Silicon,Si,2.5,0.98677265985764373
Silicon,Si,2.5049999999999999,0.98682499254355149
Silicon,Si,2.5100000000000002,0.98687701609545264
Silicon,Si,2.5150000000000001,0.9869287329368005
Silicon,Si,2.52,0.9869801454674122
Silicon,Si,2.5249999999999999,0.98703125606374198
Silicon,Si,2.5300000000000002,0.98708206707915602
Silicon,Si,2.5350000000000001,0.98713258084419475
Silicon,Si,2.54,0.98718279966684408
Silicon,Si,2.5449999999999999,0.98723272583279054
Silicon,Si,2.5500000000000003,0.98728236160568095
Silicon,Si,2.5550000000000002,0.98733170922737767
Silicon,Si,2.5600000000000001,0.98738077091820609
Silicon,Si,2.5649999999999999,0.98742954887720324
Silicon,Si,2.5699999999999998,0.98747804528236238
Silicon,Si,2.5750000000000002,0.98752626229087215
Silicon,Si,2.5800000000000001,0.98757420203935331
Silicon,Si,2.585,0.98762186664409557
Silicon,Si,2.5899999999999999,0.98766925820128848
Silicon,Si,2.5950000000000002,0.98771637878724516
Silicon,Si,2.6000000000000001,0.98776323045863368
Silicon,Si,2.605,0.98780981525269396
Silicon,Si,2.6099999999999999,0.98785613518745974
Silicon,Si,2.6150000000000002,0.98790219226197429
Silicon,Si,2.6200000000000001,0.98794798845650411
Silicon,Si,2.625,0.98799352573274812
Silicon,Si,2.6299999999999999,0.98803880603404903
Silicon,Si,2.6350000000000002,0.9880838312855954
Silicon,Si,2.6400000000000001,0.98812860339462449
Silicon,Si,2.645,0.98817312425062431
Silicon,Si,2.6499999999999999,0.98821739572552836
Silicon,Si,2.6550000000000002,0.98826141967391301
Silicon,Si,2.6600000000000001,0.98830519793318872
Silicon,Si,2.665,0.98834873232378795
Silicon,Si,2.6699999999999999,0.98839202464935749
Silicon,Si,2.6750000000000003,0.98843507669693731
Silicon,Si,2.6800000000000002,0.98847789023714727
Silicon,Si,2.6850000000000001,0.98852046702436813
Silicon,Si,2.6899999999999999,0.98856280879691538
Silicon,Si,2.6949999999999998,0.98860491727721878
Silicon,Si,2.7000000000000002,0.98864679417199441
Silicon,Si,2.7050000000000001,0.98868844117241517
Silicon,Si,2.71,0.98872985995428142
Silicon,Si,2.7149999999999999,0.98877105217818784
Silicon,Si,2.7200000000000002,0.98881201948968744
Silicon,Si,2.7250000000000001,0.98885276351945439
Silicon,Si,2.73,0.98889328588344561
Silicon,Si,2.7349999999999999,0.98893358818305854
Silicon,Si,2.7400000000000002,0.98897367200528941
Silicon,Si,2.7450000000000001,0.9890135389228859
Silicon,Si,2.75,0.9890531904945008
Silicon,Si,2.7549999999999999,0.98909262826484501
Silicon,Si,2.7600000000000002,0.98913185376483459
Silicon,Si,2.7650000000000001,0.98917086851173652
Silicon,Si,2.77,0.98920967400931747
Silicon,Si,2.7749999999999999,0.98924827174798424
Silicon,Si,2.7800000000000002,0.98928666320492986
Silicon,Si,2.7850000000000001,0.98932484984426872
Silicon,Si,2.79,0.9893628331171771
Silicon,Si,2.7949999999999999,0.98940061446203065
Silicon,Si,2.8000000000000003,0.98943819530453891
Silicon,Si,2.8050000000000002,0.98947557705787714
Silicon,Si,2.8100000000000001,0.98951276112282038
Silicon,Si,2.8149999999999999,0.98954974888787117
Silicon,Si,2.8199999999999998,0.98958654172938976
Silicon,Si,2.8250000000000002,0.98962314101172066
Silicon,Si,2.8300000000000001,0.98965954808731815
Silicon,Si,2.835,0.98969576429686745
Silicon,Si,2.8399999999999999,0.989731790969412
Silicon,Si,2.8450000000000002,0.98976762942247221
Silicon,Si,2.8500000000000001,0.9898032809621623
Silicon,Si,2.855,0.98983874688331164
Silicon,Si,2.8599999999999999,0.98987402846958028
Silicon,Si,2.8650000000000002,0.98990912699357381
Silicon,Si,2.8700000000000001,0.98994404371695677
Silicon,Si,2.875,0.98997877989056715
Silicon,Si,2.8799999999999999,0.9900133367545243
Silicon,Si,2.8850000000000002,0.99004771553834214
Silicon,Si,2.8900000000000001,0.99008191746103436
Silicon,Si,2.895,0.99011594373122436
Silicon,Si,2.8999999999999999,0.99014979554724758
Silicon,Si,2.9050000000000002,0.99018347409726193
Silicon,Si,2.9100000000000001,0.99021698055934515
Silicon,Si,2.915,0.99025031610160119
Silicon,Si,2.9199999999999999,0.99028348188225723
Silicon,Si,2.9250000000000003,0.99031647904976883
Silicon,Si,2.9300000000000002,0.99034930874291294
Silicon,Si,2.9350000000000001,0.99038197209089052
Silicon,Si,2.9399999999999999,0.99041447021341689
Silicon,Si,2.9449999999999998,0.99044680422082432
Silicon,Si,2.9500000000000002,0.99047897521414907
Silicon,Si,2.9550000000000001,0.99051098428522877
Silicon,Si,2.96,0.99054283251679309
Silicon,Si,2.9649999999999999,0.99057452098255372
Silicon,Si,2.9700000000000002,0.99060605074729602
Silicon,Si,2.9750000000000001,0.99063742286696599
Silicon,Si,2.98,0.99066863838875863
Silicon,Si,2.9849999999999999,0.9906996983512063
Silicon,Si,2.9900000000000002,0.99073060378425959
Silicon,Si,2.9950000000000001,0.99076135570937884
Silicon,Si,3,0.99079195513961171
Silicon,Si,3.0049999999999999,0.99082240307968017
Silicon,Si,3.0100000000000002,0.99085270052606156
Silicon,Si,3.0150000000000001,0.99088284846706576
Silicon,Si,3.02,0.99091284788292078
Silicon,Si,3.0249999999999999,0.99094269974584792
Silicon,Si,3.0300000000000002,0.99097240502014339
Silicon,Si,3.0350000000000001,0.99100196466225021
Silicon,Si,3.04,0.99103137962084054
Silicon,Si,3.0449999999999999,0.99106065083688677
Silicon,Si,3.0500000000000003,0.99108977924373975
Silicon,Si,3.0550000000000002,0.99111876576720004
Silicon,Si,3.0600000000000001,0.99114761132559115
Silicon,Si,3.0649999999999999,0.99117631682983331
Silicon,Si,3.0700000000000003,0.99120488318351352
Silicon,Si,3.0750000000000002,0.99123331128295766
Silicon,Si,3.0800000000000001,0.99126160201729718
Silicon,Si,3.085,0.99128975626854265
Silicon,Si,3.0899999999999999,0.99131777491164741
Silicon,Si,3.0950000000000002,0.99134565881457726
Silicon,Si,3.1000000000000001,0.99137340883837866
Silicon,Si,3.105,0.99140102583724166
Silicon,Si,3.1099999999999999,0.9914285106585683
Silicon,Si,3.1150000000000002,0.99145586414303277
Silicon,Si,3.1200000000000001,0.99148308712465127
Silicon,Si,3.125,0.99151018043083905
Silicon,Si,3.1299999999999999,0.99153714488247724
Silicon,Si,3.1350000000000002,0.99156398129397272
Silicon,Si,3.1400000000000001,0.99159069047332049
Silicon,Si,3.145,0.9916172732221602
Silicon,Si,3.1499999999999999,0.9916437303358413
Silicon,Si,3.1550000000000002,0.99167006260347901
Silicon,Si,3.1600000000000001,0.99169627080801181
Silicon,Si,3.165,0.99172235572626399
Silicon,Si,3.1699999999999999,0.99174831812899489
Silicon,Si,3.1750000000000003,0.99177415878096498
Silicon,Si,3.1800000000000002,0.99179987844098327
Silicon,Si,3.1850000000000001,0.99182547786196851
Silicon,Si,3.1899999999999999,0.99185095779100052
Silicon,Si,3.1950000000000003,0.991876318969375
Silicon,Si,3.2000000000000002,0.99190156213266023
Silicon,Si,3.2050000000000001,0.99192668801074391
Silicon,Si,3.21,0.9919516973278929
Silicon,Si,3.2149999999999999,0.99197659080279754
Silicon,Si,3.2200000000000002,0.99200136914862902
Silicon,Si,3.2250000000000001,0.9920260330730859
Silicon,Si,3.23,0.99205058327844886
Silicon,Si,3.2349999999999999,0.99207502046162543
Silicon,Si,3.2400000000000002,0.99209934531420163
Silicon,Si,3.2450000000000001,0.99212355852249179
Silicon,Si,3.25,0.99214766076758243
Silicon,Si,3.2549999999999999,0.9921716527253861
Silicon,Si,3.2600000000000002,0.9921955350666819
Silicon,Si,3.2650000000000001,0.9922193084571661
Silicon,Si,3.27,0.99224297355749791
Silicon,Si,3.2749999999999999,0.9922665310233445
Silicon,Si,3.2800000000000002,0.99228998150542513
Silicon,Si,3.2850000000000001,0.99231332564955532
Silicon,Si,3.29,0.99233656409669724
Silicon,Si,3.2949999999999999,0.99235969748299258
Silicon,Si,3.3000000000000003,0.9923827264398174
Silicon,Si,3.3050000000000002,0.99240565159381489
Silicon,Si,3.3100000000000001,0.99242847356694441
Silicon,Si,3.3149999999999999,0.9924511929765214
Silicon,Si,3.3200000000000003,0.99247381043525784
Silicon,Si,3.3250000000000002,0.99249632655130549
Silicon,Si,3.3300000000000001,0.99251874192829281
Silicon,Si,3.335,0.99254105716537033
Silicon,Si,3.3399999999999999,0.99256327285724544
Silicon,Si,3.3450000000000002,0.99258538959422526
Silicon,Si,3.3500000000000001,0.99260740796225355
Silicon,Si,3.355,0.99262932854295038
Silicon,Si,3.3599999999999999,0.99265115191365094
Silicon,Si,3.3650000000000002,0.99267287864744014
Silicon,Si,3.3700000000000001,0.99269450931319458
Silicon,Si,3.375,0.99271604447561623
Silicon,Si,3.3799999999999999,0.9927374846952699
Silicon,Si,3.3850000000000002,0.99275883052862024
Silicon,Si,3.3900000000000001,0.99278008252806571
Silicon,Si,3.395,0.99280124124197699
Silicon,Si,3.3999999999999999,0.99282230721473053
Silicon,Si,3.4050000000000002,0.99284328098674246
Silicon,Si,3.4100000000000001,0.99286416309450454
Silicon,Si,3.415,0.99288495407061794
Silicon,Si,3.4199999999999999,0.9929056544438275
Silicon,Si,3.4250000000000003,0.99292626473905155
Silicon,Si,3.4300000000000002,0.99294678547742143
Silicon,Si,3.4350000000000001,0.99296721717630931
Silicon,Si,3.4399999999999999,0.99298756034936086
Silicon,Si,3.4450000000000003,0.9930078155065305
Silicon,Si,3.4500000000000002,0.99302798315411001
Silicon,Si,3.4550000000000001,0.99304806379476174
Silicon,Si,3.46,0.99306805792754782
Silicon,Si,3.4649999999999999,0.99308796604796412
Silicon,Si,3.4700000000000002,0.993107788647969
Silicon,Si,3.4750000000000001,0.99312752621601208
Silicon,Si,3.48,0.99314717923706497
Silicon,Si,3.4849999999999999,0.9931667481926546
Silicon,Si,3.4900000000000002,0.99318623356088775
Silicon,Si,3.4950000000000001,0.9932056358164808
Silicon,Si,3.5,0.99322495543079126
Silicon,Si,3.5049999999999999,0.99324419287184351
Silicon,Si,3.5100000000000002,0.99326334860435694
Silicon,Si,3.5150000000000001,0.99328242308977877
Silicon,Si,3.52,0.99330141678630257
Silicon,Si,3.5249999999999999,0.99332033014890531
Silicon,Si,3.5300000000000002,0.99333916362936658
Silicon,Si,3.5350000000000001,0.99335791767630122
Silicon,Si,3.54,0.99337659273518308
Silicon,Si,3.5449999999999999,0.99339518924836978
Silicon,Si,3.5500000000000003,0.99341370765513293
Silicon,Si,3.5550000000000002,0.99343214839168237
Silicon,Si,3.5600000000000001,0.99345051189118783
Silicon,Si,3.5649999999999999,0.99346879858381099
Silicon,Si,3.5700000000000003,0.99348700889672537
Silicon,Si,3.5750000000000002,0.99350514325414152
Silicon,Si,3.5800000000000001,0.99352320207733535
Silicon,Si,3.585,0.99354118578466954
Silicon,Si,3.5899999999999999,0.99355909479161642
Silicon,Si,3.5950000000000002,0.99357692951078491
Silicon,Si,3.6000000000000001,0.99359469035194314
Silicon,Si,3.605,0.9936123777220407
Silicon,Si,3.6099999999999999,0.99362999202523161
Silicon,Si,3.6150000000000002,0.99364753366290071
Silicon,Si,3.6200000000000001,0.99366500303368233
Silicon,Si,3.625,0.99368240053348478
Silicon,Si,3.6299999999999999,0.9936997265555132
Silicon,Si,3.6350000000000002,0.99371698149028931
Silicon,Si,3.6400000000000001,0.99373416572567641
Silicon,Si,3.645,0.99375127964689713
Silicon,Si,3.6499999999999999,0.99376832363656065
Silicon,Si,3.6550000000000002,0.99378529807467886
Silicon,Si,3.6600000000000001,0.99380220333868774
Silicon,Si,3.665,0.99381903980347208
Silicon,Si,3.6699999999999999,0.99383580784138148
Silicon,Si,3.6750000000000003,0.99385250782225532
Silicon,Si,3.6800000000000002,0.9938691401134393
Silicon,Si,3.6850000000000001,0.99388570507980811
Silicon,Si,3.6899999999999999,0.99390220308378352
Silicon,Si,3.6950000000000003,0.99391863448535489
Silicon,Si,3.7000000000000002,0.99393499964209853
Silicon,Si,3.7050000000000001,0.99395129890919798
Silicon,Si,3.71,0.99396753263946191
Silicon,Si,3.7149999999999999,0.993983701183343
Silicon,Si,3.7200000000000002,0.99399980488895978
Silicon,Si,3.7250000000000001,0.99401584410210886
Silicon,Si,3.73,0.99403181916629213
Silicon,Si,3.7349999999999999,0.9940477304227272
Silicon,Si,3.7400000000000002,0.99406357821036884
Silicon,Si,3.7450000000000001,0.99407936286592791
Silicon,Si,3.75,0.99409508472388775
Silicon,Si,3.7549999999999999,0.99411074411652234
Silicon,Si,3.7600000000000002,0.9941263413739122
Silicon,Si,3.7650000000000001,0.99414187682396482
Silicon,Si,3.77,0.99415735079242951
Silicon,Si,3.7749999999999999,0.99417276360291262
Silicon,Si,3.7800000000000002,0.99418811557690168
Silicon,Si,3.7850000000000001,0.9942034070337723
Silicon,Si,3.79,0.99421863829081103
Silicon,Si,3.7949999999999999,0.99423380966323183
Silicon,Si,3.8000000000000003,0.99424892146418853
Silicon,Si,3.8050000000000002,0.99426397400479338
Silicon,Si,3.8100000000000001,0.99427896759413392
Silicon,Si,3.8149999999999999,0.99429390253928596
Silicon,Si,3.8200000000000003,0.99430877914533244
Silicon,Si,3.8250000000000002,0.99432359771537493
Silicon,Si,3.8300000000000001,0.99433835855055386
Silicon,Si,3.835,0.99435306195006024
Silicon,Si,3.8399999999999999,0.99436770821115161
Silicon,Si,3.8450000000000002,0.99438229762916575
Silicon,Si,3.8500000000000001,0.99439683049753969
Silicon,Si,3.855,0.99441130710782066
Silicon,Si,3.8599999999999999,0.99442572774967908
Silicon,Si,3.8650000000000002,0.9944400927109297
Silicon,Si,3.8700000000000001,0.99445440227753767
Silicon,Si,3.875,0.9944686567336396
Silicon,Si,3.8799999999999999,0.9944828563615532
Silicon,Si,3.8850000000000002,0.99449700144179265
Silicon,Si,3.8900000000000001,0.99451109225308498
Silicon,Si,3.895,0.99452512907237633
Silicon,Si,3.8999999999999999,0.99453911217485469
Silicon,Si,3.9050000000000002,0.99455304183395743
Silicon,Si,3.9100000000000001,0.99456691832138655
Silicon,Si,3.915,0.99458074190711998
Silicon,Si,3.9199999999999999,0.99459451285942868
Silicon,Si,3.9250000000000003,0.99460823144488586
Silicon,Si,3.9300000000000002,0.99462189792838018
Silicon,Si,3.9350000000000001,0.9946355125731301
Silicon,Si,3.9399999999999999,0.99464907564069727
Silicon,Si,3.9450000000000003,0.994662587390995
Silicon,Si,3.9500000000000002,0.9946760480823047
Silicon,Si,3.9550000000000001,0.99468945797128638
Silicon,Si,3.96,0.99470281731299148
Silicon,Si,3.9650000000000003,0.99471612636087248
Silicon,Si,3.9700000000000002,0.99472938536680111
Silicon,Si,3.9750000000000001,0.99474259458107173
Silicon,Si,3.98,0.99475575425241924
Silicon,Si,3.9849999999999999,0.99476886462803016
Silicon,Si,3.9900000000000002,0.99478192595355142
Silicon,Si,3.9950000000000001,0.99479493847310307
Silicon,Si,4,0.99480790242929118
Silicon,Si,4.0049999999999999,0.99482081806321665
Silicon,Si,4.0099999999999998,0.99483368561448837
Silicon,Si,4.0149999999999997,0.99484650532123375
Silicon,Si,4.0200000000000005,0.9948592774201086
Silicon,Si,4.0250000000000004,0.99487200214630889
Silicon,Si,4.0300000000000002,0.9948846797335823
Silicon,Si,4.0350000000000001,0.99489731041423701
Silicon,Si,4.04,0.99490989441915412
Silicon,Si,4.0449999999999999,0.99492243197779706
Silicon,Si,4.0499999999999998,0.99493492331822286
Silicon,Si,4.0549999999999997,0.99494736866709077
Silicon,Si,4.0600000000000005,0.9949597682496758
Silicon,Si,4.0650000000000004,0.99497212228987453
Silicon,Si,4.0700000000000003,0.99498443101021761
Silicon,Si,4.0750000000000002,0.99499669463188245
Silicon,Si,4.0800000000000001,0.99500891337469632
Silicon,Si,4.085,0.99502108745715279
Silicon,Si,4.0899999999999999,0.9950332170964179
Silicon,Si,4.0949999999999998,0.99504530250833878
Silicon,Si,4.0999999999999996,0.99505734390745859
Silicon,Si,4.1050000000000004,0.9950693415070202
Silicon,Si,4.1100000000000003,0.99508129551897806
Silicon,Si,4.1150000000000002,0.99509320615400754
Silicon,Si,4.1200000000000001,0.99510507362151501
Silicon,Si,4.125,0.99511689812964355
Silicon,Si,4.1299999999999999,0.9951286798852863
Silicon,Si,4.1349999999999998,0.99514041909409412
Silicon,Si,4.1399999999999997,0.99515211596048203
Silicon,Si,4.1450000000000005,0.99516377068764195
Silicon,Si,4.1500000000000004,0.9951753834775483
Silicon,Si,4.1550000000000002,0.99518695453096861
Silicon,Si,4.1600000000000001,0.99519848404747246
Silicon,Si,4.165,0.99520997222543695
Silicon,Si,4.1699999999999999,0.99522141926206065
Silicon,Si,4.1749999999999998,0.99523282535336544
Silicon,Si,4.1799999999999997,0.99524419069420988
Silicon,Si,4.1850000000000005,0.99525551547829638
Silicon,Si,4.1900000000000004,0.99526679989817746
Silicon,Si,4.1950000000000003,0.99527804414526733
Silicon,Si,4.2000000000000002,0.99528924840984578
Silicon,Si,4.2050000000000001,0.99530041288106974
Silicon,Si,4.21,0.99531153774698011
Silicon,Si,4.2149999999999999,0.99532262319450737
Silicon,Si,4.2199999999999998,0.99533366940948542
Silicon,Si,4.2249999999999996,0.99534467657665127
Silicon,Si,4.2300000000000004,0.99535564487965889
Silicon,Si,4.2350000000000003,0.99536657450108479
Silicon,Si,4.2400000000000002,0.99537746562243523
Silicon,Si,4.2450000000000001,0.99538831842415498
Silicon,Si,4.25,0.99539913308563155
Silicon,Si,4.2549999999999999,0.99540990978520771
Silicon,Si,4.2599999999999998,0.99542064870018476
Silicon,Si,4.2649999999999997,0.9954313500068307
Silicon,Si,4.2700000000000005,0.99544201388038844
Silicon,Si,4.2750000000000004,0.99545264049508164
Silicon,Si,4.2800000000000002,0.99546323002412351
Silicon,Si,4.2850000000000001,0.99547378263972208
Silicon,Si,4.29,0.9954842985130874
Silicon,Si,4.2949999999999999,0.9954947778144404
Silicon,Si,4.2999999999999998,0.99550522071301606
Silicon,Si,4.3049999999999997,0.99551562737707588
Silicon,Si,4.3100000000000005,0.99552599797390784
Silicon,Si,4.3150000000000004,0.99553633266983721
Silicon,Si,4.3200000000000003,0.99554663163023394
Silicon,Si,4.3250000000000002,0.99555689501951705
Silicon,Si,4.3300000000000001,0.99556712300116146
Silicon,Si,4.335,0.9955773157377048
Silicon,Si,4.3399999999999999,0.99558747339075426
Silicon,Si,4.3449999999999998,0.99559759612099341
Silicon,Si,4.3500000000000005,0.99560768408818612
Silicon,Si,4.3550000000000004,0.99561773745118642
Silicon,Si,4.3600000000000003,0.99562775636794121
Silicon,Si,4.3650000000000002,0.9956377409954984
Silicon,Si,4.3700000000000001,0.99564769149001386
Silicon,Si,4.375,0.9956576080067544
Silicon,Si,4.3799999999999999,0.99566749070010763
Silicon,Si,4.3849999999999998,0.9956773397235843
Silicon,Si,4.3899999999999997,0.99568715522982676
Silicon,Si,4.3950000000000005,0.99569693737061549
Silicon,Si,4.4000000000000004,0.99570668629687198
Silicon,Si,4.4050000000000002,0.99571640215866541
Silicon,Si,4.4100000000000001,0.99572608510522009
Silicon,Si,4.415,0.99573573528492076
Silicon,Si,4.4199999999999999,0.99574535284531673
Silicon,Si,4.4249999999999998,0.99575493793312897
Silicon,Si,4.4299999999999997,0.99576449069425499
Silicon,Si,4.4350000000000005,0.99577401127377452
Silicon,Si,4.4400000000000004,0.99578349981595449
Silicon,Si,4.4450000000000003,0.9957929564642557
Silicon,Si,4.4500000000000002,0.99580238136133725
Silicon,Si,4.4550000000000001,0.99581177464906201
Silicon,Si,4.46,0.99582113646850257
Silicon,Si,4.4649999999999999,0.99583046695994637
Silicon,Si,4.4699999999999998,0.99583976626289927
Silicon,Si,4.4750000000000005,0.99584903451609263
Silicon,Si,4.4800000000000004,0.99585827185748976
Silicon,Si,4.4850000000000003,0.99586747842428569
Silicon,Si,4.4900000000000002,0.99587665435291861
Silicon,Si,4.4950000000000001,0.99588579977907132
Silicon,Si,4.5,0.99589491483767734
Silicon,Si,4.5049999999999999,0.99590399966292398
Silicon,Si,4.5099999999999998,0.99591305438825994
Silicon,Si,4.5149999999999997,0.9959220791464003
Silicon,Si,4.5200000000000005,0.99593107406932668
Silicon,Si,4.5250000000000004,0.99594003928829899
Silicon,Si,4.5300000000000002,0.99594897493385481
Silicon,Si,4.5350000000000001,0.99595788113581685
Silicon,Si,4.54,0.99596675802329582
Silicon,Si,4.5449999999999999,0.99597560572469646
Silicon,Si,4.5499999999999998,0.99598442436772316
Silicon,Si,4.5549999999999997,0.99599321407938068
Silicon,Si,4.5600000000000005,0.99600197498598464
Silicon,Si,4.5650000000000004,0.99601070721315776
Silicon,Si,4.5700000000000003,0.99601941088584378
Silicon,Si,4.5750000000000002,0.99602808612830551
Silicon,Si,4.5800000000000001,0.99603673306412988
Silicon,Si,4.585,0.99604535181623666
Silicon,Si,4.5899999999999999,0.99605394250687629
Silicon,Si,4.5949999999999998,0.99606250525763917
Silicon,Si,4.6000000000000005,0.99607104018945969
Silicon,Si,4.6050000000000004,0.99607954742261584
Silicon,Si,4.6100000000000003,0.99608802707674038
Silicon,Si,4.6150000000000002,0.99609647927081935
Silicon,Si,4.6200000000000001,0.9961049041231983
Silicon,Si,4.625,0.99611330175158652
Silicon,Si,4.6299999999999999,0.99612167227306159
Silicon,Si,4.6349999999999998,0.99613001580407312
Silicon,Si,4.6399999999999997,0.9961383324604457
Silicon,Si,4.6450000000000005,0.99614662235738383
Silicon,Si,4.6500000000000004,0.99615488560947607
Silicon,Si,4.6550000000000002,0.99616312233069959
Silicon,Si,4.6600000000000001,0.99617133263442215
Silicon,Si,4.665,0.99617951663340776
Silicon,Si,4.6699999999999999,0.99618767443981793
Silicon,Si,4.6749999999999998,0.99619580616522074
Silicon,Si,4.6799999999999997,0.99620391192058866
Silicon,Si,4.6850000000000005,0.9962119918163066
Silicon,Si,4.6900000000000004,0.99622004596217295
Silicon,Si,4.6950000000000003,0.99622807446740524
Silicon,Si,4.7000000000000002,0.9962360774406428
Silicon,Si,4.7050000000000001,0.99624405498995039
Silicon,Si,4.71,0.99625200722282148
Silicon,Si,4.7149999999999999,0.99625993424618331
Silicon,Si,4.7199999999999998,0.99626783616640102
Silicon,Si,4.7250000000000005,0.99627571308927632
Silicon,Si,4.7300000000000004,0.99628356512005789
Silicon,Si,4.7350000000000003,0.99629139236343833
Silicon,Si,4.7400000000000002,0.99629919492356378
Silicon,Si,4.7450000000000001,0.99630697290403281
Silicon,Si,4.75,0.99631472640790242
Silicon,Si,4.7549999999999999,0.99632245553768894
Silicon,Si,4.7599999999999998,0.99633016039537359
Silicon,Si,4.7649999999999997,0.99633784108240597
Silicon,Si,4.7700000000000005,0.99634549769970548
Silicon,Si,4.7750000000000004,0.99635313034766781
Silicon,Si,4.7800000000000002,0.99636073912616308
Silicon,Si,4.7850000000000001,0.99636832413454379
Silicon,Si,4.79,0.99637588547164702
Silicon,Si,4.7949999999999999,0.99638342323579643
Silicon,Si,4.7999999999999998,0.99639093752480545
Silicon,Si,4.8049999999999997,0.99639842843598225
Silicon,Si,4.8100000000000005,0.9964058960661305
Silicon,Si,4.8150000000000004,0.99641334051155461
Silicon,Si,4.8200000000000003,0.99642076186806172
Silicon,Si,4.8250000000000002,0.99642816023096492
Silicon,Si,4.8300000000000001,0.99643553569508536
Silicon,Si,4.835,0.9964428883547588
Silicon,Si,4.8399999999999999,0.99645021830383229
Silicon,Si,4.8449999999999998,0.9964575256356748
Silicon,Si,4.8500000000000005,0.99646481044317337
Silicon,Si,4.8550000000000004,0.99647207281874195
Silicon,Si,4.8600000000000003,0.99647931285431746
Silicon,Si,4.8650000000000002,0.99648653064137072
Silicon,Si,4.8700000000000001,0.99649372627090071
Silicon,Si,4.875,0.99650089983344781
Silicon,Si,4.8799999999999999,0.99650805141908549
Silicon,Si,4.8849999999999998,0.99651518111743109
Silicon,Si,4.8899999999999997,0.99652228901764506
Silicon,Si,4.8950000000000005,0.99652937520843421
Silicon,Si,4.9000000000000004,0.9965364397780565
Silicon,Si,4.9050000000000002,0.99654348281432059
Silicon,Si,4.9100000000000001,0.9965505044045907
Silicon,Si,4.915,0.99655750463578952
Silicon,Si,4.9199999999999999,0.99656448359439898
Silicon,Si,4.9249999999999998,0.99657144136646325
Silicon,Si,4.9299999999999997,0.99657837803759519
Silicon,Si,4.9350000000000005,0.99658529369297255
Silicon,Si,4.9400000000000004,0.99659218841734687
Silicon,Si,4.9450000000000003,0.99659906229504081
Silicon,Si,4.9500000000000002,0.99660591540995513
Silicon,Si,4.9550000000000001,0.99661274784556775
Silicon,Si,4.96,0.99661955968493865
Silicon,Si,4.9649999999999999,0.99662635101071106
Silicon,Si,4.9699999999999998,0.99663312190511444
Silicon,Si,4.9750000000000005,0.99663987244996677
Silicon,Si,4.9800000000000004,0.99664660272667815
Silicon,Si,4.9850000000000003,0.99665331281625036
Silicon,Si,4.9900000000000002,0.9966600027992828
Silicon,Si,4.9950000000000001,0.99666667275597265
Silicon,Si,5,0.9966733227661182
Carbon,C,0,0
Carbon,C,0.0050000000000000001,5.5355861069469165e-83
Carbon,C,0.01,3.720075976020852e-40
Carbon,C,0.014999999999999999,4.9528140348459327e-26
Carbon,C,0.02,4.821874619909798e-19
Carbon,C,0.025000000000000001,6.7973668084665601e-15
Carbon,C,0.029999999999999999,3.7091531059611433e-12
Carbon,C,0.035000000000000003,3.1874996271057826e-10
Carbon,C,0.040000000000000001,8.6799649158436051e-09
Carbon,C,0.044999999999999998,1.1030278702227049e-07
Carbon,C,0.050000000000000003,8.2446145237410601e-07
Carbon,C,0.055,4.197699298135711e-06
Carbon,C,0.059999999999999998,1.6049303297407637e-05
Carbon,C,0.065000000000000002,4.9285583186326874e-05
Carbon,C,0.070000000000000007,0.00012752565956825526
Carbon,C,0.074999999999999997,0.00028792925129118109
Carbon,C,0.080000000000000002,0.00058229389814401088
Carbon,C,0.085000000000000006,0.0010760242406616658
Carbon,C,0.089999999999999997,0.0018451586742078505
Carbon,C,0.095000000000000001,0.0029720439284188168
Carbon,C,0.10000000000000001,0.0045404052350475413
Carbon,C,0.105,0.006630510498834793
Carbon,C,0.11,0.0093149570976208858
Carbon,C,0.115,0.012655400709885103
Carbon,C,0.12,0.016700352296325757
Carbon,C,0.125,0.021484019939626529
Carbon,C,0.13,0.027026073894798146
Carbon,C,0.13500000000000001,0.033332160920918903
Carbon,C,0.14000000000000001,0.040394977370310441
Carbon,C,0.14499999999999999,0.048195718264151449
Carbon,C,0.14999999999999999,0.056705741728639646
Carbon,C,0.155,0.065888317030934271
Carbon,C,0.16,0.075700354713167772
Carbon,C,0.16500000000000001,0.08609404565623742
Carbon,C,0.17000000000000001,0.097018360527948683
Carbon,C,0.17500000000000002,0.10842038127243646
Carbon,C,0.17999999999999999,0.12024645206074586
Carbon,C,0.185,0.13244314882686178
Carbon,C,0.19,0.1449580747348739
Carbon,C,0.19500000000000001,0.15774049429712389
Carbon,C,0.20000000000000001,0.1707418220048014
Carbon,C,0.20500000000000002,0.18391598279138896
Carbon,C,0.20999999999999999,0.19721966189170706
Carbon,C,0.215,0.21061246106421885
Carbon,C,0.22,0.22405697700931818
Carbon,C,0.22500000000000001,0.23751881636772715
Carbon,C,0.23000000000000001,0.25096656008709939
Carbon,C,0.23500000000000001,0.26437168831922508
Carbon,C,0.23999999999999999,0.27770847543464883
Carbon,C,0.245,0.29095386326671574
Carbon,C,0.25,0.30408731935228439
Carbon,C,0.255,0.31709068573517762
Carbon,C,0.26000000000000001,0.32994802284369928
Carbon,C,0.26500000000000001,0.3426454520407905
Carbon,C,0.27000000000000002,0.35517099966565169
Carbon,C,0.27500000000000002,0.36751444472736372
Carbon,C,0.28000000000000003,0.37966717186147109
Carbon,C,0.28500000000000003,0.39162203070668827
Carbon,C,0.28999999999999998,0.40337320248830039
Carbon,C,0.29499999999999998,0.41491607429573124
Carbon,C,0.29999999999999999,0.42624712130339082
Carbon,C,0.30499999999999999,0.43736379699671918
Carbon,C,0.31,0.44826443132082661
Carbon,C,0.315,0.45894813655989836
Carbon,C,0.32000000000000001,0.46941472067527401
Carbon,C,0.32500000000000001,0.47966460777334152
Carbon,C,0.33000000000000002,0.48969876533657114
Carbon,C,0.33500000000000002,0.499518637828261
Carbon,C,0.34000000000000002,0.5091260862706728
Carbon,C,0.34500000000000003,0.51852333339456069
Carbon,C,0.35000000000000003,0.52771291396342068
Carbon,C,0.35499999999999998,0.53669762988635572
Carbon,C,0.35999999999999999,0.54548050974781903
Carbon,C,0.36499999999999999,0.55406477239947782
Carbon,C,0.37,0.56245379427814102
Carbon,C,0.375,0.57065108013337351
Carbon,C,0.38,0.57866023686850199
Carbon,C,0.38500000000000001,0.5864849502187911
Carbon,C,0.39000000000000001,0.59412896401027704
Carbon,C,0.39500000000000002,0.60159606176187463
Carbon,C,0.40000000000000002,0.6088900504117275
Carbon,C,0.40500000000000003,0.61601474596625116
Carbon,C,0.41000000000000003,0.62297396088684409
Carbon,C,0.41500000000000004,0.62977149304476376
Carbon,C,0.41999999999999998,0.63641111608920331
Carbon,C,0.42499999999999999,0.64289657108711407
Carbon,C,0.42999999999999999,0.64923155930588516
Carbon,C,0.435,0.65541973602158876
Carbon,C,0.44,0.66146470524620804
Carbon,C,0.44500000000000001,0.66737001527711914
Carbon,C,0.45000000000000001,0.67313915498113341
Carbon,C,0.45500000000000002,0.67877555073369233
Carbon,C,0.46000000000000002,0.68428256394138687
Carbon,C,0.46500000000000002,0.68966348908289143
Carbon,C,0.47000000000000003,0.69492155220970819
Carbon,C,0.47500000000000003,0.70005990985386712
Carbon,C,0.47999999999999998,0.70508164829495401
Carbon,C,0.48499999999999999,0.7099897831435853
Carbon,C,0.48999999999999999,0.71478725920276509
Carbon,C,0.495,0.71947695057246408
Carbon,C,0.5,0.72406166096631042
Carbon,C,0.505,0.72854412421248582
Carbon,C,0.51000000000000001,0.73292700491382701
Carbon,C,0.51500000000000001,0.73721289924475664
Carbon,C,0.52000000000000002,0.74140433586503995
Carbon,C,0.52500000000000002,0.7455037769325038
Carbon,C,0.53000000000000003,0.74951361919879234
Carbon,C,0.53500000000000003,0.75343619517396909
Carbon,C,0.54000000000000004,0.75727377434735255
Carbon,C,0.54500000000000004,0.76102856445338829
Carbon,C,0.55000000000000004,0.76470271277262525
Carbon,C,0.55500000000000005,0.76829830745902183
Carbon,C,0.56000000000000005,0.7718173788858298
Carbon,C,0.56500000000000006,0.77526190100323189
Carbon,C,0.57000000000000006,0.77863379270174393
Carbon,C,0.57500000000000007,0.78193491917612612
Carbon,C,0.57999999999999996,0.78516709328523637
Carbon,C,0.58499999999999996,0.78833207690383578
Carbon,C,0.58999999999999997,0.79143158226290877
Carbon,C,0.59499999999999997,0.79446727327553268
Carbon,C,0.59999999999999998,0.79744076684575704
Carbon,C,0.60499999999999998,0.80035363415834815
Carbon,C,0.60999999999999999,0.80320740194757012
Carbon,C,0.61499999999999999,0.80600355374351051
Carbon,C,0.62,0.80874353109469743
Carbon,C,0.625,0.81142873476601085
Carbon,C,0.63,0.81406052591110334
Carbon,C,0.63500000000000001,0.81664022721872287
Carbon,C,0.64000000000000001,0.81916912403250519
Carbon,C,0.64500000000000002,0.82164846544395076
Carbon,C,0.65000000000000002,0.82407946535841514
Carbon,C,0.65500000000000003,0.82646330353407349
Carbon,C,0.66000000000000003,0.82880112659390515
Carbon,C,0.66500000000000004,0.83109404901082851
Carbon,C,0.67000000000000004,0.83334315406620341
Carbon,C,0.67500000000000004,0.83554949478196605
Carbon,C,0.68000000000000005,0.8377140948267271
Carbon,C,0.68500000000000005,0.83983794939620338
Carbon,C,0.69000000000000006,0.84192202606840061
Carbon,C,0.69500000000000006,0.84396726563398772
Carbon,C,0.70000000000000007,0.8459745829023344
Carbon,C,0.70499999999999996,0.84794486748371434
Carbon,C,0.70999999999999996,0.84987898454817323
Carbon,C,0.71499999999999997,0.85177777556159995
Carbon,C,0.71999999999999997,0.85364205899952172
Carbon,C,0.72499999999999998,0.85547263103917948
Carbon,C,0.72999999999999998,0.85727026623041414
Carbon,C,0.73499999999999999,0.85903571814592483
Carbon,C,0.73999999999999999,0.86076972001143481
Carbon,C,0.745,0.86247298531631467
Carbon,C,0.75,0.86414620840520218
Carbon,C,0.755,0.86579006505115463
Carbon,C,0.76000000000000001,0.86740521301085749
Carbon,C,0.76500000000000001,0.86899229256241828
Carbon,C,0.77000000000000002,0.87055192702625195
Carbon,C,0.77500000000000002,0.87208472326956388
Carbon,C,0.78000000000000003,0.87359127219492438
Carbon,C,0.78500000000000003,0.87507214921341936
Carbon,C,0.79000000000000004,0.87652791470284752
Carbon,C,0.79500000000000004,0.87795911445143437
Carbon,C,0.80000000000000004,0.87936628008750417
Carbon,C,0.80500000000000005,0.88074992949555997
Carbon,C,0.81000000000000005,0.88211056721919567
Carbon,C,0.81500000000000006,0.88344868485126204
Carbon,C,0.82000000000000006,0.88476476141168736
Carbon,C,0.82500000000000007,0.88605926371335841
Carbon,C,0.83000000000000007,0.88733264671643508
Carbon,C,0.83499999999999996,0.88858535387148319
Carbon,C,0.83999999999999997,0.88981781745177735
Carbon,C,0.84499999999999997,0.89103045887513399
Carbon,C,0.84999999999999998,0.892223689015614
Carbon,C,0.85499999999999998,0.89339790850542222
Carbon,C,0.85999999999999999,0.8945535080273278
Carbon,C,0.86499999999999999,0.8956908685979178
Carbon,C,0.87,0.89681036184197993
Carbon,C,0.875,0.89791235025830918
Carbon,C,0.88,0.89899718747722246
Carbon,C,0.88500000000000001,0.9000652185100475
Carbon,C,0.89000000000000001,0.90111677999085971
Carbon,C,0.89500000000000002,0.90215220041071165
Carbon,C,0.90000000000000002,0.90317180034461242
Carbon,C,0.90500000000000003,0.90417589267149068
Carbon,C,0.91000000000000003,0.90516478278737045
Carbon,C,0.91500000000000004,0.90613876881199107
Carbon,C,0.92000000000000004,0.90709814178907788
Carbon,C,0.92500000000000004,0.90804318588047817
Carbon,C,0.93000000000000005,0.90897417855436569
Carbon,C,0.93500000000000005,0.90989139076770065
Carbon,C,0.94000000000000006,0.91079508714314361
Carbon,C,0.94500000000000006,0.91168552614059784
Carbon,C,0.95000000000000007,0.91256296022355909
Carbon,C,0.95500000000000007,0.91342763602044308
Carbon,C,0.95999999999999996,0.91427979448105368
Carbon,C,0.96499999999999997,0.91511967102835046
Carbon,C,0.96999999999999997,0.91594749570566913
Carbon,C,0.97499999999999998,0.91676349331954332
Carbon,C,0.97999999999999998,0.91756788357827002
Carbon,C,0.98499999999999999,0.91836088122635495
Carbon,C,0.98999999999999999,0.91914269617497524
Carbon,C,0.995,0.91991353362858619
Carbon,C,1,0.92067359420779238
Carbon,C,1.0050000000000001,0.92142307406861301
Carbon,C,1.01,0.92216216501824644
Carbon,C,1.0150000000000001,0.92289105462745458
Carbon,C,1.02,0.92360992633967176
Carbon,C,1.0249999999999999,0.92431895957693944
Carbon,C,1.03,0.92501832984277821
Carbon,C,1.0349999999999999,0.92570820882208182
Carbon,C,1.04,0.92638876447813656
Carbon,C,1.0449999999999999,0.92706016114685308
Carbon,C,1.05,0.92772255962830197
Carbon,C,1.0549999999999999,0.92837611727563119
Carbon,C,1.0600000000000001,0.92902098808145961
Carbon,C,1.0649999999999999,0.92965732276181134
Carbon,C,1.0700000000000001,0.93028526883767948
Carbon,C,1.075,0.93090497071428857
Carbon,C,1.0800000000000001,0.93151656975812502
Carbon,C,1.085,0.93212020437181164
Carbon,C,1.0900000000000001,0.93271601006688598
Carbon,C,1.095,0.93330411953455128
Carbon,C,1.1000000000000001,0.93388466271446158
Carbon,C,1.105,0.9344577668616032
Carbon,C,1.1100000000000001,0.93502355661132419
Carbon,C,1.115,0.93558215404258094
Carbon,C,1.1200000000000001,0.93613367873944131
Carbon,C,1.125,0.93667824785091136
Carbon,C,1.1300000000000001,0.93721597614912422
Carbon,C,1.135,0.93774697608595314
Carbon,C,1.1400000000000001,0.93827135784808224
Carbon,C,1.145,0.93878922941059539
Carbon,C,1.1500000000000001,0.93930069658911941
Carbon,C,1.155,0.93980586309056302
Carbon,C,1.1599999999999999,0.94030483056250269
Carbon,C,1.165,0.94079769864124574
Carbon,C,1.1699999999999999,0.94128456499861834
Carbon,C,1.175,0.94176552538750924
Carbon,C,1.1799999999999999,0.94224067368620823
Carbon,C,1.1850000000000001,0.94271010194158145
Carbon,C,1.1899999999999999,0.94317390041110372
Carbon,C,1.1950000000000001,0.94363215760379637
Carbon,C,1.2,0.94408496032009115
Carbon,C,1.2050000000000001,0.94453239369066033
Carbon,C,1.21,0.94497454121423297
Carbon,C,1.2150000000000001,0.94541148479443993
Carbon,C,1.22,0.94584330477569978
Carbon,C,1.2250000000000001,0.94627007997819068
Carbon,C,1.23,0.94669188773191848
Carbon,C,1.2350000000000001,0.9471088039099167
Carbon,C,1.24,0.94752090296060143
Carbon,C,1.2450000000000001,0.94792825793930324
Carbon,C,1.25,0.94833094053899936
Carbon,C,1.2550000000000001,0.94872902112027213
Carbon,C,1.26,0.94912256874051182
Carbon,C,1.2650000000000001,0.94951165118238834
Carbon,C,1.27,0.94989633498160797
Carbon,C,1.2750000000000001,0.95027668545397947
Carbon,C,1.28,0.95065276672180943
Carbon,C,1.2849999999999999,0.9510246417396383
Carbon,C,1.29,0.95139237231934448
Carbon,C,1.2949999999999999,0.95175601915462948
Carbon,C,1.3,0.95211564184489894
Carbon,C,1.3049999999999999,0.9524712989185623
Carbon,C,1.3100000000000001,0.95282304785576266
Carbon,C,1.3149999999999999,0.95317094511055189
Carbon,C,1.3200000000000001,0.95351504613252813
Carbon,C,1.325,0.95385540538795266
Carbon,C,1.3300000000000001,0.9541920763803543
Carbon,C,1.335,0.95452511167063803
Carbon,C,1.3400000000000001,0.95485456289671522
Carbon,C,1.345,0.95518048079266116
Carbon,C,1.3500000000000001,0.95550291520741726
Carbon,C,1.355,0.95582191512304959
Carbon,C,1.3600000000000001,0.95613752867257318
Carbon,C,1.365,0.95644980315735828
Carbon,C,1.3700000000000001,0.95675878506412426
Carbon,C,1.375,0.95706452008153475
Carbon,C,1.3800000000000001,0.95736705311640591
Carbon,C,1.385,0.95766642830953552
Carbon,C,1.3900000000000001,0.957962689051163
Carbon,C,1.395,0.95825587799607248
Carbon,C,1.4000000000000001,0.95854603707834674
Carbon,C,1.405,0.95883320752577716
Carbon,C,1.4099999999999999,0.95911742987394777
Carbon,C,1.415,0.95939874397999281
Carbon,C,1.4199999999999999,0.95967718903603993
Carbon,C,1.425,0.95995280358234902
Carbon,C,1.4299999999999999,0.96022562552015189
Carbon,C,1.4350000000000001,0.9604956921241975
Carbon,C,1.4399999999999999,0.96076304005502133
Carbon,C,1.4450000000000001,0.96102770537092952
Carbon,C,1.45,0.96128972353972009
Carbon,C,1.4550000000000001,0.96154912945013971
Carbon,C,1.46,0.96180595742308472
Carbon,C,1.4650000000000001,0.96206024122255096
Carbon,C,1.47,0.96231201406634537
Carbon,C,1.4750000000000001,0.96256130863655276
Carbon,C,1.48,0.96280815708978107
Carbon,C,1.4850000000000001,0.96305259106717211
Carbon,C,1.49,0.96329464170419821
Carbon,C,1.4950000000000001,0.96353433964024238
Carbon,C,1.5,0.96377171502797054
Carbon,C,1.5050000000000001,0.96400679754249807
Carbon,C,1.51,0.96423961639035893
Carbon,C,1.5150000000000001,0.96447020031827946
Carbon,C,1.52,0.96469857762176581
Carbon,C,1.5250000000000001,0.96492477615350125
Carbon,C,1.53,0.96514882333156871
Carbon,C,1.5350000000000001,0.96537074614749507
Carbon,C,1.54,0.9655905711741225
Carbon,C,1.5449999999999999,0.96580832457331489
Carbon,C,1.55,0.96602403210349963
Carbon,C,1.5549999999999999,0.96623771912704892
Carbon,C,1.5600000000000001,0.96644941061750755
Carbon,C,1.5649999999999999,0.96665913116666546
Carbon,C,1.5700000000000001,0.96686690499148598
Carbon,C,1.575,0.9670727559408846
Carbon,C,1.5800000000000001,0.9672767075023706
Carbon,C,1.585,0.96747878280854716
Carbon,C,1.5900000000000001,0.967679004643478
Carbon,C,1.595,0.96787739544892237
Carbon,C,1.6000000000000001,0.96807397733044143
Carbon,C,1.605,0.96826877206337802
Carbon,C,1.6100000000000001,0.96846180109871449
Carbon,C,1.615,0.96865308556881036
Carbon,C,1.6200000000000001,0.96884264629302286
Carbon,C,1.625,0.9690305037832142
Carbon,C,1.6300000000000001,0.96921667824914415
Carbon,C,1.635,0.96940118960375621
Carbon,C,1.6400000000000001,0.96958405746835596
Carbon,C,1.645,0.969765301177685
Carbon,C,1.6500000000000001,0.96994493978489338
Carbon,C,1.655,0.97012299206641117
Carbon,C,1.6600000000000001,0.97029947652672566
Carbon,C,1.665,0.97047441140305923
Carbon,C,1.6699999999999999,0.9706478146699582
Carbon,C,1.675,0.97081970404378726
Carbon,C,1.6799999999999999,0.97099009698713867
Carbon,C,1.6850000000000001,0.97115901071315069
Carbon,C,1.6899999999999999,0.97132646218974406
Carbon,C,1.6950000000000001,0.97149246814377488
Carbon,C,1.7,0.9716570450651042
Carbon,C,1.7050000000000001,0.97182020921059009
Carbon,C,1.71,0.97198197660800301
Carbon,C,1.7150000000000001,0.97214236305986235
Carbon,C,1.72,0.97230138414720035
Carbon,C,1.7250000000000001,0.97245905523325404
Carbon,C,1.73,0.9726153914670842
Carbon,C,1.7350000000000001,0.97277040778712642
Carbon,C,1.74,0.97292411892467301
Carbon,C,1.7450000000000001,0.97307653940728978
Carbon,C,1.75,0.97322768356216605
Carbon,C,1.7550000000000001,0.9733775655194018
Carbon,C,1.76,0.9735261992152322
Carbon,C,1.7650000000000001,0.97367359839519252
Carbon,C,1.77,0.97381977661722008
Carbon,C,1.7750000000000001,0.97396474725470206
Carbon,C,1.78,0.97410852349946275
Carbon,C,1.7850000000000001,0.97425111836469658
Carbon,C,1.79,0.97439254468784542
Carbon,C,1.7949999999999999,0.97453281513342216
Carbon,C,1.8,0.97467194219578468
Carbon,C,1.8049999999999999,0.97480993820185313
Carbon,C,1.8100000000000001,0.9749468153137818
Carbon,C,1.8149999999999999,0.97508258553157923
Carbon,C,1.8200000000000001,0.97521726069568171
Carbon,C,1.825,0.97535085248947695
Carbon,C,1.8300000000000001,0.9754833724417844
Carbon,C,1.835,0.97561483192928811
Carbon,C,1.8400000000000001,0.975745242178927
Carbon,C,1.845,0.97587461427024147
Carbon,C,1.8500000000000001,0.9760029591376751
Carbon,C,1.855,0.97613028757283804
Carbon,C,1.8600000000000001,0.97625661022672761
Carbon,C,1.865,0.9763819376119095
Carbon,C,1.8700000000000001,0.97650628010465967
Carbon,C,1.875,0.97662964794706797
Carbon,C,1.8800000000000001,0.97675205124910458
Carbon,C,1.885,0.97687349999064832
Carbon,C,1.8900000000000001,0.97699400402348069
Carbon,C,1.895,0.97711357307324398
Carbon,C,1.9000000000000001,0.9772322167413624
Carbon,C,1.905,0.97734994450693391
Carbon,C,1.9100000000000001,0.97746676572858526
Carbon,C,1.915,0.97758268964629469
Carbon,C,1.9199999999999999,0.97769772538318422
Carbon,C,1.925,0.97781188194727919
Carbon,C,1.9299999999999999,0.97792516823323794
Carbon,C,1.9350000000000001,0.97803759302405113
Carbon,C,1.9399999999999999,0.97814916499271198
Carbon,C,1.9450000000000001,0.97825989270385694
Carbon,C,1.95,0.97836978461537782
Carbon,C,1.9550000000000001,0.97847884908000815
Carbon,C,1.96,0.97858709434687763
Carbon,C,1.9650000000000001,0.97869452856304662
Carbon,C,1.97,0.97880115977500859
Carbon,C,1.9750000000000001,0.97890699593017028
Carbon,C,1.98,0.9790120448783034
Carbon,C,1.9850000000000001,0.97911631437297719
Carbon,C,1.99,0.97921981207295972
Carbon,C,1.9950000000000001,0.97932254554360132
Carbon,C,2,0.97942452225819099
Carbon,C,2.0049999999999999,0.97952574959929262
Carbon,C,2.0100000000000002,0.97962623486005607
Carbon,C,2.0150000000000001,0.97972598524550936
Carbon,C,2.02,0.97982500787382565
Carbon,C,2.0249999999999999,0.97992330977757247
Carbon,C,2.0300000000000002,0.98002089790493863
Carbon,C,2.0350000000000001,0.98011777912093978
Carbon,C,2.04,0.98021396020860618
Carbon,C,2.0449999999999999,0.98030944787014929
Carbon,C,2.0499999999999998,0.98040424872810961
Carbon,C,2.0550000000000002,0.98049836932648482
Carbon,C,2.0600000000000001,0.9805918161318421
Carbon,C,2.0649999999999999,0.98068459553440801
Carbon,C,2.0699999999999998,0.980776713849144
Carbon,C,2.0750000000000002,0.98086817731680265
Carbon,C,2.0800000000000001,0.98095899210496895
Carbon,C,2.085,0.98104916430907985
Carbon,C,2.0899999999999999,0.98113869995343406
Carbon,C,2.0950000000000002,0.98122760499217898
Carbon,C,2.1000000000000001,0.98131588531028602
Carbon,C,2.105,0.98140354672450869
Carbon,C,2.1099999999999999,0.98149059498432578
Carbon,C,2.1150000000000002,0.98157703577286781
Carbon,C,2.1200000000000001,0.98166287470783187
Carbon,C,2.125,0.9817481173423781
Carbon,C,2.1299999999999999,0.98183276916601625
Carbon,C,2.1350000000000002,0.98191683560547272
Carbon,C,2.1400000000000001,0.98200032202554832
Carbon,C,2.145,0.98208323372996176
Carbon,C,2.1499999999999999,0.98216557596217757
Carbon,C,2.1550000000000002,0.98224735390622397
Carbon,C,2.1600000000000001,0.98232857268749396
Carbon,C,2.165,0.98240923737353947
Carbon,C,2.1699999999999999,0.98248935297484785
Carbon,C,2.1750000000000003,0.98256892444560828
Carbon,C,2.1800000000000002,0.98264795668446758
Carbon,C,2.1850000000000001,0.98272645453527108
Carbon,C,2.1899999999999999,0.98280442278779623
Carbon,C,2.1949999999999998,0.98288186617847073
Carbon,C,2.2000000000000002,0.98295878939108117
Carbon,C,2.2050000000000001,0.98303519705747244
Carbon,C,2.21,0.98311109375823358
Carbon,C,2.2149999999999999,0.98318648402337561
Carbon,C,2.2200000000000002,0.98326137233299638
Carbon,C,2.2250000000000001,0.98333576311793702
Carbon,C,2.23,0.98340966076042946
Carbon,C,2.2349999999999999,0.98348306959473164
Carbon,C,2.2400000000000002,0.98355599390775228
Carbon,C,2.2450000000000001,0.98362843793967225
Carbon,C,2.25,0.98370040588454732
Carbon,C,2.2549999999999999,0.98377190189091135
Carbon,C,2.2600000000000002,0.98384293006236245
Carbon,C,2.2650000000000001,0.98391349445814591
Carbon,C,2.27,0.98398359909372579
Carbon,C,2.2749999999999999,0.98405324794134685
Carbon,C,2.2800000000000002,0.9841224449305912
Carbon,C,2.2850000000000001,0.98419119394892596
Carbon,C,2.29,0.98425949884223884
Carbon,C,2.2949999999999999,0.98432736341537141
Carbon,C,2.3000000000000003,0.98439479143264164
Carbon,C,2.3050000000000002,0.98446178661835726
Carbon,C,2.3100000000000001,0.98452835265732552
Carbon,C,2.3149999999999999,0.98459449319535197
Carbon,C,2.3199999999999998,0.98466021183973396
Carbon,C,2.3250000000000002,0.98472551215974213
Carbon,C,2.3300000000000001,0.98479039768710752
Carbon,C,2.335,0.98485487191648291
Carbon,C,2.3399999999999999,0.9849189383059147
Carbon,C,2.3450000000000002,0.98498260027729589
Carbon,C,2.3500000000000001,0.98504586121682136
Carbon,C,2.355,0.98510872447542852
Carbon,C,2.3599999999999999,0.98517119336923853
Carbon,C,2.3650000000000002,0.9852332711799856
Carbon,C,2.3700000000000001,0.98529496115544535
Carbon,C,2.375,0.98535626650985086
Carbon,C,2.3799999999999999,0.98541719042431131
Carbon,C,2.3850000000000002,0.98547773604721356
Carbon,C,2.3900000000000001,0.9855379064946268
Carbon,C,2.395,0.98559770485069964
Carbon,C,2.3999999999999999,0.98565713416805034
Carbon,C,2.4050000000000002,0.98571619746814865
Carbon,C,2.4100000000000001,0.98577489774169802
Carbon,C,2.415,0.98583323794900979
Carbon,C,2.4199999999999999,0.98589122102037008
Carbon,C,2.4250000000000003,0.98594884985640563
Carbon,C,2.4300000000000002,0.9860061273284384
Carbon,C,2.4350000000000001,0.98606305627884527
Carbon,C,2.4399999999999999,0.98611963952139947
Carbon,C,2.4449999999999998,0.98617587984161936
Carbon,C,2.4500000000000002,0.98623177999710665
Carbon,C,2.4550000000000001,0.98628734271787621
Carbon,C,2.46,0.98634257070669051
Carbon,C,2.4649999999999999,0.98639746663938321
Carbon,C,2.4700000000000002,0.98645203316517904
Carbon,C,2.4750000000000001,0.98650627290700788
Carbon,C,2.48,0.9865601884618197
Carbon,C,2.4849999999999999,0.98661378240089137
Carbon,C,2.4900000000000002,0.98666705727012671
Carbon,C,2.4950000000000001,0.9867200155903586
Carbon,C,2.5,0.98677265985764417
Carbon,C,2.5049999999999999,0.98682499254355194
Carbon,C,2.5100000000000002,0.98687701609545264
Carbon,C,2.5150000000000001,0.9869287329368005
Carbon,C,2.52,0.9869801454674122
Carbon,C,2.5249999999999999,0.98703125606374198
Carbon,C,2.5300000000000002,0.98708206707915602
Carbon,C,2.5350000000000001,0.9871325808441952
Carbon,C,2.54,0.98718279966684364
Carbon,C,2.5449999999999999,0.98723272583279009
Carbon,C,2.5500000000000003,0.98728236160568095
Carbon,C,2.5550000000000002,0.98733170922737767
Carbon,C,2.5600000000000001,0.98738077091820609
Carbon,C,2.5649999999999999,0.98742954887720324
Carbon,C,2.5699999999999998,0.98747804528236238
Carbon,C,2.5750000000000002,0.98752626229087148
Carbon,C,2.5800000000000001,0.98757420203935287
Carbon,C,2.585,0.98762186664409557
Carbon,C,2.5899999999999999,0.98766925820128848
Carbon,C,2.5950000000000002,0.98771637878724516
Carbon,C,2.6000000000000001,0.98776323045863368
Carbon,C,2.605,0.98780981525269396
Carbon,C,2.6099999999999999,0.98785613518745974
Carbon,C,2.6150000000000002,0.98790219226197429
Carbon,C,2.6200000000000001,0.98794798845650411
Carbon,C,2.625,0.98799352573274812
Carbon,C,2.6299999999999999,0.98803880603404948
Carbon,C,2.6350000000000002,0.9880838312855954
Carbon,C,2.6400000000000001,0.98812860339462494
Carbon,C,2.645,0.98817312425062431
Carbon,C,2.6499999999999999,0.98821739572552869
Carbon,C,2.6550000000000002,0.98826141967391301
Carbon,C,2.6600000000000001,0.98830519793318872
Carbon,C,2.665,0.98834873232378839
Carbon,C,2.6699999999999999,0.98839202464935705
Carbon,C,2.6750000000000003,0.98843507669693731
Carbon,C,2.6800000000000002,0.98847789023714761
Carbon,C,2.6850000000000001,0.98852046702436813
Carbon,C,2.6899999999999999,0.98856280879691538
Carbon,C,2.6949999999999998,0.98860491727721878
Carbon,C,2.7000000000000002,0.98864679417199408
Carbon,C,2.7050000000000001,0.98868844117241472
Carbon,C,2.71,0.98872985995428142
Carbon,C,2.7149999999999999,0.98877105217818784
Carbon,C,2.7200000000000002,0.98881201948968744
Carbon,C,2.7250000000000001,0.98885276351945439
Carbon,C,2.73,0.98889328588344561
Carbon,C,2.7349999999999999,0.98893358818305854
Carbon,C,2.7400000000000002,0.98897367200528907
Carbon,C,2.7450000000000001,0.9890135389228859
Carbon,C,2.75,0.9890531904945008
Carbon,C,2.7549999999999999,0.98909262826484501
Carbon,C,2.7600000000000002,0.98913185376483459
Carbon,C,2.7650000000000001,0.98917086851173652
Carbon,C,2.77,0.98920967400931747
Carbon,C,2.7749999999999999,0.98924827174798469
Carbon,C,2.7800000000000002,0.98928666320492986
Carbon,C,2.7850000000000001,0.98932484984426872
Carbon,C,2.79,0.9893628331171771
Carbon,C,2.7949999999999999,0.98940061446203065
Carbon,C,2.8000000000000003,0.98943819530453891
Carbon,C,2.8050000000000002,0.98947557705787748
Carbon,C,2.8100000000000001,0.98951276112282038
Carbon,C,2.8149999999999999,0.98954974888787117
Carbon,C,2.8199999999999998,0.98958654172938976
Carbon,C,2.8250000000000002,0.98962314101172066
Carbon,C,2.8300000000000001,0.98965954808731815
Carbon,C,2.835,0.98969576429686745
Carbon,C,2.8399999999999999,0.989731790969412
Carbon,C,2.8450000000000002,0.98976762942247221
Carbon,C,2.8500000000000001,0.9898032809621623
Carbon,C,2.855,0.98983874688331164
Carbon,C,2.8599999999999999,0.98987402846958028
Carbon,C,2.8650000000000002,0.98990912699357314
Carbon,C,2.8700000000000001,0.98994404371695677
Carbon,C,2.875,0.98997877989056715
Carbon,C,2.8799999999999999,0.9900133367545243
Carbon,C,2.8850000000000002,0.99004771553834214
Carbon,C,2.8900000000000001,0.99008191746103436
Carbon,C,2.895,0.99011594373122391
Carbon,C,2.8999999999999999,0.99014979554724758
Carbon,C,2.9050000000000002,0.99018347409726237
Carbon,C,2.9100000000000001,0.99021698055934515
Carbon,C,2.915,0.99025031610160119
Carbon,C,2.9199999999999999,0.99028348188225768
Carbon,C,2.9250000000000003,0.99031647904976838
Carbon,C,2.9300000000000002,0.99034930874291294
Carbon,C,2.9350000000000001,0.99038197209089052
Carbon,C,2.9399999999999999,0.99041447021341755
Carbon,C,2.9449999999999998,0.99044680422082432
Carbon,C,2.9500000000000002,0.99047897521414907
Carbon,C,2.9550000000000001,0.99051098428522877
Carbon,C,2.96,0.99054283251679265
Carbon,C,2.9649999999999999,0.99057452098255372
Carbon,C,2.9700000000000002,0.99060605074729602
Carbon,C,2.9750000000000001,0.99063742286696599
Carbon,C,2.98,0.99066863838875863
Carbon,C,2.9849999999999999,0.9906996983512063
Carbon,C,2.9900000000000002,0.99073060378426026
Carbon,C,2.9950000000000001,0.99076135570937884
Carbon,C,3,0.99079195513961171
Carbon,C,3.0049999999999999,0.99082240307968017
Carbon,C,3.0100000000000002,0.99085270052606156
Carbon,C,3.0150000000000001,0.99088284846706576
Carbon,C,3.02,0.99091284788292078
Carbon,C,3.0249999999999999,0.99094269974584792
Carbon,C,3.0300000000000002,0.99097240502014272
Carbon,C,3.0350000000000001,0.99100196466225021
Carbon,C,3.04,0.99103137962084054
Carbon,C,3.0449999999999999,0.99106065083688677
Carbon,C,3.0500000000000003,0.99108977924373975
Carbon,C,3.0550000000000002,0.99111876576720004
Carbon,C,3.0600000000000001,0.99114761132559115
Carbon,C,3.0649999999999999,0.99117631682983331
Carbon,C,3.0700000000000003,0.99120488318351352
Carbon,C,3.0750000000000002,0.99123331128295766
Carbon,C,3.0800000000000001,0.99126160201729718
Carbon,C,3.085,0.99128975626854265
Carbon,C,3.0899999999999999,0.99131777491164697
Carbon,C,3.0950000000000002,0.99134565881457726
Carbon,C,3.1000000000000001,0.99137340883837866
Carbon,C,3.105,0.99140102583724166
Carbon,C,3.1099999999999999,0.9914285106585683
Carbon,C,3.1150000000000002,0.99145586414303322
Carbon,C,3.1200000000000001,0.99148308712465127
Carbon,C,3.125,0.99151018043083905
Carbon,C,3.1299999999999999,0.9915371448824768
Carbon,C,3.1350000000000002,0.99156398129397272
Carbon,C,3.1400000000000001,0.99159069047332049
Carbon,C,3.145,0.9916172732221602
Carbon,C,3.1499999999999999,0.9916437303358413
Carbon,C,3.1550000000000002,0.99167006260347901
Carbon,C,3.1600000000000001,0.99169627080801181
Carbon,C,3.165,0.99172235572626355
Carbon,C,3.1699999999999999,0.99174831812899489
Carbon,C,3.1750000000000003,0.99177415878096498
Carbon,C,3.1800000000000002,0.99179987844098327
Carbon,C,3.1850000000000001,0.99182547786196851
Carbon,C,3.1899999999999999,0.99185095779100052
Carbon,C,3.1950000000000003,0.991876318969375
Carbon,C,3.2000000000000002,0.99190156213266023
Carbon,C,3.2050000000000001,0.99192668801074424
Carbon,C,3.21,0.9919516973278929
Carbon,C,3.2149999999999999,0.99197659080279754
Carbon,C,3.2200000000000002,0.99200136914862902
Carbon,C,3.2250000000000001,0.9920260330730859
Carbon,C,3.23,0.99205058327844886
Carbon,C,3.2349999999999999,0.99207502046162543
Carbon,C,3.2400000000000002,0.99209934531420163
Carbon,C,3.2450000000000001,0.99212355852249179
Carbon,C,3.25,0.99214766076758243
Carbon,C,3.2549999999999999,0.9921716527253861
Carbon,C,3.2600000000000002,0.9921955350666819
Carbon,C,3.2650000000000001,0.9922193084571661
Carbon,C,3.27,0.99224297355749791
Carbon,C,3.2749999999999999,0.9922665310233445
Carbon,C,3.2800000000000002,0.99228998150542513
Carbon,C,3.2850000000000001,0.99231332564955532
Carbon,C,3.29,0.99233656409669724
Carbon,C,3.2949999999999999,0.99235969748299258
Carbon,C,3.3000000000000003,0.9923827264398174
Carbon,C,3.3050000000000002,0.99240565159381489
Carbon,C,3.3100000000000001,0.99242847356694441
Carbon,C,3.3149999999999999,0.99245119297652173
Carbon,C,3.3200000000000003,0.99247381043525784
Carbon,C,3.3250000000000002,0.99249632655130549
Carbon,C,3.3300000000000001,0.99251874192829281
Carbon,C,3.335,0.99254105716537033
Carbon,C,3.3399999999999999,0.99256327285724544
Carbon,C,3.3450000000000002,0.99258538959422526
Carbon,C,3.3500000000000001,0.99260740796225355
Carbon,C,3.355,0.99262932854295038
Carbon,C,3.3599999999999999,0.99265115191365094
Carbon,C,3.3650000000000002,0.99267287864744014
Carbon,C,3.3700000000000001,0.99269450931319458
Carbon,C,3.375,0.99271604447561645
Carbon,C,3.3799999999999999,0.9927374846952699
Carbon,C,3.3850000000000002,0.9927588305286198
Carbon,C,3.3900000000000001,0.99278008252806571
Carbon,C,3.395,0.99280124124197699
Carbon,C,3.3999999999999999,0.99282230721473053
Carbon,C,3.4050000000000002,0.99284328098674246
Carbon,C,3.4100000000000001,0.99286416309450487
Carbon,C,3.415,0.99288495407061794
Carbon,C,3.4199999999999999,0.9929056544438275
Carbon,C,3.4250000000000003,0.99292626473905155
Carbon,C,3.4300000000000002,0.99294678547742143
Carbon,C,3.4350000000000001,0.99296721717630931
Carbon,C,3.4399999999999999,0.99298756034936086
Carbon,C,3.4450000000000003,0.9930078155065305
Carbon,C,3.4500000000000002,0.99302798315411001
Carbon,C,3.4550000000000001,0.99304806379476174
Carbon,C,3.46,0.99306805792754782
Carbon,C,3.4649999999999999,0.99308796604796412
Carbon,C,3.4700000000000002,0.99310778864796945
Carbon,C,3.4750000000000001,0.99312752621601208
Carbon,C,3.48,0.99314717923706497
Carbon,C,3.4849999999999999,0.9931667481926546
Carbon,C,3.4900000000000002,0.99318623356088775
Carbon,C,3.4950000000000001,0.9932056358164808
Carbon,C,3.5,0.99322495543079126
Carbon,C,3.5049999999999999,0.99324419287184351
Carbon,C,3.5100000000000002,0.99326334860435739
Carbon,C,3.5150000000000001,0.99328242308977877
Carbon,C,3.52,0.99330141678630257
Carbon,C,3.5249999999999999,0.99332033014890531
Carbon,C,3.5300000000000002,0.99333916362936658
Carbon,C,3.5350000000000001,0.99335791767630122
Carbon,C,3.54,0.99337659273518308
Carbon,C,3.5449999999999999,0.99339518924836978
Carbon,C,3.5500000000000003,0.99341370765513337
Carbon,C,3.5550000000000002,0.99343214839168237
Carbon,C,3.5600000000000001,0.99345051189118783
Carbon,C,3.5649999999999999,0.99346879858381099
Carbon,C,3.5700000000000003,0.99348700889672537
Carbon,C,3.5750000000000002,0.99350514325414152
Carbon,C,3.5800000000000001,0.99352320207733535
Carbon,C,3.585,0.99354118578466954
Carbon,C,3.5899999999999999,0.99355909479161642
Carbon,C,3.5950000000000002,0.99357692951078491
Carbon,C,3.6000000000000001,0.99359469035194314
Carbon,C,3.605,0.9936123777220407
Carbon,C,3.6099999999999999,0.99362999202523161
Carbon,C,3.6150000000000002,0.99364753366290071
Carbon,C,3.6200000000000001,0.99366500303368233
Carbon,C,3.625,0.99368240053348478
Carbon,C,3.6299999999999999,0.9936997265555132
Carbon,C,3.6350000000000002,0.99371698149028931
Carbon,C,3.6400000000000001,0.99373416572567641
Carbon,C,3.645,0.99375127964689713
Carbon,C,3.6499999999999999,0.99376832363656065
Carbon,C,3.6550000000000002,0.99378529807467886
Carbon,C,3.6600000000000001,0.99380220333868774
Carbon,C,3.665,0.99381903980347208
Carbon,C,3.6699999999999999,0.99383580784138148
Carbon,C,3.6750000000000003,0.99385250782225532
Carbon,C,3.6800000000000002,0.9938691401134393
Carbon,C,3.6850000000000001,0.99388570507980811
Carbon,C,3.6899999999999999,0.99390220308378352
Carbon,C,3.6950000000000003,0.99391863448535489
Carbon,C,3.7000000000000002,0.99393499964209897
Carbon,C,3.7050000000000001,0.99395129890919798
Carbon,C,3.71,0.99396753263946191
Carbon,C,3.7149999999999999,0.993983701183343
Carbon,C,3.7200000000000002,0.99399980488895978
Carbon,C,3.7250000000000001,0.99401584410210886
Carbon,C,3.73,0.99403181916629213
Carbon,C,3.7349999999999999,0.9940477304227272
Carbon,C,3.7400000000000002,0.99406357821036884
Carbon,C,3.7450000000000001,0.99407936286592791
Carbon,C,3.75,0.99409508472388775
Carbon,C,3.7549999999999999,0.99411074411652234
Carbon,C,3.7600000000000002,0.9941263413739122
Carbon,C,3.7650000000000001,0.99414187682396482
Carbon,C,3.77,0.99415735079242951
Carbon,C,3.7749999999999999,0.99417276360291262
Carbon,C,3.7800000000000002,0.99418811557690168
Carbon,C,3.7850000000000001,0.9942034070337723
Carbon,C,3.79,0.99421863829081103
Carbon,C,3.7949999999999999,0.99423380966323183
Carbon,C,3.8000000000000003,0.99424892146418853
Carbon,C,3.8050000000000002,0.99426397400479338
Carbon,C,3.8100000000000001,0.99427896759413392
Carbon,C,3.8149999999999999,0.99429390253928596
Carbon,C,3.8200000000000003,0.99430877914533156
Carbon,C,3.8250000000000002,0.99432359771537493
Carbon,C,3.8300000000000001,0.9943383585505543
Carbon,C,3.835,0.99435306195006024
Carbon,C,3.8399999999999999,0.99436770821115161
Carbon,C,3.8450000000000002,0.99438229762916575
Carbon,C,3.8500000000000001,0.99439683049753969
Carbon,C,3.855,0.99441130710782
Carbon,C,3.8599999999999999,0.99442572774967908
Carbon,C,3.8650000000000002,0.9944400927109297
Carbon,C,3.8700000000000001,0.99445440227753767
Carbon,C,3.875,0.9944686567336396
Carbon,C,3.8799999999999999,0.9944828563615532
Carbon,C,3.8850000000000002,0.99449700144179354
Carbon,C,3.8900000000000001,0.99451109225308498
Carbon,C,3.895,0.99452512907237633
Carbon,C,3.8999999999999999,0.99453911217485469
Carbon,C,3.9050000000000002,0.99455304183395743
Carbon,C,3.9100000000000001,0.99456691832138655
Carbon,C,3.915,0.99458074190711998
Carbon,C,3.9199999999999999,0.99459451285942868
Carbon,C,3.9250000000000003,0.99460823144488586
Carbon,C,3.9300000000000002,0.99462189792838018
Carbon,C,3.9350000000000001,0.9946355125731301
Carbon,C,3.9399999999999999,0.99464907564069727
Carbon,C,3.9450000000000003,0.994662587390995
Carbon,C,3.9500000000000002,0.9946760480823047
Carbon,C,3.9550000000000001,0.99468945797128638
Carbon,C,3.96,0.99470281731299148
Carbon,C,3.9650000000000003,0.99471612636087292
Carbon,C,3.9700000000000002,0.99472938536680111
Carbon,C,3.9750000000000001,0.99474259458107173
Carbon,C,3.98,0.99475575425241924
Carbon,C,3.9849999999999999,0.99476886462803094
Carbon,C,3.9900000000000002,0.99478192595355142
Carbon,C,3.9950000000000001,0.99479493847310307
Carbon,C,4,0.99480790242929118
Carbon,C,4.0049999999999999,0.99482081806321665
Carbon,C,4.0099999999999998,0.99483368561448882
Carbon,C,4.0149999999999997,0.99484650532123331
Carbon,C,4.0200000000000005,0.9948592774201086
Carbon,C,4.0250000000000004,0.99487200214630889
Carbon,C,4.0300000000000002,0.9948846797335823
Carbon,C,4.0350000000000001,0.99489731041423657
Carbon,C,4.04,0.99490989441915412
Carbon,C,4.0449999999999999,0.99492243197779706
Carbon,C,4.0499999999999998,0.99493492331822286
Carbon,C,4.0549999999999997,0.99494736866709121
Carbon,C,4.0600000000000005,0.9949597682496758
Carbon,C,4.0650000000000004,0.99497212228987408
Carbon,C,4.0700000000000003,0.99498443101021805
Carbon,C,4.0750000000000002,0.99499669463188245
Carbon,C,4.0800000000000001,0.99500891337469699
Carbon,C,4.085,0.99502108745715279
Carbon,C,4.0899999999999999,0.99503321709641745
Carbon,C,4.0949999999999998,0.99504530250833922
Carbon,C,4.0999999999999996,0.99505734390745859
Carbon,C,4.1050000000000004,0.9950693415070202
Carbon,C,4.1100000000000003,0.99508129551897806
Carbon,C,4.1150000000000002,0.99509320615400754
Carbon,C,4.1200000000000001,0.99510507362151501
Carbon,C,4.125,0.99511689812964288
Carbon,C,4.1299999999999999,0.9951286798852863
Carbon,C,4.1349999999999998,0.99514041909409368
Carbon,C,4.1399999999999997,0.99515211596048203
Carbon,C,4.1450000000000005,0.99516377068764195
Carbon,C,4.1500000000000004,0.9951753834775483
Carbon,C,4.1550000000000002,0.99518695453096861
Carbon,C,4.1600000000000001,0.99519848404747246
Carbon,C,4.165,0.99520997222543695
Carbon,C,4.1699999999999999,0.99522141926206065
Carbon,C,4.1749999999999998,0.99523282535336499
Carbon,C,4.1799999999999997,0.99524419069420988
Carbon,C,4.1850000000000005,0.99525551547829638
Carbon,C,4.1900000000000004,0.99526679989817779
Carbon,C,4.1950000000000003,0.99527804414526733
Carbon,C,4.2000000000000002,0.99528924840984578
Carbon,C,4.2050000000000001,0.99530041288106974
Carbon,C,4.21,0.99531153774698011
Carbon,C,4.2149999999999999,0.99532262319450782
Carbon,C,4.2199999999999998,0.99533366940948498
Carbon,C,4.2249999999999996,0.99534467657665127
Carbon,C,4.2300000000000004,0.99535564487965889
Carbon,C,4.2350000000000003,0.99536657450108479
Carbon,C,4.2400000000000002,0.99537746562243523
Carbon,C,4.2450000000000001,0.99538831842415498
Carbon,C,4.25,0.99539913308563199
Carbon,C,4.2549999999999999,0.99540990978520771
Carbon,C,4.2599999999999998,0.99542064870018476
Carbon,C,4.2649999999999997,0.99543135000683103
Carbon,C,4.2700000000000005,0.99544201388038844
Carbon,C,4.2750000000000004,0.99545264049508164
Carbon,C,4.2800000000000002,0.99546323002412318
Carbon,C,4.2850000000000001,0.99547378263972208
Carbon,C,4.29,0.9954842985130874
Carbon,C,4.2949999999999999,0.9954947778144404
Carbon,C,4.2999999999999998,0.9955052207130165
Carbon,C,4.3049999999999997,0.99551562737707588
Carbon,C,4.3100000000000005,0.99552599797390784
Carbon,C,4.3150000000000004,0.99553633266983721
Carbon,C,4.3200000000000003,0.99554663163023394
Carbon,C,4.3250000000000002,0.99555689501951705
Carbon,C,4.3300000000000001,0.99556712300116146
Carbon,C,4.335,0.99557731573770514
Carbon,C,4.3399999999999999,0.99558747339075426
Carbon,C,4.3449999999999998,0.99559759612099341
Carbon,C,4.3500000000000005,0.99560768408818612
Carbon,C,4.3550000000000004,0.99561773745118676
Carbon,C,4.3600000000000003,0.99562775636794076
Carbon,C,4.3650000000000002,0.9956377409954984
Carbon,C,4.3700000000000001,0.99564769149001386
Carbon,C,4.375,0.9956576080067544
Carbon,C,4.3799999999999999,0.99566749070010763
Carbon,C,4.3849999999999998,0.9956773397235843
Carbon,C,4.3899999999999997,0.99568715522982765
Carbon,C,4.3950000000000005,0.99569693737061549
Carbon,C,4.4000000000000004,0.99570668629687198
Carbon,C,4.4050000000000002,0.99571640215866497
Carbon,C,4.4100000000000001,0.99572608510522009
Carbon,C,4.415,0.99573573528492076
Carbon,C,4.4199999999999999,0.99574535284531673
Carbon,C,4.4249999999999998,0.9957549379331293
Carbon,C,4.4299999999999997,0.99576449069425499
Carbon,C,4.4350000000000005,0.99577401127377452
Carbon,C,4.4400000000000004,0.99578349981595449
Carbon,C,4.4450000000000003,0.99579295646425525
Carbon,C,4.4500000000000002,0.99580238136133725
Carbon,C,4.4550000000000001,0.99581177464906201
Carbon,C,4.46,0.99582113646850257
Carbon,C,4.4649999999999999,0.99583046695994637
Carbon,C,4.4699999999999998,0.99583976626289927
Carbon,C,4.4750000000000005,0.99584903451609308
Carbon,C,4.4800000000000004,0.99585827185748976
Carbon,C,4.4850000000000003,0.99586747842428569
Carbon,C,4.4900000000000002,0.99587665435291861
Carbon,C,4.4950000000000001,0.99588579977907132
Carbon,C,4.5,0.99589491483767734
Carbon,C,4.5049999999999999,0.99590399966292398
Carbon,C,4.5099999999999998,0.99591305438825994
Carbon,C,4.5149999999999997,0.9959220791464003
Carbon,C,4.5200000000000005,0.99593107406932668
Carbon,C,4.5250000000000004,0.99594003928829899
Carbon,C,4.5300000000000002,0.99594897493385481
Carbon,C,4.5350000000000001,0.99595788113581685
Carbon,C,4.54,0.99596675802329582
Carbon,C,4.5449999999999999,0.99597560572469646
Carbon,C,4.5499999999999998,0.99598442436772316
Carbon,C,4.5549999999999997,0.99599321407938068
Carbon,C,4.5600000000000005,0.99600197498598464
Carbon,C,4.5650000000000004,0.99601070721315776
Carbon,C,4.5700000000000003,0.99601941088584378
Carbon,C,4.5750000000000002,0.99602808612830551
Carbon,C,4.5800000000000001,0.99603673306413032
Carbon,C,4.585,0.99604535181623666
Carbon,C,4.5899999999999999,0.99605394250687584
Carbon,C,4.5949999999999998,0.99606250525763984
Carbon,C,4.6000000000000005,0.99607104018945969
Carbon,C,4.6050000000000004,0.99607954742261584
Carbon,C,4.6100000000000003,0.99608802707674038
Carbon,C,4.6150000000000002,0.99609647927081901
Carbon,C,4.6200000000000001,0.9961049041231983
Carbon,C,4.625,0.99611330175158652
Carbon,C,4.6299999999999999,0.99612167227306159
Carbon,C,4.6349999999999998,0.99613001580407312
Carbon,C,4.6399999999999997,0.99613833246044536
Carbon,C,4.6450000000000005,0.99614662235738383
Carbon,C,4.6500000000000004,0.99615488560947674
Carbon,C,4.6550000000000002,0.99616312233069959
Carbon,C,4.6600000000000001,0.99617133263442248
Carbon,C,4.665,0.99617951663340687
Carbon,C,4.6699999999999999,0.99618767443981793
Carbon,C,4.6749999999999998,0.99619580616522074
Carbon,C,4.6799999999999997,0.99620391192058866
Carbon,C,4.6850000000000005,0.9962119918163066
Carbon,C,4.6900000000000004,0.99622004596217295
Carbon,C,4.6950000000000003,0.99622807446740524
Carbon,C,4.7000000000000002,0.9962360774406428
Carbon,C,4.7050000000000001,0.99624405498995039
Carbon,C,4.71,0.99625200722282115
Carbon,C,4.7149999999999999,0.99625993424618331
Carbon,C,4.7199999999999998,0.99626783616640147
Carbon,C,4.7250000000000005,0.99627571308927632
Carbon,C,4.7300000000000004,0.99628356512005789
Carbon,C,4.7350000000000003,0.99629139236343833
Carbon,C,4.7400000000000002,0.99629919492356334
Carbon,C,4.7450000000000001,0.99630697290403281
Carbon,C,4.75,0.99631472640790242
Carbon,C,4.7549999999999999,0.99632245553768894
Carbon,C,4.7599999999999998,0.99633016039537314
Carbon,C,4.7649999999999997,0.99633784108240597
Carbon,C,4.7700000000000005,0.99634549769970548
Carbon,C,4.7750000000000004,0.99635313034766781
Carbon,C,4.7800000000000002,0.99636073912616308
Carbon,C,4.7850000000000001,0.99636832413454413
Carbon,C,4.79,0.99637588547164702
Carbon,C,4.7949999999999999,0.99638342323579598
Carbon,C,4.7999999999999998,0.99639093752480545
Carbon,C,4.8049999999999997,0.99639842843598192
Carbon,C,4.8100000000000005,0.9964058960661305
Carbon,C,4.8150000000000004,0.99641334051155428
Carbon,C,4.8200000000000003,0.99642076186806128
Carbon,C,4.8250000000000002,0.99642816023096492
Carbon,C,4.8300000000000001,0.99643553569508536
Carbon,C,4.835,0.9964428883547588
Carbon,C,4.8399999999999999,0.99645021830383229
Carbon,C,4.8449999999999998,0.9964575256356748
Carbon,C,4.8500000000000005,0.99646481044317337
Carbon,C,4.8550000000000004,0.99647207281874195
Carbon,C,4.8600000000000003,0.99647931285431746
Carbon,C,4.8650000000000002,0.99648653064137027
Carbon,C,4.8700000000000001,0.99649372627090138
Carbon,C,4.875,0.99650089983344781
Carbon,C,4.8799999999999999,0.99650805141908549
Carbon,C,4.8849999999999998,0.99651518111743109
Carbon,C,4.8899999999999997,0.99652228901764461
Carbon,C,4.8950000000000005,0.99652937520843421
Carbon,C,4.9000000000000004,0.9965364397780565
Carbon,C,4.9050000000000002,0.99654348281432015
Carbon,C,4.9100000000000001,0.9965505044045907
Carbon,C,4.915,0.99655750463578952
Carbon,C,4.9199999999999999,0.99656448359439898
Carbon,C,4.9249999999999998,0.99657144136646325
Carbon,C,4.9299999999999997,0.99657837803759519
Carbon,C,4.9350000000000005,0.99658529369297211
Carbon,C,4.9400000000000004,0.99659218841734687
Carbon,C,4.9450000000000003,0.99659906229504081
Carbon,C,4.9500000000000002,0.99660591540995513
Carbon,C,4.9550000000000001,0.99661274784556775
Carbon,C,4.96,0.99661955968493865
Carbon,C,4.9649999999999999,0.99662635101071106
Carbon,C,4.9699999999999998,0.99663312190511444
Carbon,C,4.9750000000000005,0.99663987244996721
Carbon,C,4.9800000000000004,0.99664660272667815
Carbon,C,4.9850000000000003,0.99665331281625036
Carbon,C,4.9900000000000002,0.9966600027992828
Carbon,C,4.9950000000000001,0.9966666727559722
Carbon,C,5,0.9966733227661182
