time_ps,mean_x_nm,mean_x_ci_low_nm,mean_x_ci_high_nm,mean_y_nm,mean_y_ci_low_nm,mean_y_ci_high_nm,msd_nm2,msd_ci_low_nm2,msd_ci_high_nm2
0.0,0.0,0.0,0.0,0.0,0.0,0.0,0.0,0.0,0.0
0.1016633249555223,0.00023839788111591764,-0.0006879934598560757,0.0011647892220879108,0.0008423479812166151,-0.00015758851912507491,0.0018422844815583052,3.0079671907017757e-05,1.9781695625037196e-05,4.037764818899832e-05
0.19767868741351557,0.00010115825252371424,-0.0023394731728201834,0.002541789677867612,0.0016805726579334351,-0.0008047296728464254,0.004165874988713295,0.00019425327541031784,0.0001369910246221054,0.0002515155261985303
0.2993420123690379,0.0010234863067589417,-0.0026870777621898893,0.004734050375707772,0.0021859259249591284,-0.002196185719918719,0.006568037569836976,0.0005259848338740299,0.0003768495029370611,0.0006751201648109987
0.4010053373245602,0.0007532659925465202,-0.004162139586821883,0.0056686715719149235,0.0035786694552017995,-0.002679187544800255,0.009836526455203854,0.001012352642399983,0.000719014313967686,0.00130569097083228
0.5026686622800824,0.0010581505648597916,-0.005166583417296065,0.007282884547015648,0.004272444803128328,-0.0037819958324721813,0.012326885438728837,0.0016541210376956644,0.0012117103971175784,0.0020965316782737505
0.5986840247380758,0.0019075618172015307,-0.005752525466056343,0.009567649100459406,0.004021416170003511,-0.005463654599126438,0.01350648693913346,0.0023648356337810936,0.0017222246532377283,0.003007446614324459
0.700347349693598,0.0022122753801532974,-0.006882083501233307,0.011306634261539902,0.0032990295462511365,-0.007769165988988374,0.014367225081490647,0.00325324193856952,0.0023805442232390124,0.004125939653900027
0.8020106746491203,0.0014569105585516967,-0.00895392917391882,0.011867750291022213,0.002628947228140846,-0.01010421652227001,0.015362110978551701,0.0042767880980289176,0.0031141555985768382,0.005439420597480997
0.8980260371071136,7.305325730225243e-05,-0.011473940667103371,0.011620047181707876,0.001953404971769296,-0.012387780556438046,0.016294590499976638,0.005351984564590136,0.0038828958209071282,0.0068210733082731435
0.9996893620626359,-0.000727499925991304,-0.013358891620916144,0.011903891768933536,0.0020781984837389272,-0.014023008919000556,0.01817940588647841,0.00661192251702281,0.004765607993084125,0.008458237040961495
1.1013526870181582,-0.0014276868645484442,-0.01479585299479868,0.01194047926570179,0.0023047605766927243,-0.015107507963191477,0.019717029116576926,0.007609806572167195,0.0054334238943207405,0.00978618925001365
1.1973680494761516,-0.0026111977224975713,-0.016303681412480963,0.01108128596748582,0.002244650976938642,-0.016446637144637958,0.020935939098515242,0.00848126729696234,0.005944371951061235,0.011018162642863446
1.2990313744316737,-0.0046436003044565966,-0.01891599422529122,0.009628793616378029,0.002350300992485635,-0.017951546661926845,0.022652148646898115,0.009743096936044377,0.006726198573023326,0.012759995299065428
1.400694699387196,-0.006861924040249975,-0.022064950801970833,0.008341102721470883,0.002429310267768464,-0.01958288687365254,0.024441507409189468,0.011343500222598174,0.0077564643644733285,0.01493053608072302
1.5023580243427184,-0.007428040909444225,-0.023755902296057643,0.008899820477169192,0.0022822492626087126,-0.02114454462042432,0.025709043145641746,0.012924489265405653,0.008749253816506226,0.01709972471430508
1.5983733868007117,-0.008692843366876313,-0.02600627110979776,0.008620584376045133,0.0027961394442196363,-0.021834240027886812,0.027426518916326085,0.014383067170398892,0.009718329975258871,0.019047804365538913
1.700036711756234,-0.009979447908652794,-0.028122191811343955,0.008163295994038366,0.003915460433345522,-0.022049726207221114,0.029880647073912157,0.015943940558856697,0.010826102929471677,0.021061778188241717
1.8017000367117564,-0.010266565603746058,-0.02939316006458545,0.008860028857093333,0.00478053135892044,-0.02270849942204355,0.032269562139884425,0.017820810216508824,0.012147166649234091,0.023494453783783557
1.8977153991697495,-0.009709828395228881,-0.029720933995808076,0.010301277205350314,0.004319890483831634,-0.024598421098556273,0.03323820206621954,0.01962353699271492,0.013511873230326996,0.025735200755102848
1.9993787241252718,-0.008390222905636888,-0.029263863197705672,0.012483417386431897,0.003180086965948986,-0.027376780067541562,0.03373695399943953,0.021684883426695337,0.015096652739553709,0.028273114113836966
2.101042049080794,-0.007931536977352646,-0.02968974347590769,0.013826669521202397,0.0025252179438916694,-0.029279184345273705,0.034329620233057044,0.023495943409581103,0.01640752305468588,0.030584363764476326
2.2027053740363165,-0.006269657347104746,-0.02906267775884158,0.016523363064632087,0.0013581279205366892,-0.031375562482244,0.034091818323317376,0.025141294655402314,0.017664720104062545,0.03261786920674208
2.29872073649431,-0.004927262891234324,-0.02860737648303491,0.018752850700566263,-0.00042396420859971973,-0.03388425449105377,0.03303632607385433,0.026533766672754037,0.018781094395289903,0.03428643895021817
2.400384061449832,-0.004136763981235539,-0.028536854903427424,0.020263326940956346,-0.002728983774455601,-0.036826329651549486,0.031368362102638284,0.027758961702749597,0.019750050474366957,0.03576787293113223
2.5020473864053545,-0.004654729433711868,-0.02973078189063857,0.020421323023214834,-0.003511627445668311,-0.038398484798853987,0.031375229907517364,0.02915524771966148,0.020741322565578806,0.03756917287374415
2.5980627488633474,-0.005336345035250184,-0.03133269335458984,0.020660003284089467,-0.0034901378032658886,-0.03921069677322056,0.03223042116668878,0.030832086739480714,0.021857366142244407,0.03980680733671702
2.6997260738188698,-0.004463394498134654,-0.031518774746022854,0.022591985749753546,-0.003913854181983395,-0.04055376179669241,0.03272605343272562,0.032762530939755494,0.02329755783072708,0.042227504048783907
2.801389398774392,-0.003376585016760081,-0.03099967216511221,0.02424650213159205,-0.003163219340663631,-0.04071640384061803,0.03438996515929077,0.03430738640595298,0.024611526585583684,0.044003246226322276
2.8974047612323854,-0.0023446054785720566,-0.030640232585606508,0.025951021628462394,-0.0026903942468856357,-0.04102488774197971,0.03564409924820844,0.03582741417828408,0.025814038970040316,0.04584078938652784
2.9990680861879078,-0.001748699626159797,-0.03060616683724574,0.027108767584926145,-0.0013416507961370588,-0.04066757516533686,0.03798427357306274,0.03754080887604627,0.027273816221633364,0.04780780153045918
3.10073141114343,-0.0010958322956063499,-0.030561631336761534,0.028369966745548834,-0.0009183445228803794,-0.04085019426704825,0.03901350522128749,0.038855371410655086,0.028464981853140357,0.049245760968169815
3.2023947360989524,-0.0009113284441553682,-0.03093045556898735,0.029107798680676613,-0.0007139009141013813,-0.040982198144122094,0.03955439631591933,0.03979962548062949,0.02930981432569177,0.05028943663556722
3.298410098556946,-3.658431915064264e-05,-0.030874325146602634,0.03080115650830135,-0.0008565621619185393,-0.04128445514043434,0.039571330816597264,0.040788139363107295,0.030109392676163572,0.05146688605005102
3.400073423512468,0.0008168563224757591,-0.030785615526074776,0.032419328171026295,-0.001027296632457153,-0.04182726957505747,0.03977267631014316,0.04201924575886789,0.030824445411652624,0.05321404610608316
3.5017367484679904,0.0017558542886849243,-0.030381565456670034,0.03389327403403988,-0.0018749342157154542,-0.04319452944807039,0.03944466101663948,0.043235237224222914,0.031630010882302204,0.054840463566143624
3.5977521109259833,0.0027434136194925546,-0.03000498362289502,0.03549181086188013,-0.002533862424180841,-0.04440558887554507,0.03933786402718339,0.044592651770207846,0.0328811961470126,0.056304107393403094
3.6994154358815057,0.003492501699288747,-0.029853361429638535,0.03683836482821603,-0.0035093641637851947,-0.04602627254575179,0.0390075442181814,0.04608515402666222,0.03405503059497818,0.05811527745834626
3.801078760837028,0.005174978928475446,-0.028573022237915628,0.03892298009486652,-0.0039168482409494415,-0.04694295574140137,0.03910925925950249,0.047215604791675726,0.034945982633451736,0.05948522694989972
3.9027420857925503,0.00496342762455089,-0.029204766446068516,0.039131621695170295,-0.0026804623184687043,-0.04643156418395731,0.0410706395470199,0.04864804789211316,0.036222384212482514,0.06107371157174381
3.9987574482505437,0.0037850043135476408,-0.030813424636231525,0.038383433263326806,-0.002181197206442248,-0.046349583565473834,0.04198718915258934,0.04968084909681892,0.03696848644528967,0.06239321174834817
4.100420773206066,0.002363960082105085,-0.03275711210211024,0.03748503226632041,-0.0021879698395727842,-0.04684550165368113,0.04246956197453556,0.05093245501845564,0.03780919844538635,0.06405571159152493
4.202084098161588,0.0006990463918431222,-0.0348766273493386,0.036274720133024844,-0.004130039733732188,-0.04934071447282282,0.04108063500535845,0.05223088610765198,0.03913072797792646,0.06533104423737751
4.298099460619581,-0.0017055546849298886,-0.03776480072270041,0.03435369135284063,-0.006023097151941367,-0.051897665682907844,0.03985147137902511,0.05375302335267634,0.04061281141204811,0.06689323529330457
4.399762785575104,-0.00461342200924908,-0.04115657496584769,0.03192973094734953,-0.0080286118482394,-0.054139991268869744,0.038082767572390944,0.05469749666398032,0.041619107781864326,0.06777588554609631
4.501426110530626,-0.007211825643983441,-0.044083056224600896,0.029659404936634014,-0.009002305985124137,-0.05531209095863867,0.037307478988390395,0.05541407068793232,0.04238263864603597,0.06844550272982866
4.59744147298862,-0.008653123591833636,-0.046091400260309945,0.028785153076642672,-0.009498423364150993,-0.05614153343264587,0.037144686704343885,0.0565996758857023,0.043396679960577396,0.06980267181082721
4.699104797944142,-0.010023116289656811,-0.048360146178820805,0.028313913599507183,-0.01013492665430149,-0.05698661816272025,0.03671676485411727,0.05801982356913338,0.04449707123169474,0.07154257590657201
4.800768122899664,-0.010760688731592985,-0.0497787204461861,0.02825734298300013,-0.010449166871800752,-0.05749742676997032,0.036599093026368816,0.059163886090122006,0.04522871473025921,0.0730990574499848
4.902431447855187,-0.011020993468351017,-0.05082483840653724,0.028782851469835204,-0.010931503600839887,-0.05802947372950221,0.03616646652782243,0.060230866044250056,0.04598183515889993,0.07447989692960019
4.99844681031318,-0.010099887982028516,-0.05040640042760735,0.030206624463550318,-0.01053885951947435,-0.057615793867935396,0.036538074828986696,0.060807016567879374,0.04647257784026344,0.0751414552954953
5.100110135268702,-0.010007703858777445,-0.05082643910648997,0.03081103138893508,-0.009711146242384602,-0.05693330177292081,0.037511009288151605,0.06166001029096734,0.047322769338699465,0.07599725124323523
5.201773460224224,-0.009970581169790396,-0.051106850464283544,0.031165688124702752,-0.009408379455018559,-0.057101118866808354,0.038284359956771236,0.06276868029721515,0.048374146926492126,0.07716321366793817
5.297788822682217,-0.010082317223696527,-0.05128822993216948,0.031123595484776424,-0.009038438346174377,-0.057016103696273274,0.03893922700392452,0.06328460883774688,0.048999464494886624,0.07756975318060713
5.3994521476377395,-0.010438648015420951,-0.05138373021738244,0.03050643418654054,-0.00927177975912942,-0.057333896650435,0.03879033713217616,0.06308610588139346,0.04899431951212578,0.07717789225066114
5.501115472593262,-0.010783645467600883,-0.05193088303593049,0.030363592100728726,-0.010118980850396031,-0.05858107488965863,0.038343113188866566,0.06398074538228889,0.04969697831992084,0.07826451244465693
5.602778797548784,-0.010156274659076328,-0.05167550957484684,0.03136296025669418,-0.009890518022271255,-0.05886059551075406,0.03907955946621155,0.06522900562568991,0.050678813823732224,0.0797791974276476
5.698794160006778,-0.010179463124583205,-0.05209517746639615,0.03173625121722974,-0.01017237840640009,-0.059280293727594996,0.038935536914794816,0.06597028737416928,0.05131834560105494,0.08062222914728362
5.8004574849623,-0.010901751926344627,-0.053332501653920096,0.03152899780123084,-0.01066409539068748,-0.05989804144460304,0.03856985066322808,0.06687663019887798,0.05198181271303286,0.0817714476847231
5.902120809917823,-0.011006341585656165,-0.05394013415962488,0.03192745098831255,-0.01206078599420915,-0.0615741805046294,0.0374526085162111,0.06802346189091416,0.052858292177915704,0.0831886316039126
5.9981361723758155,-0.01169776070140878,-0.055000290114093714,0.031604768711276154,-0.013264843706482204,-0.06290845976985615,0.03637877235689175,0.06877501999748273,0.05326369069092367,0.08428634930404179
6.099799497331338,-0.012124496935754625,-0.05554006716887654,0.03129107329736729,-0.013900183096156746,-0.06361904801402285,0.03581868182170935,0.06907505068826895,0.05326807931622997,0.08488202206030794
6.20146282228686,-0.012362323390324101,-0.05555753559724006,0.03083288881659186,-0.013583988793059415,-0.06345383233195126,0.03628585474583243,0.06900829654958353,0.05299072161415462,0.08502587148501244
6.297478184744853,-0.011258885177065692,-0.05440368768952054,0.031885917335389154,-0.012793067749710521,-0.06305512208480679,0.03746898658538574,0.06951228056263078,0.05325015757812948,0.08577440354713209
6.399141509700375,-0.010562423564321577,-0.05373124519336656,0.03260639806472341,-0.011911760384845024,-0.06269339734751214,0.0388698765778221,0.07033627459976824,0.0538574144440121,0.08681513475552438
6.500804834655898,-0.009669667933325465,-0.053175035395794074,0.03383569952914314,-0.010859121802544447,-0.061923729191489814,0.04020548558640092,0.07120909197055669,0.054506648425415055,0.08791153551569833
6.60246815961142,-0.009775193457882789,-0.05390151635747735,0.03435112944171177,-0.011319866210347349,-0.06286618443804977,0.04022645201735507,0.07285962591648339,0.05581730067518147,0.0899019511577853
6.698483522069414,-0.010217415981129699,-0.05501560363968055,0.03458077167742115,-0.013174519964594025,-0.06521223518988056,0.03886319526069251,0.07465946771898493,0.05723859985195846,0.0920803355860114
6.800146847024936,-0.01038395854418793,-0.05606130601326129,0.035293388924885434,-0.015807836070685782,-0.06848301226203712,0.03686734012066555,0.07704715892491189,0.05911142460646525,0.09498289324335853
6.9018101719804585,-0.01104808569492903,-0.05773868936344643,0.03564251797358837,-0.017833488924970775,-0.07093451318489882,0.035267535334957266,0.0793166987567173,0.06073827751993481,0.0978951199934998
6.9978255344384515,-0.012828040596958842,-0.06019594187082306,0.03453986067690538,-0.018101266321256304,-0.07128935134409511,0.035086818701582506,0.0805198365459205,0.061392587442798775,0.09964708564904223
7.099488859393974,-0.013737531167104758,-0.062236920616944656,0.03476185828273514,-0.017780855869369075,-0.07094059098004987,0.035378879241311716,0.08219622003637751,0.06248594949612963,0.1019064905766254
7.201152184349496,-0.015037624483641515,-0.06447623553135316,0.03440098656407013,-0.017112224263981304,-0.07007664139896067,0.03585219287099805,0.0833344706565205,0.06317041151142368,0.10349852980161732
7.302815509305018,-0.015804354216361366,-0.06633268120879154,0.03472397277606881,-0.016634510999390437,-0.06942051437620579,0.03615149237742492,0.0847629285759882,0.06412050577605082,0.10540535137592559
7.398830871763011,-0.015382845035849385,-0.0665980537379213,0.03583236366622253,-0.016679805642302648,-0.0696728385882295,0.0363132273036242,0.08619931007540613,0.06500820231416947,0.10739041783664278
7.500494196718534,-0.01597134258942584,-0.06782624052234287,0.035883555343491184,-0.016953415823226972,-0.07014433724406974,0.0362375055976158,0.08759862994028106,0.06590821077816855,0.10928904910239357
7.602157521674056,-0.01596412044816735,-0.06844402586549045,0.03651578496915576,-0.016718218899581166,-0.07005581890506056,0.03661938110589823,0.08886575411859991,0.06685688874428175,0.11087461949291808
7.69817288413205,-0.015666142225653296,-0.06886724335512559,0.037534958903819,-0.018249472787363955,-0.07170699933936536,0.035208053764637454,0.09031433516764802,0.0680109946681024,0.11261767566719363
7.799836209087572,-0.01495004854665763,-0.06853691623309353,0.038636819139778275,-0.01953766749187598,-0.07278367908181715,0.03370834409806519,0.09063493257843142,0.06823166462803058,0.11303820052883225
7.9014995340430945,-0.01485177079296679,-0.06881325426745968,0.0391097126815261,-0.02142086680151202,-0.0747319642668354,0.03189023066381135,0.0914541612299821,0.06879020761670289,0.1141181148432613
7.997514896501087,-0.014216149118869814,-0.06858265936914783,0.0401503611314082,-0.023232306235320355,-0.07659888898732962,0.030134276516688915,0.09230214240936668,0.06936240051282185,0.11524188430591152
8.09917822145661,-0.01397167522725544,-0.06903642849811892,0.04109307804360803,-0.0241027437113661,-0.07766996995413618,0.029464482531403977,0.09388039118189016,0.07066774903434303,0.1170930333294373
8.200841546412132,-0.013345547119109541,-0.0692408450091628,0.042549750770943716,-0.023334091397250636,-0.07689534326663498,0.03022716047213371,0.0952706162393603,0.07191947411221525,0.11862175836650535
8.302504871367654,-0.012585148444932193,-0.06923766378416372,0.04406736689429934,-0.02251411199637357,-0.0760461356226079,0.03101791162986075,0.09650841734543912,0.07315318095547148,0.11986365373540676
8.398520233825648,-0.012181113169783042,-0.06924005896783603,0.04487783262826995,-0.02192938366804964,-0.07532209725069205,0.03146332991459277,0.09696653490429757,0.07364444593397068,0.12028862387462447
8.50018355878117,-0.011982014527453871,-0.06943624564933257,0.04547221659442483,-0.02059580207434014,-0.07401220237805647,0.032820598229376184,0.09765904055111299,0.0743535492630469,0.12096453183917909
8.601846883736693,-0.01156609098589012,-0.06943473095579103,0.046302548984010795,-0.02007945064949962,-0.07381413001381601,0.033655228714816764,0.09892022924014846,0.07550296509765146,0.12233749338264545
8.697862246194685,-0.01237914477892088,-0.0704310002520005,0.04567271069415874,-0.019511227711946855,-0.07355042382653135,0.034527968402637645,0.09977002007216015,0.07626709195621788,0.12327294818810243
8.799525571150207,-0.013422570900789577,-0.07167518775511071,0.04483004595353156,-0.01998959040216121,-0.07465307919607769,0.03467389839175527,0.1012548097522359,0.0775403532867323,0.1249692662177395
8.90118889610573,-0.014701942882302962,-0.07311521770577875,0.043711331941172826,-0.020747405233568786,-0.0762771167773891,0.03478230631025153,0.10312322474753415,0.07898131493717073,0.12726513455789756
8.997204258563723,-0.016728763074194283,-0.07531381919411884,0.04185629304573027,-0.0207661743320125,-0.07744568832339546,0.035913339659370457,0.10554019647630486,0.080866870376824,0.13021352257578572
9.098867583519246,-0.018568574988078207,-0.07727478701089918,0.04013763703474277,-0.0215394273558326,-0.07925688845703618,0.03617803374537099,0.10773526849870829,0.08265733324031277,0.13281320375710381
9.200530908474768,-0.020492852081365392,-0.07949078476953456,0.038505080606803764,-0.02181353391096323,-0.08048585110258952,0.03685878328066305,0.11011731117062101,0.0847568808161418,0.13547774152510023
9.30219423343029,-0.021301312981791984,-0.08088765291279307,0.03828502694920909,-0.02214007865265498,-0.08158494109881177,0.037304783793501814,0.11270583755749668,0.0870364921807809,0.13837518293421247
9.398209595888284,-0.023185907510746978,-0.08333420157458149,0.036962386553087534,-0.022442104763642515,-0.08274899571625147,0.037864786188966444,0.11549321317988627,0.08919729016447417,0.14178913619529837
9.499872920843806,-0.02684818287040644,-0.08739721569652187,0.03370084995570899,-0.022277259040766717,-0.08351077150310653,0.03895625342157309,0.11820888623182964,0.09116685018052745,0.14525092228313183
9.601536245799329,-0.02930622728072596,-0.09037089540788198,0.031758440846430064,-0.02378609607244636,-0.08521250529179963,0.03764031314690691,0.11977899059438606,0.09246740112468164,0.14709058006409045
9.69755160825732,-0.030616559463480686,-0.09187188903113383,0.030638770104172458,-0.025862100998077814,-0.087268226166691,0.035544024170535364,0.12028919946526885,0.09276805810443331,0.1478103408261044
9.799214933212843,-0.031045967793136328,-0.09232242420256406,0.030230488616291407,-0.028317302182305118,-0.09019436266651129,0.03355975830190106,0.12140547834922484,0.093521877136092,0.14928907956235768
9.900878258168365,-0.029814524381640534,-0.09081993891005465,0.03119089014677358,-0.03082369760909734,-0.09323264771964923,0.03158525250145456,0.12199879160606211,0.09383387133554194,0.15016371187658228
10.002541583123888,-0.02795441823470196,-0.08857607374913835,0.03266723727973443,-0.0341672408824808,-0.0971127011394429,0.0287782193744813,0.12243328402358689,0.09414717441216144,0.15071939363501233
10.098556945581882,-0.026167904135586506,-0.08642869441174855,0.03409288614057553,-0.0375930195544302,-0.10108815144132617,0.025902112332465768,0.1229906926240556,0.09455610399359976,0.15142528125451143
10.200220270537404,-0.024371703955613458,-0.08437782494245095,0.03563441703122404,-0.03985242828428384,-0.10379142202568158,0.024086565457113893,0.12348404700318094,0.09463049882924746,0.15233759517711443
10.301883595492926,-0.02317191701723602,-0.08304988082907593,0.03670604679460389,-0.04109625162711719,-0.10539393294582394,0.02320142969158956,0.1240109604007489,0.09501061677050679,0.153011304030991
10.39789895795092,-0.021612990038771235,-0.0813654950279288,0.038139514950386325,-0.04128042076205135,-0.10602074079819565,0.02345989927409295,0.12462062633301994,0.09549038507724346,0.1537508675887964
10.499562282906442,-0.020123327681629666,-0.07984103258609096,0.03959437722283162,-0.04161886986315973,-0.10640994006308292,0.023172200336763468,0.12462462834274919,0.0956835158258644,0.15356574085963398
10.601225607861965,-0.018364062508671272,-0.07808679738080404,0.0413586723634615,-0.042252082069099556,-0.10698798025647306,0.02248381611827395,0.12450676429812355,0.09575057699479908,0.153262951601448
10.697240970319957,-0.016795477547144277,-0.07678924812347174,0.04319829302918318,-0.042113504785790484,-0.10707411544378308,0.02284710587220211,0.12541160617451497,0.09653559306110354,0.1542876192879264
10.798904295275479,-0.014966877913044227,-0.07550626505540307,0.04557250922931462,-0.041938337354552505,-0.10719195444172873,0.02331527973262372,0.12697823811560804,0.0979435682128621,0.156012908018354
10.900567620231001,-0.013571769355980118,-0.07458357531830764,0.047440036606347415,-0.04092896697735303,-0.10619882227985897,0.02434088832515291,0.12779413296884037,0.09853671264235517,0.15705155329532558
11.002230945186524,-0.011483548330743734,-0.07323804179663912,0.050270945135151644,-0.03978376893733025,-0.10516192614982363,0.025594388275163124,0.12931102735542357,0.09976805375872086,0.1588540009521263
11.098246307644517,-0.009819004632421843,-0.07205776356346687,0.05241975429862318,-0.03861945089614137,-0.10412693773140766,0.02688803593912492,0.13039862174692685,0.10078391284046485,0.16001333065338885
11.19990963260004,-0.008601558769423506,-0.0710624810967692,0.05385936355792219,-0.037609532360181955,-0.10322786368314986,0.02800879896278595,0.13096556887123523,0.10105522737024625,0.1608759103722242
11.301572957555562,-0.009039763790974376,-0.07237338157590553,0.05429385399395678,-0.03659712782491685,-0.10233695015583501,0.029142694506001307,0.13288185444086884,0.10252974775650937,0.16323396112522828
11.397588320013556,-0.009433239197175647,-0.07370703516671903,0.05484055677236774,-0.036497459198811366,-0.10228894972879024,0.029294031331167508,0.13488177797428663,0.10370659162295578,0.16605696432561748
11.499251644969078,-0.009762119097845079,-0.07467523966870172,0.055151001473011566,-0.036176348229358044,-0.10184879452453943,0.029496098065823345,0.13592084841564814,0.10437035816195,0.16747133866934627
11.6009149699246,-0.010288267821860361,-0.07573345979553617,0.055156924151815445,-0.035978195021162465,-0.10196828013114533,0.030011890088820395,0.13767111145167538,0.10566951994300494,0.1696727029603458
11.702578294880123,-0.011335060389437948,-0.07751024855828133,0.05484012777940543,-0.03636927103641567,-0.10259635600016073,0.02985781392732939,0.13973220511965612,0.10731498078245594,0.1721494294568563
11.798593657338115,-0.01191119960229546,-0.07875460865854762,0.0549322094539567,-0.03713281316443015,-0.10319668041468617,0.028931054085825872,0.14086335500532762,0.1084159876025682,0.17331072240808704
11.900256982293637,-0.013559397134237608,-0.08132001271579281,0.054201218447317595,-0.03847929284202099,-0.10438173993841032,0.027423154254368337,0.142618802364876,0.10985985806366819,0.17537774666608383
12.00192030724916,-0.016407512341269526,-0.08518331325805616,0.052368288575517105,-0.04012603260894522,-0.10629354442394506,0.026041479206054624,0.1455726029282404,0.11212459573479375,0.17902061012168705
12.097935669707153,-0.01885856720586264,-0.08863518685179383,0.050918052440068556,-0.041098766770046036,-0.10778065735764335,0.025583123817551276,0.14900373129630992,0.11495134103815366,0.18305612155446618
12.199598994662676,-0.02123954229591539,-0.09181412433168093,0.04933503973985015,-0.041048051940571734,-0.1080326397138209,0.025936535832677438,0.1515002007362542,0.11709984593560827,0.18590055553690013
12.301262319618198,-0.02188088712701626,-0.09298418318383245,0.04922240892979993,-0.04121271828725373,-0.10878125193914683,0.026355815364639365,0.1539627092077499,0.11885773014147925,0.18906768827402054
12.397277682076192,-0.02215656456129103,-0.09373961640572184,0.04942648728313978,-0.04081206532199026,-0.10911969505477968,0.02749556441079916,0.15660626751631046,0.12094239187244854,0.19227014316017238
12.498941007031714,-0.023339395648000222,-0.09522247891089507,0.04854368761489462,-0.039371347224244485,-0.10850987792230324,0.029767183473814268,0.15902533870031232,0.1227557465279555,0.19529493087266914
12.600604331987237,-0.023503160344086588,-0.09571185128141306,0.048705530593239885,-0.039556859592661336,-0.10950701305740097,0.0303932938720783,0.1615687616043064,0.12474843657032703,0.19838908663828575
12.702267656942759,-0.02372026811443824,-0.09596399387017364,0.04852345764129716,-0.03805097508885774,-0.10858470721903277,0.032482757041317284,0.16283537074191431,0.12596828550708833,0.1997024559767403
12.79828301940075,-0.022707813210751007,-0.09483683675276829,0.04942121033126627,-0.03565868247066388,-0.10657529361501601,0.03525792867368825,0.16320518953057916,0.1264233156461558,0.19998706341500253
12.899946344356273,-0.021623010997707887,-0.09373877298208333,0.050492750986667556,-0.03297216818042559,-0.10374091470484886,0.03779657834399769,0.16261202848372824,0.12599166591018374,0.19923239105727275
13.001609669311796,-0.019419570744090883,-0.09183838559577034,0.05299924410758858,-0.030800340139299068,-0.10183758950088956,0.04023690922229142,0.1636747949742341,0.12671019931351757,0.20063939063495062
13.09762503176979,-0.018092573677527188,-0.09098479243836632,0.05479964508331195,-0.028712453029523646,-0.10013224665891289,0.0427073405998656,0.16544575602410105,0.12788679246230772,0.2030047195858944
13.199288356725312,-0.0178302626578644,-0.09113107891319937,0.055470553597470565,-0.027033600543050512,-0.09878478814100974,0.04471758705490872,0.1670336351587641,0.12897869680515603,0.20508857351237217
13.300951681680834,-0.017794742272120148,-0.09123313978378633,0.055643655239546036,-0.02489398082618996,-0.09689568396334516,0.047107722310965244,0.16780789933885132,0.12984811190286139,0.20576768677484125
13.402615006636356,-0.01906123796165808,-0.09264482967576852,0.05452235375245236,-0.022311910802185628,-0.09454312012314985,0.04991929851877859,0.16859168634158622,0.13033282508126137,0.20685054760191107
13.49863036909435,-0.020362779286592983,-0.09389347883260817,0.0531679202594222,-0.019671957404815518,-0.09187933944586972,0.052535424636238684,0.16835511051679794,0.13028022621636348,0.2064299948172324
13.600293694049872,-0.02180251344836244,-0.0952117183703428,0.05160669147361792,-0.01683687841878853,-0.08887920265281476,0.0552054458152377,0.16765504595260872,0.12976718418421157,0.20554290772100586
13.701957019005395,-0.022831019115122225,-0.0962068402855708,0.050544802055326354,-0.013444284862995148,-0.08511712912363141,0.058228559397641114,0.16668320055259048,0.1292720555821918,0.20409434552298916
13.797972381463387,-0.02368692736981659,-0.09713612255144453,0.04976226781181135,-0.011021848229965728,-0.0827163723475536,0.06067267588762214,0.1668827421103299,0.12990958850316886,0.20385589571749096
13.899635706418909,-0.02497311380221781,-0.09823583828753715,0.04828961068310153,-0.008854152653916036,-0.08085324571462228,0.06314494040679021,0.1671610846786374,0.130890976032793,0.2034311933244818
14.001299031374431,-0.024888178719639387,-0.09780681772413628,0.04803046028485751,-0.007582216886977092,-0.07998090004454765,0.06481646627059347,0.16725270370433953,0.13197349628301266,0.2025319111256664
14.097314393832425,-0.022975483769974978,-0.09564070285163309,0.049689735311683136,-0.006393739465746437,-0.07935627356259073,0.06656879463109786,0.16785554868974298,0.1331327124268889,0.20257838495259706
14.198977718787948,-0.02114106336340224,-0.09378985508729448,0.05150772836049,-0.005079586493948698,-0.0785238905609645,0.0683647175730671,0.16883464589969194,0.13467853174473882,0.20299076005464506
14.30064104374347,-0.01982178189973033,-0.09253769028258063,0.052894126483119974,-0.004241411654136523,-0.07826778325498333,0.06978495994671029,0.1702809033565564,0.13651757818937157,0.20404422852374124
14.402304368698992,-0.019071353544099362,-0.0921336551233964,0.053990948035197675,-0.0036688712651617023,-0.07817068475866469,0.07083294222834129,0.17215788864915993,0.13828134930963243,0.20603442798868743
14.498319731156986,-0.0185806019295945,-0.0922830970091459,0.0551218931499569,-0.002833033063494375,-0.07798566689059226,0.07231960076360351,0.1751528413638944,0.14062268591680327,0.2096829968109855
14.599983056112508,-0.019326559740774726,-0.09349232369705619,0.05483920421550674,-0.001705326984347194,-0.077702897764589,0.07429224379589461,0.17827152403041654,0.14306047945686642,0.21348256860396667
14.70164638106803,-0.02063964663539082,-0.09519692550978885,0.05391763223900721,-0.002354826451127154,-0.0789132766383632,0.07420362373610889,0.18059514004003172,0.14464170571805804,0.2165485743620054
14.797661743526023,-0.021488236461104135,-0.09623484445585506,0.05325837153364679,-0.00328523514899956,-0.08018309424265059,0.07361262394465147,0.18190378381280944,0.14558642168940228,0.2182211459362166
14.899325068481545,-0.021736562875315293,-0.09678858971420456,0.05331546396357398,-0.005104768938734322,-0.08243580568625682,0.07222626780878817,0.1837055465841958,0.14674684607121036,0.22066424709718124
15.000988393437067,-0.022113321098210514,-0.09740928003642269,0.053182637840001656,-0.006889408545261086,-0.08460160157553924,0.07082278448501707,0.18525436270495177,0.14752096892445354,0.22298775648545
15.10265171839259,-0.02254927720950209,-0.09800517352509555,0.052906619106091374,-0.006893883796709049,-0.0850734563292616,0.0712856887358435,0.1868037336563322,0.14851288805737084,0.22509457925529358
15.198667080850583,-0.022567031270372295,-0.09810307131629357,0.052969008775548984,-0.00666929210116575,-0.08550779935800257,0.07216921515567107,0.18862467284286175,0.1497382403343322,0.2275111053513913
15.300330405806106,-0.023400499644566586,-0.09916639381660167,0.052365394527468495,-0.006637413993305655,-0.08619087067565495,0.07291604268904364,0.19099774363743915,0.15148975504384857,0.23050573223102974
15.401993730761628,-0.0234217412294183,-0.09927078094603836,0.05242729848720176,-0.0075004789011337974,-0.08758855198738828,0.07258759418512069,0.1925562645887797,0.1527551461243178,0.2323573830532416
15.498009093219622,-0.023284240725867517,-0.09907476213852538,0.05250628068679035,-0.007378298946474876,-0.08797529553307404,0.07321869764012429,0.1936981502084091,0.15356613897075336,0.23383016144606486
15.599672418175144,-0.02312199894576117,-0.0990232958379973,0.05277929794647496,-0.0070614704531188205,-0.08818504467825328,0.07406210377201564,0.19529461867789605,0.15434595493270192,0.23624328242309017
15.701335743130667,-0.024336515373531223,-0.10019219388736608,0.051519163140303637,-0.005910106929563605,-0.08769293863717315,0.07587272477804594,0.19692242330654683,0.15520099087667613,0.23864385573641753
15.797351105588659,-0.02506028584702147,-0.10088724002697678,0.05076666833293385,-0.006249408196772721,-0.0886223562375941,0.07612353984404865,0.19842181787475804,0.155936745068754,0.2409068906807621
15.899014430544181,-0.02610470612445065,-0.10202466246970254,0.049815250220801244,-0.0074882923559255465,-0.09040565917341965,0.07542907446156856,0.20013457333370058,0.15689231508600182,0.24337683158139933
16.000677755499705,-0.02726925844369553,-0.10341202526746275,0.04887350838007169,-0.009511551982977595,-0.09299681960258438,0.07397371563662919,0.2022564912045585,0.15802895449459756,0.24648402791451943
16.102341080455226,-0.02820878298092236,-0.10450030470415088,0.04808273874230616,-0.01121438657816587,-0.09490378836974898,0.07247501521341725,0.20324001567545158,0.15792364688046998,0.24855638447043318
16.19835644291322,-0.028094020813441006,-0.1044520386972643,0.048263997070382286,-0.012732330668246306,-0.09679178613531902,0.07132712479882641,0.2044093644827359,0.15816339183879824,0.25065533712667354
16.300019767868744,-0.028226307072857615,-0.10443189964447945,0.04797928549876422,-0.012677174184931528,-0.09703029431715951,0.07167594594729645,0.20482878477697217,0.15799374530158636,0.251663824252358
16.401683092824264,-0.028987916511568942,-0.10520926213304758,0.0472334291099097,-0.011953262751575475,-0.09645681042336275,0.0725502849202118,0.20529313660797086,0.15811084966178396,0.25247542355415775
16.497698455282258,-0.029440254467676105,-0.1056698056485549,0.046789296713202685,-0.011266084698153211,-0.09593652207418354,0.07340435267787712,0.2057687600119685,0.1582130078660776,0.25332451215785945
16.59936178023778,-0.03037758084111168,-0.10647336446413229,0.045718202781908926,-0.011220723724067752,-0.09595679515475487,0.07351534770661937,0.20567776327357684,0.15817343891485933,0.2531820876322944
16.701025105193303,-0.03158361810659528,-0.10741549890833807,0.044248262695147506,-0.010605401342906662,-0.09519474875875353,0.0739839460729402,0.2047145839635192,0.1575177251713752,0.2519114427556632
16.802688430148823,-0.03216661546821162,-0.10793457041136655,0.04360133947494331,-0.009224771713676708,-0.09373160823861995,0.07528206481126654,0.20435136936516574,0.15747570287102242,0.25122703585930906
16.898703792606817,-0.03374444620656809,-0.10945486456783843,0.04196597215470224,-0.008108878254092705,-0.09240521335163963,0.07618745684345422,0.20373794592003266,0.15701581143614946,0.2504600804039159
17.00036711756234,-0.034383108603615126,-0.11007968362285582,0.04131346641562557,-0.007691966679592183,-0.09178296115072501,0.07639902779154065,0.20319631355087414,0.15648984381595,0.2499027832857983
17.10203044251786,-0.034424294789846405,-0.11013058133047623,0.041281991750783426,-0.008135366193899707,-0.09221317799445126,0.07594244560665185,0.2031943874112353,0.15651699925362952,0.24987177556884108
17.198045804975855,-0.033965719935948685,-0.10975836712307299,0.04182692725117562,-0.007911910316909507,-0.09201616553550339,0.07619234490168438,0.20343600933667655,0.15656625676015007,0.25030576191320303
17.29970912993138,-0.03354211311531413,-0.10967034119588474,0.04258611496525648,-0.008594077012075985,-0.09301256341424619,0.07582440939009422,0.20505839760530378,0.1577974305687828,0.25231936464182475
17.4013724548869,-0.03361506443520565,-0.11015303510946224,0.04292290623905094,-0.008482433529461042,-0.0931413315153283,0.07617646445640622,0.20668952261876333,0.15925130819002295,0.2541277370475037
17.497387817344894,-0.0342429916205295,-0.11118263524044868,0.04269665199938967,-0.008779989809626396,-0.09377085022351726,0.07621087060426447,0.20859830724228295,0.16066953713212848,0.25652707735243746
17.599051142300414,-0.03578915138229814,-0.11290268006743782,0.04132437730284154,-0.00989929917054487,-0.095156036164907,0.07535743782381726,0.2098642067878412,0.161517812946964,0.2582106006287184
17.70071446725594,-0.0382169336834397,-0.11551698403204702,0.039083116665167617,-0.011624053109531005,-0.09725880893413205,0.07401070271507004,0.2115545206258732,0.1629108503394809,0.2601981909122655
17.80237779221146,-0.040202499207679224,-0.11775465594789122,0.037349657532532776,-0.012467569195776823,-0.0983588375870426,0.07342369919548895,0.21304056777456892,0.16382307460897305,0.2622580609401648
17.898393154669453,-0.04155566263395698,-0.11929452056404619,0.03618319529613223,-0.012129599283988435,-0.09810895081399036,0.07384975224601349,0.21383911946904405,0.1641132663114511,0.263564972626637
18.000056479624977,-0.043730719794235304,-0.12183489120506204,0.03437345161659143,-0.010768203457122885,-0.09648595449171755,0.07494954757747178,0.2141830080073136,0.16426802095359605,0.26409799506103115
18.101719804580497,-0.045099130609036614,-0.12383482030206179,0.03363655908398856,-0.009962794460771793,-0.09536420102336288,0.07543861210181929,0.21499644775684723,0.16506382062860916,0.2649290748850853
18.19773516703849,-0.04517322200342502,-0.12453953585289267,0.03419309184604262,-0.008388196936603948,-0.093578499616654,0.0768021057434461,0.21597903078515218,0.1659608397736812,0.26599722179662316
18.299398491994015,-0.044900179067268425,-0.12506870168288525,0.0352683435483484,-0.008147107751953889,-0.09301609505845997,0.07672187955455219,0.21710743645427077,0.16699497508410185,0.26721989782443967
18.401061816949536,-0.046402295126276694,-0.12734213787433926,0.034537547621785875,-0.007602549135395736,-0.09220392247945919,0.07699882420866772,0.21848095932732461,0.16808950978113396,0.26887240887351527
18.502725141905056,-0.04755981466970345,-0.1293177994549759,0.034198170115568985,-0.0065759479154349765,-0.09113380062294789,0.07798190479207794,0.2205589885800015,0.1696324493067516,0.2714855278532514
18.59874050436305,-0.04713005015138068,-0.12940473920278683,0.03514463890002546,-0.0055657542777000635,-0.0902311939115383,0.07909968535613818,0.2221303840866669,0.17079999133361123,0.2734607768397226
18.700403829318574,-0.046889999574572114,-0.1295488791047783,0.03576887995563409,-0.004500275151491401,-0.08955087985320805,0.08055032955022524,0.22412802815872984,0.17239574254584308,0.27586031377161657
18.802067154274095,-0.04762958281852889,-0.13077647232944595,0.03551730669238819,-0.004218247179335027,-0.08968797140711958,0.08125147704844952,0.2265994986079967,0.17461620223109625,0.27858279498489713
18.89808251673209,-0.04853085445817887,-0.1321932922207928,0.03513158330443504,-0.00400906349262399,-0.08956386759103317,0.08154574060578519,0.22827072231082207,0.17635705494368367,0.28018438967796044
18.999745841687613,-0.04982293879229713,-0.13373805942654954,0.03409218184195527,-0.003620069848125934,-0.08947901076007295,0.08223887106382108,0.22988532443781282,0.17791846811405734,0.28185218076156826
19.101409166643133,-0.051377979119263936,-0.13551091109806654,0.032754952859538666,-0.0039388566465221875,-0.09025535839001167,0.0823776450969673,0.23186541540401198,0.1797051137993343,0.28402571700868967
19.197424529101127,-0.05216791833450919,-0.1365420760923372,0.03220623942331881,-0.003484391443381002,-0.09008156697500501,0.083112784088243,0.2333507648350753,0.18116484557555218,0.2855366840945984
19.29908785405665,-0.05230200212092771,-0.1369740680167099,0.03237006377485446,-0.002046191945913156,-0.08908820914420393,0.08499582525237762,0.23536989224910482,0.18300154658367582,0.2877382379145338
19.400751179012172,-0.05283419579748934,-0.13775455661308017,0.03208616501810149,-0.0012851248047951042,-0.08900774934353288,0.08643749973394267,0.23796414118276468,0.1853699242368976,0.2905583581286318
19.502414503967692,-0.05182415013913187,-0.13721308372595312,0.03356478344768937,-0.000973239908790946,-0.08918877562245366,0.08724229580487176,0.2404848407872016,0.1876480748218764,0.2933216067525268
19.598429866425686,-0.05051884898416019,-0.1363640924779534,0.035326394509633,-0.0007172958842032173,-0.08923437080982884,0.0877997790414224,0.24242424470392154,0.18937903385041654,0.29546945555742654
19.70009319138121,-0.04907665595166953,-0.13553477705650752,0.03738146515316844,-0.001431665501150925,-0.0900456280428171,0.08718229704051525,0.24421886867748532,0.19072193040683816,0.2977158069481325
19.80175651633673,-0.04732070170437597,-0.13410029549209357,0.039458892083341635,-0.0036132768009352473,-0.09256151856271207,0.08533496496084157,0.24587559921999072,0.1921696848345001,0.29958151360548135
19.897771878794725,-0.04500019997687074,-0.13200608646849793,0.042005686514756446,-0.005693557149557327,-0.09524763222727539,0.08386051792816074,0.24800722568094705,0.1939906088128647,0.30202384254902936
19.99943520375025,-0.04219264623760677,-0.1293687122429385,0.04498341976772498,-0.006156709524609644,-0.09622252807259553,0.08390910902337624,0.24968569044999772,0.1955976988418205,0.30377368205817495
20.10109852870577,-0.040337592912473935,-0.12756219232771276,0.04688700650276488,-0.00615801231069335,-0.09700867461351659,0.08469264999212989,0.2519062187788388,0.19738047792281177,0.3064319596348658
20.202761853661293,-0.038721544105281544,-0.12625871122750826,0.04881562301694517,-0.005224956890757221,-0.09674673409929077,0.08629682031777633,0.2545604963128493,0.19934343889071654,0.3097775537349821
20.298777216119287,-0.037700387289315435,-0.1255396722160665,0.050138897637435606,-0.004135639110160835,-0.09629167020716439,0.08802039198684272,0.2571460487962815,0.20154812680655015,0.31274397078601285
20.400440541074808,-0.036766263719548484,-0.1250326230638214,0.05150009562472445,-0.00368901305930687,-0.09659539222441851,0.08921736610580477,0.2604502202289027,0.20447621223822582,0.31642422821957955
20.50210386603033,-0.0359696078788983,-0.12445916043251304,0.052519944674716434,-0.003171160715744359,-0.09660193873543763,0.09025961730394891,0.2625526716561019,0.20640259559296043,0.3187027477192434
20.598119228488322,-0.035649337845917214,-0.12429775323917869,0.05299907754734426,-0.002327108028612898,-0.09610709996554678,0.09145288390832099,0.26400043731928796,0.20787649821477022,0.3201243764238057
20.699782553443846,-0.03604255582770487,-0.12510929687364042,0.0530241852182307,-0.0019105130772514023,-0.0959635081434659,0.09214248198896309,0.26600869327114635,0.2096952881157564,0.3223220984265363
20.801445878399367,-0.037021894965674595,-0.1266432870357896,0.05259949710444038,-0.0013749171700832008,-0.09570251122084267,0.09295267688067627,0.268458144908492,0.21131477884267014,0.3256015109743139
20.89746124085736,-0.03819384865860577,-0.12834638282785193,0.051958685510640396,-0.0011035538294772301,-0.09568447753480432,0.09347736987584986,0.27080700349496917,0.21307167686674072,0.3285423301231976
20.999124565812885,-0.040055989067604755,-0.13032277134081505,0.050210793205605536,-0.00263190445735495,-0.09745595467003776,0.09219214575532786,0.2720100947174061,0.21419926175266218,0.32982092768215004
21.100787890768405,-0.041807090923570545,-0.1321199055542172,0.04850572370707612,-0.004182966524780327,-0.09907450188286884,0.09070856883330819,0.27249713711098644,0.21485341689579363,0.33014085732617926
21.20245121572393,-0.042656181287486244,-0.13301232017189263,0.04769995759692014,-0.004809306027752924,-0.09940492871537922,0.08978631665987337,0.27181337599284877,0.2146038225679238,0.3290229294177738
21.298466578181923,-0.04123893636043992,-0.1315133698865139,0.04903549716563407,-0.0060956846034511125,-0.10024567349250847,0.08805430428560625,0.2701487156060369,0.21348466527750987,0.326812765934564
21.400129903137444,-0.039766109222977436,-0.13012719170253073,0.050594973256575845,-0.0066088674307607925,-0.10056131714182838,0.0873435822803068,0.269696651018719,0.2135244496528301,0.3258688523846079
21.501793228092964,-0.03884923087572645,-0.1293794928957977,0.05168103114434479,-0.007962967520370692,-0.10176955718525253,0.08584362214451115,0.2696950472283404,0.2140788048740401,0.3253112895826408
21.597808590550958,-0.03751150071354474,-0.1283974917139925,0.053374490286903026,-0.008989114190373154,-0.10243368950962521,0.0844554611288789,0.2695589790989308,0.2142069066126602,0.32491105158520134
21.699471915506482,-0.036836374106086436,-0.1279024705060896,0.054229722293916746,-0.01079641622639449,-0.10392945879945564,0.08233662634666666,0.26914454667043014,0.21386544133830263,0.3244236520025576
21.801135240462003,-0.03735083472630195,-0.12850587041791978,0.053804200965315865,-0.01082370012388549,-0.1042119400451575,0.08256453979738652,0.27018992279131077,0.21439957027761558,0.32598027530500595
21.902798565417527,-0.03836415017922193,-0.12929194910401468,0.05256364874557082,-0.010594112996289748,-0.10454587660062332,0.08335765060804383,0.271274473784206,0.21532916585486175,0.32721978171355026
21.99881392787552,-0.03911744183308884,-0.13001453240290636,0.05177964873672869,-0.010275960634558434,-0.10467026445151094,0.08411834318239407,0.27255306810432933,0.2167033817438611,0.32840275446479755
22.10047725283104,-0.039486067704595576,-0.13040060506490073,0.051428469655709574,-0.009747638432031067,-0.10468919724758112,0.08519392038351899,0.2742561546607385,0.2184947596635155,0.3300175496579615
22.202140577786565,-0.03932951838380257,-0.13034110838157553,0.0516820716139704,-0.008780836662712843,-0.1044935284151526,0.08693185508972691,0.27682386206299886,0.2212745136835043,0.33237321044249346
22.29815594024456,-0.03953200582693085,-0.13084893556137933,0.05178492390751761,-0.007236363553342548,-0.10359844440272402,0.08912571729603892,0.27966116701072846,0.224153109327889,0.3351692246935679
22.39981926520008,-0.04032317613130387,-0.13206679720403192,0.051420444941424184,-0.005482656218517137,-0.10252110792332471,0.09155579548629043,0.2829980110268046,0.22742909723323804,0.3385669248203712
22.5014825901556,-0.04164936622626944,-0.13378163248908842,0.050482900036549525,-0.0036571521217435565,-0.10088291822465238,0.09356861398116527,0.28479151248350354,0.2296288726442121,0.33995415232279497
22.597497952613594,-0.043623858984270875,-0.1358788051142537,0.04863108714571196,-0.00302841006297562,-0.10002889578081536,0.09397207565486412,0.2846222547131499,0.23012611422064297,0.3391183952056568
22.699161277569118,-0.04613967083064327,-0.13836488266284774,0.0460855410015612,-0.0028954922442215036,-0.09945807870487879,0.09366709421643578,0.28342355122254287,0.2296856543210363,0.33716144812404947
22.80082460252464,-0.04819928574881825,-0.1404532143081087,0.04405464281047221,-0.002708396000250926,-0.09895413031053625,0.0935373383100344,0.28273658762243337,0.22930829292555938,0.33616488231930736
22.902487927480163,-0.048928930451597116,-0.14145672042553706,0.043598859522342825,-0.003187585922582309,-0.09947526832752257,0.09310009648235795,0.28373604326713564,0.2300810202479901,0.3373910662862812
22.998503289938157,-0.04895851300849842,-0.14198001337526167,0.04406298735826482,-0.004229958606465953,-0.10082079862978624,0.09236088141685433,0.2861143615784742,0.2322729242867342,0.3399557988702142
23.100166614893677,-0.04911778459578499,-0.14258061518240633,0.04434504599083636,-0.0036489273256729154,-0.100693600937454,0.09339574628610817,0.2888101845618399,0.23455731526099194,0.3430630538626878
23.2018299398492,-0.04965748179312589,-0.14312592145473413,0.04381095786848237,-0.002876164059840272,-0.10012337870183148,0.09437105058215094,0.28949581749308706,0.23484066081887967,0.34415097416729445
23.297845302307195,-0.049736650867755014,-0.14318217340217554,0.0437088716666655,-0.002387632938298634,-0.09979683181597752,0.09502156593938026,0.289930979846897,0.23476188524252756,0.3451000744512664
23.399508627262716,-0.04889896888702838,-0.14262178062102385,0.04482384284696708,-0.0005318325888736958,-0.09811835751814796,0.09705469234040057,0.2912072215291469,0.2352118411843244,0.34720260187396945
23.501171952218236,-0.04634185874343358,-0.14054965808479533,0.047865940597928175,0.002609292433175578,-0.0951951862480944,0.10041377111444555,0.29307995635391165,0.23587723580790826,0.35028267689991505
23.59718731467623,-0.04409267030525442,-0.13856554620640904,0.050380205595900215,0.005192348940116873,-0.09278546416362628,0.10317016204386002,0.29422112354078905,0.23597912952166292,0.35246311755991516
23.698850639631754,-0.04417584581608423,-0.13911752090596477,0.050765829273796304,0.006570530695351795,-0.09149277266283466,0.10463383405353825,0.29590996166497685,0.2366937380412814,0.3551261852886723
23.800513964587275,-0.04505154863924159,-0.14043983221493533,0.050336734936452146,0.007446829148056708,-0.09089791208447669,0.1057915703805901,0.29821345700385454,0.237856451650008,0.3585704623577011
23.9021772895428,-0.04508073303613916,-0.14078512914465902,0.05062366307238071,0.008084537404246736,-0.09057199245425018,0.10674106726274366,0.3001479954597735,0.23869307199578632,0.3616029189237607
23.998192652000792,-0.045804817052788355,-0.14172367222652404,0.050114038120947335,0.008145660952384934,-0.0906560969875687,0.10694741889233857,0.30131552849020665,0.23903995463092875,0.36359110234948455
24.099855976956313,-0.04551997734530988,-0.14144018275908254,0.050400228068462796,0.00801205827317536,-0.09092983774377725,0.10695395429012797,0.30172862330294214,0.239134263889062,0.3643229827168223
24.201519301911837,-0.045071888474596616,-0.1408725018127022,0.05072872486350896,0.008408712277140379,-0.09068891769073842,0.10750634224501918,0.30181938323857455,0.23936268545879885,0.36427608101835024
24.29753466436983,-0.044354678984270104,-0.14009213079255606,0.05138277282401585,0.009230296646491928,-0.09018315568959465,0.1086437489825785,0.30256795499395467,0.2400743612098441,0.36506154877806524
24.39919798932535,-0.04484872552081029,-0.14024168296354106,0.05054423192192049,0.009233098081939964,-0.09041828509631528,0.1088844812601952,0.3023205387152147,0.23989604636122186,0.3647450310692075
24.500861314280872,-0.04510951114046502,-0.14011950719588018,0.04990048491495015,0.009175362805643975,-0.0906204758800085,0.10897120149129645,0.3016471162673845,0.23981272686129917,0.3634815056734698
24.602524639236396,-0.04420280808384641,-0.13892272325164073,0.050517107083947924,0.009508039650009611,-0.09013189676510967,0.1091479760651289,0.30021355832326113,0.23909458763973387,0.36133252900678836
24.69854000169439,-0.042436807702989215,-0.13693578501473952,0.0520621696087611,0.009958998080764489,-0.0895505805969799,0.10946857675850888,0.2990002390042856,0.23827516302171672,0.35972531498685445
24.80020332664991,-0.04040796473438746,-0.13462400595411358,0.05380807648533867,0.009921877402603696,-0.08949243973565146,0.10933619454085886,0.297690109443877,0.23712343702413885,0.3582567818636152
24.901866651605435,-0.0377582749270768,-0.13208138457148877,0.05656483471733516,0.009178041337970386,-0.09029288623965322,0.10864896891559399,0.2979648765894227,0.2372823212356694,0.35864743194317605
24.99788201406343,-0.03591122311479494,-0.13048163723974526,0.05865919101015539,0.009169769304389744,-0.09035890535456345,0.10869844396334294,0.29874691893677974,0.23806258506875988,0.3594312528047996
25.09954533901895,-0.03533322922551679,-0.1300386069023902,0.059372148451356604,0.009669114805348752,-0.0899200944805338,0.1092583240912313,0.29930831316063905,0.2390272042685218,0.3595894220527563
25.201208663974473,-0.03388694110197968,-0.12879772972797582,0.06102384752401645,0.010324884554471989,-0.08905300986692538,0.10970277897586936,0.29917247765449956,0.23953955450097397,0.35880540080802514
25.297224026432467,-0.03392847035831294,-0.1289505531367166,0.06109361242009073,0.011528180083992895,-0.08766717703133105,0.11072353719931684,0.29896323371241634,0.23954455084840542,0.35838191657642726
25.398887351387987,-0.034619524660168655,-0.12952140473419593,0.06028235541385861,0.012535985898436283,-0.08670985558078492,0.11178182737765749,0.2988327445078059,0.23929629319698087,0.3583691958186309
25.50055067634351,-0.035735261160337484,-0.13040325256052643,0.05893273023985145,0.014531242143867834,-0.08473733902469618,0.11379982331243185,0.29833697639846746,0.23874800268139168,0.35792595011554323
25.602214001299032,-0.03498013972390536,-0.12934114799981278,0.05938086855200206,0.015377224065965325,-0.08397428443931522,0.11472873257124587,0.2976532587553146,0.2378217632494486,0.35748475426118065
25.698229363757026,-0.03390729108027542,-0.12792956703796898,0.06011498487741815,0.015346658413576353,-0.08419877568698461,0.11489209251413732,0.2971802186564647,0.236849463315074,0.3575109739978554
25.799892688712546,-0.03193972748765138,-0.12575922806525877,0.061879773089956014,0.013324635514745414,-0.08645320474113323,0.11310247577062406,0.2971225916544716,0.23616794336848232,0.3580772399404608
25.90155601366807,-0.030371112472467335,-0.12404893247397385,0.06330670752903918,0.010747682929199517,-0.08900671933512089,0.11050208519351992,0.2964699476824138,0.23499052742904586,0.35794936793578175
25.997571376126064,-0.02944297085967336,-0.12315122285094937,0.06426528113160265,0.008130891364745957,-0.09139424080333633,0.10765602353282824,0.2957341997107544,0.23402371471192807,0.3574446847095807
26.099234701081585,-0.029142597395846806,-0.12313116851424395,0.06484597372255034,0.0068024908222011765,-0.09256685828004495,0.1061718399244473,0.29603801292613413,0.23397941748048434,0.3580966083717839
26.20089802603711,-0.02887227958036541,-0.12317313736750438,0.06542857820677356,0.0063693016809408115,-0.09345618907689278,0.1061947924387744,0.2983777072297635,0.23547216761899015,0.3612832468405368
26.30256135099263,-0.028348976830822242,-0.12289428991812357,0.06619633625647908,0.006627686411928679,-0.09379270147583635,0.10704807429969371,0.3009587666909433,0.23730020048968636,0.3646173328922002
26.398576713450623,-0.027746606771568053,-0.12254084079179901,0.06704762724866291,0.00675282788394832,-0.09378487759787296,0.1072905333657696,0.30204212849139384,0.23760501813483714,0.36647923884795053
26.500240038406147,-0.028461465147719134,-0.12343740086944276,0.06651447057400449,0.006174264757392467,-0.09439427745627182,0.10674280697105676,0.30271665239724815,0.2376517255730243,0.36778157922147203
26.601903363361668,-0.029730452751954392,-0.12518363694096424,0.06572273143705547,0.005797764939197342,-0.09473312433887428,0.10632865421726896,0.30410030273557875,0.23852574759200124,0.36967485787915627
26.69791872581966,-0.03066777141907695,-0.12653006518475973,0.06519452234660585,0.006274941259197614,-0.09412608351698228,0.1066759660353775,0.3049857986709964,0.23880415577388764,0.37116744156810516
26.799582050775182,-0.031034422791518343,-0.12708474159363864,0.06501589601060194,0.007212180026490572,-0.09293998287312154,0.10736434292610268,0.3048029464639731,0.23815283034545798,0.3714530625824882
26.901245375730706,-0.030834482506678862,-0.12669195183921628,0.06502298682585855,0.009624792559493806,-0.09032563902742322,0.10957522414641083,0.3036104962883837,0.23674003445243227,0.3704809581243351
26.9972607381887,-0.030685907891823114,-0.12670979662305248,0.06533798083940626,0.011497681446146213,-0.08841141145972503,0.11140677435201746,0.30401435131458965,0.23696776845187847,0.3710609341773008
27.09892406314422,-0.03029125977727498,-0.12679290326674272,0.06621038371219276,0.012714969523173608,-0.08726827569227397,0.11269821473862118,0.3057046943429659,0.23794984498910274,0.373459543696829
27.200587388099745,-0.029493831337451273,-0.12658267963349676,0.06759501695859421,0.013283526062819767,-0.08666533958819955,0.11323239171383909,0.30735675466589807,0.238872601631356,0.3758409077004401
27.302250713055265,-0.02864031485072273,-0.1265089982601934,0.06922836855874794,0.013380500334289724,-0.08671100122998444,0.11347200189856389,0.3101583880090036,0.24084859845620954,0.3794681775617976
27.39826607551326,-0.02729857419070726,-0.12598986758396763,0.07139271920255312,0.01473850764412303,-0.08534565046377192,0.11482266575201798,0.312649211139179,0.24247225277674533,0.38282616950161263
27.499929400468783,-0.025238729076201283,-0.12475424197323405,0.07427678382083149,0.01593528973967505,-0.08430118124009432,0.11617176071944442,0.31563634374488725,0.24430767301572903,0.38696501447404547
27.601592725424304,-0.02309245765462245,-0.12349134906819204,0.07730643375894714,0.016625913038195966,-0.0838327110862056,0.11708453716259754,0.31904455352204886,0.24617199701451375,0.39191711002958396
27.697608087882298,-0.02155508107666468,-0.12246248431376462,0.07935232216043527,0.0162146833728605,-0.08446853015252447,0.11689789689824547,0.32129003947060636,0.24716954202458435,0.39541053691662836
27.799271412837818,-0.01975250002175845,-0.12088498165255532,0.08137998160903842,0.016247353535471062,-0.0846605468718873,0.11715525394282943,0.32264863774370217,0.24692313068009059,0.39837414480731376
27.900934737793342,-0.01773560878854738,-0.11899487889742225,0.08352366132032749,0.01737688787152218,-0.08411344528295668,0.11886722102600104,0.3248755872011507,0.24713766718497648,0.40261350721732486
28.002598062748863,-0.017012143470134578,-0.11845878644986765,0.0844344995095985,0.018406219671087312,-0.08356059062369757,0.1203730299658722,0.32701586913537617,0.24748621873083115,0.4065455195399212
28.098613425206857,-0.01685777971981231,-0.11809546006038729,0.08437990062076267,0.01983679284184764,-0.08247621182609936,0.12214979750979464,0.3275128739872902,0.24647022733496587,0.4085555206396145
28.20027675016238,-0.01645434097149867,-0.11782842162964893,0.08491973968665159,0.021342861236205796,-0.08096000193758035,0.12364572440999194,0.3279647117412,0.245307889199349,0.41062153428305104
28.3019400751179,-0.015062374227519632,-0.11677315756059554,0.08664840910555628,0.023569912674997806,-0.07863496716308627,0.12577479251308188,0.32878349825380465,0.24423034447954403,0.41333665202806524
28.397955437575895,-0.014562647718109306,-0.11658786869695406,0.08746257326073545,0.026560528637608646,-0.0758844884112712,0.12900554568648848,0.3307045768601172,0.24468201085552904,0.4167271428647054
28.49961876253142,-0.015696374933403576,-0.11826170129873316,0.08686895143192601,0.02847078869943491,-0.07455822749792551,0.13149980489679533,0.3344803679433125,0.24728852750616992,0.42167220838045505
28.60128208748694,-0.01694519904224427,-0.11963811212349498,0.08574771403900644,0.028780377071235888,-0.07448845801176728,0.13204921215423904,0.33573251777400204,0.248667134766322,0.4227979007816821
28.697297449944934,-0.01822185620697296,-0.12110806354912318,0.08466435113517726,0.029167760599685413,-0.07443880093468822,0.13277432213405904,0.3375290022290089,0.25039752981098395,0.4246604746470338
28.798960774900454,-0.018913219880482557,-0.12211183617955014,0.08428539641858503,0.0306667088920088,-0.07308927822546642,0.13442269600948403,0.3391489067639718,0.2514197806087101,0.4268780329192335
28.90062409985598,-0.01896353037128616,-0.12258748371897367,0.08466042297640135,0.03224154202648312,-0.07152676046971551,0.13600984452268175,0.34067802071644443,0.25155010068508665,0.4298059407478022
29.0022874248115,-0.020027754241070256,-0.12418533757069358,0.08412982908855307,0.03333541340702782,-0.07061590216837138,0.13728672898242703,0.3431402237007135,0.2521185847149704,0.4341618626864566
29.098302787269493,-0.022480212699099847,-0.12698456503465766,0.08202413963645795,0.03368164173374369,-0.07049494631152682,0.13785822977901419,0.3451488733163503,0.25299357376654746,0.43730417286615314
29.199966112225017,-0.02541241069269927,-0.13034941979303583,0.07952459840763729,0.03418868793808119,-0.0701576594687067,0.13853503534486908,0.3473117503914133,0.25400518272552897,0.4406183180572977
29.301629437180537,-0.02606935862965891,-0.13108261049184566,0.07894389323252783,0.03546920881390664,-0.06917521734052427,0.14011363496833756,0.3486700893434435,0.2549442566119446,0.44239592207494244
29.39764479963853,-0.025172614798645965,-0.1302609870338553,0.07991575743656339,0.03750626688378028,-0.06755802764694699,0.14257056141450755,0.3504108802244273,0.2564344913546802,0.44438726909417436
29.499308124594055,-0.025596370205415955,-0.13068293835423622,0.07949019794340431,0.03931622344148236,-0.06619252502598019,0.14482497190894492,0.3520419492588217,0.2578242183515064,0.44625968016613704
29.600971449549576,-0.025990111003258987,-0.13132918780265163,0.07934896579613364,0.04088842509442479,-0.06500840046529399,0.14678525065414358,0.3543209175731531,0.2596643966805331,0.4489774384657731
29.702634774505096,-0.026863779260735396,-0.1323257538869818,0.07859819536551103,0.04225112728778879,-0.0639381399494322,0.1484403945250098,0.3558675842375646,0.2609765143648817,0.4507586541102475
29.79865013696309,-0.025997665298233594,-0.13184190233061327,0.07984657173414608,0.043662477781798714,-0.06288308519671348,0.1502080407603109,0.3584131439444715,0.2626600147948555,0.45416627309408747
29.900313461918614,-0.024977607378648625,-0.1311002296936314,0.08114501493633414,0.045598647383404606,-0.061096325929172385,0.1522936206959816,0.3599675323407929,0.2634344155145959,0.45650064916698985
30.001976786874135,-0.025111844485596516,-0.1314925054344787,0.0812688164632857,0.04732545591374489,-0.059569911423860034,0.1542208232513498,0.3616750448725729,0.26461493147597354,0.45873515826917227
30.09799214933213,-0.026490364195693714,-0.1330912559020153,0.08011052751062786,0.049325605656334356,-0.05821726720172639,0.15686847851439512,0.3648699989270451,0.2669866877879644,0.46275331006612574
30.199655474287653,-0.02719231303330874,-0.13404797524423032,0.07966334917761284,0.051984294157658345,-0.05608878175458194,0.16005737006989862,0.36783851469841766,0.26963632361149553,0.4660407057853398
30.301318799243173,-0.027087836565524354,-0.13450047485974126,0.08032480172869257,0.0538114484294729,-0.05480167286406648,0.16242456972301228,0.3717550467292676,0.27266753457734577,0.4708425588811895
30.397334161701167,-0.02713606801242481,-0.13514980889701483,0.08087767287216521,0.05655463700212311,-0.052788235564607044,0.16589750956885327,0.37661258354647886,0.27697772390520475,0.476247443187753
30.49899748665669,-0.027925739329419233,-0.1363837813882069,0.08053230272936843,0.05947812917809728,-0.05030923327265727,0.16926549162885182,0.38004923343674313,0.27997808369323557,0.4801203831802507
30.60066081161221,-0.028278248047324386,-0.13711664109007787,0.0805601449954291,0.06042318656418069,-0.04946238228982519,0.17030875541818657,0.38182658652095774,0.28190029949555395,0.48175287354636154
30.702324136567732,-0.028911298852023065,-0.13794869908749463,0.08012610138344851,0.06119034049265633,-0.048629269548346135,0.1710099505336588,0.38241150301058563,0.2828693567369126,0.48195364928425866
30.798339499025726,-0.029578561203345774,-0.13858591555107985,0.07942879314438829,0.06169713876415499,-0.04798714170485541,0.17138141923316538,0.3819408181780722,0.28297050254134437,0.4809111338148
30.90000282398125,-0.03130799398840767,-0.140036458545506,0.07742047056869068,0.061777536308153136,-0.04772502495027968,0.17128009756658596,0.38046967560437617,0.2818943723887906,0.4790449788199617
31.00166614893677,-0.03294483604251937,-0.14163529619300685,0.0757456241079681,0.06263425427915535,-0.046705914549304325,0.17197442310761502,0.37999041675981227,0.28181323613703835,0.4781675973825862
31.097681511394764,-0.03293781077187516,-0.14149048855816215,0.07561486701441185,0.06324408398860983,-0.046039056064123104,0.17252722404134274,0.37939780723630634,0.2811180644523023,0.47767755002031037
31.19934483635029,-0.03246295355876938,-0.14141413005741443,0.07648822293987566,0.0629957582851227,-0.046226344274522005,0.17221786084476742,0.3804923951971134,0.2814387628359366,0.47954602755829023
31.30100816130581,-0.033268510174482305,-0.14250122148426184,0.07596420113529723,0.06283250101351677,-0.046226766551923065,0.1718917685789566,0.3809331301499382,0.28119371966366397,0.4806725406362124
31.402671486261333,-0.03402457274705954,-0.14354545113245643,0.07549630563833735,0.06275756431126989,-0.0461440158505632,0.171659144473103,0.3814268662943181,0.28182149104663096,0.48103224154200525
31.498686848719327,-0.03350057512028942,-0.14337221404573164,0.07637106380515281,0.062168307579357554,-0.046203163508826334,0.17053977866754144,0.380714838772131,0.2817367632459217,0.4796929142983404
31.600350173674848,-0.03217320710099268,-0.14200745009496135,0.07766103589297597,0.06103665430162493,-0.04715609777655211,0.16922940637980197,0.3797480184056487,0.2812569556326546,0.4782390811786428
31.702013498630368,-0.030952178210039663,-0.14066932620911377,0.07876496978903443,0.06048897522379244,-0.04744245098602563,0.16842040143361053,0.37830778416373684,0.2801020947523177,0.476513473575156
31.798028861088362,-0.0296683066232296,-0.13959621252971588,0.0802595992832567,0.0598840800592174,-0.04790016141299379,0.16766832153142858,0.37838655729162746,0.27978478448091015,0.47698833010234476
31.899692186043886,-0.028467819497196428,-0.1387117644915161,0.08177612549712324,0.06003725367345615,-0.04762920118245663,0.16770370852936894,0.37903253103791484,0.2799100816666922,0.4781549804091375
32.00135551099941,-0.027807376449897975,-0.1385933728739943,0.08297861997419838,0.05885431699073855,-0.04902956301558645,0.16673819699706355,0.3814842266556142,0.281619986152341,0.4813484671588874
32.0973708734574,-0.026249335675833624,-0.1376922135959404,0.08519354224427314,0.0564407769777394,-0.051743340335334315,0.16462489429081312,0.3844481354189434,0.2835099773544239,0.4853862934834629
32.199034198412924,-0.0243991018476135,-0.13665935397448045,0.08786115027925345,0.053026537539407295,-0.0554870306257043,0.16154010570451888,0.38799161595446374,0.28591742822010585,0.49006580368882163
32.30069752336845,-0.023235459844788767,-0.13606283859373183,0.0895919189041543,0.04952565834453582,-0.05929643659502462,0.15834775328409625,0.3906488949991254,0.28729308090910716,0.4940047090891437
32.402360848323966,-0.023257709435112725,-0.13640963675507095,0.08989421788484551,0.04785682320826817,-0.0613224498813737,0.15703609629791004,0.39287287480732,0.28824375303670813,0.4975019965779319
32.49837621078196,-0.022565740230527265,-0.1359926684075691,0.09086118794651457,0.04578966933454952,-0.06362488859800444,0.15520422726710348,0.3944419849929202,0.28935470176047745,0.499529268225363
32.60003953573749,-0.02270234680628895,-0.13624676473569614,0.09084207112311825,0.04405441454448668,-0.06544941159192179,0.15355824068089513,0.39502127160180805,0.28968535290534647,0.5003571902982696
32.701702860693004,-0.022634984341571976,-0.1360611494919912,0.09079118080884724,0.043212918628963204,-0.06629983620311727,0.15272567346104368,0.39455220243909295,0.2895789119677963,0.4995254929103896
32.797718223151,-0.02293639861635388,-0.13623069098572,0.09035789375301222,0.043664245796035395,-0.06605766262950441,0.1533861542215752,0.3948568643686404,0.28976783685675384,0.499945891880527
32.89938154810652,-0.02344024544487114,-0.13622460265050723,0.08934411176076497,0.044463932358813116,-0.06532470337072417,0.15425256808835042,0.39336302223743597,0.2887210870354309,0.498004957439441
33.00104487306204,-0.025344649041252304,-0.1379092106184519,0.0872199125359473,0.04513758967670685,-0.06447974473883321,0.1547549240922469,0.39214194436475164,0.288216467842788,0.4960674208867153
33.10270819801757,-0.02781031123981731,-0.1405854512996081,0.08496482881997346,0.04520050996539192,-0.06412725916755513,0.15452827909833897,0.3920271047860646,0.2883424893916739,0.49571172018045534
33.19872356047556,-0.030090817081015755,-0.14334110872878103,0.08315947456674953,0.044901750021451345,-0.06417123377065953,0.15397473381356222,0.3929486627373824,0.2887642614771884,0.49713306399757634
33.30038688543108,-0.03355333828081472,-0.147008815332208,0.07990213877057854,0.04390554262237198,-0.06460346408025151,0.15241454932499549,0.39187850350264375,0.28799779958119887,0.49575920742408863
33.402050210386605,-0.03557777374001775,-0.1490565781504379,0.07790103067040241,0.042198910197664516,-0.06567896047493933,0.15007678087026838,0.38980047747544844,0.2869495324232259,0.49265142252767097
33.498065572844595,-0.03693190479871186,-0.15043969130406112,0.0765758817066374,0.0413167701177895,-0.06580849864443634,0.14844203888001534,0.3873760069346416,0.2847949924365878,0.48995702143269537
33.59972889780012,-0.03834611356420742,-0.15146097032889994,0.0747687432004851,0.03974429888135407,-0.06704830333565495,0.1465369010983631,0.38482749802252986,0.2827598771918678,0.4868951188531919
33.70139222275564,-0.03967871176236423,-0.15265296354711588,0.0732955400223874,0.03882109716117932,-0.0678054208177213,0.14544761514007992,0.3837982343832328,0.2821358875367244,0.4854605812297412
33.797407585213634,-0.040310628622319766,-0.15304886618398,0.07242760893934046,0.03701103228566455,-0.06930638302556849,0.14332844759689758,0.38183269027102956,0.28054645031794895,0.4831189302241102
33.89907091016916,-0.04034375319688564,-0.1530745106067264,0.07238700421295509,0.037037427130293676,-0.06906326372428413,0.14313811798487147,0.38108443438325673,0.2797505741160847,0.48241829465042874
34.00073423512468,-0.04069009190010707,-0.1533505902872649,0.07197040648705073,0.0356408907604603,-0.07021701224367563,0.14149879376459623,0.3799493168694159,0.27851735126583266,0.48138128247299916
34.1023975600802,-0.041062240197143524,-0.15362754022188727,0.07150305982760022,0.03458905062915457,-0.07095193521175724,0.1401300364700664,0.37851067213081796,0.2770472073940169,0.47997413686761903
34.198412922538196,-0.040862944825216296,-0.15364265859079576,0.07191676894036317,0.0353385782320228,-0.0696998044918935,0.1403769609559391,0.37763929996699264,0.275620959458038,0.4796576404759473
34.30007624749372,-0.03996163788054845,-0.1534711586672394,0.0735478829061425,0.03573221570090916,-0.0687930172472203,0.1402574486490386,0.3785032926417791,0.27558326536738376,0.4814233199161745
34.40173957244924,-0.03867249424828724,-0.15313833293857437,0.07579334444199991,0.03567392001337462,-0.06833930800165212,0.13968714802840138,0.3801527665371702,0.27622996661010246,0.4840755664642379
34.497754934907235,-0.0385743298417178,-0.1540842873896247,0.07693562770618911,0.03581293106883161,-0.06740640647267683,0.13903226861034007,0.38134783271450556,0.27674042357444933,0.4859552418545618
34.59941825986276,-0.038336653702687615,-0.15473742277771718,0.07806411537234194,0.03686738898310811,-0.0656147690425885,0.13934954700880473,0.382273088789792,0.2773741038705061,0.4871720737090779
34.701081584818276,-0.03908903004983777,-0.1563790257007505,0.07820096560107495,0.0392637052075645,-0.06296666352231901,0.141494073937448,0.38497895432553497,0.27968779003953415,0.4902701186115358
34.8027449097738,-0.03903057801168175,-0.15681911189471948,0.07875795587135598,0.04178667921717988,-0.06063047509065379,0.14420383352501354,0.38763082153592576,0.2821680872281697,0.4930935558436818
34.89876027223179,-0.039131864674327485,-0.15740601495642303,0.07914228560776808,0.043928633130691064,-0.05860130784572701,0.14645857410710914,0.38999552298119194,0.2843668042991204,0.49562424166326347
35.000423597187314,-0.03998414309374741,-0.15925846969770927,0.07929018351021444,0.045578910076489884,-0.05692376537373724,0.14808158552671702,0.3938707359214184,0.2874567403361,0.5002847315067368
35.10208692214284,-0.04040991118295777,-0.16031203421854018,0.07949221185262463,0.04670175646677478,-0.05577831206067907,0.14918182499422863,0.3963043317335464,0.2895600175137736,0.5030486459533192
35.19810228460083,-0.04026374968932307,-0.16060297169918125,0.08007547232053511,0.04776466506828819,-0.05483257070704582,0.15036190084362222,0.3984286683344196,0.2909790783758852,0.505878258292954
35.29976560955635,-0.040382204027643226,-0.16085308107859375,0.0800886730233073,0.04859304169070326,-0.054430491638679926,0.15161657502008646,0.40040107722732826,0.2920894232253067,0.5087127312293499
35.40142893451188,-0.040481329578087796,-0.16128033090976346,0.08031767175358788,0.04849469667385882,-0.05498107998203397,0.1519704733297516,0.4031217927877885,0.29396178623398744,0.5122817993415895
35.49744429696987,-0.039507325795823625,-0.16074877316506347,0.08173412157341624,0.04749543765985924,-0.056527475240299996,0.15151835056001847,0.4064285012200412,0.29643050081893124,0.5164265016211512
35.59910762192539,-0.03765481084004434,-0.159224900395269,0.08391527871518033,0.04597011272575345,-0.05875615800465679,0.1506963834561637,0.4097182423106084,0.299305652549744,0.5201308320714728
35.700770946880915,-0.03661012182571258,-0.1584001495722278,0.08517990592080264,0.04529224366203112,-0.05995930588793681,0.15054379321199907,0.4121632637588124,0.30163052166424825,0.5226960058533765
35.80243427183643,-0.03710531218867959,-0.15913794657147312,0.08492732219411395,0.04506517520719251,-0.06085942279050835,0.15098977320489337,0.41535475223110185,0.3044161118332439,0.5262933926289598
35.89844963429443,-0.0364741520285214,-0.15866818693978757,0.08571988288274476,0.04531727251409379,-0.06110475819188832,0.1517393032200759,0.41761937463605747,0.3059672663591697,0.5292714829129452
36.000112959249954,-0.03502583785928602,-0.15717023138266378,0.08711855566409174,0.045975501137495406,-0.06079096295658999,0.1527419652315808,0.41854298986928895,0.3059797880290913,0.5311061917094866
36.10177628420547,-0.03330369058728584,-0.15554555384321817,0.08893817266864648,0.04722864378100618,-0.059916637787783986,0.15437392534979633,0.4201963052509442,0.3072945576360961,0.5330980528657924
36.19779164666347,-0.031440880621881495,-0.15369390402577435,0.09081214278201136,0.04840094682613097,-0.05922358629289054,0.15602547994515248,0.4218546737389889,0.30937279309342486,0.5343365543845529
36.29945497161899,-0.030012474276511755,-0.1523709828333687,0.09234603428034517,0.050061524900727905,-0.0579459078948375,0.1580689576962933,0.4236400345349194,0.31172936189519584,0.5355507071746429
36.40111829657451,-0.02778675416359956,-0.15008624894302458,0.09451274061582546,0.05113270080552729,-0.05714044909882619,0.15940585070988078,0.4242986548479487,0.31315063451802777,0.5354466751778697
36.50278162153003,-0.026381016602102403,-0.14887639172054895,0.09611435851634414,0.05269819040356366,-0.055480868538916844,0.16087724934604417,0.42482023002519187,0.3146940945420642,0.5349463655083195
36.59879698398803,-0.02602011054253528,-0.14863724657715727,0.09659702549208672,0.05325572443983147,-0.054731617531651316,0.16124306641131425,0.42467742466757435,0.31544904040671606,0.5339058089284326
36.70046030894355,-0.02481386193085132,-0.1473279785752714,0.09770025471356879,0.05368899683731378,-0.05404594314041236,0.16142393681503991,0.42340505013304064,0.3147612660204286,0.5320488342456527
36.80212363389907,-0.024069674453322365,-0.14598349280475661,0.09784414389811188,0.05530814641294343,-0.05198228489144037,0.16259857771732722,0.4197224258161459,0.31205868191820774,0.527386169714084
36.89813899635706,-0.023546148330036196,-0.14504780839694764,0.09795551173687525,0.0579038961904452,-0.049088339650534704,0.1648961320314251,0.417400544999243,0.31049246196466923,0.5243086280338167
36.999802321312586,-0.023482678551187186,-0.144756719534943,0.09779136243256865,0.05998575648917927,-0.046978487173684066,0.1669500001520426,0.4166767075650601,0.3104385971980527,0.5229148179320674
37.10146564626811,-0.024254299486794487,-0.14539879072681644,0.09689019175322745,0.061988064881870655,-0.04505880550368434,0.16903493526742563,0.416741287533231,0.3111139396998128,0.5223686353666491
37.1974810087261,-0.023809022023338983,-0.14497548925577325,0.09735744520909527,0.06364040829738206,-0.043408578573539205,0.17068939516830334,0.4170186245423525,0.3117077353971547,0.5223295136875503
37.299144333681625,-0.023581699905000114,-0.14492416192766006,0.09776076211765983,0.06430998965396525,-0.04257860565986052,0.17119858496779103,0.41722551651560325,0.3119660791152452,0.5224849539159613
37.40080765863715,-0.023030265839313863,-0.14476568758989783,0.09870515591127012,0.06426119626873768,-0.04263011093606202,0.1711525034735374,0.41870962267600526,0.31293260245372817,0.5244866428982824
37.50247098359267,-0.023421131327455283,-0.14589053463828605,0.09904827198337549,0.06428286412624286,-0.042714320269832615,0.17128004852231832,0.42191557948540476,0.3149922445561205,0.528838914414689
37.59848634605066,-0.02342297365820839,-0.146879665354799,0.10003371803838221,0.0649245859136766,-0.042303239826348205,0.1721524116537014,0.4266085215152673,0.3179536545588315,0.5352633884717031
37.70014967100619,-0.023275899957760707,-0.14784166281047845,0.10128986289495705,0.06458787957540786,-0.042975683237262224,0.17215144238807795,0.4320353419639038,0.3214499465683109,0.5426207373594967
37.801812995961704,-0.022047804207906543,-0.14725909771711027,0.10316348930129719,0.06296669547776412,-0.045131242256799195,0.17106463321232745,0.4361347307557338,0.3241375263802251,0.5481319351312425
37.8978283584197,-0.020291327351383004,-0.14560191174824963,0.10501925704548362,0.06186653954788701,-0.04639626647619832,0.17012934557197235,0.4368782041001383,0.32492734360367986,0.5488290645965966
37.999491683375226,-0.01834603857089019,-0.1439314320906117,0.10723935494883131,0.06188101752129328,-0.04659916931460642,0.17036120435719299,0.43863588444179974,0.3260631114545508,0.5512086574290487
38.10115500833074,-0.018112543972913286,-0.14390546417873962,0.10768037623291304,0.06143500172090022,-0.04736586526661275,0.17023586870841317,0.4404946247598583,0.3272507938697637,0.5537384556499529
38.20281833328627,-0.018900012979651132,-0.1447179039771801,0.10691787801787783,0.06115829023164779,-0.04806640185417069,0.17038298231746626,0.44204676068375764,0.3283366243679999,0.5557568969995154
38.298833695744264,-0.019787831519334234,-0.14570869703940198,0.1061330340007335,0.06042298800688929,-0.04901781826017934,0.16986379427395792,0.4431461999641051,0.3290145219822984,0.5572778779459118
38.40049702069978,-0.020049899940588006,-0.14624526502139362,0.10614546514021761,0.05937285473110411,-0.05015110638883598,0.1688968158510442,0.4444098931044212,0.32911245420518104,0.5597073320036614
38.502160345655305,-0.020348981162413973,-0.1468593428138225,0.10616138048899458,0.0594089583248813,-0.050362621403183414,0.16918053805294603,0.4465387419429776,0.33000208540315806,0.5630753984827971
38.5981757081133,-0.02110048431656414,-0.1476886877723059,0.10548771913917762,0.06010615300844371,-0.050010059654889125,0.17022236567177657,0.44815956035632326,0.3309703007695455,0.565348819943101
38.69983903306882,-0.020502956100296038,-0.14714171264750273,0.10613580044691065,0.0605924488954,-0.05011595866162964,0.17130085645242965,0.45045842225138394,0.3324984792420089,0.568418365260759
38.801502358024344,-0.01952382647514876,-0.1459607160318967,0.10691306308159916,0.059582746267437495,-0.05179516019561077,0.17096065273048577,0.4518376267732173,0.3335874843989483,0.5700877691474864
38.897517720482334,-0.01909701786081472,-0.14516921055998439,0.10697517483835495,0.06005461557890408,-0.05176643207920048,0.17187566323700865,0.4519851799939618,0.33377634438169107,0.5701940156062325
38.99918104543786,-0.019109116939089926,-0.1448106174802599,0.10659238360208004,0.06007481519037573,-0.05206131404028945,0.1722109444210409,0.45162891243475234,0.3340043584267904,0.5692534664427142
39.10084437039338,-0.01909732735677852,-0.144613705842841,0.10641905112928396,0.05947427633073546,-0.05289736730509732,0.17184591996656823,0.45165714408951907,0.3346915724934643,0.5686227156855739
39.202507695348906,-0.017885476461249952,-0.14310165843400474,0.10733070551150482,0.058585074781049226,-0.054156421893877774,0.17132657145597624,0.4516333953551841,0.3355578167522774,0.5677089739580907
39.2985230578069,-0.016760879215403493,-0.141903647360135,0.10838188892932803,0.05773830553688447,-0.055320905692358244,0.1707975167661272,0.45233775519389663,0.33608034166448747,0.5685951687233057
39.40018638276242,-0.01564447898546277,-0.1405485872082134,0.10925962923728787,0.0566272988297017,-0.056962920196713215,0.1702175178561166,0.4531317587694976,0.33671519258439403,0.5695483249546012
39.501849707717945,-0.015125209109527221,-0.13968511552562704,0.1094346973065726,0.05496100244587829,-0.05929952448060019,0.16922152937235677,0.4539847025854666,0.33758342201450187,0.5703859831564313
39.597865070175935,-0.014605572007502718,-0.13913992937221448,0.10992878535720904,0.054781637755384804,-0.05982635757024862,0.16938963308101823,0.4551037611474794,0.3384090001414614,0.5717985221534974
39.69952839513146,-0.01458228809647684,-0.13885749750933024,0.10969292131637656,0.05403790501638389,-0.06046775329794221,0.16854356333071,0.45363502454936067,0.3378846994938657,0.5693853496048557
39.80119172008698,-0.015924937275103385,-0.13964250901276415,0.10779263446255737,0.052090984375027974,-0.0625424469487137,0.16672441569876967,0.45174956363074403,0.3375421999052908,0.5659569273561973
39.89720708254497,-0.017487597997832227,-0.1408758580934929,0.10590066209782843,0.05121578896047921,-0.06363704539934448,0.1660686233203029,0.45122190929334094,0.33797576663352696,0.5644680519531549
39.9988704075005,-0.019128689168094293,-0.14249193797992585,0.10423455964373726,0.0494507010091499,-0.06540406194338433,0.16430546396168413,0.45101394002543166,0.3387405471694,0.5632873328814634
40.100533732456014,-0.02045417817126044,-0.14374804884594852,0.10283969250342764,0.047553528404388215,-0.06722447903421647,0.1623315358429929,0.4503343373136122,0.33912655268917347,0.561542121938051
40.20219705741154,-0.02073802337763174,-0.14375996788924061,0.10228392113397713,0.044720971970626563,-0.06998115125501124,0.15942309519626435,0.44875324856434484,0.33890179389617714,0.5586047032325125
40.298212419869536,-0.019839222878317186,-0.14236913425688674,0.10269068850025237,0.04159311232177408,-0.07297596987807403,0.1561621945216222,0.44605951594798726,0.3370861984264119,0.5550328334695626
40.39987574482505,-0.018599672282781463,-0.14058670112136162,0.1033873565557987,0.03956174427393075,-0.07481471926297145,0.15393820781083295,0.44305710598852166,0.33423363477778606,0.5518805771992572
40.50153906978058,-0.017889839025370155,-0.13936129129627084,0.10358161324553053,0.0366372453476453,-0.0776470005574307,0.1509214912527213,0.44049544748220054,0.3314016005062817,0.5495892944581193
40.597554432238574,-0.017193330840307705,-0.1384761855805443,0.1040895238999289,0.033703082081338834,-0.08030158280780406,0.14770774697048172,0.43853542571715615,0.3290272344014548,0.5480436170328575
40.69921775719409,-0.01654740945607759,-0.1375574731455595,0.10446265423340433,0.032059425291107946,-0.08146067986907242,0.1455795304512883,0.43562349737083517,0.3260940575792204,0.54515293716245
40.800881082149616,-0.016243389740404957,-0.13688225342719415,0.10439547394638424,0.03059224550666982,-0.08253317703325487,0.14371766804659453,0.4326952569460555,0.32285737563049455,0.5425331382616164
40.90254440710514,-0.015796218931691933,-0.1358180225897672,0.10422558472638332,0.030247758639462913,-0.08270832842746524,0.14320384570639105,0.4297132084488819,0.31970546838266023,0.5397209485151035
40.99855976956313,-0.015576384685950642,-0.13523678172859538,0.10408401235669408,0.03099510608204291,-0.08202771267747658,0.1440179248415624,0.4286234104157029,0.31834789499450183,0.5388989258369039
41.100223094518654,-0.016078605105776037,-0.13557921270051967,0.1034220024889676,0.03318962427564312,-0.08004709148930661,0.14642634004059285,0.42894077728279983,0.31875110954404573,0.5391304450215539
41.20188641947418,-0.016958787048824517,-0.1363759103769425,0.10245833627929346,0.03477955639964772,-0.07831149825347948,0.14787061105277494,0.42824315773749605,0.31834988912459483,0.5381364263503973
41.29790178193217,-0.016502284394146555,-0.1357370776868682,0.1027325088985751,0.03588294989620475,-0.07709599048563973,0.14886189027804922,0.4272195186534104,0.31769180227893656,0.5367472350278842
41.39956510688769,-0.0157477324295644,-0.13466163263939535,0.10316616778026654,0.03634864550063076,-0.07679624882242585,0.14949353982368735,0.42661522195687646,0.31752028931724763,0.5357101545965053
41.50122843184322,-0.014762903093127819,-0.13322470611010212,0.10369889992384648,0.03694629127919653,-0.07611585930112895,0.150008441859522,0.42464064322928186,0.31622263141631635,0.5330586550422474
41.59724379430121,-0.014364636986044926,-0.13252066238264854,0.10379138841055868,0.03630711182632154,-0.07666409499601305,0.14927831864865615,0.4231164763543859,0.31533632407104506,0.5308966286377267
41.69890711925673,-0.01446787324788261,-0.1324675165337712,0.10353177003800597,0.03656392578719969,-0.07626815021673598,0.14939600179113538,0.4220599178480722,0.31477248339652364,0.5293473522996207
41.800570444212255,-0.014432862222019768,-0.13258067532324597,0.10371495087920642,0.03699760230759977,-0.0758420289297356,0.14983723354493514,0.42266971328847275,0.31587275443058077,0.5294666721463648
41.90223376916777,-0.01400993440476507,-0.13242338002029125,0.10440351121076112,0.03693512664573255,-0.0760372612291648,0.1499075145206299,0.42411735235634834,0.3173769383165314,0.5308577663961653
41.99824913162577,-0.01374657102310338,-0.13245260322271496,0.10495946117650821,0.03641901955091774,-0.07659396094601854,0.149432000047854,0.4253114225626412,0.3185151355135235,0.5321077096117589
42.099912456581286,-0.0138196051118427,-0.1327370690813851,0.1050978588576997,0.035832287836251225,-0.0770616188073534,0.14872619447985586,0.4256392839823141,0.3189136507743588,0.5323649171902693
42.20157578153681,-0.014435935744889536,-0.13331466651580431,0.10444279502602524,0.035902311692357664,-0.07718344193330001,0.14898806531801534,0.4262003661676522,0.3201142563895918,0.5322864759457127
42.29759114399481,-0.014323034176752944,-0.13326986751927528,0.10462379916576937,0.03652044204866846,-0.07683740149250412,0.14987828558984104,0.42746942257696624,0.3217436480482712,0.5331951971056612
42.399254468950325,-0.013991747256995701,-0.1332995216051514,0.10531602709116,0.03685393463872985,-0.07686119211365955,0.15056906139111925,0.43012110775326107,0.3240070856578804,0.5362351298486417
42.50091779390585,-0.013447651673807431,-0.13323567977649847,0.10634037642888361,0.0364744703176436,-0.07773946755103643,0.15068840818632362,0.43368352600979393,0.32669366824065726,0.5406733837789306
42.60258111886137,-0.012424524883038274,-0.13274094333820616,0.10789189357212961,0.035585531518821725,-0.07899257755743515,0.15016364059507858,0.4369089654839758,0.32895804841232823,0.5448598825556233
42.69859648131936,-0.011593169791553379,-0.13202738696427962,0.10884104738117285,0.03521796328848206,-0.07977570260787395,0.15021162918483807,0.4388154354885128,0.33021950824839774,0.5474113627286279
42.80025980627489,-0.010925852274220799,-0.13190285247106598,0.11005114792262437,0.03449065839404711,-0.08100860534751839,0.1499899221356126,0.4426554249771332,0.33291171943864073,0.5523991305156257
42.90192313123041,-0.009883715233703932,-0.13166029261975418,0.11189286215234631,0.03405201878315779,-0.08175020412193743,0.149854241688253,0.4467713444955297,0.33540943111778776,0.5581332578732716
42.9979384936884,-0.009046618319888192,-0.13136477403665497,0.11327153739687859,0.03510236317857669,-0.08088547301765195,0.15109019937480533,0.44959243002561033,0.3371871852793269,0.5619976747718938
43.099601818643926,-0.00907064720475878,-0.13170447958128506,0.1135631851717675,0.03603439662233672,-0.08021830689206302,0.15228710013673646,0.4518495077021402,0.33855843403074815,0.5651405813735323
43.20126514359945,-0.008792176656303358,-0.13161747922458777,0.11403312591198105,0.035552060849037184,-0.08108295061982644,0.1521870723179008,0.45395608327485193,0.3393489036267333,0.5685632629229705
43.29728050605744,-0.00844039187867146,-0.13153942806883417,0.11465864431149124,0.03584882285110516,-0.08109791683477012,0.15279556253698046,0.4561819528788967,0.34027762703725684,0.5720862787205365
43.398943831012964,-0.008137512328225752,-0.13172436041354085,0.11544933575708935,0.036724677489296975,-0.08050328430710638,0.15395263928570033,0.45917788280136845,0.3414292315567881,0.5769265340459488
43.50060715596849,-0.008949464823246184,-0.1332425726827135,0.11534364303622115,0.03775965852549541,-0.07983594609937163,0.15535526315036247,0.4633927188011996,0.34334672983864134,0.5834387077637578
43.602270480924005,-0.008958211718064144,-0.13389886087832745,0.11598243744219916,0.037912169057920386,-0.07969424482621917,0.15551858294205995,0.4659906274110077,0.34412859537555607,0.5878526594464594
43.698285843382,-0.008967023407046595,-0.13455291923584006,0.11661887242174686,0.038315549982924385,-0.07912407484430466,0.15575517481015344,0.4679532994274368,0.34441194106590456,0.591494657788969
43.79994916833753,-0.008594642834603025,-0.13492334156389985,0.11773405589469378,0.039097870297211,-0.07830335917869177,0.15649909977311377,0.47081715374440136,0.34605189056222774,0.595582416926575
43.901612493293044,-0.0077842409973106624,-0.134776278832354,0.11920779683773268,0.039441317061756465,-0.07782796146632052,0.15671059558983347,0.47299333409085187,0.34751211491418266,0.5984745532675211
43.99762785575104,-0.007207686076187048,-0.13458044216363121,0.12016507001125712,0.03991245587079563,-0.07704593784056855,0.1568708495821598,0.4734010757474363,0.34753857687320866,0.5992635746216639
44.09929118070656,-0.005535134199580724,-0.132853209976314,0.12178294157715257,0.03985962715513007,-0.07697020608852966,0.15668946039878978,0.47268167314633636,0.34750481766235486,0.5978585286303179
44.20095450566208,-0.002550854633834143,-0.12963570349388773,0.12453399422621944,0.038853176116817406,-0.07769550069308848,0.1554018529267233,0.4706070976079018,0.34622249546906136,0.5949916997467423
44.302617830617606,0.0005504892790459681,-0.1262784566001519,0.12737943515824385,0.03695441435021714,-0.07957949451892325,0.15348832321935751,0.46937755647600427,0.3463168512809669,0.5924382616710416
44.3986331930756,0.002631336116381111,-0.12386519381450803,0.12912786604727025,0.03547529707846732,-0.08064543816320709,0.15159603232014174,0.4664320310921087,0.345179332965751,0.5876847292184664
44.50029651803112,0.004905456208936482,-0.12156720996049614,0.1313781223783691,0.03337536155566907,-0.0823438613043631,0.14909458441570123,0.4647408010445227,0.3447115260703478,0.5847700760186976
44.601959842986645,0.006200407800635785,-0.12064012607046122,0.1330409416717328,0.03105902692244633,-0.08405097320469491,0.14616902704958756,0.46385749904004153,0.34408439368413435,0.5836306043959487
44.697975205444635,0.007680448908069917,-0.11999396160825708,0.1353548594243969,0.028004515484562828,-0.08697777862817083,0.14298680959729648,0.4665823039112383,0.345811125879106,0.5873534819433706
44.79963853040016,0.009293731727064505,-0.11932296378280134,0.13791042723693037,0.025415241531885985,-0.08952225580411464,0.14035273886788663,0.47011881360939484,0.3476549182738351,0.5925827089449546
44.90130185535568,0.010256051102363758,-0.11927716771460996,0.1397892699193375,0.023622946212361925,-0.09114440890267277,0.1383903013273966,0.4731658119115915,0.348577822910675,0.5977538009125081
44.99731721781367,0.010670253732061416,-0.11950924739664696,0.14084975486076978,0.022768727760035842,-0.09186857910120291,0.1374060346212746,0.4753121841769117,0.3490083375465578,0.6016160308072656
45.0989805427692,0.010978511727957871,-0.11988243325998392,0.14183945671589965,0.022958065627681948,-0.09188428948742783,0.13780042074279172,0.47887618812877325,0.35134292326664684,0.6064094529908997
45.20064386772472,0.011829476433149563,-0.11978680636425314,0.14344575923055225,0.02334993614725027,-0.09173770131455364,0.13843757360905418,0.4829312514731112,0.35418637953395793,0.6116761234122645
45.30230719268024,0.012709272520829151,-0.11957392923476545,0.14499247427642376,0.023961846296371034,-0.09133638066240196,0.13926007325514403,0.48652380000139905,0.35623214812114173,0.6168154518816564
45.398322555138236,0.012759293586997816,-0.11994380778600469,0.14546239496000032,0.023693305571060863,-0.09179314052672154,0.13917975166884328,0.4889529405161096,0.3580410169690884,0.6198648640631308
45.49998588009376,0.01346691336832645,-0.11952596942294824,0.14645979615960114,0.023769706241122013,-0.09197203673417288,0.1395114492164169,0.49112108766350004,0.3600123392548923,0.6222298360721078
45.60164920504928,0.013506690172419483,-0.11961427299338132,0.14662765333822028,0.024316661743921553,-0.0914589716001613,0.14009229508800441,0.491809959144869,0.3610203472478331,0.622599571041905
45.697664567507275,0.014238313783792839,-0.11890856902081504,0.1473851965884007,0.02356772346551103,-0.09213366669440294,0.139269113625425,0.4916321530809099,0.36147007651361707,0.6217942296482027
45.7993278924628,0.014809899761552031,-0.118511297377803,0.14813109690090706,0.0231733592638243,-0.092362146565701,0.13870886509334962,0.4917579627443389,0.3620751849933028,0.621440740495375
45.900991217418316,0.014285033066615549,-0.1191226894940344,0.1476927556272655,0.022021841582147247,-0.0936757901926095,0.137719473356904,0.4926461753478345,0.36312020935065653,0.6221721413450125
46.00265454237384,0.01429537498244944,-0.11915904930948028,0.14774979927437915,0.021585259205943008,-0.09464128444678632,0.13781180285867234,0.4947592724751402,0.3648201980836593,0.6246983468666211
46.09866990483183,0.013853974500963429,-0.11956961988600884,0.1472775688879357,0.021949070753534167,-0.09500171588198814,0.13889985738905647,0.497297114898248,0.36696029392053914,0.6276339358759568
46.200333229787354,0.013814634629295691,-0.1193703684862372,0.14699963774482858,0.023267141053319923,-0.094238545210004,0.14077282731664384,0.49840457139844485,0.36813933980524766,0.628669802991642
46.30199655474288,0.013088787463484478,-0.11969902759895969,0.14587660252592866,0.023162448637985153,-0.09473742236020213,0.14106231963617244,0.4981774913903763,0.3683808178292053,0.6279741649515473
46.39801191720087,0.01242546849206086,-0.12010274074179256,0.14495367772591428,0.02159473446228198,-0.0965270132151106,0.13971648213967458,0.4978299379618927,0.3680713811913362,0.6275884947324492
46.49967524215639,0.011667025691500688,-0.12045844838149508,0.14379249976449646,0.019937334047133784,-0.09839307399948517,0.13826774209375275,0.4968396892075001,0.36741891482942457,0.6262604635855756
46.60133856711192,0.010982883259474455,-0.12089463598971457,0.1428604025086635,0.018502835577368967,-0.0999255792460742,0.13693125040081214,0.4961023999252874,0.3663671800082762,0.6258376198422986
46.69735392956991,0.012286003876312457,-0.11933414337194087,0.14390615112456578,0.016945131017560497,-0.10183915448463889,0.1357294165197599,0.4963393909789514,0.36567186770639637,0.6270069142515065
46.79901725452543,0.013550841642149758,-0.1180381254022477,0.14513980868654722,0.014992237245325557,-0.10407269813980513,0.13405717263045624,0.49723332290018374,0.3653472235310091,0.6291194222693584
46.900680579480955,0.014261591464017676,-0.11741496997911541,0.14593815290715076,0.012409089080795535,-0.10689260019564967,0.13171077835724074,0.4984364324806907,0.3654785640412763,0.6313943009201051
47.00234390443647,0.014073249516314362,-0.11743799112899356,0.14558449016162228,0.010303025030154234,-0.10910631786218912,0.12971236792249757,0.49810225263525043,0.36487980800524455,0.6313246972652563
47.09835926689447,0.014597921957010457,-0.11677710918040307,0.14597295309442399,0.009484311283900426,-0.11005423934814106,0.12902286191594192,0.4980232606780026,0.364464514659362,0.6315820066966432
47.200022591849994,0.014735483340006836,-0.11682804299778339,0.14629900967779708,0.009327272328086722,-0.11030573272565625,0.1289602773818297,0.49916264696207996,0.3651643393213264,0.6331609546028335
47.30168591680551,0.014829838241306764,-0.11677793296280353,0.14643760944541706,0.008585132946425864,-0.11083876634842914,0.12800903224128085,0.4985472185684128,0.3646687577176036,0.632425679419222
47.39770127926351,0.015557010084372214,-0.11607262109776456,0.147186641266509,0.00786897846268339,-0.11115972479376685,0.12689768171913363,0.49716163760726756,0.36353470440201074,0.6307885708125244
47.49936460421903,0.015992031162018888,-0.11611488000007902,0.1480989423241168,0.007780692934262146,-0.11087644972745571,0.12643783559597999,0.49776655668143044,0.3634013750621655,0.6321317383006954
47.60102792917455,0.016489973400323585,-0.11600762866084206,0.14898757546148922,0.00730090832605694,-0.11120610657002429,0.12580792322213818,0.49884470348253845,0.3630221705329243,0.6346672364321526
47.70269125413007,0.018477335644822804,-0.11433378890397287,0.15128846019361847,0.006832005058098459,-0.11178820402958856,0.12545221414578547,0.5006432897856046,0.3636495187793726,0.6376370607918365
47.79870661658807,0.02035168565120822,-0.11285437298554003,0.1535577442879565,0.006763079613055278,-0.1118291407507475,0.12535529997685807,0.5022678221609426,0.36431145727577885,0.6402241870461063
47.90036994154359,0.020831703871429352,-0.11272276389410088,0.15438617163695958,0.006901023445079618,-0.11187478115249617,0.1256768280426554,0.5044432199469975,0.36535510816978567,0.6435313317242093
48.00203326649911,0.02174137450692444,-0.11226965243115407,0.15575240144500296,0.007186965892221245,-0.11191300565536784,0.12628693743981034,0.5076297079006507,0.3675664998417414,0.6476929159595599
48.0980486289571,0.021496027739870582,-0.11290741427529424,0.1558994697550354,0.0077806592421555965,-0.11139148972376835,0.12695280820807953,0.5095610044335003,0.36900484556905366,0.6501171632979469
48.199711953912626,0.021172266655497957,-0.11363384875366925,0.15597838206466516,0.00828565746683678,-0.11089591092156159,0.12746722585523515,0.5113009158478833,0.3706192540847658,0.6519825776110008
48.30137527886815,0.020334703935388804,-0.11491700578759673,0.15558641365837433,0.007790191688676951,-0.11172625319104117,0.12730663656839508,0.5144176887137009,0.3731854459203974,0.6556499315070043
48.39739064132614,0.01905429054457626,-0.116520747483263,0.15462932857241551,0.007366225521278372,-0.11259230248267436,0.1273247535252311,0.5174124729924295,0.3755845723379365,0.6592403736469226
48.499053966281664,0.018614647129437153,-0.11764960933593012,0.15487890359480444,0.007076069307117128,-0.11327709250887309,0.12742923112310733,0.5218436266623555,0.37872175952391385,0.6649654938007972
48.60071729123719,0.018055784648710896,-0.11899442797584574,0.15510599727326752,0.007095301303083612,-0.11358762249103271,0.12777822509719994,0.5264662961574779,0.3816029083785578,0.6713296839363979
48.70238061619271,0.017629369427414623,-0.11985523533797406,0.15511397419280332,0.007921175437143643,-0.11298679382769565,0.12882914470198292,0.5292026138498923,0.3827911666234374,0.6756140610763472
48.7983959786507,0.01679852605516316,-0.12081763079501631,0.15441468290534263,0.008055836361693255,-0.11288775348864823,0.12899942621203475,0.529883011965066,0.3820649806281162,0.6777010433020159
48.90005930360623,0.015548609625583798,-0.1222331656284536,0.1533303848796212,0.008349842731392873,-0.11241971351455457,0.12911939897734032,0.5299033267910385,0.3800974485207974,0.6797092050612795
49.001722628561744,0.015421747038630404,-0.12240329796031539,0.15324679203757618,0.008641947690344265,-0.11191118559122357,0.1291950809719121,0.5292685447483244,0.37794444052451803,0.6805926489721308
49.09773799101974,0.01560795759245176,-0.12223695744754814,0.15345287263245166,0.00758653585286434,-0.11288902814491998,0.12806209985064865,0.5290486522613803,0.3761590323708123,0.6819382721519484
49.199401315975265,0.014660558198436216,-0.12300621107049108,0.1523273274673635,0.006358070849658684,-0.11421943074262145,0.12693557244193882,0.5286161893227036,0.3750526395963665,0.6821797390490407
49.30106464093078,0.012369068464697416,-0.12535086168623055,0.15008899861562536,0.0062267082473071445,-0.11437208073940447,0.12682549723401876,0.528864553083584,0.3749695629701112,0.6827595431970569
49.40272796588631,0.010358310182555189,-0.12737833802329623,0.14809495838840664,0.006347924544729627,-0.1143492690987598,0.12704511818821906,0.5292676284625651,0.37572826347629934,0.682806993448831
49.498743328344304,0.009402365281618197,-0.1285732805762865,0.1473780111395229,0.006807514131597275,-0.11376572100507691,0.12738074926827148,0.5298225225287102,0.37651339316946086,0.6831316518879595
49.60040665329982,0.008999234988204721,-0.12936992807895492,0.14736839805536434,0.008305805041099429,-0.11230011047232437,0.1289117205545232,0.5316776956325958,0.3781429031028113,0.6852124881623803
49.702069978255345,0.009941084547206824,-0.12863956568980917,0.14852173478422281,0.009762165935637057,-0.11102672914254186,0.13055106101381597,0.533342717679864,0.37956035183528636,0.6871250835244416
49.79808534071334,0.009189208186443684,-0.1298785984239289,0.14825701479681624,0.011176825884348651,-0.10959590066774164,0.13194955243643894,0.5354301951736842,0.38096122834111235,0.689899162006256
49.89974866566886,0.008734556734159765,-0.130820084217381,0.14828919768570054,0.012747237920073373,-0.10815716497541536,0.1336516408155621,0.5381015908184625,0.3830218362824168,0.6931813453545083
50.00141199062438,0.00840349203783343,-0.13169107501421212,0.14849805908987895,0.013662943449187656,-0.10730109843746481,0.1346269853358401,0.5407297111739864,0.3844085164267247,0.6970509059212481
50.097427353082374,0.007239240987626433,-0.1333771854684053,0.14785566744365816,0.013542112796506509,-0.10757899207935909,0.1346632176723721,0.5436191405039505,0.38604202186221964,0.7011962591456815
50.1990906780379,0.006498416975725979,-0.13444797701506275,0.1474448109665147,0.014818228854821827,-0.10647529511851014,0.1361117528281538,0.5457702596080202,0.387781568355781,0.7037589508602593
50.30075400299342,0.006323833678376342,-0.13500581055029154,0.1476534779070442,0.015731750358002852,-0.10581185004828263,0.13727535076428832,0.5484606849948878,0.3891670783549198,0.7077542916348557
50.402417327948946,0.00604160615391483,-0.13549953221208186,0.14758274451991152,0.017265382034810026,-0.104629770455435,0.13916053452505506,0.5508017646117388,0.3906391084820052,0.7109644207414724
50.498432690406936,0.004535890663969602,-0.13752277597152696,0.14659455729946613,0.018718521647362804,-0.10336189472271437,0.14079893801743998,0.5538666909683493,0.39278599039353423,0.7149473915431643
50.60009601536246,0.002358364929650386,-0.14008498231866104,0.1448017121779618,0.019075721063171402,-0.10339532305245998,0.14154676517880277,0.5570988356879593,0.395394414014411,0.7188032573615075
50.701759340317984,0.000428984538654531,-0.14250551276268594,0.143363481839995,0.01987076916852616,-0.10292658464490013,0.14266812298195247,0.5605982841029977,0.3983440213054601,0.7228525469005354
50.797774702775975,-5.019056879909667e-05,-0.14302791386000585,0.14292753272240766,0.020082985143948892,-0.10278674748776641,0.1429527177756642,0.5610820740833149,0.39877985273851885,0.7233842954281109
50.8994380277315,-0.001241388139338745,-0.14402994903937,0.1415471727606925,0.019202554098218264,-0.10365484479135308,0.14205995298778962,0.5601484107330498,0.39801418209011585,0.7222826393759837
51.00110135268702,-0.0021236778761655473,-0.14472235607063128,0.14047500031830018,0.01796422564242399,-0.10492362550605222,0.1408520767909002,0.5593685037501871,0.3972311432594814,0.7215058642408928
51.10276467764254,-0.0033394461079904875,-0.14602055462287789,0.13934166240689694,0.01736910986893954,-0.105477647274852,0.1402158670127311,0.5595657947299962,0.39716995698971136,0.7219616324702811
51.19878004010054,-0.005177263845843896,-0.14802955478186586,0.1376750270901781,0.01782736737662692,-0.1054137201643892,0.14106845491764303,0.5618996063821882,0.39930687134180753,0.7244923414225688
51.300443365056054,-0.008530309243368367,-0.1515761436922095,0.13451552520547277,0.018770049569403494,-0.10487106626262517,0.14241116540143217,0.5644110748046447,0.4014865461148981,0.7273356034943913
51.40210669001158,-0.011559172211826549,-0.1546871767163409,0.1315688322926878,0.019679599174873233,-0.10424499475937485,0.14360419310912131,0.5659850332952937,0.40289641823177513,0.7290736483588123
51.498122052469576,-0.012487296395012948,-0.15555181826959444,0.13057722547956854,0.019281473894020712,-0.10522601130868313,0.14378895909672457,0.5679897440865578,0.4043702783215308,0.7316092098515847
51.59978537742509,-0.012895588149478845,-0.1559151620024848,0.13012398570352707,0.019684928833179086,-0.10530618374562328,0.14467604141198145,0.5697165857091215,0.4058211639844519,0.7336120074337912
51.70144870238062,-0.013334274163473353,-0.15591428187773115,0.12924573355078445,0.019491368110512983,-0.10571760165758683,0.1447003378786128,0.5685998962592836,0.40617001419165,0.7310297783269173
51.797464064838614,-0.013808771273350423,-0.15590685336628135,0.1282893108195805,0.01876277803608911,-0.106598487458503,0.14412404353068123,0.5670225443646456,0.4062581963455467,0.7277868923837445
51.89912738979413,-0.014826857775653804,-0.15641051241065052,0.12675679685934288,0.018217974147396676,-0.10726193475410953,0.14369788304890288,0.5651987854054241,0.4066781256708828,0.7237194451399654
52.000790714749655,-0.016538469455014262,-0.1576498386909349,0.12457289978090637,0.0190886093704392,-0.10642765482283496,0.14460487356371338,0.563322589821704,0.4076088215223116,0.7190363581210965
52.10245403970518,-0.019496918987322323,-0.16032296786404143,0.12132912988939677,0.020379580921257592,-0.10512961876812428,0.14588878061063948,0.5621830997737405,0.40889094626142675,0.7154752532860542
52.19846940216317,-0.02167083626999372,-0.16256527590299685,0.11922360336300941,0.02191941839091474,-0.10345953826163262,0.1472983750434621,0.5621261803523278,0.4099854533263185,0.714266907378337
52.300132727118694,-0.02192947016092016,-0.16299470649929992,0.11913576617745959,0.024355227505259036,-0.10097218567422697,0.14968264068474504,0.5628060543824542,0.411199084509952,0.7144130242549565
52.40179605207422,-0.022957939172870714,-0.16393587926892156,0.11802000092318012,0.026520099764067037,-0.09894244211817292,0.15198264164630698,0.5631085656870382,0.41213828402469893,0.7140788473493773
52.49781141453221,-0.02447630449861253,-0.16518452473281875,0.1162319157355937,0.028979582633278905,-0.0964752997794909,0.1544344650460487,0.5620881528112368,0.412352918955503,0.7118233866669705
52.59947473948773,-0.025763019285474947,-0.16644259919567722,0.11491656062472733,0.03096628941297941,-0.0944654035857787,0.15639798241173752,0.5620529662469028,0.41274828393048413,0.7113576485633215
52.701138064443256,-0.027350151817279456,-0.16816676296491492,0.11346645933035601,0.03199873594851611,-0.09362742088932054,0.15762489278635278,0.5635810372181911,0.41367092271367933,0.7134911517227028
52.80280138939877,-0.02988316200861864,-0.1707432560739997,0.11097693205676244,0.03309393367886411,-0.09282793209920727,0.1590157994569355,0.5651640379394282,0.41518759252960086,0.7151404833492554
52.89881675185677,-0.03111014021257205,-0.17178043405570986,0.10956015363056576,0.033790943620918196,-0.09220715631925988,0.15978904356109627,0.5647454825032435,0.41501677759637107,0.7144741874101159
53.000480076812295,-0.03212572300594639,-0.17260555829658208,0.10835411228468929,0.03250918722078325,-0.09374860964734746,0.15876698408891396,0.5649134476898012,0.4157339293678083,0.7140929660117942
53.10214340176781,-0.03419441079420142,-0.17493788749012318,0.10654906590172035,0.031194820869364703,-0.09552092212965616,0.15791056386838556,0.5679642330145374,0.41833512363396014,0.7175933423951146
53.19815876422581,-0.035666241010297584,-0.1765114639649743,0.10517898194437914,0.029803727037981634,-0.09717651458053032,0.15678396865649358,0.569492814228738,0.41958243748827345,0.7194031909692025
53.299822089181326,-0.03684123678965236,-0.17772147435775343,0.1040390007784487,0.02796368019772401,-0.09919483916571041,0.1551221995611584,0.5703421150101962,0.4205173300399156,0.7201668999804767
53.40148541413685,-0.03818884457654605,-0.1790133663910683,0.10263567723797622,0.026863404508941452,-0.10026586229820539,0.1539926713160883,0.5700179359490533,0.42046663836693954,0.719569233531167
53.49750077659485,-0.038829978763178674,-0.17971990511939195,0.1020599475930346,0.025910238610129255,-0.10143711812981376,0.15325759535007227,0.5711832538935321,0.42163390970875636,0.7207325980783078
53.599164101550365,-0.038533763302264684,-0.17962419955117861,0.10255667294664925,0.024401297603682023,-0.10350633043737183,0.15230892564473586,0.5742325848359003,0.42450900973073374,0.7239561599410669
53.70082742650589,-0.03863873948039112,-0.17976649843927062,0.10248901947848837,0.022534950369840948,-0.10593758367598331,0.1510074844156652,0.5766041329876661,0.4271044664751068,0.7261037995002254
53.80249075146141,-0.03944758382040134,-0.18063173696458165,0.10173656932377897,0.021074874542045707,-0.10784897047126404,0.14999871955535546,0.5786874388994973,0.42928106958912615,0.7280938082098684
53.8985061139194,-0.041674453696987065,-0.18307610612769143,0.09972719873371731,0.019530391525447263,-0.10967695767943149,0.14873774073032603,0.5809295313799394,0.43151113079510506,0.7303479319647738
54.00016943887493,-0.04345741430512873,-0.18498682911391295,0.0980720005036555,0.018068862798156893,-0.11120297550725466,0.14734070110356845,0.5818596162484772,0.4328314103076437,0.7308878221893106
54.10183276383045,-0.04459775093995255,-0.18608147406031486,0.09688597218040976,0.017106362473653325,-0.1122768279995629,0.14648955294686955,0.5821765475159825,0.43351932219484823,0.7308337728371167
54.19784812628844,-0.04474136998738924,-0.18627668648605095,0.09679394651127247,0.016602830188706563,-0.11282159945235043,0.14602725982976356,0.5825711460468727,0.43357506097542686,0.7315672311183185
54.299511451243966,-0.04516220627956391,-0.1863830972239134,0.09605868466478559,0.0175820376360621,-0.11193109800831845,0.14709517328044264,0.5816022300625696,0.4335235908786543,0.7296808692464849
54.40117477619949,-0.04582434293366949,-0.18658100797109967,0.09493232210376068,0.017512560643004854,-0.11199473554771489,0.1470198568337246,0.5795710544492463,0.43253048541859873,0.7266116234798938
54.49719013865748,-0.04613502269069364,-0.18670790780944913,0.09443786242806185,0.017961370644390684,-0.11143586368588373,0.1473586049746651,0.5783503244890252,0.431577957981662,0.7251226909963885
54.598853463613004,-0.04607869731914181,-0.18658234545669283,0.0944249508184092,0.018441385726940263,-0.11069215043498448,0.147574921888865,0.576980060112128,0.4304609273194633,0.7234991929047927
54.70051678856853,-0.0466334707985164,-0.1870969470511499,0.0938300054541171,0.01854693544729301,-0.11036330870232296,0.14745717959690896,0.5759483242863715,0.42987787111530845,0.7220187774574347
54.802180113524045,-0.04680722325749141,-0.18696880136184468,0.09335435484686187,0.018690365982316312,-0.1102535686232879,0.14763430058792054,0.5747703919840016,0.4295937089498494,0.7199470750181538
54.89819547598204,-0.04603689968982837,-0.18623320368447494,0.09415940430481819,0.019068011373103183,-0.11035821721317426,0.14849423995938063,0.5768325972616423,0.4312768086323392,0.7223883858909453
54.99985880093757,-0.04424755093877533,-0.1841578952135586,0.09566279333600794,0.019284251314197448,-0.11066120181849068,0.14922970444688557,0.5775402918743562,0.4313013488270643,0.7237792349216481
55.101522125893084,-0.042110033860437907,-0.18157834125992878,0.09735827353905296,0.019821298527299663,-0.11040783844090823,0.15005043549550756,0.5765928109291438,0.43045169652458615,0.7227339253337015
55.19753748835108,-0.03945797362860695,-0.17845898623095452,0.09954303897374062,0.02033637575362761,-0.11004342277775277,0.150716174285008,0.5749636937964598,0.42934474771714337,0.7205826398757763
55.2992008133066,-0.03593774652894208,-0.1745783049452884,0.10270281188740424,0.020042563743612865,-0.11046550329113665,0.1505506307783624,0.5736355161310371,0.4278477569364275,0.7194232753256468
55.40086413826212,-0.03296927940825964,-0.17151506089606341,0.10557650207954414,0.018462689427954815,-0.11175526519535761,0.14868064405126724,0.5717623736102377,0.42468916007586577,0.7188355871446097
55.502527463217646,-0.0309260580216605,-0.16976158090208698,0.10790946485876597,0.017646830451969867,-0.11236158120982724,0.14765524211376696,0.572010021039068,0.4232127991679768,0.7208072429101591
55.598542825675636,-0.03002797272943808,-0.1693770470433846,0.10932110158450845,0.016795496230197493,-0.11320571271421068,0.14679670517460566,0.5741502285766508,0.4235858097628047,0.7247146473904968
55.70020615063116,-0.02883335386249207,-0.16871186311316205,0.11104515538817793,0.01609111341336593,-0.11404977861656422,0.14623200544329606,0.5769622485763704,0.42406490721887224,0.7298595899338685
55.801869475586685,-0.02704401728353334,-0.16734681626659695,0.11325878169953027,0.014781438134552127,-0.11554975898080219,0.14511263524990645,0.5794792838769485,0.4241164194693851,0.7348421482845118
55.897884838044675,-0.02507493485324347,-0.16575204580500416,0.11560217609851722,0.013583969691999431,-0.11700433445885164,0.1441722738428505,0.5820602680443729,0.4245369784604569,0.739583557628289
55.9995481630002,-0.02337414224359391,-0.16435214786127017,0.11760386337408235,0.011143565559958893,-0.1196610553181325,0.1419481864380503,0.5841465704132218,0.42503189043978773,0.7432612503866559
56.10121148795572,-0.02306885202903379,-0.1646409172699635,0.1185032132118959,0.009442434192189916,-0.12139672511523654,0.14028159349961639,0.5868879928998457,0.42690360491445833,0.7468723808852331
56.19722685041371,-0.023784233396948337,-0.16568726247830495,0.11811879568440829,0.009605382746624022,-0.1211720323786737,0.14038279787192176,0.5881498975952977,0.4277265182839729,0.7485732769066225
56.29889017536924,-0.02490435250556322,-0.16704078799997638,0.11723208298884993,0.009616255203207802,-0.12110610935981117,0.14033861976622677,0.589023441325773,0.42833426381301826,0.7497126188385277
56.40055350032476,-0.025550893408159123,-0.1678926444988188,0.11679085768250057,0.010980639058470437,-0.11949819695239636,0.14145947506933723,0.5890020949093039,0.4278399379086635,0.7501642519099443
56.50221682528028,-0.02631545302862244,-0.16898375369702662,0.11635284763978172,0.012636580389407043,-0.11758402537644302,0.1428571861552571,0.5894870859340886,0.42801036088223876,0.7509638109859385
56.598232187738276,-0.02722022472875206,-0.17020273431305927,0.11576228485555516,0.012573904459848434,-0.11737020223640299,0.14251801115609986,0.5898150547134532,0.42829985597407694,0.7513302534528294
56.6998955126938,-0.028712073630759394,-0.1717270464238014,0.11430289916228262,0.012657061966876257,-0.11720483431117056,0.14251895824492306,0.5897101081853614,0.42776096066328395,0.7516592557074389
56.80155883764932,-0.030169048734305565,-0.17349400567777484,0.11315590820916371,0.01226946214505574,-0.11742626849478276,0.14196519278489422,0.5905061218020513,0.4280590195949905,0.7529532240091121
56.897574200107314,-0.03053455994967702,-0.17408045953704737,0.11301133963769333,0.010163432401145145,-0.11935937724373985,0.13968624204603014,0.5907738343671873,0.42745202214195094,0.7540956465924238
56.99923752506284,-0.03010935009134859,-0.17377427806855544,0.11355557788585825,0.007689951824988828,-0.12197517670384231,0.13735508035381996,0.5918251567976354,0.4275758117289026,0.7560745018663682
57.100900850018355,-0.0285144642221086,-0.1722363904930294,0.11520746204881221,0.005126346963677031,-0.12453799195109957,0.13479068587845364,0.59195399457793,0.42681906685956367,0.7570889222962962
57.20256417497388,-0.025951089714905964,-0.16981889543849815,0.11791671600868621,0.0023140906919618814,-0.1272656425283495,0.13189382391227328,0.5921092919993961,0.42639388813141277,0.7578246958673794
57.29857953743187,-0.023491780457928907,-0.16755061279932632,0.1205670518834685,0.0012536124246764618,-0.12845632924939115,0.13096355409874405,0.5933842589815951,0.4274937272842817,0.7592747906789085
57.400242862387394,-0.02250987613396993,-0.16693849117640405,0.12191873890846419,0.0004609485100517813,-0.12924844935947832,0.1301703463795819,0.5950184700008118,0.428013431352693,0.7620235086489305
57.50190618734292,-0.02149013802649606,-0.1661920189384274,0.12321174288543525,0.0008786149578281083,-0.1288417705192983,0.13059900043495448,0.5962655983388936,0.4280907108779668,0.7644404857998204
57.59792154980091,-0.020151366446274924,-0.16537462313895396,0.12507189024640408,0.0017878941560298817,-0.12806819353947718,0.13164398185153697,0.5991527165011377,0.42929390199977435,0.769011531002501
57.69958487475643,-0.018791489473225856,-0.1645633965211168,0.1269804175746651,0.003900525056896323,-0.1260242670887619,0.13382531720255458,0.60191208917394,0.43042326715747015,0.7734009111904099
57.80124819971196,-0.017916987281950264,-0.16416151080980562,0.1283275362459051,0.006978709677309347,-0.12320529032259786,0.13716270967721655,0.6051544376361524,0.4325842683924598,0.777724606879845
57.89726356216995,-0.018200834764407356,-0.16465734077986488,0.12825567125105014,0.01008870215621481,-0.12034428679468666,0.14052169110711626,0.6072203682890825,0.43460091837723347,0.7798398182009316
57.99892688712547,-0.018485344116963592,-0.16504074830298063,0.12807006006905344,0.012717110077969024,-0.11786099925370622,0.14329521940964426,0.6083454862498728,0.43572986185576656,0.7809611106439791
58.100590212080995,-0.018116822106114885,-0.1647413794069575,0.1285077351947277,0.016587226592612414,-0.11418811949578209,0.14736257268100691,0.6095784976192788,0.4365412307022606,0.7826157645362971
58.20225353703651,-0.01674534523692431,-0.16386292751359435,0.13037223703974574,0.019880612252604166,-0.1109149907820912,0.15067621528729952,0.6120191193649868,0.4375445602284581,0.7864936785015154
58.29826889949451,-0.0146508202033436,-0.16246190418881698,0.13316026378212978,0.021250571840013652,-0.10951240003859881,0.15201354371862613,0.6151018140229382,0.4388503120091145,0.7913533160367618
58.39993222445003,-0.012601280529322342,-0.16072657682580288,0.13552401576715817,0.022742211975811458,-0.10863686023355983,0.15412128418518273,0.6191265002877501,0.44152138194353474,0.7967316186319654
58.50159554940555,-0.011570671344364666,-0.15989197004305172,0.13675062735432236,0.025281278200563542,-0.10714504679205016,0.15770760319317723,0.6244986826489153,0.4453138949886849,0.8036834703091457
58.59761091186355,-0.010239536946910488,-0.1586319512278811,0.13815287733406012,0.027521529482341198,-0.10539310285435448,0.16043616181903686,0.6269649200250137,0.4469023102615456,0.8070275297884818
58.69927423681907,-0.008673436683186375,-0.15698608462554092,0.13963921125916817,0.02971214112706007,-0.10351384060456216,0.1629381228586823,0.6279945576217396,0.44739917397788076,0.8085899412655985
58.80093756177459,-0.009219026809174538,-0.15756759532687276,0.1391295417085237,0.031044608557042996,-0.10232529505760632,0.1644145121716923,0.6288587061739447,0.4482409348223858,0.8094764775255036
58.90260088673011,-0.009572360859726181,-0.15804242533258506,0.1388977036131327,0.031613805629798805,-0.10167622823871582,0.16490383949831344,0.6291339333402691,0.4488253118766721,0.8094425548038662
58.99861624918811,-0.009891730131692977,-0.15858212964604623,0.13879866938266028,0.031855241981009086,-0.10116330945514024,0.1648737934171584,0.6290478287310892,0.44868576983562414,0.8094098876265543
59.10027957414363,-0.008891716779112074,-0.15772653055071315,0.139943096992489,0.03161001252391468,-0.10107977544070615,0.1642998004885355,0.628313203948944,0.4477587487807858,0.8088676591171021
59.20194289909915,-0.008223218646639288,-0.15738718979323196,0.14094075249995341,0.03161298617372571,-0.1010372911638005,0.16426326351125192,0.629684017920398,0.44888785091341693,0.810480184927379
59.29795826155714,-0.009311014718835553,-0.15847333901784447,0.13985130958017336,0.0315551678316314,-0.10087157940683456,0.16398191507009735,0.6287569080047622,0.44892574455383966,0.8085880714556848
59.399621586512666,-0.009777083479226747,-0.15880740940032684,0.13925324244187332,0.03087835113195876,-0.10104770020287619,0.16280440246679373,0.6260144439197863,0.4479060487628778,0.8041228390766948
59.50128491146819,-0.010294744496934127,-0.15920692039301054,0.1386174313991423,0.031382324253903235,-0.09994972835430492,0.16271437686211138,0.6230338625921433,0.4465440388583315,0.7995236863259552
59.59730027392618,-0.01184726158811368,-0.16109700152606854,0.13740247834984115,0.0334384568631063,-0.09754992107223186,0.16442683479844444,0.6233671029123341,0.44640943143327183,0.8003247743913964
59.698963598881704,-0.01306885951168435,-0.1625877742345544,0.1364500552111857,0.03575487322167864,-0.09531238428925914,0.16682213073261642,0.6251526626841386,0.4480860713103354,0.8022192540579418
59.80062692383723,-0.014103764164905372,-0.16380782775701908,0.1356002994272083,0.03727364632473093,-0.09379788178910159,0.16834517443856345,0.6261833711068203,0.4492012359630121,0.8031655062506285
59.90229024879275,-0.015334006768784617,-0.16539952255897855,0.13473150902140935,0.039128990705697794,-0.0915009812376364,0.169758962649032,0.6262476956645384,0.448697123223874,0.8037982681052028
59.99830561125074,-0.01624044438696741,-0.16648834568463172,0.13400745691069688,0.04198205451057886,-0.08789719515538817,0.17186130417654588,0.6242864895326492,0.44652806204823536,0.802044917017063
60.09996893620627,-0.017635249576958292,-0.16781782263280404,0.13254732347888742,0.04283959082144599,-0.08649839452448514,0.1721775761673771,0.6218833686596995,0.444486016365228,0.799280720954171
60.20163226116179,-0.01926628816097639,-0.16934880732920685,0.13081623100725406,0.04280883577074254,-0.08628559069073297,0.17190326223221805,0.6204739563665065,0.44352283508138574,0.7974250776516272
60.29764762361978,-0.020994041051339257,-0.17119469216624586,0.12920661006356735,0.04315852381247022,-0.08605329514411443,0.17237034276905489,0.6216115907869747,0.445123930981754,0.7980992505921953
60.399310948575305,-0.02308937332123208,-0.1736202465411274,0.1274414998986632,0.0435651655048086,-0.0856680545459651,0.1727983855555823,0.6233931866518335,0.4471579277813649,0.7996284455223022
60.50097427353082,-0.0237910357954981,-0.17483899471654754,0.12725692312555134,0.04390490236328344,-0.08565192070723283,0.17346172543379973,0.6272371456902646,0.45057818909193903,0.8038961022885901
60.602637598486346,-0.024689427415292065,-0.17579318053738183,0.1264143257067977,0.044075795828289924,-0.08585213389140679,0.17400372554798665,0.6290808851897748,0.4519433444969725,0.8062184258825771
60.698652960944344,-0.026064258136910615,-0.17717986869515168,0.12505135242133048,0.043960712475454355,-0.08628628060539065,0.17420770555629936,0.6305066818640527,0.4528567627575714,0.8081566009705339
60.80031628589986,-0.02770416058017311,-0.17887306321688143,0.12346474205653521,0.042824904698562496,-0.08759051177661993,0.17324032117374494,0.6314430290061238,0.4531983041500456,0.809687753862202
60.901979610855385,-0.029567902196247428,-0.18074744795718373,0.12161164356468886,0.04117279658081849,-0.08950159238043867,0.17184718554207565,0.6325284695568097,0.453494667600129,0.8115622715134905
60.99799497331338,-0.03092092030834699,-0.18181311635029285,0.11997127573359888,0.040143394383603676,-0.09082785099066404,0.1711146397578714,0.6323825835966833,0.45340275204899927,0.8113624151443674
61.0996582982689,-0.03086063428320486,-0.1813447789712901,0.11962351040488035,0.040101137184029786,-0.09105515205123689,0.17125742641929648,0.631200586324347,0.45247659662946355,0.8099245760192304
61.20132162322442,-0.030239286025192172,-0.18053933904257186,0.1200607669921875,0.0393073205200333,-0.09201565867162065,0.17063029971168725,0.6309162796542116,0.45227339359705215,0.809559165711371
61.29733698568241,-0.029701424402987342,-0.1798955494210274,0.12049270061505271,0.03875470038260123,-0.09268575175031066,0.17019515251551312,0.630825706322083,0.45255853099415433,0.8090928816500117
61.39900031063794,-0.029683378396180876,-0.17975437899159746,0.12038762219923571,0.037229312054782054,-0.09481445740589789,0.169273081515462,0.6326333373812679,0.4545980030488397,0.8106686717136962
61.50066363559346,-0.03005256621825833,-0.1799824011170949,0.11987726868057824,0.03732251574296887,-0.09535534046727533,0.17000037195321305,0.6346423537657735,0.4567231771428679,0.8125615303886791
61.602326960548986,-0.029832255849197867,-0.17923799156766007,0.11957347986926435,0.03823193651750954,-0.09497764104502733,0.17144151408004643,0.6344532854489283,0.4578297081018349,0.8110768627960218
61.698342323006976,-0.028869070132887836,-0.17779797848605125,0.12005983822027558,0.038755904890730136,-0.09516563141687703,0.1726774411983373,0.6351932710153022,0.45943876796075067,0.8109477740698537
61.8000056479625,-0.027683966457148282,-0.17628493368585424,0.12091700077155769,0.039395492234306134,-0.09533567935793066,0.17412666382654293,0.6370684033867692,0.46145625551175423,0.8126805512617841
61.901668972918024,-0.026380135176559363,-0.17457252344828916,0.12181225309517045,0.04077781104467397,-0.09445394879636419,0.17600957088571212,0.6373276599615981,0.4626959146382036,0.8119594052849927
61.997684335376015,-0.025385799534972497,-0.17300973054292226,0.12223813147297727,0.0425320007623852,-0.09318874824203124,0.17825274976680164,0.6368596541227091,0.4634932881395907,0.8102260201058274
62.09934766033154,-0.02508108502000865,-0.1722826577489769,0.12212048770895957,0.045159492154715805,-0.09093779466103201,0.1812567789704636,0.6367248920187896,0.46412179436249146,0.8093279896750877
62.20101098528706,-0.023557873668691623,-0.1701343113358159,0.12301856399843268,0.0467103452174748,-0.08968903187254676,0.18310972230749636,0.6351946450568396,0.463979875104233,0.8064094150094463
62.30267431024258,-0.022863926153657232,-0.16914965373600843,0.12342180142869397,0.04728088744122576,-0.08954636831308695,0.18410814319553848,0.6357172634409944,0.46519468817233633,0.8062398387096525
62.39868967270058,-0.02259652255136002,-0.1690180748379478,0.12382502973522777,0.04746009170048926,-0.08969582121544803,0.18461600461642655,0.6377698856800124,0.4664824027456175,0.8090573686144072
62.500352997656094,-0.02220951230528384,-0.16875575377808605,0.12433672916751837,0.04768076716517122,-0.08947927267963401,0.18484080700997646,0.6383677025881741,0.46611252217509513,0.8106228830012531
62.60201632261162,-0.020694023290621463,-0.1674381010278097,0.1260500544465668,0.04863007966298796,-0.08914661414262559,0.18640677346860152,0.6419842044952013,0.468178805394055,0.8157896035963477
62.698031685069616,-0.01727604055884166,-0.16398681135789409,0.12943473024021077,0.049657021709871185,-0.0887275870649902,0.18804163048473257,0.6444497051641426,0.46912249844287385,0.8197769118854112
62.79969501002513,-0.013997037847568894,-0.16082964856078277,0.13283557286564499,0.052393054932611635,-0.0862833281932754,0.1910694380584987,0.646465946799611,0.4698787714560072,0.8230531221432148
62.90135833498066,-0.01238656324874754,-0.15980366217682498,0.1350305356793299,0.05583659222829983,-0.08317581312453783,0.1948489975811375,0.6509814897281602,0.472640620263296,0.8293223591930243
62.997373697438654,-0.011854411943407278,-0.15938321812912803,0.13567439424231348,0.0584429217618654,-0.08069549076019152,0.19758133428392233,0.6523391657156564,0.47391578073433327,0.8307625506969796
63.09903702239417,-0.011917051182485316,-0.15953499940756588,0.13570089704259525,0.060685732536490594,-0.07850823202569232,0.1998796970986735,0.6532668385624633,0.47528525688735734,0.8312484202375692
63.200700347349695,-0.011365220612732749,-0.15922131207223728,0.1364908708467718,0.06191932626315161,-0.07733056048362483,0.20116921300992804,0.6547609816224073,0.4771071085090349,0.8324148547357796
63.30236367230522,-0.009714932628706194,-0.15776619243228673,0.13833632717487437,0.06411108959686064,-0.07517658186236521,0.2033987610560865,0.6560795591610545,0.4784253072731562,0.8337338110489529
63.39837903476321,-0.008565277105908722,-0.15666071053589192,0.1395301563240745,0.06577355282398137,-0.07366990700888232,0.20521701265684505,0.657165903190247,0.4792828596752544,0.8350489467052397
63.500042359718734,-0.0068288235043669765,-0.1549999909672124,0.14134234395847844,0.06626817954873376,-0.0734501575847151,0.20598651668218262,0.6587690487852061,0.4799625772258028,0.8375755203446095
63.60170568467426,-0.005258901568876123,-0.153550021162369,0.14303221802461674,0.06618457843048223,-0.07385026497101607,0.20621942183198053,0.6606968989665649,0.48067620304618636,0.8407175948869434
63.69772104713225,-0.002771310983195732,-0.15116751981964266,0.14562489785325117,0.06730945795643468,-0.07295677687928871,0.2075756927921581,0.6623421981771065,0.4812843110291912,0.8434000853250218
63.79938437208777,0.0010563964367529266,-0.14751186382664022,0.14962465670014607,0.06834551399337294,-0.07236033063551431,0.20905135862226018,0.6652308765484798,0.48302192150373724,0.8474398315932223
63.901047697043296,0.0056495015155301476,-0.14307779931991016,0.15437680235097045,0.0700193966582804,-0.07136843955959495,0.21140723287615576,0.6692743202199993,0.48616578349807005,0.8523828569419286
64.00271102199882,0.007636225038607891,-0.1409503589852219,0.15622280906243768,0.07125925856426868,-0.07101062671702216,0.21352914384555952,0.6727630506719914,0.48982284125812714,0.8557032600858556
64.09872638445681,0.008388643618284564,-0.14016058148837435,0.15693786872494347,0.07202129883517755,-0.07119310255198402,0.21523570022233912,0.6769631248703416,0.4936114266377926,0.8603148231028905
64.20038970941233,0.008086646284775276,-0.14053359466830562,0.15670688723785614,0.0734616297090994,-0.07082617567530435,0.21774943509350314,0.6823692498180621,0.4972637761746989,0.8674747234614253
64.30205303436786,0.006474555296072354,-0.14242731983256243,0.15537643042470714,0.07488810469232958,-0.07037847828233028,0.22015468766698942,0.6883504297731888,0.5014527256991985,0.8752481338471791
64.39806839682585,0.004892337306048447,-0.14453291905082172,0.15431759366291864,0.07562953187685202,-0.07055106463033477,0.2218101283840388,0.6951098762301346,0.5060288028156574,0.8841909496446119
64.49973172178137,0.0043249577887933405,-0.1453672718550182,0.15401718743260484,0.07764909286953617,-0.0691079030989987,0.22440608883807103,0.6993378212559145,0.5080157233002875,0.8906599192115414
64.6013950467369,0.0026447243544221594,-0.1473910646778704,0.15268051338671473,0.08034528267496252,-0.06664084897972958,0.22733141432965462,0.7024384816598405,0.5095336983965227,0.8953432649231582
64.69741040919489,-9.548043905083237e-05,-0.15054917821379737,0.1503582173356957,0.08203485014038123,-0.06525668931705031,0.22932638959781276,0.7061048536811613,0.5121381007290521,0.9000716066332705
64.79907373415041,-0.001593509616826777,-0.1521766861837187,0.14898966695006516,0.08302757905363581,-0.06453170473511308,0.2305868628423847,0.7081316118069274,0.5139450169648464,0.9023182066490084
64.90073705910594,-0.0014202292153840668,-0.1521922201113481,0.14935176168057995,0.08449563364299861,-0.06306368336387116,0.2320549506498684,0.7092748442230525,0.5153233176518293,0.9032263707942758
65.00240038406145,-0.001671211812481574,-0.15259641925038409,0.1492539956254209,0.08697555320116084,-0.0606265500777166,0.23457765648003825,0.7106293432862221,0.517685771942328,0.9035729146301161
65.09841574651945,-0.001380744867148051,-0.15277446518550963,0.1500129754512135,0.0907017014972033,-0.05695209532658449,0.2383554983209911,0.7137658389836468,0.5210574385286906,0.906474239438603
65.20007907147497,-0.0016175461636768057,-0.1530983306781762,0.1498632383508226,0.09422083238375839,-0.053094407850792724,0.2415360726183095,0.713257858885878,0.521970421707353,0.904545296064403
65.30174239643048,-0.0031698168980290736,-0.15465626632785595,0.14831663253179783,0.0962285355462364,-0.05099610400201984,0.24345317509449263,0.71325373715093,0.5228143168294107,0.9036931574724493
65.39775775888849,-0.0037572288793945863,-0.15514865449727763,0.14763419673848846,0.09767823716140547,-0.04973677790629072,0.24509325222910167,0.7139697850402723,0.524204198577442,0.9037353715031026
65.499421083844,-0.004025052384369343,-0.1550748814628508,0.14702477669411212,0.09919686780679167,-0.048636103136938405,0.24702983875052176,0.7145877575408981,0.5256987813569424,0.9034767337248538
65.60108440879952,-0.004708002457659663,-0.15551870885313945,0.1461027039378201,0.10011019686402702,-0.04827745417442732,0.24849784790248136,0.7162291497705512,0.5279352699662329,0.9045230295748695
65.70274773375505,-0.004973186439440266,-0.15538937925198965,0.14544300637310914,0.1000975237994572,-0.0485595042863043,0.24875455188521872,0.7156167318275988,0.5284658031417198,0.9027676605134778
65.79876309621304,-0.004433793781891959,-0.15487393498422944,0.14600634742044552,0.09935354898678954,-0.049616918854475764,0.24832401682805483,0.7170486707090455,0.5307503252924415,0.9033470161256496
65.90042642116856,-0.005172829253948366,-0.1555756617971345,0.1452300032892378,0.09877991799389041,-0.050642466350782595,0.2482023023385634,0.7188924375330841,0.5336028991368322,0.9041819759293359
66.00208974612408,-0.007621055465754187,-0.15832665902606635,0.14308454809455795,0.09822061084028007,-0.051759796990002147,0.24820101867056227,0.7228876249382702,0.5377087986345434,0.908066451241997
66.09810510858208,-0.009860803451417322,-0.16104191862937559,0.14132031172654094,0.09945695906492914,-0.05073877830135033,0.24965269643120863,0.7264555783249258,0.5406303746927607,0.912280781957091
66.1997684335376,-0.01184931350599873,-0.16345879161596238,0.1397601646039649,0.09989749346224214,-0.05041840558761096,0.25021339251209523,0.7292024852461231,0.5426879881133175,0.9157169823789286
66.30143175849312,-0.013332502062346957,-0.16512487594783537,0.13845987182314146,0.10088791689372283,-0.049368570917748614,0.2511444047051943,0.7300324102785934,0.5429048575708986,0.9171599629862883
66.39744712095111,-0.01387749739738145,-0.16571932942553042,0.13796433463076752,0.1016637315839711,-0.04849239585363438,0.25181985902157655,0.7299656518158136,0.5424780818423963,0.9174532217892309
66.49911044590664,-0.013645621243508113,-0.16569750988319265,0.1384062673961764,0.1018761148076269,-0.04804839874264821,0.251800628357902,0.7299130796376887,0.5420614620363889,0.9177646972389885
66.60077377086216,-0.013134373005428412,-0.16521546915165186,0.13894672314079504,0.10195210387262488,-0.04823290673142122,0.252137114476671,0.7312883600741777,0.5426228280040425,0.919953892144313
66.70243709581769,-0.013520821216966933,-0.16557261825748146,0.1385309758235476,0.10249222616952493,-0.04792143393370095,0.2529058862727508,0.7323528307133238,0.5433502007664748,0.9213554606601728
66.79845245827568,-0.012830503474130006,-0.16480210479774007,0.13914109784948006,0.10169639741338954,-0.04886938736138968,0.25226218218816876,0.7325098300372926,0.5437899737418748,0.9212296863327105
66.9001157832312,-0.011089043248259198,-0.1629784556998667,0.14080036920334826,0.09979299971499932,-0.05073437349913153,0.2503203729291302,0.7315082080715885,0.5428700231485895,0.9201463929945874
67.00177910818672,-0.010560344330212593,-0.162462420258295,0.14134173159786984,0.09825246395669228,-0.0519737228776931,0.24847865079107767,0.7298233069954073,0.5413274809561968,0.9183191330346179
67.09779447064471,-0.009995549525577047,-0.16213875161532076,0.14214765256416667,0.0974900803693154,-0.0528256013761393,0.24780576211477012,0.7312433998929122,0.5412438503074455,0.9212429494783789
67.19945779560024,-0.009879327482513356,-0.16249138899132043,0.14273273402629372,0.0972143541247253,-0.0534051846363799,0.24783389288583052,0.7348842133211466,0.543359144637018,0.9264092820052753
67.30112112055576,-0.010118731196575984,-0.1628494387359793,0.14261197634282735,0.09646275780085818,-0.05439962675768305,0.2473251423593994,0.7364699987758286,0.5445647180566825,0.9283752794949748
67.40278444551129,-0.00980481725460694,-0.16252489267401288,0.142915258164799,0.09570828339423089,-0.05506067329589011,0.2464772400843519,0.7358229372028817,0.5443071914364578,0.9273386829693057
67.49879980796928,-0.008362329283256142,-0.1610907664810926,0.14436610791458032,0.09533548184151858,-0.054991403239914444,0.2456623669229516,0.7336659021585571,0.5427192081632057,0.9246125961539085
67.6004631329248,-0.008013445681077244,-0.1608284347866798,0.14480154342452528,0.0960143686996808,-0.053836766962254645,0.24586550436161625,0.7319543132777008,0.5414430092615475,0.922465617293854
67.70212645788033,-0.009387739696910896,-0.1624047752392945,0.1436292958454727,0.09640532588463607,-0.05291981121194844,0.2457304629812206,0.7305456636003442,0.5400039750855219,0.9210873521151666
67.79814182033832,-0.009472111890942367,-0.1626244120046038,0.14368018822271905,0.09628704960702264,-0.0524804090937967,0.24505450830784198,0.7285551888351658,0.5383453759489244,0.9187650017214072
67.89980514529384,-0.009359327173399157,-0.1624842992319738,0.1437656448851755,0.09578261897578805,-0.052372415275239115,0.2439376532268152,0.7254553536706123,0.5365683414523083,0.9143423658889164
68.00146847024936,-0.008618830604910657,-0.1618410731963068,0.14460341198648546,0.0951956515686455,-0.05260876420841766,0.24300006734570867,0.7241629750266987,0.5364904077129131,0.9118355423404843
68.09748383270735,-0.00924912107726851,-0.16271932771263342,0.14422108555809643,0.09412667845768877,-0.053404732603270194,0.24165808951864773,0.723899611574438,0.5371658532652371,0.910633369883639
68.19914715766288,-0.009504408048470372,-0.16323951653385588,0.1442307004369151,0.09256986920808179,-0.05480926959000319,0.23994900800616675,0.7241891454577154,0.5383659428704066,0.9100123480450242
68.3008104826184,-0.009202061434179232,-0.16340115734011867,0.1449970344717602,0.09170243653312651,-0.05586332979705011,0.23926820286330314,0.7271461036190888,0.54132571545119,0.9129664917869876
68.40247380757391,-0.010050230941944321,-0.16461543108450288,0.14451496920061424,0.09144132015659413,-0.05640780583103498,0.23929044614422323,0.7302185498385326,0.5442585872398055,0.9161785124372598
68.49848917003192,-0.011710589974582908,-0.16644500836014836,0.14302382841098255,0.09167136440377231,-0.05601999595794234,0.23936272476548698,0.7303869340167156,0.544472543633549,0.9163013243998822
68.60015249498744,-0.013960186453215437,-0.16906521769317007,0.14114484478673917,0.09221620196561416,-0.05529255949328597,0.23972496342451427,0.7315060705805709,0.5442539109597846,0.9187582302013573
68.70181581994295,-0.01603397200559349,-0.17127539595799768,0.13920745194681067,0.09169903168498589,-0.055644658241922745,0.23904272161189452,0.731373092227595,0.5425907613946235,0.9201554230605664
68.79783118240096,-0.01726855714051688,-0.17278860200980872,0.138251487728775,0.09040340652464128,-0.05663651312900404,0.23744332617828662,0.7311334607849417,0.5416738964318928,0.9205930251379906
68.89949450735648,-0.01735877549862655,-0.1731535289044397,0.1384359779071866,0.08942684623712305,-0.0576119137347082,0.2364656062089543,0.7323047805647276,0.5421859070484084,0.9224236540810468
69.00115783231199,-0.016088398984598393,-0.17198257274600937,0.13980577477681255,0.08830407949647125,-0.05870967453726257,0.23531783353020508,0.7324356120456671,0.5419369314747539,0.9229342926165803
69.10282115726751,-0.014391449759616717,-0.17041678646064767,0.14163388694141427,0.08884137336773477,-0.05812808634123494,0.23581083307670447,0.7329190735715325,0.5418610202181584,0.9239771269249066
69.19883651972552,-0.012975007132203925,-0.16898078752347742,0.14303077325906957,0.08908321647087017,-0.05783311513904335,0.2359995480807837,0.7325807487227696,0.5411157433064724,0.9240457541390668
69.30049984468103,-0.012478560885953241,-0.16877359738301428,0.14381647561110777,0.08861308122799569,-0.058612164946310746,0.23583832740230212,0.7353432056008697,0.5428171129731655,0.927869298228574
69.40216316963655,-0.012333264761146018,-0.16905655452798218,0.14439002500569015,0.0892623176106595,-0.0586140894697883,0.2371387246911073,0.7406014243708814,0.5469619900070377,0.9342408587347251
69.49817853209454,-0.01282504521625663,-0.1696636617683032,0.14401357133578993,0.08992974179462818,-0.05841662034108469,0.23827610393034104,0.7435001154254398,0.5490747103049674,0.9379255205459123
69.59984185705007,-0.01433876698169212,-0.17156071206252493,0.1428831780991407,0.09015319407092877,-0.058136376980529356,0.23844276512238688,0.7452149714404612,0.5502229058088044,0.9402070370721181
69.70150518200559,-0.013666490780655113,-0.1711557173366835,0.1438227357753733,0.09076006697487378,-0.05725384593853193,0.23877397988827948,0.7453443978208737,0.5504022661933945,0.9402865294483529
69.79752054446358,-0.012374330038696923,-0.1698024813615037,0.14505382128410985,0.09213135041408953,-0.05563686751410561,0.23989956834228465,0.7441116228232284,0.5497659977152062,0.9384572479312506
69.8991838694191,-0.011411908290881984,-0.16857636779853233,0.14575255121676836,0.09422923354271222,-0.05322189653614663,0.24168036362157108,0.7416941586522755,0.5484720031797949,0.9349163141247561
70.00084719437463,-0.009899422983563846,-0.16679091348578695,0.1469920675186593,0.09581168512279982,-0.05138554152326931,0.24300891176886896,0.7394299535897481,0.5476853264673714,0.9311745807121247
70.10251051933015,-0.009111764402693623,-0.16594811318614472,0.14772458438075747,0.09682852500828004,-0.050305231806102635,0.24396228182266272,0.7390432270095492,0.5482120354875184,0.9298744185315799
70.19852588178814,-0.01031778266672534,-0.1673057870425368,0.1466702217090861,0.09742291320410414,-0.04944890794866856,0.24429473435687682,0.7387180274307756,0.5481200283091325,0.9293160265524187
70.30018920674367,-0.012252810991179516,-0.16922249840073916,0.14471687641838016,0.09713260985771813,-0.049098710724801736,0.243363930440238,0.7356527939367411,0.5459178626322962,0.925387725241186
70.40185253169919,-0.015439502059260465,-0.1723761077743346,0.1414971036558137,0.09592363046180778,-0.04973945796259073,0.2415867188862063,0.7327271161326642,0.5435713475346942,0.9218828847306342
70.49786789415718,-0.017996531915239714,-0.17495041078089973,0.13895734695042028,0.09560349964022555,-0.049547576042419605,0.2407545753228707,0.7304877554273749,0.5414429798443325,0.9195325310104172
70.5995312191127,-0.020866648122673054,-0.17781199397931072,0.1360786977339646,0.09600941208236903,-0.04878055316363002,0.2407993773283681,0.7289830422829294,0.5401757974655459,0.917790287100313
70.70119454406823,-0.02362415820767387,-0.1808399452694695,0.1335916288541218,0.09594515151924622,-0.048677012699661334,0.24056731573815376,0.7296676193233137,0.5406781792429409,0.9186570594036865
70.79720990652622,-0.025648517634286133,-0.18308006179083788,0.13178302652226562,0.09500092368424597,-0.04951195910131852,0.23951380646981046,0.7301595902632076,0.5407117517159821,0.9196074288104332
70.89887323148174,-0.0268983440603342,-0.1847751662506093,0.1309784781299409,0.0950848604962016,-0.04914493496307559,0.2393146559554788,0.7311666578236965,0.5405028015133054,0.9218305141340876
71.00053655643727,-0.029615831601580614,-0.18791943203971678,0.12868776883655553,0.09506970103802632,-0.049000727068207364,0.23914012914426003,0.7327213248303366,0.5405475434611093,0.9248951061995638
71.10219988139279,-0.03137862911645051,-0.1898510800305563,0.1270938217976553,0.09447612047687953,-0.049635343873578514,0.23858758482733758,0.7337467348049722,0.5397667811708566,0.9277266884390878
71.19821524385078,-0.033428208966850725,-0.1922134174075734,0.12535699947387194,0.09302001647380814,-0.05101484666006209,0.23705487960767838,0.7348237164158307,0.5393655536900809,0.9302818791415804
71.2998785688063,-0.034739628294024605,-0.19414789119581236,0.12466863460776315,0.09292684437338415,-0.05104997574912819,0.2369036644958965,0.7377597116066249,0.5404056556571706,0.9351137675560792
71.40154189376183,-0.0343668462640138,-0.19422512438246237,0.1254914318544348,0.09295934310223644,-0.05117469677917008,0.23709338298364296,0.7407212376839892,0.5423876259923043,0.9390548493756742
71.49755725621982,-0.03220746978791382,-0.1925287055586946,0.12811376598286695,0.09236621306530522,-0.05196898212256636,0.23670140825317681,0.7437214966601644,0.5438806627945743,0.9435623305257546
71.59922058117535,-0.030239182195490724,-0.19058290835379543,0.13010454396281396,0.09290861224273127,-0.05180235876780777,0.23761958325327032,0.7455264056519371,0.5447363546888395,0.9463164566150346
71.70088390613087,-0.02833014872799311,-0.18842309288505654,0.13176279542907032,0.09391450918479069,-0.051250053915964516,0.2390790722855459,0.7464090841743307,0.5455694146188648,0.9472487537297967
71.8025472310864,-0.027292992109542377,-0.18719937019476124,0.13261338597567646,0.0947404652182651,-0.05067981743772873,0.24016074787425892,0.7467376608092438,0.5461474082375108,0.9473279133809767
71.89856259354438,-0.027113737033990823,-0.18672030841230386,0.13249283434432219,0.09578981129706073,-0.0498525421687558,0.24143216476287727,0.7464363241580515,0.5472123855466261,0.9456602627694769
72.00022591849991,-0.02841856130746033,-0.18767222591890736,0.13083510330398668,0.09691184965473268,-0.04891496702921369,0.24273866633867905,0.7457979540913392,0.5484606854032026,0.9431352227794758
72.10188924345543,-0.030452261997587646,-0.18938754055310775,0.12848301655793248,0.09891023510790953,-0.047139048035295006,0.24495951825111406,0.7457351609387415,0.5498519929893554,0.9416183288881276
72.19790460591342,-0.03190231043433253,-0.19058048867629232,0.12677586780762726,0.1011475348106205,-0.045149110240874035,0.24744417986211503,0.7461257662295805,0.550798175602447,0.9414533568567139
72.29956793086895,-0.03321812306728408,-0.19179396827343734,0.12535772213886917,0.10391028278637854,-0.04257712168429045,0.25039768725704753,0.7471469131004961,0.5521183604137393,0.9421754657872529
72.40123125582447,-0.03479696284532746,-0.1935533594102884,0.12395943371963347,0.10643777115143423,-0.04002943948152919,0.25290498178439763,0.7485965123273087,0.5537229770764476,0.9434700475781699
72.49724661828246,-0.035878298924766655,-0.19461581210200227,0.12285921425246896,0.1081503053714797,-0.03851962021324783,0.2548202309562072,0.7498833133557083,0.5563945624039632,0.9433720643074535
72.59890994323798,-0.03572580711983195,-0.19446711589318866,0.12301550165352476,0.10909416161733024,-0.03819702298468028,0.2563853462193407,0.752977590977063,0.561085934398976,0.9448692475551499
72.7005732681935,-0.03522987532469753,-0.19405614362244145,0.1235963929730464,0.11038004222204932,-0.037616030633658884,0.25837611507775754,0.7569339897341697,0.5655915845723889,0.9482763948959505
72.80223659314902,-0.03454768487807709,-0.19356870248163033,0.12447333272547616,0.11169161592366113,-0.03711826901843805,0.2605015008657603,0.7619648481707996,0.5703075065823962,0.953622189759203
72.89825195560702,-0.03281767402117376,-0.19212120352970752,0.12648585548735997,0.1132412575239275,-0.036211149572558055,0.26269366462041305,0.7666389761568209,0.5739340224219961,0.9593439298916456
72.99991528056253,-0.03251792198151403,-0.19224556262821896,0.12720971866519093,0.11308211723760157,-0.036903569632664404,0.26306780410786756,0.7712371700731925,0.577163218556105,0.96531112159028
73.10157860551806,-0.03225979715884453,-0.19245573349977152,0.12793613918208246,0.11229098142200626,-0.03812752761688844,0.262709490460901,0.7754569585143241,0.5803623986479889,0.9705515183806592
73.19759396797606,-0.03215766771913324,-0.1926982451337026,0.12838290969543614,0.1107519044523253,-0.039915419258280155,0.26141922816293073,0.778032845961727,0.5829555285778181,0.9731101633456358
73.29925729293157,-0.03239822012023054,-0.19351316413126557,0.12871672389080452,0.10930805610245341,-0.041536569471366344,0.26015268167627315,0.7814886328388144,0.5859910634320585,0.9769862022455703
73.4009206178871,-0.03399525949578476,-0.19588970432563307,0.12789918533406358,0.10860201779161319,-0.042601750968381896,0.25980578655160824,0.7871244098704981,0.5905078511271509,0.9837409686138454
73.50258394284262,-0.0350284392024964,-0.19779526880741033,0.12773839040241752,0.10900646866527215,-0.042541717111734975,0.26055465444227927,0.7933970402857138,0.5951983111887698,0.9915957693826578
73.59859930530061,-0.03498879647441851,-0.1981484924269713,0.12817089947813431,0.10892872178699639,-0.0430426370306998,0.2609000806046926,0.7974237007640228,0.5983216233447209,0.9965257781833247
73.70026263025613,-0.03540626522139524,-0.198694874803668,0.12788234436087753,0.10903837657606628,-0.04341766829385897,0.26149442144599155,0.8004687090111994,0.6003152684920302,1.0006221495303684
73.80192595521166,-0.03599960003754758,-0.1995352994314854,0.1275360993563902,0.10830587004158704,-0.04462203116182745,0.2612337712450015,0.8038991785012167,0.603192869468964,1.0046054875334693
73.89794131766965,-0.03653918767234378,-0.20069759693093425,0.12761922158624672,0.1073946773288715,-0.045712091046710576,0.26050144570445355,0.8078246143372205,0.6062251745033583,1.0094240541710828
73.99960464262517,-0.0357595100289189,-0.2003768557039209,0.1288578356460831,0.10737106502493833,-0.046075769768247885,0.26081789981812453,0.8117882382981315,0.6097149767006489,1.0138614998956141
74.1012679675807,-0.03507099621350063,-0.20012160576802762,0.12997961334102637,0.10869061556089225,-0.04528025663703421,0.2626614877588187,0.8168194510292442,0.6139555829617412,1.0196833190967474
74.19728333003869,-0.0346161765219761,-0.19977334951343534,0.13054099646948314,0.10916706257059812,-0.04501821243430244,0.2633523375754987,0.818489010884558,0.6152755458134005,1.0217024759557156
74.29894665499421,-0.03438448469034584,-0.19959022429244733,0.1308212549117556,0.10968805585931352,-0.04492422095599255,0.2643003326746196,0.8209203685858572,0.6174118662031732,1.024428870968541
74.40060997994973,-0.034731201410993714,-0.20013047746135104,0.13066807463936359,0.11007323767334888,-0.04478370318689044,0.2649301785335882,0.8232329127682354,0.6191422263489684,1.0273235991875025
74.50227330490526,-0.03483014488015092,-0.20025245002922276,0.1305921602689209,0.11032424668046671,-0.04502618825857595,0.26567468161950936,0.8258304110394709,0.6212633115556205,1.0303975105233212
74.59828866736325,-0.03441182074892887,-0.1997120122669423,0.13088837076908455,0.11006018527737484,-0.04550837532953374,0.2656287458842834,0.8261760489404795,0.6224060955439613,1.0299460023369975
74.69995199231877,-0.034075087111632776,-0.19958666128636388,0.1314364870630983,0.10966477129405779,-0.045931484976529977,0.26526102756464554,0.8273052563707236,0.623739692876446,1.0308708198650012
74.8016153172743,-0.034555153375655345,-0.2001068459519047,0.130996539200594,0.10928484088140814,-0.04609975998286811,0.2646694417456844,0.8264261528747898,0.6227952098184382,1.0300570959311415
74.89763067973229,-0.03552367592507322,-0.20086460124446728,0.12981724939432085,0.10851877318181016,-0.0467747184593503,0.2638122648229706,0.8247803679321667,0.6213216129352206,1.0282391229291128
74.99929400468781,-0.0375565105499962,-0.20231821959112567,0.12720519849113326,0.10901941813033786,-0.046226561346150385,0.2642653976068261,0.8217886528722984,0.618849266094091,1.0247280396505059
75.10095732964334,-0.03897361448317549,-0.2029254348284341,0.12497820586208311,0.11140948261007769,-0.044068841455940394,0.2668878066760958,0.8193629522136001,0.6170515100914625,1.0216743943357378
75.20262065459886,-0.03935974020282419,-0.20244439101488027,0.12372491060923187,0.11489464372556138,-0.04079042950390832,0.2705797169550311,0.8167227703241804,0.6151576513388968,1.018287889309464
75.29863601705685,-0.03854023653116467,-0.20106050392233643,0.12398003086000708,0.11681577978152476,-0.03895408558594239,0.2725856451489919,0.8146215862480308,0.6130099011809407,1.016233271315121
75.40029934201237,-0.038088960376653505,-0.20037481870816765,0.12419689795486062,0.11793594931820925,-0.03787173165119592,0.2737436302876144,0.8138346916017952,0.6115906693633336,1.016078713840257
75.5019626669679,-0.03935187517736173,-0.20144431405971247,0.12274056370498902,0.118992672242247,-0.03712707978304297,0.27511242426753696,0.8147287548131836,0.6124381253634131,1.017019384262954
75.59797802942589,-0.03920714904372695,-0.201171101541617,0.12275680345416308,0.1211830232145776,-0.03524091993670567,0.2776069663658609,0.8160864726154027,0.6136280308835705,1.018544914347235
75.69964135438141,-0.03829087714221989,-0.2004555264059244,0.12387377212148461,0.12300234032050197,-0.03392789842128632,0.2799325790622903,0.8199888650986749,0.6174255923897725,1.0225521378075773
75.80130467933694,-0.03879789538052336,-0.20096109461274178,0.12336530385169506,0.12377912013107531,-0.033389259901122764,0.2809475001632734,0.8213922811459041,0.6190734889662525,1.0237110733255557
75.89732004179493,-0.03961440191885672,-0.20192058815416025,0.12269178431644683,0.1238057329201413,-0.03354011036769894,0.28115157620798154,0.8230753705113664,0.6208556676176387,1.025295073405094
75.99898336675045,-0.04079087994076594,-0.20350263600277088,0.121920876121239,0.12357119651626282,-0.03388612854257479,0.28102852157510044,0.8257451830866837,0.6227180576502751,1.0287723085230922
76.10064669170598,-0.042296675550312676,-0.20532405712588309,0.12073070602525775,0.12343318945186857,-0.03400415906428175,0.28087053796801886,0.8273589404173024,0.6228212421183014,1.0318966387163035
76.20231001666149,-0.04300593217569551,-0.20639908153295555,0.12038721718156453,0.12395854828503644,-0.03315254396502912,0.28106964053510197,0.8278139889057535,0.6217639929306321,1.0338639848808748
76.29832537911949,-0.04330516902620342,-0.20692104669123845,0.12031070863883163,0.1249249616141207,-0.03181805689402953,0.2816679801222709,0.8274068988111267,0.6198454609634264,1.0349683366588271
76.39998870407501,-0.04386337103492778,-0.20707683583866787,0.1193500937688123,0.12652791898141585,-0.029896242438147314,0.282952080400979,0.8242083993109871,0.6168041081804124,1.031612690441562
76.50165202903052,-0.045331112170345106,-0.2081949573086851,0.11753273296799488,0.12776530587944895,-0.02799716147586584,0.28352777323476375,0.8195965261945838,0.6130414624417707,1.026151589947397
76.59766739148853,-0.04614814932812146,-0.2085272048984485,0.1162309062422056,0.13003104956792733,-0.025276114385520826,0.28533821352137545,0.8155334756154863,0.6097429782497283,1.0213239729812442
76.69933071644404,-0.04568771214976661,-0.2076708673651344,0.11629544306560119,0.13199421470152822,-0.023011074481212035,0.2869995038842685,0.8125018507529943,0.6064382981262537,1.018565403379735
76.80099404139956,-0.0453679228115685,-0.20742611017672752,0.11669026455359054,0.13383971820665114,-0.020526200929061433,0.2882056373423637,0.8102263351892328,0.6038539595999828,1.0165987107784829
76.90265736635509,-0.04645405790745913,-0.2086294255017965,0.11572130968687824,0.13509647831109603,-0.018687097323418944,0.288880053945611,0.8084324350852015,0.6030775036799517,1.013787366490451
76.99867272881308,-0.04608468960192323,-0.20838703650464802,0.11621765730080154,0.135641580988053,-0.01771812066266082,0.28900128263876684,0.8071419431165153,0.602612749501561,1.0116711367314697
77.1003360537686,-0.04402062589173816,-0.20654697201803376,0.11850572023455744,0.13646306492965055,-0.016846173977342588,0.28977230383664365,0.8080832435180938,0.6037506048954954,1.0124158821406923
77.20199937872412,-0.04189954544466752,-0.20461945303886858,0.12082036214953353,0.13671037273380976,-0.016465331395414368,0.2898860768630339,0.8083160870271314,0.6040637645762089,1.012568409478054
77.29801474118212,-0.03740803238578841,-0.20061586593231545,0.12579980116073863,0.13723817220690326,-0.015834581685165272,0.2903109260989718,0.8101159314306665,0.6039706280175728,1.01626123484376
77.39967806613764,-0.033787184181573865,-0.1972082703492442,0.12963390198609648,0.13812492116220088,-0.0151784218554806,0.2914282641798823,0.8123157419916809,0.60468770452656,1.0199437794568018
77.50134139109316,-0.030373013653535272,-0.1938776856595778,0.13313165835250723,0.13757133535774807,-0.015864779129933088,0.29100744984542926,0.8130176761145509,0.6048085712326162,1.0212267809964857
77.59735675355115,-0.02856045707874913,-0.19231490593150732,0.13519399177400906,0.13648019308699344,-0.016751242711886966,0.2897116288858739,0.8129111548410016,0.6046675029601105,1.0211548067218927
77.69902007850668,-0.027144705724899146,-0.1912249969849783,0.13693558553518004,0.13546979911682527,-0.017583454826479522,0.28852305306013004,0.8133817881937525,0.6048276260481772,1.021935950339328
77.8006834034622,-0.02519208373892981,-0.18945481862701594,0.13907065114915632,0.1347671286628333,-0.018009759735641756,0.2875440170613084,0.8127013475945168,0.6038307267727295,1.0215719684163043
77.90234672841773,-0.02407764279889045,-0.18849623937998466,0.1403409537822038,0.1345866970276305,-0.0181313903130286,0.28730478436828955,0.8131226400324749,0.6035315278386177,1.022713752226332
77.99836209087572,-0.024414384463968097,-0.18914466792708,0.14031589899914382,0.13506297322251706,-0.01768522509628584,0.28781117154131997,0.8150310035627321,0.6045244495063481,1.0255375576191161
78.10002541583124,-0.02433371372735056,-0.18968278886143652,0.14101536140673543,0.1358246413503493,-0.016769566694020382,0.28841884939471896,0.8177138939520207,0.6058412572466739,1.0295865306573673
78.20168874078676,-0.024246938464831072,-0.19000898502711505,0.14151510809745294,0.13566938743885854,-0.01709208242320076,0.28843085730091783,0.8206305097580181,0.6078352014898485,1.0334258180261877
78.29770410324475,-0.024432076950208242,-0.19059790328864853,0.14173374938823205,0.1348234044770125,-0.018303517591023083,0.28795032654504804,0.8242886827784223,0.6096906973799462,1.0388866681768985
78.39936742820028,-0.026085888359065543,-0.1925773231935391,0.14040554647540798,0.13367767631374422,-0.01988023789334903,0.28723559052083747,0.8278586870783252,0.6112672468584808,1.0444501272981697
78.5010307531558,-0.027446230847331568,-0.19419007871615585,0.13929761702149268,0.13215120926763646,-0.022015604969466335,0.2863180235047392,0.831808747369886,0.6136611498749719,1.0499563448648002
78.60269407811133,-0.028328793553147727,-0.1950129526375542,0.13835536553125877,0.1299650604370023,-0.02462794751373204,0.2845580683877366,0.8330469808861217,0.6136913056507043,1.0524026561215392
78.69870944056932,-0.02949909030625783,-0.19609259128717788,0.13709441067466221,0.1282736207117999,-0.026695136495655164,0.283242377919255,0.8340362414460362,0.6134184104202589,1.0546540724718134
78.80037276552484,-0.03100651746501802,-0.19751673971894584,0.13550370478890983,0.12728165284431686,-0.027833964786626197,0.2823972704752599,0.8341547414265484,0.6129895717690563,1.0553199110840406
78.90203609048037,-0.03220177416225471,-0.19881345186893956,0.13440990354443016,0.12648462797063148,-0.028720890953481265,0.28169014689474425,0.8350013490765847,0.6133253993181992,1.0566772988349702
78.99805145293836,-0.031494016859137344,-0.1977212130340476,0.1347331793157729,0.1250340707065492,-0.02987387830214941,0.2799420197152478,0.8311167111850188,0.6104710871612541,1.0517623352087837
79.09971477789388,-0.030768455719511312,-0.19659825263913033,0.1350613412001077,0.12373092841487805,-0.031075819724725687,0.2785376765544818,0.8281710703712489,0.6080175036108462,1.0483246371316517
79.2013781028494,-0.030261359380650887,-0.19606012196236236,0.13553740320106059,0.12228961520819169,-0.03246040427114731,0.2770396346875307,0.8273461221789122,0.607076133782478,1.0476161105753463
79.2973934653074,-0.029511277061787813,-0.19526102045610866,0.13623846633253306,0.12157592418087006,-0.033106842124694266,0.27625869048643437,0.8265425376822301,0.6070546852945288,1.0460303900699315
79.39905679026292,-0.03041160154171242,-0.1963719658029957,0.13554876271957084,0.12086716230624499,-0.03394732073241681,0.2756816453449068,0.8281699872395545,0.6090741581962991,1.04726581628281
79.50072011521844,-0.031422653909492546,-0.19778124225857596,0.1349359344395909,0.12060638381709791,-0.03427459799034106,0.2754873656245369,0.8305822113954833,0.6116483595847984,1.0495160632061682
79.60238344017397,-0.03270539198596553,-0.19928893755253868,0.13387815358060762,0.12039435673747874,-0.034753163195070894,0.2755418766700284,0.833098626048577,0.6142490608670423,1.0519481912301116
79.69839880263196,-0.034160405702619356,-0.20094803932371982,0.1326272279184811,0.1205057601985406,-0.034872315357793074,0.2758838357548743,0.8354255881413492,0.6158562402932559,1.0549949359894424
79.80006212758748,-0.03491777514158276,-0.20224974811456975,0.13241419783140423,0.12057731286807248,-0.03498170572933289,0.27613633146547784,0.839252035344702,0.6189211092973406,1.0595829613920635
79.90172545254299,-0.03545245262618285,-0.20303583688865248,0.13213093163628678,0.11950225470242304,-0.03607757682857024,0.27508208623341635,0.8404621002767909,0.6198034103348282,1.0611207902187536
79.997740815001,-0.03592167046789026,-0.2036954404334646,0.13185209949768406,0.11793689188179009,-0.03744645899857528,0.27332024276215544,0.8401672799214862,0.6185372609034712,1.0617972989395013
80.09940413995652,-0.03582496235555788,-0.20401140386949784,0.1323614791583821,0.11560878006378006,-0.039833996308164005,0.2710515564357241,0.8420952498770437,0.6198650440765705,1.0643254556775168
80.20106746491203,-0.0350842432221503,-0.20366309413169326,0.13349460768739263,0.11277632522336387,-0.04301057773993505,0.2685632281866628,0.8451703198806809,0.6227634692462789,1.067577170515083
80.30273078986755,-0.0343090538271074,-0.2032920927264663,0.13467398507225153,0.11075431673311394,-0.04495218861766122,0.2664608220838891,0.8464219345599691,0.6234748745424462,1.0693689945774918
80.39874615232556,-0.03403312377910565,-0.20330558042680524,0.1352393328685939,0.10965446858471631,-0.04598566588218292,0.26529460305161556,0.8473790982890127,0.6245170451397127,1.0702411514383128
80.50040947728107,-0.03382721128658271,-0.2036473135300646,0.13599289095689915,0.10863221079913943,-0.047309703210199644,0.26457412480847853,0.8515550732864453,0.6282803839826647,1.074829762590226
80.60207280223659,-0.034278255764970844,-0.20456557495118516,0.13600906342124347,0.10801005190884976,-0.048214734366192016,0.26423483818389154,0.855350989353181,0.6318121456176121,1.0788898330887498
80.69808816469458,-0.03575185982492425,-0.20616010648715932,0.13465638683731085,0.10856932619383788,-0.047716623087570964,0.26485527547524673,0.856526830067127,0.6334074570875963,1.0796462030466578
80.7997514896501,-0.03672178791065388,-0.2071093045273612,0.13366572870605342,0.1084609984741004,-0.047836434709680214,0.26475843165788104,0.8565187911595044,0.6344101646371096,1.078627417681899
80.90141481460563,-0.037318218653291726,-0.2076646627981661,0.1330282254915826,0.10757018999627001,-0.048612882478996436,0.26375326247153646,0.8555859552097985,0.6340287477564237,1.0771431626631733
80.99743017706362,-0.03799518592578573,-0.20815159184422566,0.13216121999265418,0.10647915614423299,-0.049671608275766124,0.2626299205642321,0.8542233559674827,0.6334458440043679,1.0750008679305973
81.09909350201914,-0.03922298127392913,-0.20908792003991616,0.13064195749205793,0.10544225296414331,-0.0507565501818891,0.26164105611017574,0.8527716434712092,0.633230871354391,1.0723124155880273
81.20075682697467,-0.04033334146485701,-0.20999667747445455,0.12932999454474053,0.1038681172419828,-0.052344108161320485,0.2600803426452861,0.8515167741283622,0.6340307624579554,1.0690027857987692
81.30242015193019,-0.04162961430134794,-0.21105173584574743,0.12779250724305158,0.1020426006469246,-0.05429697776004065,0.2583821790538898,0.8505847187425402,0.635307121497953,1.0658623159871272
81.39843551438818,-0.043340252201450394,-0.21289053221145648,0.12621002780855572,0.10011658772513699,-0.05629949107532192,0.2565326665255959,0.8514035209559688,0.6375559763861167,1.065251065525821
81.5000988393437,-0.04441582819780143,-0.21424770778635854,0.12541605139075568,0.09918880973943806,-0.05753589563733849,0.25591351511621463,0.8543453898663587,0.6407272957934657,1.0679634839392516
81.60176216429923,-0.04553186034115417,-0.21565572068383587,0.12459200000152754,0.09831317120455084,-0.058740459857949415,0.2553668022670511,0.8574670395146187,0.6443634454217559,1.0705706336074814
81.69777752675722,-0.04689281243226073,-0.21727280608323546,0.12348718121871399,0.09761298260275607,-0.059632291026468096,0.2548582562319802,0.8597817953432931,0.6467408793172058,1.0728227113693805
81.79944085171275,-0.048279734412858225,-0.2189103564108228,0.12235088758510636,0.09694090845082626,-0.06036431833183073,0.2542461352334833,0.8614288899237755,0.6469518339765564,1.0759059458709945
81.90110417666827,-0.04943307767502435,-0.219990193029451,0.12112403767940232,0.09693812058244597,-0.06034688767912455,0.2542231288440165,0.8610450412646355,0.6447198817454587,1.0773702007838124
82.0027675016238,-0.051415145783046276,-0.2219209077872225,0.11909061622112997,0.09758148909137636,-0.05991147555969133,0.25507445374244403,0.8621264713538248,0.6444717217793944,1.0797812209282553
82.09878286408178,-0.05357189263537733,-0.2241320715134859,0.11698828624273123,0.09779926093985634,-0.05991166092461482,0.2555101828043275,0.863772089845992,0.644713537944892,1.082830641747092
82.20044618903731,-0.05456553189329903,-0.2251056641022826,0.11597460031568456,0.09838266296247644,-0.05945986103049147,0.2562251869554444,0.8645412610456533,0.64420658973339,1.0848759323579167
82.30210951399283,-0.0554731946793061,-0.22584429861096228,0.11489790925235009,0.0982470764326732,-0.059414255202253005,0.2559084080675994,0.8628035240101244,0.6427516496072317,1.0828553984130171
82.39812487645082,-0.055941526595274974,-0.22642415833805785,0.11454110514750791,0.09702313005851247,-0.06051801600540353,0.2545642761224285,0.8626187834002805,0.6428284095805021,1.082409157220059
82.49978820140635,-0.05605066068367949,-0.2266918230606576,0.11459050169329864,0.09631072898668501,-0.06128386626795142,0.25390532424132145,0.8636121568525833,0.6436357787524528,1.0835885349527137
82.60145152636187,-0.05645313947682852,-0.22727800187421604,0.11437172292055901,0.09594538654278956,-0.06139672861804815,0.25328750170362724,0.8633223486355507,0.6422575320870444,1.084387165184057
82.69746688881986,-0.056397667948458796,-0.22725493929539067,0.11445960339847308,0.09528052819575952,-0.06198531806297017,0.25254637445448924,0.8629851027416096,0.6410758609471681,1.084894344536051
82.79913021377538,-0.0557320060347619,-0.22661410923032427,0.11515009716080045,0.09390085242517472,-0.0636415016112931,0.25144320646164253,0.8641565970712098,0.6416046299691507,1.086708564173269
82.90079353873091,-0.05553851638056351,-0.22629227981205552,0.1152152470509285,0.09226298313054895,-0.06576725286259186,0.25029321912368974,0.8655673751148865,0.6426316946168011,1.0885030556129718
83.00245686368643,-0.05510873017651713,-0.22568457748903142,0.11546711713599717,0.08905586109987415,-0.06938284357512059,0.2474945657748689,0.8660196012890489,0.6437452496845112,1.0882939528935864
83.09847222614442,-0.05635005121942768,-0.2268206221227699,0.11412051968391454,0.08557286844379519,-0.07356065428516803,0.24470639117275841,0.8684643862867015,0.6469278240725612,1.0900009485008417
83.20013555109995,-0.05694630286393486,-0.22762940339262944,0.1137367976647597,0.08108880978039519,-0.07860764343877115,0.24078526299956154,0.8717599667982855,0.6490364415577071,1.0944834920388637
83.30179887605547,-0.05718899434802567,-0.22790826447891727,0.11353027578286591,0.07667358882676872,-0.08384650151484965,0.2371936791683871,0.8754467629079192,0.651581238105053,1.0993122877107855
83.39781423851346,-0.05832041211447106,-0.22908765118986046,0.11244682696091834,0.07385132404659041,-0.08739381160001865,0.23509645969319948,0.8790915479382791,0.6542896671004351,1.1038934287761233
83.49947756346899,-0.05905459277237804,-0.23016132186624783,0.11205213632149175,0.07252292419244129,-0.08933144919918536,0.23437729758406795,0.8839197559951254,0.6586258125890809,1.1092136994011699
83.60114088842451,-0.059696941290187,-0.23057411292082636,0.11118023034045234,0.07303992865920805,-0.08887028792258456,0.23495014524100066,0.8831180189323485,0.6588382676104186,1.1073977702542785
83.70280421338002,-0.0607015696023194,-0.23113719193574508,0.10973405273110629,0.07399592526749155,-0.08823769643844884,0.23622954697343193,0.8826557827407295,0.6598481675042598,1.1054633979771993
83.79881957583802,-0.06209396523152082,-0.23224820226366022,0.10806027180061857,0.07352649509728236,-0.08896156645174212,0.23601455664630683,0.8825490315868043,0.6607830471172004,1.1043150160564084
83.90048290079353,-0.06291808198221972,-0.23276760605291735,0.10693144208847792,0.07298695097104935,-0.08983197588197933,0.23580587782407803,0.8826365716530257,0.6617566455532855,1.1035164977527658
84.00214622574906,-0.0624691022633673,-0.23201739405691588,0.10707918953018128,0.07457556216927361,-0.08827446155204358,0.2374255858905908,0.8813615472685589,0.6620720555744977,1.10065103896262
84.09816158820706,-0.061962612702864864,-0.23119777570985173,0.10727255030412201,0.07669553749903604,-0.08644270990896827,0.23983378490704035,0.8814279239509295,0.6635714200929262,1.0992844278089327
84.19982491316257,-0.06137954976456894,-0.23062890094180444,0.10786980141266655,0.07782789254524956,-0.0855651244746626,0.24122090956516173,0.8829191711073082,0.6654721402411318,1.1003662019734848
84.3014882381181,-0.05981703420393142,-0.2292902245466183,0.10965615613875546,0.07851576939310513,-0.08498061037332348,0.24201214915953373,0.8845665320874676,0.6672614374302083,1.1018716267447268
84.3975036005761,-0.05823641377850397,-0.2277463795253726,0.11127355196836466,0.07986261149961116,-0.08376011364480487,0.2434853366440272,0.8854419434782208,0.6683274029785107,1.102556483977931
84.49916692553161,-0.056906509822061344,-0.22623132865521806,0.11241830901109538,0.08013889979356781,-0.08342738311854234,0.24370518270567795,0.8840519725207963,0.6679384289017692,1.1001655161398232
84.60083025048714,-0.055550440287523845,-0.22456731184823248,0.11346643127318479,0.07967125794582255,-0.0838362643289561,0.24317878022060122,0.8818777947894676,0.6664777693112951,1.09727782026764
84.70249357544266,-0.05454167089306515,-0.22337674814944913,0.11429340636331882,0.08013500527589093,-0.0834465216299802,0.24371653218176206,0.8812537611999499,0.66604646103715,1.0964610613627497
84.79850893790065,-0.05491032087915951,-0.22373261500608724,0.11391197324776822,0.08135703112514897,-0.08238987872306128,0.24510394097335922,0.8822773988101448,0.6668665251761459,1.0976882724441437
84.90017226285617,-0.056577947766975764,-0.22548414627083996,0.11232825073688842,0.08114389715615256,-0.0828219983038671,0.24510979261617222,0.8840079000141461,0.6677988962738562,1.1002169037544358
85.0018355878117,-0.05793206847298289,-0.22697341131900517,0.11110927437303937,0.08081146198369427,-0.08309094207250597,0.2447138660398945,0.8845012355212897,0.6674533971035794,1.101549073939
85.09785095026969,-0.0564982609414955,-0.22554560089154985,0.11254907900855883,0.08040248621946683,-0.08332590398625472,0.24413087642518838,0.8834037832556886,0.6661050210026371,1.10070254550874
85.19951427522521,-0.05475906663717191,-0.223809521428515,0.11429138815417121,0.07998874679412948,-0.08363325468322183,0.2436107482714808,0.8826111121380732,0.6652315950850373,1.099990629191109
85.30117760018074,-0.054746471721042494,-0.2237834366548324,0.11429049321274742,0.08130714865917275,-0.08226212236585785,0.24487641968420337,0.8824782491962583,0.6645913239730403,1.1003651744194762
85.39719296263873,-0.055272229244610505,-0.22409037653164365,0.11354591804242264,0.08232525756448623,-0.08115410559097912,0.24580462071995157,0.8810724905669682,0.6631279579878919,1.0990170231460445
85.49885628759425,-0.05479036287001762,-0.22325253270043,0.11367180696039475,0.08394977699794055,-0.07950048326305746,0.24740003725893855,0.8792453152721073,0.6611152954899485,1.097375335054266
85.60051961254977,-0.054056754334886006,-0.22248526041548,0.114371751745708,0.08513554349034129,-0.07847381086400644,0.248744897844689,0.880007927610105,0.6603862069656359,1.0996296482545742
85.7021829375053,-0.051830813586622046,-0.22044927730452885,0.11678765013128477,0.08636340645691047,-0.07759273628725301,0.25031954920107397,0.882784977301573,0.6615902121958227,1.1039797424073234
85.79819829996329,-0.048876937516345295,-0.21780921072777432,0.12005533569508374,0.08775219958816297,-0.0766762941652819,0.25218069334160786,0.8868475119740479,0.6645185667284896,1.1091764572196061
85.89986162491881,-0.04767220928966989,-0.2168121372689561,0.12146771868961631,0.08946197982339424,-0.07529865287190265,0.25422261251869116,0.8898666287616094,0.6660838069467871,1.1136494505764316
86.00152494987434,-0.047324387868475246,-0.21685046261695046,0.12220168687999998,0.09029403898535977,-0.07486295392322527,0.2554510318939448,0.8941092696254607,0.6687429169439905,1.1194756223069309
86.09754031233233,-0.046690908165732,-0.21639935702148394,0.12301754069001995,0.09016116944740994,-0.07518570214959074,0.2555080410444106,0.8959918130423845,0.6698293401099605,1.1221542859748084
86.19920363728785,-0.04587890877690701,-0.2156875168492128,0.12392969929539879,0.08956147733721016,-0.07583254888128675,0.25495550355570706,0.8965913933402302,0.67012400891084,1.1230587777696204
86.30086696224338,-0.04576613766421707,-0.21534021868270098,0.12380794335426683,0.08903342890404357,-0.0764649318830549,0.25453178969114204,0.8957757054075594,0.6695078279188618,1.122043582896257
86.4025302871989,-0.04593981185832596,-0.21506690569961115,0.12318728198295922,0.08963819368680685,-0.07572612803348185,0.25500251540709556,0.8928116024364726,0.6668301819407177,1.1187930229322274
86.49854564965689,-0.04584338372613715,-0.21447699868518388,0.1227902312329096,0.08971053714458274,-0.0755270319065045,0.25494810619567,0.8895250946893152,0.6643897814466192,1.114660407932011
86.60020897461241,-0.0448546836531952,-0.21290590486088887,0.12319653755449847,0.08948116976449887,-0.07566704863857425,0.25462938816757197,0.8858351645218183,0.661662562728146,1.1100077663154906
86.70187229956794,-0.04416328374052181,-0.21168561702577854,0.12335904954473492,0.08992253681892247,-0.07491080608460236,0.2547558797224473,0.881413640284114,0.6576375650713152,1.1051897154969126
86.79788766202593,-0.043660424614416174,-0.21057982507272677,0.1232589758438944,0.08994835464641673,-0.0746414546536101,0.2545381639464436,0.8769272686651738,0.6536108662025485,1.1002436711277992
86.89955098698145,-0.0439748065370449,-0.21018862013919543,0.12223900706510564,0.08902168527163058,-0.07532071335656122,0.2533640838998224,0.8717968295758799,0.6495142038500611,1.0940794553016988
87.00121431193698,-0.04439280954362858,-0.21002766286518126,0.12124204377792412,0.08933254109550472,-0.07493635605812173,0.2536014382491312,0.8684771304624341,0.6477391356582858,1.0892151252665825
87.09722967439497,-0.044025428851308654,-0.20950054505640964,0.12144968735379232,0.08838580102748474,-0.07582954005633828,0.25260114211130774,0.8671644444599329,0.6473279965222589,1.0870008923976069
87.19889299935049,-0.04423450206877942,-0.20968322109173138,0.12121421695417255,0.08757250452862766,-0.07667583228439928,0.2518208413416546,0.8670729594512123,0.6483044015818072,1.0858415173206175
87.30055632430602,-0.0451505849030345,-0.2106866280738884,0.1203854582678194,0.0866904459422337,-0.0776836168505312,0.2510645087349986,0.868108925568339,0.650482226073253,1.085735625063425
87.40221964926153,-0.04583599957673978,-0.2113628712052557,0.11969087205177614,0.0859898239528431,-0.07854060082331754,0.25052024872900375,0.8688137427378821,0.6526544983283733,1.084972987147391
87.49823501171953,-0.045268131772261314,-0.21058634168771517,0.12005007814319256,0.08610448372059784,-0.07835098110252176,0.25055994854371744,0.867303584383684,0.6536130359683068,1.0809941327990613
87.59989833667505,-0.04412064926810197,-0.20958645915921714,0.1213451606230132,0.08538818716631781,-0.0789346132470461,0.24971098757968174,0.8671603119478506,0.6546813463962455,1.0796392774994557
87.70156166163056,-0.04334491037248109,-0.2089885236056375,0.12229870286067532,0.08455162533083907,-0.07971463744204554,0.24881788810372368,0.8675859925320504,0.6552212738875175,1.0799507111765831
87.79757702408857,-0.04233853183346241,-0.20815712265389086,0.12348005898696605,0.0843062245318419,-0.07968211067583104,0.24829455973951486,0.866934042465179,0.654547423704252,1.0793206612261061
87.89924034904408,-0.040560480557540676,-0.2065065595351393,0.12538559842005798,0.08514414031572828,-0.07870189974793662,0.2489901803793932,0.8668599525083803,0.6543449525999465,1.0793749524168141
88.0009036739996,-0.03751342800163948,-0.2036499382194746,0.12862308221619564,0.08598624092526932,-0.07768462828549214,0.24965711013603079,0.8668587326073831,0.6540164898117493,1.079700975403017
88.10256699895513,-0.03479388048260823,-0.200969715593357,0.13138195462814053,0.0860230687223157,-0.07773873120076612,0.2497848686453975,0.8673443041722032,0.6539775221993688,1.0807110861450375
88.19858236141312,-0.033358189221529264,-0.19945030355055976,0.1327339251075012,0.08575780880519954,-0.07789470779521582,0.2494103254056149,0.8661975490997812,0.6527962398346487,1.0795988583649136
88.30024568636864,-0.03168417432706966,-0.19776673537030942,0.1343983867161701,0.08575646556714414,-0.07789843280307385,0.24941136393736213,0.8660506720149704,0.6522661509358247,1.0798351930941161
88.40190901132416,-0.030151545763133475,-0.19664753766517185,0.1363444461389049,0.0859548283693258,-0.07742727287159837,0.24933692961024997,0.8667516903319586,0.6523533829300718,1.0811499977338455
88.49792437378215,-0.029617431344500234,-0.19665830115535085,0.13742343846635038,0.0855683707139179,-0.07750949556882519,0.248646236996661,0.867953694408035,0.653154984780228,1.082752404035842
88.59958769873768,-0.03054437829162132,-0.1979616733097194,0.13687291672647675,0.0844438321328745,-0.07853919749435638,0.24742686176010537,0.8693166327169017,0.6544014491122184,1.0842318163215852
88.7012510236932,-0.03119191125946018,-0.19862215330921063,0.1362383307902903,0.08357839530483295,-0.07913241452265739,0.24628920513232327,0.867880870448748,0.6537790195149004,1.0819827213825954
88.7972663861512,-0.031527344086090175,-0.19895128944887566,0.1358966012766953,0.08254134949760583,-0.07980482198011174,0.2448875209753234,0.8658264495828107,0.6521366153725863,1.0795162837930352
88.89892971110672,-0.032326131420562676,-0.19969556926562756,0.1350433064245022,0.08182897852466736,-0.08015090120545562,0.24380885825479034,0.8635982901819806,0.6501474377795887,1.0770491425843725
89.00059303606224,-0.033042353000498875,-0.20034524210396173,0.13426053610296398,0.08255123416776546,-0.07908902452335954,0.24419149285889047,0.8616785353899713,0.6494201643527855,1.0739369064271571
89.10225636101777,-0.03409458972472375,-0.20160340882161487,0.1334142293721674,0.083854746963489,-0.07793818229036197,0.24564767621733996,0.8638328305308693,0.6520323539036423,1.0756333071580964
89.19827172347576,-0.03525110492494225,-0.20311456643674414,0.1326123565868596,0.0845184815466856,-0.07732524075239515,0.24636220384576635,0.866160495359092,0.6546013222083432,1.0777196685098407
89.29993504843128,-0.03682836137429879,-0.20510901204329082,0.13145228929469324,0.08324572058234633,-0.07868989655202763,0.2451813377167203,0.8687424398035141,0.6574771728908482,1.08000770671618
89.4015983733868,-0.03667947859160335,-0.20508412441595741,0.13172516723275068,0.08278187933988744,-0.07944815796892597,0.24501191664870087,0.8708187903890255,0.6604688119620938,1.0811687688159572
89.4976137358448,-0.03655424793576102,-0.2053230012831022,0.1322145054115802,0.08351562851978268,-0.07919629648007957,0.24622755351964493,0.8753387585576226,0.6649230496128571,1.085754467502388
89.59927706080032,-0.036818309571163554,-0.20600203984728555,0.13236542070495844,0.0844230870381222,-0.07893374246221659,0.247779916538461,0.8810404833999379,0.670452811740964,1.0916281550589118
89.70094038575584,-0.03773330704277306,-0.20713052384803138,0.13166390976248527,0.08496994760459906,-0.07862725699478407,0.24856715220398218,0.8835815472913902,0.6737151390479148,1.0934479555348655
89.80260371071137,-0.03865826610658479,-0.20818450870553407,0.13086797649236448,0.08589458670968154,-0.07755326097456823,0.24934243439393133,0.883729474498445,0.6750696440716683,1.0923893049252216
89.89861907316936,-0.04125600159466812,-0.21068993340819037,0.1281779302188541,0.08633285283872223,-0.07701660971911344,0.24968231539655789,0.8830116854993306,0.6753958486482311,1.0906275223504303
90.00028239812488,-0.043247670860098494,-0.2127413645432083,0.12624602282301134,0.08523507755781484,-0.07777605697570442,0.2482462120913341,0.8815692350799669,0.6740813945255435,1.0890570756343902
90.1019457230804,-0.0441471770341314,-0.21366079750763645,0.12536644343937364,0.08393575009080831,-0.07884458747966394,0.24671608766128056,0.880348375484032,0.6726819826712159,1.0880147682968482
90.1979610855384,-0.04356793826596703,-0.2131235382412704,0.12598766170933634,0.08369253669966734,-0.0787227574307435,0.24610783083007817,0.8786085579365246,0.6707408762619034,1.0864762396111458
90.29962441049392,-0.042172191165666076,-0.21200792523902134,0.12766354290768922,0.08430108983638991,-0.07749583986026241,0.24609801953304222,0.8769282130587248,0.6684456058796062,1.0854108202378434
90.40128773544944,-0.042184723667624435,-0.21206888063827478,0.1276994333030259,0.08491963152313306,-0.07629384933990124,0.24613311238616736,0.8743202842458369,0.665847240361294,1.0827933281303799
90.49730309790743,-0.04253838091912196,-0.21255304436789094,0.12747628252964702,0.08483247453441146,-0.07603959116534979,0.2457045402341727,0.873300442470732,0.6642212340007712,1.0823796509406929
90.59896642286296,-0.04284386942801385,-0.21287558222463196,0.12718784336860425,0.08511293848681296,-0.07518391766867034,0.2454097946422963,0.8705511722975685,0.6624808666364768,1.0786214779586603
90.70062974781848,-0.04286592030601921,-0.21281721916936247,0.12708537855732405,0.08469056991988977,-0.07526341974102083,0.24464455958080036,0.8683177568865662,0.6611495331019426,1.0754859806711898
90.802293072774,-0.04344218878654506,-0.21322474055148027,0.12634036297839013,0.08442200201788805,-0.07544304198156007,0.24428704601733617,0.8669688646888242,0.6607620023843481,1.0731757269933002
90.898308435232,-0.044171729461401396,-0.2136865986573332,0.12534313973453043,0.08388872972509268,-0.0759058068263263,0.24368326627651166,0.8651546029850773,0.6600945943755773,1.0702146115945772
90.99997176018752,-0.046150348703988944,-0.21546677328372904,0.12316607587575117,0.08413848442606857,-0.07527666749430979,0.24355363634644694,0.8624039585240033,0.6585698921936705,1.0662380248543362
91.10163508514303,-0.04864926771421092,-0.21791783121952768,0.12061929579110585,0.0846572084116861,-0.07447054062885532,0.2437849574522275,0.861028449397116,0.6582273305420266,1.0638295682522054
91.19765044760103,-0.05041697393793222,-0.21981883029562183,0.11898488241975737,0.08502012959696587,-0.07382350907442381,0.24386376826835554,0.8605521193608188,0.6587259307168597,1.0623783080047777
91.29931377255656,-0.05092129838573781,-0.22082892031103468,0.11898632353955907,0.08551459097493473,-0.0732013606184115,0.24423054256828097,0.8627552183633574,0.6605561834390252,1.0649542532876897
91.40097709751207,-0.05126649752071935,-0.2214146634097656,0.11888166836832689,0.08627873568040054,-0.07251098981834803,0.2450684611791491,0.8645817685337256,0.6614837720927891,1.067679764974662
91.50264042246759,-0.05145125896388558,-0.22176910980584377,0.11886659187807261,0.08709754200572084,-0.07175297253462457,0.24594805654606625,0.8659587513829701,0.6620382311105766,1.0698792716553636
91.5986557849256,-0.050958999836184765,-0.2218149089779472,0.11989690930557767,0.0884024835300543,-0.07062411860667149,0.24742908566678007,0.86991646799545,0.6646126592753124,1.0752202767155874
91.70031910988111,-0.049645993526813245,-0.2213056387538822,0.1220136517002557,0.08992988894391613,-0.06942662435486657,0.24928640224269882,0.8760569132129241,0.6693598629261376,1.0827539634997105
91.80198243483663,-0.05012166754823964,-0.22249597057732595,0.12225263548084665,0.09037042998684239,-0.06931004443497601,0.2500509044086608,0.8816931870752852,0.6738961866403367,1.0894901875102336
91.89799779729462,-0.051523826427419414,-0.2242683178617731,0.12122066500693428,0.09170650794442753,-0.06787955773091547,0.25129257361977053,0.8836190081442322,0.6751165042586336,1.0921215120298309
91.99966112225015,-0.053675111804293824,-0.22635068329958494,0.11900045969099729,0.09285938262846655,-0.06643703096911546,0.25215579622604856,0.8822253643229446,0.6741486730338684,1.0903020556120209
92.10132444720567,-0.055201346086455313,-0.22767976085856567,0.11727706868565503,0.09395386503891365,-0.06535209975505127,0.25325982983287854,0.8815704472435208,0.6736136615799544,1.0895272329070873
92.19733980966366,-0.05643609960756463,-0.22897495940275064,0.11610276018762139,0.09463905254770986,-0.0647168605138415,0.2539949656092612,0.8824176219273887,0.6732737309562574,1.09156151289852
92.29900313461918,-0.05620069588023756,-0.22882056982237686,0.11641917806190173,0.09589429538835932,-0.06351072210458265,0.2552993128813013,0.8833183550021547,0.6731929848221203,1.0934437251821891
92.40066645957471,-0.055993959407856064,-0.22840680834581908,0.11641888953010696,0.09575585512261177,-0.06394983803117514,0.25546154827639866,0.8836554349610979,0.6740572264843945,1.0932536434378013
92.50232978453023,-0.056572065159567295,-0.22884083374601327,0.11569670342687867,0.09516634037220281,-0.06486761768025281,0.2552002984246584,0.8844803405827055,0.6757922767736267,1.0931684043917844
92.59834514698822,-0.0567984617408404,-0.2289643798290677,0.11536745634738689,0.09370869170680406,-0.06641645166954203,0.25383383508315016,0.8841323851552221,0.6759762446240053,1.0922885256864387
92.70000847194375,-0.05611228735228496,-0.22809255908412074,0.11586798437955081,0.09297791517813558,-0.06746125986008558,0.2534170902163567,0.8844986962272682,0.67691675369409,1.0920806387604465
92.80167179689927,-0.056703589530018,-0.2286386601568078,0.11523148109677181,0.09354657856352704,-0.06716132087225367,0.2542544779993077,0.8857877122666735,0.6780972200202791,1.093478204513068
92.89768715935726,-0.05741213654119026,-0.22927033923020212,0.1144460661478216,0.09454660097544734,-0.066605407191972,0.2556986091428667,0.8878948123960414,0.6798342703367728,1.09595535445531
92.99935048431279,-0.05811948277933272,-0.23017619730155847,0.11393723174289304,0.0942060282570877,-0.06717384071239586,0.25558589722657127,0.8901487350278405,0.6822698264402385,1.0980276436154426
93.10101380926831,-0.06023597612826348,-0.23265194757487873,0.11217999531835177,0.09274353812209131,-0.06877288550883039,0.254259961753013,0.8927738073373728,0.6845749975942018,1.1009726170805436
93.20267713422383,-0.06212757058802511,-0.23477025792103018,0.11051511674497995,0.09232875306902204,-0.06945179129169705,0.25410929742974114,0.8955097965371144,0.6866989922975227,1.104320600776706
93.29869249668182,-0.06321440852380836,-0.23610030424980985,0.10967148720219314,0.09173553173454088,-0.07025936451696904,0.25373042798605083,0.8979574853355108,0.688819268024562,1.1070957026464596
93.40035582163735,-0.06381960280262478,-0.23713500079846705,0.1094957951932175,0.09230450753842195,-0.06958708602920005,0.25419610110604396,0.8999570609226342,0.6914454354027932,1.108468686442475
93.50201914659287,-0.06480567974401868,-0.2384485034129279,0.10883714392489052,0.09257700852011377,-0.0691455201518292,0.2542995371920568,0.9010633539212131,0.6937728356095906,1.1083538722328354
93.59803450905086,-0.06588033556775387,-0.23973835277816707,0.10797768164265932,0.09277376569123355,-0.0687856310453547,0.2543331624278218,0.9015880090337078,0.6951951113539763,1.1079809067134394
93.69969783400639,-0.06601319885376897,-0.24012439404243313,0.1080979963348952,0.09235624198908492,-0.06901265791035126,0.2537251418885211,0.9019475881132917,0.6965338325915125,1.1073613436350709
93.80136115896191,-0.06625217040748042,-0.24082221683841426,0.10831787602345343,0.09120189297553247,-0.07002416051638993,0.25242794646745487,0.9035643893974836,0.6986389396732404,1.1084898391217268
93.8973765214199,-0.0678459875240142,-0.24258218418433208,0.10689020913630369,0.0897061970318395,-0.0715102949567276,0.2509226890204066,0.9043745018018055,0.6998370710278645,1.1089119325757464
93.99903984637542,-0.06960827226974495,-0.2444550299820947,0.1052384854426048,0.08870967528305962,-0.0724992070164005,0.24991855758251974,0.9050099853442366,0.7001562485907598,1.1098637220977134
94.10070317133095,-0.07070922961788671,-0.2458044840918402,0.10438602485606675,0.08749742135662698,-0.0736993144775734,0.24869415719082738,0.9062609673960164,0.700473544944464,1.1120483898475686
94.20236649628647,-0.07201974789214367,-0.24710973852834495,0.10307024274405761,0.086188516934568,-0.0747070767253657,0.2470841105945017,0.9046613788013228,0.6985032985063155,1.11081945909633
94.29838185874446,-0.07244458723379572,-0.2476313665744238,0.10274219210683237,0.08431517137836443,-0.07649640571250764,0.2451267484692365,0.9045117876029887,0.6984595308551216,1.1105640443508558
94.40004518369999,-0.07245824975060962,-0.24794787600079088,0.10303137649957163,0.08329668108066274,-0.07777110231282588,0.24436446447415136,0.9073195269600463,0.7011285002838872,1.1135105536362053
94.50170850865551,-0.07263642880625198,-0.24831031905683287,0.1030374614443289,0.08189006571280795,-0.07941753434076308,0.24319766576637897,0.9093535221105162,0.7034509882391511,1.1152560559818814
94.5977238711135,-0.07299392738780056,-0.24875007281156633,0.10276221803596522,0.08060242626588958,-0.08072279123007765,0.24192764376185683,0.9097420649543724,0.7040694612983662,1.1154146686103785
94.69938719606903,-0.07344382842389796,-0.24899351666671424,0.10210585981891832,0.07933524653378883,-0.08194131247865598,0.24061180554623363,0.9082133947894218,0.7032878991546295,1.1131388904242139
94.80105052102455,-0.07365759236614355,-0.24894234373461382,0.10162715900232672,0.07748612792612226,-0.0838339360680677,0.23880619192031222,0.9067098912249094,0.7028822719596396,1.1105375104901793
94.90271384598006,-0.0734223628167395,-0.24824915313205248,0.10140442749857348,0.07632375069310667,-0.08510520603560044,0.23775270742181376,0.9045214516849758,0.7013715427099025,1.107671360660049
94.99872920843806,-0.07304670401683547,-0.24743384591827458,0.10134043788460365,0.0761154104335515,-0.08567733383195678,0.23790815469905977,0.903867559002361,0.7008343474519525,1.1069007705527696
95.10039253339357,-0.07169875601323256,-0.24572903570715857,0.10233152368069345,0.07680934602600166,-0.08492434169818937,0.2385430337501927,0.9015155828513605,0.6986156875426488,1.1044154781600721
95.2020558583491,-0.06941519932877618,-0.24335877920656293,0.10452838054901056,0.07750919650281218,-0.08420146774908652,0.23921986075471088,0.9007079033778014,0.6971865794256566,1.104229227329946
95.2980712208071,-0.0678024425686794,-0.24161519879866947,0.10601031366131067,0.07699076427423356,-0.08495557415853626,0.23893710270700336,0.9008921423294614,0.6963576292188638,1.105426655440059
95.39973454576261,-0.0653122567468595,-0.23935247208049548,0.10872795858677647,0.07666736286602462,-0.0857845712516087,0.23911929698365791,0.9043467342842277,0.6983261150488348,1.1103673535196208
95.50139787071814,-0.06179791814409674,-0.23655567873450437,0.11295984244631088,0.07653661718709352,-0.08691788687825507,0.2399911212524421,0.9129831971994343,0.7038645100222883,1.1221018843765802
95.59741323317614,-0.059949466332793855,-0.23558787868110173,0.11568894601551402,0.07609279906195886,-0.08813496796512792,0.24032056608904562,0.9215560140221271,0.7092368319512619,1.1338751960929923
95.69907655813165,-0.05942656029276416,-0.23538982560606628,0.11653670502053795,0.07474495313906496,-0.09003934098901512,0.23952924726714503,0.9259809030516565,0.7114041146022865,1.1405576915010265
95.80073988308718,-0.06099385524613618,-0.23684692246457725,0.11485921197230489,0.07434286362865256,-0.09073101913963344,0.23941674639693855,0.9270050465408022,0.7110600649127359,1.1429500281688685
95.9024032080427,-0.062305234242543195,-0.23808366556849828,0.11347319708341189,0.07313862383503526,-0.09197664496185563,0.23825389263192615,0.9267906850874286,0.7108865594918491,1.142694810683008
95.99841857050069,-0.06266865075369309,-0.23825751056441474,0.11292020905702858,0.07265650527078708,-0.09240740326154341,0.2377204138031176,0.9254474399624456,0.7097508728755052,1.141144007049386
96.10008189545621,-0.06185949185904331,-0.23734719393001585,0.11362821021192922,0.07207189049482166,-0.09297972501176074,0.23712350600140406,0.9246377683587234,0.7085247754241688,1.140750761293278
96.20174522041174,-0.059550773124797035,-0.23490081904232335,0.11579927279272928,0.07165417854167555,-0.09307536522539714,0.23638372230874824,0.9218598831587003,0.7043333716077385,1.139386394709662
96.29776058286973,-0.05700391540750556,-0.23232483633174383,0.11831700551673273,0.07108473771239239,-0.09354877648111966,0.23571825190590445,0.9208216489567298,0.7015792571385056,1.140064040774954
96.39942390782525,-0.05574309382331269,-0.23121553417278298,0.1197293465261576,0.07107827283735191,-0.09336009529095296,0.23551664096565678,0.920504011541829,0.7000392729234394,1.1409687501602186
96.50108723278078,-0.05598237622809801,-0.23193123288545683,0.11996648042926081,0.07087033784159298,-0.09332815185720857,0.23506882754039454,0.9218988393194125,0.7000002609248044,1.1437974177140207
96.6027505577363,-0.05722001365954839,-0.2336075363233721,0.11916750900427535,0.07083499684289281,-0.09323566145128216,0.2349056551370678,0.9238102507814199,0.6999724969676331,1.1476480045952067
96.69876592019429,-0.05775245512854023,-0.23422661581305687,0.11872170555597643,0.07151128054708401,-0.092759403190469,0.23578196428463705,0.9254861558719846,0.7005248202775393,1.15044749146643
96.80042924514981,-0.05871294375008408,-0.23505030613316952,0.11762441863300134,0.07266727345430776,-0.09189140352600964,0.23722595043462516,0.926497280864037,0.7014950008590844,1.1514995608689895
96.90209257010534,-0.0591282187802087,-0.23516721071304553,0.11691077315262814,0.07198725134495756,-0.09278358380106189,0.23675808649097702,0.9258914433786619,0.7015464092967036,1.1502364774606202
96.99810793256333,-0.05932612083521374,-0.2347202804213997,0.11606803875097221,0.07049219706002821,-0.09459408644325895,0.23557848056331537,0.92376830328664,0.700269926546623,1.1472666800266569
97.09977125751885,-0.05936185239910051,-0.23439802396847365,0.11567431917027261,0.0701972740444631,-0.09513612370835875,0.23553067179728496,0.9230400799164498,0.7011201856066016,1.144959974226298
97.20143458247438,-0.05875238248593412,-0.23340131630865807,0.11589655133678983,0.07059102495804753,-0.09505599132738626,0.23623804124348133,0.9225248487034675,0.7019338024473355,1.1431158949595996
97.29744994493237,-0.05679357341487454,-0.23106819487878094,0.11748104804903187,0.06984268960628481,-0.09607603264823394,0.23576141186080357,0.9215542057697776,0.7020365168553485,1.1410718946842067
97.39911326988789,-0.05352403547786838,-0.22722064920397514,0.12017257824823838,0.06839196362643833,-0.09782376892537016,0.23460769617824684,0.919376192952768,0.7008058685449281,1.1379465173606078
97.50077659484342,-0.05071715369124094,-0.22392823802009754,0.12249393063761566,0.06797853914590613,-0.09846711023727214,0.2344241885290844,0.9175766115302756,0.6996026087856582,1.135550614274893
97.60243991979894,-0.04892190054492923,-0.2217251794780245,0.12388137838816604,0.06795300638681935,-0.09867665754505157,0.2345826703186903,0.9161350756164002,0.6987161016791665,1.1335540495536338
97.69845528225693,-0.04736650348672805,-0.2199289260691989,0.1251959190957428,0.06715368138215169,-0.09970924888207178,0.23401661164637516,0.9157922665680054,0.6985482267290927,1.133036306406918
97.80011860721245,-0.046160618682859325,-0.21851564364871984,0.12619440628300116,0.06519294409860638,-0.10160650376889768,0.23199239196611043,0.9139572716451965,0.697027301051889,1.130887242238504
97.90178193216798,-0.046178240973017426,-0.21852617443599592,0.12616969248996107,0.06540402638455221,-0.10100607865097373,0.23181413142007817,0.9119012155216022,0.6950169514645224,1.128785479578682
97.99779729462597,-0.04610056499028903,-0.21852998631876427,0.12632885633818622,0.06573890268785962,-0.10050218777261677,0.231979993148336,0.9114942165155253,0.6945345536414698,1.1284538793895809
98.09946061958149,-0.04706542537717366,-0.21951958689185802,0.12538873613751073,0.06574164066774911,-0.10059433006634565,0.23207761140184385,0.912216895644731,0.6948864080106528,1.1295473832788092
98.20112394453702,-0.0487961418326983,-0.2213934292899961,0.1238011456245995,0.0658413929281533,-0.10081651112048193,0.23249929697678853,0.9148662835491532,0.6959140932297476,1.1338184738685588
98.30278726949253,-0.05064352096956935,-0.22329293609301754,0.12200589415387882,0.06583836905577195,-0.10090980503569735,0.23258654314724125,0.9158083190856676,0.695902965614231,1.1357136725571042
98.39880263195053,-0.05252239269095825,-0.22502886036514275,0.11998407498322626,0.06529351210924261,-0.1013637096308729,0.23195073384935813,0.9146739270457275,0.6939822564663739,1.1353655976250812
98.50046595690605,-0.05480951855930093,-0.22721669112149356,0.11759765400289172,0.06384267464755569,-0.10270807304022228,0.23039342233533366,0.9136320400509498,0.6917309085902125,1.1355331715116872
98.60212928186156,-0.05611829830452801,-0.22830954748658427,0.11607295087752824,0.062236317670339145,-0.10409266076076366,0.22856529610144194,0.9112362010544406,0.6898507712202656,1.1326216308886154
98.69814464431957,-0.05725387422616571,-0.2293010703782642,0.11479332192593278,0.06189467686021283,-0.10410383130987069,0.22789318503029635,0.9088076100281205,0.6880131735817298,1.1296020464745113
98.7998079692751,-0.05802281122359701,-0.22982373925115285,0.11377811680395883,0.06191512510718698,-0.10360255736691319,0.22743280758128714,0.905048129598278,0.6862459640586787,1.1238502951378773
98.9014712942306,-0.058769455181190935,-0.2302568646276778,0.11271795426529592,0.06202190111894791,-0.1031578054655204,0.22720160770341624,0.9016873524734734,0.6851887300720584,1.1181859748748884
98.99748665668861,-0.059684126197891,-0.2309106178667375,0.11154236547095552,0.06263435549409814,-0.10206602622580808,0.22733473721400438,0.8979668138447996,0.6834341254120955,1.1124995022775037
99.09914998164412,-0.06003878268269233,-0.23141263758652977,0.11133507222114511,0.06233150185335079,-0.10199124199743967,0.22665424570414125,0.8968077005086049,0.6830642033848288,1.1105511976323812
99.20081330659964,-0.059766927457395286,-0.2314413810930943,0.11190752617830374,0.06220686804022475,-0.10182392793970184,0.22623766402015133,0.8968741088093893,0.683584453453436,1.1101637641653426
99.30247663155517,-0.05977749049855394,-0.23176992142807107,0.1122149404309632,0.06165442913394524,-0.10216966939283718,0.22547852766072768,0.8974618381117812,0.6844021479717562,1.1105215282518062
99.39849199401316,-0.05948132196363147,-0.23164521987473063,0.11268257594746768,0.06194576014209817,-0.10139050588850439,0.2252820261727007,0.8958756325183401,0.6828350226514782,1.1089162423852021
99.50015531896868,-0.05961663399773302,-0.23165659984633546,0.1124233318508694,0.06170133975120334,-0.1015800660970686,0.2249827455994753,0.8949058656660694,0.6827394433399518,1.107072287992187
99.6018186439242,-0.05995209222313877,-0.2318550223391575,0.11195083789287996,0.06247516933110009,-0.10104132960867138,0.22599166827087155,0.8955105480783333,0.684363587966014,1.1066575081906525
99.6978340063822,-0.0607178334880774,-0.23278822419868772,0.11135255722253294,0.06311526929344076,-0.10098973116213396,0.2272202697490155,0.8996338150617241,0.6879445728694906,1.1113230572539576
99.79949733133772,-0.06099916198527219,-0.23337699973296858,0.11137867576242419,0.0628403981255706,-0.10153893546381881,0.22721973171496002,0.9027257815804948,0.6896984791840749,1.1157530839769145
99.90116065629324,-0.06178265574555809,-0.2344479032832441,0.11088259179212791,0.06264949998799066,-0.10170265898323755,0.22700165895921887,0.9042215967824961,0.6902712576973158,1.1181719358676765
100.00282398124877,-0.0629219268725767,-0.23571699624448733,0.10987314249933394,0.06246988439037052,-0.10204926740565404,0.22698903618639507,0.9059151437345687,0.691191521336077,1.1206387661330603
100.09883934370676,-0.06406676232196004,-0.23681867516220192,0.10868515051828184,0.06273289692160565,-0.1023496044898677,0.227815398333079,0.908787525224715,0.6934898594049026,1.1240851910445273
100.20050266866228,-0.06547379275903006,-0.23840808177774364,0.10746049625968351,0.06261007532989661,-0.10311566077256741,0.22833581143236065,0.913305974305708,0.6971402346614286,1.1294717139499875
100.3021659936178,-0.06618980056628657,-0.23905185823013433,0.1066722570975612,0.06239533596110501,-0.10390689890209197,0.22869757082430198,0.9159991312690697,0.6989006114099473,1.133097651128192
100.3981813560758,-0.06715089939632621,-0.23987979522261416,0.10557799642996174,0.06135365148218261,-0.10532551499677728,0.2280328179611425,0.9172524518166555,0.700306658708414,1.1341982449248968
100.49984468103132,-0.06793332618806165,-0.24005194168623656,0.10418528931011327,0.06105163423838331,-0.10548072009428425,0.22758398857105086,0.91322926215888,0.6979158471642092,1.128542677153551
100.60150800598684,-0.06725352986248233,-0.23884581516960568,0.10433875544464104,0.06144170729663216,-0.105105834518271,0.22798924911153534,0.9104109554747034,0.6957455594628785,1.1250763514865283
100.69752336844483,-0.06621472880898116,-0.23763628839017778,0.10520683077221546,0.06238696199130417,-0.10424363823778618,0.22901756222039452,0.9099020632052869,0.6947347030525861,1.1250694233579877
100.79918669340036,-0.06655234124254876,-0.23764942028029207,0.10454473779519456,0.0637635209422643,-0.10290767840785205,0.23043472029238066,0.9085806465027593,0.6935655385496367,1.123595754455882
100.90085001835588,-0.06645238798752204,-0.23691202560700284,0.10400724963195876,0.06513179466785315,-0.10173545594199129,0.2319990452776976,0.9063405046552963,0.6918018400710936,1.120879169239499
101.0025133433114,-0.06759327508771096,-0.23771869840102947,0.10253214822560755,0.06627551627671074,-0.10055193789909886,0.23310297045252035,0.9046384476241894,0.6905549649095846,1.1187219303387943
101.0985287057694,-0.06946911620848098,-0.239580196276851,0.10064196385988905,0.06718150880222759,-0.09990016031159468,0.23426317791604986,0.9062786319201316,0.6909913648877548,1.1215658989525084
101.20019203072492,-0.07110199036203449,-0.24095317324546994,0.09874919252140096,0.06790315393239796,-0.09950752801958873,0.23531383588438465,0.9069479462477972,0.6902577061226863,1.123638186372908
101.30185535568044,-0.07133123620187318,-0.24122302884319763,0.09856055643945127,0.06793444507523626,-0.09952488904702443,0.23539377919749693,0.9074595386567791,0.6893259129615621,1.125593164351996
101.39787071813844,-0.07155094988465538,-0.24155846186398652,0.09845656209467576,0.06658126257519068,-0.1009101238761097,0.23407264902649105,0.9080988025332227,0.6891941810999587,1.1270034239664868
101.49953404309396,-0.07024017080752311,-0.24026017400505972,0.09977983239001349,0.06508765218888336,-0.10240046125921955,0.2325757656369863,0.907765993858411,0.6895350893575157,1.1259968983593063
101.60119736804948,-0.068814179767612,-0.23894316565881304,0.10131480612358904,0.06509743469571025,-0.10223266878953266,0.23242753818095316,0.9073191731599577,0.69071216412108,1.1239261821988353
101.69721273050747,-0.0674477358147667,-0.23726439071926048,0.1023689190897271,0.0653093900110899,-0.10187867195564057,0.23249745197782037,0.9047359637121382,0.6903563581254759,1.1191155692988004
101.798876055463,-0.06650875509968457,-0.23581389135294473,0.10279638115357559,0.06588377187783508,-0.10148556780092603,0.23325311155659617,0.902905679448376,0.6909705519570859,1.114840806939666
101.90053938041852,-0.06499532841456256,-0.23384289809093617,0.10385224126181104,0.06685094951727392,-0.10093744061913325,0.2346393396536811,0.9026097618635491,0.6918647444336975,1.1133547792934007
102.00220270537405,-0.06344340904238817,-0.23212150384935715,0.1052346857645808,0.0680657544211859,-0.09995420054001344,0.23608570938238524,0.9028986794909323,0.6917402604975779,1.1140570984842868
102.09821806783204,-0.061730277601809116,-0.2303752586960754,0.10691470349245717,0.06663856113115445,-0.1013884118389133,0.2346655341012222,0.9023529775096779,0.6909752457344658,1.11373070928489
102.19988139278756,-0.059409196232925385,-0.22796439943435526,0.1091460069685045,0.0661402752154044,-0.10231923422979693,0.23459978466060571,0.9038241530928454,0.6923506282824001,1.1152976779032906
102.30154471774307,-0.05565536210675309,-0.2240359586901328,0.1127252344766266,0.06642896497966592,-0.10253625377485447,0.2353941837341863,0.9051943868957496,0.6944685797326617,1.1159201940588375
102.39756008020107,-0.05402279756401336,-0.22182998586306724,0.11378439073504053,0.06731560743611949,-0.10182329247492873,0.23645450734716772,0.9030191097571715,0.693268765459414,1.112769454054929
102.4992234051566,-0.053834310171961525,-0.22130929990932752,0.11364067956540447,0.0677746959631882,-0.1015233163344021,0.23707270826077853,0.9021531835851849,0.6928048567334727,1.111501510436897
102.60088673011211,-0.055371309819598105,-0.22285040574742604,0.11210778610822984,0.0688755012820892,-0.1005767251487757,0.23832772771295413,0.9033173044034645,0.6938764457477041,1.1127581630592247
102.70255005506763,-0.0576196233289778,-0.22531710355062448,0.11007785689266888,0.06993386198288963,-0.09986186255729827,0.23972958652307752,0.9067114400162316,0.6973839342548881,1.116038945777575
102.79856541752564,-0.059977164991807455,-0.2277150476315558,0.10776071764794092,0.07046557929117327,-0.09932128943170986,0.24025244801405637,0.9072296937268679,0.6990303771881837,1.1154290102655522
102.90022874248115,-0.06303262363098253,-0.23083512520615984,0.10476987794419479,0.07010056817575343,-0.0993322902985553,0.23953342665006216,0.906001782968517,0.6986886974626337,1.1133148684744003
103.00189206743667,-0.06606668820165065,-0.23409752785450466,0.10196415145120336,0.06840310617201949,-0.10092961086759188,0.23773582321163084,0.9068329481885785,0.6997292907669219,1.113936605610235
103.09790742989466,-0.06702191121126365,-0.23510842075674998,0.10106459833422267,0.06831363478759114,-0.100724786066867,0.23735205564204928,0.9056720309003179,0.6994327909117876,1.1119112708888483
103.19957075485019,-0.06645675830254733,-0.23498223991611483,0.10206872331102018,0.0694337558934965,-0.09936383080908105,0.23823134259607404,0.9067984392591699,0.700319401048912,1.1132774774694278
103.30123407980571,-0.06590458191968447,-0.23493719059953583,0.1031280267601669,0.07041529429413505,-0.09835859983998589,0.23918918842825598,0.909437083918358,0.70270657685955,1.116167590977166
103.3972494422637,-0.0651363707543782,-0.23453970565593868,0.10426696414718228,0.07122014593349264,-0.09734253300877012,0.23978282487575542,0.9103057405005786,0.7039816177852759,1.116629863215881
103.49891276721922,-0.06429499891834488,-0.23419040257220997,0.1056004047355202,0.07258963444418222,-0.09612976381311801,0.24130903270148246,0.9138616553650495,0.7079221972234129,1.119801113506686
103.60057609217475,-0.06360182392131931,-0.23368291412205583,0.10647926627941721,0.07438787313181112,-0.09447254080793364,0.24324828707155588,0.9157842453655294,0.7101293137555245,1.1214391769755343
103.70223941713027,-0.0629318571454171,-0.23284950502891846,0.10698579073808426,0.0739169794809133,-0.09532071712532614,0.24315467608715274,0.9167653369623745,0.7120146660943607,1.1215160078303883
103.79825477958826,-0.06343725158291096,-0.23304330983435217,0.10616880666853025,0.07357414512806972,-0.0962833109566008,0.2434316012127402,0.9184251238729357,0.7137441853999257,1.123106062345946
103.89991810454379,-0.064775240141423,-0.23407378293479764,0.10452330265195164,0.07303814520445485,-0.09714109514139495,0.24321738555030464,0.9186001234664902,0.714220047090474,1.1229801998425064
104.00158142949931,-0.06560542161847985,-0.2348294877339235,0.10361864449696381,0.07288513285063221,-0.09764107662646641,0.24341134232773082,0.9201532539852659,0.715078230769703,1.1252282772008289
104.0975967919573,-0.06689753166303945,-0.23601963467089804,0.10222457134481915,0.07238215809603493,-0.09852462364485517,0.24328893983692504,0.9217570915202498,0.7164367397298191,1.1270774433106805
104.19926011691282,-0.06880096939995343,-0.23760195108077614,0.10000001228086929,0.07149805055642558,-0.09964799939069485,0.242644100503546,0.9214673985269517,0.7159932758144877,1.1269415212394158
104.30092344186835,-0.06979732578746622,-0.23820965236006497,0.09861500078513252,0.07061590171572737,-0.10038074009623063,0.24161254352768538,0.9186060461530067,0.7132128006687921,1.1239992916372212
104.40258676682387,-0.06991745983692546,-0.2379895456255908,0.09815462595173988,0.07018135366332662,-0.10051325882101061,0.24087596614766385,0.9151273884648603,0.7095919897916994,1.1206627871380213
104.49860212928186,-0.07006307348357452,-0.23783398794647803,0.097707840979329,0.06996986699077962,-0.10041954697816949,0.24035928095972872,0.9118801576077367,0.7058876715391157,1.1178726436763575
104.60026545423739,-0.0699713229910144,-0.23756683872083428,0.09762419273880547,0.07037338127763129,-0.09971100785056983,0.2404577704058324,0.9093575387428313,0.7020085049114044,1.1167065725742582
104.70192877919291,-0.07041451350589242,-0.237755940170867,0.09692691315908214,0.07090120446529329,-0.09938620128343499,0.24118861021402155,0.9092418633850673,0.6997235531400818,1.1187601736300528
104.7979441416509,-0.07179192278225228,-0.23903088385495158,0.09544703829044703,0.07050432619977082,-0.10018225047851495,0.24119090287805658,0.9109880105020349,0.6995441935733766,1.1224318274306933
104.89960746660643,-0.073969244319269,-0.2411515132983293,0.0932130246597913,0.07005216473385059,-0.10117001421925631,0.2412743436869575,0.9138317683838123,0.7001583576645856,1.127505179103039
105.00127079156195,-0.07554550129291239,-0.24295321664127073,0.09186221405544596,0.06928491706493359,-0.1023947564035235,0.24096459053339067,0.917625463330819,0.7020621955024924,1.1331887311591455
105.09728615401994,-0.07762287313142754,-0.24536733627700105,0.09012159001414596,0.06870010090951556,-0.1030255876289409,0.24042578944797202,0.9198927735094108,0.7026366963190388,1.1371488506997829
105.19894947897546,-0.07906319031422507,-0.24725169458508506,0.08912531395663492,0.0672423047014229,-0.10437361810631435,0.23885822750916014,0.9216790164944694,0.7030770622394378,1.140280970749501
105.30061280393099,-0.08014882701206245,-0.24848407746208573,0.0881864234379608,0.06620828382195268,-0.10537818649386724,0.2377947541377726,0.9223334877068263,0.7030460732230474,1.1416209021906052
105.40227612888651,-0.08212502881317522,-0.25059740706168177,0.08634734943533133,0.06706606271575395,-0.10468336918532097,0.23881549461682888,0.924379812281887,0.7044509072216103,1.1443087173421638
105.4982914913445,-0.08388801789077323,-0.252537228448835,0.08476119266728856,0.06796635977506359,-0.10383748683725545,0.2397702063873826,0.926029466395598,0.7054389887080358,1.1466199440831604
105.59995481630003,-0.08476229419018924,-0.2530992902163305,0.08357470183595198,0.06820641590087825,-0.10377371252218984,0.24018654432394634,0.9255058413143468,0.7046604236129719,1.1463512590157217
105.70161814125555,-0.08480615520513314,-0.2526622114145182,0.08304990100425196,0.06829771481903078,-0.10350679486460167,0.24010222450266322,0.9220224277668138,0.7023703351569575,1.14167452037667
105.79763350371354,-0.08563128744917502,-0.2531617381810592,0.08189916328270917,0.06807693081350831,-0.10389086821221509,0.2400447298392317,0.9212957211419043,0.7024654666178167,1.1401259756659918
105.89929682866907,-0.08734704666758292,-0.2547170376949353,0.08002294435976948,0.067906286523054,-0.10405658923097635,0.23986916227708435,0.9206948121521606,0.7028798034357331,1.1385098208685882
106.00096015362459,-0.08799280846309983,-0.2554259027278467,0.07944028580164704,0.06736884422079073,-0.10399785757213609,0.23873554601371755,0.9178395111660262,0.701812508051116,1.1338665142809365
106.1026234785801,-0.08803240800614659,-0.2554268550121597,0.07936203899986655,0.06688908649648562,-0.10381001715397867,0.2375881901469499,0.9139752388093129,0.6997138896914308,1.128236587927195
106.1986388410381,-0.0895996805032083,-0.2570581707295554,0.07785880972313877,0.06632322733386624,-0.10349618480406135,0.2361426394717938,0.9097908070640731,0.6973650215526465,1.1222165925754999
106.30030216599361,-0.09023273047580456,-0.2578502185855858,0.07738475763397669,0.06528370545871084,-0.103804042920595,0.2343714538380167,0.906696383822385,0.6957896113334952,1.117603156311275
106.40196549094914,-0.08986115170632172,-0.25766563619451494,0.07794333278187149,0.06471364205568535,-0.10401684032123588,0.2334441244326066,0.9056408407291416,0.6952449230421955,1.1160367584160877
106.49798085340714,-0.0892123797542338,-0.2575168101606121,0.07909205065214453,0.06472716348650819,-0.1036420264613407,0.23309635343435708,0.9062559775981731,0.6960167570580054,1.1164951981383409
106.59964417836265,-0.08886324121757273,-0.25798351092356275,0.0802570284884173,0.06445317432279458,-0.10356042137573544,0.2324667700213246,0.9086142638302673,0.6980432861052762,1.1191852415552586
106.70130750331818,-0.08825990991380138,-0.25787094661890525,0.0813511267913025,0.06436999203937072,-0.10336586238012774,0.23210584645886917,0.9096481340474032,0.6985931984051926,1.1207030696896136
106.79732286577618,-0.08706971650334626,-0.2571447400009713,0.08300530699427881,0.06481184022028642,-0.10298104321238057,0.23260472365295343,0.9122848911891115,0.7006752985941007,1.1238944837841223
106.89898619073169,-0.08702804518692538,-0.25736268381210137,0.08330659343825063,0.06509432190411409,-0.1030401465013409,0.23322879030956906,0.9155188388763912,0.7037352026532928,1.1273024750994896
107.00064951568721,-0.08873586918721432,-0.25893407956002523,0.08146234118559656,0.06614441403515006,-0.10243999091218378,0.2347288189824839,0.9176140145936328,0.7060943107704856,1.12913371841678
107.10231284064274,-0.09145496889778748,-0.26123769054480395,0.07832775274922896,0.06746772195396232,-0.1012864888966936,0.23622193280461823,0.9169559594184022,0.7067145566152605,1.127197362221544
107.19832820310073,-0.09288745956812415,-0.2622570467379779,0.07648212760172958,0.06694170435011518,-0.10168307444053695,0.2355664831407673,0.9142499321591737,0.7054313176151543,1.1230685467031931
107.29999152805625,-0.09330732840870005,-0.2626693074933571,0.07605465067595697,0.06555290985428076,-0.10287178226724854,0.23397760197581008,0.9130395142803657,0.705002342621547,1.1210766859391843
107.40165485301178,-0.09446788603578885,-0.2637628836538949,0.07482711158231722,0.06390142541188856,-0.10448834365064358,0.2322911944744207,0.9125002152571609,0.7056646372738438,1.119335793240478
107.49767021546977,-0.09575216572373829,-0.2650242308453813,0.07351989939790474,0.0629742110026949,-0.10546884754218974,0.23141726954757955,0.9127875576112013,0.7072907405255389,1.1182843746968638
107.59933354042529,-0.09779049179230899,-0.2671914185288823,0.07161043494426429,0.0629303131104048,-0.1060155895002748,0.2318762157210844,0.9165415272331184,0.7110135401647816,1.1220695143014554
107.70099686538082,-0.10042691764561591,-0.27016242841697996,0.06930859312574815,0.06215046667863372,-0.10723986402615143,0.23154079738341887,0.9211288865575828,0.7155323226544295,1.1267254504607362
107.80266019033634,-0.1034436083434029,-0.27363035322971974,0.06674313654291396,0.06160226326630648,-0.10824139600626058,0.23144592253887353,0.9265220089071358,0.72045630322157,1.1325877145927017
107.89867555279433,-0.10551933269363274,-0.27603289279733095,0.06499422741006546,0.061400025971308725,-0.10857392925544909,0.23137398119806654,0.9293860159678449,0.7232626952705538,1.135509336665136
108.00033887774985,-0.10703548432677533,-0.27754063106619525,0.06346966241264458,0.06151767917414015,-0.10842145747738889,0.23145681582566918,0.9294907637970097,0.7235619960408604,1.135419531553159
108.10200220270538,-0.10938165962866538,-0.27987116749415386,0.06110784823682312,0.06259001455899482,-0.10742228627690253,0.23260231539489218,0.9304398598375255,0.7243084589504358,1.1365712607246152
108.19801756516337,-0.1122972062400566,-0.28250834661405,0.057913934133936834,0.06409265022755542,-0.10624686085947999,0.23443216131459083,0.9315372594983957,0.7244366373678787,1.1386378816289127
108.29968089011889,-0.1146767606222252,-0.28462348548244454,0.0552699642379941,0.0656286673654798,-0.10511501839335192,0.23637235312431154,0.9330325126457565,0.724661519284663,1.14140350600685
108.40134421507442,-0.11561815097210726,-0.28494562044089755,0.053709318496683006,0.06714785858505991,-0.10400418165245119,0.23829989882257102,0.9323390756335384,0.7233657926479646,1.141312358619112
108.49735957753241,-0.11672670734454171,-0.2857160263827606,0.052262611693677186,0.06731112564391423,-0.10411287639762531,0.23873512768545377,0.9322835987317328,0.7224905480691517,1.142076649394314
108.59902290248793,-0.1176856950959202,-0.28644787710013164,0.05107648690829125,0.06551455738680419,-0.10609223551347967,0.23712135028708803,0.9320486957982308,0.7213517019958464,1.1427456896006152
108.70068622744346,-0.11787811649752797,-0.28660088600456135,0.05084465300950544,0.0642096245383658,-0.10763167394137975,0.23605092301811137,0.9329855216207392,0.7212333768863644,1.144737666355114
108.80234955239898,-0.11721191402594136,-0.2860880326894506,0.05166420463756785,0.06365737573842713,-0.1081985849917118,0.23551333646856604,0.9336545319328574,0.7202457252886488,1.147063338577066
108.89836491485697,-0.11664297001236626,-0.28542054277185813,0.052134602747125613,0.06407706844705559,-0.10817681733108138,0.23633095422519257,0.9352103781133612,0.7209513756716721,1.1494693805550502
109.0000282398125,-0.11685468172423716,-0.2854070678689964,0.05169770442052207,0.06368983331132454,-0.10879688268422484,0.23617654930687393,0.9352782345394538,0.7205101946895527,1.150046274389355
109.10169156476802,-0.11727786512228197,-0.28571005034386915,0.051154320099305206,0.06325954230078182,-0.10920536999192182,0.23572445459348546,0.9345650070493589,0.7191222878030739,1.1500077262956439
109.19770692722601,-0.11746433432904063,-0.2855585059504582,0.05062983729237694,0.06216735252039854,-0.11002456383447198,0.23435926887526906,0.9311928639950486,0.7159170978818146,1.1464686301082827
109.29937025218153,-0.11840012793125271,-0.28582827739031735,0.04902802152781191,0.06006611562826267,-0.11222568064862085,0.23235791190514618,0.9281741273533115,0.7142389783425924,1.1421092763640306
109.40103357713706,-0.12000589176595511,-0.28705432497686373,0.04704254144495351,0.05880502484622219,-0.11380472712087861,0.23141477681332298,0.9281334411385552,0.7147740570238066,1.1414928252533039
109.50269690209257,-0.12020786756053065,-0.2869096546523806,0.04649391953131932,0.05850905394309269,-0.1142403953216409,0.2312585032078263,0.9270831742395639,0.714077317415459,1.1400890310636687
109.59871226455057,-0.12039853478987386,-0.2870347915466037,0.046237721966855966,0.057971207456563825,-0.11496081285068947,0.2309032277638171,0.9277174472736762,0.7154362370150288,1.1399986575323238
109.7003755895061,-0.12092029516287928,-0.28785321325285107,0.04601262292709252,0.05758579165108235,-0.11529705061327991,0.23046863391544462,0.9290916865522909,0.7170642251675291,1.1411191479370528
109.8020389144616,-0.12201396655549715,-0.28930872149794673,0.0452807883869524,0.057081311745952726,-0.11556340575196612,0.2297260292438716,0.9299093923878625,0.7189176951882229,1.1409010895875022
109.89805427691961,-0.12258228290798012,-0.28989935550198476,0.04473478968602451,0.0575807071273627,-0.11481328709268855,0.22997470134741393,0.9288586902662829,0.7187246338239959,1.1389927467085699
109.99971760187513,-0.12179437551208094,-0.28891153707694706,0.0453227860527852,0.05771310444865742,-0.11431355043458828,0.2297397593319031,0.9256306707821296,0.7171321368911556,1.1341292046731035
110.10138092683064,-0.12111813208598449,-0.28798628175958374,0.045750017587614794,0.05672987854203876,-0.11517533333118868,0.2286350904152662,0.9233828927246744,0.7158982401904244,1.1308675452589245
110.19739628928865,-0.1207639578691464,-0.28756680783344957,0.0460388920951568,0.05640076026116313,-0.11522191841278508,0.22802343893511134,0.9213850460745776,0.7146367377016223,1.128133354447533
110.29905961424416,-0.12009920804293953,-0.2867818564690715,0.04658344038319248,0.05669986341187562,-0.11462617962006429,0.22802590644381554,0.9190214434118998,0.7138348363630966,1.124208050460703
110.40072293919968,-0.11986262790373242,-0.28654954197253624,0.04682428616507142,0.057559491697179305,-0.11364835194512068,0.2287673353394793,0.9184465936219954,0.7138035615579894,1.1230896256860015
110.5023862641552,-0.1197441842672983,-0.2863434444725834,0.04685507593798682,0.057789141541565406,-0.11342297433621949,0.2290012574193503,0.9180069002775105,0.7133324837616046,1.1226813167934164
110.5984016266132,-0.11979833169960422,-0.2861865174599719,0.046589854060763464,0.05826477758089316,-0.11266733167598825,0.22919688683777456,0.9154548412899123,0.7112495703709827,1.1196601122088419
110.70006495156872,-0.11869804710031576,-0.2850722575270064,0.04767616332637484,0.05848490637430334,-0.11246235784851655,0.22943217059712323,0.9152264998520435,0.7115485659719042,1.1189044337321827
110.80172827652424,-0.11848631048812708,-0.28498425635134106,0.04801163537508693,0.058463329553516324,-0.11265457754507205,0.2295812366521047,0.9167444165228926,0.7137268641283593,1.1197619689174259
110.89774363898223,-0.11937983569500432,-0.28614276345066825,0.047383092060659576,0.05692274239849382,-0.11443067920316824,0.22827616400015588,0.9194448149930582,0.716804043944235,1.1220855860418815
110.99940696393776,-0.12100193989549307,-0.2879971921862663,0.04599331239528015,0.056291096974373706,-0.11527391244713842,0.22785610639588583,0.9221311930252548,0.7191647243489068,1.1250976617016029
111.10107028889328,-0.12096626118800063,-0.28784647854661816,0.04591395617061689,0.055636180272248495,-0.11590462065997177,0.22717698120446878,0.9213122981334333,0.7188508621545329,1.1237737341123337
111.2027336138488,-0.1203027851273083,-0.28703208793836493,0.046426517683748336,0.05449785464944629,-0.11700561594838102,0.2260013252472736,0.920030549191519,0.7174575088681114,1.1226035895149267
111.2987489763068,-0.11899767224852201,-0.2859030212916169,0.04790767679457286,0.05536880898442188,-0.11627331738670198,0.22701093535554573,0.9214911553718697,0.7188901382313659,1.1240921725123734
111.40041230126232,-0.1170373925807964,-0.2842021918907863,0.0501274067291935,0.05620948741767569,-0.11576194206571531,0.22818091690106668,0.9242747761330232,0.7216115873294089,1.1269379649366376
111.50207562621785,-0.11484278281049848,-0.2820772406916611,0.05239167507066417,0.05603828289953737,-0.11637030593343463,0.22844687173250938,0.9264892444313896,0.7248324325851205,1.1281460562776586
111.59809098867584,-0.11315540706982968,-0.2806497771489163,0.054338963009256946,0.054902881513831936,-0.11767873044736471,0.22748449347502858,0.9282927912138706,0.7273872585596504,1.129198323868091
111.69975431363136,-0.11201813430704902,-0.27995261157588786,0.05591634296178982,0.053858913879483314,-0.11906336695556925,0.2267811947145359,0.9321090083773372,0.7316493545023648,1.1325686622523097
111.80141763858688,-0.11162832604917872,-0.27982658751565964,0.05656993541730221,0.05212584932908665,-0.12113125957157078,0.22538295822974408,0.935065593299313,0.7354301476503853,1.1347010389482408
111.89743300104487,-0.11188849589181263,-0.2800846551377466,0.05630766335412135,0.05064005222392297,-0.12310214748949465,0.22438225193734057,0.9376154420534931,0.7388146847753675,1.1364161993316189
111.9990963260004,-0.11180923741253168,-0.27970852305994787,0.05609004823488453,0.04935565655763886,-0.12451947308599916,0.2232307862012769,0.9366241626148382,0.7383398794928611,1.1349084457368153
112.10075965095592,-0.11149378456786241,-0.2790514945261264,0.05606392539040156,0.04898601130253155,-0.12499640526680056,0.22296842787186366,0.9352984492463027,0.7373630899237931,1.1332338085688123
112.20242297591145,-0.11120314607646242,-0.27826268584021063,0.05585639368728579,0.04901635387785819,-0.12493785388625792,0.2229705616419743,0.9324520277995039,0.7353475770151381,1.1295564785838696
112.29843833836944,-0.10981720491283295,-0.2767432986694262,0.05710888884376031,0.04884994256152321,-0.12480230288357978,0.2225021880066262,0.9297703610787857,0.7335395065165795,1.126001215640992
112.40010166332496,-0.10948048496477189,-0.2764568773239578,0.057495907394414014,0.05040599653166716,-0.12301354038057868,0.223825533443913,0.928841737837599,0.7343926673854146,1.1232908082897834
112.50176498828048,-0.1089885921449216,-0.2761804484705464,0.05820326418070321,0.05150271469611356,-0.12173591249487362,0.22474134188710074,0.9289925589492375,0.736743050072473,1.121242067826002
112.59778035073847,-0.10862803279051855,-0.2759311292692599,0.058675063688222756,0.05112532193451609,-0.12192683082966753,0.2241774746986997,0.9284436476405961,0.7373482514452483,1.1195390438359438
112.699443675694,-0.10837076500159146,-0.2756433619924351,0.058901831989252224,0.05160888900776989,-0.12119818897529056,0.22441596699083033,0.9269393037996303,0.7363315664751893,1.1175470411240713
112.80110700064952,-0.10808082323734233,-0.27538895139577496,0.059227304921090296,0.05259610771684971,-0.11981208086523602,0.22500429629893542,0.9249945451136413,0.7347512249809046,1.1152378652463781
112.90277032560505,-0.10696845108291927,-0.2745397822478405,0.0606028800820019,0.05403068544854027,-0.11814712102419454,0.22620849192127507,0.9250464124232755,0.7344215026892332,1.1156713221573178
112.99878568806304,-0.1054376746556932,-0.2735131590405933,0.0626378097292069,0.055572164016208556,-0.1165584380633339,0.22770276609575102,0.9273034112240246,0.735589392739056,1.1190174297089932
113.10044901301856,-0.10355172542995161,-0.2718984673561394,0.06479501649623615,0.05754068978699285,-0.11484212309206158,0.22992350266604727,0.9299424116777222,0.73647587584017,1.1234089475152742
113.20211233797409,-0.10201692082257162,-0.27065890196948506,0.0666250603243418,0.059480392361531256,-0.113176792683598,0.23213757740666052,0.9329170172259047,0.7370752161832796,1.1287588182685298
113.29812770043208,-0.10122292133503416,-0.269905058223446,0.0674592155533777,0.06088787721383809,-0.11232835093079083,0.234104105358467,0.9361892082864627,0.7383166010282756,1.1340618155446498
113.3997910253876,-0.1013891182018444,-0.2698456931162902,0.06706745671260139,0.06279652787347294,-0.11091438477122388,0.23650744051816974,0.9379667406092616,0.7402307877615454,1.1357026934569778
113.50145435034311,-0.10257775776445557,-0.2708003428489628,0.0656448273200517,0.06465038059615569,-0.10981238688185532,0.2391131480741667,0.9413324362428782,0.7431671459365902,1.1394977265491664
113.59746971280111,-0.10423438246055165,-0.2723033275086291,0.0638345625875258,0.06625436546678884,-0.10886743584353809,0.24137616677711576,0.9447045358955509,0.7466855290148972,1.1427235427762048
113.69913303775664,-0.10441445716553824,-0.2725452528746921,0.06371633854361566,0.0680622153313924,-0.10746959850897553,0.24359402917176032,0.9475811622278255,0.7499566473488644,1.1452056771067867
113.80079636271215,-0.10527391238811962,-0.27307980988525227,0.06253198510901306,0.06983931227560823,-0.10596234162688621,0.24564096617810266,0.9477801922425934,0.7508638985115452,1.1446964859736415
113.90245968766767,-0.1061249153851754,-0.27349594097304475,0.061246110202693965,0.07080649678523661,-0.10491771934742596,0.2465307129178992,0.9453671555742442,0.7495409169325022,1.1411933942159862
113.99847505012568,-0.10720498033878081,-0.2741121086694111,0.059702147991849475,0.0719785724831112,-0.10364632458830293,0.24760346955452534,0.9427679788637857,0.7485364729209848,1.1369994848065867
114.10013837508119,-0.10849645748657155,-0.2747832207702758,0.05779030579713268,0.07331010678483889,-0.10220445810900693,0.24882467167868472,0.9393678459226658,0.7468683922864248,1.1318672995589067
114.20180170003671,-0.10948083168743736,-0.27500033857511097,0.056038675200236254,0.07374220406509607,-0.10183964237779292,0.24932405050798506,0.9360023228782388,0.7441685306560111,1.1278361151004666
114.2978170624947,-0.1093530160385012,-0.2743097560754326,0.05560372399843025,0.0745551893993044,-0.10093474975840654,0.25004512855701533,0.9326518124600539,0.7406348260469875,1.1246687988731203
114.39948038745023,-0.10990830706411861,-0.2742607043672885,0.05444409023905128,0.07674404276024184,-0.09890134664976903,0.2523894321702527,0.9308261622416248,0.737982482249625,1.1236698422336246
114.50114371240575,-0.11095620139125287,-0.2750156340523514,0.05310323126984565,0.07918811548647789,-0.09675434506772998,0.2551305760406858,0.9315686083290213,0.7376633095688796,1.125473907089163
114.60280703736127,-0.11143813058967286,-0.27545244128866103,0.05257618010931531,0.08043283662315666,-0.09591598022608529,0.2567816534723986,0.9338993801259949,0.7388429246200603,1.1289558356319296
114.69882239981926,-0.11278258842592975,-0.27680859998720503,0.05124342313534552,0.08200754739086025,-0.09479076073752979,0.2588058555192503,0.9370214412708575,0.740513300921885,1.1335295816198299
114.80048572477479,-0.11332692478405434,-0.2776907959494539,0.051036946381345205,0.0839157834556485,-0.09312473079303456,0.26095629770433154,0.9405635507290185,0.7420752591533173,1.1390518423047198
114.90214904973031,-0.11371824860014504,-0.27865654214064933,0.051220044940359255,0.08451392975536844,-0.09278572128974392,0.2618135808004808,0.9451859499557921,0.7442435256476078,1.1461283742639763
114.9981644121883,-0.11486957026213254,-0.28026065021036495,0.050521509686099864,0.08424695655505372,-0.09328187128379654,0.261775784393904,0.9490465873989989,0.7453926072926523,1.1527005675053457
115.09982773714383,-0.11693741225311077,-0.28259467195916377,0.04871984745294225,0.08453723010976552,-0.09289568181574645,0.26197014203527746,0.950427968432074,0.7458117782295253,1.1550441586346227
115.20149106209935,-0.11871256017654791,-0.28466480146423145,0.047239681111135606,0.08618956516687035,-0.09104309785271222,0.2634222281864529,0.9515511386217522,0.7466059953243631,1.1564962819191413
115.29750642455734,-0.12006129916823938,-0.286055838293333,0.04593323995685422,0.08938819764475398,-0.08788226018931761,0.26665865547882556,0.9528676734401081,0.7474204592023163,1.1583148876779
115.39916974951286,-0.12048090664383765,-0.28627635537322715,0.045314542085551884,0.0916736296378231,-0.08586245755431202,0.2692097168299582,0.953827154615602,0.7481185818762457,1.1595357273549582
115.50083307446839,-0.12090859722594577,-0.28667878132110536,0.04486158686921379,0.09343088229223534,-0.08428421842096731,0.271145983005438,0.9551267966606264,0.7499631266250035,1.1602904666962492
115.60249639942391,-0.12136194640231152,-0.28718247836778704,0.04445858556316401,0.09427716528131753,-0.08367365782031032,0.2722279883829454,0.956981514389562,0.7528808466199373,1.1610821821591868
115.6985117618819,-0.12112772523167284,-0.28707703637774495,0.04482158591439925,0.09442895916427271,-0.08353985882486034,0.27239777715340574,0.957728442361966,0.7545880543994563,1.1608688303244756
115.80017508683743,-0.12199419279226481,-0.2880069661990823,0.04401858061455266,0.09392600435690936,-0.08388272131274342,0.2717347300265621,0.9572781559136456,0.7546914615069149,1.1598648503203763
115.90183841179295,-0.12358194991433114,-0.28934878875537073,0.04218488892670849,0.09344265950488106,-0.08388278139159158,0.2707681004013537,0.9535825553936437,0.7515414169365948,1.1556236938506925
115.99785377425094,-0.12539220955525193,-0.2911637684376907,0.04037934932718684,0.09336907229038734,-0.08374216712437134,0.270480311705146,0.9528464636904714,0.7511900393144075,1.1545028880665353
116.09951709920647,-0.12635598165357087,-0.29223211830880536,0.03952015500166364,0.09207940731906974,-0.08487052323339939,0.2690293378715389,0.9524960621100388,0.7515735441593248,1.1534185800607528
116.20118042416199,-0.128468285208948,-0.29441260143658476,0.03747603101868871,0.09137316236028506,-0.08536584136198822,0.26811216608255833,0.9520847346502956,0.7512572242817042,1.1529122450188871
116.29719578661998,-0.13051841684059173,-0.29660535892814893,0.035568525246965466,0.09096875696050187,-0.0856324035219528,0.26756991744295655,0.9525206644927047,0.7526450318061547,1.1523962971792545
116.3988591115755,-0.13278582024838884,-0.2990615670863814,0.0334899265896037,0.09119303487480467,-0.08551084005256722,0.26789690980217656,0.9547210267605971,0.755604016129565,1.1538380373916293
116.50052243653103,-0.1354923507537198,-0.3021628616813369,0.031178160173897268,0.09216264120093672,-0.08479949153768233,0.26912477393955575,0.9591394050764361,0.760446374016398,1.1578324361364742
116.60218576148655,-0.13737475120800385,-0.3043747811993418,0.029625278783334097,0.09393996742513666,-0.0834411536173526,0.2713210884676259,0.964060637395306,0.7653357482352714,1.1627855265553406
116.69820112394454,-0.13924768933999793,-0.3064141612401535,0.027918782560157673,0.09627908685064861,-0.08145071691462454,0.27400889061592176,0.9678545605604557,0.7686894971439668,1.1670196239769446
116.79986444890007,-0.14154349741027164,-0.3092148193969383,0.02612782457639498,0.09843117139106905,-0.07925200363455165,0.27611434641668975,0.971323635443273,0.771593015112478,1.171054255774068
116.90152777385559,-0.14247401074641997,-0.3105010086941744,0.02555298720133445,0.09919505640293932,-0.07838541637066823,0.2767755291765469,0.973046937772129,0.7724704110769187,1.1736234644673393
116.99754313631358,-0.14297979948936201,-0.31133846841692625,0.025378869438202223,0.09940915691746939,-0.07793786608090654,0.27675617991584534,0.9736867977241371,0.7722527429411038,1.1751208525071704
117.0992064612691,-0.14311628422920158,-0.3115212574054238,0.02528868894702066,0.09974266713593705,-0.07718415958105032,0.2766694938529244,0.9716897593439421,0.7697960001341111,1.173583518553773
117.20086978622463,-0.14294622444831673,-0.3114408277961941,0.025548378899560603,0.10008089679305078,-0.07645064886819554,0.2766124424542971,0.9699809071165267,0.7676824748543865,1.172279339378667
117.30253311118014,-0.14251804840840757,-0.31111900528587827,0.026082908469063137,0.0992696830552438,-0.07693467694454183,0.2754740430550294,0.9684418287084239,0.7656012097986202,1.1712824476182275
117.39854847363814,-0.14193460895044138,-0.31061112389315193,0.026741905992269194,0.09856066664761719,-0.07753587645644587,0.27465720975168023,0.9679384014136295,0.765367892173399,1.17050891065386
117.50021179859365,-0.140832669627098,-0.30952311970402424,0.027857780449828257,0.09810883037330498,-0.07766392343015202,0.273881584176762,0.96581471157939,0.7634115645052231,1.168217858653557
117.60187512354918,-0.14020658002203817,-0.3090232372031295,0.028610077159053143,0.09772835637642091,-0.07784006232935708,0.2732967750821989,0.9651036511247125,0.7626268631682097,1.1675804390812152
117.69789048600718,-0.14021784641999857,-0.3093717296783464,0.028936036838349277,0.09698633644659782,-0.07876286277641883,0.2727355356696145,0.9677623436931576,0.7646255620679826,1.1708991253183325
117.79955381096269,-0.13815486832223364,-0.3075108040802194,0.031201067435752128,0.09583288847152839,-0.08042067367828186,0.2720864506213386,0.9708455546786128,0.7674660382745728,1.1742250710826527
117.90121713591822,-0.13539039092072494,-0.3048541104173458,0.03407332857589587,0.09492459081342253,-0.08155729003076001,0.27140647165760506,0.9717627653264471,0.7688481961322432,1.1746773345206512
117.99723249837622,-0.13297517423993305,-0.30248128623846476,0.03653093775859867,0.09397610303363525,-0.08238494324689317,0.2703371493141637,0.9704895076377623,0.7683954183883834,1.1725835968871412
118.09889582333173,-0.13062033966445868,-0.3000768284556842,0.038836149126766834,0.09254146244571554,-0.08324121763964576,0.26832414253107684,0.9661227352637903,0.7654516290315215,1.1667938414960592
118.20055914828725,-0.127407704312639,-0.2970214117013573,0.0422060030760793,0.09013135367211725,-0.08521400781353261,0.2654767151577671,0.9632720152800844,0.7636217459407378,1.162922284619431
118.30222247324278,-0.12359771199866351,-0.29380561259486637,0.04661018859753935,0.08845340352771765,-0.08673635216029325,0.26364315921572856,0.9643410336143361,0.7640579967530733,1.164624070475599
118.39823783570077,-0.12154198133679026,-0.2921752834485454,0.049091320774964864,0.08776280909951946,-0.08723989492303273,0.26276551312207164,0.9649694506101654,0.7638278877135695,1.1661110135067614
118.4999011606563,-0.11892745595999599,-0.290067130110053,0.052212218190061,0.08796740101082823,-0.0866757085758266,0.2626105105974831,0.965123432852149,0.7637625041845546,1.1664843615197433
118.60156448561182,-0.11826814086478482,-0.2897409499381013,0.053204668208531675,0.08807234354065963,-0.08607217654606061,0.26221686362737984,0.964042647013577,0.7629708802915507,1.1651144137356033
118.69757984806981,-0.11922439179793523,-0.29082704496359874,0.052378261367728274,0.08789428962728339,-0.0857756106310648,0.26156418988563157,0.9623368642323297,0.7620767985518565,1.1625969299128027
118.79924317302533,-0.11982412099331977,-0.2915107920410708,0.05186255005443127,0.08808752157436235,-0.08545858141053093,0.26163362455925565,0.9622911280790764,0.7632993311876302,1.1612829249705225
118.90090649798086,-0.12056304306647611,-0.29219752717243785,0.05107144103948566,0.08886937828397916,-0.08472301074546316,0.26246176731342147,0.9625779368964971,0.7636233360605444,1.1615325377324497
119.00256982293638,-0.12203134436152233,-0.29339457846879213,0.049331889745747454,0.08824704740980172,-0.08533927651076118,0.2618333713303646,0.9613229087442905,0.762156212449943,1.160489605038638
119.09858518539437,-0.12285298049649784,-0.2939992580951344,0.0482932971021387,0.08673224517398945,-0.08706010519173718,0.2605245955397161,0.9612158213428237,0.7620546747792967,1.1603769679063507
119.2002485103499,-0.12306506763343869,-0.29416094849025864,0.04803081322338129,0.08563892181957071,-0.08828430593934904,0.25956214957849044,0.9615253579624585,0.7620186266247724,1.1610320893001447
119.30191183530542,-0.12328884288237935,-0.29425796559053824,0.04768027982577955,0.08545411368033383,-0.08871073849283066,0.2596189658534983,0.9621916988615895,0.762287886216632,1.162095511506547
119.39792719776341,-0.12363889000511077,-0.2942335226648186,0.04695574265459704,0.08651703340433493,-0.0880094987268976,0.26104356553556746,0.9624325684011142,0.7637795594153984,1.16108557738683
119.49959052271893,-0.12360681314666364,-0.2939322698796849,0.04671864358635766,0.08822472273762286,-0.08677790755561779,0.26322735303086353,0.9639006181906311,0.7659399487101488,1.1618612876711134
119.60125384767446,-0.12233650684063985,-0.29241716094439285,0.047744147263113185,0.09032544412327441,-0.0849930991722977,0.26564398741884654,0.964394578990075,0.7668384336338546,1.1619507243462954
119.69726921013245,-0.12045159349779797,-0.29018605653261775,0.04928286953702182,0.09154281652338293,-0.08377188434833834,0.2668575173951042,0.9622811672726562,0.7652201853201791,1.1593421492251332
119.79893253508797,-0.11798074318576907,-0.28733656611281155,0.051375079741273394,0.0917664654301427,-0.08398818228005213,0.26752111314033755,0.9621441395237184,0.7650623415595421,1.1592259374878946
119.9005958600435,-0.11566815278374196,-0.2849551867438127,0.05361888117632879,0.09137838596667526,-0.0849488051882999,0.26770557712165044,0.9643454204676644,0.7665165516570336,1.1621742892782951
120.00225918499902,-0.11451755329580454,-0.28378389079434463,0.05474878420273557,0.09170295557731598,-0.08513920437712108,0.26854511553175303,0.9668986809340948,0.7689200916324983,1.1648772702356913
120.09827454745701,-0.11414030743279543,-0.28372869133943,0.055448076473839175,0.09112112183521973,-0.08584153870921352,0.26808378237965297,0.969100248921428,0.7709341610403746,1.1672663368024814
120.19993787241253,-0.11406704876312643,-0.2839086324542292,0.05577453492797635,0.0906469393329488,-0.08623445967930023,0.26752833834519785,0.9698995736442616,0.7717544007586735,1.1680447465298496
120.30160119736806,-0.11508637004700151,-0.28519138203253264,0.05501864193852962,0.09003974638958329,-0.08725257832528968,0.2673320711044562,0.9737322725637102,0.7746691769874441,1.1727953681399763
120.39761655982605,-0.11697570061335835,-0.28737939349844843,0.053427992271731756,0.0899104219173588,-0.08788684901971337,0.26770769285443097,0.978580618570902,0.7786819085057113,1.1784793286360926
120.49927988478157,-0.11822494976213696,-0.28882271500642315,0.052372815482149226,0.08868387523289005,-0.08972351845569458,0.26709126892147467,0.9831280512133981,0.7822428653417276,1.1840132370850687
120.6009432097371,-0.11858474441592359,-0.2892769367851155,0.05210744795326833,0.08649380727885292,-0.09209954213804164,0.26508715669574745,0.9843853441234189,0.7832759285721503,1.1854947596746874
120.7026065346926,-0.1184372270132128,-0.28949644056744633,0.05262198654102074,0.08536067673010561,-0.09361677433406429,0.2643381277942755,0.9883012054649144,0.7864138770984448,1.190188533831384
120.79862189715061,-0.11774372272716599,-0.2887627979539942,0.05327535249966217,0.08486525755533622,-0.09457108048801063,0.26430159559868305,0.9904311948030134,0.7880766857978893,1.1927857038081378
120.90028522210613,-0.11736319378489421,-0.28844604463395385,0.05371965706416543,0.08331652480849001,-0.09667518449622968,0.2633082341132097,0.9935746377847794,0.7905718614201813,1.1965774141493775
121.00194854706164,-0.11665259109364182,-0.2877689948108787,0.054463812623595065,0.08223946071390643,-0.09818481032104763,0.2626637317488605,0.9958707082470007,0.7929160681557331,1.1988253483382683
121.09796390951965,-0.11506546076102753,-0.2862728034784797,0.05614188195642464,0.08110210758204059,-0.09937951412393731,0.2615837292880185,0.9961348239587058,0.7933897248415753,1.1988799230758362
121.19962723447517,-0.11260312934639066,-0.2841712738896187,0.05896501519683742,0.07970625253015846,-0.10101250073542332,0.26042500579574024,0.998652126103125,0.7960513748913044,1.2012528773149458
121.30129055943068,-0.11063962175442951,-0.2823578734166166,0.06107862990775759,0.07629013665473776,-0.10485767879105441,0.25743795210052994,1.000943286700471,0.7985769043508223,1.20330966905012
121.39730592188869,-0.1088644357249014,-0.28082069079673916,0.06309181934693636,0.07359693732996113,-0.10778211560612448,0.2549759902660467,1.002762886400112,0.7997694980781057,1.205756274722118
121.4989692468442,-0.10687253694746185,-0.27923750322556695,0.06549242933064328,0.06986206385891805,-0.11163881819599619,0.2513629459138323,1.0047149608278365,0.8013771828983709,1.2080527387573021
121.60063257179972,-0.10607022717259787,-0.27889150811649815,0.06675105377130242,0.0659447893578508,-0.11564949285131763,0.2475390715670192,1.0070321018819293,0.8027221952845935,1.211342008479265
121.70229589675525,-0.10560560878563904,-0.27882212270635776,0.0676109051350797,0.06334698875104089,-0.11844568376787706,0.24513966126995884,1.0098928582187454,0.8050178716103781,1.2147678448271126
121.79831125921324,-0.10521886456299279,-0.2783180102107179,0.06788028108473232,0.06198331699216676,-0.11999836802921267,0.2439650020135462,1.010083904356541,0.8047165869821011,1.215451221730981
121.89997458416876,-0.1052698457448295,-0.2780580797170648,0.0675183882274058,0.061250304686074175,-0.12103230186212643,0.24353291123427478,1.0100370318846754,0.804013810109836,1.2160602536595149
122.00163790912428,-0.10507484480367182,-0.277378859171714,0.06722916956437039,0.05999411181754455,-0.12253172321420436,0.24251994684929346,1.0086073513814973,0.8037364581752798,1.2134782445877146
122.09765327158227,-0.10442584938729979,-0.27657462358227825,0.06772292480767869,0.05866053104313187,-0.1240649781266858,0.24138604021294954,1.0086201288513075,0.8048162398228287,1.2124240178797863
122.1993165965378,-0.10385709362235589,-0.27592377333973805,0.06820958609502627,0.05848760704894102,-0.12446233583740718,0.2414375499352892,1.0093303516804522,0.8060649486461632,1.2125957547147412
122.30097992149332,-0.10353261794891888,-0.2756008257969407,0.06853558989910288,0.05857604293527876,-0.12451861234331049,0.24167069821386802,1.0101173902501612,0.806854524650519,1.2133802558498035
122.40264324644885,-0.10294195010096473,-0.2750120604473907,0.06912816024546124,0.05850127334089945,-0.12484686045867155,0.24184940714047043,1.0114623829468328,0.8084701963310429,1.2144545695626228
122.49865860890684,-0.10270394593015734,-0.2748507085831445,0.0694428167228298,0.059143957709691185,-0.12420930539450703,0.2424972208138894,1.0119349753709068,0.8090381566542799,1.2148317940875337
122.60032193386236,-0.10347760457867822,-0.2753883755689111,0.06843316641155467,0.06027968657987476,-0.12303401692966259,0.2435933900894121,1.0107203444985642,0.8082840356889951,1.2131566533081333
122.70198525881788,-0.10508333629728786,-0.276798808449214,0.06663213585463831,0.06074245945815626,-0.1223931321933924,0.24387805110970492,1.0090228133187245,0.8066408885608107,1.2114047380766382
122.79800062127588,-0.1059057582386548,-0.2774081813302478,0.06559666485293816,0.0626780371304882,-0.12035005640883453,0.24570613066981092,1.0076606562956287,0.8055269924796592,1.2097943201115982
122.8996639462314,-0.10627013436291935,-0.27765529886780815,0.06511503014196945,0.0647645132622162,-0.11798035798280355,0.24750938450723597,1.0057352360561436,0.8038020415012831,1.2076684306110042
123.00132727118692,-0.10655968390293788,-0.2782211428064625,0.0651017750005867,0.06651833485845388,-0.11622410814180562,0.24926077785871337,1.0075084009438593,0.8056466743597991,1.2093701275279196
123.09734263364491,-0.10731418272074664,-0.2796004674465372,0.06497210200504394,0.06754838675561703,-0.11523351088514261,0.25033028439637667,1.0114257982664498,0.8083151445837737,1.214536451949126
123.19900595860044,-0.10793381972991228,-0.28077324781743307,0.06490560835760853,0.06749942765444823,-0.11545337205457191,0.2504522273634684,1.0155503823439207,0.8109023839793038,1.2201983807085375
123.30066928355596,-0.10833480765779965,-0.28157774202639596,0.06490812671079668,0.06679458807062892,-0.11589173208122248,0.2494809082224803,1.0162083764728844,0.8115342119327744,1.2208825410129944
123.40233260851149,-0.10907634422688242,-0.2825924080132386,0.06443971955947372,0.0661098840687331,-0.11625328557198893,0.2484730537094551,1.0159117064122456,0.8110121048714533,1.2208113079530378
123.49834797096948,-0.11014969858246451,-0.2839404227528526,0.06364102558792353,0.06522593004362713,-0.11691511397544375,0.24736697406269803,1.0162585009534024,0.8107198220726839,1.221797179834121
123.600011295925,-0.11207059279930942,-0.2860367866253597,0.061895601026740826,0.06375188329306429,-0.1184994455136014,0.24600321209972997,1.01809191342927,0.8107851395540011,1.225398687304539
123.70167462088052,-0.11329568465929427,-0.28738510108682913,0.06079373176824063,0.06289484432042963,-0.119452228586033,0.24524191722689226,1.0194867967976138,0.8109776535440785,1.227995940051149
123.79768998333851,-0.11328862377802251,-0.2874167341140575,0.06083948655801247,0.06097672388123683,-0.1210915429849622,0.24304499074743585,1.0178572851335634,0.8085630121818115,1.2271515580853154
123.89935330829404,-0.11175798656285849,-0.2857915731326422,0.062275600006925225,0.0598357948876012,-0.1220275450771746,0.24169913485237698,1.015679218361977,0.8058556905708629,1.225502746153091
124.00101663324956,-0.11033571835989339,-0.2842978487779825,0.06362641205819566,0.05847303991350402,-0.12337978771224295,0.240325867539251,1.0147494982136918,0.8051133588237573,1.2243856376036262
124.10267995820509,-0.10848044264116741,-0.28190134105213316,0.06494045576979837,0.057628963663012796,-0.12381584880340823,0.2390737761294338,1.0089408650418885,0.8004692207011915,1.2174125093825854
124.19869532066308,-0.10680773160033333,-0.27964391175749403,0.06602844855682738,0.05792069150554814,-0.12294795491273376,0.23878933792383006,1.0021270531961177,0.7956414645035776,1.2086126418886578
124.3003586456186,-0.10538971811415773,-0.278361613451565,0.06758217722324955,0.057622452536007576,-0.12253243015262404,0.23777733522463917,0.9984668026527632,0.7942991109665861,1.2026344943389402
124.40202197057413,-0.10425548107078417,-0.2776087652550907,0.06909780311352234,0.05614544697234614,-0.12367593446442696,0.23596682840911923,0.9982507987594625,0.7960432033825119,1.200458394136413
124.49803733303212,-0.10504239856529207,-0.27861502011982003,0.06853022298923589,0.054772322171353464,-0.12501648828982057,0.2345611326325275,0.9992788799059188,0.7985887256347911,1.1999690341770464
124.59970065798764,-0.105447498497105,-0.27900008232931983,0.06810508533510987,0.05291365355718183,-0.12711962366526994,0.2329469307796336,1.0004420075657976,0.8013155921827667,1.1995684229488286
124.70136398294315,-0.10467073629196094,-0.27811573949499657,0.06877426691107472,0.05173063590930958,-0.12857190338418534,0.23203317520280448,1.001096750923562,0.8025438520689554,1.1996496497781686
124.79737934540115,-0.10371253548954526,-0.2764878620840975,0.06906279110500696,0.05091347164732575,-0.12937499892976884,0.2312019422244203,0.99707537345148,0.799492839669247,1.194657907233713
124.89904267035668,-0.10445741446467216,-0.27677065879230256,0.06785582986295827,0.05088903380056147,-0.12948627927630474,0.2312643468774277,0.9952064145386192,0.7973624411752236,1.193050387902015
125.00070599531219,-0.10442784729750301,-0.2764371992767397,0.06758150468173368,0.051612244515129295,-0.1289143139861437,0.2321388030164023,0.9944847357284982,0.7952718923118409,1.1936975791451554
125.10236932026771,-0.10417804832815031,-0.27588718151147673,0.06753108485517614,0.05252767672357905,-0.12808918435464142,0.23314453780179953,0.9934144998059379,0.793212473923771,1.1936165256881046
125.19838468272572,-0.104257024319727,-0.2757449739698925,0.06723092533043848,0.05314393512204405,-0.12765704505289427,0.23394491529698236,0.9933483286358401,0.7931719260830534,1.1935247311886268
125.30004800768123,-0.10581662212857687,-0.27704672194656443,0.06541347768941069,0.0531623173758074,-0.12787929265060405,0.23420392740221885,0.993657409483,0.7939576222043685,1.1933571967616314
125.40171133263675,-0.10715574726033428,-0.2780524131033293,0.0637409185826607,0.051840026300853194,-0.12952397602722068,0.23320402862892706,0.9938473061524388,0.7938700188980596,1.193824593406818
125.49772669509474,-0.10807618574947342,-0.27877950273666124,0.0626271312377144,0.050345964414748916,-0.13140000840502905,0.2320919372345269,0.9950388698217937,0.7941464033304191,1.1959313363131683
125.59939002005027,-0.10845925885643778,-0.27904253541160695,0.062124017698731354,0.0483746161040026,-0.13356559047147412,0.2303148226794793,0.9953953156559779,0.7929540925503755,1.1978365387615804
125.70105334500579,-0.10916066180622458,-0.2794458614238402,0.06112453781139107,0.047388918705697995,-0.13463077378606736,0.22940861119746336,0.9943070225102305,0.7910061297209152,1.1976079152995458
125.80271666996131,-0.10909672452862862,-0.27924006133747925,0.06104661228022201,0.04767240994777997,-0.134267090968941,0.22961191086450092,0.9930976695926194,0.788954188731178,1.1972411504540608
125.8987320324193,-0.11001457309882937,-0.28039279752937873,0.06036365133172003,0.04716390036484865,-0.1346527235924705,0.2289805243221678,0.9938072499247026,0.788400936418324,1.1992135634310812
126.00039535737483,-0.10979106163901345,-0.28071749375085037,0.06113537047282347,0.046934343478324564,-0.13467956618631394,0.22854825314296306,0.9955260623994406,0.7882714561715312,1.2027806686273501
126.10205868233035,-0.10837332163771857,-0.2797630264461779,0.06301638317074074,0.046992883058325045,-0.13456842870227473,0.22855419481892483,0.9974227751967951,0.7886590547417766,1.2061864956518138
126.19807404478834,-0.10652258683709401,-0.2783207638959897,0.06527559022180171,0.046965263014417814,-0.1345949455701828,0.22852547159901843,0.999227691390888,0.7888981919362541,1.2095571908455218
126.29973736974387,-0.10493638078356868,-0.2770014928989303,0.06712873133179292,0.04758430034077019,-0.13401863776139877,0.22918723844293915,1.0006436962260912,0.7890045214445494,1.212282871007633
126.40140069469939,-0.10401297633025569,-0.27655839916383906,0.06853244650332771,0.04819180131176122,-0.13318036403468442,0.22956396665820683,1.001798722048387,0.7896584631605548,1.2139389809362193
126.49741605715738,-0.10386716022555409,-0.2770586593429388,0.0693243388918306,0.04842759047830767,-0.13265319890293442,0.22950837985954975,1.0036490302601238,0.7911001539799889,1.2161979065402586
126.5990793821129,-0.1029452187270457,-0.276965019250253,0.0710745817961616,0.0481237237607521,-0.13262203497350525,0.22886948249500946,1.0060537452685778,0.7924088090321387,1.219698681505017
126.70074270706843,-0.1021258119124118,-0.2770279806940938,0.0727763568692702,0.049095741536528646,-0.1315740414380531,0.2297655245111104,1.010404142892098,0.7951140445401463,1.2256942412440497
126.80240603202395,-0.10226404802463987,-0.2779871723806876,0.07345907633140786,0.04917646428320018,-0.13144002858286152,0.2297929571492619,1.0146777267811253,0.7983478079414404,1.2310076456208103
126.89842139448194,-0.1025496503707656,-0.27863106313005986,0.07353176238852865,0.049938661647349114,-0.13063149466505353,0.23050881795975176,1.0165362815379675,0.8001350986763331,1.2329374643996018
127.00008471943747,-0.10246881768173291,-0.2786473019494739,0.07370966658600808,0.051166580732843685,-0.12949075522795517,0.23182391669364255,1.0176801331852345,0.8012647079766755,1.2340955583937936
127.10174804439299,-0.1036975424785157,-0.27998422683986557,0.07258914188283419,0.052196937376585005,-0.1285620749656744,0.23295594971884442,1.019221343103939,0.8020660187372274,1.2363766674706507
127.19776340685098,-0.10508427774607523,-0.28146278536544544,0.071294229873295,0.05372883705725105,-0.12707384336422256,0.2345315174787247,1.0204330987321923,0.8027122527273878,1.238153944736997
127.2994267318065,-0.10609787603317486,-0.28249985802093047,0.07030410595458073,0.0550640489010818,-0.12588426991977802,0.23601236772194162,1.021754226212376,0.80446563041916,1.239042822005592
127.40109005676203,-0.10783436410849631,-0.28416303282231464,0.06849430460532202,0.05468546331380861,-0.1263911025971564,0.23576202922477363,1.02240866426537,0.8054970283001549,1.239320300230585
127.50275338171755,-0.10933089471456672,-0.28565168625915616,0.06698989683002268,0.05480383106507206,-0.12643806236058783,0.23604572449073194,1.0236478060471592,0.8067146715202974,1.2405809405740211
127.59876874417554,-0.11079575879903458,-0.2873132797552663,0.06572176215719716,0.05459855893076664,-0.1269145645047659,0.2361116823662992,1.026595104269582,0.810088866589533,1.243101341949631
127.70043206913107,-0.1139475119897535,-0.290706416145472,0.06281139216596499,0.05389298442292238,-0.12792287786885298,0.23570884671469777,1.0303074842433675,0.8142876618016331,1.2463273066851017
127.80209539408659,-0.11683767947151957,-0.2937895846754388,0.06011422573239969,0.053670482130246215,-0.12833972518344916,0.2356806894439416,1.0331430416969256,0.8178689931545087,1.2484170902393426
127.89811075654458,-0.1178611994802217,-0.29468633864026295,0.058963939679819555,0.05401314201079312,-0.12797797789788096,0.23600426191946722,1.0326030367111079,0.8179393575825591,1.2472667158396566
127.9997740815001,-0.11900289529637084,-0.29562991668231714,0.057624126089575456,0.05471016593648519,-0.12700559416561114,0.23642592603858154,1.0302645301502085,0.8156951063160218,1.2448339539843951
128.10143740645563,-0.12053900999537326,-0.29730442050344374,0.056226400512697255,0.05557192606483335,-0.12618916663490543,0.23733301876457213,1.0317590242500498,0.8164745073323489,1.2470435411677507
128.19745276891362,-0.12199189526872786,-0.2989204211194021,0.05493663058194634,0.05673338781334727,-0.1251154311589496,0.23858220678564415,1.0336552357015907,0.8178651959218391,1.2494452754813423
128.29911609386915,-0.12330256318324809,-0.3003608625274182,0.053755736160922024,0.05783765866080323,-0.12439482731345136,0.24007014463505782,1.037031689757792,0.8205486819420094,1.2535146975735747
128.40077941882467,-0.12478829444285094,-0.30152036537822835,0.05194377649252649,0.05904708672904417,-0.12377447746521929,0.24186865092330762,1.0391134124817551,0.8229494378632879,1.2552773871002223
128.5024427437802,-0.12554184863142126,-0.3021320331442251,0.051048335881382606,0.05881084609557871,-0.12484515399655494,0.24246684618771236,1.0433077064928364,0.8275564882759595,1.2590589247097133
128.59845810623818,-0.1262949268392664,-0.30285517469510304,0.05026532101657022,0.0583932948784767,-0.12577721671446568,0.24256380647141906,1.0462672879271693,0.8312514820230917,1.261283093831247
128.7001214311937,-0.1269177182154463,-0.30356147599816546,0.04972603956727284,0.0581564845868345,-0.1262411296933671,0.2425540988670361,1.048183230621706,0.8341919908701723,1.2621744703732398
128.80178475614923,-0.1276719917258329,-0.304461433434958,0.04911744998329218,0.05771945079600502,-0.12658140082977817,0.2420203024217882,1.0485740923952753,0.8356834810521737,1.261464703738377
128.89780011860722,-0.1292362517704539,-0.3063062980142569,0.04783379447334912,0.056821963965765956,-0.12758370305501487,0.24122763098654676,1.051049340024855,0.8388523150560446,1.2632463649936656
128.99946344356275,-0.13035061890868882,-0.30757999874876907,0.04687876093139143,0.05585395062337535,-0.12884172678050004,0.24054962802725077,1.0538088684472398,0.842510404019776,1.2651073328747036
129.10112676851827,-0.13160105157158938,-0.3088318470539212,0.045629743910742454,0.05571431589103675,-0.12932640908610427,0.24075504086817778,1.0561414296400822,0.8457767138591366,1.2665061454210278
129.2027900934738,-0.1323030840453285,-0.3095754006409185,0.0449692325502615,0.05470384967081696,-0.13048876000087845,0.23989645934251236,1.0573344780526928,0.8472266940088924,1.2674422620964931
129.29880545593178,-0.13337798771530435,-0.31069454950114794,0.04393857407053922,0.05461877471194937,-0.13048072710862477,0.2397182765325235,1.057314352380049,0.8475016309778178,1.2671270737822802
129.4004687808873,-0.13408554491674612,-0.31168816782965264,0.04351707799616039,0.054503005088370735,-0.13026358661793713,0.23926959679467857,1.0571501433886246,0.8477934430422562,1.266506843734993
129.50213210584283,-0.1343066893996853,-0.3125035966087682,0.043890217809397614,0.05420357747656307,-0.1301364907406124,0.23854364569373854,1.0580290718291672,0.8484035856233485,1.2676545580349858
129.59814746830082,-0.13588020532605447,-0.3145076025112463,0.04274719185913739,0.054303842418014094,-0.1297994009985483,0.23840708583457648,1.059511887254513,0.8498890246433938,1.2691347498656325
129.69981079325635,-0.1382149008554647,-0.3173638121586652,0.040934010447735814,0.05376530831628197,-0.1301121119143442,0.2376427285469081,1.0617262426741927,0.8513319345790965,1.272120550769289
129.80147411821187,-0.14002524535244046,-0.3198015239989096,0.03975103329402868,0.05451992676121138,-0.1291659036085187,0.23820575713094144,1.0647531327298498,0.8532448007435519,1.2762614647161477
129.89748948066986,-0.14222590489423256,-0.3224402732129775,0.0379884634245124,0.05440735890533384,-0.129220341769815,0.23803505958048266,1.0675131907067736,0.8552271826792077,1.2797991987343396
129.99915280562539,-0.14268700531784442,-0.3230997006442132,0.037725690008524326,0.05387658302742826,-0.12972854082888313,0.23748170688373965,1.0685846347778007,0.8561703673318036,1.2809989022237978
130.1008161305809,-0.14274078398260062,-0.3231485191021427,0.03766695113694146,0.05269615438461778,-0.13051730150405444,0.23590961027329,1.066179368526478,0.8544402892414855,1.2779184478114705
130.2024794555364,-0.14240048944049657,-0.32264754247950456,0.037846563598511435,0.05124946692744481,-0.1318393067873838,0.2343382406422734,1.0642971996016453,0.8533603809135974,1.275234018289693
130.29849481799442,-0.14222153438930174,-0.3224420158251622,0.037998947046558734,0.0493880679633073,-0.13397492325565938,0.23275105918227398,1.065493138744103,0.8542183224652605,1.2767679550229452
130.40015814294995,-0.1423840638469035,-0.3222448903518667,0.037476762658059715,0.04854778561866062,-0.13460720541952048,0.23170277665684175,1.0622112997472686,0.8510222910593943,1.2734003084351428
130.50182146790544,-0.14256515605139095,-0.3219956446433277,0.0368653325405458,0.04834450795320008,-0.13451613043139324,0.2312051463377934,1.0581042592770373,0.8470727460396984,1.2691357725143761
130.59783683036346,-0.14222252073956784,-0.32130885611307586,0.03686381463394017,0.04754275008642077,-0.13461662667678248,0.229702126849624,1.0519449670069805,0.8416897474560836,1.2622001865578774
130.69950015531896,-0.14265943618019547,-0.32136925004062666,0.03605037768023575,0.04645977138219842,-0.13530611652597382,0.22822565929037067,1.0475831446389952,0.8384551662807102,1.25671112299728
130.80116348027448,-0.14339232476755634,-0.32208423895835514,0.03529958942324246,0.04543872985266094,-0.13627708652490733,0.22715454623022924,1.0473109028666587,0.8388230956423637,1.2557987100909538
130.8971788427325,-0.14487185690935062,-0.3235660198316626,0.03382230601296138,0.04333581339839203,-0.13852140415285108,0.2251930309496351,1.0483744396874821,0.8398457553165589,1.2569031240584054
130.998842167688,-0.14630125374860642,-0.3249508697991986,0.03234836230198576,0.04177743818389891,-0.1404910435397803,0.2240459199075781,1.0507693800999724,0.8415476148139877,1.2599911453859571
131.10050549264352,-0.14781971786640247,-0.3264864748528762,0.030847039120071224,0.04117084947169396,-0.14113621018160655,0.2234779091249945,1.0514841866602629,0.8418336195599619,1.261134753760564
131.20216881759904,-0.1495669975490827,-0.3282500821973315,0.029116087099166077,0.04069278837276298,-0.14186340899545474,0.22324898574098073,1.0534907902847281,0.8428057994987024,1.264175781070754
131.29818418005704,-0.15056326029047415,-0.3289509598030255,0.027824439222077224,0.039948603492243634,-0.14273767069768575,0.22263487768217302,1.052815339717841,0.841775396846922,1.26385528258876
131.39984750501256,-0.1511165310115426,-0.32927530412732237,0.02704224210423717,0.03918906895475352,-0.14359387326949205,0.2219720111789991,1.0521918051480763,0.8404654853463573,1.2639181249497953
131.50151082996808,-0.1508216872316926,-0.3289773028846502,0.02733392842126503,0.03862839751142172,-0.1442460663402511,0.22150286136309455,1.0525693598861259,0.8402440058595028,1.2648947139127489
131.59752619242607,-0.15081270740977135,-0.3290879993965763,0.027462584577033572,0.039102847223566425,-0.14373721524499938,0.2219429096921322,1.053078003195334,0.8407418948668421,1.2654141115238258
131.6991895173816,-0.15091274924097434,-0.32934872069994126,0.027523222217992582,0.040073086336184074,-0.14269639519116217,0.22284256786353035,1.0536821325756909,0.8414935840395044,1.2658706811118774
131.80085284233712,-0.15097961779328897,-0.3297450759488386,0.0277858403622607,0.040869698687424225,-0.14170396852769357,0.22344336590254205,1.0544949283018354,0.8420200842080615,1.2669697723956093
131.90251616729265,-0.15059803492262433,-0.3297313658544013,0.028535296009152694,0.04234094219215309,-0.14035861505488345,0.22504049943918963,1.0573048396533238,0.843510803433585,1.2710988758730626
131.99853152975064,-0.1501154127549922,-0.3294824180725284,0.029251592562544032,0.043959673799447735,-0.13894039313047618,0.22685974072937165,1.0597775049221527,0.8447743004401654,1.2747807094041401
132.10019485470616,-0.14962128964050522,-0.3289492078269811,0.02970662854597067,0.04368783400563482,-0.13968453799114272,0.22706020600241233,1.0621135407286026,0.8470594791234634,1.277167602333742
132.20185817966168,-0.1490673078155848,-0.32862379335191133,0.030489177720741722,0.04205334484853655,-0.14181780669803068,0.2259244963951038,1.065991814103371,0.8505527784707936,1.2814308497359486
132.29787354211967,-0.14976154363240995,-0.3297253180135268,0.0302022307487069,0.04037070848723953,-0.14405334537471762,0.22479476234919668,1.0715831856544569,0.8553828881935637,1.28778348311535
132.3995368670752,-0.15129406621530075,-0.33170697772294744,0.029118845292345902,0.039242593882805654,-0.14551034988482428,0.2239955376504356,1.0764237752406243,0.859478278136694,1.2933692723445545
132.50120019203072,-0.15199821975258762,-0.3328115077495951,0.028815068244419872,0.03814988888257656,-0.14653806809737763,0.22283784586253075,1.078455657649696,0.8616419480133602,1.2952693672860316
132.5972155544887,-0.15428935799879687,-0.3352601460045812,0.026681430006987472,0.03777691717050481,-0.14685159215757088,0.22240542649858053,1.079681662353821,0.8631384502054336,1.2962248745022085
132.69887887944424,-0.15500736657093042,-0.33591743537853036,0.025902702236669517,0.03756909716938181,-0.1469094817167511,0.22204767605551473,1.0786683707328197,0.862850794384731,1.2944859470809085
132.80054220439976,-0.15568552564553448,-0.3365372332063841,0.025166181915315167,0.035839587088819486,-0.14858416526727283,0.2202633394449118,1.078099945666628,0.8632263593862097,1.2929735319470463
132.90220552935529,-0.15593483977607783,-0.33716585072354593,0.02529617117139027,0.034894469229209205,-0.1495219685249336,0.21931090698335198,1.0802349086322,0.8650563911724742,1.295413426091926
132.99822089181328,-0.15552165147241864,-0.33688920681437723,0.025845903869539943,0.03391995374490743,-0.15058056932178504,0.21842047681159993,1.0813096331266376,0.8655183877273915,1.2971008785258837
133.0998842167688,-0.15441102396617123,-0.335876321549885,0.027054273617542535,0.03320632472386724,-0.1516600769579204,0.21807272640565484,1.0836090437406773,0.8674450493233788,1.299773038157976
133.20154754172432,-0.15439367998281028,-0.33564424675477744,0.026856886789156875,0.0332345031126742,-0.15172622990436185,0.21819523612971026,1.082927185008222,0.8666794910889322,1.299174878927512
133.2975629041823,-0.153990114426906,-0.3350225736496922,0.02704234479588019,0.03358225579235813,-0.15147790013123344,0.2186424117159497,1.082159769826803,0.8654338569711644,1.2988856826824418
133.39922622913784,-0.15284014363800433,-0.333482751071174,0.027802463795165294,0.034153272032497045,-0.1508443993481811,0.2191509434131752,1.0792563767350565,0.8626295785111089,1.295883174959004
133.50088955409336,-0.15227728654134143,-0.33277242606715834,0.02821785298447549,0.03377073017052647,-0.15117909936254642,0.21872055970359933,1.0779392542254167,0.8623612482868785,1.2935172601639549
133.6025528790489,-0.1502529813860166,-0.33061890534283767,0.030112942570804463,0.03419991375431933,-0.15050196863912402,0.21890179614776267,1.075174437301165,0.8603351324162017,1.2900137421861282
133.69856824150688,-0.14911409312972332,-0.3294934850248022,0.031265298765355554,0.0345994269938924,-0.15003690198179687,0.21923575596958167,1.0745556634959559,0.8594876843241204,1.2896236426677914
133.8002315664624,-0.14766157282092532,-0.328028769912335,0.032705624270484346,0.03502467664282519,-0.14985372409980663,0.219903077385457,1.0754959592437887,0.860446027912458,1.2905458905751195
133.90189489141792,-0.14588272407827474,-0.3261666083286616,0.034401160172112144,0.03539923972621717,-0.14938607722917943,0.22018455668161377,1.0739832888748624,0.8588506315270195,1.2891159462227053
133.99791025387592,-0.1440915098637027,-0.32467919521777755,0.03649617549037215,0.035652618445028275,-0.14894554283782147,0.220250779727878,1.074120836048069,0.8585067335050749,1.289734938591063
134.09957357883144,-0.14270798332348025,-0.32340824441667104,0.03799227776971051,0.036235051839037996,-0.14819611941368738,0.22066622309176337,1.0734353694274017,0.8578524964763038,1.2890182423784997
134.20123690378696,-0.1420457009238613,-0.3224512151040029,0.03835981325628027,0.03752932886079838,-0.14677954983777278,0.22183820755936953,1.0709517068947871,0.8559010503777459,1.2860023634118285
134.29725226624495,-0.14204334657349466,-0.32211559532164835,0.03802890217465907,0.03829482784843201,-0.14612493947763405,0.22271459517449804,1.0697588678678438,0.854703850610755,1.2848138851249327
134.39891559120048,-0.14210133862613344,-0.32196501138949263,0.03776233413722574,0.03897899154540936,-0.14578752492008318,0.22374550801090193,1.0706634206896097,0.8554228615510902,1.2859039798281293
134.500578916156,-0.14257669540439605,-0.3224258485023248,0.037272457693532685,0.04017200034379731,-0.1446356390615754,0.22497963974917,1.0710505404782307,0.8554168146652897,1.2866842662911715
134.60224224111153,-0.14264666743386825,-0.32265106666295673,0.03735773179522023,0.04128253547498868,-0.14353904904393205,0.22610411999390945,1.0721236242975085,0.8556187305092099,1.2886285180858073
134.69825760356952,-0.14141734958734387,-0.3214845504899946,0.03864985131530688,0.04239408998298983,-0.14227715397123888,0.22706533393721853,1.0713478161249803,0.8546268653477131,1.2880687669022475
134.79992092852504,-0.1407422271548562,-0.3208405606754608,0.03935610636574838,0.04389438603330544,-0.1406865935377083,0.2284753656043192,1.0709378538389744,0.8534591919452054,1.2884165157327434
134.90158425348056,-0.14004819190981804,-0.3199447799108952,0.03984839609125915,0.04482090756989052,-0.1398853046114121,0.22952711975119314,1.0704089877931846,0.851660930367636,1.2891570452187333
134.99759961593855,-0.1385792083335162,-0.31831319809814385,0.041154781431111426,0.04528517272576283,-0.13962951497374665,0.2301998604252723,1.0703346684663553,0.8507584877163546,1.2899108492163558
135.09926294089408,-0.13670523367687423,-0.31628118814771977,0.042870720793971306,0.04627187376467343,-0.138743041765366,0.23128678929471286,1.069598240160582,0.8497908130899907,1.2894056672311731
135.2009262658496,-0.13574885529634756,-0.3147533011604673,0.043255590567772145,0.04723011930472247,-0.13795794576581305,0.23241818437525802,1.0672054902936625,0.8477724074182617,1.2866385731690635
135.30258959080513,-0.13440737616469434,-0.31278622357073915,0.04397147124135045,0.04863720648713034,-0.13704966978435124,0.23432408275861194,1.066369301051117,0.8460497359324016,1.2866888661698326
135.39860495326312,-0.13319045664361193,-0.31099940365422096,0.04461849036699708,0.04925722136507437,-0.13673249781655608,0.23524694054670484,1.064677682407322,0.8437452071891957,1.2856101576254484
135.50026827821864,-0.13151614995703792,-0.3089390277683848,0.04590672785430894,0.05195014151390976,-0.13436473495861406,0.23826501798643357,1.0642532421732334,0.8424178053920824,1.2860886789543842
135.60193160317417,-0.13058451758856449,-0.30798465349887294,0.04681561832174394,0.05531492192584104,-0.1313918442207154,0.24202168807239746,1.066548893585567,0.8433756795942655,1.2897221075768683
135.69794696563216,-0.13025874988871142,-0.30763845066313367,0.04712095088571086,0.05806269121366201,-0.12894605981636403,0.24507144224368804,1.0684415202033513,0.8442921124352142,1.2925909279714882
135.79961029058768,-0.13003168210078347,-0.3073561501570544,0.04729278595548747,0.06017341598385511,-0.12712319556557378,0.247470027533284,1.0700227517352439,0.8453706798412715,1.2946748236292163
135.9012736155432,-0.12939970876586906,-0.3065910535235812,0.04779163599184302,0.0629938863520403,-0.1246952398517892,0.2506830125558698,1.071783695516731,0.846493300353962,1.2970740906795002
135.9972889780012,-0.1285502173160703,-0.30569927203897207,0.04859883740683149,0.06447863321825659,-0.12354575385697517,0.25250302029348837,1.0735046251521592,0.8485782849776369,1.2984309653266815
136.09895230295672,-0.1289855660915146,-0.30633478109271617,0.048363648909686974,0.06784201570567908,-0.12073365609233008,0.2564176875036882,1.0784565606253607,0.8541630538716074,1.302750067379114
136.20061562791224,-0.1298766770212648,-0.3074224899510999,0.047669135908570304,0.07077730195291079,-0.11832378691279827,0.25987839081861985,1.0833254404897918,0.8597615990880809,1.3068892818915028
136.30227895286777,-0.1291373494130252,-0.3069095730488016,0.0486348742227512,0.07195925948726455,-0.11751727990335546,0.26143579887788454,1.0868141910378541,0.8639999737693577,1.3096284083063507
136.39829431532576,-0.1279959203630238,-0.3058324483436733,0.04984060761762568,0.07285385576145179,-0.11664242506648512,0.26235013658938866,1.0871290264536362,0.8653862811153318,1.3088717717919405
136.49995764028128,-0.12700751831814305,-0.30528869559253113,0.051273658956245055,0.07337722570884608,-0.11602224737282396,0.26277669879051613,1.0888729596180489,0.8681990523888974,1.3095468668472003
136.6016209652368,-0.12637921669803565,-0.3049636695854757,0.0522052361894044,0.07446632557778804,-0.11443008274018687,0.2633627338957629,1.0875798855001033,0.868267154811372,1.3068926161888346
136.6976363276948,-0.12407143422186231,-0.3027660616105543,0.054623193166829676,0.07520034916294621,-0.1135719446740523,0.2639726429999447,1.0869932621976,0.867914593636838,1.306071930758362
136.79929965265032,-0.12114558773249812,-0.3002479268370942,0.05795675137209802,0.0760697288293012,-0.11279610869445632,0.2649355663530587,1.0892660058195058,0.8696549806040161,1.3088770310349955
136.90096297760584,-0.12010887775611781,-0.29956940517137076,0.059351649659135114,0.07672591184522551,-0.11193163437910053,0.26538345806955155,1.089901781494784,0.8702570602551603,1.3095465027344078
137.00262630256137,-0.12067523308808462,-0.2998681067535175,0.058517640577348234,0.07602745323844956,-0.112223855832906,0.2642787623098051,1.0860014684098138,0.8673113211133598,1.3046916157062678
137.09864166501936,-0.12216722071384115,-0.3009942110227546,0.05665976959507227,0.07527019989580777,-0.11249838894964312,0.26303878874125863,1.0813190694848072,0.8633451409652122,1.2992929980044021
137.20030498997488,-0.12275406607868927,-0.3015624424495909,0.05605431029221236,0.07608926050482226,-0.11145943604877695,0.26363795705842147,1.0801797535637851,0.862532593778143,1.2978269133494273
137.3019683149304,-0.1230532690532358,-0.3020017172622287,0.05589517915575709,0.07682931787254427,-0.11091859826426978,0.2645772340093583,1.082336566237178,0.8646691284959829,1.3000040039783731
137.3979836773884,-0.1231640463753042,-0.30208365860948605,0.055755565858877615,0.07827010804349668,-0.10973700617424406,0.2662772222612374,1.0839610251983178,0.8658757494933432,1.3020463009032925
137.49964700234392,-0.12375683878711824,-0.3025988849641323,0.05508520738989581,0.07987370361264456,-0.10838403210638187,0.268131439331671,1.085410899216826,0.867576926619051,1.3032448718146012
137.60131032729944,-0.12412694171634914,-0.30290444283788526,0.05465055940518698,0.08055825047216975,-0.1079288989081944,0.2690453998525339,1.0866118513085021,0.8689417068140923,1.304281995802912
137.69732568975743,-0.12480579777675321,-0.303585661067457,0.053974065513950564,0.08166570488014097,-0.1071302488329759,0.2704616585932578,1.088811849878809,0.8712456664676032,1.306378033290015
137.79898901471296,-0.12456805873392385,-0.30331449670023314,0.05417837923238544,0.08312067592859915,-0.10575877803680658,0.2720001298940049,1.0893013084828151,0.8718753139284003,1.30672730303723
137.90065233966845,-0.12436435548703731,-0.30303694158041566,0.054308230606341046,0.08466581549724514,-0.10434215704115249,0.2736737880356428,1.0898596032857801,0.8723841388747626,1.3073350676967976
138.00231566462398,-0.12514350240737548,-0.30360960666227677,0.05332260184752577,0.08675357737576622,-0.10225307459873109,0.27576022935026356,1.0892406375301464,0.8716381404227687,1.3068431346375242
138.098331027082,-0.12588584898610675,-0.3045226165455829,0.052750918573369415,0.08752561909702247,-0.10171910585299954,0.2767703440470445,1.091943674177894,0.8737082307206367,1.3101791176351514
138.1999943520375,-0.1262473226806366,-0.30492808425863627,0.05243343889736307,0.0885257793842735,-0.1009367689865969,0.2779883277551439,1.0937602889711795,0.8753151166559748,1.3122054612863843
138.30165767699302,-0.12697444443237435,-0.30567203374654595,0.051723144881797245,0.08857620240986366,-0.10086913273925877,0.27802153755898606,1.0939453221207265,0.8755416678625056,1.3123489763789473
138.39767303945104,-0.12744115612950402,-0.30599198210732537,0.05110966984831736,0.08842621923051283,-0.10105733885640883,0.2779097773174345,1.0934388521279674,0.8752631548527436,1.3116145494031912
138.49933636440653,-0.1278106167589323,-0.3063686431571002,0.05074740963923563,0.0886045687359013,-0.10117358833184004,0.27838272580364265,1.095367969934446,0.8769951993697512,1.313740740499141
138.60099968936206,-0.12887356349128767,-0.3074758414737718,0.04972871449119645,0.08827508224086268,-0.10227899039489473,0.2788291548766201,1.1004875103809877,0.8813005580403981,1.3196744627215773
138.70266301431758,-0.13093003448832105,-0.30921302370232695,0.04735295472568482,0.08873807794852107,-0.10231448031480736,0.2797906362118495,1.1023070877699264,0.8825340177268638,1.322080157812989
138.79867837677557,-0.1316776200698494,-0.30955789531911176,0.046202655179412966,0.08885976150371012,-0.10244393617754376,0.280163459184964,1.1017771163166419,0.8821905737432656,1.3213636588900182
138.9003417017311,-0.131235932608133,-0.3088453399974177,0.046373474781151724,0.09049130266878955,-0.10105518460393034,0.2820377899415094,1.1019009376099425,0.8824715169029368,1.3213303583169482
139.00200502668662,-0.1296772894626127,-0.3073890621770297,0.048034483251804316,0.09233653269146636,-0.09910274265686644,0.2837758080397992,1.1017576665914999,0.8826990174252348,1.3208163157577648
139.0980203891446,-0.12825136294084394,-0.3060601872310411,0.049557461349353266,0.09489967311453046,-0.09640431189386853,0.28620365812292947,1.101597217136058,0.8826420904621455,1.3205523438099704
139.19968371410013,-0.12782998784594238,-0.30582616543204755,0.050166189740162764,0.09840424594124791,-0.09280379208371439,0.2896122839662102,1.1026394182777524,0.8832203005697385,1.3220585359857662
139.30134703905566,-0.12777106501095375,-0.30604548184852187,0.05050335182661436,0.10127308654808714,-0.08979044105688225,0.29233661415305656,1.1038895567031048,0.8841387987171205,1.3236403146890892
139.39736240151365,-0.12835662380591129,-0.3069197935588662,0.05020654594704363,0.10311186553130558,-0.08794751540668416,0.2941712464692953,1.106015898586039,0.8861807366234595,1.3258510605486187
139.49902572646917,-0.12892068132816034,-0.30734746595877827,0.04950610330245761,0.10403053153598138,-0.08728204838201725,0.29534311145398,1.1071105890600887,0.8876543921272787,1.326566785992899
139.6006890514247,-0.1296093282545582,-0.30773107557926316,0.04851241907014675,0.10411531947256085,-0.08741613017961004,0.29564676912473176,1.1069123796213154,0.8874642470652181,1.3263605121774127
139.70235237638022,-0.12990001603869486,-0.3075367311198183,0.047736699042428554,0.10443376082366232,-0.08745365071800432,0.29632117236532896,1.1064851512936007,0.8871278286083206,1.3258424739788808
139.7983677388382,-0.1303204449946259,-0.3080195802114006,0.0473786902221488,0.10433247810886051,-0.08791803049798927,0.29658298671571026,1.1091237781174201,0.8894778827761881,1.3287696734586523
139.90003106379373,-0.13090550989986807,-0.30881562719858036,0.04700460739884424,0.10520723861180717,-0.08735573735092841,0.2977702145745428,1.1125405034296814,0.8930201212105541,1.3320608856488085
140.00169438874926,-0.13095716879095168,-0.3091385067654985,0.047224169183595094,0.10553719446350023,-0.08705514854720571,0.2981295374742062,1.1143256619843018,0.8955140779382477,1.333137246030356
140.09770975120725,-0.13034638954582417,-0.3090480245596526,0.04835524546800424,0.10615994418361957,-0.08601526250274705,0.2983351508699862,1.114695214551969,0.8970310396213641,1.332359389482574
140.19937307616277,-0.1301626375452301,-0.3092176223979642,0.04889234730750397,0.10601449328349077,-0.08606139383916495,0.2980903804061465,1.116008725029394,0.8990550233193839,1.332962426739404
140.3010364011183,-0.13036888748390077,-0.3096321579273753,0.04889438295957377,0.10597716841948607,-0.08631262290901914,0.2982669597479913,1.11852903863421,0.9015744215328175,1.3354836557356025
140.40269972607382,-0.13121930341984422,-0.31077618141231483,0.048337574572626385,0.10579080023789122,-0.08661602680663272,0.29819762728241517,1.1210843806587738,0.9039593901959675,1.3382093711215801
140.4987150885318,-0.13242463023054316,-0.3118981812614534,0.0470489208003671,0.10592851045007132,-0.08644542017861737,0.29830244107876003,1.1207596460748233,0.9038807188017931,1.3376385733478533
140.60037841348733,-0.1347694820489629,-0.3138594753978905,0.0443205112999647,0.1069606084157254,-0.08508618019148718,0.299007397022938,1.1174521919840954,0.9010094273111272,1.3338949566570637
140.70204173844286,-0.1344060584910476,-0.313281301814809,0.04446918483271384,0.10856795166909226,-0.08342966667224634,0.3005655700104309,1.11619012317713,0.8995362172715369,1.3328440290827233
140.79805710090085,-0.1342881136993565,-0.3129985883430738,0.044422360944360806,0.1104605831907008,-0.08171538758691539,0.302636553968317,1.1167244136731767,0.8992598090486702,1.334189018297683
140.89972042585637,-0.13368385976803016,-0.3121739477732619,0.04480622823720162,0.11209847987397484,-0.08031092298031453,0.30450788272826423,1.1171013827503649,0.8986633692983431,1.3355393962023865
141.0013837508119,-0.13317372180533477,-0.3112811789584199,0.04493373534775033,0.11184675222478199,-0.08083628042917385,0.30452978487873783,1.1164186710334019,0.89705450265651,1.3357828394102937
141.0973991132699,-0.13431813945113907,-0.31205562710254897,0.04341934820027085,0.11121343438886054,-0.08145742761457765,0.30388429639229875,1.1144325744083359,0.894196236944003,1.3346689118726687
141.1990624382254,-0.1354602019768437,-0.31271665786960967,0.041796253915922316,0.11169323939052228,-0.08077004408298483,0.3041565228640294,1.110892403255616,0.890514530345562,1.33127027616567
141.30072576318094,-0.13757329361453252,-0.3144726292070992,0.03932604197803413,0.11213846266230429,-0.07993434471994124,0.30421127004454984,1.1072048671777162,0.8869864694903872,1.327423264865045
141.40238908813646,-0.13798366530374875,-0.31488682900550025,0.03891949839800274,0.11290995349641884,-0.07869671436965907,0.30451662136249674,1.1046913990214464,0.8842379727539762,1.3251448252889166
141.49840445059445,-0.1387379469205289,-0.3159746861851884,0.03849879234413062,0.11407511184433952,-0.07687299699017383,0.3050232206788529,1.1030537079591445,0.8823015356489239,1.323805880269365
141.60006777554997,-0.14031738480126357,-0.31810136888714224,0.037466599284615126,0.11469785944894775,-0.07588711387891861,0.3052828327768141,1.1045162118024212,0.8831958214609562,1.325836602143886
141.7017311005055,-0.14155071938353142,-0.31951533956488487,0.03641390079782203,0.11513068853850604,-0.07569262456610042,0.3059540016431125,1.1074112479249847,0.8854226437249738,1.3293998521249955
141.7977464629635,-0.1421346718947535,-0.32025922346525515,0.0359898796757481,0.11319652867265491,-0.0778904755454257,0.3042835328907355,1.1096224961253136,0.8877577444389414,1.3314872478116857
141.899409787919,-0.1421166632055054,-0.3207763625353426,0.036543036124331796,0.11289300596854362,-0.07830068037105073,0.304086692308138,1.1132043257923998,0.8908984928259713,1.3355101587588283
142.00107311287454,-0.14137732938123015,-0.3203195747651729,0.03756491600271264,0.11368455427318461,-0.07764991565109008,0.3050190241974593,1.11561768964884,0.8925487198407241,1.3386866594569555
142.10273643783006,-0.14157052697980746,-0.3205104023420565,0.037369348382441575,0.1157884855297599,-0.07573985725828877,0.3073168283178086,1.1173127819545383,0.8930781692948121,1.3415473946142646
142.19875180028805,-0.1422251947028107,-0.3211364957091255,0.036686106303504135,0.11813668521945464,-0.07345829183411881,0.30973166227302806,1.11828931179427,0.8935206441904483,1.343057979398092
142.30041512524357,-0.14298271051088474,-0.32159970067917576,0.03563427965740626,0.11885961198273423,-0.0727813263603013,0.31050055032576973,1.1172945352399386,0.8927063069428232,1.341882763537054
142.4020784501991,-0.14352192949331535,-0.3220986352150181,0.035054776228387374,0.11838865562924783,-0.07330896497424885,0.31008627623274454,1.1174530740041002,0.8935588207022886,1.3413473273059118
142.4980938126571,-0.14264814362792352,-0.32118650015893047,0.03589021290308339,0.11881698200357241,-0.07289420064835553,0.31052816465550037,1.117170601335477,0.8945642452401524,1.3397769574308014
142.5997571376126,-0.14164076999936523,-0.31993035207978704,0.03664881208105658,0.12029465373440557,-0.0716055199658604,0.31219482743467153,1.1169808575496256,0.8954331223580486,1.3385285927412027
142.70142046256814,-0.1418232933334236,-0.3197878626353461,0.036141275968498865,0.12099268925902312,-0.07128263926123746,0.3132680177792837,1.1176480907756439,0.8964227068054957,1.338873474745792
142.79743582502613,-0.14316668581581202,-0.3209270552505701,0.034593683618946075,0.12274355287189274,-0.06996375474269113,0.31545086048647664,1.1199353752998582,0.8991925249898273,1.340678225609889
142.89909914998165,-0.1437218937528841,-0.3213879893158503,0.033944201810082064,0.12372819799354862,-0.06941880067436787,0.31687519666146513,1.1224852590196943,0.9020104828558451,1.3429600351835436
143.00076247493718,-0.1444796293485395,-0.32235163999439304,0.03339238129731403,0.12559052637082183,-0.06772553718516391,0.31890658992680754,1.1253537094623547,0.9051202373494421,1.3455871815752671
143.1024257998927,-0.1439318439809562,-0.32195986016434297,0.03409617220243058,0.12715862323419713,-0.06620444560895133,0.3205216920773456,1.1267547344732458,0.9067502706168324,1.3467591983296592
143.1984411623507,-0.14245527382043568,-0.3204868418394886,0.035576294198617214,0.127190943004156,-0.06616558414163418,0.3205474701499462,1.1263201252982982,0.9057488995933137,1.3468913510032827
143.3001044873062,-0.14016693606432015,-0.3183760590649275,0.038042186936287165,0.1273184787626595,-0.06624780548708079,0.32088476301239977,1.1279841192542053,0.9065982323350698,1.3493700061733407
143.40176781226174,-0.1373698013471795,-0.3155946483272103,0.04085504563285133,0.1270007023976527,-0.06669102019208722,0.32069242498739264,1.1279817724647216,0.9060624957147144,1.3499010492147288
143.49778317471973,-0.1354155691780655,-0.3139303612551123,0.0430992228989813,0.1265871668778436,-0.06738506148310383,0.32055939523879107,1.1306911573236926,0.9080025240149291,1.3533797906324563
143.59944649967525,-0.13537488939971987,-0.31419627942477113,0.043446500625331425,0.12577020757318055,-0.06856655333658748,0.3201069684829486,1.1344355266612376,0.9113387149554091,1.357532338367066
143.70110982463078,-0.13542911620901577,-0.31445384075764876,0.04359560833961723,0.1251379503054938,-0.06946930248234229,0.3197452030933299,1.1370992367464714,0.9135892219614248,1.360609251531518
143.8027731495863,-0.13649771734457983,-0.31595463967764104,0.04295920498848135,0.12583850493283344,-0.06877927867341274,0.3204562885390796,1.1400745853958631,0.9158147342367595,1.3643344365549668
143.8987885120443,-0.13687674758122798,-0.3167524370540862,0.042998941891630255,0.12588589744297302,-0.06863502134189323,0.3204068162278393,1.1419694135688547,0.9175222909172059,1.3664165362205034
144.00045183699982,-0.13719184842848786,-0.3175036011700214,0.043119904313045715,0.12477721687650968,-0.06984577067401922,0.3194002044270386,1.1448823643726354,0.919912507700286,1.3698522210449848
144.10211516195534,-0.13677736627545786,-0.3171864739867697,0.04363174143585399,0.12320702237543912,-0.07180641820664344,0.3182204629575217,1.1473335556687276,0.9212451876539881,1.373421923683467
144.19813052441333,-0.13695824812103335,-0.3172894545133811,0.04337295827131438,0.12255327931269228,-0.07260669647873258,0.31771325510411713,1.1476810501175891,0.9210647015071617,1.3742973987280165
144.29979384936885,-0.13721020533149267,-0.3171698636331152,0.042749452970129886,0.12268976621898504,-0.07274174356006559,0.3181212759980357,1.147344920952965,0.9195482100522603,1.3751416318536696
144.40145717432438,-0.13691456139007144,-0.31655246246426905,0.0427233396841262,0.12312737513870331,-0.07260328234113961,0.3188580326185462,1.1473921500889717,0.9184518336251607,1.3763324665527825
144.49747253678237,-0.13778000902390664,-0.3172371098170448,0.041677091769231484,0.12246692302005228,-0.07378076321404801,0.31871460925415257,1.149640683751112,0.9193972861082398,1.379884081393984
144.5991358617379,-0.14000717793742862,-0.31901013715413085,0.03899578127927364,0.12120222724240073,-0.07536568098933966,0.3177701354741411,1.1493674231472295,0.9179453484353197,1.3807894978591393
144.70079918669342,-0.14352755113746235,-0.3220581713121895,0.03500306903726477,0.11959241489696795,-0.07690802028726648,0.31609285008120236,1.1468952958803504,0.914471064363994,1.379319527396707
144.80246251164894,-0.1473525038744486,-0.32554900844680124,0.03084400069790405,0.11815554141372506,-0.078176271077706,0.31448735390515614,1.1447409327847162,0.9112905735028214,1.378191292066611
144.89847787410693,-0.15013515763959184,-0.32855629029018485,0.02828597501100119,0.11698058476324269,-0.07911767462839889,0.3130788441548843,1.1451102969469071,0.9102301872642595,1.3799904066295547
145.00014119906245,-0.15277830049717242,-0.33160209884086667,0.026045497846521798,0.11585293101744823,-0.07996716990039118,0.3116730319352876,1.146197945618718,0.9100865616775493,1.3823093295598865
145.10180452401795,-0.1555775057866496,-0.33457792754320315,0.023422915969903924,0.11404141758420504,-0.08156088344654859,0.30964371861495865,1.1462967500378596,0.909062590461225,1.3835309096144943
145.19781988647597,-0.15813456436902748,-0.33714558273523143,0.02087645399717647,0.11209975577015528,-0.08336594767813012,0.3075654592184407,1.1458769443794736,0.9076754986927449,1.3840783900662024
145.2994832114315,-0.16069675734042654,-0.33959812669759215,0.01820461201673909,0.1101526856794115,-0.0853458494357896,0.3056512207946126,1.1458444820661204,0.9067663235592072,1.3849226405730337
145.401146536387,-0.16343160005534413,-0.34207822079209316,0.015215020681404873,0.1074685510484878,-0.08833116853925886,0.30326827063623446,1.146569095534663,0.9055871728625295,1.3875510182067965
145.5028098613425,-0.16528387149658466,-0.3439936072109666,0.013425864217797262,0.10583262520880893,-0.09039503184010719,0.3020602822577251,1.1498315057225608,0.9073758174886803,1.3922871939564412
145.59882522380053,-0.16586036297526738,-0.34443270335548587,0.012711977404951114,0.10410334062827159,-0.09238411721333667,0.30059079846987985,1.150494540104744,0.908355428886442,1.3926336513230457
145.70048854875603,-0.16578053632325876,-0.3441514251624583,0.012590352515940761,0.10250545225482216,-0.09392446595458526,0.2989353704642296,1.1486468425799299,0.9069610172848066,1.3903326678750532
145.80215187371155,-0.16559043163870205,-0.3439394051001404,0.012758541822736336,0.10199960401490818,-0.09456835304894626,0.2985675610787626,1.1492129073301098,0.9076633366055235,1.390762478054696
145.89816723616954,-0.16574005827906155,-0.34391376479350166,0.012433648235378597,0.10251981269971425,-0.09424890595976254,0.29928853135919103,1.14962887129457,0.9087329595685938,1.390524783020546
145.99983056112507,-0.1657811034011525,-0.3437161973460896,0.012153990543784604,0.10315872035742998,-0.09347612499456695,0.29979356570942695,1.1476024835651744,0.9073774044751307,1.3878275626552181
146.1014938860806,-0.1656624106444163,-0.34368539618583593,0.012360574897003346,0.10341898432850977,-0.09344554330700824,0.3002835119640278,1.1495363247684618,0.9080183873619204,1.391054262175003
146.19750924853858,-0.16405172402247176,-0.34268291608428864,0.014579468039345123,0.10376592160516926,-0.09360019567994751,0.30113203889028606,1.1556189072390426,0.9116605478978568,1.3995772665802284
146.2991725734941,-0.1622060117925934,-0.34160498499892805,0.01719296141374127,0.10378766601479263,-0.09416168522934835,0.3017370172589336,1.1629953105126887,0.9168309098718583,1.409159711153519
146.40083589844963,-0.16260800019782426,-0.34267574138867807,0.01745974099302952,0.1031014700415781,-0.09547848777971818,0.3016814278628744,1.170721397855044,0.9223037637731223,1.4191390319369657
146.50249922340515,-0.16430706097489245,-0.34507742241810857,0.016463300468323644,0.10218590260311569,-0.09686554323460961,0.301237348440841,1.178046349752597,0.9272012941661976,1.4288914053389965
146.59851458586314,-0.16585566264437576,-0.34704392769472836,0.015332602405976864,0.10163414240868823,-0.09763434547475883,0.30090263029213526,1.182195428129907,0.9304815953268447,1.4339092609329693
146.70017791081867,-0.16588452173424315,-0.34758940622628015,0.01582036275779386,0.10201579724830903,-0.09763221824024906,0.30166381273686715,1.1876289142597238,0.9347411524141624,1.4405166761052852
146.8018412357742,-0.16590092884689822,-0.3479802681657799,0.016178410471983484,0.10206882773493729,-0.09812159179583448,0.3022592472657091,1.1932156629368156,0.93996406014792,1.4464672657257112
146.89785659823218,-0.16624914692613774,-0.3484615623884872,0.015963268536211717,0.10307502141596178,-0.09759617203161933,0.3037462148635429,1.1973429870782835,0.9444085010720693,1.4502774730844976
146.9995199231877,-0.16709429457734318,-0.3495369211050384,0.015348331950352068,0.10376082910557857,-0.09726324296740618,0.3047849011785633,1.201327199855494,0.9479982505271558,1.4546561491838321
147.10118324814323,-0.16773655950510274,-0.35049258896629654,0.01501946995609102,0.10499848906972853,-0.09632216238984695,0.306319140529304,1.2054887991844974,0.9514444336750139,1.4595331646939809
147.19719861060122,-0.168797407766298,-0.3518840960673962,0.014289280534800164,0.10573396689200104,-0.09566054021915374,0.3071284740031558,1.208378456415123,0.9546669939161333,1.4620899189141126
147.29886193555674,-0.17074772058781376,-0.35392393095668884,0.012428489781061342,0.10627083592790987,-0.09510728590081186,0.3076489577566316,1.209567657621741,0.9570919095219419,1.46204340572154
147.40052526051227,-0.17322728545988703,-0.3567107219343142,0.010256151014540166,0.10815332407341038,-0.09324754875315353,0.3095541968999743,1.212745928449083,0.9615863922917223,1.4639054646064436
147.5021885854678,-0.17569149241845539,-0.35954567995563436,0.008162695118723584,0.11066469544304651,-0.09059163086989257,0.3119210217559856,1.2153856236042702,0.9644222729787368,1.4663489742298035
147.59820394792578,-0.17679367098693605,-0.3607226997237495,0.0071353577498773635,0.11152315907537277,-0.08967162294971773,0.31271794110046325,1.216008356663223,0.9650081654175142,1.4670085479089316
147.6998672728813,-0.1786461019036225,-0.3626423733414496,0.005350169534204585,0.11275856528212308,-0.08850291882662756,0.3140200493908737,1.2177576764090114,0.9659314257845294,1.4695839270334936
147.80153059783683,-0.18047380951749006,-0.36449912135474655,0.0035515023197664197,0.1141963317087378,-0.08710466939065276,0.31549733280812836,1.2191599266560527,0.9668234260318012,1.4714964272803042
147.89754596029482,-0.18157702024377975,-0.36576138590412854,0.002607345416569068,0.11534384524016938,-0.0859524410114744,0.31664013149181314,1.220716733202001,0.9677249191430963,1.4737085472609057
147.99920928525034,-0.18222160991677883,-0.36653830297998835,0.0020950831464307262,0.11608616488697987,-0.08546387803573122,0.31763620780969093,1.223505037057536,0.9692845259107685,1.4777255482043035
148.10087261020587,-0.18270993855117373,-0.3671378109917758,0.0017179338894282858,0.11607908024181754,-0.08552825949144588,0.31768641997508096,1.224692794782824,0.9696698267802473,1.4797157627854005
148.2025359351614,-0.18306723998165442,-0.36723239152240766,0.0010979115590988298,0.11531422485155671,-0.08635863757051376,0.3169870872736272,1.223535656301667,0.9689487566290091,1.478122555974325
148.29855129761938,-0.1846532993167369,-0.3683468433002255,-0.0009597553332483522,0.11618074084141503,-0.08551921869006346,0.3178807003728935,1.2217549865103063,0.9676608558357016,1.475849117184911
148.4002146225749,-0.1864858469005901,-0.37003545258807047,-0.002936241213109758,0.11818229596064825,-0.08362138943791825,0.31998598135921474,1.2227305654035123,0.9677143476786956,1.477746783128329
148.50187794753043,-0.18785592394028272,-0.37141255649623517,-0.004299291384330273,0.12000964761227693,-0.08175441742698054,0.3217737126515344,1.2234671461870747,0.9678812776611476,1.4790530147130019
148.59789330998842,-0.18967593852208356,-0.3732747878696905,-0.006077089174476608,0.12134525739238336,-0.08039919045924995,0.3230897052440167,1.224596268812801,0.9680645169265187,1.4811280206990831
148.69955663494395,-0.1907550392783857,-0.3743995380631727,-0.0071105404935986605,0.12220912928879366,-0.07967220830443797,0.32409046688202525,1.2263533393001425,0.9691023575687309,1.483604321031554
148.80121995989947,-0.1913571996504479,-0.37482579726166126,-0.007888602039234527,0.12215837885264746,-0.07955577109882683,0.32387252880412176,1.2244877588382967,0.9681183701007285,1.480857147575865
148.89723532235746,-0.19259418222763175,-0.37557561135424333,-0.009612753101020166,0.123208893071198,-0.07803637333205773,0.3244541594744538,1.2194232885086456,0.9648481779438838,1.4739983990734074
148.99889864731298,-0.19260374309667283,-0.3754413488669564,-0.009766137326389257,0.12488426739110509,-0.07595475935667947,0.3257232941388897,1.216435663369487,0.9634711985251849,1.4694001282137892
149.1005619722685,-0.1933920645207053,-0.3764292836200631,-0.010354845421347458,0.12653400838112455,-0.07381450866262759,0.3268825254248767,1.2152023806355219,0.9623695572526416,1.4680352040184022
149.20222529722403,-0.19375317386350205,-0.37703093944492083,-0.010475408282083237,0.12732947134442987,-0.0729754814478625,0.3276344241367223,1.2166588909342004,0.9622398734298101,1.4710779084385908
149.29824065968202,-0.19287878598701907,-0.3765151629007839,-0.009242409073254243,0.12799443694499407,-0.0721970253876921,0.32818589927768027,1.2178493611068915,0.9615637733948716,1.4741349488189113
149.39990398463755,-0.19196015249130224,-0.3760238586636043,-0.007896446319000189,0.12755258751349727,-0.07250036005199645,0.327605535078991,1.2189871885390957,0.9600608459341338,1.4779135311440577
149.50156730959307,-0.19193402160563666,-0.37623461857385077,-0.007633424637422531,0.12676376204943524,-0.07366446496686252,0.327191989065733,1.2225242452739498,0.9608625506805072,1.4841859398673924
149.59758267205106,-0.19335753932696778,-0.37789300289808103,-0.008822075755854503,0.12580010603311353,-0.0750978304925431,0.32669804255877016,1.2271698902448134,0.9629037971433216,1.4914359833463051
149.69924599700659,-0.19420725584410717,-0.3788192018520812,-0.009595309836133131,0.12512617966619705,-0.07587790703258648,0.32613026636498055,1.2284485602611923,0.9633154504463182,1.4935816700760665
149.8009093219621,-0.19503691657587116,-0.37976457578355094,-0.010309257368191355,0.12588477339598253,-0.07521232191182572,0.32698186870379076,1.2302261606319154,0.9642315252006202,1.4962207960632106
149.90257264691763,-0.1963748713849322,-0.3815790749719171,-0.011170667797947287,0.1272711174751452,-0.07386646096670621,0.3284086959169966,1.234138872079462,0.9672525161936536,1.5010252279652703
149.99858800937562,-0.1977576041225017,-0.38342377153984086,-0.01209143670516255,0.12899019470207684,-0.07221721500036388,0.33019760440451756,1.2382705467371105,0.9705721363917753,1.5059689570824455
150.10025133433115,-0.19967119499430264,-0.38570334831488917,-0.013639041673716074,0.12904856127135914,-0.07218186293655146,0.3302789854792697,1.2413383734999461,0.9718209326906868,1.5108558143092055
150.20191465928667,-0.20159277563998834,-0.3879357562221437,-0.015249795057832971,0.12915721292383808,-0.07231620210821924,0.3306306279558954,1.2455072421805482,0.9733423745718774,1.517672109789219
150.29793002174466,-0.20297961486921365,-0.38967217936569815,-0.01628705037272915,0.12967443558838448,-0.07187713645259428,0.3312260076293633,1.2487564562142925,0.9751852783974897,1.5223276340310954
150.3995933467002,-0.20237262592787064,-0.3891272064619543,-0.015618045393787,0.12953821937128318,-0.07196536355906463,0.331041802301631,1.248535327715325,0.9760150904943554,1.5210555649362947
150.5012566716557,-0.20233925098711106,-0.38909680659671686,-0.015581695377505228,0.13023225230187316,-0.07142051878014233,0.33188502338388864,1.2496685164928332,0.9779198623651295,1.5214171706205368
150.5972720341137,-0.20222182079489226,-0.3890838220595198,-0.015359819530264718,0.13101305392101475,-0.07086197946530412,0.33288808730733366,1.2518555711869435,0.9809385036499325,1.5227726387239544
150.69893535906922,-0.20311133351446128,-0.39003305989928977,-0.0161896071296328,0.13140777911444687,-0.07059046822395929,0.333406026452853,1.2534569625889738,0.9838632394059178,1.5230506857720298
150.80059868402475,-0.2030290234806238,-0.39013240695336165,-0.015925640007885933,0.13081794309863048,-0.07111486635567732,0.3327507525529383,1.2539237620311552,0.9855010461692921,1.5223464778930182
150.90226200898027,-0.20201898324206402,-0.3895886770375885,-0.014449289446539532,0.13092892421657504,-0.07094966948112796,0.33280751791427804,1.2559546258611478,0.988652038123575,1.5232572135987206
150.99827737143826,-0.20160412340892775,-0.3897916768469686,-0.013416569970886888,0.13043879641218206,-0.07150771418648949,0.3323853070108536,1.2597544391843012,0.9933555873029071,1.5261532910656954
151.0999406963938,-0.2019283563267574,-0.39034421000683894,-0.013512502646675889,0.12952411854437532,-0.07246894613527888,0.3315171832240295,1.2613005804932773,0.9956433812900222,1.5269577796965326
151.2016040213493,-0.2026618840702056,-0.39118197283229195,-0.014141795308119237,0.12960852584183472,-0.07261358457266018,0.3318306362563296,1.2636996932946574,0.9986956690712079,1.5287037175181069
151.2976193838073,-0.20273475802616717,-0.39127833155054736,-0.014191184501786941,0.12970665525874014,-0.07309619718035215,0.33250950769783244,1.2676051763909086,1.0029221170581586,1.5322882357236587
151.39928270876283,-0.20205255304528344,-0.3900901742726066,-0.014014931817960236,0.13024495661509952,-0.07311226602167467,0.33360217925187374,1.2680153040330362,1.0044363090240145,1.531594299042058
151.50094603371835,-0.20150266189159846,-0.3888824646555421,-0.014122859127654847,0.1310531145020889,-0.07282077593697286,0.3349270049411507,1.2674278915100912,1.00450263093756,1.5303531520826223
151.60260935867387,-0.1999659324168057,-0.3867827871710691,-0.013149077662542252,0.13087861417449528,-0.07338403765188703,0.33514126600087757,1.2659451031257465,1.003640169717815,1.528250036533678
151.69862472113186,-0.19873119429964872,-0.38526790538996597,-0.012194483209331475,0.13083354170041558,-0.07360770819302098,0.33527479159385215,1.26494251084197,1.0026028482739175,1.5272821734100226
151.8002880460874,-0.19805559044911022,-0.38416209135837986,-0.011949089539840613,0.13271484364279723,-0.07160259636488553,0.33703228365048,1.2618426930874378,0.9994399093501726,1.524245476824703
151.9019513710429,-0.19746322401445954,-0.3835356637072345,-0.011390784321684555,0.13460145053127356,-0.06917142275662014,0.33837432381916727,1.2584067534194623,0.9961434345778601,1.5206700722610644
151.9979667335009,-0.19655676961120352,-0.3827681430804043,-0.01034539614200275,0.13667967583679866,-0.06675758544063429,0.34011693711423163,1.2572733191188141,0.9945859858825009,1.5199606523551275
152.09963005845643,-0.19627522353153898,-0.3825623474769722,-0.009988099586105748,0.1371587055249492,-0.06647109014105004,0.3407885011909484,1.2589754986081725,0.9954502672564431,1.5225007299599018
152.20129338341195,-0.19658193303394897,-0.38314444749005583,-0.01001941857784211,0.1370007316964541,-0.06730709485297434,0.3413085582458826,1.265036165382329,1.0003857513829897,1.5296865793816683
152.29730874586994,-0.19732462053134572,-0.3840251280035803,-0.010624113059111151,0.13735026211656873,-0.0674890793214524,0.3421896035545898,1.2696680118488144,1.0041972593952906,1.5351387643023382
152.39897207082547,-0.19798168181137632,-0.38453871272658013,-0.011424650896172533,0.13583277036635502,-0.0696654475754534,0.34133098830816344,1.2729336000731393,1.006896817924747,1.5389703822215315
152.500635395781,-0.19800180217679345,-0.3845056623517258,-0.011497942001861106,0.13318834581720287,-0.07298889694574587,0.33936558858015164,1.2763272629410263,1.0084424937776297,1.5442120321044228
152.60229872073648,-0.19907415606908202,-0.38557230748977644,-0.012576004648387595,0.13200546862785434,-0.07474458457867614,0.33875552183438484,1.2801373063162722,1.0101957851312564,1.550078827501288
152.6983140831945,-0.20019684355985795,-0.3867589854912523,-0.013634701628463614,0.1321210267572459,-0.07497053183363983,0.33921258534813165,1.283222330950984,1.011051647654083,1.5553930142478851
152.79997740815003,-0.20105719710764927,-0.387810902508195,-0.014303491707103544,0.13301402407979573,-0.0743424564268454,0.34037050458643686,1.286664694130329,1.011449515933057,1.561879872327601
152.90164073310552,-0.20273905417852345,-0.3896624527792942,-0.01581565557775272,0.1336754309106925,-0.0736472689503728,0.3409981307717578,1.288299591496724,1.011153572383805,1.5654456106096428
152.99765609556354,-0.20415331417334298,-0.39129547930916037,-0.017011149037525597,0.13469322542062626,-0.07255184430028272,0.34193829514153523,1.2899314751872517,1.0119329743024579,1.5679299760720455
153.09931942051904,-0.2053258254379443,-0.3928385224819484,-0.017813128393940197,0.1357239188268006,-0.07142825850996815,0.34287609616356934,1.292273090639545,1.013968593784225,1.5705775874948649
153.20098274547456,-0.2050898838204055,-0.3931145440576602,-0.017065223583150796,0.13510329116548087,-0.07205303593315784,0.34225961826411955,1.2950684441507132,1.01676607450111,1.5733708138003164
153.3026460704301,-0.20493744898867158,-0.3937253391564709,-0.016149558820872295,0.13499092231173565,-0.0718776003151903,0.3418594449386616,1.2976328728550133,1.0193817590545697,1.5758839866554568
153.39866143288808,-0.20347892002541954,-0.39300950972961624,-0.013948330321222835,0.1348776250255523,-0.07166189894109273,0.34141714899219733,1.2992936226944944,1.0209324157755997,1.5776548296133892
153.5003247578436,-0.20220568620884127,-0.39241165543607204,-0.011999716981610509,0.13467812256061232,-0.07141072668898762,0.34076697181021226,1.2998356149999581,1.022059141040529,1.5776120889593872
153.60198808279912,-0.20010535673506483,-0.3906437228988603,-0.009566990571269363,0.13505757947868896,-0.07086514338937655,0.34098030234675447,1.3000097711583172,1.021894886451459,1.5781246558651754
153.69800344525711,-0.19843638211398262,-0.38878784428628343,-0.008084919941681812,0.13551673621390167,-0.0699955742209947,0.3410290466487981,1.2956818151652623,1.0183372921779836,1.573026338152541
153.79966677021264,-0.1965352965166997,-0.38680767917120934,-0.006262913862190078,0.13429911241798365,-0.07078241442385957,0.33938063925982687,1.2913371075637516,1.0146601825605917,1.5680140325669116
153.90133009516816,-0.19588604821107886,-0.38620281979129223,-0.005569276630865511,0.133150698964288,-0.07207528323326284,0.33837668116183883,1.291976778582588,1.0151852390733311,1.5687683180918448
153.99734545762615,-0.1954102143362315,-0.38623120609470063,-0.00458922257776237,0.13095250357363686,-0.07417273569574528,0.336077742843019,1.2935896719251057,1.0161640474521416,1.5710152963980697
154.09900878258168,-0.19433113114715522,-0.3855297546051455,-0.003132507689164954,0.1300111651930591,-0.07480632427317435,0.33482865465929257,1.2932090482384757,1.0153851600809594,1.571032936395992
154.2006721075372,-0.1945014832190057,-0.3858653778039901,-0.0031375886340212766,0.12985796272332328,-0.07507318071604194,0.33478910616268853,1.294967635897324,1.016698546947072,1.5732367248475763
154.30233543249273,-0.19492524786711216,-0.38626945745601604,-0.003581038278208243,0.1295279447475679,-0.07555904726995435,0.33461493676509013,1.2959363166300109,1.0174237124919554,1.5744489207680663
154.39835079495072,-0.19572209445536037,-0.38726532397410074,-0.00417886493661998,0.12979745795868006,-0.07543033109679365,0.33502524701415376,1.2984310802638093,1.0198816460730904,1.5769805144545281
154.50001411990624,-0.19665197844223867,-0.38873739264158114,-0.004566564242896226,0.12932116084717926,-0.07608914622691232,0.33473146792127084,1.3031363358113006,1.0242908100198962,1.581981861602705
154.60167744486176,-0.19721876330710827,-0.3895902039896711,-0.004847322624545458,0.1290182993633926,-0.07623442295937025,0.3342710216861554,1.3039952159982178,1.0253662198753417,1.5826242121210938
154.69769280731975,-0.19758243811396856,-0.3904272099181914,-0.004737666309745703,0.12856292933803845,-0.07635564509668999,0.33348150377276686,1.3047357972846272,1.0268035006059284,1.582668093963326
154.79935613227528,-0.19687879668030359,-0.39033851909806044,-0.0034190742625467285,0.12736768611301505,-0.07711580827282108,0.3318511804988512,1.3050900033902506,1.0286786136825041,1.581501393097997
154.9010194572308,-0.19640626807878184,-0.39027364390808406,-0.002538892249479646,0.1249541853919792,-0.07905389451546255,0.32896226529942096,1.303722391162716,1.0289285719863086,1.5785162103391235
155.00268278218633,-0.19630297840472977,-0.3904740586702391,-0.0021318981392204617,0.12221182544368989,-0.08155255361308289,0.32597620450046266,1.3032954671038122,1.0294248666222723,1.577166067585352
155.09869814464432,-0.19682016272050257,-0.3910648851732901,-0.002575440267715029,0.12146472222584187,-0.08218861998742535,0.32511806443910907,1.3030543026143622,1.029769043505001,1.5763395617237232
155.20036146959984,-0.19722147491992134,-0.3917897156976654,-0.0026532341421772743,0.12203444115718774,-0.08142082887588702,0.3254897111902625,1.3040634758210738,1.0309078648543823,1.5772190867877653
155.30202479455536,-0.19871725690546113,-0.3935248494222736,-0.00390966438864862,0.1233473135203674,-0.08011880936405893,0.32681343640479377,1.3065178443652583,1.0322542499180045,1.580781438812512
155.39804015701336,-0.20027827799287792,-0.3954140230634121,-0.005142532922343707,0.12408893647396466,-0.07965768156424904,0.3278355545121784,1.3111448949931868,1.034696514136009,1.5875932758503646
155.49970348196888,-0.20315290576893102,-0.39846917990936703,-0.007836631628495017,0.12285368490101573,-0.0811009229957787,0.32680829279781015,1.314449386039979,1.0366050471302537,1.5922937249497044
155.6013668069244,-0.20611377998356334,-0.40145776424850177,-0.01076979571862488,0.12038809800928996,-0.08343278442570831,0.32420898044428825,1.3143719463941712,1.0361469584714873,1.5925969343168551
155.6973821693824,-0.20949466931780206,-0.4047137159360398,-0.014275622699564366,0.1192020265561976,-0.08419344535841156,0.32259749847080676,1.311990116430842,1.0337327136040835,1.5902475192576007
155.79904549433792,-0.21327887918145494,-0.4082892166949973,-0.018268541667912586,0.11833174996089135,-0.08457816070529206,0.32124166062707477,1.3089859595271491,1.0303985377023497,1.5875733813519486
155.90070881929344,-0.2161365464897459,-0.41116924426634666,-0.021103848713145135,0.11861578011710887,-0.08385998558643133,0.3210915458206491,1.3076414324999956,1.0282071729122826,1.5870756920877087
156.00237214424897,-0.21932437303118388,-0.41452884594754846,-0.02411990011481932,0.1199609220838512,-0.08210846533952862,0.322030309507231,1.3078144741815336,1.0265573457307315,1.5890716026323357
156.09838750670696,-0.22182879743255338,-0.41741419103766947,-0.026243403827437284,0.1203534700391236,-0.0815189584825677,0.3222258985608149,1.3101069325199795,1.0263225723159723,1.5938912927239866
156.20005083166248,-0.22332549531291926,-0.4196362604089382,-0.027014730216900346,0.11986767325999778,-0.08192204074611545,0.32165738726611104,1.3146144455958162,1.0280796987600516,1.6011491924315808
156.301714156618,-0.22335174345368464,-0.42009865056447826,-0.02660483634289104,0.11811209175306259,-0.0837688937534791,0.31999307725960424,1.3174941208373743,1.0294950463630852,1.6054931953116633
156.397729519076,-0.22141742499288147,-0.41834798260688033,-0.024486867378882587,0.11752860107211606,-0.08451770077964159,0.3195749029238737,1.3186903697744576,1.03066735656287,1.6067133829860454
156.49939284403152,-0.21993227075903132,-0.4173376276271962,-0.022526913890866473,0.11710984480089953,-0.08511402334944473,0.3193337129512438,1.3220229079613672,1.032619309328215,1.6114265065945195
156.60105616898704,-0.21989314379086933,-0.4174591539317268,-0.022327133650011877,0.11575545996449894,-0.08678310809383309,0.31829402802283097,1.3247009098495306,1.033218536354989,1.6161832833440721
156.70271949394257,-0.21980413661182185,-0.4174865064735661,-0.0221217667500776,0.11329518056338966,-0.08956985477515478,0.3161602159019341,1.326911798644546,1.0341564027650068,1.6196671945240853
156.79873485640056,-0.21925559672162218,-0.4172029907128545,-0.021308202730389886,0.110629985112536,-0.09277906983465467,0.31403904005972666,1.331215172257538,1.0375123332734137,1.6249180112416624
156.90039818135608,-0.21767787246204245,-0.4156511181373411,-0.019704626786743756,0.10835500863870468,-0.0953743037769228,0.31208432105433215,1.3322461390256555,1.0378393186957704,1.6266529593555406
157.0020615063116,-0.21679035167901367,-0.41492510037765723,-0.018655602980370112,0.10625561319198089,-0.09759029201919635,0.31010151840315814,1.3331689188665181,1.0374739786427472,1.628863859090289
157.0980768687696,-0.21642000346384155,-0.4147953373831207,-0.01804466954456241,0.10514583498723852,-0.09876478554741534,0.30905645552189237,1.3346951337338997,1.0382236916277214,1.631166575840078
157.19974019372512,-0.2162222096060642,-0.41494425110629185,-0.017500168105836517,0.1039675015571772,-0.0998834386931332,0.3078184418074876,1.3361512467349115,1.0394471420204439,1.632855351449379
157.30140351868064,-0.2153875359367191,-0.41454650203434906,-0.016228569839089185,0.10411608081137856,-0.09977264948322144,0.30800481110597855,1.3388075897643594,1.0418253648058278,1.635789814722891
157.39741888113863,-0.2148510084892398,-0.41442068046836045,-0.015281336510119148,0.1055740049000734,-0.09856828521202915,0.30971629501217596,1.3430981824699357,1.045826909707225,1.6403694552326464
157.49908220609416,-0.21534224205677016,-0.4152837339734199,-0.015400750140120434,0.10664119604822206,-0.09782087461345518,0.3111032667098993,1.3479408452728452,1.0498673585695453,1.646014331976145
157.60074553104968,-0.21578980433047162,-0.41595927774070074,-0.015620330920242509,0.10653365668428183,-0.0981586843429672,0.31122599771153087,1.3510363176456912,1.0514086780169438,1.6506639572744386
157.7024088560052,-0.21627190799786405,-0.41631374091155987,-0.01623007508416824,0.10671270328053337,-0.09857349092322854,0.31199889748429527,1.354317877912587,1.053343010429912,1.6552927453952622
157.7984242184632,-0.21708678471072776,-0.41683068139142254,-0.017342888030032977,0.10570493897709016,-0.09989638842082968,0.31130626637501,1.3546206012450914,1.0537591168101108,1.655482085680072
157.90008754341872,-0.2169311120269653,-0.4160031177305158,-0.01785910632341481,0.104404012705107,-0.1012023197547562,0.3100103451649702,1.3500847745331324,1.0504524457799498,1.649717103286315
158.00175086837424,-0.21610443725936934,-0.4145630153243427,-0.017645859194395958,0.10244303659392287,-0.10297706217119096,0.3078631353590367,1.34426643752382,1.045693689754803,1.642839185292837
158.09776623083224,-0.21560790630497134,-0.4136951999408883,-0.01752061266905436,0.10190447543205705,-0.10356805736782904,0.30737700823194314,1.3419591731071074,1.0445602472376867,1.6393580989765282
158.19942955578776,-0.21577017505854992,-0.4133676241506966,-0.018172725966403264,0.10253303550723585,-0.10319953931167751,0.3082656103261492,1.340786828490332,1.0448974339645059,1.636676223016158
158.30109288074328,-0.21636970005754627,-0.41352796856295504,-0.019211431552137476,0.10277927018382127,-0.10312706989300152,0.30868561026064406,1.3394898091304372,1.0447374230697153,1.6342421951911592
158.4027562056988,-0.2165790287445237,-0.4132523605828261,-0.01990569690622132,0.10414295483363481,-0.10181202743658602,0.31009793710385564,1.3371656854563132,1.0438435311194105,1.6304878397932159
158.4987715681568,-0.21658840429672782,-0.4128009185259235,-0.020375890067532126,0.10475659255323776,-0.10099360043978585,0.3105067855462614,1.333111547067382,1.0411183766870675,1.6251047174476965
158.60043489311232,-0.2169427449928738,-0.413016551934666,-0.020868938051081615,0.10571946579202748,-0.09989310013373498,0.31133203171778995,1.331716236036522,1.0403569174090221,1.6230755546640219
158.70209821806785,-0.21704534846293932,-0.4132081691003337,-0.02088252782554495,0.10700792772537099,-0.09849072556368346,0.3125065810144254,1.3318468618146515,1.0407453823283253,1.6229483413009778
158.79811358052584,-0.2170065898747148,-0.4131063946378484,-0.0209067851115812,0.1096197843817165,-0.0958606303632827,0.3151001991267157,1.3318876187801327,1.0409787319596715,1.622796505600594
158.89977690548136,-0.2180362279695789,-0.41426278080474555,-0.02180967513441226,0.11346853040057785,-0.0917821453348618,0.3187192061360175,1.3324900067388752,1.0420043461289428,1.6229756673488076
159.00144023043688,-0.21915662888562784,-0.41541791679945295,-0.022895340971802736,0.11584163634103059,-0.08928194481300383,0.320965217495065,1.3329162660574536,1.0427267990683124,1.6231057330465948
159.09745559289487,-0.2195644787572964,-0.4160155728327869,-0.023113384681805876,0.11714904834708238,-0.08770440438266004,0.3220025010768248,1.3328286019962239,1.0431122612447052,1.6225449427477425
159.1991189178504,-0.22003304812979343,-0.41675281501553396,-0.023313281244052936,0.1176474876784089,-0.08702033532758686,0.32231531068440467,1.3336188269892015,1.043808876153128,1.6234287778252752
159.30078224280592,-0.2198509396446885,-0.4170312607569397,-0.022670618532437292,0.11765855582207005,-0.08674225684350276,0.3220593684876428,1.3346801558576384,1.0451466933940816,1.6242136183211953
159.40244556776145,-0.22104086551357133,-0.4187428422119074,-0.023338888815235298,0.1159047921232382,-0.08829533092984851,0.3201049151763249,1.3367512660538587,1.048422685506206,1.6250798466015115
159.49846093021944,-0.2217950574834609,-0.4197297273588264,-0.023860387608095418,0.11475636534073014,-0.08952842974510297,0.3190411604265633,1.3388183910320146,1.0519603384566847,1.6256764436073445
159.60012425517496,-0.22348691726545966,-0.42132040037552887,-0.02565343415539048,0.11438158635334372,-0.08996469546117136,0.3187278681678588,1.339250471637311,1.054089087352186,1.624411855922436
159.70178758013049,-0.22530966611265274,-0.4233513678196478,-0.02726796440565768,0.1140615690938821,-0.09042826848156205,0.31855140666932624,1.3422217321481997,1.0579499273260728,1.6264935369703266
159.79780294258848,-0.22680331740300688,-0.4253921353690001,-0.028214499437013624,0.11346965260829685,-0.09082167475238888,0.31776097996898256,1.344905635387,1.0611485078705474,1.6286627629034525
159.899466267544,-0.2294818578088714,-0.42875203590124944,-0.030211679716493356,0.11327538745805577,-0.09066998293717413,0.31722075785328563,1.348132346725473,1.0634606222059386,1.6328040712450076
160.00112959249952,-0.23075574675436458,-0.430652004977564,-0.030859488531165158,0.11370083317365906,-0.0899577797051683,0.31735944605248645,1.3509138555932585,1.0648997102842281,1.6369280009022888
160.10279291745502,-0.2319661106068477,-0.4324749798766081,-0.03145724133708727,0.11421264469169715,-0.08930357845437223,0.31772886783776655,1.3545456806364473,1.0671470592606935,1.641944302012201
160.19880827991304,-0.2345043315649909,-0.4354342056252309,-0.03357445750475091,0.11487352473484108,-0.08839820867657328,0.31814525814625544,1.3569783507112647,1.0690281215045156,1.6449285799180138
160.30047160486853,-0.2377035085505548,-0.43884705811742986,-0.03655995898367978,0.11401345537359116,-0.0887587410825156,0.3167856518296979,1.356447607667926,1.068341568757595,1.6445536465782569
160.40213492982406,-0.2397790510662609,-0.44070298586712453,-0.03885511626539731,0.11272969750546168,-0.08970089395338433,0.3151602889643077,1.3535707984468937,1.0656642957111768,1.6414773011826105
160.49815029228208,-0.2421746270503753,-0.44278805233912727,-0.04156120176162331,0.11185799138422832,-0.09031961931238307,0.3140356020808397,1.350947770882062,1.0640151004545502,1.637880441309574
160.59981361723757,-0.24362130183842146,-0.4441294134681695,-0.04311319020867346,0.11052003757549489,-0.09162009726778964,0.3126601724187794,1.3504475433473964,1.0639892347117226,1.6369058519830701
160.7014769421931,-0.24524517543104965,-0.44585296746484704,-0.04463738339725226,0.10898357764690642,-0.09321079003615054,0.31117794532996335,1.351880870124511,1.0662688559942335,1.6374928842547887
160.79749230465112,-0.24627291527150705,-0.4470281163862858,-0.04551771415672831,0.10676110829720312,-0.09528134381516837,0.3088035604095746,1.3518711143929283,1.066435612687539,1.6373066160983176
160.8991556296066,-0.24567791662861058,-0.4465569970788773,-0.04479883617834382,0.1038486911298305,-0.0979698856265607,0.30566726788622167,1.3503235562655396,1.0657534167184208,1.6348936958126583
161.00081895456213,-0.2440685523521129,-0.44525427247745014,-0.042882832226775636,0.10197489100068617,-0.09955831986150733,0.3035081018628797,1.3492788500392872,1.0653717307042423,1.633185969374332
161.10248227951766,-0.24300706811024,-0.44467802723654937,-0.041336108983930614,0.09990415971187529,-0.10155337779804179,0.30136169722179235,1.3509466384610738,1.0661576794820202,1.6357355974401273
161.19849764197565,-0.24198759966114697,-0.4442261150852465,-0.03974908423704743,0.0993755436206181,-0.10212713217777883,0.30087821941901505,1.3542503614809467,1.0678794618292047,1.6406212611326887
161.30016096693117,-0.24086420839472777,-0.44375383979280103,-0.03797457699665452,0.10102762994505655,-0.1006132117386815,0.3026684716287946,1.3590792798576652,1.070978397672894,1.6471801620424364
161.4018242918867,-0.2395619107381717,-0.44286534023362145,-0.03625848124272196,0.10182457191970413,-0.10018800340425528,0.30383714724366356,1.3636342108744577,1.0736704059051183,1.653598015843797
161.4978396543447,-0.23892332920692216,-0.4423397211529426,-0.03550693726090168,0.10394883732652302,-0.09838913073710553,0.3062868053901516,1.3665663113944175,1.0750645655107602,1.6580680572780748
161.5995029793002,-0.23844534658744881,-0.4417975230484028,-0.035093170126494794,0.10676843326139453,-0.0956939366729866,0.30923080319577567,1.3673146432692385,1.0747929248252617,1.6598363617132152
161.70116630425574,-0.23823651773780458,-0.441599409188855,-0.03487362628675414,0.10873350907853752,-0.09396464079041256,0.3114316589474876,1.369214404968784,1.075216591628059,1.663212218309509
161.79718166671373,-0.23872015710595976,-0.44200554186833385,-0.03543477234358566,0.11090950110084369,-0.09227907058052742,0.3140980727822148,1.3725661251394534,1.0770204711217244,1.6681117791571825
161.89884499166925,-0.2384912146805078,-0.4420131360773779,-0.034969293283637654,0.11405242264002496,-0.08984839317792453,0.31795323845797446,1.379256221426777,1.0806308863087466,1.6778815565448073
162.00050831662477,-0.23781187143277233,-0.44159568894509293,-0.03402805392045172,0.11558296589261363,-0.08895420206746812,0.3201201338526954,1.385067377415789,1.0838151297851342,1.6863196250464436
162.1021716415803,-0.2368479879729143,-0.4408488265856399,-0.03284714936018868,0.11607797135072037,-0.08875068847524284,0.3209066311766836,1.3880032113944174,1.0862209549520951,1.6897854678367397
162.1981870040383,-0.2369769945358277,-0.44143211504370705,-0.03252187402794837,0.1173018127774324,-0.08793555470748896,0.32253918026235373,1.3939213319512198,1.091973406555953,1.6958692573464866
162.2998503289938,-0.2358401278373141,-0.44065795902803595,-0.0310222966465922,0.11892188143086613,-0.08669652786320795,0.3245402907249402,1.3985782462664889,1.096255125177197,1.7009013673557807
162.40151365394934,-0.23485582114133838,-0.4398030383306383,-0.02990860395203851,0.12021473475797403,-0.08529250675366626,0.3257219762696143,1.398539491506257,1.097029204021349,1.700049778991165
162.49752901640733,-0.23379670616906909,-0.43866506294640173,-0.02892834939173647,0.12079473180186337,-0.08448129624658582,0.32607075985031253,1.3961746627960567,1.0959820094023174,1.696367316189796
162.59919234136285,-0.2330262335377105,-0.4378117040640729,-0.02824076301134809,0.12138266224096589,-0.08360220344254365,0.32636752792447543,1.3935371940111838,1.0944061787417148,1.6926682092806529
162.70085566631838,-0.23234470953189532,-0.43699810296521163,-0.027691316098579,0.12218140747297783,-0.0824231629419623,0.32678597788791797,1.3901040687029582,1.0928078725902024,1.687400264815714
162.8025189912739,-0.2327906154141475,-0.4371765702428663,-0.028404660585428676,0.12232164648250606,-0.0819692395482882,0.3266125325133003,1.3865964466413807,1.091162572631181,1.6820303206515803
162.8985343537319,-0.2337182840310657,-0.4378523493883444,-0.029584218673786994,0.1221501978461164,-0.08207357441426304,0.3263739701064958,1.3849313657234885,1.0909250004641136,1.6789377309828635
163.0001976786874,-0.23310652282383645,-0.4370073279491051,-0.029205717698567835,0.12202059546700067,-0.08211559348287001,0.32615678441687135,1.3825483433717212,1.090971613930511,1.6741250728129313
163.10186100364294,-0.2316947029133868,-0.4354211259000181,-0.027968279926755546,0.12218349457851145,-0.08174233579661462,0.32610932495363754,1.3794562763960512,1.0904132798719441,1.6684992729201582
163.19787636610093,-0.2301214794597296,-0.43355107108853524,-0.026691887830923966,0.12180863047240045,-0.08204807668390454,0.3256653376287054,1.3762869304742953,1.0889205265364055,1.663653334412185
163.29953969105645,-0.22761574231752688,-0.43092843989861485,-0.024303044736438878,0.12194655198085227,-0.08139735542634524,0.3252904593880498,1.371129231280329,1.0856510401073254,1.6566074224533325
163.40120301601198,-0.22633768941915222,-0.42995622472726436,-0.022719154111040113,0.1217338132921277,-0.08105512417581907,0.3245227507600745,1.3689048217263264,1.0839523284583534,1.6538573149942994
163.49721837846997,-0.2260449404234617,-0.42994923885053915,-0.02214064199638424,0.12156429864320024,-0.08056401836643724,0.32369261565283775,1.3663482863474707,1.0815229815528804,1.651173591142061
163.5988817034255,-0.22546992558603252,-0.42933699474788023,-0.02160285642418483,0.1215402734030906,-0.0801028458985835,0.3231833927047647,1.3627526263754035,1.078498519350457,1.64700673340035
163.70054502838101,-0.2249193347680975,-0.428646545136597,-0.021192124399598,0.12054417564116596,-0.08095993320591086,0.32204828448824274,1.3604800527223762,1.0765213482171556,1.6444387572275967
163.80220835333654,-0.22501689557435808,-0.4285727407621668,-0.021461050386549413,0.11989542369489065,-0.08202012151323237,0.32181096890301364,1.3618854315707627,1.0774675082121359,1.6463033549293895
163.89822371579453,-0.22699208235957868,-0.4304253656592228,-0.023558799059934576,0.11910354063495235,-0.08336837994965526,0.32157546121955993,1.3653515374449394,1.0800473599434603,1.6506557149464185
163.99988704075005,-0.22867868028458013,-0.4320026913104699,-0.025354669258690343,0.11805338546953936,-0.08459207933870472,0.32069885027778344,1.3662789671095055,1.0805498930269102,1.6520080411921008
164.10155036570558,-0.23009488233873285,-0.4331548080257236,-0.027034956651742104,0.11772547892584385,-0.08508566077281003,0.3205366186244977,1.366218018692849,1.080816183178698,1.651619854207
164.19756572816357,-0.2304726283671005,-0.4334841314838189,-0.02746112525038208,0.11795647499550549,-0.08500780320626991,0.32092075319728086,1.3671165593029917,1.08183338429018,1.6523997343158034
164.2992290531191,-0.2311620714033535,-0.4342004691354573,-0.028123673671249683,0.11859278336489838,-0.08461741321400253,0.3218029799437993,1.3693334476942314,1.0844927805534739,1.6541741148349889
164.40089237807462,-0.23154941570625667,-0.43435602028669257,-0.028742811125820777,0.11875195780267447,-0.08487194196947317,0.3223758575748221,1.3707216227077317,1.0857001842036187,1.6557430612118447
164.50255570303014,-0.23057126147327286,-0.43303734028629154,-0.02810518266025419,0.11789753393246591,-0.08628578196341044,0.3220808498283423,1.3714892752113412,1.0863036503757375,1.656674900046945
164.59857106548813,-0.22972237648301963,-0.43188132227782833,-0.027563430688210933,0.11789881744163735,-0.08669323141505292,0.3224908662983276,1.3717741602921014,1.0863986060855912,1.6571497144986116
164.70023439044365,-0.2286670614155796,-0.43044296444308006,-0.026891158388079178,0.11726406695791379,-0.08779319554713085,0.32232132946295844,1.371706722941625,1.0853444309094311,1.658069014973819
164.80189771539918,-0.22867536867124166,-0.4299067488568062,-0.02744398848567714,0.11794626856997256,-0.0875202857225309,0.323412822862476,1.3710597307425767,1.08377676936658,1.6583426921185733
164.89791307785717,-0.22903577251717439,-0.429877247428099,-0.028194297606249752,0.11868644481459849,-0.08728944892747482,0.3246623385566718,1.3722327213692134,1.0835566654320175,1.6609087773064093
164.9995764028127,-0.22882830512729024,-0.42953154516700465,-0.028125065087575812,0.1193235266211013,-0.08697795894861027,0.32562501219081286,1.3735313664759632,1.082422053612353,1.6646406793395734
165.10123972776822,-0.2284530430761444,-0.42913436296958335,-0.027771723182705432,0.11943034070371622,-0.08698265291093357,0.325843334318366,1.3739724980716579,1.0807070416138336,1.6672379545294822
165.1972550902262,-0.2269508591390051,-0.4278706253091831,-0.026031092968827108,0.11801321457216099,-0.08821108119704385,0.32423751034136583,1.3732342486431168,1.0788448258965804,1.6676236713896533
165.29891841518173,-0.22560538503473035,-0.42634739432274393,-0.024863375746716765,0.11626399531182963,-0.089632817461786,0.3221608080854452,1.3689599608670806,1.0754948564738336,1.6624250652603276
165.40058174013726,-0.22460691405898503,-0.4251990926880379,-0.024014735429932127,0.11450246204356208,-0.091023102012018,0.32002802609914216,1.3647456264208315,1.0725290130824698,1.6569622397591932
165.50224506509278,-0.2237265064030496,-0.4242723789546799,-0.02318063385141933,0.11387985198006856,-0.09134669180345181,0.3191063957635889,1.3619779930591565,1.0708684295796675,1.6530875565386454
165.59826042755077,-0.22388763086516134,-0.42440144777975386,-0.023373813950568784,0.11465727211369595,-0.09017707338830044,0.31949161761569234,1.3594877568867194,1.0692567077307797,1.649718806042659
165.6999237525063,-0.22506932964023924,-0.4254689283096909,-0.024669730970787562,0.11500910943002073,-0.08960268573381293,0.3196209045938544,1.3579391155143854,1.0673958847453848,1.648482346283386
165.80158707746182,-0.22851219147134896,-0.42897597257252906,-0.02804841037016889,0.1143099519965691,-0.09001228222576318,0.3186321862189014,1.3578782222297388,1.067606714623537,1.6481497298359404
165.8976024399198,-0.23147789324803403,-0.43188039439295267,-0.031075392103115385,0.11162954142462476,-0.09235348491508762,0.31561256776433716,1.3560642572313764,1.0671241010674786,1.6450044133952741
165.99926576487533,-0.23429758425823774,-0.4344991703119939,-0.03409599820448153,0.10992490284008984,-0.09359664701824096,0.31344645269842064,1.352763378785461,1.0655180060177138,1.640008751553208
166.10092908983086,-0.23687370687026876,-0.4369881253292222,-0.036759288411315316,0.10977898487278107,-0.09337416209338223,0.31293213183894436,1.3510310244500663,1.0647145985813973,1.6373474503187353
166.20259241478638,-0.238948938090611,-0.4389811041860169,-0.03891677199520513,0.10904288893125542,-0.09382608193912224,0.3119118598016331,1.3495178690099312,1.063605699984992,1.6354300380348703
166.29860777724437,-0.24111417954585918,-0.44105528295513663,-0.04117307613658172,0.10846626061595799,-0.09429731335096239,0.31122983458287834,1.349182820597408,1.063295215997507,1.6350704251973087
166.4002711021999,-0.24328497867537707,-0.44313802959340354,-0.043431927757350636,0.10752770052209207,-0.09525688624604273,0.31031228729022686,1.3496107039337588,1.063278940110154,1.6359424677573637
166.50193442715542,-0.24364389297607306,-0.44331840060462924,-0.04396938534751685,0.1074927324755544,-0.09555669835656948,0.31054216330767825,1.3503482556430115,1.0643861987631489,1.6363103125228742
166.5979497896134,-0.24248508918197012,-0.44184006245485197,-0.043130115909088274,0.10761339749033505,-0.09556571110406789,0.31079250608473796,1.3486304343094537,1.063342769552427,1.6339180990664806
166.69961311456893,-0.241326279561618,-0.44023978536742475,-0.04241277375581126,0.10779524389028067,-0.09523896280963495,0.3108294505901963,1.3444065513093348,1.0601578411927537,1.628655261425916
166.80127643952446,-0.23975470453886363,-0.43833369856007964,-0.04117571051764765,0.10853257644989588,-0.0942001168745794,0.31126526977437113,1.3397821871296665,1.0559760726683018,1.623588301591031
166.89729180198245,-0.2385124093973871,-0.43667612234833986,-0.04034869644643432,0.1086676918162067,-0.09367245294197624,0.31100783657438963,1.334109527214276,1.0502576226051419,1.6179614318234101
166.99895512693797,-0.23713504729246201,-0.434804957631585,-0.039465136953339,0.10824119022228557,-0.09396960724043238,0.3104519876850035,1.3294526798492194,1.0448917940128126,1.6140135656856263
167.1006184518935,-0.23604107105658745,-0.43320356713080954,-0.038878574982365355,0.10720436652067744,-0.09492049230474434,0.3093292253460992,1.3250028117459915,1.0393427926855237,1.6106628308064594
167.20228177684902,-0.23673723516218095,-0.43346693436513795,-0.04000753595922393,0.10655166655273157,-0.09557244790252592,0.3086757810079891,1.3224982299557682,1.03510284911934,1.6098936107921964
167.298297139307,-0.2366898072797784,-0.43310605417697995,-0.040273560382576845,0.10619131557089087,-0.09625104687914882,0.30863367802093056,1.322486198099269,1.0329908712878308,1.6119815249107072
167.39996046426253,-0.23747193549439774,-0.4334751073189556,-0.04146876366983987,0.10557460700684651,-0.09712890438075722,0.30827811839445024,1.3218383318968012,1.0304088709259789,1.6132677928676236
167.50162378921803,-0.23947061355031743,-0.4350473379115004,-0.04389388918913442,0.10665735689102718,-0.09625081609521657,0.30956552987727093,1.3216965749877048,1.0295697627006906,1.613823387274719
167.59763915167605,-0.24135518402044343,-0.43653717266577957,-0.04617319537510728,0.1074031142326392,-0.09547007964996122,0.3102763081152396,1.3201050197891409,1.0281275915041808,1.612082448074101
167.69930247663157,-0.24325469442812842,-0.4382306643833459,-0.048278724472910955,0.10801822972154027,-0.09474416065685765,0.3107806200999382,1.3191808912592036,1.0265046089405738,1.6118571735778333
167.80096580158707,-0.2450030333172464,-0.4397825956139446,-0.050223471020548194,0.10912205275918713,-0.09329394916606804,0.3115380546844423,1.3168523632292182,1.0240601576246073,1.609644568833829
167.9026291265426,-0.24585534270575649,-0.44046789996405217,-0.051242785447460804,0.11036817824814275,-0.09189829524948616,0.31263465174577165,1.3155636673054494,1.0230642121876825,1.6080631224232163
167.9986444890006,-0.24616746364965225,-0.4409961717205435,-0.051338755578761025,0.11061502638421891,-0.09152191036920468,0.31275196313764253,1.3162733580919659,1.0238102919500107,1.608736424233921
168.1003078139561,-0.24674939796790452,-0.44130749153243387,-0.05219130440337516,0.11154919565418574,-0.09043759519991092,0.3135359865082824,1.3141480899279838,1.0216185369822741,1.6066776428736935
168.20197113891163,-0.2467554745877149,-0.44090034243851484,-0.05261060673691498,0.11222151215145638,-0.0896540032701864,0.31409702757309915,1.3110585524712106,1.0186376577520035,1.6034794471904177
168.29798650136962,-0.24627838952425138,-0.43994997502578426,-0.05260680402271853,0.11259877812240161,-0.08909939261443965,0.31429694885924286,1.3068833605250099,1.014348898698016,1.5994178223520037
168.39964982632515,-0.24654708852816612,-0.4397658517967469,-0.053328325259585335,0.11137578351886106,-0.09006933230607121,0.3128208993437933,1.3023685516842545,1.0099445660999002,1.5947925372686087
168.50131315128067,-0.24701226389155745,-0.4400418650458935,-0.05398266273722144,0.1086897732122336,-0.09263505407812204,0.3100146005025892,1.3000900485529516,1.0074213638637604,1.592758733242143
168.59732851373866,-0.24699090822999994,-0.43987412917987045,-0.054107687280129435,0.10648034942965848,-0.09487203187797916,0.3078327307372961,1.2988879435564193,1.0056669576201374,1.5921089294927013
168.69899183869418,-0.24773303113299439,-0.44095104906809046,-0.05451501319789831,0.10307576588423172,-0.09821805076199104,0.3043695825304545,1.3002089377924815,1.0050445547994893,1.5953733207854737
168.8006551636497,-0.24942127123416824,-0.4430673919155276,-0.055775150552808905,0.0989206137554047,-0.10192708275700896,0.29976831026781836,1.2999914404223463,1.0035844710630275,1.596398409781665
168.90231848860523,-0.2507410425177873,-0.444724076229949,-0.05675800880562559,0.09456367541969898,-0.1059962981571923,0.29512364899659027,1.3000468105390421,1.0025296552915959,1.5975639657864884
168.99833385106322,-0.2521369479094836,-0.44659388667449756,-0.057680009144469635,0.0918757496012127,-0.10882231200690293,0.29257381120932835,1.304025920994876,1.005541193427658,1.602510648562094
169.09999717601875,-0.25341946588077313,-0.4484337393322763,-0.05840519242926995,0.09097619087605185,-0.10965740217360415,0.29160978392570786,1.3075261059919756,1.0091703276654753,1.605881884318476
169.20166050097427,-0.25529479080840933,-0.4511468862870105,-0.05944269532980817,0.09062656186315021,-0.10996856041445788,0.29122168414075833,1.3133394265142355,1.0147934860657575,1.6118853669627136
169.29767586343226,-0.2572084643653676,-0.45366948270257207,-0.06074744602816312,0.09084755257135899,-0.1096634629190032,0.29135856806172117,1.3175968177968425,1.0182850472883587,1.6169085883053262
169.39933918838778,-0.2578643028431163,-0.45432148504720105,-0.06140712063903156,0.09013215492100385,-0.11074889702960891,0.2910132068716166,1.3201246003207305,1.0193599095956571,1.620889291045804
169.5010025133433,-0.25900978100817007,-0.4554547558319041,-0.06256480618443602,0.08839312123924739,-0.11295042629069846,0.28973666876919324,1.3232653344530558,1.020533330572766,1.6259973383333457
169.60266583829883,-0.2606478908461167,-0.45735156493403534,-0.06394421675819811,0.08679464773389114,-0.11506760845711936,0.2886569039249016,1.3287406368631325,1.0236101987155632,1.6338710750107017
169.69868120075682,-0.2628904086690421,-0.4598054308878845,-0.06597538645019976,0.08557668528585538,-0.11654822683036564,0.2877015974020764,1.3326911709586609,1.0255835263452826,1.639798815572039
169.80034452571235,-0.264526067204584,-0.46162211362284855,-0.06743002078631943,0.08530607067922903,-0.11714685168894044,0.2877589930473985,1.3367264317935523,1.0283508065940485,1.6451020569930561
169.90200785066787,-0.26532999545669045,-0.46268229575781505,-0.06797769515556587,0.08562842572042222,-0.1171961166602634,0.2884529681011078,1.3411781742376125,1.031052271893671,1.651304076581554
169.99802321312586,-0.2644813449119091,-0.46217076728184603,-0.06679192254197219,0.08561772421132235,-0.11762751692289064,0.28886296534553535,1.3455228353851418,1.0338015192294026,1.6572441515408811
170.0996865380814,-0.263725509522567,-0.46141670014256736,-0.06603431890256667,0.0851523166316244,-0.11818895119378439,0.2884935844570332,1.3456711013477645,1.0333396688956367,1.6580025337998923
170.2013498630369,-0.2630218412734271,-0.4610161088413688,-0.06502757370548537,0.08483236853690913,-0.1187923581380642,0.28845709521188245,1.348957896510107,1.0352692670565384,1.6626465259636756
170.2973652254949,-0.26209249359633296,-0.4602454872195524,-0.06393949997311354,0.0855453018811339,-0.11836579616397061,0.2894563999262384,1.3514245216035252,1.036744054581914,1.6661049886251365
170.39902855045042,-0.26044165244669104,-0.458816285837776,-0.062067019055606076,0.0853731503558317,-0.11871823493573883,0.28946453564740227,1.3530794436743019,1.0375124536387377,1.668646433709866
170.50069187540595,-0.25942656565968214,-0.4578952999270423,-0.06095783139232197,0.08615193144859117,-0.11772201620053578,0.2900258790977181,1.3518749902107805,1.0370356857408023,1.6667142946807587
170.60235520036147,-0.2593471907306717,-0.4577947475361295,-0.06089963392521394,0.08753558812221474,-0.11607420469887808,0.29114538094330755,1.3502433991928504,1.0362563742306135,1.6642304241550874
170.69837056281946,-0.2603485526542685,-0.45884170222187604,-0.06185540308666096,0.08859715760473605,-0.11487962705974247,0.29207394226921457,1.3503820771838266,1.037406462886104,1.6633576914815493
170.800033887775,-0.26021950460299603,-0.45873869625692704,-0.06170031294906503,0.08818456868745944,-0.11507467609188785,0.2914438134668067,1.3490091749009867,1.0373269477803841,1.6606914020215893
170.9016972127305,-0.2601098643648474,-0.4585813481814781,-0.061638380548216715,0.08687235704058924,-0.11620384838363104,0.2899485624648095,1.3472502617786495,1.0357675866416536,1.6587329369156454
170.9977125751885,-0.2608214997967948,-0.45928154304881436,-0.06236145654477526,0.08709665746420694,-0.11594577073458368,0.29013908566299756,1.3473719442744632,1.0353696842996398,1.6593742042492865
171.09937590014403,-0.26123019832908245,-0.4597998664985593,-0.06266053015960557,0.08896604526868346,-0.11397257050182852,0.29190466103919543,1.34793618250332,1.0350656807950267,1.6608066842116134
171.20103922509955,-0.2617871237958833,-0.4604478277750717,-0.06312641981669492,0.08918953980595873,-0.11344278845663583,0.29182186806855326,1.3468780453272937,1.0343884163449153,1.6593676743096721
171.30270255005507,-0.26196317470687563,-0.46070850525778684,-0.06321784415596443,0.08900209639005549,-0.11353512691035306,0.29153931969046404,1.3468595081388486,1.0351251886702322,1.658593827607465
171.39871791251306,-0.2622480408666663,-0.4610283754611312,-0.06346770627220141,0.08892727757603525,-0.11364291455334535,0.29149746970541585,1.3474257563973076,1.0356394838501528,1.6592120289444623
171.5003812374686,-0.26256128196355455,-0.46154582910530517,-0.06357673482180393,0.08818081259342091,-0.11462561170394885,0.29098723689079065,1.3502501922865746,1.038111043524329,1.6623893410488202
171.6020445624241,-0.2625001014915344,-0.4618546596912535,-0.06314554329181529,0.08697342303963554,-0.11638929013341504,0.2903361362126861,1.355896420893201,1.0423136769969412,1.6694791647894607
171.6980599248821,-0.26263291981537823,-0.46247628950859254,-0.06278955012216395,0.08559133837964752,-0.11834978278349917,0.2895324595427942,1.362522785758674,1.0484357002872582,1.6766098712300896
171.79972324983763,-0.26323244421364644,-0.46351848965977993,-0.06294639876751298,0.08567796969731675,-0.1189454620631046,0.2903014014577381,1.3700451768488602,1.0558709682715857,1.6842193854261347
171.90138657479315,-0.2633968414734572,-0.4640681501426249,-0.0627255328042895,0.08489573084273414,-0.12033701990831364,0.2901284815937819,1.376375166220921,1.0612437116462554,1.6915066207955864
171.99740193725114,-0.2638112238236088,-0.4645651791312646,-0.06305726851595297,0.08497135243559956,-0.12051153636064696,0.29045424123184604,1.37875064912296,1.0636242037374433,1.6938770945084767
172.09906526220666,-0.26547440264255173,-0.4660742245668242,-0.06487458071827928,0.08618168219249848,-0.11947446847055136,0.2918378328555483,1.3799859627058078,1.0654171537378665,1.694554771673749
172.2007285871622,-0.2669382801438386,-0.4673469141012564,-0.06652964618642074,0.08665682016201354,-0.11910880489620701,0.2924224452202341,1.3803485056182692,1.0664894360447499,1.6942075751917884
172.3023919121177,-0.26738053703182374,-0.46757509954200416,-0.06718597452164332,0.08656548690627279,-0.11951761935220019,0.2926485931647458,1.3812788635984283,1.0674055701656897,1.695152157031167
172.3984072745757,-0.2675329004463108,-0.46738107757366903,-0.06768472331895253,0.08580018505355577,-0.12090240376862346,0.292502773875735,1.3830765458115082,1.0684930194402973,1.697660072182719
172.50007059953123,-0.2667550849269795,-0.46640118952135695,-0.0671089803326021,0.08477526650931436,-0.12211679081512292,0.2916673238337516,1.3824488528299137,1.0678022048407758,1.6970955008190516
172.60173392448675,-0.2654284130448823,-0.464820637477663,-0.06603618861210159,0.08273157410509255,-0.12417694531434459,0.2896400935245297,1.3799097043402437,1.065562171329679,1.6942572373508085
172.69774928694474,-0.2639865684850702,-0.46315811082498554,-0.06481502614515483,0.08034860636680277,-0.12685587178902458,0.2875530845226301,1.3793036814399686,1.0639012370284433,1.694706125851494
172.79941261190027,-0.26060542072869053,-0.45993670068197573,-0.06127414077540533,0.07734052545399217,-0.13031440033745845,0.2849954512454428,1.3810079939821998,1.0648094628758724,1.697206525088527
172.9010759368558,-0.25812439969596,-0.45796821773856766,-0.05828058165335234,0.07604960599115357,-0.132152785373374,0.28425199735568113,1.3863424070045052,1.0684150392457612,1.7042697747632491
173.0027392618113,-0.2559970298554663,-0.4565172032547073,-0.0554768564562253,0.07536889631165103,-0.13319554794969363,0.2839333405729957,1.391798103025592,1.071900963719582,1.7116952423316019
173.0987546242693,-0.2548771208242627,-0.4561191880455378,-0.05363505360298765,0.0751245728696956,-0.1339077402021636,0.28415688594155475,1.3988471143735288,1.0768935280114968,1.7208007007355608
173.20041794922483,-0.2545282774710549,-0.45672905017924803,-0.05232750476286174,0.07583559158172323,-0.13374965219149348,0.28542083535493995,1.4085303536450378,1.0842392033147332,1.7328215039753423
173.30208127418035,-0.2542195112682084,-0.4571268195541277,-0.051312202982289085,0.07550600265109328,-0.13459748865120433,0.28560949395339086,1.4162702542931445,1.090355873397196,1.7421846351890928
173.39809663663834,-0.25382988738968526,-0.4571994195964705,-0.05046035518290001,0.07469063307756454,-0.13598168216296064,0.2853629483180897,1.422688445190692,1.0949499986903675,1.7504268916910166
173.49975996159387,-0.2521647101512237,-0.45572679228849733,-0.04860262801395007,0.0756171700418698,-0.13558137374853502,0.2868157138322746,1.4267235937645768,1.0965671020214303,1.7568800855077233
173.6014232865494,-0.24976846203043535,-0.45350564770439916,-0.0460312763564715,0.07663706988994476,-0.13518170218887043,0.28845584196875995,1.430940421535319,1.0990122643248876,1.7628685787457503
173.69743864900738,-0.24687212930554567,-0.4507138854299443,-0.04303037318114705,0.07765341756081519,-0.13449393337145743,0.2898007684930878,1.4325289092716411,1.100265723330668,1.7647920952126142
173.7991019739629,-0.24282769142737368,-0.44690399567562816,-0.03875138717911919,0.07959047843071901,-0.13295451807678485,0.2921354749382229,1.4350265796848556,1.1021156129052232,1.767937546464488
173.90076529891843,-0.2384661531200009,-0.4425564236953599,-0.03437588254464191,0.08049480324781852,-0.13222730313288963,0.29321690962852665,1.4343503459926061,1.1011324439597372,1.767568248025475
174.00242862387395,-0.23509837855113438,-0.4392499326408229,-0.030946824461445865,0.07999657556509217,-0.13288248458328206,0.2928756357134664,1.4341240656058016,1.1008187699984269,1.7674293612131764
174.09844398633194,-0.23394347731834905,-0.4384264291225348,-0.029460525514163283,0.07885983928305373,-0.13412903619381572,0.2918487147599232,1.4362760094577205,1.102954362834585,1.769597656080856
174.20010731128747,-0.23379346653037383,-0.4386141885875034,-0.028972744473244272,0.07776525976311932,-0.1355067323991834,0.29103725192542207,1.4401193629142282,1.1054514091837164,1.7747873166447399
174.301770636243,-0.23428051724313242,-0.43935341490021174,-0.029207619586053085,0.07840113441437094,-0.13496157583181373,0.2917638446605556,1.4426879400025112,1.107880120165441,1.7774957598395815
174.39778599870098,-0.23466487921959991,-0.43972273659105837,-0.029607021848141457,0.0783796914203771,-0.1352268543297298,0.291986237170484,1.4444099690070626,1.1097033705563635,1.7791165674577618
174.4994493236565,-0.23385374286995886,-0.43901182715250026,-0.02869565858741746,0.07892727336949822,-0.13493191785792003,0.29278646459691643,1.4464684904899143,1.1117998355163485,1.7811371454634801
174.60111264861203,-0.23231527722579062,-0.43745921482954625,-0.027171339622034996,0.07955962013259599,-0.13439678983005793,0.2935160300952499,1.4464161103321675,1.1109504835889499,1.7818817370753852
174.70277597356753,-0.23103358979681735,-0.43623605316215797,-0.025831126431476698,0.0798649189889446,-0.1341223895960801,0.29385222757396934,1.4464583981790586,1.1102609400184453,1.782655856339672
174.79879133602554,-0.2291187643342705,-0.4342192033512399,-0.02401832531730108,0.07974266610118375,-0.13442176230186764,0.29390709450423513,1.4460937423197828,1.1096946629092446,1.782492821730321
174.90045466098107,-0.22624492179018624,-0.43117041064365536,-0.021319432936717148,0.08032652713825085,-0.13416182310906016,0.29481487738556184,1.4459373886619071,1.110153872088973,1.7817209052348413
175.00211798593656,-0.2230304670937825,-0.4277260788884869,-0.01833485529907805,0.08059235763569086,-0.13435077064826248,0.2955354859196442,1.4461314897861925,1.110966109693363,1.7812968698790221
175.09813334839458,-0.22166943246735424,-0.4263004995534485,-0.017038365381259968,0.08109874562051148,-0.1342894044348123,0.29648689567583525,1.4482125553550087,1.1141028709387872,1.7823222397712302
175.1997966733501,-0.22105056585785535,-0.4257862637284757,-0.016314867987234943,0.08161251476206688,-0.1340675791826197,0.29729260870675345,1.4506832926101974,1.1174771541247357,1.783889431095659
175.3014599983056,-0.22046536536923125,-0.4252519827667586,-0.015678747971703905,0.08174875789223529,-0.13412786630638102,0.2976253820908516,1.4521141887997224,1.1194705178134747,1.7847578597859701
175.39747536076362,-0.2198047653665877,-0.42446957114345285,-0.015139959589722501,0.08009650754838478,-0.13577955385303137,0.29597256894980095,1.450765252733782,1.1189324848468452,1.7825980206207188
175.49913868571912,-0.21943465275508256,-0.4239688615681264,-0.01490044394203871,0.07804671967313169,-0.1375980509035743,0.29369149024983765,1.4478608747044666,1.1179962666574847,1.7777254827514484
175.60080201067464,-0.21792436411467508,-0.42227205276478263,-0.013576675464567534,0.0771945997787644,-0.13838835994481202,0.29277755950234086,1.4454443803016055,1.1176713219639907,1.7732174386392203
175.70246533563017,-0.2158553136841202,-0.42048302848151087,-0.0112275988867295,0.07710904007995266,-0.1380279521804823,0.29224603234038765,1.4433100147199684,1.1165646214088076,1.7700554080311293
175.79848069808816,-0.21312571013554718,-0.4179561513163338,-0.008295268954760598,0.07696201565326176,-0.13759038577364535,0.2915144170801689,1.4394631071347663,1.1139721376260736,1.764954076643459
175.90014402304368,-0.2125738378008381,-0.41771444613957953,-0.00743322946209668,0.07757416961614265,-0.1363214312932074,0.2914697705254927,1.436889375118858,1.1136172543804568,1.7601614958572593
176.0018073479992,-0.21301800776645344,-0.4183502342740213,-0.007685781258885582,0.07780238109383784,-0.13553532408891478,0.29114008627659044,1.434594452888666,1.113294663823121,1.7558942419542112
176.0978227104572,-0.2136511975272199,-0.419274555433519,-0.008027839620920796,0.07780855064269575,-0.1355697038875991,0.29118680517299056,1.4370260449935863,1.115553534566431,1.7584985554207417
176.19948603541272,-0.21442590897334785,-0.42039126937598925,-0.008460548570706411,0.07755351728907926,-0.13618428402354665,0.2912913186017052,1.4419614991336,1.1192565700579344,1.7646664282092657
176.30114936036824,-0.21520856869032048,-0.42151737852939297,-0.008899758851247969,0.0778833228717066,-0.13621809769425955,0.2919847434376728,1.4470371602906107,1.122901485708185,1.7711728348730365
176.40281268532377,-0.2158682766392028,-0.42256138898949236,-0.00917516428891324,0.07844826361552842,-0.1362278062347937,0.29312433346585054,1.4538010157138135,1.127867569926826,1.779734461500801
176.49882804778176,-0.21733909969308773,-0.42428919750518423,-0.010389001880991233,0.07848269088615559,-0.13689467024226246,0.29386005201457366,1.460878578908539,1.133400636429643,1.788356521387435
176.60049137273728,-0.2194688689527405,-0.426516399535789,-0.012421338369692003,0.07793363821975557,-0.13849715105995755,0.2943644274994687,1.469535606416153,1.1396718177959042,1.799399395036402
176.7021546976928,-0.22188298646317262,-0.4293381686991725,-0.014427804227172714,0.07727410239425059,-0.140253560921682,0.2948017657101832,1.4806738798277548,1.1485585478791738,1.8127892117763358
176.7981700601508,-0.2244002294746616,-0.4321940471739528,-0.016606411775370394,0.07715564885832991,-0.1413848822357942,0.295696179952454,1.490965413544173,1.156533432563917,1.825397394524429
176.89983338510632,-0.22668608355326267,-0.4345986910914468,-0.01877347601507859,0.07827700331457663,-0.14082666196381824,0.2973806685929715,1.4968379550007878,1.161137814023617,1.8325380959779585
177.00149671006184,-0.2287093181373911,-0.4364579219235209,-0.02096071435126129,0.07889503334500793,-0.1406601814809021,0.2984502481709179,1.4999058862582986,1.1619611543452808,1.8378506181713163
177.09751207251983,-0.22923031047544012,-0.4368398860024252,-0.021620734948455067,0.07925089231344917,-0.14080553009375127,0.29930731472064964,1.502765796800135,1.1629145300489885,1.8426170635512813
177.19917539747536,-0.22994072497365484,-0.4374428389811478,-0.02243861096616187,0.07837354285226487,-0.1419372412770984,0.2986843269816281,1.5040170841879426,1.1624217796933083,1.8456123886825768
177.30083872243088,-0.23126505074696085,-0.4388102548953775,-0.023719846598544203,0.07779384027057272,-0.14288741877029937,0.2984750993114448,1.5073969434051906,1.1635226715257942,1.851271215284587
177.4025020473864,-0.23320185468966523,-0.44096691833705026,-0.025436791042280193,0.07831220732888933,-0.14248444102217966,0.2991088556799583,1.5106216324431236,1.1653685075222526,1.8558747573639947
177.4985174098444,-0.23311012048833246,-0.4409947085593835,-0.025225532417281427,0.07804590744214199,-0.14271618020768637,0.2988079950919703,1.5110802286300729,1.1656440844034195,1.8565163728567262
177.60018073479992,-0.23289081961123176,-0.4412022530491689,-0.024579386173294637,0.07730349682026993,-0.14344246494953714,0.29804945859007703,1.5135530371064987,1.168105609093951,1.8590004651190464
177.70184405975544,-0.2333437752042837,-0.4418570216242056,-0.02483052878436179,0.07768866462829861,-0.1428971111087059,0.29827444036530315,1.5140357208558537,1.169061231218177,1.8590102104935304
177.79785942221343,-0.2336970502851733,-0.44215324546305135,-0.025240855107295262,0.07800014028425512,-0.14230058096944093,0.29830086153795116,1.5118912182235826,1.1671437305822852,1.8566387058648801
177.89952274716896,-0.23314911011060152,-0.44137571438812856,-0.024922505833074482,0.07984325542385584,-0.1403170938567286,0.3000036047044403,1.5094416707641578,1.1652666039142217,1.853616737614094
178.00118607212448,-0.23247094582816522,-0.4406523363677084,-0.024289555288622006,0.0820333025502939,-0.13795235371116826,0.30201895881175606,1.5079703610272532,1.1645459307170838,1.8513947913374227
178.09720143458247,-0.23268375774520839,-0.4409766665573376,-0.024390848933079162,0.08314427608149755,-0.13672410288826253,0.30301265505125763,1.5081717636601264,1.1653716793318276,1.8509718479884252
178.198864759538,-0.2320130919235659,-0.4405510075366517,-0.023475176310480073,0.08423972394443095,-0.13544292668245228,0.3039223745713142,1.5083667105100327,1.1651863264949136,1.8515470945251518
178.30052808449352,-0.23152568476830165,-0.4401857650477459,-0.022865604488857383,0.08403750286960006,-0.13535491488852802,0.30342992062772817,1.5069003903082188,1.163387239644912,1.8504135409715254
178.40219140944905,-0.23177431342051677,-0.44076323751021584,-0.022785389330817668,0.08362448778591779,-0.13513234349316117,0.3023813190649967,1.5047196774593106,1.1612259651364452,1.848213389782176
178.49820677190704,-0.23189797941485074,-0.441131319788691,-0.022664639041010487,0.08346651628610918,-0.13484871479663896,0.3017817473688573,1.5033182916988175,1.1591949694037735,1.8474416139938614
178.59987009686256,-0.23226819355608722,-0.44181130156933474,-0.022725085542839696,0.08423978177369648,-0.13379738323673884,0.3022769467841318,1.503752153963741,1.1597924667909654,1.8477118411365168
178.70153342181808,-0.23328317192923748,-0.4431946601320832,-0.023371683726391784,0.08423605079150882,-0.13366932978568874,0.3021414313687064,1.5057554162114968,1.1623952769476391,1.8491155554753544
178.79754878427607,-0.2344547972936682,-0.44489053459533234,-0.024019059992004044,0.08421634300311648,-0.13370840418026614,0.3021410901864991,1.5099098111890596,1.1659035360775332,1.8539160863005861
178.8992121092316,-0.23531003157785102,-0.4460496443786407,-0.02457041877706137,0.08389870243398567,-0.13428757910512706,0.3020849839730984,1.514076679507607,1.1700721042268005,1.8580812547884136
179.00087543418712,-0.2363076887436372,-0.4470517852494671,-0.025563592237807298,0.08389846740395192,-0.1346578243351496,0.3024547591430534,1.5171263832101802,1.1730855645896072,1.8611672018307532
179.10253875914265,-0.23732672484849918,-0.44811810010067094,-0.026535349596327418,0.08368697632714693,-0.13534147047631945,0.3027154231306133,1.5211474851419817,1.1757843104628198,1.8665106598211436
179.19855412160064,-0.23670686606946473,-0.4479489192951528,-0.02546481284377669,0.08363901904558686,-0.1353493687083543,0.302627406799528,1.5235694554195323,1.1770553981371634,1.870083512701901
179.30021744655616,-0.23612660756014478,-0.44801955786865216,-0.024233657251637397,0.08321564452666275,-0.13559671267213405,0.3020280017254595,1.52635366715465,1.1782856638595485,1.8744216704497516
179.40188077151168,-0.23583472189852595,-0.44832225589214747,-0.02334718790490445,0.08249934992879368,-0.1361839922477462,0.30118269210533355,1.5291875413732525,1.1798627162432618,1.8785123665032433
179.49789613396968,-0.23612605460146505,-0.44925983946641823,-0.02299226973651189,0.08136600451420137,-0.13711901860213943,0.29985102763054217,1.5321109115418863,1.1817691103794958,1.8824527127042767
179.5995594589252,-0.237057523127022,-0.45112373017822693,-0.02299131607581703,0.07911427909269268,-0.1392561481386007,0.29748470632398605,1.5376846588604416,1.1860512842411395,1.8893180334797437
179.70122278388072,-0.2382140155628569,-0.45318724806567867,-0.023240783060035103,0.07781836095291368,-0.1407709691959495,0.2964076911017769,1.5456792446747436,1.1932280297531581,1.898130459596329
179.7972381463387,-0.23855113329733957,-0.454194028526684,-0.022908238067995162,0.07795058751607528,-0.1408269526154388,0.2967281276475894,1.5517085469061878,1.1982696486272533,1.9051474451851222
179.89890147129424,-0.2374465426330066,-0.4539600762972036,-0.02093300896880959,0.07839969947767934,-0.1403929993705555,0.29719239832591415,1.5572934415791901,1.2032685401810366,1.9113183429773437
180.00056479624976,-0.23646599236722898,-0.4539344862536849,-0.01899749848077309,0.07866107602707025,-0.1403296790268933,0.2976518310810338,1.5647758884245884,1.2100971273105547,1.919454649538622
180.1022281212053,-0.23619761031316477,-0.4547875726766719,-0.017607647949657634,0.07953793128686801,-0.13960461994865583,0.2986804825223919,1.5735519305943015,1.2178673694984212,1.9292364916901819
180.19824348366328,-0.23657077840431087,-0.4558414760573321,-0.017300080751289637,0.08064692032996446,-0.13860120093283138,0.29989504159276026,1.5793384900348124,1.2224662224636256,1.9362107576059993
180.2999068086188,-0.2363931759291896,-0.45621337828326836,-0.01657297357511081,0.08173433691748813,-0.1379763400334677,0.30144501386844397,1.586440819192073,1.22840883387869,1.9444728045054558
180.40157013357432,-0.2364551534720157,-0.4566077202120801,-0.016302586731951285,0.0827338285283713,-0.13737052570576896,0.30283818276251157,1.5916730468274223,1.2343938854735268,1.9489522081813178
180.49758549603231,-0.2366046755297547,-0.4568370190330776,-0.016372332026431763,0.08307921422225416,-0.137593157116792,0.30375158556130033,1.59630516438233,1.2393937369355685,1.9532165918290916
180.59924882098784,-0.2360198812364158,-0.45639258036587427,-0.015647182106957286,0.08285895258735781,-0.1382533903206086,0.3039712954953242,1.600034303539266,1.2436932484687955,1.9563753586097363
180.70091214594336,-0.23564031163586088,-0.45649486971217246,-0.01478575355954928,0.0833831108372143,-0.13813894653951692,0.30490516821394553,1.6061576400031268,1.2491721687958706,1.963143111210383
180.8025754708989,-0.23355404334359958,-0.4547788363669681,-0.012329250320231078,0.08414208110709995,-0.13794074551020974,0.30622490772440963,1.611812537195692,1.2542658829037097,1.9693591914876742
180.89859083335688,-0.2308038880115953,-0.45255391502331355,-0.00905386099987704,0.08566633790901598,-0.1369115136856214,0.3082441895036534,1.6179375025796288,1.2587408856455085,1.977134119513749
181.0002541583124,-0.22888567448503716,-0.4513819571736597,-0.006389391796414595,0.08763645509474788,-0.1350348911010575,0.31030780129055324,1.6232840198124652,1.2626055640639873,1.983962475560943
181.10191748326793,-0.22681472880153616,-0.4500526599153758,-0.0035767976876965035,0.08852033448494152,-0.13375061732868582,0.31079128629856884,1.6249006836949946,1.2641408929514495,1.9856604744385398
181.19793284572592,-0.22526046613150888,-0.44943296675246447,-0.0010879655105532626,0.08964125144964731,-0.1321639224821744,0.31144642538146905,1.627731174954811,1.2672837107935537,1.988178639116068
181.29959617068144,-0.2220241584678482,-0.44738086966274515,0.003332552727048743,0.08937605413677668,-0.1318118909093126,0.310563999182866,1.6303207430587086,1.2698028553125338,1.9908386308048833
181.40125949563696,-0.21909511539893134,-0.44568308922934496,0.007492858431482313,0.08728860070441306,-0.1336049800610996,0.30818218146992576,1.6353857541954278,1.2735453969184405,1.997226111472415
181.49727485809495,-0.2177951448107792,-0.44520633655591885,0.009616046934360467,0.08586532503367535,-0.13484988275400422,0.3065805328213549,1.6392248474460382,1.2755318885215274,2.002917806370549
181.59893818305048,-0.21592680405628817,-0.44415422769515556,0.012300619582579247,0.08481245798492214,-0.1354829223863303,0.3051078383561746,1.6411811386606958,1.2750570843472788,2.007305192974113
181.700601508006,-0.21513284227322657,-0.444085994368,0.013820309821546833,0.08335546989950784,-0.13632200256951585,0.3030329423685315,1.6415392817687924,1.2725241850799902,2.0105543784575945
181.80226483296153,-0.21453289031710449,-0.4438573572294475,0.014791576595238581,0.08129863299524143,-0.13792163358561133,0.3005188995760942,1.6404616417244686,1.2692394681986472,2.01168381525029
181.89828019541952,-0.21527342123976873,-0.4447194719000373,0.01417262942049985,0.07817676870328256,-0.14082183949371874,0.29717537690028384,1.6396296291695436,1.2673949080218667,2.0118643503172207
181.99994352037504,-0.21682703145881127,-0.44649991434522834,0.012845851427605803,0.07583200071070278,-0.14297188769907387,0.29463588912047944,1.6402379074893403,1.2673461722234434,2.013129642755237
182.10160684533056,-0.21828169346761864,-0.4480806243578269,0.011517237422589643,0.07492508945261099,-0.1438675444139797,0.2937177233192017,1.641570108286313,1.2679787842431183,2.0151614323295077
182.19762220778856,-0.21921436458144195,-0.44899336986447735,0.010564640701593492,0.07440926449316164,-0.1445842070671285,0.2934027360534518,1.643143752750948,1.268020106941193,2.0182673985607034
182.29928553274408,-0.2202783786492538,-0.4499011598341608,0.009344402535653218,0.07336582058935194,-0.1460960289034357,0.2928276700821396,1.645564772583334,1.2685939613869703,2.022535583779698
182.4009488576996,-0.22023697395073066,-0.44969826473331875,0.009224316831857426,0.07266544533596618,-0.14716163366014134,0.29249252433207373,1.6468057967634715,1.2687489605324558,2.024862632994487
182.5026121826551,-0.21881351702619448,-0.4483525436733128,0.010725509620923807,0.07221562319942902,-0.1481680704335947,0.29259931683245277,1.6505441620552206,1.2711757714019911,2.02991255270845
182.59862754511312,-0.21826349546338852,-0.4478122258860394,0.011285234959262397,0.07247426969606136,-0.14813933777287708,0.2930878771649998,1.6520110323850266,1.2723515271631647,2.0316705376068884
182.7002908700686,-0.21813465381738661,-0.4477569533256407,0.011487645690867465,0.07189023024594672,-0.14920740270365485,0.2929878631955483,1.655776360039837,1.2745940859458507,2.036958634133823
182.80195419502414,-0.21761700026514275,-0.4473271285800211,0.012093128049735613,0.0708168113406636,-0.1508449391202053,0.2924785618015325,1.6599744464429373,1.2761710482717206,2.043777844614154
182.89796955748216,-0.21724050908005227,-0.44692111734619455,0.012440099186089987,0.06999127830753905,-0.15208673909255072,0.2920692957076288,1.6623946226890565,1.2768384675141993,2.047950777863914
182.99963288243765,-0.21705391905663474,-0.4468044051204053,0.01269656700713584,0.068516767982806,-0.15397592988587466,0.2910094658514866,1.6655242471553064,1.277217485272802,2.053831009037811
183.10129620739318,-0.2175664468266839,-0.4471858703116634,0.012052976658295578,0.06756536248842025,-0.1552099504619987,0.2903406754388392,1.6666529741258709,1.2753919551486819,2.05791399310306
183.1973115698512,-0.2183623537344032,-0.44805143620538296,0.011326728736576586,0.06757722765152589,-0.1556013702075313,0.2907558255105831,1.6703435828312507,1.2760225959035019,2.0646645697589996
183.2989748948067,-0.2184466176525841,-0.4485856187174882,0.011692383412319984,0.06799218106807851,-0.1555632843711976,0.2915476465073546,1.6763565702907322,1.2776981444047903,2.075014996176674
183.40063821976221,-0.2186262814739368,-0.4492848978711537,0.012032334923280097,0.07007088877057642,-0.15344491642156405,0.2935866939627169,1.680219769251198,1.2789759336853859,2.08146360481701
183.50230154471774,-0.21963889124831212,-0.4506085083673911,0.011330725870766806,0.07312444485108413,-0.15058128800947435,0.2968301777116426,1.6847057723317869,1.281168782505028,2.0882427621585458
183.59831690717573,-0.2197004487897406,-0.4505058310054305,0.011104933425949287,0.07567524685345953,-0.1482822436209163,0.29963273732783535,1.6856939332797782,1.2799391420440702,2.0914487245154865
183.69998023213125,-0.21944944717458953,-0.44998050994139793,0.011081615592218846,0.08000698076944565,-0.1441412766107312,0.30415523814962253,1.685610155630884,1.2780053209870872,2.093214990274681
183.80164355708678,-0.2202249456897231,-0.450644234629737,0.010194343250290866,0.08435269450299768,-0.1402723965300276,0.30897778553602295,1.68922850598899,1.2788332692746893,2.0996237427032907
183.89765891954477,-0.22125941425302592,-0.45160054713326425,0.009081718627212437,0.087894916755106,-0.1369338749164422,0.3127237084266542,1.691171599978532,1.2791349220448,2.103208277912264
183.9993222445003,-0.2242380191341984,-0.4544942366199992,0.006018198351602416,0.09024638052858344,-0.13451603744430454,0.31500879850147145,1.6918296420019265,1.278527619481904,2.105131664521949
184.10098556945582,-0.22571331290475166,-0.45602075802797976,0.004594132218476432,0.0911866727023341,-0.13364706128177528,0.3160204066864435,1.6935421066006104,1.2796821195274757,2.107402093673745
184.20264889441134,-0.22683109208281835,-0.4569143464901835,0.0032521623245467535,0.09109729038227452,-0.13368570396623616,0.3158802847307852,1.692043408128255,1.278053949571183,2.106032866685327
184.29866425686933,-0.22710511380901666,-0.4569270478247186,0.002716820206685261,0.09025432048445156,-0.13472149610215486,0.31523013707105796,1.6914870660909669,1.2774367864045706,2.105537345777363
184.40032758182485,-0.22637622304279223,-0.45597125350759027,0.0032188074220057816,0.08869721479498943,-0.13607570875198213,0.313470138341961,1.6877937312703286,1.274738870994497,2.10084859154616
184.50199090678038,-0.22675888499806204,-0.45632536280352864,0.0028075928074045853,0.08631604322907944,-0.1382158602840936,0.31084794674225247,1.6856351377673404,1.2743668837923927,2.096903391742288
184.59800626923837,-0.2273326033652599,-0.4571388819398686,0.0024736752093488523,0.08368022956483429,-0.14054861272141816,0.30790907185108674,1.6850398599225094,1.2752164258033891,2.0948632940416294
184.6996695941939,-0.2275820421328906,-0.45738217262351955,0.0022180883577383737,0.08269341450265874,-0.14125722279963562,0.30664405180495313,1.6829775108492815,1.2743714611030457,2.0915835605955175
184.80133291914942,-0.2280582958629217,-0.45756048170183505,0.0014438899759916246,0.08165934201352137,-0.14214854017464498,0.3054672242016877,1.6798572325596859,1.2723480961765945,2.0873663689427775
184.8973482816074,-0.22827713402812805,-0.45741793542945985,0.0008636673732037581,0.07991974997588211,-0.14363408331458194,0.30347358326634616,1.675268181417255,1.2686588579391382,2.0818775048953717
184.99901160656293,-0.22918482075993518,-0.45803384112243317,-0.00033580039743721923,0.0796718830799201,-0.14358169692985503,0.30292546308969526,1.6714191851599574,1.2655792082545676,2.077259162065347
185.10067493151845,-0.23056720963042446,-0.45916182025996405,-0.001972599000884867,0.07962489009244826,-0.14312880785261056,0.3023785880375071,1.6666939413791124,1.2612252534220212,2.0721626293362037
185.20233825647398,-0.23144116841446777,-0.4602530720151458,-0.0026292648137897223,0.07889637140711661,-0.1436395130464492,0.30143225586068245,1.6670201127776951,1.2607244433801799,2.0733157821752104
185.29835361893197,-0.23162802388536746,-0.4609844754610405,-0.0022715723096944085,0.07676321807023853,-0.1456215385976025,0.2991479747380795,1.6696498762105831,1.2618926966270907,2.0774070557940756
185.4000169438875,-0.23163526237288123,-0.4611725133403694,-0.002098011405393063,0.07438885134661113,-0.14784006540364206,0.29661776809686435,1.6695101435817017,1.2614033944030494,2.077616892760354
185.50168026884302,-0.23071783317288036,-0.46027666847440973,-0.0011589978713509863,0.07331922438239263,-0.14848975148702848,0.29512820025181374,1.6661425284059281,1.2592300033254333,2.073055053486423
185.597695631301,-0.23046229794977965,-0.45975730186505126,-0.0011672940345080485,0.07133774862034992,-0.15013356668639155,0.2928090639270914,1.661466832902549,1.2559664284612797,2.0669672373438184
185.69935895625653,-0.22983968973984026,-0.45905008556601035,-0.0006292939136701703,0.06975133805160477,-0.15162678539188892,0.29112946149509844,1.659693328838125,1.2553607852185589,2.0640258724576914
185.80102228121206,-0.22969204189510964,-0.459346618236163,-3.746555405625962e-05,0.0687085755793696,-0.15259136068435944,0.2900085118430986,1.6621505394578313,1.258613176142393,2.0656879027732695
185.90268560616758,-0.2307360359311379,-0.46093623868043987,-0.000535833181835893,0.06760541992201728,-0.1538868168484282,0.2890976566924628,1.6677825569934952,1.2639484170164268,2.0716166969705636
185.99870096862557,-0.2321443590092238,-0.46263329755586957,-0.00165542046257805,0.06763595481046489,-0.1538452362100577,0.28911714583098747,1.6704598850554722,1.2661192047818135,2.074800565329131
186.1003642935811,-0.2339727570562569,-0.46441627138217023,-0.0035292427303435236,0.06771179013668965,-0.15379357539324479,0.2892171556666241,1.6711610300422313,1.2664377430896767,2.075884316994786
186.20202761853662,-0.23490105028223116,-0.46514043481476514,-0.004661665749697175,0.06574187402591858,-0.15579430039670522,0.2872780484485424,1.670065151784527,1.2656408693755723,2.074489434193482
186.2980429809946,-0.23590259096247235,-0.4658564009612237,-0.005948780963720979,0.06503374636514235,-0.15659336416777736,0.28666085689806203,1.6690065518226536,1.2648256727304124,2.0731874309148948
186.39970630595013,-0.2365140715565168,-0.46601388548633166,-0.007014257626701936,0.06500666465028915,-0.15718509082747792,0.2871984201280562,1.669954659640719,1.2662161607742708,2.0736931585071674
186.50136963090566,-0.236289517373332,-0.46538189417063824,-0.007197140576025801,0.06593456840672643,-0.1566493750934118,0.28851851190686467,1.6697741800547115,1.2674041763920798,2.072144183717343
186.59738499336365,-0.23660860745668208,-0.4655260511171112,-0.007691163796252953,0.06661678777520984,-0.15619905736077,0.2894326329111897,1.670381006097454,1.268402894765262,2.072359117429646
186.69904831831917,-0.23622590001848467,-0.4649344516887407,-0.00751734834822862,0.06667066369866706,-0.15653916537511026,0.2898804927724444,1.6714714143975886,1.2690534814508447,2.0738893473443323
186.8007116432747,-0.2358603084105607,-0.46450684604621656,-0.007213770774904815,0.06648242509613211,-0.15705267118657984,0.29001752137884407,1.6731187669222012,1.2699772792407282,2.076260254603674
186.90237496823022,-0.23652443299020454,-0.4653259627360955,-0.0077229032443136,0.06680840971049336,-0.15690038331671968,0.29051720273770637,1.675820052311804,1.2722362908389069,2.079403813784701
186.9983903306882,-0.23695130963886774,-0.46595075481814785,-0.007951864459587649,0.06836299233419466,-0.1557857900185852,0.29251177468697453,1.680770451188949,1.2758108956105567,2.085730006767341
187.10005365564373,-0.2384476902691541,-0.4677023126684563,-0.009193067869851884,0.06904917573894741,-0.15534228189978255,0.2934406333776774,1.6851381512551606,1.2795033988003113,2.0907729037100102
187.20171698059926,-0.23852155133759748,-0.46790021848019947,-0.009142884194995482,0.06945724153883388,-0.1549416342900175,0.2938561173676853,1.6861799454559971,1.2810202838331965,2.0913396070787975
187.29773234305725,-0.23773821710396018,-0.4672024950271172,-0.00827393918080313,0.0698767554534144,-0.15441534930264791,0.29416886020947675,1.6857292530037182,1.2815662316168774,2.089892274390559
187.39939566801277,-0.2374645858656763,-0.46692333653168866,-0.008005835199663913,0.07041763717039197,-0.1540305920889245,0.2948658664297084,1.6867403560735454,1.2827582480711013,2.0907224640759896
187.5010589929683,-0.23772910713321924,-0.4668017432574709,-0.00865647100896752,0.0701041447042331,-0.15444497102384427,0.29465326043231044,1.684743525573748,1.2807719232992807,2.0887151278482152
187.60272231792382,-0.23687746187502387,-0.4656502517157746,-0.00810467203427312,0.06936046350655063,-0.1553120503434584,0.29403297735655964,1.6829443302272067,1.2781004976614778,2.0877881627929358
187.6987376803818,-0.2373094117118412,-0.4658239676626707,-0.008794855761011688,0.06859936673121374,-0.15633261805210275,0.2935313515145302,1.6830216293120892,1.2759901023576012,2.090053156266577
187.80040100533733,-0.23750226579448533,-0.4657997482583811,-0.009204783330589522,0.06812346504985133,-0.1569871448010492,0.2932340749007519,1.6827519677214071,1.2729513387643048,2.0925525966785097
187.90206433029286,-0.23677360073127243,-0.46462859699723225,-0.008918604465312618,0.06734793226035757,-0.15797571550691925,0.2926715800276344,1.6806309109342317,1.269171937921893,2.0920898839465703
187.99807969275085,-0.23701299418664248,-0.46468064686941135,-0.009345341503873589,0.06768998772491236,-0.15805107307332536,0.29343104852315005,1.6824145380786526,1.2688061982350491,2.0960228779222563
188.09974301770637,-0.238931948037206,-0.4665489115562021,-0.011314984518209892,0.06732739290959866,-0.15912687311311807,0.2937816589323154,1.6880027572990592,1.271771229837429,2.1042342847606896
188.2014063426619,-0.24111616573813283,-0.46841574863905544,-0.013816582837210212,0.06767119657932388,-0.1591566465925232,0.294499039751171,1.6894913806814547,1.273051542736678,2.1059312186262313
188.2974217051199,-0.24237125679402788,-0.4696151185395024,-0.015127395048553371,0.06732427037905571,-0.1595788685870353,0.2942274093451467,1.6901907716878928,1.2738483998173487,2.106533143558437
188.3990850300754,-0.24367705304742704,-0.47103593013904443,-0.016318175955809616,0.0667444025019993,-0.15998334737444042,0.293472152378439,1.6903174048849872,1.2740819036931363,2.106552906076838
188.50074835503094,-0.24484356148183922,-0.4723513273208517,-0.017335795642826696,0.06649958762203516,-0.16022715022010225,0.2932263254641726,1.6919158418739146,1.2753510253227045,2.1084806584251248
188.60241167998646,-0.24363195145260877,-0.4709816757844636,-0.016282227120753973,0.06687664394445905,-0.15993962031818598,0.2936929082071041,1.6908807758303273,1.2745408248659473,2.107220726794707
188.69842704244445,-0.2418677668050623,-0.46919113403972423,-0.014544399570400351,0.06784941633663154,-0.15896263824233403,0.29466147091559713,1.6899361363539074,1.2746038968673095,2.105268375840505
188.80009036739997,-0.24117098527213413,-0.46850512716561016,-0.013836843378658092,0.06805182076534386,-0.158685622539641,0.2947892640703287,1.6891704907836789,1.2741329318012922,2.1042080497660653
188.9017536923555,-0.24161493392679095,-0.469045389559563,-0.014184478294018893,0.0675937847612355,-0.15934664812366645,0.29453421764613746,1.691466546907556,1.2753024321238255,2.1076306616912865
188.9977690548135,-0.2417647295352633,-0.46928155002593475,-0.014247909044591833,0.06836698935362095,-0.15846719496856493,0.29520117367580684,1.6915033343445112,1.273783506542993,2.109223162146029
189.099432379769,-0.23939848549722587,-0.46695152661947165,-0.011845444374980085,0.0679236700098662,-0.15860677943630747,0.29445411945603983,1.688391981473072,1.270340137337579,2.106443825608565
189.20109570472454,-0.23558032024379677,-0.4634155362204335,-0.007745104267159991,0.06825353537002865,-0.1580953787712235,0.2946024495112808,1.6873535622585303,1.2694455693904418,2.105261555126619
189.30275902968006,-0.23194919001624878,-0.4602505841262914,-0.0036477959062062026,0.06979646599492198,-0.1563665710646597,0.2959595030545037,1.6878966034554412,1.2696903316945263,2.106102875216356
189.39877439213805,-0.228691093476459,-0.4573723946742015,-9.792278716502789e-06,0.07047392814114253,-0.15572861817394307,0.29667647445622813,1.6895116983410499,1.2702917424709406,2.108731654211159
189.50043771709358,-0.22601836412030718,-0.4548483388974993,0.0028116106568849275,0.07178831068355392,-0.1543880240392695,0.2979646454063773,1.6893693954650142,1.269546275900732,2.1091925150292963
189.6021010420491,-0.2252822344649846,-0.45416681168313944,0.0036023427531702568,0.07255454929883733,-0.15371979582629453,0.2988288944239692,1.6902416562489493,1.2698998529283543,2.1105834595695443
189.6981164045071,-0.22491226091932695,-0.4538971190244641,0.004072597185810212,0.07295910613578942,-0.1535311824795273,0.2994493947511061,1.6924007971621808,1.2711141285144216,2.11368746580994
189.7997797294626,-0.22513680196731573,-0.45405626002415056,0.003782656089519082,0.07205035048580974,-0.15479820879876086,0.29889890977038036,1.694459959131631,1.2719906317146463,2.116929286548616
189.9014430544181,-0.22588082649051788,-0.45469762586826357,0.002935972887227828,0.07175818472736537,-0.15572423747909955,0.29924060693383026,1.6985554571087091,1.2750336128781115,2.122077301339307
189.99745841687613,-0.22632379631974117,-0.4550698528893898,0.0024222602499074375,0.07152940065417486,-0.15629874761065776,0.29935754891900745,1.7006956947593166,1.276559536874112,2.124831852644521
190.09912174183165,-0.22521957922534702,-0.4534592830269092,0.003020124576215144,0.07082681244837283,-0.15732679589489634,0.298980420791642,1.6987877769187596,1.275402603286154,2.122172950551365
190.20078506678715,-0.22431826749556932,-0.45203237591193157,0.0033958409207928975,0.07018246669742187,-0.15835455998725045,0.2987194933820942,1.6972734928639153,1.2751255672769235,2.1194214184509073
190.30244839174267,-0.22368610505257586,-0.45101988068195575,0.0036476705768040685,0.06997291611201731,-0.15877870044811862,0.29872453267215326,1.6957786437314364,1.2740139575244092,2.1175433299384636
190.3984637542007,-0.22395642116627715,-0.45107300832942,0.0031601659968656937,0.06942509774950223,-0.15967414062510177,0.2985243361241062,1.6967770727339329,1.2744451606008969,2.119108984866969
190.5001270791562,-0.22387197406853526,-0.45066833912040527,0.002924390983334718,0.06811146720446928,-0.16133644940622627,0.29755938381516484,1.6967878490688955,1.2728624819678065,2.1207132161699844
190.6017904041117,-0.22493028210493343,-0.45176071010338426,0.001900145893517391,0.06775439203549417,-0.16170779726534956,0.29721658133633794,1.697561409057608,1.2704539059002167,2.1246689122149993
190.6978057665697,-0.2264925323630599,-0.45322025425121004,0.0002351895250901903,0.06660813708543799,-0.1626436507917403,0.2958599249626163,1.6958551040778274,1.267592166897083,2.124118041258572
190.79946909152522,-0.22765602009911148,-0.4546290875756841,-0.0006829526225388405,0.06553435674286459,-0.1631929793216626,0.2942616928073918,1.6942084625278429,1.2657693194099346,2.122647605645751
190.90113241648075,-0.22643354677160396,-0.4536037604263505,0.000736666883142556,0.06525635581891531,-0.1628742473416746,0.29338695897950523,1.6907285384783015,1.2639624963846177,2.1174945805719854
191.00279574143627,-0.22460429490800068,-0.45235766248776577,0.003149072671764369,0.0645882645590675,-0.16290366710525814,0.2920801962233931,1.6894112391949867,1.2645093284611524,2.114313149928821
191.09881110389426,-0.22373838001454957,-0.45181236366544497,0.004335603636345831,0.06407697241274454,-0.1630389876027983,0.29119293242828737,1.6885663866163152,1.2656672717909039,2.1114655014417263
191.2004744288498,-0.22451061051036558,-0.452782783091373,0.003761562070641822,0.06414813337773069,-0.1627037587131246,0.291000025468586,1.6884572819023334,1.2668172299753637,2.110097333829303
191.3021377538053,-0.22539308666998925,-0.4539430230116651,0.0031568496716866123,0.06323785587507713,-0.16381285433442044,0.2902885660845747,1.6921638765806213,1.2703791824686115,2.113948570692631
191.3981531162633,-0.22634045670312972,-0.4551183152443845,0.002437401838125103,0.06191721066959293,-0.16543260753887207,0.28926702887805794,1.6962151967921657,1.2739022844335255,2.118528109150806
191.49981644121883,-0.22754396333147833,-0.456371514469757,0.0012835878068003514,0.06054954306154464,-0.16704730880178995,0.28814639492487926,1.6987257381758671,1.2770803298096567,2.1203711465420776
191.60147976617435,-0.228828892794575,-0.4575473713947467,-0.00011041419440327438,0.05937113889951952,-0.1683858620452235,0.28712813984426255,1.6995339784664698,1.2790670815581058,2.120000875374834
191.69749512863234,-0.22936993386198767,-0.45801114096596335,-0.0007287267580119994,0.057780001932996816,-0.17009363888891785,0.28565364275491145,1.6998763556461196,1.2808833494188807,2.1188693618733585
191.79915845358786,-0.2309254777117955,-0.45953869696957866,-0.002312258454012339,0.056785845725377385,-0.1712196392649104,0.28479133071566515,1.7012247991265987,1.283513684336,2.1189359139171975
191.9008217785434,-0.23185264646915235,-0.46055489906090097,-0.0031503938774037066,0.05596641391633957,-0.17214385330110615,0.2840766811337853,1.7029578149959672,1.283012497327477,2.122903132664457
192.0024851034989,-0.23255623443511564,-0.4612922566937576,-0.0038202121764736585,0.0542325735539878,-0.17384195768400915,0.28230710479198473,1.7030800165869922,1.2817982595722182,2.124361773601766
192.0985004659569,-0.23284745743111906,-0.46177717039859123,-0.003917744463646899,0.05335781690372096,-0.17449000136010437,0.28120563516754626,1.7028892451804678,1.2801558184302666,2.125622671930669
192.20016379091243,-0.23319356172288608,-0.4623241628508076,-0.00406296059496461,0.054282174163110014,-0.17289814670665082,0.28146249503287085,1.6998100500588653,1.2772460839444744,2.1223740161732563
192.30182711586795,-0.2344938644702001,-0.4638767338941465,-0.005110995046253702,0.0552722814307595,-0.1715481019421483,0.2820926648036673,1.6997734469911325,1.2767042298473055,2.1228426641349594
192.39784247832594,-0.23605407551887655,-0.4655562926779986,-0.0065518583597545255,0.05622510271032636,-0.17078129127152208,0.2832314966921748,1.7028096204451335,1.2789111406844704,2.126708100205797
192.49950580328147,-0.23650241575409495,-0.4662415130127508,-0.006763318495439097,0.05747547050663256,-0.16965897021369555,0.28460991122696067,1.7057972706305184,1.2818658302268011,2.129728711034236
192.601169128237,-0.23695141607590273,-0.46679109642378924,-0.007111735728016211,0.05944545676347321,-0.16747803197343872,0.28636894550038516,1.7054583398342238,1.2823256575202482,2.1285910221481994
192.69718449069498,-0.23751175915944753,-0.46733881074905725,-0.007684707569837829,0.061028963173600126,-0.16540420010974285,0.28746212645694313,1.7023164720397754,1.2815718474332254,2.1230610966463255
192.7988478156505,-0.23823185438991817,-0.4679912310654144,-0.008472477714421972,0.06236685536528805,-0.16370189858297474,0.28843560931355083,1.6997320392441488,1.2807190327240114,2.1187450457642862
192.90051114060603,-0.239896897960845,-0.4694733889386074,-0.01032040698308262,0.06439097500953422,-0.16141199731273018,0.2901939473317986,1.6975647199175323,1.279516705981495,2.1156127338535695
193.00217446556155,-0.242036386638425,-0.47196468674412084,-0.012108086532729156,0.06608207213727722,-0.15958561024201268,0.29174975451656715,1.700403197376534,1.282279973552317,2.118526421200751
193.09818982801954,-0.24375816591313773,-0.4740156298599074,-0.013500701966368045,0.06755949948223675,-0.158042042544667,0.29316104150914046,1.703355920182536,1.2856883396599323,2.1210235007051397
193.19985315297507,-0.24416843141767744,-0.4744867978843085,-0.013850064951046376,0.0698470554968497,-0.15578884653899977,0.2954829575326992,1.704557551943207,1.2876235756735317,2.1214915282128826
193.3015164779306,-0.2435417634851807,-0.47419813052104054,-0.01288539644932088,0.07175452932482537,-0.15375916128468337,0.2972682199343341,1.706110272335054,1.2891237737603902,2.1230967709097177
193.39753184038858,-0.24302874702944097,-0.47340628208342084,-0.012651211975461124,0.07422453451328888,-0.15147410202601203,0.29992317105258975,1.7055096999156365,1.2896467508673524,2.121372648963921
193.4991951653441,-0.24269222133926452,-0.4726837690068848,-0.012700673671644236,0.0766930189541511,-0.14913098649317394,0.3025170244014761,1.7038084474685156,1.28959297479819,2.118023920138841
193.60085849029963,-0.24302036275733738,-0.47292088927792275,-0.013119836236751975,0.0789963096361077,-0.14674042570841755,0.3047330449806329,1.7030443353815943,1.2899591782948177,2.116129492468371
193.70252181525515,-0.24238171199113098,-0.47236358140218887,-0.012399842580073095,0.08016564126724127,-0.14554397851685977,0.30587526105134233,1.703317484015994,1.2914447519985641,2.1151902160334237
193.79853717771314,-0.23996140385642833,-0.4700556613737107,-0.00986714633914601,0.0796147849163936,-0.14608710028050229,0.30531667011328945,1.7028227064884305,1.2926079597931113,2.11303745318375
193.90020050266867,-0.23633060021097496,-0.4665945716138131,-0.00606662880813677,0.07947612762035396,-0.14655054676332202,0.30550280200402996,1.7046185289514828,1.2954311140155301,2.1138059438874355
194.0018638276242,-0.23284574420887622,-0.4630700062719231,-0.002621482145829357,0.0787286542167262,-0.1479536853775058,0.3054109938109582,1.7072595551093512,1.2984702900285363,2.116048820190166
194.09787919008218,-0.2297508290913483,-0.4597477154613351,0.00024605727863849514,0.07821612595772579,-0.1489031036623283,0.3053353555777799,1.7072243571031185,1.2994737640316472,2.11497495017459
194.1995425150377,-0.22734204803659833,-0.4570081138202542,0.0023240177470575107,0.07709145520500954,-0.15062963068503732,0.3048125410950564,1.7078683346809413,1.3012311464399162,2.1145055229219665
194.30120583999323,-0.22578133321636082,-0.45538855803315686,0.0038258916004352272,0.07817082272193099,-0.15019148162945514,0.30653312707331715,1.7115161131091086,1.304805369887288,2.118226856330929
194.39722120245122,-0.22472940030396413,-0.454060135399709,0.004601334791780792,0.07841278748216673,-0.15036697055412937,0.30719254551846287,1.7120888852657354,1.3068534362461262,2.1173243342853447
194.49888452740674,-0.22448987954237523,-0.4534934940118344,0.004513734927083957,0.07709569331087932,-0.15183454511795913,0.30602593173971776,1.7104977432252608,1.3074687853383082,2.1135267011122134
194.60054785236227,-0.2250138696753561,-0.4539393375378225,0.003911598187110288,0.0753405772476543,-0.1537125549370267,0.30439370943233535,1.710789110468934,1.3091410575694244,2.1124371633684436
194.7022111773178,-0.22600252471089408,-0.4546884310188163,0.002683381597028106,0.07475841997581333,-0.15445347353871808,0.3039703134903447,1.7105659405846088,1.3102328958414127,2.110898985327805
194.79822653977578,-0.2273097742473981,-0.45570354118759254,0.001083992692796354,0.07423865346038992,-0.15528956221211676,0.30376686913289663,1.7112637566298083,1.311840214335561,2.1106872989240557
194.8998898647313,-0.22779163869174587,-0.4558434242293491,0.00026014684585734527,0.07335319183283864,-0.15674121764097368,0.30344760130665094,1.7129952906939434,1.3139858569731622,2.1120047244147244
195.00155318968683,-0.228691857797603,-0.4564957678138287,-0.0008879477813772962,0.0711727250973339,-0.159197613729759,0.30154306392442676,1.7133129091322366,1.3136389054356896,2.1129869128287835
195.09756855214482,-0.2292789300719971,-0.4568019289375735,-0.0017559312064207022,0.07021584324670183,-0.16036243538986067,0.3007941218832643,1.7129407448315561,1.3126034753414195,2.1132780143216925
195.19923187710035,-0.22953099211673092,-0.45686783457822344,-0.00219414965523837,0.0714602740623362,-0.15928983427171117,0.3022103823963836,1.7131474268821112,1.3120868564072041,2.1142079973570183
195.30089520205587,-0.22898511974621027,-0.4560173056428074,-0.0019529338496131476,0.07429972930310125,-0.15638912655206724,0.30498858515826976,1.7106812725684293,1.3094256533411381,2.1119368917957204
195.4025585270114,-0.22912268557543283,-0.45602846862269764,-0.00221690252816803,0.078117049471062,-0.15252188820297374,0.3087559871450977,1.7100575907728188,1.3080472132821743,2.1120679682634633
195.49857388946938,-0.22914886444040033,-0.45587995763124467,-0.0024177712495560277,0.08024090686910305,-0.15008949950162642,0.31057131323983256,1.7069119814618827,1.3050985987920656,2.1087253641317
195.6002372144249,-0.229519258011408,-0.4560750729763541,-0.0029634430464619277,0.08264497540526539,-0.1475034630962911,0.31279341390682186,1.7048980981342836,1.3037284499907769,2.10606774627779
195.70190053938043,-0.22829647350288892,-0.4546087034246931,-0.0019842435810847325,0.08366604754944969,-0.1464354042428826,0.313767499341782,1.7024266352446602,1.301513974554947,2.103339295934373
195.79791590183842,-0.22757204807587467,-0.4535420723633113,-0.001602023788438045,0.08392178942826206,-0.14624763845407848,0.31409121731060263,1.700191113808431,1.299008846980034,2.101373380636828
195.89957922679395,-0.22703037063819298,-0.4527446422474549,-0.0013160990289310115,0.08444543177994783,-0.1456092714031293,0.3145001349630249,1.697377608352857,1.297129369994849,2.097625846710865
196.00124255174947,-0.22684819638878306,-0.4528152316511201,-0.0008811611264460395,0.08332243926650158,-0.1466694146232565,0.31331429315625964,1.698451518846954,1.296808749985729,2.100094287708179
196.09725791420746,-0.2260736807056172,-0.45213439718073817,-1.2964230496237406e-05,0.08196499307945189,-0.14811734103033802,0.3120473271892418,1.699201144893267,1.2959403792666857,2.102461910519848
196.19892123916298,-0.22595943233179167,-0.4520789241736044,0.00016005951002109886,0.08089063412372119,-0.1494237122054446,0.31120498045288697,1.701078992985134,1.2963735829650895,2.1057844030051784
196.3005845641185,-0.2263869583882978,-0.45248015481327614,-0.00029376196331948323,0.08040287434436484,-0.15008074411196248,0.3108864928006922,1.7022366591850728,1.2976626085687037,2.106810709801442
196.40224788907403,-0.22626795629760835,-0.4523927191162336,-0.00014319347898311685,0.08039019578887578,-0.15000623269840035,0.31078662427615195,1.7017720053370204,1.2988842058516945,2.1046598048223464
196.49826325153202,-0.2255919622833185,-0.45182955218594417,0.0006456276193071986,0.08056395644199418,-0.14947067104976494,0.3105985839337533,1.6996716499121527,1.2971223200465025,2.102220979777803
196.59992657648755,-0.2243928470489996,-0.45090346227382716,0.002117768175827983,0.08109718282546488,-0.14867428300084162,0.3108686486517714,1.699259418615285,1.2961590766250648,2.102359760605505
196.70158990144307,-0.22367529343220147,-0.4505397537007144,0.003189166836311458,0.08295901101729948,-0.14675545648784438,0.3126734785224433,1.7013610578315606,1.2977297410055229,2.104992374657598
196.79760526390106,-0.22305927702439168,-0.45020080099663146,0.004082246947848089,0.08385436518502794,-0.14587900943729692,0.3135877398073528,1.7033567259134421,1.2990979638595195,2.1076154879673648
196.8992685888566,-0.22130259153045567,-0.44850799030977334,0.0059028072488619965,0.08451977815869764,-0.14526467018240152,0.31430422649979683,1.7035162608781165,1.2993449410930868,2.1076875806631463
197.0009319138121,-0.21942484489885034,-0.44675097778782225,0.007901287990121575,0.08561691101162604,-0.14406810766489708,0.3153019296881492,1.7030203724260573,1.2990620210672983,2.1069787237848163
197.1025952387676,-0.21813873802386774,-0.4456999986561275,0.00942252260839202,0.08565432025780037,-0.14371958826008868,0.3150282287756894,1.7018982728900713,1.2984668764136038,2.105329669366539
197.19861060122562,-0.21735698726698272,-0.44495355769476624,0.010239583160800814,0.08544212380838735,-0.1433946101376803,0.31427885775445497,1.6978919327584943,1.2949663283630954,2.100817537153893
197.30027392618115,-0.21588605153465476,-0.4438509546844125,0.01207885161510297,0.08441595016267626,-0.14386432638215962,0.3126962267075121,1.6957146456630516,1.2931396751046313,2.098289616221472
197.40193725113664,-0.21530315774889253,-0.44363608855098635,0.013029773053201299,0.08167437165294512,-0.1463382896515702,0.3096870329574605,1.69573081114402,1.2931527735179507,2.098308848770089
197.49795261359466,-0.21541401649049088,-0.44416190748265094,0.013333874501669202,0.07990158265886589,-0.14778453084830895,0.3075876961660407,1.6961367800648233,1.2932808473979125,2.098992712731734
197.5996159385502,-0.21566609429453695,-0.44485446046480737,0.01352227187573346,0.0781249510733906,-0.14897135430075284,0.30522125644753406,1.6949151841361734,1.2916832644826217,2.098147103789725
197.70127926350568,-0.21513164387846015,-0.444436997423308,0.014173709666387674,0.07748497806335222,-0.14925180096714716,0.3042217570938516,1.6928574419137485,1.28969183341581,2.096023050411687
197.7972946259637,-0.21398468893494102,-0.4433873793993948,0.015418001529512781,0.0783188590900673,-0.14800757023290168,0.3046452884130363,1.690266564157306,1.286980311244322,2.09355281707029
197.8989579509192,-0.21342451429427112,-0.4432233989493245,0.016374370360782264,0.07912735049129249,-0.14677223112978685,0.30502693211237186,1.6899793402918148,1.286260203036019,2.0936984775476106
198.00062127587472,-0.21474624241740548,-0.4445568148639564,0.015064330029145423,0.07974916446882829,-0.1455958837662949,0.3050942127039515,1.6867811298663498,1.2841241838845794,2.08943807584812
198.10228460083025,-0.21460775824851486,-0.44421844497596186,0.01500292847893217,0.08102431232880712,-0.14382028718260748,0.3058689118402217,1.6819236069562633,1.2804299377339872,2.0834172761785394
198.19829996328824,-0.21392517175277168,-0.44323180021446973,0.01538145670892635,0.08327660481227686,-0.14142756190831188,0.3079807715328656,1.6788038096313582,1.2787812318544427,2.0788263874082737
198.29996328824376,-0.2118581551244432,-0.44070501883394186,0.016988708585055495,0.08631161880755732,-0.13842957088092295,0.3110528084960376,1.6753777865212671,1.277405237827883,2.073350335214651
198.40162661319928,-0.20981753024565417,-0.4383813003495488,0.01874623985824045,0.08729929054195923,-0.1374971246234333,0.3120957057073518,1.6730375767310022,1.2765451027458694,2.0695300507161347
198.49764197565727,-0.20849794443735517,-0.43701185828177963,0.02001596940706929,0.08771843067077878,-0.1369125334687443,0.3123493948103019,1.6710263324192156,1.2756336057830877,2.0664190590553435
198.5993053006128,-0.20710329211472353,-0.43570790491576594,0.02150132068631891,0.08960031052105524,-0.13506650753433774,0.31426712857644823,1.6716886281048378,1.277650118475947,2.0657271377337287
198.70096862556832,-0.2067736055789943,-0.43552648181267195,0.021979270654683386,0.09088676252456711,-0.1335419981335355,0.3153155231826697,1.6711675003325193,1.2784617985491056,2.063873202115933
198.80263195052385,-0.20696109280196504,-0.43571090095527054,0.021788715351340443,0.09157659520044409,-0.132617424809812,0.31577061521070016,1.6696874067960144,1.2792693232368426,2.060105490355186
198.89864731298184,-0.20687938731049643,-0.4356741781378206,0.021915403516827775,0.09288037358384318,-0.13104606925486112,0.3168068164225475,1.6683271132047786,1.2799452837393603,2.0567089426701965
199.00031063793736,-0.20635020336432097,-0.4351713217877966,0.02247091505915466,0.0943015803239546,-0.1292124665383056,0.31781562718621476,1.665653472488957,1.2789032993509135,2.0524036456270003
199.10197396289288,-0.2061268266526859,-0.43503204306684184,0.022778389761470064,0.09492351932123323,-0.1283890175706831,0.31823605621314954,1.664865820473981,1.278640232332826,2.051091408615136
199.19798932535087,-0.20618464521433116,-0.4352178130363693,0.02284852260770695,0.09445887279594625,-0.12900802057920688,0.31792576617109936,1.6668140272171406,1.2812602966118332,2.0523677578224477
199.2996526503064,-0.2066112684112457,-0.43591494023807864,0.022692403415587287,0.09304245403216134,-0.1303356177307971,0.3164205257951198,1.6680543672353938,1.2836788914936827,2.0524298429771046
199.40131597526192,-0.20645645318360117,-0.4356951842872516,0.022782277920049304,0.09237029501106674,-0.13095717778008475,0.31569776780221825,1.6670394210178172,1.2851392176598984,2.048939624375736
199.4973313377199,-0.20737687315455422,-0.4363629905879508,0.021609244278842393,0.09273555328206327,-0.13092374540014368,0.3163948519642702,1.6680017299751326,1.2884448581852597,2.0475586017650054
199.59899466267544,-0.20717632004951678,-0.43578595183182034,0.02143331173278676,0.0929523653494375,-0.1311197953511058,0.3170245260499808,1.668157204468254,1.290765791592654,2.045548617343854
199.70065798763096,-0.20787155733464965,-0.4360895989883437,0.0203464843190444,0.09204749421116055,-0.1323388228092927,0.31643381123161385,1.6676788161964113,1.291041182775408,2.0443164496174147
199.80232131258649,-0.20811700416563908,-0.43584610467939666,0.019612096348118474,0.09138864760828955,-0.13341906582094853,0.31619636103752763,1.6671293122131552,1.2903988866004261,2.0438597378258843
199.89833667504448,-0.20718103970739923,-0.4343417549924287,0.01997967557763025,0.09090155277437655,-0.13443547501541958,0.31623858056417264,1.6663318024879088,1.2898212616803089,2.0428423432955087
200.0,-0.2054903283569077,-0.432063901439348,0.02108324472553258,0.09123175414759493,-0.13424858384791094,0.3167120921431008,1.6625106069207733,1.2882079105707063,2.0368133032708404
