label,n,l,m,sample_index,radius_over_a,radius_over_n_squared_a,scaled_radial_wavefunction,scaled_radial_probability,cumulative_probability,containment_target,extent_over_a
1s (m=+0),1,0,0,0,0,0,2.0000000000000004,0,0,0.99950000000000006,6.0256997487544908
1s (m=+0),1,0,0,1,0.0050214164572954089,0.0050214164572954089,1.9899823395572007,9.9850657191455445e-05,2.5069586664646828e-07,0.99950000000000006,6.0256997487544908
1s (m=+0),1,0,0,2,0.010042832914590818,0.010042832914590818,1.9800148558747748,0.00039541156921588235,1.4941548138257537e-06,0.99950000000000006,6.0256997487544908
1s (m=+0),1,0,0,3,0.015064249371886227,0.015064249371886227,1.9700972976258486,0.00088078587888622913,4.698314248154927e-06,0.99950000000000006,6.0256997487544908
1s (m=+0),1,0,0,4,0.020085665829181636,0.020085665829181636,1.9602294147424022,0.0015501947778128475,1.0801797386612699e-05,0.99950000000000006,6.0256997487544908
1s (m=+0),1,0,0,5,0.025107082286477046,0.025107082286477046,1.9504109584089635,0.0023979755387257291,2.0714501088448721e-05,0.99950000000000006,6.0256997487544908
1s (m=+0),1,0,0,6,0.030128498743772453,0.030128498743772453,1.9406416810563354,0.0034185795773049063,3.5318173880649736e-05,0.99950000000000006,6.0256997487544908
1s (m=+0),1,0,0,7,0.035149915201067861,0.035149915201067861,1.9309213363553521,0.0046065705431060722,5.5466984324098684e-05,0.99950000000000006,6.0256997487544908
1s (m=+0),1,0,0,8,0.040171331658363271,0.040171331658363271,1.9212496792106697,0.0059566224391739749,8.1988079865502898e-05,0.99950000000000006,6.0256997487544908
1s (m=+0),1,0,0,9,0.045192748115658682,0.045192748115658682,1.9116264657545847,0.0074635177699415786,0.00011568213631813525,0.99950000000000006,6.0256997487544908
1s (m=+0),1,0,0,10,0.050214164572954093,0.050214164572954093,1.9020514533408852,0.0091221457170183283,0.00015732389811242729,0.99950000000000006,6.0256997487544908
1s (m=+0),1,0,0,11,0.055235581030249496,0.055235581030249496,1.8925244005387341,0.010927500342476195,0.00020766270945547416,0.99950000000000006,6.0256997487544908
1s (m=+0),1,0,0,12,0.060256997487544907,0.060256997487544907,1.883045067126579,0.012874678819247334,0.00026742303653656038,0.99950000000000006,6.0256997487544908
1s (m=+0),1,0,0,13,0.065278413944840311,0.065278413944840311,1.8736132140860975,0.014958879688252416,0.00033730498091388725,0.99950000000000006,6.0256997487544908
1s (m=+0),1,0,0,14,0.070299830402135721,0.070299830402135721,1.864228603596169,0.017175401141883751,0.00041798478421578632,0.99950000000000006,6.0256997487544908
1s (m=+0),1,0,0,15,0.075321246859431132,0.075321246859431132,1.8548909990268787,0.019519639333472297,0.00051011532428782338,0.99950000000000006,6.0256997487544908
1s (m=+0),1,0,0,16,0.080342663316726542,0.080342663316726542,1.8456001649335503,0.021987086712372747,0.00061432660291535252,0.99950000000000006,6.0256997487544908
1s (m=+0),1,0,0,17,0.085364079774021953,0.085364079774021953,1.8363558670508107,0.024573330384305696,0.00073122622524925238,0.99950000000000006,6.0256997487544908
1s (m=+0),1,0,0,18,0.090385496231317364,0.090385496231317364,1.8271578722866817,0.027274050496600585,0.00086139987106077548,0.99950000000000006,6.0256997487544908
1s (m=+0),1,0,0,19,0.095406912688612774,0.095406912688612774,1.8180059487167035,0.030085018647988272,0.0010054117579496673,0.99950000000000006,6.0256997487544908
1s (m=+0),1,0,0,20,0.10042832914590819,0.10042832914590819,1.8088998655780866,0.03300209632259634,0.001163805096627958,0.99950000000000006,6.0256997487544908
1s (m=+0),1,0,0,21,0.10544974560320358,0.10544974560320358,1.799839393263893,0.036021233347805243,0.0013371025384000981,0.99950000000000006,6.0256997487544908
1s (m=+0),1,0,0,22,0.11047116206049899,0.11047116206049899,1.7908243033172468,0.039138466375627803,0.0015258066149584121,0.99950000000000006,6.0256997487544908
1s (m=+0),1,0,0,23,0.1154925785177944,0.1154925785177944,1.7818543684255743,0.042349917387279189,0.0017304001706111448,0.99950000000000006,6.0256997487544908
1s (m=+0),1,0,0,24,0.12051399497508981,0.12051399497508981,1.772929362414871,0.045651792220608833,0.0019513467870587351,0.99950000000000006,6.0256997487544908
1s (m=+0),1,0,0,25,0.12553541143238522,0.12553541143238522,1.7640490602440002,0.049040379120070497,0.0021890912008322972,0.99950000000000006,6.0256997487544908
1s (m=+0),1,0,0,26,0.13055682788968062,0.13055682788968062,1.7552132379990182,0.052512047308910542,0.0024440597135066801,0.99950000000000006,6.0256997487544908
1s (m=+0),1,0,0,27,0.13557824434697605,0.13557824434697605,1.7464216728875275,0.056063245583259244,0.0027166605947988864,0.99950000000000006,6.0256997487544908
1s (m=+0),1,0,0,28,0.14059966080427144,0.14059966080427144,1.7376741432330609,0.059690500927813965,0.0030072844786610377,0.99950000000000006,6.0256997487544908
1s (m=+0),1,0,0,29,0.14562107726156687,0.14562107726156687,1.72897042846949,0.063390417152807244,0.0033163047524755684,0.99950000000000006,6.0256997487544908
1s (m=+0),1,0,0,30,0.15064249371886226,0.15064249371886226,1.7203103091354655,0.067159673551957011,0.0036440779394587234,0.99950000000000006,6.0256997487544908
1s (m=+0),1,0,0,31,0.15566391017615769,0.15566391017615769,1.7116935668688822,0.070995023581100367,0.0039909440743770234,0.99950000000000006,6.0256997487544908
1s (m=+0),1,0,0,32,0.16068532663345308,0.16068532663345308,1.7031199844013736,0.074893293557215829,0.0043572270726797589,0.99950000000000006,6.0256997487544908
1s (m=+0),1,0,0,33,0.16570674309074848,0.16570674309074848,1.694589345552834,0.078851381377544022,0.0047432350931492263,0.99950000000000006,6.0256997487544908
1s (m=+0),1,0,0,34,0.17072815954804391,0.17072815954804391,1.6861014352259669,0.082866255258519358,0.0051492608941688511,0.99950000000000006,6.0256997487544908
1s (m=+0),1,0,0,35,0.1757495760053393,0.1757495760053393,1.6776560394008615,0.086934952494230042,0.0055755821837079967,0.99950000000000006,6.0256997487544908
1s (m=+0),1,0,0,36,0.18077099246263473,0.18077099246263473,1.6692529451295963,0.091054578234127673,0.0060224619631208294,0.99950000000000006,6.0256997487544908
1s (m=+0),1,0,0,37,0.18579240891993012,0.18579240891993012,1.6608919405308706,0.095222304279710665,0.0064901488648551643,0.99950000000000006,6.0256997487544908
1s (m=+0),1,0,0,38,0.19081382537722555,0.19081382537722555,1.6525728147846601,0.099435367899909921,0.0069788774841659466,0.99950000000000006,6.0256997487544908
1s (m=+0),1,0,0,39,0.19583524183452095,0.19583524183452095,1.6442953581269031,0.1036910706649093,0.0074888687049265391,0.99950000000000006,6.0256997487544908
1s (m=+0),1,0,0,40,0.20085665829181637,0.20085665829181637,1.6360593618442096,0.1079867772981362,0.0080203300196297969,0.99950000000000006,6.0256997487544908
1s (m=+0),1,0,0,41,0.20587807474911177,0.20587807474911177,1.6278646182686003,0.11231991454616162,0.0085734558436694284,0.99950000000000006,6.0256997487544908
1s (m=+0),1,0,0,42,0.21089949120640716,0.21089949120640716,1.6197109207722691,0.11668797006625276,0.0091484278239910202,0.99950000000000006,6.0256997487544908
1s (m=+0),1,0,0,43,0.21592090766370259,0.21592090766370259,1.6115980637623735,0.12108849133132428,0.0097454151422006526,0.99950000000000006,6.0256997487544908
1s (m=+0),1,0,0,44,0.22094232412099798,0.22094232412099798,1.6035258426758512,0.12551908455203808,0.010364574812217872,0.99950000000000006,6.0256997487544908
1s (m=+0),1,0,0,45,0.22596374057829341,0.22596374057829341,1.5954940539742606,0.12997741361580459,0.01100605197255855,0.99950000000000006,6.0256997487544908
1s (m=+0),1,0,0,46,0.23098515703558881,0.23098515703558881,1.5875024951386507,0.13446119904244283,0.011669980173331793,0.99950000000000006,6.0256997487544908
1s (m=+0),1,0,0,47,0.23600657349288423,0.23600657349288423,1.5795509646644526,0.13896821695625777,0.012356481658034069,0.99950000000000006,6.0256997487544908
1s (m=+0),1,0,0,48,0.24102798995017963,0.24102798995017963,1.5716392620563999,0.14349629807429948,0.013065667640222271,0.99950000000000006,6.0256997487544908
1s (m=+0),1,0,0,49,0.24604940640747502,0.24604940640747502,1.5637671878234733,0.14804332671056958,0.013797638575146504,0.99950000000000006,6.0256997487544908
1s (m=+0),1,0,0,50,0.25107082286477045,0.25107082286477045,1.5559345434738698,0.15260723979594476,0.014552484426422006,0.99950000000000006,6.0256997487544908
1s (m=+0),1,0,0,51,0.25609223932206587,0.25609223932206587,1.548141131509998,0.15718602591358963,0.015330284927818582,0.99950000000000006,6.0256997487544908
1s (m=+0),1,0,0,52,0.26111365577936124,0.26111365577936124,1.5403867554234985,0.16177772434963583,0.016131109840244788,0.99950000000000006,6.0256997487544908
1s (m=+0),1,0,0,53,0.26613507223665667,0.26613507223665667,1.5326712196902894,0.16638042415890503,0.016955019204002979,0.99950000000000006,6.0256997487544908
1s (m=+0),1,0,0,54,0.27115648869395209,0.27115648869395209,1.5249943297656348,0.17099226324545722,0.017802063586390103,0.99950000000000006,6.0256997487544908
1s (m=+0),1,0,0,55,0.27617790515124752,0.27617790515124752,1.5173558920792414,0.17561142745775168,0.018672284324718316,0.99950000000000006,6.0256997487544908
1s (m=+0),1,0,0,56,0.28119932160854288,0.28119932160854288,1.5097557140303759,0.18023614969820512,0.019565713764828119,0.99950000000000006,6.0256997487544908
1s (m=+0),1,0,0,57,0.28622073806583831,0.28622073806583831,1.5021936039830093,0.18486470904694011,0.020482375495165902,0.99950000000000006,6.0256997487544908
1s (m=+0),1,0,0,58,0.29124215452313373,0.29124215452313373,1.4946693712609855,0.18949542989951593,0.021422284576496468,0.99950000000000006,6.0256997487544908
1s (m=+0),1,0,0,59,0.2962635709804291,0.2962635709804291,1.487182826143213,0.19412668111843895,0.022385447767320443,0.99950000000000006,6.0256997487544908
1s (m=+0),1,0,0,60,0.30128498743772453,0.30128498743772453,1.4797337798588799,0.19875687519825153,0.023371863745065134,0.99950000000000006,6.0256997487544908
1s (m=+0),1,0,0,61,0.30630640389501995,0.30630640389501995,1.4723220445826966,0.20338446744400077,0.024381523323116477,0.99950000000000006,6.0256997487544908
1s (m=+0),1,0,0,62,0.31132782035231538,0.31132782035231538,1.4649474334301575,0.20800795516289292,0.025414409663758922,0.99950000000000006,6.0256997487544908
1s (m=+0),1,0,0,63,0.31634923680961075,0.31634923680961075,1.4576097604528304,0.21262587686893919,0.02647049848708885,0.99950000000000006,6.0256997487544908
1s (m=+0),1,0,0,64,0.32137065326690617,0.32137065326690617,1.4503088406336671,0.21723681150040508,0.027549758275966389,0.99950000000000006,6.0256997487544908
1s (m=+0),1,0,0,65,0.32639206972420159,0.32639206972420159,1.4430444898823378,0.2218393776498726,0.028652150477069271,0.99950000000000006,6.0256997487544908
1s (m=+0),1,0,0,66,0.33141348618149696,0.33141348618149696,1.4358165250305905,0.22643223280673405,0.029777629698111822,0.99950000000000006,6.0256997487544908
1s (m=+0),1,0,0,67,0.33643490263879239,0.33643490263879239,1.4286247638276321,0.23101407261193324,0.030926143901290965,0.99950000000000006,6.0256997487544908
1s (m=+0),1,0,0,68,0.34145631909608781,0.34145631909608781,1.4214690249355322,0.23558363012477279,0.032097634593020133,0.99950000000000006,6.0256997487544908
1s (m=+0),1,0,0,69,0.34647773555338324,0.34647773555338324,1.4143491279246512,0.24013967510161424,0.033292037010011509,0.99950000000000006,6.0256997487544908
1s (m=+0),1,0,0,70,0.35149915201067861,0.35149915201067861,1.4072648932690919,0.2446810132862923,0.034509280301765657,0.99950000000000006,6.0256997487544908
1s (m=+0),1,0,0,71,0.35652056846797403,0.35652056846797403,1.4002161423421706,0.24920648571207249,0.035749287709527088,0.99950000000000006,6.0256997487544908
1s (m=+0),1,0,0,72,0.36154198492526946,0.36154198492526946,1.3932026974119152,0.25371496801498178,0.03701197674176307,0.99950000000000006,6.0256997487544908
1s (m=+0),1,0,0,73,0.36656340138256482,0.36656340138256482,1.3862243816365827,0.25820536975834479,0.038297259346222662,0.99950000000000006,6.0256997487544908
1s (m=+0),1,0,0,74,0.37158481783986025,0.37158481783986025,1.3792810190602001,0.26267663376835942,0.039605042078631664,0.99950000000000006,6.0256997487544908
1s (m=+0),1,0,0,75,0.37660623429715567,0.37660623429715567,1.3723724346081283,0.26712773548054936,0.040935226268078412,0.99950000000000006,6.0256997487544908
1s (m=+0),1,0,0,76,0.3816276507544511,0.3816276507544511,1.3654984540826469,0.27155768229693239,0.042287708179144866,0.99950000000000006,6.0256997487544908
1s (m=+0),1,0,0,77,0.38664906721174647,0.38664906721174647,1.3586589041585631,0.27596551295374616,0.043662379170836214,0.99950000000000006,6.0256997487544908
1s (m=+0),1,0,0,78,0.39167048366904189,0.39167048366904189,1.3518536123788396,0.28035029689957419,0.045059125852361763,0.99950000000000006,6.0256997487544908
1s (m=+0),1,0,0,79,0.39669190012633732,0.39669190012633732,1.3450824071502481,0.28471113368371864,0.046477830235818682,0.99950000000000006,6.0256997487544908
1s (m=+0),1,0,0,80,0.40171331658363274,0.40171331658363274,1.3383451177390406,0.28904715235466716,0.047918369885830064,0.99950000000000006,6.0256997487544908
1s (m=+0),1,0,0,81,0.40673473304092811,0.40673473304092811,1.3316415742666465,0.29335751086850426,0.049380618066187265,0.99950000000000006,6.0256997487544908
1s (m=+0),1,0,0,82,0.41175614949822353,0.41175614949822353,1.3249716077053872,0.29764139550711877,0.050864443883546342,0.99950000000000006,6.0256997487544908
1s (m=+0),1,0,0,83,0.41677756595551896,0.41677756595551896,1.3183350498742157,0.30189802030606189,0.05236971242822714,0.99950000000000006,6.0256997487544908
1s (m=+0),1,0,0,84,0.42179898241281433,0.42179898241281433,1.3117317334344751,0.30612662649191164,0.053896284912163417,0.99950000000000006,6.0256997487544908
1s (m=+0),1,0,0,85,0.42682039887010975,0.42682039887010975,1.3051614918856793,0.31032648192900192,0.055444018804051268,0.99950000000000006,6.0256997487544908
1s (m=+0),1,0,0,86,0.43184181532740518,0.43184181532740518,1.2986241595613151,0.31449688057537706,0.057012767961742344,0.99950000000000006,6.0256997487544908
1s (m=+0),1,0,0,87,0.4368632317847006,0.4368632317847006,1.2921195716246645,0.31863714194783205,0.058602382761928189,0.99950000000000006,6.0256997487544908
1s (m=+0),1,0,0,88,0.44188464824199597,0.44188464824199597,1.2856475640646488,0.32274661059590476,0.060212710227160682,0.99950000000000006,6.0256997487544908
1s (m=+0),1,0,0,89,0.44690606469929139,0.44690606469929139,1.2792079736916926,0.32682465558468426,0.061843594150253402,0.99950000000000006,6.0256997487544908
1s (m=+0),1,0,0,90,0.45192748115658682,0.45192748115658682,1.2728006381336099,0.33087066998630438,0.063494875216107624,0.99950000000000006,6.0256997487544908
1s (m=+0),1,0,0,91,0.45694889761388219,0.45694889761388219,1.2664253958315095,0.33488407037999018,0.065166391121006487,0.99950000000000006,6.0256997487544908
1s (m=+0),1,0,0,92,0.46197031407117761,0.46197031407117761,1.2600820860357203,0.33886429636053095,0.066857976689419868,0.99950000000000006,6.0256997487544908
1s (m=+0),1,0,0,93,0.46699173052847304,0.46699173052847304,1.2537705488017401,0.3428108100550521,0.068569463988361778,0.99950000000000006,6.0256997487544908
1s (m=+0),1,0,0,94,0.47201314698576846,0.47201314698576846,1.2474906249862008,0.34672309564795978,0.070300682439341927,0.99950000000000006,6.0256997487544908
1s (m=+0),1,0,0,95,0.47703456344306383,0.47703456344306383,1.2412421562428571,0.35060065891393744,0.072051458927951978,0.99950000000000006,6.0256997487544908
1s (m=+0),1,0,0,96,0.48205597990035925,0.48205597990035925,1.2350249850185924,0.35444302675887029,0.073821617911126805,0.99950000000000006,6.0256997487544908
1s (m=+0),1,0,0,97,0.48707739635765468,0.48707739635765468,1.2288389545494474,0.35824974676857951,0.075610981522119938,0.99950000000000006,6.0256997487544908
1s (m=+0),1,0,0,98,0.49209881281495005,0.49209881281495005,1.2226839088566668,0.36202038676524756,0.077419369673232485,0.99950000000000006,6.0256997487544908
1s (m=+0),1,0,0,99,0.49712022927224547,0.49712022927224547,1.2165596927427662,0.36575453437141803,0.079246600156333752,0.99950000000000006,6.0256997487544908
1s (m=+0),1,0,0,100,0.5021416457295409,0.5021416457295409,1.2104661517876194,0.36945179658145527,0.081092488741211027,0.99950000000000006,6.0256997487544908
1s (m=+0),1,0,0,101,0.50716306218683627,0.50716306218683627,1.2044031323445639,0.37311179934035021,0.082956849271786121,0.99950000000000006,6.0256997487544908
1s (m=+0),1,0,0,102,0.51218447864413175,0.51218447864413175,1.1983704815365279,0.37673418712976298,0.084839493760235113,0.99950000000000006,6.0256997487544908
1s (m=+0),1,0,0,103,0.51720589510142712,0.51720589510142712,1.1923680472521743,0.38031862256118681,0.086740232479047025,0.99950000000000006,6.0256997487544908
1s (m=+0),1,0,0,104,0.52222731155872248,0.52222731155872248,1.1863956781420661,0.38386478597613288,0.088658874051057712,0.99950000000000006,6.0256997487544908
1s (m=+0),1,0,0,105,0.52724872801601796,0.52724872801601796,1.1804532236148499,0.38737237505322075,0.090595225537493038,0.99950000000000006,6.0256997487544908
1s (m=+0),1,0,0,106,0.53227014447331333,0.53227014447331333,1.1745405338334591,0.39084110442207515,0.092549092524056215,0.99950000000000006,6.0256997487544908
1s (m=+0),1,0,0,107,0.5372915609306087,0.5372915609306087,1.1686574597113351,0.39427070528392194,0.094520279205093538,0.99950000000000006,6.0256997487544908
1s (m=+0),1,0,0,108,0.54231297738790418,0.54231297738790418,1.1628038529086684,0.39766092503878175,0.096508588465871167,0.99950000000000006,6.0256997487544908
1s (m=+0),1,0,0,109,0.54733439384519955,0.54733439384519955,1.1569795658286595,0.4010115269191602,0.098513821962996198,0.99950000000000006,6.0256997487544908
1s (m=+0),1,0,0,110,0.55235581030249503,0.55235581030249503,1.1511844516137946,0.40432228963013483,0.1005357802030148,0.99950000000000006,6.0256997487544908
1s (m=+0),1,0,0,111,0.5573772267597904,0.5573772267597904,1.145418364142146,0.40759300699574147,0.10257426261921831,0.99950000000000006,6.0256997487544908
1s (m=+0),1,0,0,112,0.56239864321708577,0.56239864321708577,1.1396811580236845,0.41082348761156096,0.10462906764668986,0.99950000000000006,6.0256997487544908
1s (m=+0),1,0,0,113,0.56742005967438125,0.56742005967438125,1.1339726885966155,0.41401355450341432,0.1066999927956214,0.99950000000000006,6.0256997487544908
1s (m=+0),1,0,0,114,0.57244147613167662,0.57244147613167662,1.1282928119237308,0.41716304479206878,0.10878683472293196,0.99950000000000006,6.0256997487544908
1s (m=+0),1,0,0,115,0.57746289258897199,0.57746289258897199,1.1226413847887791,0.4202718093638641,0.11088938930221763,0.99950000000000006,6.0256997487544908
1s (m=+0),1,0,0,116,0.58248430904626747,0.58248430904626747,1.1170182646928548,0.42333971254716757,0.11300745169206169,0.99950000000000006,6.0256997487544908
1s (m=+0),1,0,0,117,0.58750572550356284,0.58750572550356284,1.1114233098508057,0.4263666317945658,0.11514081640273463,0.99950000000000006,6.0256997487544908
1s (m=+0),1,0,0,118,0.59252714196085821,0.59252714196085821,1.1058563791876568,0.42935245737070743,0.11728927736131278,0.99950000000000006,6.0256997487544908
1s (m=+0),1,0,0,119,0.59754855841815369,0.59754855841815369,1.1003173323350537,0.43229709204570654,0.1194526279752432,0.99950000000000006,6.0256997487544908
1s (m=+0),1,0,0,120,0.60256997487544905,0.60256997487544905,1.094806029627724,0.43520045079402159,0.12163066119438255,0.99950000000000006,6.0256997487544908
1s (m=+0),1,0,0,121,0.60759139133274442,0.60759139133274442,1.0893223320999539,0.43806246049872477,0.12382316957153808,0.99950000000000006,6.0256997487544908
1s (m=+0),1,0,0,122,0.6126128077900399,0.6126128077900399,1.0838661014820858,0.44088305966107866,0.12602994532153636,0.99950000000000006,6.0256997487544908
1s (m=+0),1,0,0,123,0.61763422424733527,0.61763422424733527,1.0784372001970317,0.44366219811533497,0.12825078037884688,0.99950000000000006,6.0256997487544908
1s (m=+0),1,0,0,124,0.62265564070463075,0.62265564070463075,1.0730354913568028,0.44639983674867706,0.13048546645378692,0.99950000000000006,6.0256997487544908
1s (m=+0),1,0,0,125,0.62767705716192612,0.62767705716192612,1.0676608387590603,0.44909594722622448,0.13273379508733202,0.99950000000000006,6.0256997487544908
1s (m=+0),1,0,0,126,0.63269847361922149,0.63269847361922149,1.0623131068836789,0.45175051172101871,0.13499555770455898,0.99950000000000006,6.0256997487544908
1s (m=+0),1,0,0,127,0.63771989007651697,0.63771989007651697,1.0569921608893307,0.45436352264891611,0.13727054566674479,0.99950000000000006,6.0256997487544908
1s (m=+0),1,0,0,128,0.64274130653381234,0.64274130653381234,1.0516978666100856,0.4569349824083066,0.13955855032214629,0.99950000000000006,6.0256997487544908
1s (m=+0),1,0,0,129,0.64776272299110771,0.64776272299110771,1.0464300905520272,0.45946490312458593,0.14185936305548552,0.99950000000000006,6.0256997487544908
1s (m=+0),1,0,0,130,0.65278413944840319,0.65278413944840319,1.041188699889888,0.46195330639930537,0.14417277533616302,0.99950000000000006,6.0256997487544908
1s (m=+0),1,0,0,131,0.65780555590569856,0.65780555590569856,1.0359735624636996,0.46440022306392315,0.14649857876522318,0.99950000000000006,6.0256997487544908
1s (m=+0),1,0,0,132,0.66282697236299393,0.66282697236299393,1.0307845467754604,0.46680569293808988,0.14883656512109483,0.99950000000000006,6.0256997487544908
1s (m=+0),1,0,0,133,0.66784838882028941,0.66784838882028941,1.0256215219858194,0.46916976459239218,0.15118652640412894,0.99950000000000006,6.0256997487544908
1s (m=+0),1,0,0,134,0.67286980527758478,0.67286980527758478,1.0204843579107787,0.4714924951154853,0.15354825487995583,0.99950000000000006,6.0256997487544908
1s (m=+0),1,0,0,135,0.67789122173488026,0.67789122173488026,1.0153729250184094,0.47377394988554622,0.15592154312168452,0.99950000000000006,6.0256997487544908
1s (m=+0),1,0,0,136,0.68291263819217563,0.68291263819217563,1.0102870944255862,0.4760142023459773,0.15830618405096428,0.99950000000000006,6.0256997487544908
1s (m=+0),1,0,0,137,0.68793405464947099,0.68793405464947099,1.005226737894737,0.4782133337852939,0.16070197097793126,0.99950000000000006,6.0256997487544908
1s (m=+0),1,0,0,138,0.69295547110676647,0.69295547110676647,1.0001917278306107,0.48037143312113001,0.16310869764005959,0.99950000000000006,6.0256997487544908
1s (m=+0),1,0,0,139,0.69797688756406184,0.69797688756406184,0.99518193727705861,0.48248859668829408,0.16552615823993805,0.99950000000000006,6.0256997487544908
1s (m=+0),1,0,0,140,0.70299830402135721,0.70299830402135721,0.99019723991383413,0.48456492803081358,0.16795414748199305,0.99950000000000006,6.0256997487544908
1s (m=+0),1,0,0,141,0.70801972047865269,0.70801972047865269,0.98523751005340687,0.48660053769790151,0.17039246060817664,0.99950000000000006,6.0256997487544908
1s (m=+0),1,0,0,142,0.71304113693594806,0.71304113693594806,0.98030262263779477,0.4885955430437855,0.17284089343263978,0.99950000000000006,6.0256997487544908
1s (m=+0),1,0,0,143,0.71806255339324343,0.71806255339324343,0.97539245323540913,0.49055006803133372,0.17529924237541034,0.99950000000000006,6.0256997487544908
1s (m=+0),1,0,0,144,0.72308396985053891,0.72308396985053891,0.97050687803791824,0.49246424303942055,0.17776730449509417,0.99950000000000006,6.0256997487544908
1s (m=+0),1,0,0,145,0.72810538630783428,0.72810538630783428,0.96564577385712547,0.49433820467396961,0.18024487752061785,0.99950000000000006,6.0256997487544908
1s (m=+0),1,0,0,146,0.73312680276512965,0.73312680276512965,0.96080901812186292,0.4961720955826156,0.18273175988203236,0.99950000000000006,6.0256997487544908
1s (m=+0),1,0,0,147,0.73814821922242513,0.73814821922242513,0.95599648887490063,0.497966064272927,0.18522775074039438,0.99950000000000006,6.0256997487544908
1s (m=+0),1,0,0,148,0.7431696356797205,0.7431696356797205,0.95120806476987196,0.49972026493413119,0.18773265001674386,0.99950000000000006,6.0256997487544908
1s (m=+0),1,0,0,149,0.74819105213701598,0.74819105213701598,0.94644362506821333,0.5014348572622872,0.19024625842019524,0.99950000000000006,6.0256997487544908
1s (m=+0),1,0,0,150,0.75321246859431135,0.75321246859431135,0.9417030496361205,0.50311000628884839,0.19276837747515885,0.99950000000000006,6.0256997487544908
1s (m=+0),1,0,0,151,0.75823388505160672,0.75823388505160672,0.93698621894151868,0.50474588221256189,0.19529880954771037,0.99950000000000006,6.0256997487544908
1s (m=+0),1,0,0,152,0.7632553015089022,0.7632553015089022,0.93229301405104925,0.50634266023464869,0.19783735787112403,0.99950000000000006,6.0256997487544908
1s (m=+0),1,0,0,153,0.76827671796619756,0.76827671796619756,0.92762331662707043,0.50790052039721212,0.20038382657058623,0.99950000000000006,6.0256997487544908
1s (m=+0),1,0,0,154,0.77329813442349293,0.77329813442349293,0.92297700892467371,0.50941964742482382,0.20293802068710626,0.99950000000000006,6.0256997487544908
1s (m=+0),1,0,0,155,0.77831955088078841,0.77831955088078841,0.91835397378871453,0.51090023056923117,0.20549974620063879,0.99950000000000006,6.0256997487544908
1s (m=+0),1,0,0,156,0.78334096733808378,0.78334096733808378,0.91375409465085899,0.51234246345713985,0.20806881005243444,0.99950000000000006,6.0256997487544908
1s (m=+0),1,0,0,157,0.78836238379537915,0.78836238379537915,0.90917725552664397,0.51374654394101804,0.21064502016663392,0.99950000000000006,6.0256997487544908
1s (m=+0),1,0,0,158,0.79338380025267463,0.79338380025267463,0.90462334101255271,0.51511267395287408,0.21322818547112019,0.99950000000000006,6.0256997487544908
1s (m=+0),1,0,0,159,0.79840521670997,0.79840521670997,0.90009223628310542,0.51644105936095819,0.21581811591764347,0.99950000000000006,6.0256997487544908
1s (m=+0),1,0,0,160,0.80342663316726548,0.80342663316726548,0.89558382708796314,0.5177319098293407,0.21841462250123461,0.99950000000000006,6.0256997487544908
1s (m=+0),1,0,0,161,0.80844804962456085,0.80844804962456085,0.89109799974904813,0.51898543868031988,0.22101751727891963,0.99950000000000006,6.0256997487544908
1s (m=+0),1,0,0,162,0.81346946608185622,0.81346946608185622,0.88663464115767621,0.52020186275961067,0.22362661338775106,0.99950000000000006,6.0256997487544908
1s (m=+0),1,0,0,163,0.8184908825391517,0.8184908825391517,0.88219363877170554,0.52138140230427055,0.22624172506216872,0.99950000000000006,6.0256997487544908
1s (m=+0),1,0,0,164,0.82351229899644707,0.82351229899644707,0.87777488061269915,0.5225242808133167,0.22886266765070412,0.99950000000000006,6.0256997487544908
1s (m=+0),1,0,0,165,0.82853371545374244,0.82853371545374244,0.87337825526310076,0.52363072492098839,0.2314892576320422,0.99950000000000006,6.0256997487544908
1s (m=+0),1,0,0,166,0.83355513191103792,0.83355513191103792,0.86900365186342543,0.5247009642726127,0.23412131263045277,0.99950000000000006,6.0256997487544908
1s (m=+0),1,0,0,167,0.83857654836833329,0.83857654836833329,0.86465096010946507,0.52573523140302936,0.23675865143060498,0.99950000000000006,6.0256997487544908
1s (m=+0),1,0,0,168,0.84359796482562865,0.84359796482562865,0.86032007024950652,0.52673376161753171,0.23940109399177825,0.99950000000000006,6.0256997487544908
1s (m=+0),1,0,0,169,0.84861938128292413,0.84861938128292413,0.85601087308156387,0.52769679287528115,0.24204846146148096,0.99950000000000006,6.0256997487544908
1s (m=+0),1,0,0,170,0.8536407977402195,0.8536407977402195,0.85172325995062614,0.52862456567515725,0.24470057618848984,0.99950000000000006,6.0256997487544908
1s (m=+0),1,0,0,171,0.85866221419751487,0.85866221419751487,0.84745712274591622,0.52951732294399689,0.24735726173532274,0.99950000000000006,6.0256997487544908
1s (m=+0),1,0,0,172,0.86368363065481035,0.86368363065481035,0.84321235389816596,0.53037530992718818,0.25001834289015556,0.99950000000000006,6.0256997487544908
1s (m=+0),1,0,0,173,0.86870504711210572,0.86870504711210572,0.83898884637690319,0.53119877408157457,0.25268364567819551,0.99950000000000006,6.0256997487544908
1s (m=+0),1,0,0,174,0.8737264635694012,0.8737264635694012,0.83478649368775304,0.53198796497063505,0.25535299737252304,0.99950000000000006,6.0256997487544908
1s (m=+0),1,0,0,175,0.87874788002669657,0.87874788002669657,0.83060518986975351,0.53274313416189678,0.2580262265044122,0.99950000000000006,6.0256997487544908
1s (m=+0),1,0,0,176,0.88376929648399194,0.88376929648399194,0.82644482949268239,0.53346453512654712,0.26070316287314199,0.99950000000000006,6.0256997487544908
1s (m=+0),1,0,0,177,0.88879071294128742,0.88879071294128742,0.8223053076543998,0.53415242314120503,0.26338363755530869,0.99950000000000006,6.0256997487544908
1s (m=+0),1,0,0,178,0.89381212939858279,0.89381212939858279,0.81818651997820291,0.53480705519181504,0.26606748291365034,0.99950000000000006,6.0256997487544908
1s (m=+0),1,0,0,179,0.89883354585587816,0.89883354585587816,0.81408836261019424,0.53542868987963121,0.26875453260539411,0.99950000000000006,6.0256997487544908
1s (m=+0),1,0,0,180,0.90385496231317364,0.90385496231317364,0.81001073221666231,0.53601758732924809,0.27144462159013644,0.99950000000000006,6.0256997487544908
1s (m=+0),1,0,0,181,0.90887637877046901,0.90887637877046901,0.80595352598147729,0.53657400909865405,0.27413758613726635,0.99950000000000006,6.0256997487544908
1s (m=+0),1,0,0,182,0.91389779522776438,0.91389779522776438,0.80191664160349763,0.53709821809126201,0.27683326383294254,0.99950000000000006,6.0256997487544908
1s (m=+0),1,0,0,183,0.91891921168505986,0.91891921168505986,0.79789997729399054,0.5375904784698905,0.27953149358663332,0.99950000000000006,6.0256997487544908
1s (m=+0),1,0,0,184,0.92394062814235522,0.92394062814235522,0.79390343177406619,0.53805105557265942,0.28223211563722916,0.99950000000000006,6.0256997487544908
1s (m=+0),1,0,0,185,0.92896204459965059,0.92896204459965059,0.7899269042721232,0.53848021583076677,0.28493497155873831,0.99950000000000006,6.0256997487544908
1s (m=+0),1,0,0,186,0.93398346105694607,0.93398346105694607,0.78597029452130818,0.53887822668811503,0.28763990426557356,0.99950000000000006,6.0256997487544908
1s (m=+0),1,0,0,187,0.93900487751424144,0.93900487751424144,0.78203350275698735,0.5392453565227544,0.2903467580174402,0.99950000000000006,6.0256997487544908
1s (m=+0),1,0,0,188,0.94402629397153692,0.94402629397153692,0.77811642971423089,0.53958187457011242,0.29305537842383433,0.99950000000000006,6.0256997487544908
1s (m=+0),1,0,0,189,0.94904771042883229,0.94904771042883229,0.77421897662531058,0.5398880508479782,0.29576561244815924,0.99950000000000006,6.0256997487544908
1s (m=+0),1,0,0,190,0.95406912688612766,0.95406912688612766,0.77034104521720848,0.54016415608320911,0.29847730841147047,0.99950000000000006,6.0256997487544908
1s (m=+0),1,0,0,191,0.95909054334342314,0.95909054334342314,0.76648253770913977,0.54041046164013529,0.30119031599585633,0.99950000000000006,6.0256997487544908
1s (m=+0),1,0,0,192,0.96411195980071851,0.96411195980071851,0.76264335681008699,0.54062723945062452,0.3039044862474633,0.99950000000000006,6.0256997487544908
1s (m=+0),1,0,0,193,0.96913337625801388,0.96913337625801388,0.75882340571634688,0.54081476194578593,0.30661967157917447,0.99950000000000006,6.0256997487544908
1s (m=+0),1,0,0,194,0.97415479271530936,0.97415479271530936,0.75502258810908929,0.5409733019892774,0.30933572577294915,0.99950000000000006,6.0256997487544908
1s (m=+0),1,0,0,195,0.97917620917260473,0.97917620917260473,0.75124080815192895,0.5411031328121938,0.31205250398183093,0.99950000000000006,6.0256997487544908
1s (m=+0),1,0,0,196,0.9841976256299001,0.9841976256299001,0.74747797048850873,0.54120452794950424,0.31476986273163376,0.99950000000000006,6.0256997487544908
1s (m=+0),1,0,0,197,0.98921904208719558,0.98921904208719558,0.74373398024009518,0.54127776117801341,0.31748765992231165,0.99950000000000006,6.0256997487544908
1s (m=+0),1,0,0,198,0.99424045854449095,0.99424045854449095,0.74000874300318664,0.5413231064558176,0.32020575482902103,0.99950000000000006,6.0256997487544908
1s (m=+0),1,0,0,199,0.99926187500178643,0.99926187500178643,0.73630216484713218,0.5413408378632325,0.32292400810288308,0.99950000000000006,6.0256997487544908
1s (m=+0),1,0,0,200,1.0042832914590818,1.0042832914590818,0.73261415231176374,0.54133122954516188,0.32564228177145232,0.99950000000000006,6.0256997487544908
1s (m=+0),1,0,0,201,1.0093047079163773,1.0093047079163773,0.72894461240503927,0.54129455565488627,0.32836043923890029,0.99950000000000006,6.0256997487544908
1s (m=+0),1,0,0,202,1.0143261243736725,1.0143261243736725,0.72529345260069844,0.5412310902992431,0.3310783452859194,0.99950000000000006,6.0256997487544908
1s (m=+0),1,0,0,203,1.019347540830968,1.019347540830968,0.72166058083592866,0.54114110748517275,0.3337958660693563,0.99950000000000006,6.0256997487544908
1s (m=+0),1,0,0,204,1.0243689572882635,1.0243689572882635,0.71804590550904468,0.54102488106760893,0.33651286912157846,0.99950000000000006,6.0256997487544908
1s (m=+0),1,0,0,205,1.0293903737455588,1.0293903737455588,0.71444933547717859,0.54088268469868828,0.33922922334958405,0.99950000000000006,6.0256997487544908
1s (m=+0),1,0,0,206,1.0344117902028542,1.0344117902028542,0.71087078005398152,0.54071479177825321,0.34194479903385933,0.99950000000000006,6.0256997487544908
1s (m=+0),1,0,0,207,1.0394332066601497,1.0394332066601497,0.70731014900733702,0.54052147540562567,0.34465946782699025,0.99950000000000006,6.0256997487544908
1s (m=+0),1,0,0,208,1.044454623117445,1.044454623117445,0.70376735255708633,0.54030300833263101,0.3473731027520357,0.99950000000000006,6.0256997487544908
1s (m=+0),1,0,0,209,1.0494760395747404,1.0494760395747404,0.70024230137276378,0.54005966291784635,0.3500855782006681,0.99950000000000006,6.0256997487544908
1s (m=+0),1,0,0,210,1.0544974560320359,1.0544974560320359,0.69673490657134529,0.5397917110820516,0.35279676993108622,0.99950000000000006,6.0256997487544908
1s (m=+0),1,0,0,211,1.0595188724893312,1.0595188724893312,0.69324507971500671,0.53949942426486241,0.35550655506570816,0.99950000000000006,6.0256997487544908
1s (m=+0),1,0,0,212,1.0645402889466267,1.0645402889466267,0.6897727328088934,0.53918307338252147,0.35821481208864975,0.99950000000000006,6.0256997487544908
1s (m=+0),1,0,0,213,1.0695617054039221,1.0695617054039221,0.68631777829890261,0.53884292878683038,0.36092142084299256,0.99950000000000006,6.0256997487544908
1s (m=+0),1,0,0,214,1.0745831218612174,1.0745831218612174,0.68288012906947515,0.5384792602251951,0.36362626252784974,0.99950000000000006,6.0256997487544908
1s (m=+0),1,0,0,215,1.0796045383185129,1.0796045383185129,0.67945969844139853,0.53809233680177071,0.3663292196952338,0.99950000000000006,6.0256997487544908
1s (m=+0),1,0,0,216,1.0846259547758084,1.0846259547758084,0.67605640016962198,0.53768242693968127,0.36903017624673107,0.99950000000000006,6.0256997487544908
1s (m=+0),1,0,0,217,1.0896473712331036,1.0896473712331036,0.67267014844108164,0.53724979834429532,0.37172901742999004,0.99950000000000006,6.0256997487544908
1s (m=+0),1,0,0,218,1.0946687876903991,1.0946687876903991,0.66930085787253646,0.53679471796753919,0.37442562983502814,0.99950000000000006,6.0256997487544908
1s (m=+0),1,0,0,219,1.0996902041476946,1.0996902041476946,0.66594844350841564,0.53631745197322489,0.37711990139036045,0.99950000000000006,6.0256997487544908
1s (m=+0),1,0,0,220,1.1047116206049901,1.1047116206049901,0.66261282081867645,0.53581826570337909,0.37981172135895824,0.99950000000000006,6.0256997487544908
1s (m=+0),1,0,0,221,1.1097330370622853,1.1097330370622853,0.65929390569667301,0.53529742364554866,0.38250098033404017,0.99950000000000006,6.0256997487544908
1s (m=+0),1,0,0,222,1.1147544535195808,1.1147544535195808,0.65599161445703469,0.53475518940106759,0.38518757023470235,0.99950000000000006,6.0256997487544908
1s (m=+0),1,0,0,223,1.1197758699768763,1.1197758699768763,0.65270586383355744,0.53419182565426815,0.38787138430139023,0.99950000000000006,6.0256997487544908
1s (m=+0),1,0,0,224,1.1247972864341715,1.1247972864341715,0.64943657097710306,0.53360759414261294,0.3905523170912194,0.99950000000000006,6.0256997487544908
1s (m=+0),1,0,0,225,1.129818702891467,1.129818702891467,0.6461836534535107,0.53300275562773813,0.39323026447314868,0.99950000000000006,6.0256997487544908
1s (m=+0),1,0,0,226,1.1348401193487625,1.1348401193487625,0.64294702924151814,0.53237756986738305,0.39590512362300867,0.99950000000000006,6.0256997487544908
1s (m=+0),1,0,0,227,1.1398615358060578,1.1398615358060578,0.63972661673069409,0.53173229558819446,0.39857679301839311,0.99950000000000006,6.0256997487544908
1s (m=+0),1,0,0,228,1.1448829522633532,1.1448829522633532,0.63652233471937947,0.53106719045938522,0.40124517243341534,0.99950000000000006,6.0256997487544908
1s (m=+0),1,0,0,229,1.1499043687206487,1.1499043687206487,0.63333410241264099,0.53038251106723344,0.40391016293333393,0.99950000000000006,6.0256997487544908
1s (m=+0),1,0,0,230,1.154925785177944,1.154925785177944,0.63016183942023352,0.52967851289040446,0.40657166686905299,0.99950000000000006,6.0256997487544908
1s (m=+0),1,0,0,231,1.1599472016352395,1.1599472016352395,0.6270054657545725,0.52895545027607871,0.40922958787150104,0.99950000000000006,6.0256997487544908
1s (m=+0),1,0,0,232,1.1649686180925349,1.1649686180925349,0.62386490182871812,0.52821357641687272,0.41188383084589059,0.99950000000000006,6.0256997487544908
1s (m=+0),1,0,0,233,1.1699900345498302,1.1699900345498302,0.62074006845436791,0.52745314332853499,0.41453430196586483,0.99950000000000006,6.0256997487544908
1s (m=+0),1,0,0,234,1.1750114510071257,1.1750114510071257,0.61763088683985978,0.52667440182840308,0.4171809086675346,0.99950000000000006,6.0256997487544908
1s (m=+0),1,0,0,235,1.1800328674644212,1.1800328674644212,0.6145372785881863,0.52587760151460561,0.41982355964340756,0.99950000000000006,6.0256997487544908
1s (m=+0),1,0,0,236,1.1850542839217164,1.1850542839217164,0.61145916569501713,0.52506299074599627,0.42246216483621607,0.99950000000000006,6.0256997487544908
1s (m=+0),1,0,0,237,1.1900757003790119,1.1900757003790119,0.60839647054673196,0.52423081662280346,0.42509663543264603,0.99950000000000006,6.0256997487544908
1s (m=+0),1,0,0,238,1.1950971168363074,1.1950971168363074,0.60534911591846441,0.52338132496798284,0.42772688385696928,0.99950000000000006,6.0256997487544908
1s (m=+0),1,0,0,239,1.2001185332936026,1.2001185332936026,0.60231702497215445,0.52251476030925847,0.43035282376458517,0.99950000000000006,6.0256997487544908
1s (m=+0),1,0,0,240,1.2051399497508981,1.2051399497508981,0.5993001212546103,0.52163136586183634,0.43297437003547362,0.99950000000000006,6.0256997487544908
1s (m=+0),1,0,0,241,1.2101613662081936,1.2101613662081936,0.59629832869558153,0.52073138351178094,0.43559143876756184,0.99950000000000006,6.0256997487544908
1s (m=+0),1,0,0,242,1.2151827826654888,1.2151827826654888,0.59331157160584103,0.51981505380004001,0.43820394727001061,0.99950000000000006,6.0256997487544908
1s (m=+0),1,0,0,243,1.2202041991227843,1.2202041991227843,0.59033977467527543,0.51888261590709961,0.44081181405642156,0.99950000000000006,6.0256997487544908
1s (m=+0),1,0,0,244,1.2252256155800798,1.2252256155800798,0.58738286297098752,0.51793430763826598,0.44341495883796817,0.99950000000000006,6.0256997487544908
1s (m=+0),1,0,0,245,1.2302470320373753,1.2302470320373753,0.58444076193540595,0.51697036540955221,0.44601330251645532,0.99950000000000006,6.0256997487544908
1s (m=+0),1,0,0,246,1.2352684484946705,1.2352684484946705,0.58151339738440611,0.51599102423416365,0.44860676717730907,0.99950000000000006,6.0256997487544908
1s (m=+0),1,0,0,247,1.240289864951966,1.240289864951966,0.57860069550543813,0.51499651770956512,0.45119527608250048,0.99950000000000006,6.0256997487544908
1s (m=+0),1,0,0,248,1.2453112814092615,1.2453112814092615,0.57570258285566756,0.51398707800512344,0.45377875366340487,0.99950000000000006,6.0256997487544908
1s (m=+0),1,0,0,249,1.2503326978665568,1.2503326978665568,0.57281898636012218,0.51296293585030606,0.45635712551360147,0.99950000000000006,6.0256997487544908
1s (m=+0),1,0,0,250,1.2553541143238522,1.2553541143238522,0.56994983330984994,0.51192432052343151,0.45893031838161524,0.99950000000000006,6.0256997487544908
1s (m=+0),1,0,0,251,1.2603755307811477,1.2603755307811477,0.56709505136008576,0.51087145984095472,0.46149826016360229,0.99950000000000006,6.0256997487544908
1s (m=+0),1,0,0,252,1.265396947238443,1.265396947238443,0.56425456852842715,0.50980458014727903,0.46406087989598421,0.99950000000000006,6.0256997487544908
1s (m=+0),1,0,0,253,1.2704183636957385,1.2704183636957385,0.561428313193019,0.50872390630508235,0.46661810774803231,0.99950000000000006,6.0256997487544908
1s (m=+0),1,0,0,254,1.2754397801530339,1.2754397801530339,0.55861621409074824,0.50762966168614676,0.46916987501440338,0.99950000000000006,6.0256997487544908
1s (m=+0),1,0,0,255,1.2804611966103292,1.2804611966103292,0.5558182003154466,0.50652206816268197,0.47171611410763209,0.99950000000000006,6.0256997487544908
1s (m=+0),1,0,0,256,1.2854826130676247,1.2854826130676247,0.55303420131610259,0.50540134609913034,0.47425675855058053,0.99950000000000006,6.0256997487544908
1s (m=+0),1,0,0,257,1.2905040295249202,1.2905040295249202,0.55026414689508274,0.50426771434444295,0.47679174296884724,0.99950000000000006,6.0256997487544908
1s (m=+0),1,0,0,258,1.2955254459822154,1.2955254459822154,0.54750796720636186,0.50312139022481994,0.47932100308313924,0.99950000000000006,6.0256997487544908
1s (m=+0),1,0,0,259,1.3005468624395109,1.3005468624395109,0.54476559275376146,0.50196258953690143,0.48184447570160899,0.99950000000000006,6.0256997487544908
1s (m=+0),1,0,0,260,1.3055682788968064,1.3055682788968064,0.54203695438919763,0.50079152654139858,0.48436209871215719,0.99950000000000006,6.0256997487544908
1s (m=+0),1,0,0,261,1.3105896953541016,1.3105896953541016,0.5393219833109375,0.49960841395715944,0.48687381107470551,0.99950000000000006,6.0256997487544908
1s (m=+0),1,0,0,262,1.3156111118113971,1.3156111118113971,0.53662061106186443,0.49841346295565708,0.48937955281344098,0.99950000000000006,6.0256997487544908
1s (m=+0),1,0,0,263,1.3206325282686926,1.3206325282686926,0.53393276952775159,0.49720688315588879,0.49187926500903234,0.99950000000000006,6.0256997487544908
1s (m=+0),1,0,0,264,1.3256539447259879,1.3256539447259879,0.53125839093554539,0.4959888826196836,0.49437288979082306,0.99950000000000006,6.0256997487544908
1s (m=+0),1,0,0,265,1.3306753611832833,1.3306753611832833,0.52859740785165521,0.49475966784739994,0.4968603703290016,0.99950000000000006,6.0256997487544908
1s (m=+0),1,0,0,266,1.3356967776405788,1.3356967776405788,0.52594975318025416,0.49351944377401308,0.49934165082675014,0.99950000000000006,6.0256997487544908
1s (m=+0),1,0,0,267,1.3407181940978741,1.3407181940978741,0.5233153601615872,0.4922684137655795,0.50181667651237571,0.99950000000000006,6.0256997487544908
1s (m=+0),1,0,0,268,1.3457396105551696,1.3457396105551696,0.52069416237028709,0.49100677961606853,0.50428539363142422,0.99950000000000006,6.0256997487544908
1s (m=+0),1,0,0,269,1.350761027012465,1.350761027012465,0.51808609371370029,0.48973474154455598,0.50674774943877865,0.99950000000000006,6.0256997487544908
1s (m=+0),1,0,0,270,1.3557824434697605,1.3557824434697605,0.51549108843022007,0.48845249819276948,0.50920369219074535,0.99950000000000006,6.0256997487544908
1s (m=+0),1,0,0,271,1.3608038599270558,1.3608038599270558,0.51290908108762856,0.48716024662297769,0.51165317113712772,0.99950000000000006,6.0256997487544908
1s (m=+0),1,0,0,272,1.3658252763843513,1.3658252763843513,0.5103400065814464,0.48585818231621575,0.51409613651329122,0.99950000000000006,6.0256997487544908
1s (m=+0),1,0,0,273,1.3708466928416467,1.3708466928416467,0.50778380013329183,0.48454649917083847,0.51653253953221911,0.99950000000000006,6.0256997487544908
1s (m=+0),1,0,0,274,1.375868109298942,1.375868109298942,0.50524039728924708,0.48322538950139426,0.51896233237656231,0.99950000000000006,6.0256997487544908
1s (m=+0),1,0,0,275,1.3808895257562375,1.3808895257562375,0.50270973391823259,0.48189504403781175,0.52138546819068532,0.99950000000000006,6.0256997487544908
1s (m=+0),1,0,0,276,1.3859109422135329,1.3859109422135329,0.50019174621039109,0.48055565192489214,0.52380190107270663,0.99950000000000006,6.0256997487544908
1s (m=+0),1,0,0,277,1.3909323586708282,1.3909323586708282,0.49768637067547777,0.47920740072209872,0.52621158606653939,0.99950000000000006,6.0256997487544908
1s (m=+0),1,0,0,278,1.3959537751281237,1.3959537751281237,0.4951935441412596,0.4778504764036382,0.52861447915393112,0.99950000000000006,6.0256997487544908
1s (m=+0),1,0,0,279,1.4009751915854192,1.4009751915854192,0.49271320375192273,0.47648506335882501,0.53101053724650371,0.99950000000000006,6.0256997487544908
1s (m=+0),1,0,0,280,1.4059966080427144,1.4059966080427144,0.49024528696648745,0.4751113443927229,0.53339971817779708,0.99950000000000006,6.0256997487544908
1s (m=+0),1,0,0,281,1.4110180245000099,1.4110180245000099,0.48778973155723082,0.47372950072705594,0.53578198069531635,0.99950000000000006,6.0256997487544908
1s (m=+0),1,0,0,282,1.4160394409573054,1.4160394409573054,0.48534647560811844,0.47233971200138369,0.53815728445258393,0.99950000000000006,6.0256997487544908
1s (m=+0),1,0,0,283,1.4210608574146006,1.4210608574146006,0.48291545751324266,0.47094215627453223,0.54052559000119837,0.99950000000000006,6.0256997487544908
1s (m=+0),1,0,0,284,1.4260822738718961,1.4260822738718961,0.48049661597526921,0.46953701002627574,0.54288685878290155,0.99950000000000006,6.0256997487544908
1s (m=+0),1,0,0,285,1.4311036903291916,1.4311036903291916,0.4780898900038919,0.4681244481592618,0.54524105312165383,0.99950000000000006,6.0256997487544908
1s (m=+0),1,0,0,286,1.4361251067864869,1.4361251067864869,0.47569521891429473,0.46670464400117478,0.54758813621572022,0.99950000000000006,6.0256997487544908
1s (m=+0),1,0,0,287,1.4411465232437823,1.4411465232437823,0.47331254232562137,0.46527776930713,0.54992807212976835,0.99950000000000006,6.0256997487544908
1s (m=+0),1,0,0,288,1.4461679397010778,1.4461679397010778,0.47094180015945319,0.46384399426229417,0.55226082578697777,0.99950000000000006,6.0256997487544908
1s (m=+0),1,0,0,289,1.4511893561583731,1.4511893561583731,0.46858293263829415,0.46240348748472471,0.55458636296116415,0.99950000000000006,6.0256997487544908
1s (m=+0),1,0,0,290,1.4562107726156686,1.4562107726156686,0.46623588028406332,0.4609564160284233,0.556904650268918,0.99950000000000006,6.0256997487544908
1s (m=+0),1,0,0,291,1.461232189072964,1.461232189072964,0.4639005839165955,0.45950294538659703,0.55921565516175853,0.99950000000000006,6.0256997487544908
1s (m=+0),1,0,0,292,1.4662536055302593,1.4662536055302593,0.46157698465214908,0.45804323949512316,0.56151934591830532,0.99950000000000006,6.0256997487544908
1s (m=+0),1,0,0,293,1.4712750219875548,1.4712750219875548,0.45926502390192075,0.45657746073620953,0.56381569163646772,0.99950000000000006,6.0256997487544908
1s (m=+0),1,0,0,294,1.4762964384448503,1.4762964384448503,0.45696464337056891,0.45510576994224766,0.56610466222565226,0.99950000000000006,6.0256997487544908
1s (m=+0),1,0,0,295,1.4813178549021457,1.4813178549021457,0.45467578505474315,0.45362832639985107,0.56838622839899111,0.99950000000000006,6.0256997487544908
1s (m=+0),1,0,0,296,1.486339271359441,1.486339271359441,0.45239839124162234,0.45214528785407637,0.57066036166559031,0.99950000000000006,6.0256997487544908
1s (m=+0),1,0,0,297,1.4913606878167365,1.4913606878167365,0.45013240450745862,0.45065681051281847,0.57292703432280057,0.99950000000000006,6.0256997487544908
1s (m=+0),1,0,0,298,1.496382104274032,1.496382104274032,0.44787776771613025,0.44916304905137899,0.57518621944850901,0.99950000000000006,6.0256997487544908
1s (m=+0),1,0,0,299,1.5014035207313272,1.5014035207313272,0.4456344240177007,0.44766415661719877,0.57743789089345621,0.99950000000000006,6.0256997487544908
1s (m=+0),1,0,0,300,1.5064249371886227,1.5064249371886227,0.44340231684698467,0.44616028483475267,0.5796820232735761,0.99950000000000006,6.0256997487544908
1s (m=+0),1,0,0,301,1.5114463536459182,1.5114463536459182,0.4411813899221228,0.44465158381060194,0.58191859196236106,0.99950000000000006,6.0256997487544908
1s (m=+0),1,0,0,302,1.5164677701032134,1.5164677701032134,0.43897158724316176,0.4431382021385965,0.58414757308325305,0.99950000000000006,6.0256997487544908
1s (m=+0),1,0,0,303,1.5214891865605089,1.5214891865605089,0.43677285309064229,0.44162028690522576,0.58636894350206126,0.99950000000000006,6.0256997487544908
1s (m=+0),1,0,0,304,1.5265106030178044,1.5265106030178044,0.43458513202419485,0.4400979836951136,0.58858268081940657,0.99950000000000006,6.0256997487544908
1s (m=+0),1,0,0,305,1.5315320194750996,1.5315320194750996,0.43240836888114109,0.43857143659664899,0.59078876336319419,0.99950000000000006,6.0256997487544908
1s (m=+0),1,0,0,306,1.5365534359323951,1.5365534359323951,0.43024250877510301,0.43704078820775372,0.59298717018111513,0.99950000000000006,6.0256997487544908
1s (m=+0),1,0,0,307,1.5415748523896906,1.5415748523896906,0.42808749709461935,0.43550617964177907,0.59517788103317659,0.99950000000000006,6.0256997487544908
1s (m=+0),1,0,0,308,1.5465962688469859,1.5465962688469859,0.42594327950176847,0.43396775053352804,0.59736087638426238,0.99950000000000006,6.0256997487544908
1s (m=+0),1,0,0,309,1.5516176853042813,1.5516176853042813,0.42380980193079787,0.43242563904539977,0.59953613739672418,0.99950000000000006,6.0256997487544908
1s (m=+0),1,0,0,310,1.5566391017615768,1.5566391017615768,0.42168701058676133,0.43087998187365223,0.60170364592300352,0.99950000000000006,6.0256997487544908
1s (m=+0),1,0,0,311,1.5616605182188721,1.5616605182188721,0.41957485194416272,0.42933091425477926,0.60386338449828547,0.99950000000000006,6.0256997487544908
1s (m=+0),1,0,0,312,1.5666819346761676,1.5666819346761676,0.41747327274560542,0.42777856997199576,0.60601533633318561,0.99950000000000006,6.0256997487544908
1s (m=+0),1,0,0,313,1.571703351133463,1.571703351133463,0.4153822200004505,0.4262230813618319,0.60815948530646824,0.99950000000000006,6.0256997487544908
1s (m=+0),1,0,0,314,1.5767247675907583,1.5767247675907583,0.41330164098348016,0.42466457932082863,0.61029581595779892,0.99950000000000006,6.0256997487544908
1s (m=+0),1,0,0,315,1.5817461840480538,1.5817461840480538,0.4112314832335679,0.42310319331233232,0.61242431348053139,0.99950000000000006,6.0256997487544908
1s (m=+0),1,0,0,316,1.5867676005053493,1.5867676005053493,0.40917169455235652,0.42153905137338599,0.61454496371452727,0.99950000000000006,6.0256997487544908
1s (m=+0),1,0,0,317,1.5917890169626445,1.5917890169626445,0.40712222300294137,0.41997228012171112,0.61665775313901228,0.99950000000000006,6.0256997487544908
1s (m=+0),1,0,0,318,1.59681043341994,1.59681043341994,0.40508301690856074,0.41840300476277997,0.61876266886546671,0.99950000000000006,6.0256997487544908
1s (m=+0),1,0,0,319,1.6018318498772355,1.6018318498772355,0.40305402485129327,0.41683134909697195,0.62085969863055168,0.99950000000000006,6.0256997487544908
1s (m=+0),1,0,0,320,1.606853266334531,1.606853266334531,0.40103519567076129,0.4152574355268131,0.62294883078907215,0.99950000000000006,6.0256997487544908
1s (m=+0),1,0,0,321,1.6118746827918262,1.6118746827918262,0.39902647846284062,0.41368138506429369,0.62503005430697567,0.99950000000000006,6.0256997487544908
1s (m=+0),1,0,0,322,1.6168960992491217,1.6168960992491217,0.39702782257837715,0.41210331733826239,0.62710335875438916,0.99950000000000006,6.0256997487544908
1s (m=+0),1,0,0,323,1.6219175157064172,1.6219175157064172,0.39503917762190999,0.41052335060189288,0.62916873429869158,0.99950000000000006,6.0256997487544908
1s (m=+0),1,0,0,324,1.6269389321637124,1.6269389321637124,0.39306049345040051,0.4089416017402201,0.63122617169762529,0.99950000000000006,6.0256997487544908
1s (m=+0),1,0,0,325,1.6319603486210079,1.6319603486210079,0.3910917201719678,0.40735818627774306,0.63327566229244536,0.99950000000000006,6.0256997487544908
1s (m=+0),1,0,0,326,1.6369817650783034,1.6369817650783034,0.38913280814463119,0.40577321838609287,0.63531719800110675,0.99950000000000006,6.0256997487544908
1s (m=+0),1,0,0,327,1.6420031815355987,1.6420031815355987,0.38718370797505824,0.40418681089176034,0.63735077131149032,0.99950000000000006,6.0256997487544908
1s (m=+0),1,0,0,328,1.6470245979928941,1.6470245979928941,0.38524437051731908,0.402599075283882,0.6393763752746684,0.99950000000000006,6.0256997487544908
1s (m=+0),1,0,0,329,1.6520460144501896,1.6520460144501896,0.38331474687164774,0.40101012172208339,0.6413940034982083,0.99950000000000006,6.0256997487544908
1s (m=+0),1,0,0,330,1.6570674309074849,1.6570674309074849,0.38139478838320889,0.39942005904437317,0.6434036501395165,0.99950000000000006,6.0256997487544908
1s (m=+0),1,0,0,331,1.6620888473647804,1.6620888473647804,0.37948444664087067,0.39782899477508848,0.64540530989922262,0.99950000000000006,6.0256997487544908
1s (m=+0),1,0,0,332,1.6671102638220758,1.6671102638220758,0.37758367347598465,0.39623703513288883,0.64739897801460222,0.99950000000000006,6.0256997487544908
1s (m=+0),1,0,0,333,1.6721316802793711,1.6721316802793711,0.375692420961171,0.39464428503879434,0.64938465025304093,0.99950000000000006,6.0256997487544908
1s (m=+0),1,0,0,334,1.6771530967366666,1.6771530967366666,0.37381064140910975,0.39305084812426616,0.65136232290553919,0.99950000000000006,6.0256997487544908
1s (m=+0),1,0,0,335,1.6821745131939621,1.6821745131939621,0.37193828737133894,0.39145682673933024,0.65333199278025655,0.99950000000000006,6.0256997487544908
1s (m=+0),1,0,0,336,1.6871959296512573,1.6871959296512573,0.37007531163705776,0.38986232196073528,0.65529365719609778,0.99950000000000006,6.0256997487544908
1s (m=+0),1,0,0,337,1.6922173461085528,1.6922173461085528,0.36822166723193606,0.38826743360014943,0.65724731397634018,0.99950000000000006,6.0256997487544908
1s (m=+0),1,0,0,338,1.6972387625658483,1.6972387625658483,0.36637730741693048,0.38667226021239015,0.65919296144230111,0.99950000000000006,6.0256997487544908
1s (m=+0),1,0,0,339,1.7022601790231435,1.7022601790231435,0.3645421856871055,0.38507689910368426,0.66113059840704791,0.99950000000000006,6.0256997487544908
1s (m=+0),1,0,0,340,1.707281595480439,1.707281595480439,0.36271625577046079,0.38348144633995807,0.66306022416914911,0.99950000000000006,6.0256997487544908
1s (m=+0),1,0,0,341,1.7123030119377345,1.7123030119377345,0.36089947162676467,0.38188599675515489,0.66498183850646708,0.99950000000000006,6.0256997487544908
1s (m=+0),1,0,0,342,1.7173244283950297,1.7173244283950297,0.35909178744639336,0.38029064395957779,0.66689544166999259,0.99950000000000006,6.0256997487544908
1s (m=+0),1,0,0,343,1.7223458448523252,1.7223458448523252,0.35729315764917535,0.37869548034825407,0.66880103437772176,0.99950000000000006,6.0256997487544908
1s (m=+0),1,0,0,344,1.7273672613096207,1.7273672613096207,0.35550353688324277,0.3771005971093227,0.6706986178085742,0.99950000000000006,6.0256997487544908
1s (m=+0),1,0,0,345,1.732388677766916,1.732388677766916,0.35372288002388752,0.37550608423244003,0.67258819359635413,0.99950000000000006,6.0256997487544908
1s (m=+0),1,0,0,346,1.7374100942242114,1.7374100942242114,0.35195114217242324,0.37391203051720218,0.67446976382375379,0.99950000000000006,6.0256997487544908
1s (m=+0),1,0,0,347,1.7424315106815069,1.7424315106815069,0.35018827865505381,0.37231852358158546,0.67634333101639799,0.99950000000000006,6.0256997487544908
1s (m=+0),1,0,0,348,1.7474529271388024,1.7474529271388024,0.34843424502174636,0.3707256498703968,0.67820889813693264,0.99950000000000006,6.0256997487544908
1s (m=+0),1,0,0,349,1.7524743435960977,1.7524743435960977,0.34668899704511086,0.36913349466373985,0.68006646857915465,0.99950000000000006,6.0256997487544908
1s (m=+0),1,0,0,350,1.7574957600533931,1.7574957600533931,0.34495249071928452,0.36754214208548841,0.68191604616218526,0.99950000000000006,6.0256997487544908
1s (m=+0),1,0,0,351,1.7625171765106886,1.7625171765106886,0.34322468225882258,0.36595167511177035,0.68375763512468468,0.99950000000000006,6.0256997487544908
1s (m=+0),1,0,0,352,1.7675385929679839,1.7675385929679839,0.34150552809759432,0.36436217557945816,0.68559124011911043,0.99950000000000006,6.0256997487544908
1s (m=+0),1,0,0,353,1.7725600094252794,1.7725600094252794,0.33979498488768395,0.36277372419466331,0.6874168662060185,0.99950000000000006,6.0256997487544908
1s (m=+0),1,0,0,354,1.7775814258825748,1.7775814258825748,0.3380930094982984,0.36118640054123691,0.68923451884840581,0.99950000000000006,6.0256997487544908
1s (m=+0),1,0,0,355,1.7826028423398701,1.7826028423398701,0.33639955901467933,0.35960028308927067,0.69104420390609655,0.99950000000000006,6.0256997487544908
1s (m=+0),1,0,0,356,1.7876242587971656,1.7876242587971656,0.33471459073702103,0.35801544920359951,0.69284592763017139,0.99950000000000006,6.0256997487544908
1s (m=+0),1,0,0,357,1.7926456752544611,1.7926456752544611,0.33303806217939391,0.35643197515230329,0.69463969665743797,0.99950000000000006,6.0256997487544908
1s (m=+0),1,0,0,358,1.7976670917117563,1.7976670917117563,0.33136993106867341,0.35484993611520682,0.69642551800494557,0.99950000000000006,6.0256997487544908
1s (m=+0),1,0,0,359,1.8026885081690518,1.8026885081690518,0.32971015534347342,0.35326940619237535,0.69820339906454187,0.99950000000000006,6.0256997487544908
1s (m=+0),1,0,0,360,1.8077099246263473,1.8077099246263473,0.32805869315308661,0.3516904584126071,0.69997334759747198,0.99950000000000006,6.0256997487544908
1s (m=+0),1,0,0,361,1.8127313410836425,1.8127313410836425,0.32641550285642851,0.35011316474191767,0.70173537172902078,0.99950000000000006,6.0256997487544908
1s (m=+0),1,0,0,362,1.817752757540938,1.817752757540938,0.3247805430209878,0.34853759609201851,0.70348947994319755,0.99950000000000006,6.0256997487544908
1s (m=+0),1,0,0,363,1.8227741739982335,1.8227741739982335,0.32315377242178162,0.34696382232878592,0.70523568107746282,0.99950000000000006,6.0256997487544908
1s (m=+0),1,0,0,364,1.8277955904555288,1.8277955904555288,0.32153515004031608,0.34539191228072053,0.70697398431749825,0.99950000000000006,6.0256997487544908
1s (m=+0),1,0,0,365,1.8328170069128242,1.8328170069128242,0.31992463506355179,0.34382193374739561,0.708704399192019,0.99950000000000006,6.0256997487544908
1s (m=+0),1,0,0,366,1.8378384233701197,1.8378384233701197,0.31832218688287517,0.34225395350789339,0.7104269355676277,0.99950000000000006,6.0256997487544908
1s (m=+0),1,0,0,367,1.842859839827415,1.842859839827415,0.31672776509307415,0.34068803732922748,0.71214160364371148,0.99950000000000006,6.0256997487544908
1s (m=+0),1,0,0,368,1.8478812562847104,1.8478812562847104,0.31514132949131951,0.33912424997475132,0.71384841394738141,0.99950000000000006,6.0256997487544908
1s (m=+0),1,0,0,369,1.8529026727420059,1.8529026727420059,0.31356284007615126,0.33756265521255124,0.7155473773284533,0.99950000000000006,6.0256997487544908
1s (m=+0),1,0,0,370,1.8579240891993012,1.8579240891993012,0.31199225704646993,0.33600331582382226,0.71723850495447139,0.99950000000000006,6.0256997487544908
1s (m=+0),1,0,0,371,1.8629455056565967,1.8629455056565967,0.31042954080053281,0.33444629361122685,0.71892180830577368,0.99950000000000006,6.0256997487544908
1s (m=+0),1,0,0,372,1.8679669221138921,1.8679669221138921,0.30887465193495584,0.33289164940723537,0.720597299170599,0.99950000000000006,6.0256997487544908
1s (m=+0),1,0,0,373,1.8729883385711876,1.8729883385711876,0.30732755124371963,0.33133944308244589,0.72226498964023655,0.99950000000000006,6.0256997487544908
1s (m=+0),1,0,0,374,1.8780097550284829,1.8780097550284829,0.30578819971718135,0.32978973355388524,0.7239248921042164,0.99950000000000006,6.0256997487544908
1s (m=+0),1,0,0,375,1.8830311714857784,1.8830311714857784,0.30425655854109046,0.32824257879328644,0.72557701924554252,0.99950000000000006,6.0256997487544908
1s (m=+0),1,0,0,376,1.8880525879430738,1.8880525879430738,0.30273258909561068,0.32669803583534629,0.72722138403596626,0.99950000000000006,6.0256997487544908
1s (m=+0),1,0,0,377,1.8930740044003691,1.8930740044003691,0.30121625295434606,0.32515616078595827,0.72885799973130183,0.99950000000000006,6.0256997487544908
1s (m=+0),1,0,0,378,1.8980954208576646,1.8980954208576646,0.29970751188337147,0.32361700883042116,0.73048687986678351,0.99950000000000006,6.0256997487544908
1s (m=+0),1,0,0,379,1.9031168373149601,1.9031168373149601,0.29820632784026946,0.32208063424162486,0.73210803825246296,0.99950000000000006,6.0256997487544908
1s (m=+0),1,0,0,380,1.9081382537722553,1.9081382537722553,0.2967126629731705,0.32054709038820844,0.73372148896864819,0.99950000000000006,6.0256997487544908
1s (m=+0),1,0,0,381,1.9131596702295508,1.9131596702295508,0.29522647961979848,0.31901642974269301,0.7353272463613838,0.99950000000000006,6.0256997487544908
1s (m=+0),1,0,0,382,1.9181810866868463,1.9181810866868463,0.29374774030652134,0.31748870388958739,0.73692532503797092,0.99950000000000006,6.0256997487544908
1s (m=+0),1,0,0,383,1.9232025031441415,1.9232025031441415,0.29227640774740615,0.3159639635334659,0.73851573986252872,0.99950000000000006,6.0256997487544908
1s (m=+0),1,0,0,384,1.928223919601437,1.928223919601437,0.29081244484327873,0.31444225850701746,0.74009850595159654,0.99950000000000006,6.0256997487544908
1s (m=+0),1,0,0,385,1.9332453360587325,1.9332453360587325,0.28935581468078853,0.3129236377790659,0.74167363866977498,0.99950000000000006,6.0256997487544908
1s (m=+0),1,0,0,386,1.9382667525160278,1.9382667525160278,0.28790648053147766,0.31140814946256012,0.74324115362540877,0.99950000000000006,6.0256997487544908
1s (m=+0),1,0,0,387,1.9432881689733232,1.9432881689733232,0.28646440585085475,0.30989584082253369,0.74480106666630919,0.99950000000000006,6.0256997487544908
1s (m=+0),1,0,0,388,1.9483095854306187,1.9483095854306187,0.28502955427747362,0.30838675828403361,0.7463533938755158,0.99950000000000006,6.0256997487544908
1s (m=+0),1,0,0,389,1.953331001887914,1.953331001887914,0.28360188963201655,0.30688094744001776,0.74789815156709838,0.99950000000000006,6.0256997487544908
1s (m=+0),1,0,0,390,1.9583524183452095,1.9583524183452095,0.28218137591638154,0.30537845305921862,0.74943535628199875,0.99950000000000006,6.0256997487544908
1s (m=+0),1,0,0,391,1.9633738348025049,1.9633738348025049,0.28076797731277536,0.30387931909397647,0.75096502478391136,0.99950000000000006,6.0256997487544908
1s (m=+0),1,0,0,392,1.9683952512598002,1.9683952512598002,0.27936165818280989,0.30238358868803678,0.75248717405520349,0.99950000000000006,6.0256997487544908
1s (m=+0),1,0,0,393,1.9734166677170957,1.9734166677170957,0.27796238306660348,0.30089130418431509,0.75400182129287474,0.99950000000000006,6.0256997487544908
1s (m=+0),1,0,0,394,1.9784380841743912,1.9784380841743912,0.27657011668188713,0.29940250713262762,0.75550898390455445,0.99950000000000006,6.0256997487544908
1s (m=+0),1,0,0,395,1.9834595006316864,1.9834595006316864,0.27518482392311483,0.29791723829738626,0.75700867950453932,0.99950000000000006,6.0256997487544908
1s (m=+0),1,0,0,396,1.9884809170889819,1.9884809170889819,0.27380646986057816,0.29643553766525876,0.7585009259098684,0.99950000000000006,6.0256997487544908
1s (m=+0),1,0,0,397,1.9935023335462774,1.9935023335462774,0.27243501973952566,0.29495744445279232,0.75998574113643669,0.99950000000000006,6.0256997487544908
1s (m=+0),1,0,0,398,1.9985237500035729,1.9985237500035729,0.27107043897928668,0.2934829971140025,0.76146314339514753,0.99950000000000006,6.0256997487544908
1s (m=+0),1,0,0,399,2.0035451664608681,2.0035451664608681,0.2697126931723991,0.29201223334792326,0.76293315108810222,0.99950000000000006,6.0256997487544908
1s (m=+0),1,0,0,400,2.0085665829181636,2.0085665829181636,0.26836174808374208,0.29054519010612218,0.76439578280482812,0.99950000000000006,6.0256997487544908
1s (m=+0),1,0,0,401,2.0135879993754591,2.0135879993754591,0.26701756964967249,0.28908190360017599,0.76585105731854375,0.99950000000000006,6.0256997487544908
1s (m=+0),1,0,0,402,2.0186094158327546,2.0186094158327546,0.26568012397716645,0.28762240930911082,0.76729899358246179,0.99950000000000006,6.0256997487544908
1s (m=+0),1,0,0,403,2.0236308322900496,2.0236308322900496,0.26434937734296449,0.28616674198680198,0.76873961072612906,0.99950000000000006,6.0256997487544908
1s (m=+0),1,0,0,404,2.0286522487473451,2.0286522487473451,0.2630252961927208,0.28471493566933531,0.7701729280518046,0.99950000000000006,6.0256997487544908
1s (m=+0),1,0,0,405,2.0336736652046405,2.0336736652046405,0.26170784714015805,0.28326702368233214,0.77159896503087233,0.99950000000000006,6.0256997487544908
1s (m=+0),1,0,0,406,2.038695081661936,2.038695081661936,0.26039699696622493,0.28182303864823216,0.77301774130029277,0.99950000000000006,6.0256997487544908
1s (m=+0),1,0,0,407,2.0437164981192315,2.0437164981192315,0.25909271261825872,0.28038301249353814,0.77442927665909,0.99950000000000006,6.0256997487544908
1s (m=+0),1,0,0,408,2.048737914576527,2.048737914576527,0.25779496120915191,0.27894697645602051,0.77583359106487515,0.99950000000000006,6.0256997487544908
1s (m=+0),1,0,0,409,2.053759331033822,2.053759331033822,0.256503710016523,0.27751496109188284,0.77723070463040578,0.99950000000000006,6.0256997487544908
1s (m=+0),1,0,0,410,2.0587807474911175,2.0587807474911175,0.25521892648189104,0.27608699628288474,0.77862063762018208,0.99950000000000006,6.0256997487544908
1s (m=+0),1,0,0,411,2.063802163948413,2.063802163948413,0.25394057820985533,0.27466311124342752,0.78000341044707699,0.99950000000000006,6.0256997487544908
1s (m=+0),1,0,0,412,2.0688235804057085,2.0688235804057085,0.25266863296727804,0.27324333452759525,0.78137904366900346,0.99950000000000006,6.0256997487544908
1s (m=+0),1,0,0,413,2.0738449968630039,2.0738449968630039,0.2514030586824717,0.27182769403615809,0.78274755798561602,0.99950000000000006,6.0256997487544908
1s (m=+0),1,0,0,414,2.0788664133202994,2.0788664133202994,0.25014382344439057,0.27041621702353252,0.78410897423504766,0.99950000000000006,6.0256997487544908
1s (m=+0),1,0,0,415,2.0838878297775949,2.0838878297775949,0.2488908955018258,0.26900893010470045,0.78546331339068198,0.99950000000000006,6.0256997487544908
1s (m=+0),1,0,0,416,2.0889092462348899,2.0889092462348899,0.24764424326260509,0.2676058592620868,0.78681059655795915,0.99950000000000006,6.0256997487544908
1s (m=+0),1,0,0,417,2.0939306626921854,2.0939306626921854,0.24640383529279566,0.2662070298523953,0.78815084497121712,0.99950000000000006,6.0256997487544908
1s (m=+0),1,0,0,418,2.0989520791494809,2.0989520791494809,0.24516964031591226,0.26481246661340241,0.78948407999056613,0.99950000000000006,6.0256997487544908
1s (m=+0),1,0,0,419,2.1039734956067764,2.1039734956067764,0.24394162721212817,0.26342219367070902,0.7908103230987984,0.99950000000000006,6.0256997487544908
1s (m=+0),1,0,0,420,2.1089949120640719,2.1089949120640719,0.2427197650174906,0.26203623454444946,0.79212959589833054,0.99950000000000006,6.0256997487544908
1s (m=+0),1,0,0,421,2.1140163285213673,2.1140163285213673,0.24150402292313991,0.26065461215595859,0.79344192010818015,0.99950000000000006,6.0256997487544908
1s (m=+0),1,0,0,422,2.1190377449786624,2.1190377449786624,0.24029437027453293,0.25927734883439629,0.7947473175609755,0.99950000000000006,6.0256997487544908
1s (m=+0),1,0,0,423,2.1240591614359579,2.1240591614359579,0.2390907765706696,0.25790446632332842,0.79604581019999898,0.99950000000000006,6.0256997487544908
1s (m=+0),1,0,0,424,2.1290805778932533,2.1290805778932533,0.23789321146332446,0.25653598578726672,0.79733742007626229,0.99950000000000006,6.0256997487544908
1s (m=+0),1,0,0,425,2.1341019943505488,2.1341019943505488,0.23670164475628108,0.25517192781816411,0.79862216934561558,0.99950000000000006,6.0256997487544908
1s (m=+0),1,0,0,426,2.1391234108078443,2.1391234108078443,0.23551604640457077,0.25381231244186786,0.79990008026588844,0.99950000000000006,6.0256997487544908
1s (m=+0),1,0,0,427,2.1441448272651398,2.1441448272651398,0.23433638651371494,0.25245715912452971,0.80117117519406333,0.99950000000000006,6.0256997487544908
1s (m=+0),1,0,0,428,2.1491662437224348,2.1491662437224348,0.2331626353389715,0.25110648677897257,0.80243547658348102,0.99950000000000006,6.0256997487544908
1s (m=+0),1,0,0,429,2.1541876601797303,2.1541876601797303,0.2319947632845844,0.24976031377101388,0.80369300698107837,0.99950000000000006,6.0256997487544908
1s (m=+0),1,0,0,430,2.1592090766370258,2.1592090766370258,0.23083274090303807,0.24841865792574683,0.80494378902465669,0.99950000000000006,6.0256997487544908
1s (m=+0),1,0,0,431,2.1642304930943213,2.1642304930943213,0.22967653889431436,0.24708153653377679,0.80618784544018274,0.99950000000000006,6.0256997487544908
1s (m=+0),1,0,0,432,2.1692519095516167,2.1692519095516167,0.22852612810515399,0.24574896635741536,0.80742519903912024,0.99950000000000006,6.0256997487544908
1s (m=+0),1,0,0,433,2.1742733260089122,2.1742733260089122,0.22738147952832138,0.24442096363683086,0.80865587271579253,0.99950000000000006,6.0256997487544908
1s (m=+0),1,0,0,434,2.1792947424662072,2.1792947424662072,0.22624256430187342,0.24309754409615558,0.80987988944477574,0.99950000000000006,6.0256997487544908
1s (m=+0),1,0,0,435,2.1843161589235027,2.1843161589235027,0.22510935370843119,0.24177872294954861,0.8110972722783234,0.99950000000000006,6.0256997487544908
1s (m=+0),1,0,0,436,2.1893375753807982,2.1893375753807982,0.22398181917445661,0.24046451490721757,0.81230804434382009,0.99950000000000006,6.0256997487544908
1s (m=+0),1,0,0,437,2.1943589918380937,2.1943589918380937,0.22285993226953146,0.23915493418139422,0.81351222884126639,0.99950000000000006,6.0256997487544908
1s (m=+0),1,0,0,438,2.1993804082953892,2.1993804082953892,0.22174366470564069,0.23784999449226862,0.81470984904079291,0.99950000000000006,6.0256997487544908
1s (m=+0),1,0,0,439,2.2044018247526846,2.2044018247526846,0.22063298833645911,0.23654970907387926,0.81590092828020444,0.99950000000000006,6.0256997487544908
1s (m=+0),1,0,0,440,2.2094232412099801,2.2094232412099801,0.21952787515664168,0.23525409067995931,0.8170854899625537,0.99950000000000006,6.0256997487544908
1s (m=+0),1,0,0,441,2.2144446576672752,2.2144446576672752,0.21842829730111749,0.23396315158974076,0.81826355755374358,0.99950000000000006,6.0256997487544908
1s (m=+0),1,0,0,442,2.2194660741245706,2.2194660741245706,0.21733422704438674,0.23267690361371382,0.81943515458015947,0.99950000000000006,6.0256997487544908
1s (m=+0),1,0,0,443,2.2244874905818661,2.2244874905818661,0.21624563679982223,0.23139535809934436,0.8206003046263296,0.99950000000000006,6.0256997487544908
1s (m=+0),1,0,0,444,2.2295089070391616,2.2295089070391616,0.21516249911897342,0.23011852593674736,0.82175903133261419,0.99950000000000006,6.0256997487544908
1s (m=+0),1,0,0,445,2.2345303234964571,2.2345303234964571,0.21408478669087438,0.22884641756431728,0.82291135839292318,0.99950000000000006,6.0256997487544908
1s (m=+0),1,0,0,446,2.2395517399537526,2.2395517399537526,0.21301247234135517,0.22757904297431558,0.82405730955246181,0.99950000000000006,6.0256997487544908
1s (m=+0),1,0,0,447,2.2445731564110476,2.2445731564110476,0.21194552903235678,0.22631641171841513,0.82519690860550454,0.99950000000000006,6.0256997487544908
1s (m=+0),1,0,0,448,2.2495945728683431,2.2495945728683431,0.21088392986124893,0.22505853291320116,0.82633017939319653,0.99950000000000006,6.0256997487544908
1s (m=+0),1,0,0,449,2.2546159893256386,2.2546159893256386,0.20982764806015233,0.22380541524563,0.82745714580138219,0.99950000000000006,6.0256997487544908
1s (m=+0),1,0,0,450,2.259637405782934,2.259637405782934,0.20877665699526338,0.22255706697844491,0.82857783175846178,0.99950000000000006,6.0256997487544908
1s (m=+0),1,0,0,451,2.2646588222402295,2.2646588222402295,0.20773093016618266,0.22131349595554847,0.82969226123327466,0.99950000000000006,6.0256997487544908
1s (m=+0),1,0,0,452,2.269680238697525,2.269680238697525,0.20669044120524677,0.22007470960733294,0.83080045823300941,0.99950000000000006,6.0256997487544908
1s (m=+0),1,0,0,453,2.27470165515482,2.27470165515482,0.20565516387686356,0.21884071495596832,0.83190244680114078,0.99950000000000006,6.0256997487544908
1s (m=+0),1,0,0,454,2.2797230716121155,2.2797230716121155,0.20462507207685016,0.21761151862064651,0.83299825101539327,0.99950000000000006,6.0256997487544908
1s (m=+0),1,0,0,455,2.284744488069411,2.284744488069411,0.2036001398317755,0.21638712682278533,0.83408789498573011,0.99950000000000006,6.0256997487544908
1s (m=+0),1,0,0,456,2.2897659045267065,2.2897659045267065,0.20258034129830485,0.21516754539118821,0.83517140285236913,0.99950000000000006,6.0256997487544908
1s (m=+0),1,0,0,457,2.294787320984002,2.294787320984002,0.2015656507625484,0.2139527797671629,0.83624879878382419,0.99950000000000006,6.0256997487544908
1s (m=+0),1,0,0,458,2.2998087374412974,2.2998087374412974,0.20055604263941282,0.21274283500959784,0.83732010697497206,0.99950000000000006,6.0256997487544908
1s (m=+0),1,0,0,459,2.3048301538985925,2.3048301538985925,0.19955149147195625,0.21153771579999647,0.83838535164514483,0.99950000000000006,6.0256997487544908
1s (m=+0),1,0,0,460,2.309851570355888,2.309851570355888,0.19855197193074609,0.21033742644746981,0.83944455703624743,0.99950000000000006,6.0256997487544908
1s (m=+0),1,0,0,461,2.3148729868131834,2.3148729868131834,0.19755745881322084,0.2091419708936878,0.84049774741090011,0.99950000000000006,6.0256997487544908
1s (m=+0),1,0,0,462,2.3198944032704789,2.3198944032704789,0.1965679270430542,0.20795135271778825,0.84154494705060545,0.99950000000000006,6.0256997487544908
1s (m=+0),1,0,0,463,2.3249158197277744,2.3249158197277744,0.19558335166952304,0.20676557514124527,0.84258618025394061,0.99950000000000006,6.0256997487544908
1s (m=+0),1,0,0,464,2.3299372361850699,2.3299372361850699,0.19460370786687803,0.20558464103269589,0.84362147133477317,0.99950000000000006,6.0256997487544908
1s (m=+0),1,0,0,465,2.3349586526423654,2.3349586526423654,0.19362897093371795,0.20440855291272558,0.84465084462050155,0.99950000000000006,6.0256997487544908
1s (m=+0),1,0,0,466,2.3399800690996604,2.3399800690996604,0.19265911629236665,0.20323731295861308,0.84567432445031887,0.99950000000000006,6.0256997487544908
1s (m=+0),1,0,0,467,2.3450014855569559,2.3450014855569559,0.19169411948825327,0.20207092300903412,0.8466919351735015,0.99950000000000006,6.0256997487544908
1s (m=+0),1,0,0,468,2.3500229020142513,2.3500229020142513,0.19073395618929587,0.20090938456872451,0.84770370114771998,0.99950000000000006,6.0256997487544908
1s (m=+0),1,0,0,469,2.3550443184715468,2.3550443184715468,0.18977860218528775,0.19975269881310284,0.84870964673737392,0.99950000000000006,6.0256997487544908
1s (m=+0),1,0,0,470,2.3600657349288423,2.3600657349288423,0.18882803338728704,0.19860086659285275,0.84970979631194987,0.99950000000000006,6.0256997487544908
1s (m=+0),1,0,0,471,2.3650871513861378,2.3650871513861378,0.18788222582700931,0.19745388843846487,0.85070417424440203,0.99950000000000006,6.0256997487544908
1s (m=+0),1,0,0,472,2.3701085678434328,2.3701085678434328,0.18694115565622316,0.19631176456473864,0.8516928049095559,0.99950000000000006,6.0256997487544908
1s (m=+0),1,0,0,473,2.3751299843007283,2.3751299843007283,0.18600479914614884,0.19517449487524449,0.85267571268253439,0.99950000000000006,6.0256997487544908
1s (m=+0),1,0,0,474,2.3801514007580238,2.3801514007580238,0.18507313268686018,0.19404207896674627,0.85365292193720554,0.99950000000000006,6.0256997487544908
1s (m=+0),1,0,0,475,2.3851728172153193,2.3851728172153193,0.18414613278668909,0.19291451613358393,0.85462445704465351,0.99950000000000006,6.0256997487544908
1s (m=+0),1,0,0,476,2.3901942336726147,2.3901942336726147,0.1832237760716332,0.19179180537201673,0.85559034237167042,0.99950000000000006,6.0256997487544908
1s (m=+0),1,0,0,477,2.3952156501299102,2.3952156501299102,0.1823060392847666,0.19067394538452787,0.85655060227927082,0.99950000000000006,6.0256997487544908
1s (m=+0),1,0,0,478,2.4002370665872053,2.4002370665872053,0.18139289928565344,0.18956093458408932,0.85750526112122682,0.99950000000000006,6.0256997487544908
1s (m=+0),1,0,0,479,2.4052584830445007,2.4052584830445007,0.18048433304976411,0.18845277109838779,0.85845434324262548,0.99950000000000006,6.0256997487544908
1s (m=+0),1,0,0,480,2.4102798995017962,2.4102798995017962,0.17958031766789523,0.18734945277401319,0.85939787297844605,0.99950000000000006,6.0256997487544908
1s (m=+0),1,0,0,481,2.4153013159590917,2.4153013159590917,0.17868083034559168,0.18625097718060718,0.86033587465215944,0.99950000000000006,6.0256997487544908
1s (m=+0),1,0,0,482,2.4203227324163872,2.4203227324163872,0.17778584840257186,0.18515734161497396,0.86126837257434774,0.99950000000000006,6.0256997487544908
1s (m=+0),1,0,0,483,2.4253441488736827,2.4253441488736827,0.17689534927215583,0.18406854310515325,0.86219539104134435,0.99950000000000006,6.0256997487544908
1s (m=+0),1,0,0,484,2.4303655653309777,2.4303655653309777,0.17600931050069646,0.18298457841445487,0.86311695433389435,0.99950000000000006,6.0256997487544908
1s (m=+0),1,0,0,485,2.4353869817882732,2.4353869817882732,0.17512770974701281,0.18190544404545558,0.8640330867158359,0.99950000000000006,6.0256997487544908
1s (m=+0),1,0,0,486,2.4404083982455687,2.4404083982455687,0.17425052478182743,0.18083113624395897,0.86494381243280005,0.99950000000000006,6.0256997487544908
1s (m=+0),1,0,0,487,2.4454298147028641,2.4454298147028641,0.17337773348720542,0.17976165100291719,0.86584915571093179,0.99950000000000006,6.0256997487544908
1s (m=+0),1,0,0,488,2.4504512311601596,2.4504512311601596,0.17250931385599688,0.17869698406631609,0.86674914075562992,0.99950000000000006,6.0256997487544908
1s (m=+0),1,0,0,489,2.4554726476174551,2.4554726476174551,0.171645243991282,0.17763713093302302,0.8676437917503067,0.99950000000000006,6.0256997487544908
1s (m=+0),1,0,0,490,2.4604940640747506,2.4604940640747506,0.17078550210581891,0.17658208686059809,0.86853313285516631,0.99950000000000006,6.0256997487544908
1s (m=+0),1,0,0,491,2.4655154805320456,2.4655154805320456,0.16993006652149442,0.17553184686906884,0.86941718820600289,0.99950000000000006,6.0256997487544908
1s (m=+0),1,0,0,492,2.4705368969893411,2.4705368969893411,0.16907891566877706,0.17448640574466806,0.87029598191301705,0.99950000000000006,6.0256997487544908
1s (m=+0),1,0,0,493,2.4755583134466366,2.4755583134466366,0.16823202808617377,0.17344575804353649,0.87116953805965136,0.99950000000000006,6.0256997487544908
1s (m=+0),1,0,0,494,2.4805797299039321,2.4805797299039321,0.16738938241968834,0.17240989809538837,0.87203788070144372,0.99950000000000006,6.0256997487544908
1s (m=+0),1,0,0,495,2.4856011463612275,2.4856011463612275,0.16655095742228315,0.17137882000714205,0.87290103386490003,0.99950000000000006,6.0256997487544908
1s (m=+0),1,0,0,496,2.490622562818523,2.490622562818523,0.16571673195334333,0.17035251766651438,0.87375902154638407,0.99950000000000006,6.0256997487544908
1s (m=+0),1,0,0,497,2.495643979275818,2.495643979275818,0.16488668497814388,0.1693309847455805,0.87461186771102595,0.99950000000000006,6.0256997487544908
1s (m=+0),1,0,0,498,2.5006653957331135,2.5006653957331135,0.1640607955673189,0.16831421470429753,0.87545959629164816,0.99950000000000006,6.0256997487544908
1s (m=+0),1,0,0,499,2.505686812190409,2.505686812190409,0.1632390428963344,0.1673022007939943,0.876302231187709,0.99950000000000006,6.0256997487544908
1s (m=+0),1,0,0,500,2.5107082286477045,2.5107082286477045,0.16242140624496285,0.16629493606082565,0.87713979626426375,0.99950000000000006,6.0256997487544908
1s (m=+0),1,0,0,501,2.515729645105,2.515729645105,0.1616078649967608,0.16529241334919231,0.877972315350943,0.99950000000000006,6.0256997487544908
1s (m=+0),1,0,0,502,2.5207510615622954,2.5207510615622954,0.16079839863854911,0.1642946253051267,0.87879981224094805,0.99950000000000006,6.0256997487544908
1s (m=+0),1,0,0,503,2.5257724780195905,2.5257724780195905,0.15999298675989571,0.16330156437964444,0.87962231069006314,0.99950000000000006,6.0256997487544908
1s (m=+0),1,0,0,504,2.530793894476886,2.530793894476886,0.15919160905260071,0.16231322283206176,0.88043983441568496,0.99950000000000006,6.0256997487544908
1s (m=+0),1,0,0,505,2.5358153109341814,2.5358153109341814,0.15839424531018478,0.16132959273327963,0.88125240709586761,0.99950000000000006,6.0256997487544908
1s (m=+0),1,0,0,506,2.5408367273914769,2.5408367273914769,0.1576008754273793,0.16035066596903411,0.88206005236838503,0.99950000000000006,6.0256997487544908
1s (m=+0),1,0,0,507,2.5458581438487724,2.5458581438487724,0.15681147939961956,0.15937643424311349,0.88286279382980937,0.99950000000000006,6.0256997487544908
1s (m=+0),1,0,0,508,2.5508795603060679,2.5508795603060679,0.15602603732254031,0.15840688908054246,0.88366065503460511,0.99950000000000006,6.0256997487544908
1s (m=+0),1,0,0,509,2.5559009767633629,2.5559009767633629,0.15524452939147398,0.15744202183073336,0.88445365949423937,0.99950000000000006,6.0256997487544908
1s (m=+0),1,0,0,510,2.5609223932206584,2.5609223932206584,0.15446693590095095,0.15648182367060423,0.88524183067630835,0.99950000000000006,6.0256997487544908
1s (m=+0),1,0,0,511,2.5659438096779539,2.5659438096779539,0.15369323724420322,0.15552628560766593,0.88602519200367813,0.99950000000000006,6.0256997487544908
1s (m=+0),1,0,0,512,2.5709652261352494,2.5709652261352494,0.15292341391266967,0.15457539848307539,0.88680376685364226,0.99950000000000006,6.0256997487544908
1s (m=+0),1,0,0,513,2.5759866425925448,2.5759866425925448,0.15215744649550425,0.15362915297465779,0.88757757855709385,0.99950000000000006,6.0256997487544908
1s (m=+0),1,0,0,514,2.5810080590498403,2.5810080590498403,0.15139531567908654,0.15268753959989667,0.88834665039771299,0.99950000000000006,6.0256997487544908
1s (m=+0),1,0,0,515,2.5860294755071358,2.5860294755071358,0.15063700224653476,0.1517505487188926,0.88911100561116874,0.99950000000000006,6.0256997487544908
1s (m=+0),1,0,0,516,2.5910508919644308,2.5910508919644308,0.14988248707722129,0.15081817053729038,0.88987066738433662,0.99950000000000006,6.0256997487544908
1s (m=+0),1,0,0,517,2.5960723084217263,2.5960723084217263,0.14913175114629032,0.14989039510917493,0.89062565885453004,0.99950000000000006,6.0256997487544908
1s (m=+0),1,0,0,518,2.6010937248790218,2.6010937248790218,0.1483847755241785,0.14896721233993693,0.89137600310874654,0.99950000000000006,6.0256997487544908
1s (m=+0),1,0,0,519,2.6061151413363173,2.6061151413363173,0.14764154137613736,0.14804861198910671,0.89212172318292804,0.99950000000000006,6.0256997487544908
1s (m=+0),1,0,0,520,2.6111365577936128,2.6111365577936128,0.1469020299617585,0.14713458367315857,0.89286284206123578,0.99950000000000006,6.0256997487544908
1s (m=+0),1,0,0,521,2.6161579742509082,2.6161579742509082,0.14616622263450105,0.14622511686828421,0.89359938267533878,0.99950000000000006,6.0256997487544908
1s (m=+0),1,0,0,522,2.6211793907082033,2.6211793907082033,0.14543410084122155,0.14532020091313652,0.89433136790371626,0.99950000000000006,6.0256997487544908
1s (m=+0),1,0,0,523,2.6262008071654988,2.6262008071654988,0.14470564612170594,0.14441982501154293,0.89505882057097397,0.99950000000000006,6.0256997487544908
1s (m=+0),1,0,0,524,2.6312222236227942,2.6312222236227942,0.14398084010820433,0.1435239782351897,0.89578176344717364,0.99950000000000006,6.0256997487544908
1s (m=+0),1,0,0,525,2.6362436400800897,2.6362436400800897,0.1432596645249678,0.14263264952627663,0.89650021924717649,0.99950000000000006,6.0256997487544908
1s (m=+0),1,0,0,526,2.6412650565373852,2.6412650565373852,0.14254210118778754,0.14174582770014232,0.89721421062999918,0.99950000000000006,6.0256997487544908
1s (m=+0),1,0,0,527,2.6462864729946807,2.6462864729946807,0.14182813200353631,0.14086350144786045,0.89792376019818365,0.99950000000000006,6.0256997487544908
1s (m=+0),1,0,0,528,2.6513078894519757,2.6513078894519757,0.14111773896971236,0.13998565933880758,0.89862889049717953,0.99950000000000006,6.0256997487544908
1s (m=+0),1,0,0,529,2.6563293059092712,2.6563293059092712,0.14041090417398525,0.13911228982320198,0.89932962401473926,0.99950000000000006,6.0256997487544908
1s (m=+0),1,0,0,530,2.6613507223665667,2.6613507223665667,0.1397076097937445,0.1382433812346143,0.90002598318032623,0.99950000000000006,6.0256997487544908
1s (m=+0),1,0,0,531,2.6663721388238621,2.6663721388238621,0.13900783809565007,0.1373789217924502,0.90071799036453515,0.99950000000000006,6.0256997487544908
1s (m=+0),1,0,0,532,2.6713935552811576,2.6713935552811576,0.1383115714351851,0.13651889960440444,0.90140566787852494,0.99950000000000006,6.0256997487544908
1s (m=+0),1,0,0,533,2.6764149717384531,2.6764149717384531,0.13761879225621124,0.13566330266888812,0.90208903797346396,0.99950000000000006,6.0256997487544908
1s (m=+0),1,0,0,534,2.6814363881957481,2.6814363881957481,0.13692948309052583,0.13481211887742775,0.9027681228399872,0.99950000000000006,6.0256997487544908
1s (m=+0),1,0,0,535,2.6864578046530436,2.6864578046530436,0.13624362655742134,0.13396533601703683,0.90344294460766572,0.99950000000000006,6.0256997487544908
1s (m=+0),1,0,0,536,2.6914792211103391,2.6914792211103391,0.13556120536324742,0.13312294177256123,0.90411352534448741,0.99950000000000006,6.0256997487544908
1s (m=+0),1,0,0,537,2.6965006375676346,2.6965006375676346,0.13488220230097459,0.13228492372899661,0.90477988705635004,0.99950000000000006,6.0256997487544908
1s (m=+0),1,0,0,538,2.7015220540249301,2.7015220540249301,0.13420660024976047,0.13145126937377993,0.90544205168656544,0.99950000000000006,6.0256997487544908
1s (m=+0),1,0,0,539,2.7065434704822255,2.7065434704822255,0.13353438217451816,0.13062196609905405,0.90610004111537545,0.99950000000000006,6.0256997487544908
1s (m=+0),1,0,0,540,2.711564886939521,2.711564886939521,0.13286553112548646,0.12979700120390605,0.90675387715947897,0.99950000000000006,6.0256997487544908
1s (m=+0),1,0,0,541,2.7165863033968161,2.7165863033968161,0.13220003023780283,0.12897636189657985,0.90740358157157019,0.99950000000000006,6.0256997487544908
1s (m=+0),1,0,0,542,2.7216077198541115,2.7216077198541115,0.13153786273107776,0.12816003529666245,0.90804917603988811,0.99950000000000006,6.0256997487544908
1s (m=+0),1,0,0,543,2.726629136311407,2.726629136311407,0.13087901190897197,0.12734800843724489,0.90869068218777649,0.99950000000000006,6.0256997487544908
1s (m=+0),1,0,0,544,2.7316505527687025,2.7316505527687025,0.13022346115877537,0.12654026826705783,0.90932812157325515,0.99950000000000006,6.0256997487544908
1s (m=+0),1,0,0,545,2.736671969225998,2.736671969225998,0.12957119395098798,0.12573680165258119,0.90996151568860151,0.99950000000000006,6.0256997487544908
1s (m=+0),1,0,0,546,2.7416933856832935,2.7416933856832935,0.12892219383890341,0.12493759538012976,0.91059088595994286,0.99950000000000006,6.0256997487544908
1s (m=+0),1,0,0,547,2.7467148021405885,2.7467148021405885,0.128276444458194,0.12414263615791307,0.91121625374685888,0.99950000000000006,6.0256997487544908
1s (m=+0),1,0,0,548,2.751736218597884,2.751736218597884,0.12763392952649807,0.12335191061807105,0.91183764034199477,0.99950000000000006,6.0256997487544908
1s (m=+0),1,0,0,549,2.7567576350551795,2.7567576350551795,0.12699463284300971,0.1225654053186853,0.91245506697068413,0.99950000000000006,6.0256997487544908
1s (m=+0),1,0,0,550,2.7617790515124749,2.7617790515124749,0.12635853828807006,0.12178310674576605,0.91306855479058213,0.99950000000000006,6.0256997487544908
1s (m=+0),1,0,0,551,2.7668004679697704,2.7668004679697704,0.12572562982276086,0.12100500131521476,0.91367812489130862,0.99950000000000006,6.0256997487544908
1s (m=+0),1,0,0,552,2.7718218844270659,2.7718218844270659,0.12509589148850009,0.12023107537476341,0.91428379829410089,0.99950000000000006,6.0256997487544908
1s (m=+0),1,0,0,553,2.7768433008843609,2.7768433008843609,0.12446930740663958,0.11946131520588975,0.91488559595147589,0.99950000000000006,6.0256997487544908
1s (m=+0),1,0,0,554,2.7818647173416564,2.7818647173416564,0.12384586177806449,0.11869570702570915,0.91548353874690303,0.99950000000000006,6.0256997487544908
1s (m=+0),1,0,0,555,2.7868861337989519,2.7868861337989519,0.12322553888279521,0.11793423698884366,0.91607764749448484,0.99950000000000006,6.0256997487544908
1s (m=+0),1,0,0,556,2.7919075502562474,2.7919075502562474,0.12260832307959078,0.11717689118926727,0.91666794293864828,0.99950000000000006,6.0256997487544908
1s (m=+0),1,0,0,557,2.7969289667135429,2.7969289667135429,0.12199419880555457,0.11642365566212882,0.91725444575384474,0.99950000000000006,6.0256997487544908
1s (m=+0),1,0,0,558,2.8019503831708383,2.8019503831708383,0.12138315057574184,0.11567451638555228,0.917837176544259,0.99950000000000006,6.0256997487544908
1s (m=+0),1,0,0,559,2.8069717996281334,2.8069717996281334,0.12077516298276939,0.1149294592824142,0.91841615584352743,0.99950000000000006,6.0256997487544908
1s (m=+0),1,0,0,560,2.8119932160854288,2.8119932160854288,0.12017022069642679,0.11418847022209906,0.91899140411446512,0.99950000000000006,6.0256997487544908
1s (m=+0),1,0,0,561,2.8170146325427243,2.8170146325427243,0.11956830846329022,0.11345153502223287,0.91956294174880149,0.99950000000000006,6.0256997487544908
1s (m=+0),1,0,0,562,2.8220360490000198,2.8220360490000198,0.11896941110633763,0.11271863945039434,0.92013078906692458,0.99950000000000006,6.0256997487544908
1s (m=+0),1,0,0,563,2.8270574654573153,2.8270574654573153,0.11837351352456607,0.11198976922580467,0.92069496631763426,0.99950000000000006,6.0256997487544908
1s (m=+0),1,0,0,564,2.8320788819146108,2.8320788819146108,0.11778060069261093,0.1112649100209956,0.92125549367790327,0.99950000000000006,6.0256997487544908
1s (m=+0),1,0,0,565,2.8371002983719062,2.8371002983719062,0.11719065766036715,0.11054404746345664,0.92181239125264725,0.99950000000000006,6.0256997487544908
1s (m=+0),1,0,0,566,2.8421217148292013,2.8421217148292013,0.11660366955261223,0.10982716713726043,0.92236567907450229,0.99950000000000006,6.0256997487544908
1s (m=+0),1,0,0,567,2.8471431312864968,2.8471431312864968,0.11601962156863097,0.10911425458466767,0.92291537710361138,0.99950000000000006,6.0256997487544908
1s (m=+0),1,0,0,568,2.8521645477437922,2.8521645477437922,0.11543849898184264,0.1084052953077113,0.92346150522741788,0.99950000000000006,6.0256997487544908
1s (m=+0),1,0,0,569,2.8571859642010877,2.8571859642010877,0.11486028713942933,0.1077002747697598,0.92400408326046801,0.99950000000000006,6.0256997487544908
1s (m=+0),1,0,0,570,2.8622073806583832,2.8622073806583832,0.1142849714619667,0.10699917839706026,0.92454313094422014,0.99950000000000006,6.0256997487544908
1s (m=+0),1,0,0,571,2.8672287971156787,2.8672287971156787,0.11371253744305618,0.10630199158026128,0.92507866794686244,0.99950000000000006,6.0256997487544908
1s (m=+0),1,0,0,572,2.8722502135729737,2.8722502135729737,0.11314297064895938,0.10560869967591589,0.92561071386313776,0.99950000000000006,6.0256997487544908
1s (m=+0),1,0,0,573,2.8772716300302692,2.8772716300302692,0.1125762567182339,0.10491928800796414,0.92613928821417635,0.99950000000000006,6.0256997487544908
1s (m=+0),1,0,0,574,2.8822930464875647,2.8822930464875647,0.11201238136137155,0.104233741869197,0.9266644104473355,0.99950000000000006,6.0256997487544908
1s (m=+0),1,0,0,575,2.8873144629448602,2.8873144629448602,0.11145133036043774,0.1035520465226997,0.92718609993604706,0.99950000000000006,6.0256997487544908
1s (m=+0),1,0,0,576,2.8923358794021556,2.8923358794021556,0.11089308956871316,0.10287418720327651,0.92770437597967159,0.99950000000000006,6.0256997487544908
1s (m=+0),1,0,0,577,2.8973572958594511,2.8973572958594511,0.11033764491033698,0.10220014911885604,0.92821925780336001,0.99950000000000006,6.0256997487544908
1s (m=+0),1,0,0,578,2.9023787123167462,2.9023787123167462,0.10978498237995205,0.10152991745187775,0.92873076455792203,0.99950000000000006,6.0256997487544908
1s (m=+0),1,0,0,579,2.9074001287740416,2.9074001287740416,0.10923508804235148,0.10086347736065931,0.92923891531970182,0.99950000000000006,6.0256997487544908
1s (m=+0),1,0,0,580,2.9124215452313371,2.9124215452313371,0.10868794803212768,0.10020081398074616,0.92974372909045988,0.99950000000000006,6.0256997487544908
1s (m=+0),1,0,0,581,2.9174429616886326,2.9174429616886326,0.10814354855332241,0.099541912426241649,0.93024522479726246,0.99950000000000006,6.0256997487544908
1s (m=+0),1,0,0,582,2.9224643781459281,2.9224643781459281,0.1076018758790791,0.098886757791119717,0.93074342129237686,0.99950000000000006,6.0256997487544908
1s (m=+0),1,0,0,583,2.9274857946032236,2.9274857946032236,0.10706291635129665,0.098235335150519007,0.93123833735317374,0.99950000000000006,6.0256997487544908
1s (m=+0),1,0,0,584,2.9325072110605186,2.9325072110605186,0.10652665638028512,0.097587629562019232,0.93172999168203563,0.99950000000000006,6.0256997487544908
1s (m=+0),1,0,0,585,2.9375286275178141,2.9375286275178141,0.10599308244442286,0.096943626066899796,0.93221840290627234,0.99950000000000006,6.0256997487544908
1s (m=+0),1,0,0,586,2.9425500439751096,2.9425500439751096,0.10546218108981591,0.096303309691380873,0.93270358957804156,0.99950000000000006,6.0256997487544908
1s (m=+0),1,0,0,587,2.947571460432405,2.947571460432405,0.10493393892995849,0.095666665447847035,0.93318557017427695,0.99950000000000006,6.0256997487544908
1s (m=+0),1,0,0,588,2.9525928768897005,2.9525928768897005,0.10440834264539559,0.095033678336053515,0.93366436309662115,0.99950000000000006,6.0256997487544908
1s (m=+0),1,0,0,589,2.957614293346996,2.957614293346996,0.10388537898338705,0.094404333344315597,0.93413998667136577,0.99950000000000006,6.0256997487544908
1s (m=+0),1,0,0,590,2.9626357098042915,2.9626357098042915,0.10336503475757348,0.093778615450680988,0.93461245914939661,0.99950000000000006,6.0256997487544908
1s (m=+0),1,0,0,591,2.9676571262615865,2.9676571262615865,0.10284729684764374,0.093156509624085393,0.93508179870614505,0.99950000000000006,6.0256997487544908
1s (m=+0),1,0,0,592,2.972678542718882,2.972678542718882,0.10233215219900398,0.092538000825491601,0.93554802344154553,0.99950000000000006,6.0256997487544908
1s (m=+0),1,0,0,593,2.9776999591761775,2.9776999591761775,0.10181958782244871,0.091923074009012035,0.93601115137999769,0.99950000000000006,6.0256997487544908
1s (m=+0),1,0,0,594,2.9827213756334729,2.9827213756334729,0.10130959079383316,0.091311714123015281,0.93647120047033527,0.99950000000000006,6.0256997487544908
1s (m=+0),1,0,0,595,2.9877427920907684,2.9877427920907684,0.10080214825374735,0.090703906111216051,0.93692818858579974,0.99950000000000006,6.0256997487544908
1s (m=+0),1,0,0,596,2.9927642085480639,2.9927642085480639,0.10029724740719194,0.090099634913749671,0.93738213352401978,0.99950000000000006,6.0256997487544908
1s (m=+0),1,0,0,597,2.9977856250053589,2.9977856250053589,0.099794875523255624,0.089498885468230566,0.93783305300699571,0.99950000000000006,6.0256997487544908
1s (m=+0),1,0,0,598,3.0028070414626544,3.0028070414626544,0.099295019934793893,0.088901642710794856,0.9382809646810899,0.99950000000000006,6.0256997487544908
1s (m=+0),1,0,0,599,3.0078284579199499,3.0078284579199499,0.098797668038109993,0.08830789157712815,0.93872588611702146,0.99950000000000006,6.0256997487544908
1s (m=+0),1,0,0,600,3.0128498743772454,3.0128498743772454,0.098302807292636879,0.087717617003477341,0.93916783480986665,0.99950000000000006,6.0256997487544908
1s (m=+0),1,0,0,601,3.0178712908345409,3.0178712908345409,0.097810425220621069,0.08713080392764741,0.93960682817906449,0.99950000000000006,6.0256997487544908
1s (m=+0),1,0,0,602,3.0228927072918363,3.0228927072918363,0.097320509406808045,0.086547437289983542,0.94004288356842669,0.99950000000000006,6.0256997487544908
1s (m=+0),1,0,0,603,3.0279141237491314,3.0279141237491314,0.096833047498129238,0.085967502034337936,0.9404760182461529,0.99950000000000006,6.0256997487544908
1s (m=+0),1,0,0,604,3.0329355402064269,3.0329355402064269,0.096348027203390363,0.085390983109021962,0.9409062494048509,0.99950000000000006,6.0256997487544908
1s (m=+0),1,0,0,605,3.0379569566637223,3.0379569566637223,0.09586543629296175,0.0848178654677441,0.94133359416156126,0.99950000000000006,6.0256997487544908
1s (m=+0),1,0,0,606,3.0429783731210178,3.0429783731210178,0.095385262598469883,0.084248134070533123,0.94175806955778651,0.99950000000000006,6.0256997487544908
1s (m=+0),1,0,0,607,3.0479997895783133,3.0479997895783133,0.094907494012490504,0.083681773884647051,0.94217969255952561,0.99950000000000006,6.0256997487544908
1s (m=+0),1,0,0,608,3.0530212060356088,3.0530212060356088,0.094432118488243413,0.083118769885467944,0.94259848005731217,0.99950000000000006,6.0256997487544908
1s (m=+0),1,0,0,609,3.0580426224929038,3.0580426224929038,0.09395912403928873,0.082559107057383022,0.9430144488662574,0.99950000000000006,6.0256997487544908
1s (m=+0),1,0,0,610,3.0630640389501993,3.0630640389501993,0.093488498739224463,0.082002770394651328,0.9434276157260979,0.99950000000000006,6.0256997487544908
1s (m=+0),1,0,0,611,3.0680854554074948,3.0680854554074948,0.093020230721386127,0.081449744902257495,0.94383799730124707,0.99950000000000006,6.0256997487544908
1s (m=+0),1,0,0,612,3.0731068718647903,3.0731068718647903,0.092554308178547262,0.080900015596751265,0.94424561018085096,0.99950000000000006,6.0256997487544908
1s (m=+0),1,0,0,613,3.0781282883220857,3.0781282883220857,0.092090719362621795,0.080353567507073856,0.94465047087884868,0.99950000000000006,6.0256997487544908
1s (m=+0),1,0,0,614,3.0831497047793812,3.0831497047793812,0.091629452584367832,0.079810385675371118,0.94505259583403656,0.99950000000000006,6.0256997487544908
1s (m=+0),1,0,0,615,3.0881711212366767,3.0881711212366767,0.091170496213092922,0.079270455157793587,0.94545200141013663,0.99950000000000006,6.0256997487544908
1s (m=+0),1,0,0,616,3.0931925376939717,3.0931925376939717,0.090713838676360806,0.078733761025283289,0.9458487038958685,0.99950000000000006,6.0256997487544908
1s (m=+0),1,0,0,617,3.0982139541512672,3.0982139541512672,0.090259468459699455,0.078200288364347725,0.94624271950502603,0.99950000000000006,6.0256997487544908
1s (m=+0),1,0,0,618,3.1032353706085627,3.1032353706085627,0.089807374106311011,0.077670022277821604,0.94663406437655717,0.99950000000000006,6.0256997487544908
1s (m=+0),1,0,0,619,3.1082567870658582,3.1082567870658582,0.089357544216782755,0.07714294788561539,0.94702275457464791,0.99950000000000006,6.0256997487544908
1s (m=+0),1,0,0,620,3.1132782035231537,3.1132782035231537,0.088909967448799657,0.076619050325451576,0.94740880608880973,0.99950000000000006,6.0256997487544908
1s (m=+0),1,0,0,621,3.1182996199804491,3.1182996199804491,0.088464632516858432,0.076098314753588858,0.94779223483397113,0.99950000000000006,6.0256997487544908
1s (m=+0),1,0,0,622,3.1233210364377442,3.1233210364377442,0.088021528191983001,0.075580726345533755,0.94817305665057205,0.99950000000000006,6.0256997487544908
1s (m=+0),1,0,0,623,3.1283424528950396,3.1283424528950396,0.087580643301441191,0.075066270296740401,0.94855128730466287,0.99950000000000006,6.0256997487544908
1s (m=+0),1,0,0,624,3.1333638693523351,3.1333638693523351,0.087141966728463291,0.074554931823298504,0.9489269424880058,0.99950000000000006,6.0256997487544908
1s (m=+0),1,0,0,625,3.1383852858096306,3.1383852858096306,0.086705487411961532,0.074046696162609144,0.94930003781818051,0.99950000000000006,6.0256997487544908
1s (m=+0),1,0,0,626,3.1434067022669261,3.1434067022669261,0.086271194346251287,0.073541548574049306,0.94967058883869249,0.99950000000000006,6.0256997487544908
1s (m=+0),1,0,0,627,3.1484281187242216,3.1484281187242216,0.085839076580773527,0.073039474339624516,0.95003861101908549,0.99950000000000006,6.0256997487544908
1s (m=+0),1,0,0,628,3.1534495351815166,3.1534495351815166,0.085409123219818722,0.072540458764610238,0.95040411975505623,0.99950000000000006,6.0256997487544908
1s (m=+0),1,0,0,629,3.1584709516388121,3.1584709516388121,0.084981323422252036,0.072044487178181904,0.95076713036857341,0.99950000000000006,6.0256997487544908
1s (m=+0),1,0,0,630,3.1634923680961076,3.1634923680961076,0.084555666401240098,0.071551544934033928,0.95112765810799871,0.99950000000000006,6.0256997487544908
1s (m=+0),1,0,0,631,3.168513784553403,3.168513784553403,0.084132141423978957,0.07106161741098746,0.95148571814821181,0.99950000000000006,6.0256997487544908
1s (m=+0),1,0,0,632,3.1735352010106985,3.1735352010106985,0.083710737811423436,0.070574690013587293,0.95184132559073797,0.99950000000000006,6.0256997487544908
1s (m=+0),1,0,0,633,3.178556617467994,3.178556617467994,0.083291444938017906,0.070090748172688053,0.95219449546387858,0.99950000000000006,6.0256997487544908
1s (m=+0),1,0,0,634,3.183578033925289,3.183578033925289,0.08287425223142833,0.069609777346029508,0.9525452427228448,0.99950000000000006,6.0256997487544908
1s (m=+0),1,0,0,635,3.1885994503825845,3.1885994503825845,0.082459149172275634,0.069131763018801362,0.95289358224989407,0.99950000000000006,6.0256997487544908
1s (m=+0),1,0,0,636,3.19362086683988,3.19362086683988,0.08204612529387062,0.068656690704197942,0.95323952885446905,0.99950000000000006,6.0256997487544908
1s (m=+0),1,0,0,637,3.1986422832971755,3.1986422832971755,0.08163517018194992,0.068184545943962005,0.9535830972733399,0.99950000000000006,6.0256997487544908
1s (m=+0),1,0,0,638,3.203663699754471,3.203663699754471,0.081226273474413441,0.067715314308918667,0.95392430217074886,0.99950000000000006,6.0256997487544908
1s (m=+0),1,0,0,639,3.2086851162117664,3.2086851162117664,0.080819424861063111,0.067248981399499141,0.95426315813855767,0.99950000000000006,6.0256997487544908
1s (m=+0),1,0,0,640,3.2137065326690619,3.2137065326690619,0.080414614083342856,0.066785532846254575,0.95459967969639725,0.99950000000000006,6.0256997487544908
1s (m=+0),1,0,0,641,3.218727949126357,3.218727949126357,0.080011830934080042,0.066324954310359896,0.95493388129182066,0.99950000000000006,6.0256997487544908
1s (m=+0),1,0,0,642,3.2237493655836524,3.2237493655836524,0.079611065257227873,0.065867231484107766,0.95526577730045781,0.99950000000000006,6.0256997487544908
1s (m=+0),1,0,0,643,3.2287707820409479,3.2287707820409479,0.07921230694760964,0.06541235009139347,0.95559538202617289,0.99950000000000006,6.0256997487544908
1s (m=+0),1,0,0,644,3.2337921984982434,3.2337921984982434,0.078815545950663646,0.064960295888189468,0.95592270970122439,0.99950000000000006,6.0256997487544908
1s (m=+0),1,0,0,645,3.2388136149555389,3.2388136149555389,0.078420772262189825,0.064511054663011116,0.95624777448642739,0.99950000000000006,6.0256997487544908
1s (m=+0),1,0,0,646,3.2438350314128344,3.2438350314128344,0.078027975928097446,0.064064612237372781,0.95657059047131809,0.99950000000000006,6.0256997487544908
1s (m=+0),1,0,0,647,3.2488564478701294,3.2488564478701294,0.07763714704415417,0.063620954466234975,0.95689117167432036,0.99950000000000006,6.0256997487544908
1s (m=+0),1,0,0,648,3.2538778643274249,3.2538778643274249,0.077248275755736145,0.063180067238441884,0.95720953204291526,0.99950000000000006,6.0256997487544908
1s (m=+0),1,0,0,649,3.2588992807847204,3.2588992807847204,0.076861352257579771,0.062741936477150609,0.95752568545381178,0.99950000000000006,6.0256997487544908
1s (m=+0),1,0,0,650,3.2639206972420158,3.2639206972420158,0.076476366793534353,0.06230654814025112,0.95783964571312064,0.99950000000000006,6.0256997487544908
1s (m=+0),1,0,0,651,3.2689421136993113,3.2689421136993113,0.076093309656316027,0.061873888220777169,0.9581514265565293,0.99950000000000006,6.0256997487544908
1s (m=+0),1,0,0,652,3.2739635301566068,3.2739635301566068,0.07571217118726313,0.061443942747309105,0.95846104164947987,0.99950000000000006,6.0256997487544908
1s (m=+0),1,0,0,653,3.2789849466139018,3.2789849466139018,0.075332941776092607,0.061016697784367746,0.95876850458734819,0.99950000000000006,6.0256997487544908
1s (m=+0),1,0,0,654,3.2840063630711973,3.2840063630711973,0.074955611860657551,0.060592139432799529,0.95907382889562565,0.99950000000000006,6.0256997487544908
1s (m=+0),1,0,0,655,3.2890277795284928,3.2890277795284928,0.074580171926706365,0.060170253830154057,0.95937702803010216,0.99950000000000006,6.0256997487544908
1s (m=+0),1,0,0,656,3.2940491959857883,3.2940491959857883,0.074206612507642683,0.059751027151052571,0.95967811537705161,0.99950000000000006,6.0256997487544908
1s (m=+0),1,0,0,657,3.2990706124430837,3.2990706124430837,0.073834924184286693,0.059334445607548601,0.95997710425341909,0.99950000000000006,6.0256997487544908
1s (m=+0),1,0,0,658,3.3040920289003792,3.3040920289003792,0.073465097584637665,0.058920495449480553,0.96027400790700923,0.99950000000000006,6.0256997487544908
1s (m=+0),1,0,0,659,3.3091134453576743,3.3091134453576743,0.073097123383637677,0.05850916296481621,0.96056883951667726,0.99950000000000006,6.0256997487544908
1s (m=+0),1,0,0,660,3.3141348618149697,3.3141348618149697,0.072730992302936309,0.058100434479989305,0.9608616121925212,0.99950000000000006,6.0256997487544908
1s (m=+0),1,0,0,661,3.3191562782722652,3.3191562782722652,0.072366695110656964,0.057694296360228554,0.96115233897607577,0.99950000000000006,6.0256997487544908
1s (m=+0),1,0,0,662,3.3241776947295607,3.3241776947295607,0.072004222621163877,0.0572907350098786,0.96144103284050797,0.99950000000000006,6.0256997487544908
1s (m=+0),1,0,0,663,3.3291991111868562,3.3291991111868562,0.071643565694830574,0.056889736872713696,0.96172770669081442,0.99950000000000006,6.0256997487544908
1s (m=+0),1,0,0,664,3.3342205276441517,3.3342205276441517,0.071284715237809465,0.056491288432243748,0.96201237336402012,0.99950000000000006,6.0256997487544908
1s (m=+0),1,0,0,665,3.3392419441014467,3.3392419441014467,0.070927662201802466,0.056095376212012819,0.9622950456293784,0.99950000000000006,6.0256997487544908
1s (m=+0),1,0,0,666,3.3442633605587422,3.3442633605587422,0.070572397583832838,0.055701986775890472,0.96257573618857328,0.99950000000000006,6.0256997487544908
1s (m=+0),1,0,0,667,3.3492847770160377,3.3492847770160377,0.070218912426018285,0.055311106728355812,0.96285445767592204,0.99950000000000006,6.0256997487544908
1s (m=+0),1,0,0,668,3.3543061934733331,3.3543061934733331,0.06986719781534502,0.054922722714774476,0.96313122265858031,0.99950000000000006,6.0256997487544908
1s (m=+0),1,0,0,669,3.3593276099306286,3.3593276099306286,0.069517244883442991,0.05453682142166829,0.96340604363674776,0.99950000000000006,6.0256997487544908
1s (m=+0),1,0,0,670,3.3643490263879241,3.3643490263879241,0.069169044806362351,0.054153389576978309,0.96367893304387553,0.99950000000000006,6.0256997487544908
1s (m=+0),1,0,0,671,3.3693704428452196,3.3693704428452196,0.068822588804350868,0.053772413950320667,0.96394990324687491,0.99950000000000006,6.0256997487544908
1s (m=+0),1,0,0,672,3.3743918593025146,3.3743918593025146,0.068477868141632689,0.053393881353235945,0.96421896654632722,0.99950000000000006,6.0256997487544908
1s (m=+0),1,0,0,673,3.3794132757598101,3.3794132757598101,0.06813487412618785,0.053017778639431364,0.9644861351766949,0.99950000000000006,6.0256997487544908
1s (m=+0),1,0,0,674,3.3844346922171056,3.3844346922171056,0.067793598109533323,0.052644092705016889,0.96475142130653369,0.99950000000000006,6.0256997487544908
1s (m=+0),1,0,0,675,3.3894561086744011,3.3894561086744011,0.067454031486504848,0.052272810488734452,0.9650148370387065,0.99950000000000006,6.0256997487544908
1s (m=+0),1,0,0,676,3.3944775251316965,3.3944775251316965,0.067116165695039989,0.051903918972180801,0.96527639441059765,0.99950000000000006,6.0256997487544908
1s (m=+0),1,0,0,677,3.399498941588992,3.399498941588992,0.066779992215962189,0.0515374051800239,0.96553610539432877,0.99950000000000006,6.0256997487544908
1s (m=+0),1,0,0,678,3.4045203580462871,3.4045203580462871,0.06644550257276606,0.051173256180213261,0.96579398189697574,0.99950000000000006,6.0256997487544908
1s (m=+0),1,0,0,679,3.4095417745035825,3.4095417745035825,0.066112688331403477,0.050811459084183684,0.96605003576078641,0.99950000000000006,6.0256997487544908
1s (m=+0),1,0,0,680,3.414563190960878,3.414563190960878,0.065781541100071159,0.050452001047053358,0.96630427876339919,0.99950000000000006,6.0256997487544908
1s (m=+0),1,0,0,681,3.4195846074181735,3.4195846074181735,0.065452052528998855,0.050094869267815402,0.96655672261806347,0.99950000000000006,6.0256997487544908
1s (m=+0),1,0,0,682,3.424606023875469,3.424606023875469,0.065124214310238959,0.049740050989523853,0.96680737897385993,0.99950000000000006,6.0256997487544908
1s (m=+0),1,0,0,683,3.4296274403327645,3.4296274403327645,0.064798018177456909,0.049387533499473384,0.96705625941592244,0.99950000000000006,6.0256997487544908
1s (m=+0),1,0,0,684,3.4346488567900595,3.4346488567900595,0.064473455905722871,0.049037304129373585,0.96730337546566048,0.99950000000000006,6.0256997487544908
1s (m=+0),1,0,0,685,3.439670273247355,3.439670273247355,0.064150519311304194,0.048689350255517114,0.96754873858098278,0.99950000000000006,6.0256997487544908
1s (m=+0),1,0,0,686,3.4446916897046505,3.4446916897046505,0.063829200251459231,0.0483436592989425,0.96779236015652159,0.99950000000000006,6.0256997487544908
1s (m=+0),1,0,0,687,3.4497131061619459,3.4497131061619459,0.063509490624231946,0.048000218725591279,0.96803425152385758,0.99950000000000006,6.0256997487544908
1s (m=+0),1,0,0,688,3.4547345226192414,3.4547345226192414,0.063191382368247576,0.047659016046459377,0.9682744239517459,0.99950000000000006,6.0256997487544908
1s (m=+0),1,0,0,689,3.4597559390765369,3.4597559390765369,0.062874867462509462,0.047320038817743396,0.96851288864634266,0.99950000000000006,6.0256997487544908
1s (m=+0),1,0,0,690,3.4647773555338319,3.4647773555338319,0.062559937926196754,0.046983274640981301,0.96874965675143221,0.99950000000000006,6.0256997487544908
1s (m=+0),1,0,0,691,3.4697987719911274,3.4697987719911274,0.062246585818463124,0.046648711163187868,0.96898473934865537,0.99950000000000006,6.0256997487544908
1s (m=+0),1,0,0,692,3.4748201884484229,3.4748201884484229,0.061934803238236642,0.046316336076984911,0.96921814745773793,0.99950000000000006,6.0256997487544908
1s (m=+0),1,0,0,693,3.4798416049057184,3.4798416049057184,0.061624582324020502,0.045986137120726432,0.96944989203671994,0.99950000000000006,6.0256997487544908
1s (m=+0),1,0,0,694,3.4848630213630138,3.4848630213630138,0.061315915253694807,0.045658102078618534,0.96967998398218591,0.99950000000000006,6.0256997487544908
1s (m=+0),1,0,0,695,3.4898844378203093,3.4898844378203093,0.061008794244319306,0.045332218780834349,0.96990843412949501,0.99950000000000006,6.0256997487544908
1s (m=+0),1,0,0,696,3.4949058542776048,3.4949058542776048,0.06070321155193719,0.045008475103624192,0.97013525325301242,0.99950000000000006,6.0256997487544908
1s (m=+0),1,0,0,697,3.4999272707348998,3.4999272707348998,0.060399159471379846,0.044686858969420616,0.97036045206634092,0.99950000000000006,6.0256997487544908
1s (m=+0),1,0,0,698,3.5049486871921953,3.5049486871921953,0.060096630336072446,0.044367358346938689,0.97058404122255293,0.99950000000000006,6.0256997487544908
1s (m=+0),1,0,0,699,3.5099701036494908,3.5099701036494908,0.059795616517840829,0.044049961251271731,0.97080603131442311,0.99950000000000006,6.0256997487544908
1s (m=+0),1,0,0,700,3.5149915201067863,3.5149915201067863,0.059496110426719026,0.04373465574398213,0.97102643287466184,0.99950000000000006,6.0256997487544908
1s (m=+0),1,0,0,701,3.5200129365640818,3.5200129365640818,0.05919810451075793,0.043421429933187643,0.97124525637614822,0.99950000000000006,6.0256997487544908
1s (m=+0),1,0,0,702,3.5250343530213772,3.5250343530213772,0.058901591255834856,0.043110271973643144,0.97146251223216462,0.99950000000000006,6.0256997487544908
1s (m=+0),1,0,0,703,3.5300557694786723,3.5300557694786723,0.058606563185464117,0.042801170066817912,0.97167821079663053,0.99950000000000006,6.0256997487544908
1s (m=+0),1,0,0,704,3.5350771859359678,3.5350771859359678,0.058313012860608381,0.042494112460968382,0.97189236236433785,0.99950000000000006,6.0256997487544908
1s (m=+0),1,0,0,705,3.5400986023932632,3.5400986023932632,0.058020932879491283,0.042189087451206753,0.9721049771711856,0.99950000000000006,6.0256997487544908
1s (m=+0),1,0,0,706,3.5451200188505587,3.5451200188505587,0.057730315877410669,0.041886083379565127,0.9723160653944154,0.99950000000000006,6.0256997487544908
1s (m=+0),1,0,0,707,3.5501414353078542,3.5501414353078542,0.057441154526552934,0.041585088635055431,0.97252563715284734,0.99950000000000006,6.0256997487544908
1s (m=+0),1,0,0,708,3.5551628517651497,3.5551628517651497,0.057153441535808237,0.041286091653725196,0.9727337025071161,0.99950000000000006,6.0256997487544908
1s (m=+0),1,0,0,709,3.5601842682224447,3.5601842682224447,0.056867169650586691,0.040989080918709266,0.97294027145990714,0.99950000000000006,6.0256997487544908
1s (m=+0),1,0,0,710,3.5652056846797402,3.5652056846797402,0.056582331652635362,0.040694044960277349,0.97314535395619317,0.99950000000000006,6.0256997487544908
1s (m=+0),1,0,0,711,3.5702271011370357,3.5702271011370357,0.056298920359856369,0.040400972355877696,0.97334895988347114,0.99950000000000006,6.0256997487544908
1s (m=+0),1,0,0,712,3.5752485175943312,3.5752485175943312,0.056016928626125735,0.040109851730176747,0.97355109907199922,0.99950000000000006,6.0256997487544908
1s (m=+0),1,0,0,713,3.5802699340516266,3.5802699340516266,0.055736349341113198,0.039820671755094961,0.97375178129503381,0.99950000000000006,6.0256997487544908
1s (m=+0),1,0,0,714,3.5852913505089221,3.5852913505089221,0.055457175430102923,0.039533421149838738,0.9739510162690671,0.99950000000000006,6.0256997487544908
1s (m=+0),1,0,0,715,3.5903127669662172,3.5903127669662172,0.055179399853815175,0.039248088680928751,0.97414881365406447,0.99950000000000006,6.0256997487544908
1s (m=+0),1,0,0,716,3.5953341834235126,3.5953341834235126,0.054903015608228675,0.038964663162224293,0.97434518305370221,0.99950000000000006,6.0256997487544908
1s (m=+0),1,0,0,717,3.6003555998808081,3.6003555998808081,0.054628015724404191,0.038683133454944292,0.97454013401560535,0.99950000000000006,6.0256997487544908
1s (m=+0),1,0,0,718,3.6053770163381036,3.6053770163381036,0.054354393268308689,0.038403488467684509,0.97473367603158512,0.99950000000000006,6.0256997487544908
1s (m=+0),1,0,0,719,3.6103984327953991,3.6103984327953991,0.05408214134064053,0.038125717156431239,0.97492581853787741,0.99950000000000006,6.0256997487544908
1s (m=+0),1,0,0,720,3.6154198492526946,3.6154198492526946,0.053811253076655505,0.037849808524571565,0.97511657091538051,0.99950000000000006,6.0256997487544908
1s (m=+0),1,0,0,721,3.62044126570999,3.62044126570999,0.053541721645993759,0.03757575162290018,0.97530594248989311,0.99950000000000006,6.0256997487544908
1s (m=+0),1,0,0,722,3.6254626821672851,3.6254626821672851,0.053273540252507544,0.037303535549622707,0.97549394253235244,0.99950000000000006,6.0256997487544908
1s (m=+0),1,0,0,723,3.6304840986245805,3.6304840986245805,0.053006702134089825,0.037033149450355865,0.97568058025907234,0.99950000000000006,6.0256997487544908
1s (m=+0),1,0,0,724,3.635505515081876,3.635505515081876,0.052741200562503851,0.036764582518124214,0.97586586483198112,0.99950000000000006,6.0256997487544908
1s (m=+0),1,0,0,725,3.6405269315391715,3.6405269315391715,0.052477028843213466,0.03649782399335378,0.97604980535885999,0.99950000000000006,6.0256997487544908
1s (m=+0),1,0,0,726,3.645548347996467,3.645548347996467,0.052214180315214305,0.036232863163862414,0.97623241089358082,0.99950000000000006,6.0256997487544908
1s (m=+0),1,0,0,727,3.6505697644537625,3.6505697644537625,0.05195264835086584,0.035969689364847027,0.97641369043634396,0.99950000000000006,6.0256997487544908
1s (m=+0),1,0,0,728,3.6555911809110575,3.6555911809110575,0.051692426355724283,0.035708291978867851,0.97659365293391642,0.99950000000000006,6.0256997487544908
1s (m=+0),1,0,0,729,3.660612597368353,3.660612597368353,0.051433507768376241,0.035448660435829477,0.97677230727986952,0.99950000000000006,6.0256997487544908
1s (m=+0),1,0,0,730,3.6656340138256485,3.6656340138256485,0.051175886060273394,0.035190784212959174,0.97694966231481639,0.99950000000000006,6.0256997487544908
1s (m=+0),1,0,0,731,3.6706554302829439,3.6706554302829439,0.050919554735567779,0.034934652834781997,0.97712572682664967,0.99950000000000006,6.0256997487544908
1s (m=+0),1,0,0,732,3.6756768467402394,3.6756768467402394,0.050664507330948044,0.03468025587309323,0.97730050955077907,0.99950000000000006,6.0256997487544908
1s (m=+0),1,0,0,733,3.6806982631975349,3.6806982631975349,0.050410737415476449,0.034427582946927833,0.97747401917036858,0.99950000000000006,6.0256997487544908
1s (m=+0),1,0,0,734,3.6857196796548299,3.6857196796548299,0.050158238590426785,0.034176623722527236,0.97764626431657342,0.99950000000000006,6.0256997487544908
1s (m=+0),1,0,0,735,3.6907410961121254,3.6907410961121254,0.049907004489122865,0.033927367913303169,0.97781725356877724,0.99950000000000006,6.0256997487544908
1s (m=+0),1,0,0,736,3.6957625125694209,3.6957625125694209,0.04965702877677821,0.033679805279799108,0.97798699545482881,0.99950000000000006,6.0256997487544908
1s (m=+0),1,0,0,737,3.7007839290267164,3.7007839290267164,0.049408305150336153,0.033433925629648753,0.97815549845127836,0.99950000000000006,6.0256997487544908
1s (m=+0),1,0,0,738,3.7058053454840119,3.7058053454840119,0.049160827338311001,0.033189718817532077,0.97832277098361442,0.99950000000000006,6.0256997487544908
1s (m=+0),1,0,0,739,3.7108267619413073,3.7108267619413073,0.048914589100629853,0.032947174745128746,0.9784888214264994,0.99950000000000006,6.0256997487544908
1s (m=+0),1,0,0,740,3.7158481783986024,3.7158481783986024,0.048669584228475282,0.032706283361069004,0.97865365810400584,0.99950000000000006,6.0256997487544908
1s (m=+0),1,0,0,741,3.7208695948558979,3.7208695948558979,0.048425806544128723,0.032467034660882028,0.97881728928985179,0.99950000000000006,6.0256997487544908
1s (m=+0),1,0,0,742,3.7258910113131933,3.7258910113131933,0.04818324990081483,0.032229418686942068,0.97897972320763649,0.99950000000000006,6.0256997487544908
1s (m=+0),1,0,0,743,3.7309124277704888,3.7309124277704888,0.047941908182546365,0.031993425528411834,0.97914096803107509,0.99950000000000006,6.0256997487544908
1s (m=+0),1,0,0,744,3.7359338442277843,3.7359338442277843,0.047701775303970045,0.031759045321183822,0.97930103188423379,0.99950000000000006,6.0256997487544908
1s (m=+0),1,0,0,745,3.7409552606850798,3.7409552606850798,0.047462845210213093,0.03152626824781915,0.97945992284176409,0.99950000000000006,6.0256997487544908
1s (m=+0),1,0,0,746,3.7459766771423753,3.7459766771423753,0.047225111876730556,0.031295084537484211,0.97961764892913694,0.99950000000000006,6.0256997487544908
1s (m=+0),1,0,0,747,3.7509980935996703,3.7509980935996703,0.046988569309153419,0.031065484465885029,0.97977421812287679,0.99950000000000006,6.0256997487544908
1s (m=+0),1,0,0,748,3.7560195100569658,3.7560195100569658,0.046753211543137378,0.03083745835519941,0.97992963835079516,0.99950000000000006,6.0256997487544908
1s (m=+0),1,0,0,749,3.7610409265142613,3.7610409265142613,0.046519032644212609,0.030610996574007062,0.98008391749222357,0.99950000000000006,6.0256997487544908
1s (m=+0),1,0,0,750,3.7660623429715567,3.7660623429715567,0.046286026707633987,0.030386089537217408,0.98023706337824656,0.99950000000000006,6.0256997487544908
1s (m=+0),1,0,0,751,3.7710837594288522,3.7710837594288522,0.046054187858232266,0.030162727705995436,0.98038908379193401,0.99950000000000006,6.0256997487544908
1s (m=+0),1,0,0,752,3.7761051758861477,3.7761051758861477,0.045823510250265924,0.029940901587685465,0.98053998646857321,0.99950000000000006,6.0256997487544908
1s (m=+0),1,0,0,753,3.7811265923434427,3.7811265923434427,0.045593988067273786,0.029720601735732939,0.98068977909590083,0.99950000000000006,6.0256997487544908
1s (m=+0),1,0,0,754,3.7861480088007382,3.7861480088007382,0.045365615521928283,0.029501818749604145,0.98083846931433383,0.99950000000000006,6.0256997487544908
1s (m=+0),1,0,0,755,3.7911694252580337,3.7911694252580337,0.04513838685588964,0.029284543274704183,0.98098606471720051,0.99950000000000006,6.0256997487544908
1s (m=+0),1,0,0,756,3.7961908417153292,3.7961908417153292,0.044912296339660616,0.029068766002292877,0.98113257285097111,0.99950000000000006,6.0256997487544908
1s (m=+0),1,0,0,757,3.8012122581726246,3.8012122581726246,0.044687338272442062,0.028854477669398887,0.98127800121548758,0.99950000000000006,6.0256997487544908
1s (m=+0),1,0,0,758,3.8062336746299201,3.8062336746299201,0.044463506981989129,0.028641669058731938,0.98142235726419347,0.99950000000000006,6.0256997487544908
1s (m=+0),1,0,0,759,3.8112550910872152,3.8112550910872152,0.04424079682446834,0.02843033099859343,0.98156564840436278,0.99950000000000006,6.0256997487544908
1s (m=+0),1,0,0,760,3.8162765075445106,3.8162765075445106,0.044019202184315126,0.028220454362784964,0.98170788199732895,0.99950000000000006,6.0256997487544908
1s (m=+0),1,0,0,761,3.8212979240018061,3.8212979240018061,0.043798717474092419,0.028012030070515538,0.98184906535871297,0.99950000000000006,6.0256997487544908
1s (m=+0),1,0,0,762,3.8263193404591016,3.8263193404591016,0.043579337134349631,0.027805049086306755,0.98198920575865112,0.99950000000000006,6.0256997487544908
1s (m=+0),1,0,0,763,3.8313407569163971,3.8313407569163971,0.043361055633482526,0.027599502419896494,0.98212831042202231,0.99950000000000006,6.0256997487544908
1s (m=+0),1,0,0,764,3.8363621733736926,3.8363621733736926,0.043143867467593737,0.027395381126140934,0.98226638652867482,0.99950000000000006,6.0256997487544908
1s (m=+0),1,0,0,765,3.8413835898309876,3.8413835898309876,0.042927767160354,0.027192676304915019,0.98240344121365286,0.99950000000000006,6.0256997487544908
1s (m=+0),1,0,0,766,3.8464050062882831,3.8464050062882831,0.042712749262864003,0.026991379101011265,0.98253948156742199,0.99950000000000006,6.0256997487544908
1s (m=+0),1,0,0,767,3.8514264227455786,3.8514264227455786,0.04249880835351709,0.026791480704037182,0.98267451463609479,0.99950000000000006,6.0256997487544908
1s (m=+0),1,0,0,768,3.856447839202874,3.856447839202874,0.042285939037862513,0.026592972348311091,0.98280854742165513,0.99950000000000006,6.0256997487544908
1s (m=+0),1,0,0,769,3.8614692556601695,3.8614692556601695,0.042074135948469392,0.026395845312756495,0.98294158688218314,0.99950000000000006,6.0256997487544908
1s (m=+0),1,0,0,770,3.866490672117465,3.866490672117465,0.041863393744791415,0.026200090920795047,0.98307363993207819,0.99950000000000006,6.0256997487544908
1s (m=+0),1,0,0,771,3.8715120885747605,3.8715120885747605,0.041653707113032137,0.026005700540238052,0.98320471344228244,0.99950000000000006,6.0256997487544908
1s (m=+0),1,0,0,772,3.8765335050320555,3.8765335050320555,0.041445070766011061,0.02581266558317671,0.98333481424050362,0.99950000000000006,6.0256997487544908
1s (m=+0),1,0,0,773,3.881554921489351,3.881554921489351,0.04123747944303021,0.025620977505870786,0.98346394911143664,0.99950000000000006,6.0256997487544908
1s (m=+0),1,0,0,774,3.8865763379466465,3.8865763379466465,0.041030927909741603,0.02543062780863627,0.98359212479698543,0.99950000000000006,6.0256997487544908
1s (m=+0),1,0,0,775,3.891597754403942,3.891597754403942,0.040825410958015208,0.025241608035731493,0.98371934799648386,0.99950000000000006,6.0256997487544908
1s (m=+0),1,0,0,776,3.8966191708612374,3.8966191708612374,0.040620923405807627,0.025053909775242071,0.983845625366916,0.99950000000000006,6.0256997487544908
1s (m=+0),1,0,0,777,3.9016405873185329,3.9016405873185329,0.040417460097031448,0.02486752465896468,0.98397096352313584,0.99950000000000006,6.0256997487544908
1s (m=+0),1,0,0,778,3.906662003775828,3.906662003775828,0.040215015901425233,0.024682444362289502,0.9840953690380867,0.99950000000000006,6.0256997487544908
1s (m=+0),1,0,0,779,3.9116834202331234,3.9116834202331234,0.040013585714424094,0.02449866060408153,0.98421884844301977,0.99950000000000006,6.0256997487544908
1s (m=+0),1,0,0,780,3.9167048366904189,3.9167048366904189,0.039813164457031112,0.024316165146560854,0.98434140822771188,0.99950000000000006,6.0256997487544908
1s (m=+0),1,0,0,781,3.9217262531477144,3.9217262531477144,0.039613747075689175,0.024134949795181621,0.9844630548406833,0.99950000000000006,6.0256997487544908
1s (m=+0),1,0,0,782,3.9267476696050099,3.9267476696050099,0.039415328542153572,0.023955006398510007,0.98458379468941415,0.99950000000000006,6.0256997487544908
1s (m=+0),1,0,0,783,3.9317690860623054,3.9317690860623054,0.039217903853365224,0.023776326848101118,0.98470363414056072,0.99950000000000006,6.0256997487544908
1s (m=+0),1,0,0,784,3.9367905025196004,3.9367905025196004,0.039021468031324551,0.023598903078374832,0.98482257952017116,0.99950000000000006,6.0256997487544908
1s (m=+0),1,0,0,785,3.9418119189768959,3.9418119189768959,0.038826016122965865,0.023422727066490533,0.98494063711390034,0.99950000000000006,6.0256997487544908
1s (m=+0),1,0,0,786,3.9468333354341913,3.9468333354341913,0.038631543200032592,0.023247790832221022,0.98505781316722385,0.99950000000000006,6.0256997487544908
1s (m=+0),1,0,0,787,3.9518547518914868,3.9518547518914868,0.038438044358952955,0.023074086437825325,0.98517411388565213,0.99950000000000006,6.0256997487544908
1s (m=+0),1,0,0,788,3.9568761683487823,3.9568761683487823,0.038245514720716321,0.022901605987920556,0.98528954543494318,0.99950000000000006,6.0256997487544908
1s (m=+0),1,0,0,789,3.9618975848060778,3.9618975848060778,0.038053949430750203,0.022730341629352932,0.98540411394131511,0.99950000000000006,6.0256997487544908
1s (m=+0),1,0,0,790,3.9669190012633728,3.9669190012633728,0.03786334365879785,0.022560285551067812,0.98551782549165756,0.99950000000000006,6.0256997487544908
1s (m=+0),1,0,0,791,3.9719404177206683,3.9719404177206683,0.037673692598796417,0.022391429983978885,0.98563068613374327,0.99950000000000006,6.0256997487544908
1s (m=+0),1,0,0,792,3.9769618341779638,3.9769618341779638,0.037484991468755835,0.022223767200836537,0.98574270187643798,0.99950000000000006,6.0256997487544908
1s (m=+0),1,0,0,793,3.9819832506352593,3.9819832506352593,0.037297235510638217,0.022057289516095348,0.98585387868991037,0.99950000000000006,6.0256997487544908
1s (m=+0),1,0,0,794,3.9870046670925547,3.9870046670925547,0.037110419990237863,0.02189198928578075,0.98596422250584137,0.99950000000000006,6.0256997487544908
1s (m=+0),1,0,0,795,3.9920260835498502,3.9920260835498502,0.036924540197061914,0.02172785890735502,0.98607373921763219,0.99950000000000006,6.0256997487544908
1s (m=+0),1,0,0,796,3.9970475000071457,3.9970475000071457,0.036739591444211572,0.021564890819582343,0.9861824346806124,0.99950000000000006,6.0256997487544908
1s (m=+0),1,0,0,797,4.0020689164644407,4.0020689164644407,0.036555569068263939,0.021403077502393283,0.9862903147122466,0.99950000000000006,6.0256997487544908
1s (m=+0),1,0,0,798,4.0070903329217362,4.0070903329217362,0.036372468429154349,0.021242411476748383,0.98639738509234121,0.99950000000000006,6.0256997487544908
1s (m=+0),1,0,0,799,4.0121117493790317,4.0121117493790317,0.036190284910059489,0.021082885304501239,0.98650365156324982,0.99950000000000006,6.0256997487544908
1s (m=+0),1,0,0,800,4.0171331658363272,4.0171331658363272,0.03600901391728091,0.020924491588260756,0.98660911983007837,0.99950000000000006,6.0256997487544908
1s (m=+0),1,0,0,801,4.0221545822936227,4.0221545822936227,0.035828650880129223,0.020767222971252771,0.98671379556088934,0.99950000000000006,6.0256997487544908
1s (m=+0),1,0,0,802,4.0271759987509181,4.0271759987509181,0.035649191250808843,0.020611072137181115,0.98681768438690554,0.99950000000000006,6.0256997487544908
1s (m=+0),1,0,0,803,4.0321974152082136,4.0321974152082136,0.035470630504303331,0.020456031810087937,0.98692079190271265,0.99950000000000006,6.0256997487544908
1s (m=+0),1,0,0,804,4.0372188316655091,4.0372188316655091,0.035292964138261267,0.020302094754213504,0.98702312366646194,0.99950000000000006,6.0256997487544908
1s (m=+0),1,0,0,805,4.0422402481228046,4.0422402481228046,0.035116187672882757,0.020149253773855427,0.98712468520007124,0.99950000000000006,6.0256997487544908
1s (m=+0),1,0,0,806,4.0472616645800992,4.0472616645800992,0.034940296650806509,0.019997501713227329,0.98722548198942617,0.99950000000000006,6.0256997487544908
1s (m=+0),1,0,0,807,4.0522830810373947,4.0522830810373947,0.034765286636997267,0.019846831456316785,0.98732551948457992,0.99950000000000006,6.0256997487544908
1s (m=+0),1,0,0,808,4.0573044974946901,4.0573044974946901,0.034591153218634249,0.019697235926743138,0.98742480309995273,0.99950000000000006,6.0256997487544908
1s (m=+0),1,0,0,809,4.0623259139519856,4.0623259139519856,0.03441789200499968,0.01954870808761441,0.98752333821453064,0.99950000000000006,6.0256997487544908
1s (m=+0),1,0,0,810,4.0673473304092811,4.0673473304092811,0.034245498627368157,0.019401240941383933,0.98762113017206321,0.99950000000000006,6.0256997487544908
1s (m=+0),1,0,0,811,4.0723687468665766,4.0723687468665766,0.034073968738896489,0.019254827529706475,0.98771818428126079,0.99950000000000006,6.0256997487544908
1s (m=+0),1,0,0,812,4.0773901633238721,4.0773901633238721,0.033903298014514069,0.019109460933293861,0.98781450581599106,0.99950000000000006,6.0256997487544908
1s (m=+0),1,0,0,813,4.0824115797811675,4.0824115797811675,0.033733482150813843,0.018965134271770257,0.98791010001547486,0.99950000000000006,6.0256997487544908
1s (m=+0),1,0,0,814,4.087432996238463,4.087432996238463,0.033564516865943791,0.018821840703526972,0.98800497208448101,0.99950000000000006,6.0256997487544908
1s (m=+0),1,0,0,815,4.0924544126957585,4.0924544126957585,0.033396397899498963,0.018679573425576822,0.98809912719352089,0.99950000000000006,6.0256997487544908
1s (m=+0),1,0,0,816,4.097475829153054,4.097475829153054,0.033229121012414063,0.018538325673408237,0.98819257047904174,0.99950000000000006,6.0256997487544908
1s (m=+0),1,0,0,817,4.1024972456103495,4.1024972456103495,0.033062681986856524,0.018398090720838849,0.9882853070436195,0.99950000000000006,6.0256997487544908
1s (m=+0),1,0,0,818,4.107518662067644,4.107518662067644,0.032897076626120257,0.018258861879868898,0.98837734195615123,0.99950000000000006,6.0256997487544908
1s (m=+0),1,0,0,819,4.1125400785249395,4.1125400785249395,0.032732300754519633,0.018120632500534029,0.98846868025204615,0.99950000000000006,6.0256997487544908
1s (m=+0),1,0,0,820,4.117561494982235,4.117561494982235,0.03256835021728445,0.017983395970758202,0.9885593269334163,0.99950000000000006,6.0256997487544908
1s (m=+0),1,0,0,821,4.1225829114395305,4.1225829114395305,0.032405220880454978,0.017847145716205836,0.98864928696926668,0.99950000000000006,6.0256997487544908
1s (m=+0),1,0,0,822,4.127604327896826,4.127604327896826,0.032242908630777813,0.017711875200133984,0.98873856529568405,0.99950000000000006,6.0256997487544908
1s (m=+0),1,0,0,823,4.1326257443541214,4.1326257443541214,0.032081409375602138,0.017577577923244086,0.98882716681602534,0.99950000000000006,6.0256997487544908
1s (m=+0),1,0,0,824,4.1376471608114169,4.1376471608114169,0.031920719042776519,0.01744424742353352,0.98891509640110575,0.99950000000000006,6.0256997487544908
1s (m=+0),1,0,0,825,4.1426685772687124,4.1426685772687124,0.031760833580546245,0.017311877276146873,0.98900235888938515,0.99950000000000006,6.0256997487544908
1s (m=+0),1,0,0,826,4.1476899937260079,4.1476899937260079,0.031601748957451152,0.017180461093227017,0.98908895908715444,0.99950000000000006,6.0256997487544908
1s (m=+0),1,0,0,827,4.1527114101833034,4.1527114101833034,0.031443461162223983,0.017049992523765958,0.98917490176872092,0.99950000000000006,6.0256997487544908
1s (m=+0),1,0,0,828,4.1577328266405988,4.1577328266405988,0.031285966203689217,0.016920465253455454,0.98926019167659307,0.99950000000000006,6.0256997487544908
1s (m=+0),1,0,0,829,4.1627542430978943,4.1627542430978943,0.031129260110662485,0.016791873004537522,0.98934483352166436,0.99950000000000006,6.0256997487544908
1s (m=+0),1,0,0,830,4.1677756595551898,4.1677756595551898,0.030973338931850381,0.016664209535654669,0.98942883198339637,0.99950000000000006,6.0256997487544908
1s (m=+0),1,0,0,831,4.1727970760124844,4.1727970760124844,0.030818198735750896,0.016537468641700071,0.98951219171000115,0.99950000000000006,6.0256997487544908
1s (m=+0),1,0,0,832,4.1778184924697799,4.1778184924697799,0.030663835610554156,0.016411644153667439,0.98959491731862315,0.99950000000000006,6.0256997487544908
1s (m=+0),1,0,0,833,4.1828399089270754,4.1828399089270754,0.030510245664043974,0.016286729938501023,0.98967701339551972,0.99950000000000006,6.0256997487544908
1s (m=+0),1,0,0,834,4.1878613253843708,4.1878613253843708,0.030357425023499578,0.016162719898945202,0.98975848449624171,0.99950000000000006,6.0256997487544908
1s (m=+0),1,0,0,835,4.1928827418416663,4.1928827418416663,0.030205369835597993,0.016039607973394165,0.98983933514581235,0.99950000000000006,6.0256997487544908
1s (m=+0),1,0,0,836,4.1979041582989618,4.1979041582989618,0.030054076266316888,0.015917388135741378,0.98991956983890639,0.99950000000000006,6.0256997487544908
1s (m=+0),1,0,0,837,4.2029255747562573,4.2029255747562573,0.029903540500837902,0.015796054395229058,0.98999919304002759,0.99950000000000006,6.0256997487544908
1s (m=+0),1,0,0,838,4.2079469912135528,4.2079469912135528,0.029753758743450449,0.015675600796297508,0.99007820918368616,0.99950000000000006,6.0256997487544908
1s (m=+0),1,0,0,839,4.2129684076708482,4.2129684076708482,0.029604727217456012,0.015556021418434417,0.99015662267457472,0.99950000000000006,6.0256997487544908
1s (m=+0),1,0,0,840,4.2179898241281437,4.2179898241281437,0.02945644216507292,0.015437310376024112,0.99023443788774423,0.99950000000000006,6.0256997487544908
1s (m=+0),1,0,0,841,4.2230112405854392,4.2230112405854392,0.029308899847341585,0.015319461818196782,0.99031165916877895,0.99950000000000006,6.0256997487544908
1s (m=+0),1,0,0,842,4.2280326570427347,4.2280326570427347,0.029162096544030236,0.01520246992867764,0.99038829083397006,0.99950000000000006,6.0256997487544908
1s (m=+0),1,0,0,843,4.2330540735000293,4.2330540735000293,0.029016028553541143,0.015086328925636149,0.99046433717048943,0.99950000000000006,6.0256997487544908
1s (m=+0),1,0,0,844,4.2380754899573247,4.2380754899573247,0.028870692192817165,0.014971033061535074,0.99053980243656203,0.99950000000000006,6.0256997487544908
1s (m=+0),1,0,0,845,4.2430969064146202,4.2430969064146202,0.028726083797249048,0.014856576622979801,0.99061469086163789,0.99950000000000006,6.0256997487544908
1s (m=+0),1,0,0,846,4.2481183228719157,4.2481183228719157,0.028582199720582922,0.014742953930567449,0.99068900664656279,0.99950000000000006,6.0256997487544908
1s (m=+0),1,0,0,847,4.2531397393292112,4.2531397393292112,0.028439036334828378,0.014630159338736098,0.99076275396374902,0.99950000000000006,6.0256997487544908
1s (m=+0),1,0,0,848,4.2581611557865067,4.2581611557865067,0.028296590030167001,0.014518187235614067,0.99083593695734473,0.99950000000000006,6.0256997487544908
1s (m=+0),1,0,0,849,4.2631825722438021,4.2631825722438021,0.028154857214861335,0.014407032042869198,0.99090855974340264,0.99950000000000006,6.0256997487544908
1s (m=+0),1,0,0,850,4.2682039887010976,4.2682039887010976,0.02801383431516434,0.014296688215558245,0.99098062641004825,0.99950000000000006,6.0256997487544908
1s (m=+0),1,0,0,851,4.2732254051583931,4.2732254051583931,0.027873517775229256,0.014187150241976291,0.99105214101764705,0.99950000000000006,6.0256997487544908
1s (m=+0),1,0,0,852,4.2782468216156886,4.2782468216156886,0.027733904057019958,0.014078412643506268,0.99112310759897104,0.99950000000000006,6.0256997487544908
1s (m=+0),1,0,0,853,4.2832682380729841,4.2832682380729841,0.027594989640221754,0.013970469974468569,0.9911935301593644,0.99950000000000006,6.0256997487544908
1s (m=+0),1,0,0,854,4.2882896545302795,4.2882896545302795,0.027456771022152594,0.013863316821970704,0.99126341267690865,0.99950000000000006,6.0256997487544908
1s (m=+0),1,0,0,855,4.293311070987575,4.293311070987575,0.02731924471767478,0.013756947805757149,0.99133275910258689,0.99950000000000006,6.0256997487544908
1s (m=+0),1,0,0,856,4.2983324874448696,4.2983324874448696,0.027182407259107096,0.013651357578059246,0.99140157336044732,0.99950000000000006,6.0256997487544908
1s (m=+0),1,0,0,857,4.3033539039021651,4.3033539039021651,0.027046255196137278,0.013546540823445179,0.99146985934776588,0.99950000000000006,6.0256997487544908
1s (m=+0),1,0,0,858,4.3083753203594606,4.3083753203594606,0.026910785095735173,0.013442492258670278,0.99153762093520836,0.99950000000000006,6.0256997487544908
1s (m=+0),1,0,0,859,4.3133967368167561,4.3133967368167561,0.026775993542066057,0.013339206632527214,0.99160486196699171,0.99950000000000006,6.0256997487544908
1s (m=+0),1,0,0,860,4.3184181532740515,4.3184181532740515,0.026641877136404549,0.013236678725696512,0.99167158626104424,0.99950000000000006,6.0256997487544908
1s (m=+0),1,0,0,861,4.323439569731347,4.323439569731347,0.0265084324970489,0.013134903350597155,0.99173779760916569,0.99950000000000006,6.0256997487544908
1s (m=+0),1,0,0,862,4.3284609861886425,4.3284609861886425,0.026375656259235745,0.013033875351237387,0.99180349977718607,0.99950000000000006,6.0256997487544908
1s (m=+0),1,0,0,863,4.333482402645938,4.333482402645938,0.026243545075055229,0.01293358960306564,0.99186869650512399,0.99950000000000006,6.0256997487544908
1s (m=+0),1,0,0,864,4.3385038191032335,4.3385038191032335,0.026112095613366623,0.012834041012821694,0.99193339150734405,0.99950000000000006,6.0256997487544908
1s (m=+0),1,0,0,865,4.3435252355605289,4.3435252355605289,0.025981304559714306,0.012735224518388003,0.99199758847271369,0.99950000000000006,6.0256997487544908
1s (m=+0),1,0,0,866,4.3485466520178244,4.3485466520178244,0.025851168616244216,0.01263713508864122,0.99206129106475927,0.99950000000000006,6.0256997487544908
1s (m=+0),1,0,0,867,4.3535680684751199,4.3535680684751199,0.025721684501620667,0.012539767723303917,0.99212450292182108,0.99950000000000006,6.0256997487544908
1s (m=+0),1,0,0,868,4.3585894849324145,4.3585894849324145,0.025592848950943659,0.012443117452796547,0.99218722765720802,0.99950000000000006,6.0256997487544908
1s (m=+0),1,0,0,869,4.36361090138971,4.36361090138971,0.025464658715666451,0.012347179338089535,0.9922494688593515,0.99950000000000006,6.0256997487544908
1s (m=+0),1,0,0,870,4.3686323178470055,4.3686323178470055,0.025337110563513787,0.012251948470555761,0.99231123009195821,0.99950000000000006,6.0256997487544908
1s (m=+0),1,0,0,871,4.3736537343043009,4.3736537343043009,0.025210201278400308,0.012157419971823112,0.99237251489416256,0.99950000000000006,6.0256997487544908
1s (m=+0),1,0,0,872,4.3786751507615964,4.3786751507615964,0.025083927660349482,0.012063588993627347,0.9924333267806783,0.99950000000000006,6.0256997487544908
1s (m=+0),1,0,0,873,4.3836965672188919,4.3836965672188919,0.024958286525412914,0.011970450717665202,0.99249366924194904,0.99950000000000006,6.0256997487544908
1s (m=+0),1,0,0,874,4.3887179836761874,4.3887179836761874,0.024833274705590068,0.011878000355447746,0.99255354574429877,0.99950000000000006,6.0256997487544908
1s (m=+0),1,0,0,875,4.3937394001334829,4.3937394001334829,0.024708889048748385,0.011786233148153984,0.9926129597300809,0.99950000000000006,6.0256997487544908
1s (m=+0),1,0,0,876,4.3987608165907783,4.3987608165907783,0.024585126418543796,0.011695144366484738,0.99267191461782689,0.99950000000000006,6.0256997487544908
1s (m=+0),1,0,0,877,4.4037822330480738,4.4037822330480738,0.024461983694341657,0.011604729310516801,0.99273041380239424,0.99950000000000006,6.0256997487544908
1s (m=+0),1,0,0,878,4.4088036495053693,4.4088036495053693,0.024339457771138048,0.011514983309557348,0.99278846065511339,0.99950000000000006,6.0256997487544908
1s (m=+0),1,0,0,879,4.4138250659626648,4.4138250659626648,0.024217545559481485,0.011425901721998654,0.99284605852393459,0.99950000000000006,6.0256997487544908
1s (m=+0),1,0,0,880,4.4188464824199603,4.4188464824199603,0.024096243985395026,0.011337479935173089,0.99290321073357313,0.99950000000000006,6.0256997487544908
1s (m=+0),1,0,0,881,4.4238678988772548,4.4238678988772548,0.023975549990298772,0.011249713365208422,0.99295992058565441,0.99950000000000006,6.0256997487544908
1s (m=+0),1,0,0,882,4.4288893153345503,4.4288893153345503,0.023855460530932682,0.011162597456883359,0.99301619135885844,0.99950000000000006,6.0256997487544908
1s (m=+0),1,0,0,883,4.4339107317918458,4.4339107317918458,0.023735972579279934,0.01107612768348352,0.99307202630906299,0.99950000000000006,6.0256997487544908
1s (m=+0),1,0,0,884,4.4389321482491413,4.4389321482491413,0.023617083122490518,0.010990299546657586,0.99312742866948656,0.99950000000000006,6.0256997487544908
1s (m=+0),1,0,0,885,4.4439535647064368,4.4439535647064368,0.023498789162805272,0.010905108576273853,0.99318240165083038,0.99950000000000006,6.0256997487544908
1s (m=+0),1,0,0,886,4.4489749811637322,4.4489749811637322,0.023381087717480306,0.010820550330277073,0.99323694844141985,0.99950000000000006,6.0256997487544908
1s (m=+0),1,0,0,887,4.4539963976210277,4.4539963976210277,0.023263975818711789,0.01073662039454561,0.99329107220734503,0.99950000000000006,6.0256997487544908
1s (m=+0),1,0,0,888,4.4590178140783232,4.4590178140783232,0.02314745051356111,0.010653314382748972,0.99334477609260063,0.99950000000000006,6.0256997487544908
1s (m=+0),1,0,0,889,4.4640392305356187,4.4640392305356187,0.023031508863880425,0.010570627936205619,0.99339806321922519,0.99950000000000006,6.0256997487544908
1s (m=+0),1,0,0,890,4.4690606469929142,4.4690606469929142,0.022916147946238582,0.010488556723741167,0.99345093668743956,0.99950000000000006,6.0256997487544908
1s (m=+0),1,0,0,891,4.4740820634502096,4.4740820634502096,0.022801364851847392,0.010407096441546913,0.9935033995757846,0.99950000000000006,6.0256997487544908
1s (m=+0),1,0,0,892,4.4791034799075051,4.4791034799075051,0.022687156686488293,0.010326242813038696,0.99355545494125841,0.99950000000000006,6.0256997487544908
1s (m=+0),1,0,0,893,4.4841248963647997,4.4841248963647997,0.022573520570439397,0.010245991588716164,0.99360710581945255,0.99950000000000006,6.0256997487544908
1s (m=+0),1,0,0,894,4.4891463128220952,4.4891463128220952,0.022460453638402787,0.010166338546022276,0.99365835522468771,0.99950000000000006,6.0256997487544908
1s (m=+0),1,0,0,895,4.4941677292793907,4.4941677292793907,0.022347953039432402,0.010087279489203387,0.99370920615014868,0.99950000000000006,6.0256997487544908
1s (m=+0),1,0,0,896,4.4991891457366862,4.4991891457366862,0.022236015936862068,0.01000881024916947,0.99375966156801843,0.99950000000000006,6.0256997487544908
1s (m=+0),1,0,0,897,4.5042105621939816,4.5042105621939816,0.022124639508233984,0.0099309266833548324,0.99380972442961202,0.99950000000000006,6.0256997487544908
1s (m=+0),1,0,0,898,4.5092319786512771,4.5092319786512771,0.022013820945227563,0.0098536246755791985,0.99385939766550901,0.99950000000000006,6.0256997487544908
1s (m=+0),1,0,0,899,4.5142533951085726,4.5142533951085726,0.021903557453588622,0.0097769001359091449,0.9939086841856859,0.99950000000000006,6.0256997487544908
1s (m=+0),1,0,0,900,4.5192748115658681,4.5192748115658681,0.02179384625305892,0.0097007490005199259,0.99395758687964741,0.99950000000000006,6.0256997487544908
1s (m=+0),1,0,0,901,4.5242962280231636,4.5242962280231636,0.021684684577306053,0.0096251672315576919,0.99400610861655747,0.99950000000000006,6.0256997487544908
1s (m=+0),1,0,0,902,4.529317644480459,4.529317644480459,0.021576069673853719,0.0095501508170021086,0.99405425224536892,0.99950000000000006,6.0256997487544908
1s (m=+0),1,0,0,903,4.5343390609377545,4.5343390609377545,0.021467998804012293,0.009475695770529341,0.99410202059495323,0.99950000000000006,6.0256997487544908
1s (m=+0),1,0,0,904,4.53936047739505,4.53936047739505,0.021360469242809779,0.0094017981313754551,0.99414941647422894,0.99950000000000006,6.0256997487544908
1s (m=+0),1,0,0,905,4.5443818938523455,4.5443818938523455,0.02125347827892311,0.0093284539642002236,0.9941964426722899,0.99950000000000006,6.0256997487544908
1s (m=+0),1,0,0,906,4.5494033103096401,4.5494033103096401,0.021147023214609793,0.0092556593589513299,0.99424310195853249,0.99950000000000006,6.0256997487544908
1s (m=+0),1,0,0,907,4.5544247267669355,4.5544247267669355,0.02104110136563981,0.0091834104307289346,0.99428939708278208,0.99950000000000006,6.0256997487544908
1s (m=+0),1,0,0,908,4.559446143224231,4.559446143224231,0.020935710061228054,0.0091117033196507682,0.99433533077541925,0.99950000000000006,6.0256997487544908
1s (m=+0),1,0,0,909,4.5644675596815265,4.5644675596815265,0.020830846643966908,0.0090405341907175106,0.99438090574750493,0.99950000000000006,6.0256997487544908
1s (m=+0),1,0,0,910,4.569488976138822,4.569488976138822,0.02072650846975926,0.0089698992336786597,0.99442612469090508,0.99950000000000006,6.0256997487544908
1s (m=+0),1,0,0,911,4.5745103925961175,4.5745103925961175,0.02062269290775183,0.008899794662898787,0.99447099027841468,0.99950000000000006,6.0256997487544908
1s (m=+0),1,0,0,912,4.5795318090534129,4.5795318090534129,0.020519397340268832,0.0088302167172242384,0.99451550516388076,0.99950000000000006,6.0256997487544908
1s (m=+0),1,0,0,913,4.5845532255107084,4.5845532255107084,0.020416619162745984,0.0087611616598502438,0.99455967198232531,0.99950000000000006,6.0256997487544908
1s (m=+0),1,0,0,914,4.5895746419680039,4.5895746419680039,0.020314355783664809,0.0086926257781884553,0.99460349335006704,0.99950000000000006,6.0256997487544908
1s (m=+0),1,0,0,915,4.5945960584252994,4.5945960584252994,0.020212604624487318,0.0086246053837349262,0.99464697186484263,0.99950000000000006,6.0256997487544908
1s (m=+0),1,0,0,916,4.5996174748825949,4.5996174748825949,0.02011136311959098,0.0085570968119385062,0.99469011010592745,0.99950000000000006,6.0256997487544908
1s (m=+0),1,0,0,917,4.6046388913398903,4.6046388913398903,0.020010628716204026,0.0084900964220696856,0.9947329106342554,0.99950000000000006,6.0256997487544908
1s (m=+0),1,0,0,918,4.6096603077971849,4.6096603077971849,0.019910398874341106,0.0084236005970898739,0.99477537599253829,0.99950000000000006,6.0256997487544908
1s (m=+0),1,0,0,919,4.6146817242544804,4.6146817242544804,0.019810671066739182,0.0083576057435210856,0.99481750870538432,0.99950000000000006,6.0256997487544908
1s (m=+0),1,0,0,920,4.6197031407117759,4.6197031407117759,0.019711442778793886,0.0082921082913161356,0.99485931127941618,0.99950000000000006,6.0256997487544908
1s (m=+0),1,0,0,921,4.6247245571690714,4.6247245571690714,0.019612711508496066,0.0082271046937292241,0.99490078620338851,0.99950000000000006,6.0256997487544908
1s (m=+0),1,0,0,922,4.6297459736263669,4.6297459736263669,0.019514474766368715,0.0081625914271869771,0.99494193594830438,0.99950000000000006,6.0256997487544908
1s (m=+0),1,0,0,923,4.6347673900836623,4.6347673900836623,0.019416730075404183,0.0080985649911599396,0.9949827629675313,0.99950000000000006,6.0256997487544908
1s (m=+0),1,0,0,924,4.6397888065409578,4.6397888065409578,0.019319474971001734,0.0080350219080345224,0.99502326969691668,0.99950000000000006,6.0256997487544908
1s (m=+0),1,0,0,925,4.6448102229982533,4.6448102229982533,0.019222707000905399,0.0079719587229853985,0.99506345855490275,0.99950000000000006,6.0256997487544908
1s (m=+0),1,0,0,926,4.6498316394555488,4.6498316394555488,0.019126423725142151,0.0079093720038483483,0.99510333194264045,0.99950000000000006,6.0256997487544908
1s (m=+0),1,0,0,927,4.6548530559128443,4.6548530559128443,0.019030622715960357,0.0078472583409935608,0.99514289224410302,0.99950000000000006,6.0256997487544908
1s (m=+0),1,0,0,928,4.6598744723701397,4.6598744723701397,0.018935301557768597,0.0077856143471994061,0.99518214182619869,0.99950000000000006,6.0256997487544908
1s (m=+0),1,0,0,929,4.6648958888274352,4.6648958888274352,0.018840457847074724,0.0077244366575266316,0.99522108303888301,0.99950000000000006,6.0256997487544908
1s (m=+0),1,0,0,930,4.6699173052847307,4.6699173052847307,0.018746089192425288,0.0076637219291930724,0.99525971821527037,0.99950000000000006,6.0256997487544908
1s (m=+0),1,0,0,931,4.6749387217420253,4.6749387217420253,0.018652193214345227,0.0076034668414487697,0.99529804967174518,0.99950000000000006,6.0256997487544908
1s (m=+0),1,0,0,932,4.6799601381993208,4.6799601381993208,0.018558767545277823,0.0075436680954515598,0.9953360797080717,0.99950000000000006,6.0256997487544908
1s (m=+0),1,0,0,933,4.6849815546566163,4.6849815546566163,0.018465809829525101,0.0074843224141431944,0.99537381060750418,0.99950000000000006,6.0256997487544908
1s (m=+0),1,0,0,934,4.6900029711139117,4.6900029711139117,0.018373317723188353,0.0074254265421258283,0.99541124463689579,0.99950000000000006,6.0256997487544908
1s (m=+0),1,0,0,935,4.6950243875712072,4.6950243875712072,0.018281288894109064,0.0073669772455390451,0.99544838404680691,0.99950000000000006,6.0256997487544908
1s (m=+0),1,0,0,936,4.7000458040285027,4.7000458040285027,0.018189721021810108,0.0073089713119373154,0.99548523107161335,0.99950000000000006,6.0256997487544908
1s (m=+0),1,0,0,937,4.7050672204857982,4.7050672204857982,0.018098611797437231,0.0072514055501679432,0.99552178792961321,0.99950000000000006,6.0256997487544908
1s (m=+0),1,0,0,938,4.7100886369430937,4.7100886369430937,0.018007958923700843,0.0071942767902494799,0.9955580568231337,0.99950000000000006,6.0256997487544908
1s (m=+0),1,0,0,939,4.7151100534003891,4.7151100534003891,0.017917760114818083,0.007137581883250599,0.99559403993863704,0.99950000000000006,6.0256997487544908
1s (m=+0),1,0,0,940,4.7201314698576846,4.7201314698576846,0.017828013096455188,0.0070813177011694543,0.99562973944682598,0.99950000000000006,6.0256997487544908
1s (m=+0),1,0,0,941,4.7251528863149801,4.7251528863149801,0.017738715605670152,0.0070254811368135146,0.99566515750274842,0.99950000000000006,6.0256997487544908
1s (m=+0),1,0,0,942,4.7301743027722756,4.7301743027722756,0.017649865390855654,0.0069700691036798665,0.99570029624590173,0.99950000000000006,6.0256997487544908
1s (m=+0),1,0,0,943,4.7351957192295702,4.7351957192295702,0.017561460211682312,0.0069150785358359926,0.99573515780033628,0.99950000000000006,6.0256997487544908
1s (m=+0),1,0,0,944,4.7402171356868656,4.7402171356868656,0.017473497839042125,0.0068605063878010132,0.99576974427475851,0.99950000000000006,6.0256997487544908
1s (m=+0),1,0,0,945,4.7452385521441611,4.7452385521441611,0.017385976054992366,0.0068063496344274556,0.99580405776263325,0.99950000000000006,6.0256997487544908
1s (m=+0),1,0,0,946,4.7502599686014566,4.7502599686014566,0.017298892652699585,0.0067526052707834391,0.99583810034228559,0.99950000000000006,6.0256997487544908
1s (m=+0),1,0,0,947,4.7552813850587521,4.7552813850587521,0.017212245436383989,0.0066992703120353726,0.99587187407700217,0.99950000000000006,6.0256997487544908
1s (m=+0),1,0,0,948,4.7603028015160476,4.7603028015160476,0.017126032221264076,0.00664634179333113,0.99590538101513149,0.99950000000000006,6.0256997487544908
1s (m=+0),1,0,0,949,4.765324217973343,4.765324217973343,0.017040250833501542,0.0065938167696836898,0.99593862319018422,0.99950000000000006,6.0256997487544908
1s (m=+0),1,0,0,950,4.7703456344306385,4.7703456344306385,0.016954899110146464,0.0065416923158552742,0.99597160262093276,0.99950000000000006,6.0256997487544908
1s (m=+0),1,0,0,951,4.775367050887934,4.775367050887934,0.016869974899082776,0.0064899655262419609,0.99600432131150984,0.99950000000000006,6.0256997487544908
1s (m=+0),1,0,0,952,4.7803884673452295,4.7803884673452295,0.016785476058973993,0.006438633514758773,0.99603678125150696,0.99950000000000006,6.0256997487544908
1s (m=+0),1,0,0,953,4.785409883802525,4.785409883802525,0.016701400459209221,0.0063876934147252557,0.99606898441607217,0.99950000000000006,6.0256997487544908
1s (m=+0),1,0,0,954,4.7904313002598204,4.7904313002598204,0.01661774597984943,0.0063371423787515358,0.99610093276600709,0.99950000000000006,6.0256997487544908
1s (m=+0),1,0,0,955,4.7954527167171159,4.7954527167171159,0.016534510511574015,0.0062869775786248581,0.99613262824786353,0.99950000000000006,6.0256997487544908
1s (m=+0),1,0,0,956,4.8004741331744105,4.8004741331744105,0.016451691955627602,0.0062371962051966231,0.99616407279403962,0.99950000000000006,6.0256997487544908
1s (m=+0),1,0,0,957,4.805495549631706,4.805495549631706,0.016369288223767094,0.0061877954682698537,0.99619526832287508,0.99950000000000006,6.0256997487544908
1s (m=+0),1,0,0,958,4.8105169660890015,4.8105169660890015,0.016287297238209084,0.0061387725964872387,0.99622621673874623,0.99950000000000006,6.0256997487544908
1s (m=+0),1,0,0,959,4.815538382546297,4.815538382546297,0.016205716931577418,0.0060901248372195755,0.99625691993216037,0.99950000000000006,6.0256997487544908
1s (m=+0),1,0,0,960,4.8205597990035924,4.8205597990035924,0.016124545246851082,0.006041849456454731,0.99628737977984927,0.99950000000000006,6.0256997487544908
1s (m=+0),1,0,0,961,4.8255812154608879,4.8255812154608879,0.016043780137312325,0.0059939437386870862,0.99631759814486265,0.99950000000000006,6.0256997487544908
1s (m=+0),1,0,0,962,4.8306026319181834,4.8306026319181834,0.015963419566495059,0.0059464049868074584,0.99634757687666065,0.99950000000000006,6.0256997487544908
1s (m=+0),1,0,0,963,4.8356240483754789,4.8356240483754789,0.015883461508133512,0.0058992305219935162,0.9963773178112062,0.99950000000000006,6.0256997487544908
1s (m=+0),1,0,0,964,4.8406454648327744,4.8406454648327744,0.015803903946111132,0.0058524176836006678,0.99640682277105619,0.99950000000000006,6.0256997487544908
1s (m=+0),1,0,0,965,4.8456668812900698,4.8456668812900698,0.015724744874409748,0.0058059638290534387,0.99643609356545271,0.99950000000000006,6.0256997487544908
1s (m=+0),1,0,0,966,4.8506882977473653,4.8506882977473653,0.015645982297059002,0.0057598663337373379,0.99646513199041353,0.99950000000000006,6.0256997487544908
1s (m=+0),1,0,0,967,4.8557097142046608,4.8557097142046608,0.015567614228086005,0.0057141225908911974,0.99649393982882206,0.99950000000000006,6.0256997487544908
1s (m=+0),1,0,0,968,4.8607311306619554,4.8607311306619554,0.015489638691465286,0.0056687300115000078,0.99652251885051635,0.99950000000000006,6.0256997487544908
1s (m=+0),1,0,0,969,4.8657525471192509,4.8657525471192509,0.01541205372106891,0.0056236860241882045,0.99655087081237848,0.99950000000000006,6.0256997487544908
1s (m=+0),1,0,0,970,4.8707739635765464,4.8707739635765464,0.015334857360616981,0.0055789880751135092,0.99657899745842249,0.99950000000000006,6.0256997487544908
1s (m=+0),1,0,0,971,4.8757953800338418,4.8757953800338418,0.015258047663628267,0.0055346336278611734,0.99660690051988221,0.99950000000000006,6.0256997487544908
1s (m=+0),1,0,0,972,4.8808167964911373,4.8808167964911373,0.015181622693371125,0.0054906201633387452,0.99663458171529873,0.99950000000000006,6.0256997487544908
1s (m=+0),1,0,0,973,4.8858382129484328,4.8858382129484328,0.015105580522814677,0.0054469451796713263,0.99666204275060677,0.99950000000000006,6.0256997487544908
1s (m=+0),1,0,0,974,4.8908596294057283,4.8908596294057283,0.015029919234580214,0.0054036061920972808,0.99668928531922119,0.99950000000000006,6.0256997487544908
1s (m=+0),1,0,0,975,4.8958810458630238,4.8958810458630238,0.014954636920892848,0.005360600732864455,0.99671631110212255,0.99950000000000006,6.0256997487544908
1s (m=+0),1,0,0,976,4.9009024623203192,4.9009024623203192,0.014879731683533418,0.0053179263511268591,0.99674312176794222,0.99950000000000006,6.0256997487544908
1s (m=+0),1,0,0,977,4.9059238787776147,4.9059238787776147,0.014805201633790614,0.0052755806128418443,0.99676971897304689,0.99950000000000006,6.0256997487544908
1s (m=+0),1,0,0,978,4.9109452952349102,4.9109452952349102,0.014731044892413366,0.0052335611006677461,0.99679610436162303,0.99950000000000006,6.0256997487544908
1s (m=+0),1,0,0,979,4.9159667116922057,4.9159667116922057,0.014657259589563447,0.0051918654138620197,0.99682227956576019,0.99950000000000006,6.0256997487544908
1s (m=+0),1,0,0,980,4.9209881281495012,4.9209881281495012,0.014583843864768338,0.005150491168179846,0.99684824620553436,0.99950000000000006,6.0256997487544908
1s (m=+0),1,0,0,981,4.9260095446067957,4.9260095446067957,0.014510795866874322,0.0051094359957732371,0.99687400588909025,0.99950000000000006,6.0256997487544908
1s (m=+0),1,0,0,982,4.9310309610640912,4.9310309610640912,0.014438113753999757,0.0050686975450905634,0.99689956021272352,0.99950000000000006,6.0256997487544908
1s (m=+0),1,0,0,983,4.9360523775213867,4.9360523775213867,0.014365795693488713,0.00502827348077665,0.99692491076096257,0.99950000000000006,6.0256997487544908
1s (m=+0),1,0,0,984,4.9410737939786822,4.9410737939786822,0.014293839861864711,0.0049881614835732713,0.99695005910664924,0.99950000000000006,6.0256997487544908
1s (m=+0),1,0,0,985,4.9460952104359777,4.9460952104359777,0.014222244444784753,0.0049483592502201522,0.99697500681101969,0.99950000000000006,6.0256997487544908
1s (m=+0),1,0,0,986,4.9511166268932731,4.9511166268932731,0.014151007636993578,0.0049088644933564492,0.99699975542378427,0.99950000000000006,6.0256997487544908
1s (m=+0),1,0,0,987,4.9561380433505686,4.9561380433505686,0.014080127642278143,0.0048696749414227003,0.99702430648320728,0.99950000000000006,6.0256997487544908
1s (m=+0),1,0,0,988,4.9611594598078641,4.9611594598078641,0.014009602673422333,0.0048307883385632494,0.99704866151618599,0.99950000000000006,6.0256997487544908
1s (m=+0),1,0,0,989,4.9661808762651596,4.9661808762651596,0.01393943095216189,0.0047922024445291467,0.99707282203832925,0.99950000000000006,6.0256997487544908
1s (m=+0),1,0,0,990,4.9712022927224551,4.9712022927224551,0.013869610709139585,0.0047539150345815243,0.99709678955403569,0.99950000000000006,6.0256997487544908
1s (m=+0),1,0,0,991,4.9762237091797505,4.9762237091797505,0.013800140183860594,0.0047159238993954343,0.99712056555657125,0.99950000000000006,6.0256997487544908
1s (m=+0),1,0,0,992,4.981245125637046,4.981245125637046,0.01373101762464812,0.0046782268449641782,0.99714415152814628,0.99950000000000006,6.0256997487544908
1s (m=+0),1,0,0,993,4.9862665420943406,4.9862665420943406,0.013662241288599219,0.0046408216925040834,0.99716754893999249,0.99950000000000006,6.0256997487544908
1s (m=+0),1,0,0,994,4.9912879585516361,4.9912879585516361,0.013593809441540827,0.0046037062783597553,0.99719075925243894,0.99950000000000006,6.0256997487544908
1s (m=+0),1,0,0,995,4.9963093750089316,4.9963093750089316,0.013525720357986085,0.004566878453909828,0.99721378391498772,0.99950000000000006,6.0256997487544908
1s (m=+0),1,0,0,996,5.0013307914662271,5.0013307914662271,0.0134579723210908,0.0045303360854731401,0.99723662436638949,0.99950000000000006,6.0256997487544908
1s (m=+0),1,0,0,997,5.0063522079235225,5.0063522079235225,0.013390563622610157,0.0044940770542154038,0.99725928203471803,0.99950000000000006,6.0256997487544908
1s (m=+0),1,0,0,998,5.011373624380818,5.011373624380818,0.01332349256285565,0.0044580992560563316,0.99728175833744459,0.99950000000000006,6.0256997487544908
1s (m=+0),1,0,0,999,5.0163950408381135,5.0163950408381135,0.013256757450652221,0.0044224006015772324,0.99730405468151162,0.99950000000000006,6.0256997487544908
1s (m=+0),1,0,0,1000,5.021416457295409,5.021416457295409,0.013190356603295627,0.0043869790159290715,0.9973261724634066,0.99950000000000006,6.0256997487544908
1s (m=+0),1,0,0,1001,5.0264378737527045,5.0264378737527045,0.013124288346509997,0.0043518324387409905,0.99734811306923443,0.99950000000000006,6.0256997487544908
1s (m=+0),1,0,0,1002,5.0314592902099999,5.0314592902099999,0.013058551014405633,0.0043169588240293006,0.99736987787479026,0.99950000000000006,6.0256997487544908
1s (m=+0),1,0,0,1003,5.0364807066672954,5.0364807066672954,0.012993142949436985,0.0042823561401069167,0.99739146824563141,0.99950000000000006,6.0256997487544908
1s (m=+0),1,0,0,1004,5.0415021231245909,5.0415021231245909,0.012928062502360876,0.0042480223694932777,0.99741288553714891,0.99950000000000006,6.0256997487544908
1s (m=+0),1,0,0,1005,5.0465235395818864,5.0465235395818864,0.012863308032194903,0.0042139555088247056,0.99743413109463863,0.99950000000000006,6.0256997487544908
1s (m=+0),1,0,0,1006,5.051544956039181,5.051544956039181,0.012798877906176082,0.0041801535687652457,0.99745520625337192,0.99950000000000006,6.0256997487544908
1s (m=+0),1,0,0,1007,5.0565663724964764,5.0565663724964764,0.012734770499719619,0.0041466145739179122,0.99747611233866584,0.99950000000000006,6.0256997487544908
1s (m=+0),1,0,0,1008,5.0615877889537719,5.0615877889537719,0.012670984196378032,0.0041133365627364802,0.99749685066595284,0.99950000000000006,6.0256997487544908
1s (m=+0),1,0,0,1009,5.0666092054110674,5.0666092054110674,0.012607517387800334,0.0040803175874376462,0.99751742254085041,0.99950000000000006,6.0256997487544908
1s (m=+0),1,0,0,1010,5.0716306218683629,5.0716306218683629,0.012544368473691494,0.0040475557139136821,0.99753782925922951,0.99950000000000006,6.0256997487544908
1s (m=+0),1,0,0,1011,5.0766520383256584,5.0766520383256584,0.012481535861772093,0.0040150490216455462,0.99755807210728342,0.99950000000000006,6.0256997487544908
1s (m=+0),1,0,0,1012,5.0816734547829538,5.0816734547829538,0.012419017967738161,0.0039827956036164285,0.99757815236159553,0.99950000000000006,6.0256997487544908
1s (m=+0),1,0,0,1013,5.0866948712402493,5.0866948712402493,0.012356813215221247,0.0039507935662257609,0.99759807128920697,0.99950000000000006,6.0256997487544908
1s (m=+0),1,0,0,1014,5.0917162876975448,5.0917162876975448,0.012294920035748653,0.0039190410292036671,0.99761783014768379,0.99950000000000006,6.0256997487544908
1s (m=+0),1,0,0,1015,5.0967377041548403,5.0967377041548403,0.0122333368687039,0.0038875361255258684,0.99763743018518369,0.99950000000000006,6.0256997487544908
1s (m=+0),1,0,0,1016,5.1017591206121358,5.1017591206121358,0.01217206216128737,0.0038562770013290328,0.99765687264052239,0.99950000000000006,6.0256997487544908
1s (m=+0),1,0,0,1017,5.1067805370694312,5.1067805370694312,0.012111094368477156,0.0038252618158265681,0.99767615874323934,0.99950000000000006,6.0256997487544908
1s (m=+0),1,0,0,1018,5.1118019535267258,5.1118019535267258,0.012050431952990113,0.0037944887412248714,0.99769528971366317,0.99950000000000006,6.0256997487544908
1s (m=+0),1,0,0,1019,5.1168233699840213,5.1168233699840213,0.011990073385243053,0.0037639559626399875,0.99771426676297692,0.99950000000000006,6.0256997487544908
1s (m=+0),1,0,0,1020,5.1218447864413168,5.1218447864413168,0.011930017143314245,0.0037336616780147703,0.99773309109328256,0.99950000000000006,6.0256997487544908
1s (m=+0),1,0,0,1021,5.1268662028986123,5.1268662028986123,0.011870261712904994,0.0037036040980364272,0.99775176389766518,0.99950000000000006,6.0256997487544908
1s (m=+0),1,0,0,1022,5.1318876193559078,5.1318876193559078,0.011810805587301468,0.0036737814460545293,0.99777028636025666,0.99950000000000006,6.0256997487544908
1s (m=+0),1,0,0,1023,5.1369090358132032,5.1369090358132032,0.011751647267336714,0.0036441919579994599,0.99778865965629926,0.99950000000000006,6.0256997487544908
1s (m=+0),1,0,0,1024,5.1419304522704987,5.1419304522704987,0.011692785261352845,0.0036148338823012924,0.99780688495220848,0.99950000000000006,6.0256997487544908
1s (m=+0),1,0,0,1025,5.1469518687277942,5.1469518687277942,0.011634218085163442,0.0035857054798091154,0.99782496340563565,0.99950000000000006,6.0256997487544908
1s (m=+0),1,0,0,1026,5.1519732851850897,5.1519732851850897,0.011575944262016118,0.0035568050237107722,0.99784289616553001,0.99950000000000006,6.0256997487544908
1s (m=+0),1,0,0,1027,5.1569947016423852,5.1569947016423852,0.011517962322555291,0.0035281307994530593,0.99786068437220066,0.99950000000000006,6.0256997487544908
1s (m=+0),1,0,0,1028,5.1620161180996806,5.1620161180996806,0.011460270804785131,0.0034996811046623384,0.99787832915737773,0.99950000000000006,6.0256997487544908
1s (m=+0),1,0,0,1029,5.1670375345569761,5.1670375345569761,0.011402868254032696,0.0034714542490655816,0.99789583164427331,0.99950000000000006,6.0256997487544908
1s (m=+0),1,0,0,1030,5.1720589510142716,5.1720589510142716,0.011345753222911256,0.0034434485544118537,0.99791319294764236,0.99950000000000006,6.0256997487544908
1s (m=+0),1,0,0,1031,5.1770803674715662,5.1770803674715662,0.011288924271283803,0.003415662354394217,0.99793041417384232,0.99950000000000006,6.0256997487544908
1s (m=+0),1,0,0,1032,5.1821017839288617,5.1821017839288617,0.011232379966226702,0.003388093994572045,0.99794749642089342,0.99950000000000006,6.0256997487544908
1s (m=+0),1,0,0,1033,5.1871232003861572,5.1871232003861572,0.011176118881993619,0.0033607418322938072,0.99796444077853774,0.99950000000000006,6.0256997487544908
1s (m=+0),1,0,0,1034,5.1921446168434526,5.1921446168434526,0.011120139599979531,0.0033336042366202286,0.99798124832829838,0.99950000000000006,6.0256997487544908
1s (m=+0),1,0,0,1035,5.1971660333007481,5.1971660333007481,0.011064440708684968,0.0033066795882478982,0.99799792014353805,0.99950000000000006,6.0256997487544908
1s (m=+0),1,0,0,1036,5.2021874497580436,5.2021874497580436,0.011009020803680419,0.0032799662794332869,0.99801445728951721,0.99950000000000006,6.0256997487544908
1s (m=+0),1,0,0,1037,5.2072088662153391,5.2072088662153391,0.010953878487570925,0.0032534627139171966,0.99803086082345205,0.99950000000000006,6.0256997487544908
1s (m=+0),1,0,0,1038,5.2122302826726346,5.2122302826726346,0.010899012369960838,0.0032271673068496121,0.99804713179457205,0.99950000000000006,6.0256997487544908
1s (m=+0),1,0,0,1039,5.21725169912993,5.21725169912993,0.010844421067418767,0.0032010784847149821,0.99806327124417671,0.99950000000000006,6.0256997487544908
1s (m=+0),1,0,0,1040,5.2222731155872255,5.2222731155872255,0.010790103203442694,0.0031751946852579104,0.9980792802056927,0.99950000000000006,6.0256997487544908
1s (m=+0),1,0,0,1041,5.227294532044521,5.227294532044521,0.010736057408425266,0.003149514357409258,0.99809515970472995,0.99950000000000006,6.0256997487544908
1s (m=+0),1,0,0,1042,5.2323159485018165,5.2323159485018165,0.010682282319619261,0.0031240359612126649,0.99811091075913771,0.99950000000000006,6.0256997487544908
1s (m=+0),1,0,0,1043,5.2373373649591111,5.2373373649591111,0.010628776581103236,0.0030987579677514789,0.99812653437906029,0.99950000000000006,6.0256997487544908
1s (m=+0),1,0,0,1044,5.2423587814164065,5.2423587814164065,0.010575538843747298,0.003073678859076074,0.99814203156699222,0.99950000000000006,6.0256997487544908
1s (m=+0),1,0,0,1045,5.247380197873702,5.247380197873702,0.010522567765179149,0.0030487971281316275,0.99815740331783298,0.99950000000000006,6.0256997487544908
1s (m=+0),1,0,0,1046,5.2524016143309975,5.2524016143309975,0.01046986200975019,0.0030241112786862459,0.99817265061894178,0.99950000000000006,6.0256997487544908
1s (m=+0),1,0,0,1047,5.257423030788293,5.257423030788293,0.010417420248501867,0.0029996198252595346,0.99818777445019158,0.99950000000000006,6.0256997487544908
1s (m=+0),1,0,0,1048,5.2624444472455885,5.2624444472455885,0.010365241159132149,0.00297532129305155,0.99820277578402306,0.99950000000000006,6.0256997487544908
1s (m=+0),1,0,0,1049,5.2674658637028839,5.2674658637028839,0.010313323425962188,0.0029512142178721589,0.99821765558549769,0.99950000000000006,6.0256997487544908
1s (m=+0),1,0,0,1050,5.2724872801601794,5.2724872801601794,0.010261665739903158,0.002927297146070814,0.99823241481235137,0.99950000000000006,6.0256997487544908
1s (m=+0),1,0,0,1051,5.2775086966174749,5.2775086966174749,0.010210266798423228,0.0029035686344666984,0.99824705441504669,0.99950000000000006,6.0256997487544908
1s (m=+0),1,0,0,1052,5.2825301130747704,5.2825301130747704,0.01015912530551473,0.0028800272502792928,0.99826157533682569,0.99950000000000006,6.0256997487544908
1s (m=+0),1,0,0,1053,5.2875515295320659,5.2875515295320659,0.010108239971661478,0.0028566715710593251,0.99827597851376171,0.99950000000000006,6.0256997487544908
1s (m=+0),1,0,0,1054,5.2925729459893613,5.2925729459893613,0.010057609513806258,0.0028335001846201253,0.9982902648748111,0.99950000000000006,6.0256997487544908
1s (m=+0),1,0,0,1055,5.2975943624466568,5.2975943624466568,0.010007232655318466,0.0028105116889693563,0.99830443534186475,0.99950000000000006,6.0256997487544908
1s (m=+0),1,0,0,1056,5.3026157789039514,5.3026157789039514,0.0099571081259619363,0.0027877046922411609,0.99831849082979884,0.99950000000000006,6.0256997487544908
1s (m=+0),1,0,0,1057,5.3076371953612469,5.3076371953612469,0.0099072346618628709,0.0027650778126286591,0.99833243224652568,0.99950000000000006,6.0256997487544908
1s (m=+0),1,0,0,1058,5.3126586118185424,5.3126586118185424,0.0098576110054780317,0.0027426296783168904,0.9983462604930442,0.99950000000000006,6.0256997487544908
1s (m=+0),1,0,0,1059,5.3176800282758379,5.3176800282758379,0.0098082359055629894,0.0027203589274160883,0.99835997646348962,0.99950000000000006,6.0256997487544908
1s (m=+0),1,0,0,1060,5.3227014447331333,5.3227014447331333,0.0097591081171405861,0.0026982642078953699,0.99837358104518337,0.99950000000000006,6.0256997487544908
1s (m=+0),1,0,0,1061,5.3277228611904288,5.3277228611904288,0.009710226401469544,0.002676344177516804,0.99838707511868241,0.99950000000000006,6.0256997487544908
1s (m=+0),1,0,0,1062,5.3327442776477243,5.3327442776477243,0.0096615895260132277,0.0026545975037698534,0.99840045955782808,0.99950000000000006,6.0256997487544908
1s (m=+0),1,0,0,1063,5.3377656941050198,5.3377656941050198,0.0096131962644085724,0.0026330228638062115,0.99841373522979493,0.99950000000000006,6.0256997487544908
1s (m=+0),1,0,0,1064,5.3427871105623153,5.3427871105623153,0.0095650453964351533,0.0026116189443750023,0.99842690299513903,0.99950000000000006,6.0256997487544908
1s (m=+0),1,0,0,1065,5.3478085270196107,5.3478085270196107,0.0095171357079844275,0.0025903844417583728,0.99843996370784605,0.99950000000000006,6.0256997487544908
1s (m=+0),1,0,0,1066,5.3528299434769062,5.3528299434769062,0.009469465991029111,0.0025693180617074492,0.99845291821537885,0.99950000000000006,6.0256997487544908
1s (m=+0),1,0,0,1067,5.3578513599342017,5.3578513599342017,0.0094220350435927254,0.0025484185193786748,0.99846576735872505,0.99950000000000006,6.0256997487544908
1s (m=+0),1,0,0,1068,5.3628727763914963,5.3628727763914963,0.0093748416697192975,0.002527684539270522,0.99847851197244386,0.99950000000000006,6.0256997487544908
1s (m=+0),1,0,0,1069,5.3678941928487918,5.3678941928487918,0.00932788467944317,0.0025071148551605582,0.99849115288471302,0.99950000000000006,6.0256997487544908
1s (m=+0),1,0,0,1070,5.3729156093060872,5.3729156093060872,0.0092811628887590411,0.0024867082100429143,0.99850369091737523,0.99950000000000006,6.0256997487544908
1s (m=+0),1,0,0,1071,5.3779370257633827,5.3779370257633827,0.0092346751195920892,0.0024664633560660923,0.99851612688598412,0.99950000000000006,6.0256997487544908
1s (m=+0),1,0,0,1072,5.3829584422206782,5.3829584422206782,0.0091884201997682671,0.0024463790544711518,0.99852846159985031,0.99950000000000006,6.0256997487544908
1s (m=+0),1,0,0,1073,5.3879798586779737,5.3879798586779737,0.0091423969629847463,0.0024264540755302572,0.9985406958620866,0.99950000000000006,6.0256997487544908
1s (m=+0),1,0,0,1074,5.3930012751352692,5.3930012751352692,0.0090966042487805147,0.0024066871984855932,0.99855283046965349,0.99950000000000006,6.0256997487544908
1s (m=+0),1,0,0,1075,5.3980226915925646,5.3980226915925646,0.009051040902507107,0.0023870772114886374,0.99856486621340379,0.99950000000000006,6.0256997487544908
1s (m=+0),1,0,0,1076,5.4030441080498601,5.4030441080498601,0.0090057057752995027,0.0023676229115398009,0.99857680387812742,0.99950000000000006,6.0256997487544908
1s (m=+0),1,0,0,1077,5.4080655245071556,5.4080655245071556,0.0089605977240471476,0.0023483231044284141,0.99858864424259552,0.99950000000000006,6.0256997487544908
1s (m=+0),1,0,0,1078,5.4130869409644511,5.4130869409644511,0.0089157156113651333,0.002329176604673086,0.99860038807960472,0.99950000000000006,6.0256997487544908
1s (m=+0),1,0,0,1079,5.4181083574217466,5.4181083574217466,0.0088710583055655202,0.0023101822354624048,0.99861203615602034,0.99950000000000006,6.0256997487544908
1s (m=+0),1,0,0,1080,5.423129773879042,5.423129773879042,0.0088266246806288032,0.0022913388285960064,0.99862358923282013,0.99950000000000006,6.0256997487544908
1s (m=+0),1,0,0,1081,5.4281511903363366,5.4281511903363366,0.0087824136161755231,0.0022726452244259824,0.99863504806513748,0.99950000000000006,6.0256997487544908
1s (m=+0),1,0,0,1082,5.4331726067936321,5.4331726067936321,0.0087384239974379902,0.0022541002717986402,0.99864641340230387,0.99950000000000006,6.0256997487544908
1s (m=+0),1,0,0,1083,5.4381940232509276,5.4381940232509276,0.0086946547152322168,0.00223570282799663,0.99865768598789151,0.99950000000000006,6.0256997487544908
1s (m=+0),1,0,0,1084,5.4432154397082231,5.4432154397082231,0.0086511046659299238,0.0022174517586813999,0.99866886655975573,0.99950000000000006,6.0256997487544908
1s (m=+0),1,0,0,1085,5.4482368561655186,5.4482368561655186,0.0086077727514307211,0.0021993459378360026,0.99867995585007663,0.99950000000000006,6.0256997487544908
1s (m=+0),1,0,0,1086,5.453258272622814,5.453258272622814,0.0085646578791344127,0.0021813842477082504,0.99869095458540091,0.99950000000000006,6.0256997487544908
1s (m=+0),1,0,0,1087,5.4582796890801095,5.4582796890801095,0.0085217589619134525,0.0021635655787542113,0.99870186348668333,0.99950000000000006,6.0256997487544908
1s (m=+0),1,0,0,1088,5.463301105537405,5.463301105537405,0.0084790749180855361,0.0021458888295820501,0.99871268326932727,0.99950000000000006,6.0256997487544908
1s (m=+0),1,0,0,1089,5.4683225219947005,5.4683225219947005,0.0084366046713863149,0.0021283529068961975,0.99872341464322623,0.99950000000000006,6.0256997487544908
1s (m=+0),1,0,0,1090,5.473343938451996,5.473343938451996,0.0083943471509422708,0.0021109567254418765,0.99873405831280393,0.99950000000000006,6.0256997487544908
1s (m=+0),1,0,0,1091,5.4783653549092914,5.4783653549092914,0.0083523012912437092,0.0020936992079499512,0.99874461497705458,0.99950000000000006,6.0256997487544908
1s (m=+0),1,0,0,1092,5.4833867713665869,5.4833867713665869,0.0083104660321178907,0.0020765792850821144,0.99875508532958279,0.99950000000000006,6.0256997487544908
1s (m=+0),1,0,0,1093,5.4884081878238815,5.4884081878238815,0.0082688403187023089,0.0020595958953764158,0.99876547005864347,0.99950000000000006,6.0256997487544908
1s (m=+0),1,0,0,1094,5.493429604281177,5.493429604281177,0.0082274231014180625,0.0020427479851931022,0.99877576984718119,0.99950000000000006,6.0256997487544908
1s (m=+0),1,0,0,1095,5.4984510207384725,5.4984510207384725,0.0081862133359434357,0.0020260345086608239,0.99878598537286911,0.99950000000000006,6.0256997487544908
1s (m=+0),1,0,0,1096,5.503472437195768,5.503472437195768,0.0081452099831875353,0.0020094544276231369,0.9987961173081481,0.99950000000000006,6.0256997487544908
1s (m=+0),1,0,0,1097,5.5084938536530634,5.5084938536530634,0.0081044120092640982,0.0019930067115853448,0.9988061663202652,0.99950000000000006,6.0256997487544908
1s (m=+0),1,0,0,1098,5.5135152701103589,5.5135152701103589,0.0080638183854654204,0.0019766903376616713,0.99881613307131201,0.99950000000000006,6.0256997487544908
1s (m=+0),1,0,0,1099,5.5185366865676544,5.5185366865676544,0.0080234280882364208,0.0019605042905227505,0.99882601821826278,0.99950000000000006,6.0256997487544908
1s (m=+0),1,0,0,1100,5.5235581030249499,5.5235581030249499,0.0079832400991488341,0.0019444475623434448,0.99883582241301228,0.99950000000000006,6.0256997487544908
1s (m=+0),1,0,0,1101,5.5285795194822454,5.5285795194822454,0.0079432534048755245,0.0019285191527509784,0.99884554630241318,0.99950000000000006,6.0256997487544908
1s (m=+0),1,0,0,1102,5.5336009359395408,5.5336009359395408,0.0079034669971649475,0.0019127180687734018,0.9988551905283134,0.99950000000000006,6.0256997487544908
1s (m=+0),1,0,0,1103,5.5386223523968363,5.5386223523968363,0.007863879872815711,0.0018970433247883567,0.99886475572759337,0.99950000000000006,6.0256997487544908
1s (m=+0),1,0,0,1104,5.5436437688541318,5.5436437688541318,0.0078244910336512929,0.0018814939424721775,0.99887424253220258,0.99950000000000006,6.0256997487544908
1s (m=+0),1,0,0,1105,5.5486651853114273,5.5486651853114273,0.0077852994864948677,0.0018660689507492942,0.99888365156919601,0.99950000000000006,6.0256997487544908
1s (m=+0),1,0,0,1106,5.5536866017687219,5.5536866017687219,0.0077463042431442702,0.0018507673857419576,0.9988929834607706,0.99950000000000006,6.0256997487544908
1s (m=+0),1,0,0,1107,5.5587080182260173,5.5587080182260173,0.0077075043203470514,0.0018355882907202606,0.99890223882430118,0.99950000000000006,6.0256997487544908
1s (m=+0),1,0,0,1108,5.5637294346833128,5.5637294346833128,0.0076688987397757263,0.0018205307160524995,0.99891141827237639,0.99950000000000006,6.0256997487544908
1s (m=+0),1,0,0,1109,5.5687508511406083,5.5687508511406083,0.0076304865280030819,0.0018055937191558174,0.99892052241283402,0.99950000000000006,6.0256997487544908
1s (m=+0),1,0,0,1110,5.5737722675979038,5.5737722675979038,0.0075922667164776353,0.0017907763644471662,0.99892955184879617,0.99950000000000006,6.0256997487544908
1s (m=+0),1,0,0,1111,5.5787936840551993,5.5787936840551993,0.0075542383414992139,0.0017760777232945736,0.99893850717870469,0.99950000000000006,6.0256997487544908
1s (m=+0),1,0,0,1112,5.5838151005124947,5.5838151005124947,0.0075164004441946545,0.0017614968739687138,0.99894738899635549,0.99950000000000006,6.0256997487544908
1s (m=+0),1,0,0,1113,5.5888365169697902,5.5888365169697902,0.0074787520704936291,0.0017470329015947846,0.99895619789093348,0.99950000000000006,6.0256997487544908
1s (m=+0),1,0,0,1114,5.5938579334270857,5.5938579334270857,0.0074412922711045836,0.0017326848981046809,0.99896493444704659,0.99950000000000006,6.0256997487544908
1s (m=+0),1,0,0,1115,5.5988793498843812,5.5988793498843812,0.0074040201014908052,0.0017184519621894715,0.99897359924475992,0.99950000000000006,6.0256997487544908
1s (m=+0),1,0,0,1116,5.6039007663416767,5.6039007663416767,0.0073669346218466058,0.0017043331992521746,0.99898219285962964,0.99950000000000006,6.0256997487544908
1s (m=+0),1,0,0,1117,5.6089221827989721,5.6089221827989721,0.0073300348970736237,0.001690327721360828,0.99899071586273647,0.99950000000000006,6.0256997487544908
1s (m=+0),1,0,0,1118,5.6139435992562667,5.6139435992562667,0.0072933199967572518,0.001676434647201859,0.99899916882071915,0.99950000000000006,6.0256997487544908
1s (m=+0),1,0,0,1119,5.6189650157135622,5.6189650157135622,0.0072567889951431538,0.0016626531020337372,0.99900755229580729,0.99950000000000006,6.0256997487544908
1s (m=+0),1,0,0,1120,5.6239864321708577,5.6239864321708577,0.0072204409711139591,0.0016489822176409404,0.99901586684585464,0.99950000000000006,6.0256997487544908
1s (m=+0),1,0,0,1121,5.6290078486281532,5.6290078486281532,0.0071842750081660091,0.001635421132288191,0.99902411302437155,0.99950000000000006,6.0256997487544908
1s (m=+0),1,0,0,1122,5.6340292650854487,5.6340292650854487,0.0071482901943862595,0.0016219689906749931,0.99903229138055716,0.99950000000000006,6.0256997487544908
1s (m=+0),1,0,0,1123,5.6390506815427441,5.6390506815427441,0.0071124856224292808,0.0016086249438904527,0.99904040245933212,0.99950000000000006,6.0256997487544908
1s (m=+0),1,0,0,1124,5.6440720980000396,5.6440720980000396,0.0070768603894943846,0.0015953881493683895,0.99904844680137006,0.99950000000000006,6.0256997487544908
1s (m=+0),1,0,0,1125,5.6490935144573351,5.6490935144573351,0.0070414135973028581,0.0015822577708427283,0.99905642494312963,0.99950000000000006,6.0256997487544908
1s (m=+0),1,0,0,1126,5.6541149309146306,5.6541149309146306,0.0070061443520753114,0.0015692329783031774,0.99906433741688605,0.99950000000000006,6.0256997487544908
1s (m=+0),1,0,0,1127,5.6591363473719261,5.6591363473719261,0.0069710517645091459,0.001556312947951188,0.99907218475076209,0.99950000000000006,6.0256997487544908
1s (m=+0),1,0,0,1128,5.6641577638292215,5.6641577638292215,0.0069361349497561297,0.001543496862156197,0.9990799674687596,0.99950000000000006,6.0256997487544908
1s (m=+0),1,0,0,1129,5.669179180286517,5.669179180286517,0.0069013930274000827,0.0015307839094121421,0.99908768609078991,0.99950000000000006,6.0256997487544908
1s (m=+0),1,0,0,1130,5.6742005967438125,5.6742005967438125,0.0068668251214346826,0.0015181732842942635,0.99909534113270493,0.99950000000000006,6.0256997487544908
1s (m=+0),1,0,0,1131,5.6792220132011071,5.6792220132011071,0.0068324303602413788,0.0015056641874161769,0.99910293310632725,0.99950000000000006,6.0256997487544908
1s (m=+0),1,0,0,1132,5.6842434296584026,5.6842434296584026,0.0067982078765673921,0.0014932558253872143,0.99911046251948044,0.99950000000000006,6.0256997487544908
1s (m=+0),1,0,0,1133,5.689264846115698,5.689264846115698,0.0067641568075038827,0.0014809474107700601,0.99911792987601911,0.99950000000000006,6.0256997487544908
1s (m=+0),1,0,0,1134,5.6942862625729935,5.6942862625729935,0.0067302762944641686,0.0014687381620386338,0.99912533567585871,0.99950000000000006,6.0256997487544908
1s (m=+0),1,0,0,1135,5.699307679030289,5.699307679030289,0.0066965654831620857,0.0014566273035362595,0.99913268041500491,0.99950000000000006,6.0256997487544908
1s (m=+0),1,0,0,1136,5.7043290954875845,5.7043290954875845,0.0066630235235904398,0.001444614065434097,0.9991399645855833,0.99950000000000006,6.0256997487544908
1s (m=+0),1,0,0,1137,5.70935051194488,5.70935051194488,0.0066296495699995819,0.0014326976836898445,0.99914718867586816,0.99950000000000006,6.0256997487544908
1s (m=+0),1,0,0,1138,5.7143719284021754,5.7143719284021754,0.0065964427808760774,0.0014208774000067036,0.99915435317031187,0.99950000000000006,6.0256997487544908
1s (m=+0),1,0,0,1139,5.7193933448594709,5.7193933448594709,0.0065634023189214902,0.0014091524617926153,0.99916145854957317,0.99950000000000006,6.0256997487544908
1s (m=+0),1,0,0,1140,5.7244147613167664,5.7244147613167664,0.0065305273510312695,0.0013975221221197518,0.99916850529054613,0.99950000000000006,6.0256997487544908
1s (m=+0),1,0,0,1141,5.7294361777740619,5.7294361777740619,0.0064978170482737456,0.0013859856396842773,0.99917549386638815,0.99950000000000006,6.0256997487544908
1s (m=+0),1,0,0,1142,5.7344575942313574,5.7344575942313574,0.0064652705858692251,0.0013745422787663623,0.99918242474654839,0.99950000000000006,6.0256997487544908
1s (m=+0),1,0,0,1143,5.739479010688652,5.739479010688652,0.0064328871431692013,0.0013631913091904661,0.99918929839679549,0.99950000000000006,6.0256997487544908
1s (m=+0),1,0,0,1144,5.7445004271459474,5.7445004271459474,0.0064006659036356401,0.0013519320062858617,0.99919611527924546,0.99950000000000006,6.0256997487544908
1s (m=+0),1,0,0,1145,5.7495218436032429,5.7495218436032429,0.0063686060548204266,0.0013407636508474409,0.99920287585238909,0.99950000000000006,6.0256997487544908
1s (m=+0),1,0,0,1146,5.7545432600605384,5.7545432600605384,0.0063367067883448513,0.0013296855290967496,0.99920958057111942,0.99950000000000006,6.0256997487544908
1s (m=+0),1,0,0,1147,5.7595646765178339,5.7595646765178339,0.0063049672998792394,0.0013186969326432927,0.99921622988675873,0.99950000000000006,6.0256997487544908
1s (m=+0),1,0,0,1148,5.7645860929751294,5.7645860929751294,0.0062733867891226662,0.0013077971584460847,0.99922282424708575,0.99950000000000006,6.0256997487544908
1s (m=+0),1,0,0,1149,5.7696075094324248,5.7696075094324248,0.0062419644597827778,0.0012969855087754511,0.9992293640963622,0.99950000000000006,6.0256997487544908
1s (m=+0),1,0,0,1150,5.7746289258897203,5.7746289258897203,0.0062106995195557136,0.0012862612911750835,0.99923584987535952,0.99950000000000006,6.0256997487544908
1s (m=+0),1,0,0,1151,5.7796503423470158,5.7796503423470158,0.0061795911801061296,0.0012756238184243364,0.99924228202138499,0.99950000000000006,6.0256997487544908
1s (m=+0),1,0,0,1152,5.7846717588043113,5.7846717588043113,0.0061486386570473181,0.0012650724085007765,0.99924866096830844,0.99950000000000006,6.0256997487544908
1s (m=+0),1,0,0,1153,5.7896931752616068,5.7896931752616068,0.0061178411699214317,0.0012546063845429744,0.99925498714658767,0.99950000000000006,6.0256997487544908
1s (m=+0),1,0,0,1154,5.7947145917189022,5.7947145917189022,0.0060871979421798046,0.0012442250748135389,0.99926126098329471,0.99950000000000006,6.0256997487544908
1s (m=+0),1,0,0,1155,5.7997360081761977,5.7997360081761977,0.0060567082011633707,0.0012339278126623991,0.99926748290214118,0.99950000000000006,6.0256997487544908
1s (m=+0),1,0,0,1156,5.8047574246334923,5.8047574246334923,0.0060263711780831888,0.0012237139364903225,0.99927365332350382,0.99950000000000006,6.0256997487544908
1s (m=+0),1,0,0,1157,5.8097788410907878,5.8097788410907878,0.0059961861080010323,0.0012135827897126698,0.99927977266445001,0.99950000000000006,6.0256997487544908
1s (m=+0),1,0,0,1158,5.8148002575480833,5.8148002575480833,0.0059661522298101385,0.0012035337207234038,0.9992858413387623,0.99950000000000006,6.0256997487544908
1s (m=+0),1,0,0,1159,5.8198216740053788,5.8198216740053788,0.0059362687862159931,0.0011935660828593174,0.999291859756964,0.99950000000000006,6.0256997487544908
1s (m=+0),1,0,0,1160,5.8248430904626742,5.8248430904626742,0.0059065350237172418,0.0011836792343645067,0.99929782832634351,0.99950000000000006,6.0256997487544908
1s (m=+0),1,0,0,1161,5.8298645069199697,5.8298645069199697,0.0058769501925866902,0.0011738725383550778,0.99930374745097872,0.99950000000000006,6.0256997487544908
1s (m=+0),1,0,0,1162,5.8348859233772652,5.8348859233772652,0.0058475135468523988,0.0011641453627840861,0.99930961753176184,0.99950000000000006,6.0256997487544908
1s (m=+0),1,0,0,1163,5.8399073398345607,5.8399073398345607,0.0058182243442788792,0.0011544970804067073,0.99931543896642328,0.99950000000000006,6.0256997487544908
1s (m=+0),1,0,0,1164,5.8449287562918562,5.8449287562918562,0.0057890818463483705,0.0011449270687456385,0.99932121214955572,0.99950000000000006,6.0256997487544908
1s (m=+0),1,0,0,1165,5.8499501727491516,5.8499501727491516,0.0057600853182422232,0.0011354347100567311,0.99932693747263801,0.99950000000000006,6.0256997487544908
1s (m=+0),1,0,0,1166,5.8549715892064471,5.8549715892064471,0.0057312340288223698,0.001126019391294849,0.99933261532405904,0.99950000000000006,6.0256997487544908
1s (m=+0),1,0,0,1167,5.8599930056637426,5.8599930056637426,0.0057025272506128896,0.0011166805040799541,0.99933824608914079,0.99950000000000006,6.0256997487544908
1s (m=+0),1,0,0,1168,5.8650144221210372,5.8650144221210372,0.0056739642597816676,0.0011074174446634194,0.99934383015016204,0.99950000000000006,6.0256997487544908
1s (m=+0),1,0,0,1169,5.8700358385783327,5.8700358385783327,0.0056455443361221307,0.0010982296138945609,0.9993493678863814,0.99950000000000006,6.0256997487544908
1s (m=+0),1,0,0,1170,5.8750572550356281,5.8750572550356281,0.0056172667630351092,0.0010891164171874003,0.99935485967406057,0.99950000000000006,6.0256997487544908
1s (m=+0),1,0,0,1171,5.8800786714929236,5.8800786714929236,0.0055891308275107538,0.0010800772644876425,0.99936030588648672,0.99950000000000006,6.0256997487544908
1s (m=+0),1,0,0,1172,5.8851000879502191,5.8851000879502191,0.0055611358201105602,0.0010711115702398768,0.9993657068939954,0.99950000000000006,6.0256997487544908
1s (m=+0),1,0,0,1173,5.8901215044075146,5.8901215044075146,0.0055332810349494809,0.0010622187533549958,0.99937106306399326,0.99950000000000006,6.0256997487544908
1s (m=+0),1,0,0,1174,5.8951429208648101,5.8951429208648101,0.0055055657696781272,0.0010533982371778315,0.99937637476098007,0.99950000000000006,6.0256997487544908
1s (m=+0),1,0,0,1175,5.9001643373221055,5.9001643373221055,0.0054779893254650585,0.0010446494494550098,0.99938164234657101,0.99950000000000006,6.0256997487544908
1s (m=+0),1,0,0,1176,5.905185753779401,5.905185753779401,0.0054505510069791626,0.0010359718223030201,0.99938686617951866,0.99950000000000006,6.0256997487544908
1s (m=+0),1,0,0,1177,5.9102071702366965,5.9102071702366965,0.0054232501223721238,0.0010273647921764972,0.99939204661573511,0.99950000000000006,6.0256997487544908
1s (m=+0),1,0,0,1178,5.915228586693992,5.915228586693992,0.0053960859832609762,0.0010188277998367161,0.99939718400831323,0.99950000000000006,6.0256997487544908
1s (m=+0),1,0,0,1179,5.9202500031512875,5.9202500031512875,0.0053690579047107464,0.0010103602903203006,0.99940227870754872,0.99950000000000006,6.0256997487544908
1s (m=+0),1,0,0,1180,5.9252714196085829,5.9252714196085829,0.0053421652052171847,0.0010019617129081407,0.99940733106096091,0.99950000000000006,6.0256997487544908
1s (m=+0),1,0,0,1181,5.9302928360658775,5.9302928360658775,0.0053154072066895867,0.00099363152109451978,0.99941234141331459,0.99950000000000006,6.0256997487544908
1s (m=+0),1,0,0,1182,5.935314252523173,5.935314252523173,0.005288783234433673,0.00098536917255644357,0.99941731010664059,0.99950000000000006,6.0256997487544908
1s (m=+0),1,0,0,1183,5.9403356689804685,5.9403356689804685,0.0052622926171346091,0.00097717412912319015,0.99942223748025716,0.99950000000000006,6.0256997487544908
1s (m=+0),1,0,0,1184,5.945357085437764,5.945357085437764,0.0052359346868400556,0.00096904585674604995,0.99942712387079047,0.99950000000000006,6.0256997487544908
1s (m=+0),1,0,0,1185,5.9503785018950595,5.9503785018950595,0.0052097087789433347,0.00096098382546827836,0.99943196961219516,0.99950000000000006,6.0256997487544908
1s (m=+0),1,0,0,1186,5.9553999183523549,5.9553999183523549,0.0051836142321666709,0.00095298750939524959,0.99943677503577499,0.99950000000000006,6.0256997487544908
1s (m=+0),1,0,0,1187,5.9604213348096504,5.9604213348096504,0.0051576503885445166,0.00094505638666481236,0.99944154047020317,0.99950000000000006,6.0256997487544908
1s (m=+0),1,0,0,1188,5.9654427512669459,5.9654427512669459,0.0051318165934069598,0.00093718993941784457,0.99944626624154242,0.99950000000000006,6.0256997487544908
1s (m=+0),1,0,0,1189,5.9704641677242414,5.9704641677242414,0.0051061121953632216,0.00092938765376901044,0.999450952673265,0.99950000000000006,6.0256997487544908
1s (m=+0),1,0,0,1190,5.9754855841815369,5.9754855841815369,0.0050805365462852272,0.00092164901977771383,0.99945560008627277,0.99950000000000006,6.0256997487544908
1s (m=+0),1,0,0,1191,5.9805070006388323,5.9805070006388323,0.005055089001291267,0.00091397353141924932,0.99946020879891673,0.99950000000000006,6.0256997487544908
1s (m=+0),1,0,0,1192,5.9855284170961278,5.9855284170961278,0.0050297689187297333,0.00090636068655614856,0.9994647791270167,0.99950000000000006,6.0256997487544908
1s (m=+0),1,0,0,1193,5.9905498335534224,5.9905498335534224,0.0050045756601629467,0.00089880998690972341,0.99946931138388073,0.99950000000000006,6.0256997487544908
1s (m=+0),1,0,0,1194,5.9955712500107179,5.9955712500107179,0.0049795085903510403,0.0008913209380317956,0.99947380588032431,0.99950000000000006,6.0256997487544908
1s (m=+0),1,0,0,1195,6.0005926664680134,6.0005926664680134,0.0049545670772359694,0.00088389304927663297,0.99947826292468989,0.99950000000000006,6.0256997487544908
1s (m=+0),1,0,0,1196,6.0056140829253088,6.0056140829253088,0.0049297504919255568,0.00087652583377306184,0.99948268282286545,0.99950000000000006,6.0256997487544908
1s (m=+0),1,0,0,1197,6.0106354993826043,6.0106354993826043,0.0049050582086776389,0.00086921880839677817,0.99948706587830372,0.99950000000000006,6.0256997487544908
1s (m=+0),1,0,0,1198,6.0156569158398998,6.0156569158398998,0.0048804896048842894,0.00086197149374284544,0.99949141239204065,0.99950000000000006,6.0256997487544908
1s (m=+0),1,0,0,1199,6.0206783322971953,6.0206783322971953,0.0048560440610561162,0.00085478341409837919,0.99949572266271436,0.99950000000000006,6.0256997487544908
1s (m=+0),1,0,0,1200,6.0256997487544908,6.0256997487544908,0.0048317209608066489,0.00084765409741542185,0.99949999698658332,0.99950000000000006,6.0256997487544908
2p (m=+0),2,1,0,0,0,0,0,0,0,0.99950000000000006,15.709906253719119
2p (m=+0),2,1,0,1,0.013091588544765932,0.0032728971361914829,0.0026548740604486016,1.2080156017060197e-09,7.9074216065965258e-12,0.99950000000000006,15.709906253719119
2p (m=+0),2,1,0,2,0.026183177089531863,0.0065457942723829658,0.0052751051087717073,1.907686126283902e-08,1.4068805240252916e-10,0.99950000000000006,15.709906253719119
2p (m=+0),2,1,0,3,0.039274765634297798,0.0098186914085744495,0.0078610321831671173,9.5320509019799755e-08,8.8950970357429961e-10,0.99950000000000006,15.709906253719119
2p (m=+0),2,1,0,4,0.052366354179063726,0.013091588544765932,0.010412991372463754,2.9734161408746369e-07,3.4597951799915591e-09,0.99950000000000006,15.709906253719119
2p (m=+0),2,1,0,5,0.065457942723829654,0.016364485680957414,0.012931315840175303,7.1649001423623032e-07,1.009612844583349e-08,0.99950000000000006,15.709906253719119
2p (m=+0),2,1,0,6,0.078549531268595596,0.019637382817148899,0.015416335848365536,1.4663901053698544e-06,2.4384812630049651e-08,0.99950000000000006,15.709906253719119
2p (m=+0),2,1,0,7,0.091641119813361524,0.022910279953340381,0.017868378781326716,2.6813349889955033e-06,5.1534967796165499e-08,0.99950000000000006,15.709906253719119
2p (m=+0),2,1,0,8,0.10473270835812745,0.026183177089531863,0.020287769169072597,4.5147453422355214e-06,9.8639029211945246e-08,0.99950000000000006,15.709906253719119
2p (m=+0),2,1,0,9,0.11782429690289338,0.029456074225723345,0.022674828710647306,7.1376910146982915e-06,1.7491348037646961e-07,0.99950000000000006,15.709906253719119
2p (m=+0),2,1,0,10,0.13091588544765931,0.032728971361914827,0.025029876297251584,1.0737473408931491e-05,2.9192062927856917e-07,0.99950000000000006,15.709906253719119
2p (m=+0),2,1,0,11,0.14400747399242525,0.036001868498106313,0.027353228035187825,1.55162667523524e-05,4.6377221125493204e-07,0.99950000000000006,15.709906253719119
2p (m=+0),2,1,0,12,0.15709906253719119,0.039274765634297798,0.029645197268625134,2.1689816418513271e-05,7.0731557737258899e-07,0.99950000000000006,15.709906253719119
2p (m=+0),2,1,0,13,0.17019065108195711,0.042547662770489277,0.03190609460218595,2.9486192504342279e-05,1.042303203463236e-06,0.99950000000000006,15.709906253719119
2p (m=+0),2,1,0,14,0.18328223962672305,0.045820559906680762,0.034136227923355515,3.9144596917626903e-05,1.4915462317706836e-06,0.99950000000000006,15.709906253719119
2p (m=+0),2,1,0,15,0.19637382817148896,0.049093457042872241,0.036335902424715488,5.0914222275502672e-05,2.0810527346226435e-06,0.99950000000000006,15.709906253719119
2p (m=+0),2,1,0,16,0.2094654167162549,0.052366354179063726,0.038505420626003158,6.5053160960101518e-05,2.8401513675895025e-06,0.99950000000000006,15.709906253719119
2p (m=+0),2,1,0,17,0.22255700526102085,0.055639251315255212,0.040645082395997505,8.1827362721822292e-05,3.8016010582312506e-06,0.99950000000000006,15.709906253719119
2p (m=+0),2,1,0,18,0.23564859380578676,0.05891214845144669,0.042755184974233432,0.00010150963926393833,5.0016873557455058e-06,0.99950000000000006,15.709906253719119
2p (m=+0),2,1,0,19,0.2487401823505527,0.062185045587638176,0.044836022992545521,0.00012437871428447431,6.4803060466007248e-06,0.99950000000000006,15.709906253719119
2p (m=+0),2,1,0,20,0.26183177089531862,0.065457942723829654,0.046887888496442612,0.00015071831749248924,8.2810346215559248e-06,0.99950000000000006,15.709906253719119
2p (m=+0),2,1,0,21,0.27492335944008456,0.06873083986002114,0.048911070966314404,0.00018081632115612007,1.045119216031855e-05,0.99950000000000006,15.709906253719119
2p (m=+0),2,1,0,22,0.2880149479848505,0.072003736996212625,0.0509058573384715,0.00021496391777898812,1.3041888181462345e-05,0.99950000000000006,15.709906253719119
2p (m=+0),2,1,0,23,0.30110653652961644,0.07527663413240411,0.052872532026020054,0.00025345483753987379,1.6108060987105312e-05,0.99950000000000006,15.709906253719119
2p (m=+0),2,1,0,24,0.31419812507438238,0.078549531268595596,0.054811376939572325,0.00029658460416794166,1.9708506014221059e-05,0.99950000000000006,15.709906253719119
2p (m=+0),2,1,0,25,0.32728971361914827,0.081822428404787068,0.056722671507794441,0.000344649827962273,2.3905894687313746e-05,0.99950000000000006,15.709906253719119
2p (m=+0),2,1,0,26,0.34038130216391421,0.085095325540978553,0.058606692697792513,0.00039794753470004753,2.8766784250515463e-05,0.99950000000000006,15.709906253719119
2p (m=+0),2,1,0,27,0.35347289070868015,0.088368222677170039,0.060463715035338345,0.0004567745292124407,3.4361619040953181e-05,0.99950000000000006,15.709906253719119
2p (m=+0),2,1,0,28,0.3665644792534461,0.091641119813361524,0.062294010624936148,0.00052142679244118512,4.0764723649470938e-05,0.99950000000000006,15.709906253719119
2p (m=+0),2,1,0,29,0.37965606779821204,0.094914016949553009,0.064097849169731172,0.0005921989108217848,4.8054288399468143e-05,0.99950000000000006,15.709906253719119
2p (m=+0),2,1,0,30,0.39274765634297792,0.098186914085744481,0.065875497991261744,0.00066938353687162502,5.6312347559718519e-05,0.99950000000000006,15.709906253719119
2p (m=+0),2,1,0,31,0.40583924488774387,0.10145981122193597,0.067627222049055663,0.0007532708798926621,6.5624750692554526e-05,0.99950000000000006,15.709906253719119
2p (m=+0),2,1,0,32,0.41893083343250981,0.10473270835812745,0.069353283960072426,0.00084414822572906724,7.6081127524728372e-05,0.99950000000000006,15.709906253719119
2p (m=+0),2,1,0,33,0.43202242197727575,0.10800560549431894,0.071053944017992157,0.00094229948455010887,8.7774846714585479e-05,0.99950000000000006,15.709906253719119
2p (m=+0),2,1,0,34,0.44511401052204169,0.11127850263051042,0.072729460212352603,0.00104800476565776,0.00010080296887589562,0.99950000000000006,15.709906253719119
2p (m=+0),2,1,0,35,0.45820559906680758,0.11455139976670189,0.074380088247535336,0.001161539978346963,0.00011526619420577558,0.99950000000000006,15.709906253719119
2p (m=+0),2,1,0,36,0.47129718761157352,0.11782429690289338,0.076006081561602268,0.0012831764578742624,0.00013126880505159299,0.99950000000000006,15.709906253719119
2p (m=+0),2,1,0,37,0.48438877615633946,0.12109719403908487,0.077607691344983701,0.0014131806156175654,0.00014891860373955512,0.99950000000000006,15.709906253719119
2p (m=+0),2,1,0,38,0.4974803647011054,0.12437009117527635,0.079185166559018832,0.0015518136125361925,0.00016832684597585255,0.99950000000000006,15.709906253719119
2p (m=+0),2,1,0,39,0.51057195324587135,0.12764298831146784,0.080738753954350248,0.0016993310550661319,0.00018960817011973228,0.99950000000000006,15.709906253719119
2p (m=+0),2,1,0,40,0.52366354179063723,0.13091588544765931,0.082268698089173059,0.0018559827126104678,0.00021288052261671399,0.99950000000000006,15.709906253719119
2p (m=+0),2,1,0,41,0.53675513033540323,0.13418878258385081,0.083775241347340101,0.0020220122558094532,0.0002382650798693272,0.99950000000000006,15.709906253719119
2p (m=+0),2,1,0,42,0.54984671888016912,0.13746167972004228,0.085258623956324234,0.00219765701479852,0.00026588616681222317,0.99950000000000006,15.709906253719119
2p (m=+0),2,1,0,43,0.562938307424935,0.14073457685623375,0.086719084005038818,0.002383147756685786,0.00029587117244830961,0.99950000000000006,15.709906253719119
2p (m=+0),2,1,0,44,0.576029895969701,0.14400747399242525,0.088156857461517329,0.0025787084815032508,0.00032835046259263524,0.99950000000000006,15.709906253719119
2p (m=+0),2,1,0,45,0.58912148451446689,0.14728037112861672,0.089572178190453475,0.0027845562359079877,0.00036345729006113925,0.99950000000000006,15.709906253719119
2p (m=+0),2,1,0,46,0.60221307305923288,0.15055326826480822,0.090965277970602623,0.0030009009439311589,0.00040132770253204744,0.99950000000000006,15.709906253719119
2p (m=+0),2,1,0,47,0.61530466160399877,0.15382616540099969,0.092336386512045635,0.0032279452540936175,0.00044210044829863228,0.99950000000000006,15.709906253719119
2p (m=+0),2,1,0,48,0.62839625014876477,0.15709906253719119,0.093685731473316394,0.0034658844022273905,0.0004859168801232858,0.99950000000000006,15.709906253719119
2p (m=+0),2,1,0,49,0.64148783869353065,0.16037195967338266,0.095013538478393722,0.003714906089362141,0.0005329208573943145,0.99950000000000006,15.709906253719119
2p (m=+0),2,1,0,50,0.65457942723829654,0.16364485680957414,0.096320031133559053,0.0039751903740552312,0.00058325864677862427,0.99950000000000006,15.709906253719119
2p (m=+0),2,1,0,51,0.66767101578306254,0.16691775394576563,0.097605431044120602,0.0042469095785628245,0.0006370788215554321,0.99950000000000006,15.709906253719119
2p (m=+0),2,1,0,52,0.68076260432782842,0.17019065108195711,0.098869957831005287,0.0045302282082679271,0.00069453215980838472,0.99950000000000006,15.709906253719119
2p (m=+0),2,1,0,53,0.69385419287259442,0.17346354821814861,0.10011382914721924,0.0048253028837992535,0.00075577154164593917,0.99950000000000006,15.709906253719119
2p (m=+0),2,1,0,54,0.70694578141736031,0.17673644535434008,0.10133726069417817,0.0051322822852921824,0.0008209518456125432,0.99950000000000006,15.709906253719119
2p (m=+0),2,1,0,55,0.72003736996212619,0.18000934249053155,0.10254046623790815,0.0054513071082601897,0.00089022984444611121,0.99950000000000006,15.709906253719119
2p (m=+0),2,1,0,56,0.73312895850689219,0.18328223962672305,0.10372365762511834,0.005782510030561688,0.00096376410033040944,0.99950000000000006,15.709906253719119
2p (m=+0),2,1,0,57,0.74622054705165808,0.18655513676291452,0.10488704479914608,0.0061260156899632977,0.0010417148597843468,0.99950000000000006,15.709906253719119
2p (m=+0),2,1,0,58,0.75931213559642408,0.18982803389910602,0.10603083581577599,0.0064819406718164881,0.0011242439483237397,0.99950000000000006,15.709906253719119
2p (m=+0),2,1,0,59,0.77240372414118996,0.19310093103529749,0.10715523685893324,0.0068503935063795032,0.0012115146650248704,0.99950000000000006,15.709906253719119
2p (m=+0),2,1,0,60,0.78549531268595585,0.19637382817148896,0.10826045225625279,0.0072314746753317982,0.0013036916771131679,0.99950000000000006,15.709906253719119
2p (m=+0),2,1,0,61,0.79858690123072185,0.19964672530768046,0.10934668449452487,0.0076252766270423914,0.0014009409146944676,0.99950000000000006,15.709906253719119
2p (m=+0),2,1,0,62,0.81167848977548773,0.20291962244387193,0.11041413423501804,0.0080318838001678262,0.0015034294657406812,0.99950000000000006,15.709906253719119
2p (m=+0),2,1,0,63,0.82477007832025373,0.20619251958006343,0.11146300032868071,0.0084513726551692092,0.0016113254714362464,0.99950000000000006,15.709906253719119
2p (m=+0),2,1,0,64,0.83786166686501962,0.2094654167162549,0.11249347983122196,0.0088838117133510589,0.0017247980219864086,0.99950000000000006,15.709906253719119
2p (m=+0),2,1,0,65,0.8509532554097855,0.21273831385244638,0.11350576801807251,0.0093292616030378316,0.0018440170529833177,0.99950000000000006,15.709906253719119
2p (m=+0),2,1,0,66,0.8640448439545515,0.21601121098863788,0.11450005839922717,0.0097877751125166439,0.0019691532424209296,0.99950000000000006,15.709906253719119
2p (m=+0),2,1,0,67,0.87713643249931739,0.21928410812482935,0.11547654273396908,0.010259397249386973,0.0021003779084449521,0.99950000000000006,15.709906253719119
2p (m=+0),2,1,0,68,0.89022802104408338,0.22255700526102085,0.11643541104547732,0.010744165305970298,0.0022378629079194477,0.99950000000000006,15.709906253719119
2p (m=+0),2,1,0,69,0.90331960958884927,0.22582990239721232,0.11737685163531796,0.011242108930444016,0.0023817805358872092,0.99950000000000006,15.709906253719119
2p (m=+0),2,1,0,70,0.91641119813361516,0.22910279953340379,0.11830105109782039,0.011753250203375745,0.0025323034259967553,0.99950000000000006,15.709906253719119
2p (m=+0),2,1,0,71,0.92950278667838115,0.23237569666959529,0.11920819433433921,0.012277603719344764,0.0026896044519645716,0.99950000000000006,15.709906253719119
2p (m=+0),2,1,0,72,0.94259437522314704,0.23564859380578676,0.12009846456740231,0.012815176673348262,0.0028538566301372246,0.99950000000000006,15.709906253719119
2p (m=+0),2,1,0,73,0.95568596376791304,0.23892149094197826,0.12097204335474704,0.01336596895170074,0.0030252330232140956,0.99950000000000006,15.709906253719119
2p (m=+0),2,1,0,74,0.96877755231267892,0.24219438807816973,0.12182911060324422,0.013929973227144543,0.003203906645187677,0.99950000000000006,15.709906253719119
2p (m=+0),2,1,0,75,0.98186914085744481,0.2454672852143612,0.12266984458271146,0.014507175057899949,0.0033900503675548255,0.99950000000000006,15.709906253719119
2p (m=+0),2,1,0,76,0.99496072940221081,0.2487401823505527,0.12349442193961663,0.015097552990392463,0.0035838368268487943,0.99950000000000006,15.709906253719119
2p (m=+0),2,1,0,77,1.0080523179469767,0.25201307948674417,0.12430301771067188,0.015701078665404412,0.0037854383335385413,0.99950000000000006,15.709906253719119
2p (m=+0),2,1,0,78,1.0211439064917427,0.25528597662293567,0.12509580533631987,0.016317716927407192,0.0039950267823385694,0.99950000000000006,15.709906253719119
2p (m=+0),2,1,0,79,1.0342354950365087,0.25855887375912717,0.125872956674112,0.016947425936838963,0.0042127735639693542,0.99950000000000006,15.709906253719119
2p (m=+0),2,1,0,80,1.0473270835812745,0.26183177089531862,0.12663464201198041,0.017590157285101556,0.0044388494784054801,0.99950000000000006,15.709906253719119
2p (m=+0),2,1,0,81,1.0604186721260405,0.26510466803151012,0.12738103008140395,0.018245856112058454,0.0046734246496456504,0.99950000000000006,15.709906253719119
2p (m=+0),2,1,0,82,1.0735102606708065,0.26837756516770161,0.12811228807046951,0.018914461225823877,0.0049166684420358956,0.99950000000000006,15.709906253719119
2p (m=+0),2,1,0,83,1.0866018492155722,0.27165046230389306,0.12882858163682856,0.019595905224640726,0.0051687493781747132,0.99950000000000006,15.709906253719119
2p (m=+0),2,1,0,84,1.0996934377603382,0.27492335944008456,0.12953007492055096,0.020290114620653221,0.0054298350584261927,0.99950000000000006,15.709906253719119
2p (m=+0),2,1,0,85,1.1127850263051042,0.27819625657627606,0.1302169305568758,0.020997009965386754,0.0057000920820646566,0.99950000000000006,15.709906253719119
2p (m=+0),2,1,0,86,1.12587661484987,0.2814691537124675,0.13088930968886056,0.021716505976755483,0.0059796859700720663,0.99950000000000006,15.709906253719119
2p (m=+0),2,1,0,87,1.138968203394636,0.284742050848659,0.13154737197992936,0.022448511667424551,0.0062687810896070338,0.99950000000000006,15.709906253719119
2p (m=+0),2,1,0,88,1.152059791939402,0.2880149479848505,0.13219127562632083,0.023192930474360954,0.0065675405801620332,0.99950000000000006,15.709906253719119
2p (m=+0),2,1,0,89,1.165151380484168,0.291287845121042,0.13282117736943663,0.02394966038941362,0.0068761262814234243,0.99950000000000006,15.709906253719119
2p (m=+0),2,1,0,90,1.1782429690289338,0.29456074225723344,0.13343723250809128,0.024718594090769513,0.0071946986628466797,0.99950000000000006,15.709906253719119
2p (m=+0),2,1,0,91,1.1913345575736998,0.29783363939342494,0.13403959491066417,0.025499619075139132,0.0075234167549573933,0.99950000000000006,15.709906253719119
2p (m=+0),2,1,0,92,1.2044261461184658,0.30110653652961644,0.13462841702715411,0.026292617790530163,0.0078624380823865952,0.99950000000000006,15.709906253719119
2p (m=+0),2,1,0,93,1.2175177346632315,0.30437943366580789,0.13520384990113779,0.027097467769474703,0.0082119185986473074,0.99950000000000006,15.709906253719119
2p (m=+0),2,1,0,94,1.2306093232079975,0.30765233080199939,0.13576604318163249,0.027914041762580638,0.0085720126226573774,0.99950000000000006,15.709906253719119
2p (m=+0),2,1,0,95,1.2437009117527635,0.31092522793819088,0.13631514513486376,0.028742207872283133,0.0089428727770119697,0.99950000000000006,15.709906253719119
2p (m=+0),2,1,0,96,1.2567925002975295,0.31419812507438238,0.13685130265593903,0.029581829686678031,0.0093246499280076681,0.99950000000000006,15.709906253719119
2p (m=+0),2,1,0,97,1.2698840888422953,0.31747102221057383,0.13737466128042763,0.030432766413323747,0.0097174931274184324,0.99950000000000006,15.709906253719119
2p (m=+0),2,1,0,98,1.2829756773870613,0.32074391934676533,0.13788536519584824,0.031294873012903415,0.010121549556022354,0.99950000000000006,15.709906253719119
2p (m=+0),2,1,0,99,1.2960672659318273,0.32401681648295683,0.13838355725306398,0.032168000332643665,0.010536964468876604,0.99950000000000006,15.709906253719119
2p (m=+0),2,1,0,100,1.3091588544765931,0.32728971361914827,0.13886937897758694,0.033051995239391882,0.010963881142336871,0.99950000000000006,15.709906253719119
2p (m=+0),2,1,0,101,1.3222504430213591,0.33056261075533977,0.13934297058079101,0.03394670075225692,0.011402440822816136,0.99950000000000006,15.709906253719119
2p (m=+0),2,1,0,102,1.3353420315661251,0.33383550789153127,0.13980447097103571,0.034851956174724405,0.011852782677276413,0.99950000000000006,15.709906253719119
2p (m=+0),2,1,0,103,1.3484336201108909,0.33710840502772271,0.14025401776470048,0.035767597226160755,0.012315043745446164,0.99950000000000006,15.709906253719119
2p (m=+0),2,1,0,104,1.3615252086556568,0.34038130216391421,0.14069174729713027,0.036693456172624636,0.012789358893754772,0.99950000000000006,15.709906253719119
2p (m=+0),2,1,0,105,1.3746167972004228,0.34365419930010571,0.14111779463349386,0.03762936195690892,0.013275860770974436,0.99950000000000006,15.709906253719119
2p (m=+0),2,1,0,106,1.3877083857451888,0.34692709643629721,0.14153229357955413,0.038575140327739149,0.013774679765559083,0.99950000000000006,15.709906253719119
2p (m=+0),2,1,0,107,1.4007999742899546,0.35019999357248865,0.14193537669235287,0.039530613968059791,0.014285943964668668,0.99950000000000006,15.709906253719119
2p (m=+0),2,1,0,108,1.4138915628347206,0.35347289070868015,0.14232717529080899,0.040495602622341503,0.014809779114866599,0.99950000000000006,15.709906253719119
2p (m=+0),2,1,0,109,1.4269831513794866,0.35674578784487165,0.14270781946623207,0.041469923222847496,0.015346308584476899,0.99950000000000006,15.709906253719119
2p (m=+0),2,1,0,110,1.4400747399242524,0.3600186849810631,0.14307743809275103,0.042453390014799697,0.015895653327587286,0.99950000000000006,15.709906253719119
2p (m=+0),2,1,0,111,1.4531663284690184,0.3632915821172546,0.14343615883765948,0.043445814680389355,0.016457931849683308,0.99950000000000006,15.709906253719119
2p (m=+0),2,1,0,112,1.4662579170137844,0.3665644792534461,0.14378410817167733,0.044447006461579036,0.01703326017489799,0.99950000000000006,15.709906253719119
2p (m=+0),2,1,0,113,1.4793495055585502,0.36983737638963754,0.14412141137913029,0.045456772281647129,0.017621751814860979,0.99950000000000006,15.709906253719119
2p (m=+0),2,1,0,114,1.4924410941033162,0.37311027352582904,0.14444819256804722,0.046474916865428137,0.018223517739130397,0.99950000000000006,15.709906253719119
2p (m=+0),2,1,0,115,1.5055326826480822,0.37638317066202054,0.14476457468017648,0.047501242858205124,0.018838666347189906,0.99950000000000006,15.709906253719119
2p (m=+0),2,1,0,116,1.5186242711928482,0.37965606779821204,0.14507067950092134,0.048535550943213712,0.01946730344199326,0.99950000000000006,15.709906253719119
2p (m=+0),2,1,0,117,1.5317158597376139,0.38292896493440348,0.14536662766919561,0.049577639957719424,0.020109532205037795,0.99950000000000006,15.709906253719119
2p (m=+0),2,1,0,118,1.5448074482823799,0.38620186207059498,0.14565253868719988,0.050627307007633029,0.020765453172948041,0.99950000000000006,15.709906253719119
2p (m=+0),2,1,0,119,1.5578990368271459,0.38947475920678648,0.14592853093011887,0.051684347580630577,0.021435164215549925,0.99950000000000006,15.709906253719119
2p (m=+0),2,1,0,120,1.5709906253719117,0.39274765634297792,0.14619472165574068,0.052748555657747893,0.02211876051541602,0.99950000000000006,15.709906253719119
2p (m=+0),2,1,0,121,1.5840822139166777,0.39602055347916942,0.14645122701399865,0.053819723823421262,0.022816334548861568,0.99950000000000006,15.709906253719119
2p (m=+0),2,1,0,122,1.5971738024614437,0.39929345061536092,0.14669816205643602,0.054897643373947938,0.023527976068370666,0.99950000000000006,15.709906253719119
2p (m=+0),2,1,0,123,1.6102653910062095,0.40256634775155237,0.14693564074559429,0.055982104424343142,0.024253772086431979,0.99950000000000006,15.709906253719119
2p (m=+0),2,1,0,124,1.6233569795509755,0.40583924488774387,0.14716377596432625,0.057072896013571822,0.024993806860762739,0.99950000000000006,15.709906253719119
2p (m=+0),2,1,0,125,1.6364485680957415,0.40911214202393537,0.14738267952503303,0.058169806208134625,0.025748161880899526,0.99950000000000006,15.709906253719119
2p (m=+0),2,1,0,126,1.6495401566405075,0.41238503916012687,0.14759246217882746,0.059272622203991751,0.026516915856134374,0.99950000000000006,15.709906253719119
2p (m=+0),2,1,0,127,1.6626317451852732,0.41565793629631831,0.14779323362462274,0.060381130426807476,0.027300144704774178,0.99950000000000006,15.709906253719119
2p (m=+0),2,1,0,128,1.6757233337300392,0.41893083343250981,0.14798510251814809,0.061495116630501952,0.028097921544701449,0.99950000000000006,15.709906253719119
2p (m=+0),2,1,0,129,1.6888149222748052,0.42220373056870131,0.14816817648089139,0.062614365994097712,0.028910316685213971,0.99950000000000006,15.709906253719119
2p (m=+0),2,1,0,130,1.701906510819571,0.42547662770489275,0.14834256210896954,0.063738663216850233,0.02973739762012122,0.99950000000000006,15.709906253719119
2p (m=+0),2,1,0,131,1.714998099364337,0.42874952484108425,0.14850836498192724,0.064867792611653555,0.030579229022074918,0.99950000000000006,15.709906253719119
2p (m=+0),2,1,0,132,1.728089687909103,0.43202242197727575,0.14866568967146424,0.066001538196712908,0.031435872738110916,0.99950000000000006,15.709906253719119
2p (m=+0),2,1,0,133,1.741181276453869,0.43529531911346725,0.14881463975009251,0.067139683785479173,0.032307387786380024,0.99950000000000006,15.709906253719119
2p (m=+0),2,1,0,134,1.7542728649986348,0.43856821624965869,0.14895531779972296,0.068282013074839554,0.033193830354044669,0.99950000000000006,15.709906253719119
2p (m=+0),2,1,0,135,1.7673644535434008,0.44184111338585019,0.14908782542018256,0.069428309731561735,0.034095253796318822,0.99950000000000006,15.709906253719119
2p (m=+0),2,1,0,136,1.7804560420881668,0.44511401052204169,0.14921226323766304,0.070578357476989498,0.035011708636627989,0.99950000000000006,15.709906253719119
2p (m=+0),2,1,0,137,1.7935476306329325,0.44838690765823314,0.1493287309131005,0.07173194016998885,0.035943242567866684,0.99950000000000006,15.709906253719119
2p (m=+0),2,1,0,138,1.8066392191776985,0.45165980479442464,0.14943732715048758,0.07288884188814522,0.036889900454730368,0.99950000000000006,15.709906253719119
2p (m=+0),2,1,0,139,1.8197308077224645,0.45493270193061613,0.14953814970511797,0.074048847007213481,0.037851724337098804,0.99950000000000006,15.709906253719119
2p (m=+0),2,1,0,140,1.8328223962672303,0.45820559906680758,0.14963129539176431,0.07521174027882313,0.038828753434448249,0.99950000000000006,15.709906253719119
2p (m=+0),2,1,0,141,1.8459139848119963,0.46147849620299908,0.14971686009278953,0.076377306906443093,0.039821024151269563,0.99950000000000006,15.709906253719119
2p (m=+0),2,1,0,142,1.8590055733567623,0.46475139333919058,0.14979493876619254,0.077545332619609927,0.040828570083469275,0.99950000000000006,15.709906253719119
2p (m=+0),2,1,0,143,1.8720971619015283,0.46802429047538208,0.1498656254535887,0.078715603746426333,0.041851422025731277,0.99950000000000006,15.709906253719119
2p (m=+0),2,1,0,144,1.8851887504462941,0.47129718761157352,0.14992901328812513,0.079887907284335466,0.042889607979816252,0.99950000000000006,15.709906253719119
2p (m=+0),2,1,0,145,1.8982803389910601,0.47457008474776502,0.14998519450233219,0.081062030969179522,0.043943153163776505,0.99950000000000006,15.709906253719119
2p (m=+0),2,1,0,146,1.9113719275358261,0.47784298188395652,0.150034260435911,0.082237763342550535,0.045012080022063548,0.99950000000000006,15.709906253719119
2p (m=+0),2,1,0,147,1.9244635160805919,0.48111587902014796,0.15007630154345752,0.083414893817442326,0.046096408236506438,0.99950000000000006,15.709906253719119
2p (m=+0),2,1,0,148,1.9375551046253578,0.48438877615633946,0.15011140740212409,0.084593212742214277,0.047196154738138547,0.99950000000000006,15.709906253719119
2p (m=+0),2,1,0,149,1.9506466931701238,0.48766167329253096,0.15013966671921861,0.085772511462876663,0.048311333719850615,0.99950000000000006,15.709906253719119
2p (m=+0),2,1,0,150,1.9637382817148896,0.49093457042872241,0.15016116733974175,0.086952582383709495,0.049441956649848393,0.99950000000000006,15.709906253719119
2p (m=+0),2,1,0,151,1.9768298702596556,0.4942074675649139,0.15017599625386308,0.088133219026226756,0.050588032285893141,0.99950000000000006,15.709906253719119
2p (m=+0),2,1,0,152,1.9899214588044216,0.4974803647011054,0.15018423960433608,0.089314216086498144,0.051749566690303068,0.99950000000000006,15.709906253719119
2p (m=+0),2,1,0,153,2.0030130473491874,0.50075326183729685,0.15018598269385317,0.090495369490842553,0.052926563245694766,0.99950000000000006,15.709906253719119
2p (m=+0),2,1,0,154,2.0161046358939534,0.50402615897348835,0.15018130999234033,0.09167647644990555,0.054119022671443154,0.99950000000000006,15.709906253719119
2p (m=+0),2,1,0,155,2.0291962244387194,0.50729905610967985,0.15017030514419283,0.092857335511136452,0.055326943040838746,0.99950000000000006,15.709906253719119
2p (m=+0),2,1,0,156,2.0422878129834854,0.51057195324587135,0.15015305097545151,0.094037746609678868,0.056550319798921729,0.99950000000000006,15.709906253719119
2p (m=+0),2,1,0,157,2.0553794015282514,0.51384485038206285,0.15012962950092087,0.095217511117690237,0.057789145780971912,0.99950000000000006,15.709906253719119
2p (m=+0),2,1,0,158,2.0684709900730174,0.51711774751825434,0.15010012193122904,0.096396431892106019,0.05904341123163416,0.99950000000000006,15.709906253719119
2p (m=+0),2,1,0,159,2.0815625786177829,0.52039064465444573,0.15006460867983007,0.097574313320864331,0.060313103824659042,0.99950000000000006,15.709906253719119
2p (m=+0),2,1,0,160,2.0946541671625489,0.52366354179063723,0.15002316936994919,0.098750961367607915,0.061598208683238863,0.99950000000000006,15.709906253719119
2p (m=+0),2,1,0,161,2.1077457557073149,0.52693643892682873,0.14997588284147134,0.099926183614879288,0.062898708400918629,0.99950000000000006,15.709906253719119
2p (m=+0),2,1,0,162,2.1208373442520809,0.53020933606302023,0.14992282715777341,0.1010997893058274,0.064214583063063213,0.99950000000000006,15.709906253719119
2p (m=+0),2,1,0,163,2.1339289327968469,0.53348223319921173,0.14986407961250078,0.10227158938444224,0.06554581026886061,0.99950000000000006,15.709906253719119
2p (m=+0),2,1,0,164,2.1470205213416129,0.53675513033540323,0.14979971673628825,0.10344139653433534,0.066892365153842545,0.99950000000000006,15.709906253719119
2p (m=+0),2,1,0,165,2.1601121098863789,0.54002802747159473,0.14972981430342641,0.10460902521608446,0.068254220412903313,0.99950000000000006,15.709906253719119
2p (m=+0),2,1,0,166,2.1732036984311445,0.54330092460778612,0.14965444733847322,0.10577429170316019,0.069631346323798193,0.99950000000000006,15.709906253719119
2p (m=+0),2,1,0,167,2.1862952869759105,0.54657382174397762,0.14957369012281138,0.10693701411645287,0.071023710771103324,0.99950000000000006,15.709906253719119
2p (m=+0),2,1,0,168,2.1993868755206765,0.54984671888016912,0.14948761620115272,0.10809701245741946,0.072431279270618029,0.99950000000000006,15.709906253719119
2p (m=+0),2,1,0,169,2.2124784640654425,0.55311961601636062,0.14939629838798837,0.10925410863986691,0.073854014994192668,0.99950000000000006,15.709906253719119
2p (m=+0),2,1,0,170,2.2255700526102085,0.55639251315255212,0.14929980877398696,0.11040812652039393,0.075291878794963546,0.99950000000000006,15.709906253719119
2p (m=+0),2,1,0,171,2.2386616411549745,0.55966541028874361,0.14919821873233999,0.11155889192750773,0.076744829232977749,0.99950000000000006,15.709906253719119
2p (m=+0),2,1,0,172,2.25175322969974,0.562938307424935,0.14909159892505533,0.11270623268943636,0.078212822601190557,0.99950000000000006,15.709906253719119
2p (m=+0),2,1,0,173,2.264844818244506,0.5662112045611265,0.14898001930919902,0.11384997866065553,0.079695812951818781,0.99950000000000006,15.709906253719119
2p (m=+0),2,1,0,174,2.277936406789272,0.569484101697318,0.14886354914308625,0.11498996174714966,0.081193752123032661,0.99950000000000006,15.709906253719119
2p (m=+0),2,1,0,175,2.291027995334038,0.5727569988335095,0.14874225699242108,0.11612601593042601,0.082706589765970728,0.99950000000000006,15.709906253719119
2p (m=+0),2,1,0,176,2.304119583878804,0.576029895969701,0.14861621073638603,0.1172579772903023,0.084234273372060839,0.99950000000000006,15.709906253719119
2p (m=+0),2,1,0,177,2.31721117242357,0.5793027931058925,0.14848547757368183,0.11838568402648696,0.085776748300631631,0.99950000000000006,15.709906253719119
2p (m=+0),2,1,0,178,2.330302760968336,0.582575690242084,0.14835012402851727,0.11950897647897189,0.087333957806798757,0.99950000000000006,15.709906253719119
2p (m=+0),2,1,0,179,2.3433943495131015,0.58584858737827539,0.14821021595655015,0.12062769714725743,0.088905843069610385,0.99950000000000006,15.709906253719119
2p (m=+0),2,1,0,180,2.3564859380578675,0.58912148451446689,0.14806581855077919,0.121741690708429,0.090492343220437116,0.99950000000000006,15.709906253719119
2p (m=+0),2,1,0,181,2.3695775266026335,0.59239438165065839,0.1479169963473877,0.1228508040341056,0.092093395371590669,0.99950000000000006,15.709906253719119
2p (m=+0),2,1,0,182,2.3826691151473995,0.59566727878684989,0.14776381323153895,0.12395488620627922,0.093708934645157713,0.99950000000000006,15.709906253719119
2p (m=+0),2,1,0,183,2.3957607036921655,0.59894017592304138,0.14760633244312435,0.12505378853206625,0.095338894202033661,0.99950000000000006,15.709906253719119
2p (m=+0),2,1,0,184,2.4088522922369315,0.60221307305923288,0.14744461658246366,0.12614736455738801,0.096983205271142611,0.99950000000000006,15.709906253719119
2p (m=+0),2,1,0,185,2.4219438807816975,0.60548597019542438,0.14727872761595895,0.12723547007960323,0.098641797178829593,0.99950000000000006,15.709906253719119
2p (m=+0),2,1,0,186,2.4350354693264631,0.60875886733161577,0.14710872688170157,0.12831796315910923,0.10031459737841131,0.99950000000000006,15.709906253719119
2p (m=+0),2,1,0,187,2.4481270578712291,0.61203176446780727,0.14693467509503316,0.12939470412993329,0.10200153147987247,0.99950000000000006,15.709906253719119
2p (m=+0),2,1,0,188,2.4612186464159951,0.61530466160399877,0.14675663235406067,0.13046555560933204,0.1037025232796937,0.99950000000000006,15.709906253719119
2p (m=+0),2,1,0,189,2.4743102349607611,0.61857755874019027,0.14657465814512619,0.13153038250641991,0.1054174947907994,0.99950000000000006,15.709906253719119
2p (m=+0),2,1,0,190,2.4874018235055271,0.62185045587638177,0.1463888113482312,0.13258905202984428,0.10714636627261191,0.99950000000000006,15.709906253719119
2p (m=+0),2,1,0,191,2.5004934120502931,0.62512335301257327,0.14619915024241684,0.13364143369452811,0.10888905626120025,0.99950000000000006,15.709906253719119
2p (m=+0),2,1,0,192,2.5135850005950591,0.62839625014876477,0.14600573251109894,0.13468739932749751,0.11064548159951104,0.99950000000000006,15.709906253719119
2p (m=+0),2,1,0,193,2.5266765891398246,0.63166914728495616,0.14580861524735961,0.13572682307281458,0.11241555746766985,0.99950000000000006,15.709906253719119
2p (m=+0),2,1,0,194,2.5397681776845906,0.63494204442114766,0.14560785495919493,0.13675958139563374,0.11419919741334165,0.99950000000000006,15.709906253719119
2p (m=+0),2,1,0,195,2.5528597662293566,0.63821494155733915,0.14540350757471909,0.13778555308539983,0.11599631338213823,0.99950000000000006,15.709906253719119
2p (m=+0),2,1,0,196,2.5659513547741226,0.64148783869353065,0.14519562844732617,0.13880461925820836,0.11780681574806244,0.99950000000000006,15.709906253719119
2p (m=+0),2,1,0,197,2.5790429433188886,0.64476073582972215,0.14498427236080838,0.13981666335834395,0.11963061334397787,0.99950000000000006,15.709906253719119
2p (m=+0),2,1,0,198,2.5921345318636546,0.64803363296591365,0.14476949353443266,0.14082157115901717,0.12146761349209328,0.99950000000000006,15.709906253719119
2p (m=+0),2,1,0,199,2.6052261204084202,0.65130653010210504,0.14455134562797503,0.14181923076231742,0.12331772203445163,0.99950000000000006,15.709906253719119
2p (m=+0),2,1,0,200,2.6183177089531862,0.65457942723829654,0.14432988174671307,0.14280953259839921,0.12518084336341367,0.99950000000000006,15.709906253719119
2p (m=+0),2,1,0,201,2.6314092974979522,0.65785232437448804,0.14410515444637764,0.14379236942392129,0.12705688045212546,0.99950000000000006,15.709906253719119
2p (m=+0),2,1,0,202,2.6445008860427182,0.66112522151067954,0.14387721573806292,0.14476763631975453,0.12894573488496122,0.99950000000000006,15.709906253719119
2p (m=+0),2,1,0,203,2.6575924745874842,0.66439811864687104,0.14364611709309633,0.14573523068797783,0.13084730688793128,0.99950000000000006,15.709906253719119
2p (m=+0),2,1,0,204,2.6706840631322502,0.66767101578306254,0.14341190944786761,0.14669505224817783,0.13276149535904611,0.99950000000000006,15.709906253719119
2p (m=+0),2,1,0,205,2.6837756516770161,0.67094391291925404,0.14317464320861834,0.14764700303307149,0.13468819789862754,0.99950000000000006,15.709906253719119
2p (m=+0),2,1,0,206,2.6968672402217817,0.67421681005544543,0.14293436825619132,0.14859098738346682,0.13662731083955831,0.99950000000000006,15.709906253719119
2p (m=+0),2,1,0,207,2.7099588287665477,0.67748970719163693,0.14269113395074084,0.14952691194258025,0.13857872927746159,0.99950000000000006,15.709906253719119
2p (m=+0),2,1,0,208,2.7230504173113137,0.68076260432782842,0.14244498913640363,0.15045468564972564,0.1405423471008016,0.99950000000000006,15.709906253719119
2p (m=+0),2,1,0,209,2.7361420058560797,0.68403550146401992,0.14219598214593115,0.15137421973339343,0.14251805702089806,0.99950000000000006,15.709906253719119
2p (m=+0),2,1,0,210,2.7492335944008457,0.68730839860021142,0.14194416080528341,0.15228542770373457,0.14450575060184587,0.99950000000000006,15.709906253719119
2p (m=+0),2,1,0,211,2.7623251829456117,0.69058129573640292,0.14168957243818456,0.15318822534446677,0.1465053182903327,0.99950000000000006,15.709906253719119
2p (m=+0),2,1,0,212,2.7754167714903777,0.69385419287259442,0.14143226387064062,0.15408253070421779,0.14851664944534698,0.99950000000000006,15.709906253719119
2p (m=+0),2,1,0,213,2.7885083600351432,0.69712709000878581,0.14117228143541966,0.15496826408732239,0.15053963236776879,0.99950000000000006,15.709906253719119
2p (m=+0),2,1,0,214,2.8015999485799092,0.70039998714497731,0.14090967097649462,0.15584534804408876,0.15257415432983726,0.99950000000000006,15.709906253719119
2p (m=+0),2,1,0,215,2.8146915371246752,0.70367288428116881,0.14064447785344936,0.15671370736054882,0.15462010160448639,0.99950000000000006,15.709906253719119
2p (m=+0),2,1,0,216,2.8277831256694412,0.70694578141736031,0.14037674694584773,0.15757326904770849,0.15667735949454412,0.99950000000000006,15.709906253719119
2p (m=+0),2,1,0,217,2.8408747142142072,0.71021867855355181,0.14010652265756657,0.15842396233031289,0.15874581236178725,0.99950000000000006,15.709906253719119
2p (m=+0),2,1,0,218,2.8539663027589732,0.71349157568974331,0.13983384892109224,0.15926571863514052,0.16082534365584611,0.99950000000000006,15.709906253719119
2p (m=+0),2,1,0,219,2.8670578913037388,0.7167644728259347,0.13955876920178173,0.16009847157884236,0.16291583594295297,0.99950000000000006,15.709906253719119
2p (m=+0),2,1,0,220,2.8801494798485048,0.72003736996212619,0.13928132650208785,0.16092215695533871,0.16501717093452881,0.99950000000000006,15.709906253719119
2p (m=+0),2,1,0,221,2.8932410683932708,0.72331026709831769,0.13900156336574954,0.16173671272278975,0.16712922951560147,0.99950000000000006,15.709906253719119
2p (m=+0),2,1,0,222,2.9063326569380368,0.72658316423450919,0.13871952188194689,0.16254207899015224,0.16925189177305133,0.99950000000000006,15.709906253719119
2p (m=+0),2,1,0,223,2.9194242454828028,0.72985606137070069,0.13843524368942159,0.16333819800333715,0.17138503702367791,0.99950000000000006,15.709906253719119
2p (m=+0),2,1,0,224,2.9325158340275688,0.73312895850689219,0.13814876998056311,0.16412501413098193,0.17352854384208288,0.99950000000000006,15.709906253719119
2p (m=+0),2,1,0,225,2.9456074225723348,0.73640185564308369,0.1378601415054605,0.1649024738498501,0.17568229008836439,0.99950000000000006,15.709906253719119
2p (m=+0),2,1,0,226,2.9586990111171003,0.73967475277927508,0.13756939857592032,0.16567052572987151,0.17784615293561773,0.99950000000000006,15.709906253719119
2p (m=+0),2,1,0,227,2.9717905996618663,0.74294764991546658,0.13727658106945134,0.16642912041883812,0.18002000889723838,0.99950000000000006,15.709906253719119
2p (m=+0),2,1,0,228,2.9848821882066323,0.74622054705165808,0.13698172843321532,0.16717821062676416,0.18220373385402167,0.99950000000000006,15.709906253719119
2p (m=+0),2,1,0,229,2.9979737767513983,0.74949344418784958,0.13668487968794521,0.1679177511099281,0.18439720308105637,0.99950000000000006,15.709906253719119
2p (m=+0),2,1,0,230,3.0110653652961643,0.75276634132404108,0.13638607343183037,0.16864769865460524,0.18660029127440705,0.99950000000000006,15.709906253719119
2p (m=+0),2,1,0,231,3.0241569538409303,0.75603923846023258,0.13608534784436918,0.16936801206050453,0.18881287257758148,0.99950000000000006,15.709906253719119
2p (m=+0),2,1,0,232,3.0372485423856963,0.75931213559642408,0.13578274069018928,0.17007865212392134,0.1910348206077794,0.99950000000000006,15.709906253719119
2p (m=+0),2,1,0,233,3.0503401309304619,0.76258503273261546,0.13547828932283626,0.17077958162061929,0.19326600848191894,0.99950000000000006,15.709906253719119
2p (m=+0),2,1,0,234,3.0634317194752279,0.76585792986880696,0.13517203068852998,0.17147076528845023,0.19550630884243742,0.99950000000000006,15.709906253719119
2p (m=+0),2,1,0,235,3.0765233080199939,0.76913082700499846,0.13486400132988968,0.17215216980972595,0.19775559388286248,0.99950000000000006,15.709906253719119
2p (m=+0),2,1,0,236,3.0896148965647598,0.77240372414118996,0.13455423738962774,0.17282376379335185,0.20001373537315148,0.99950000000000006,15.709906253719119
2p (m=+0),2,1,0,237,3.1027064851095258,0.77567662127738146,0.13424277461421263,0.17348551775673471,0.20228060468479511,0.99950000000000006,15.709906253719119
2p (m=+0),2,1,0,238,3.1157980736542918,0.77894951841357296,0.13392964835750068,0.17413740410747325,0.20455607281568289,0.99950000000000006,15.709906253719119
2p (m=+0),2,1,0,239,3.1288896621990578,0.78222241554976446,0.13361489358433765,0.1747793971248445,0.2068400104147276,0.99950000000000006,15.709906253719119
2p (m=+0),2,1,0,240,3.1419812507438234,0.78549531268595585,0.13329854487412995,0.17541147294109505,0.20913228780624596,0.99950000000000006,15.709906253719119
2p (m=+0),2,1,0,241,3.1550728392885894,0.78876820982214735,0.13298063642438573,0.17603360952254785,0.21143277501409363,0.99950000000000006,15.709906253719119
2p (m=+0),2,1,0,242,3.1681644278333554,0.79204110695833885,0.13266120205422635,0.17664578665053465,0.2137413417855509,0.99950000000000006,15.709906253719119
2p (m=+0),2,1,0,243,3.1812560163781214,0.79531400409453035,0.13234027520786795,0.17724798590216348,0.21605785761495835,0.99950000000000006,15.709906253719119
2p (m=+0),2,1,0,244,3.1943476049228874,0.79858690123072185,0.13201788895807412,0.17784019063093204,0.21838219176709961,0.99950000000000006,15.709906253719119
2p (m=+0),2,1,0,245,3.2074391934676534,0.80185979836691335,0.13169407600957919,0.17842238594719537,0.22071421330032912,0.99950000000000006,15.709906253719119
2p (m=+0),2,1,0,246,3.2205307820124189,0.80513269550310473,0.13136886870248268,0.17899455869849701,0.22305379108944345,0.99950000000000006,15.709906253719119
2p (m=+0),2,1,0,247,3.2336223705571849,0.80840559263929623,0.13104229901561537,0.17955669744977493,0.22540079384829453,0.99950000000000006,15.709906253719119
2p (m=+0),2,1,0,248,3.2467139591019509,0.81167848977548773,0.13071439856987649,0.1801087924634471,0.22775509015214232,0.99950000000000006,15.709906253719119
2p (m=+0),2,1,0,249,3.2598055476467169,0.81495138691167923,0.13038519863154333,0.18065083567939039,0.23011654845974672,0.99950000000000006,15.709906253719119
2p (m=+0),2,1,0,250,3.2728971361914829,0.81822428404787073,0.13005473011555238,0.18118282069481739,0.23248503713519642,0.99950000000000006,15.709906253719119
2p (m=+0),2,1,0,251,3.2859887247362489,0.82149718118406223,0.12972302358875318,0.18170474274406209,0.23486042446947367,0.99950000000000006,15.709906253719119
2p (m=+0),2,1,0,252,3.2990803132810149,0.82477007832025373,0.12939010927313424,0.18221659867828091,0.23724257870175397,0.99950000000000006,15.709906253719119
2p (m=+0),2,1,0,253,3.3121719018257805,0.82804297545644512,0.12905601704902214,0.18271838694507875,0.23963136804043944,0.99950000000000006,15.709906253719119
2p (m=+0),2,1,0,254,3.3252634903705465,0.83131587259263662,0.128720776458253,0.18321010756806627,0.24202666068392531,0.99950000000000006,15.709906253719119
2p (m=+0),2,1,0,255,3.3383550789153125,0.83458876972882812,0.12838441670731782,0.18369176212635818,0.24442832484109769,0.99950000000000006,15.709906253719119
2p (m=+0),2,1,0,256,3.3514466674600785,0.83786166686501962,0.1280469666704806,0.1841633537340184,0.24683622875156333,0.99950000000000006,15.709906253719119
2p (m=+0),2,1,0,257,3.3645382560048445,0.84113456400121112,0.12770845489287019,0.18462488701945931,0.24925024070560964,0.99950000000000006,15.709906253719119
2p (m=+0),2,1,0,258,3.3776298445496105,0.84440746113740262,0.12736890959354627,0.18507636810480502,0.25167022906389486,0.99950000000000006,15.709906253719119
2p (m=+0),2,1,0,259,3.3907214330943765,0.84768035827359411,0.12702835866853868,0.18551780458522113,0.25409606227686776,0.99950000000000006,15.709906253719119
2p (m=+0),2,1,0,260,3.403813021639142,0.8509532554097855,0.12668682969386172,0.18594920550822314,0.25652760890391657,0.99950000000000006,15.709906253719119
2p (m=+0),2,1,0,261,3.416904610183908,0.854226152545977,0.12634434992850221,0.18637058135296555,0.25896473763224742,0.99950000000000006,15.709906253719119
2p (m=+0),2,1,0,262,3.429996198728674,0.8574990496821685,0.12600094631738268,0.18678194400952181,0.26140731729549044,0.99950000000000006,15.709906253719119
2p (m=+0),2,1,0,263,3.44308778727344,0.86077194681836,0.12565664549429909,0.18718330675815903,0.26385521689203578,0.99950000000000006,15.709906253719119
2p (m=+0),2,1,0,264,3.456179375818206,0.8640448439545515,0.12531147378483368,0.1875746842486154,0.26630830560309771,0.99950000000000006,15.709906253719119
2p (m=+0),2,1,0,265,3.469270964362972,0.867317741090743,0.12496545720924306,0.18795609247938519,0.26876645281050737,0.99950000000000006,15.709906253719119
2p (m=+0),2,1,0,266,3.482362552907738,0.8705906382269345,0.12461862148532173,0.1883275487770186,0.27122952811423495,0.99950000000000006,15.709906253719119
2p (m=+0),2,1,0,267,3.4954541414525035,0.87386353536312589,0.12427099203124128,0.18868907177544095,0.27369740134964038,0.99950000000000006,15.709906253719119
2p (m=+0),2,1,0,268,3.5085457299972695,0.87713643249931739,0.12392259396836519,0.18904068139529753,0.27616994260445404,0.99950000000000006,15.709906253719119
2p (m=+0),2,1,0,269,3.5216373185420355,0.88040932963550889,0.12357345212404006,0.18938239882333036,0.27864702223548665,0.99950000000000006,15.709906253719119
2p (m=+0),2,1,0,270,3.5347289070868015,0.88368222677170039,0.12322359103436265,0.18971424649179028,0.28112851088506996,0.99950000000000006,15.709906253719119
2p (m=+0),2,1,0,271,3.5478204956315675,0.88695512390789188,0.1228730349469236,0.19003624805789199,0.28361427949722789,0.99950000000000006,15.709906253719119
2p (m=+0),2,1,0,272,3.5609120841763335,0.89022802104408338,0.12252180782352755,0.19034842838331492,0.286104199333579,0.99950000000000006,15.709906253719119
2p (m=+0),2,1,0,273,3.5740036727210991,0.89350091818027477,0.12216993334289024,0.19065081351375671,0.28859814198897105,0.99950000000000006,15.709906253719119
2p (m=+0),2,1,0,274,3.5870952612658651,0.89677381531646627,0.12181743490331241,0.19094343065854325,0.29109597940684839,0.99950000000000006,15.709906253719119
2p (m=+0),2,1,0,275,3.6001868498106311,0.90004671245265777,0.12146433562533102,0.19122630817029951,0.29359758389435237,0.99950000000000006,15.709906253719119
2p (m=+0),2,1,0,276,3.6132784383553971,0.90331960958884927,0.12111065835434758,0.19149947552468677,0.29610282813715633,0.99950000000000006,15.709906253719119
2p (m=+0),2,1,0,277,3.6263700269001631,0.90659250672504077,0.12075642566323433,0.19176296330021039,0.29861158521403586,0.99950000000000006,15.709906253719119
2p (m=+0),2,1,0,278,3.6394616154449291,0.90986540386123227,0.12040165985491774,0.19201680315810135,0.30112372861117515,0.99950000000000006,15.709906253719119
2p (m=+0),2,1,0,279,3.6525532039896951,0.91313830099742377,0.12004638296494038,0.19226102782227789,0.30363913223621025,0.99950000000000006,15.709906253719119
2p (m=+0),2,1,0,280,3.6656447925344606,0.91641119813361516,0.11969061676400027,0.1924956710593885,0.30615767043201075,0.99950000000000006,15.709906253719119
2p (m=+0),2,1,0,281,3.6787363810792266,0.91968409526980666,0.11933438276046901,0.19272076765894336,0.30867921799020098,0.99950000000000006,15.709906253719119
2p (m=+0),2,1,0,282,3.6918279696239926,0.92295699240599816,0.11897770220288796,0.19293635341353471,0.31120365016442092,0.99950000000000006,15.709906253719119
2p (m=+0),2,1,0,283,3.7049195581687586,0.92622988954218965,0.11862059608244328,0.19314246509915287,0.31373084268332968,0.99950000000000006,15.709906253719119
2p (m=+0),2,1,0,284,3.7180111467135246,0.92950278667838115,0.11826308513541951,0.19333914045559936,0.31626067176335138,0.99950000000000006,15.709906253719119
2p (m=+0),2,1,0,285,3.7311027352582906,0.93277568381457265,0.1179051898456322,0.19352641816700145,0.31879301412116545,0.99950000000000006,15.709906253719119
2p (m=+0),2,1,0,286,3.7441943238030566,0.93604858095076415,0.11754693044683964,0.19370433784243163,0.32132774698594252,0.99950000000000006,15.709906253719119
2p (m=+0),2,1,0,287,3.7572859123478222,0.93932147808695554,0.11718832692513391,0.19387293999663449,0.32386474811132721,0.99950000000000006,15.709906253719119
2p (m=+0),2,1,0,288,3.7703775008925882,0.94259437522314704,0.11682939902131124,0.19403226603086537,0.32640389578716955,0.99950000000000006,15.709906253719119
2p (m=+0),2,1,0,289,3.7834690894373542,0.94586727235933854,0.11647016623322215,0.19418235821384189,0.32894506885100588,0.99950000000000006,15.709906253719119
2p (m=+0),2,1,0,290,3.7965606779821202,0.94914016949553004,0.11611064781810118,0.19432325966281339,0.3314881466992915,0.99950000000000006,15.709906253719119
2p (m=+0),2,1,0,291,3.8096522665268862,0.95241306663172154,0.1157508627948768,0.19445501432474974,0.33403300929838625,0.99950000000000006,15.709906253719119
2p (m=+0),2,1,0,292,3.8227438550716522,0.95568596376791304,0.11539082994646116,0.19457766695765238,0.33657953719529438,0.99950000000000006,15.709906253719119
2p (m=+0),2,1,0,293,3.8358354436164182,0.95895886090410454,0.11503056782202026,0.19469126311199053,0.3391276115281609,0.99950000000000006,15.709906253719119
2p (m=+0),2,1,0,294,3.8489270321611837,0.96223175804029593,0.1146700947392246,0.19479584911226513,0.34167711403652534,0.99950000000000006,15.709906253719119
2p (m=+0),2,1,0,295,3.8620186207059497,0.96550465517648743,0.11430942878648019,0.19489147203870211,0.34422792707133559,0.99950000000000006,15.709906253719119
2p (m=+0),2,1,0,296,3.8751102092507157,0.96877755231267892,0.11394858782514052,0.19497817970907833,0.34677993360472215,0.99950000000000006,15.709906253719119
2p (m=+0),2,1,0,297,3.8882017977954817,0.97205044944887042,0.11358758949169938,0.19505602066068223,0.34933301723953603,0.99950000000000006,15.709906253719119
2p (m=+0),2,1,0,298,3.9012933863402477,0.97532334658506192,0.11322645119996454,0.19512504413240969,0.35188706221865096,0.99950000000000006,15.709906253719119
2p (m=+0),2,1,0,299,3.9143849748850137,0.97859624372125342,0.11286519014321297,0.19518530004700022,0.3544419534340324,0.99950000000000006,15.709906253719119
2p (m=+0),2,1,0,300,3.9274765634297792,0.98186914085744481,0.11250382329632719,0.19523683899341254,0.35699757643557456,0.99950000000000006,15.709906253719119
2p (m=+0),2,1,0,301,3.9405681519745452,0.98514203799363631,0.11214236741791304,0.19527971220934259,0.35955381743970832,0.99950000000000006,15.709906253719119
2p (m=+0),2,1,0,302,3.9536597405193112,0.98841493512982781,0.11178083905239945,0.19531397156388589,0.36211056333778008,0.99950000000000006,15.709906253719119
2p (m=+0),2,1,0,303,3.9667513290640772,0.99168783226601931,0.11141925453211975,0.19533966954034604,0.3646677017042057,0.99950000000000006,15.709906253719119
2p (m=+0),2,1,0,304,3.9798429176088432,0.99496072940221081,0.11105762997937488,0.19535685921918952,0.36722512080439978,0.99950000000000006,15.709906253719119
2p (m=+0),2,1,0,305,3.9929345061536092,0.99823362653840231,0.11069598130847906,0.1953655942611508,0.36978270960248283,0.99950000000000006,15.709906253719119
2p (m=+0),2,1,0,306,4.0060260946983748,1.0015065236745937,0.11033432422778731,0.19536592889048668,0.37234035776876823,0.99950000000000006,15.709906253719119
2p (m=+0),2,1,0,307,4.0191176832431408,1.0047794208107852,0.10997267424170554,0.1953579178783828,0.37489795568703133,0.99950000000000006,15.709906253719119
2p (m=+0),2,1,0,308,4.0322092717879068,1.0080523179469767,0.10961104665268334,0.19534161652651383,0.37745539446156162,0.99950000000000006,15.709906253719119
2p (m=+0),2,1,0,309,4.0453008603326728,1.0113252150831682,0.10924945656318903,0.19531708065075579,0.38001256592400118,0.99950000000000006,15.709906253719119
2p (m=+0),2,1,0,310,4.0583924488774388,1.0145981122193597,0.10888791887766804,0.19528436656505668,0.38256936263997093,0.99950000000000006,15.709906253719119
2p (m=+0),2,1,0,311,4.0714840374222048,1.0178710093555512,0.10852644830448378,0.19524353106546069,0.38512567791548658,0.99950000000000006,15.709906253719119
2p (m=+0),2,1,0,312,4.0845756259669708,1.0211439064917427,0.10816505935784203,0.19519463141429202,0.38768140580316629,0.99950000000000006,15.709906253719119
2p (m=+0),2,1,0,313,4.0976672145117368,1.0244168036279342,0.10780376635969817,0.19513772532449533,0.3902364411082328,0.99950000000000006,15.709906253719119
2p (m=+0),2,1,0,314,4.1107588030565028,1.0276897007641257,0.10744258344164809,0.19507287094413667,0.39279067939431117,0.99950000000000006,15.709906253719119
2p (m=+0),2,1,0,315,4.1238503916012688,1.0309625979003172,0.10708152454680256,0.19500012684106385,0.39534401698902483,0.99950000000000006,15.709906253719119
2p (m=+0),2,1,0,316,4.1369419801460348,1.0342354950365087,0.10672060343164502,0.19491955198772742,0.39789635098939174,0.99950000000000006,15.709906253719119
2p (m=+0),2,1,0,317,4.1500335686907999,1.0375083921727,0.10635983366787351,0.19483120574616319,0.40044757926702301,0.99950000000000006,15.709906253719119
2p (m=+0),2,1,0,318,4.1631251572355659,1.0407812893088915,0.10599922864422609,0.19473514785313692,0.40299760047312644,0.99950000000000006,15.709906253719119
2p (m=+0),2,1,0,319,4.1762167457803319,1.044054186445083,0.10563880156829077,0.19463143840545122,0.4055463140433152,0.99950000000000006,15.709906253719119
2p (m=+0),2,1,0,320,4.1893083343250979,1.0473270835812745,0.10527856546829924,0.19452013784541583,0.40809362020222695,0.99950000000000006,15.709906253719119
2p (m=+0),2,1,0,321,4.2023999228698639,1.050599980717466,0.10491853319490507,0.19440130694648108,0.41063941996795267,0.99950000000000006,15.709906253719119
2p (m=+0),2,1,0,322,4.2154915114146299,1.0538728778536575,0.10455871742294631,0.19427500679903514,0.41318361515627899,0.99950000000000006,15.709906253719119
2p (m=+0),2,1,0,323,4.2285830999593959,1.057145774989849,0.10419913065319265,0.19414129879636582,0.41572610838474555,0.99950000000000006,15.709906253719119
2p (m=+0),2,1,0,324,4.2416746885041618,1.0604186721260405,0.10383978521407726,0.19400024462078633,0.41826680307651942,0.99950000000000006,15.709906253719119
2p (m=+0),2,1,0,325,4.2547662770489278,1.063691569262232,0.10348069326341348,0.1938519062299259,0.42080560346408946,0.99950000000000006,15.709906253719119
2p (m=+0),2,1,0,326,4.2678578655936938,1.0669644663984235,0.10312186679009638,0.19369634584318526,0.42334241459278166,0.99950000000000006,15.709906253719119
2p (m=+0),2,1,0,327,4.2809494541384598,1.070237363534615,0.10276331761578941,0.19353362592835668,0.42587714232409885,0.99950000000000006,15.709906253719119
2p (m=+0),2,1,0,328,4.2940410426832258,1.0735102606708065,0.10240505739659622,0.19336380918840923,0.42840969333888584,0.99950000000000006,15.709906253719119
2p (m=+0),2,1,0,329,4.3071326312279918,1.076783157806998,0.10204709762471789,0.19318695854843929,0.43093997514032295,0.99950000000000006,15.709906253719119
2p (m=+0),2,1,0,330,4.3202242197727578,1.0800560549431895,0.10168944963009539,0.19300313714278547,0.43346789605674962,0.99950000000000006,15.709906253719119
2p (m=+0),2,1,0,331,4.3333158083175229,1.0833289520793807,0.10133212458203772,0.19281240830230845,0.43599336524432025,0.99950000000000006,15.709906253719119
2p (m=+0),2,1,0,332,4.3464073968622889,1.0866018492155722,0.10097513349083562,0.19261483554183592,0.4385162926894956,0.99950000000000006,15.709906253719119
2p (m=+0),2,1,0,333,4.3594989854070549,1.0898747463517637,0.10061848720936128,0.19241048254777238,0.44103658921136901,0.99950000000000006,15.709906253719119
2p (m=+0),2,1,0,334,4.3725905739518209,1.0931476434879552,0.10026219643465357,0.19219941316587189,0.44355416646383322,0.99950000000000006,15.709906253719119
2p (m=+0),2,1,0,335,4.3856821624965869,1.0964205406241467,0.099906271709489708,0.19198169138917709,0.44606893693758742,0.99950000000000006,15.709906253719119
2p (m=+0),2,1,0,336,4.3987737510413529,1.0996934377603382,0.099550723423942653,0.19175738134612005,0.44858081396198768,0.99950000000000006,15.709906253719119
2p (m=+0),2,1,0,337,4.4118653395861189,1.1029663348965297,0.099195561816925043,0.19152654728878812,0.4510897117067425,0.99950000000000006,15.709906253719119
2p (m=+0),2,1,0,338,4.4249569281308849,1.1062392320327212,0.098840796977719358,0.1912892535813521,0.45359554518345596,0.99950000000000006,15.709906253719119
2p (m=+0),2,1,0,339,4.4380485166756509,1.1095121291689127,0.09848643884749457,0.19104556468865763,0.4560982302470204,0.99950000000000006,15.709906253719119
2p (m=+0),2,1,0,340,4.4511401052204169,1.1127850263051042,0.098132497220809328,0.19079554516497862,0.45859768359686071,0.99950000000000006,15.709906253719119
2p (m=+0),2,1,0,341,4.4642316937651829,1.1160579234412957,0.097778981747101978,0.19053925964293314,0.46109382277803262,0.99950000000000006,15.709906253719119
2p (m=+0),2,1,0,342,4.4773232823099489,1.1193308205774872,0.09742590193216713,0.19027677282255948,0.46358656618217686,0.99950000000000006,15.709906253719119
2p (m=+0),2,1,0,343,4.4904148708547149,1.1226037177136787,0.09707326713961939,0.19000814946055458,0.46607583304833128,0.99950000000000006,15.709906253719119
2p (m=+0),2,1,0,344,4.50350645939948,1.12587661484987,0.09672108659234406,0.18973345435967204,0.46856154346360307,0.99950000000000006,15.709906253719119
2p (m=+0),2,1,0,345,4.516598047944246,1.1291495119860615,0.096369369373934657,0.18945275235827916,0.47104361836370406,0.99950000000000006,15.709906253719119
2p (m=+0),2,1,0,346,4.529689636489012,1.132422409122253,0.096018124430118201,0.18916610832007438,0.47352197953334862,0.99950000000000006,15.709906253719119
2p (m=+0),2,1,0,347,4.542781225033778,1.1356953062584445,0.095667360570167351,0.18887358712396221,0.4759965496065196,0.99950000000000006,15.709906253719119
2p (m=+0),2,1,0,348,4.555872813578544,1.138968203394636,0.095317086468300241,0.18857525365408601,0.47846725206660218,0.99950000000000006,15.709906253719119
2p (m=+0),2,1,0,349,4.56896440212331,1.1422411005308275,0.094967310665067792,0.18827117279001843,0.48093401124638802,0.99950000000000006,15.709906253719119
2p (m=+0),2,1,0,350,4.582055990668076,1.145513997667019,0.09461804156872862,0.18796140939710712,0.48339675232795237,0.99950000000000006,15.709906253719119
2p (m=+0),2,1,0,351,4.595147579212842,1.1487868948032105,0.094269287456611853,0.18764602831697716,0.48585540134240568,0.99950000000000006,15.709906253719119
2p (m=+0),2,1,0,352,4.608239167757608,1.152059791939402,0.093921056476467549,0.18732509435818731,0.48830988516952178,0.99950000000000006,15.709906253719119
2p (m=+0),2,1,0,353,4.621330756302374,1.1553326890755935,0.093573356647805292,0.18699867228704053,0.49076013153724496,0.99950000000000006,15.709906253719119
2p (m=+0),2,1,0,354,4.63442234484714,1.158605586211785,0.093226195863220673,0.18666682681854785,0.49320606902107744,0.99950000000000006,15.709906253719119
2p (m=+0),2,1,0,355,4.647513933391906,1.1618784833479765,0.092879581889710128,0.18632962260754463,0.49564762704334997,0.99950000000000006,15.709906253719119
2p (m=+0),2,1,0,356,4.660605521936672,1.165151380484168,0.092533522369973739,0.18598712423995742,0.49808473587237662,0.99950000000000006,15.709906253719119
2p (m=+0),2,1,0,357,4.673697110481438,1.1684242776203595,0.09218802482370661,0.18563939622422237,0.50051732662149662,0.99950000000000006,15.709906253719119
2p (m=+0),2,1,0,358,4.6867886990262031,1.1716971747565508,0.09184309664887863,0.18528650298285271,0.50294533124800467,0.99950000000000006,15.709906253719119
2p (m=+0),2,1,0,359,4.6998802875709691,1.1749700718927423,0.091498745123002601,0.18492850884415479,0.50536868255197209,0.99950000000000006,15.709906253719119
2p (m=+0),2,1,0,360,4.7129718761157351,1.1782429690289338,0.091154977404391352,0.18456547803409254,0.5077873141749597,0.99950000000000006,15.709906253719119
2p (m=+0),2,1,0,361,4.7260634646605011,1.1815158661651253,0.090811800533403236,0.18419747466829783,0.51020116059862608,0.99950000000000006,15.709906253719119
2p (m=+0),2,1,0,362,4.7391550532052671,1.1847887633013168,0.090469221433676611,0.18382456274422734,0.51261015714323166,0.99950000000000006,15.709906253719119
2p (m=+0),2,1,0,363,4.7522466417500331,1.1880616604375083,0.090127246913353221,0.1834468061334639,0.51501423996604156,0.99950000000000006,15.709906253719119
2p (m=+0),2,1,0,364,4.7653382302947991,1.1913345575736998,0.089785883666290534,0.18306426857416153,0.51741334605962763,0.99950000000000006,15.709906253719119
2p (m=+0),2,1,0,365,4.7784298188395651,1.1946074547098913,0.089445138273263225,0.18267701366363359,0.51980741325007385,0.99950000000000006,15.709906253719119
2p (m=+0),2,1,0,366,4.7915214073843311,1.1978803518460828,0.089105017203153919,0.18228510485108274,0.52219638019508419,0.99950000000000006,15.709906253719119
2p (m=+0),2,1,0,367,4.8046129959290971,1.2011532489822743,0.088765526814132925,0.18188860543047036,0.52458018638199766,0.99950000000000006,15.709906253719119
2p (m=+0),2,1,0,368,4.8177045844738631,1.2044261461184658,0.088426673354827734,0.18148757853352759,0.52695877212570963,0.99950000000000006,15.709906253719119
2p (m=+0),2,1,0,369,4.8307961730186291,1.2076990432546573,0.088088462965481645,0.18108208712290311,0.52933207856650333,0.99950000000000006,15.709906253719119
2p (m=+0),2,1,0,370,4.8438877615633951,1.2109719403908488,0.087750901679102128,0.18067219398544934,0.53170004766779244,0.99950000000000006,15.709906253719119
2p (m=+0),2,1,0,371,4.8569793501081602,1.21424483752704,0.087413995422598714,0.18025796172564457,0.53406262221377632,0.99950000000000006,15.709906253719119
2p (m=+0),2,1,0,372,4.8700709386529262,1.2175177346632315,0.087077750017910571,0.17983945275915031,0.53641974580701079,0.99950000000000006,15.709906253719119
2p (m=+0),2,1,0,373,4.8831625271976922,1.220790631799423,0.086742171183124148,0.17941672930650329,0.53877136286589433,0.99950000000000006,15.709906253719119
2p (m=+0),2,1,0,374,4.8962541157424582,1.2240635289356145,0.086407264533580289,0.17898985338693946,0.54111741862207341,0.99950000000000006,15.709906253719119
2p (m=+0),2,1,0,375,4.9093457042872242,1.227336426071806,0.086073035582971663,0.17855888681235063,0.54345785911776767,0.99950000000000006,15.709906253719119
2p (m=+0),2,1,0,376,4.9224372928319902,1.2306093232079975,0.085739489744430061,0.17812389118137145,0.54579263120301669,0.99950000000000006,15.709906253719119
2p (m=+0),2,1,0,377,4.9355288813767562,1.233882220344189,0.085406632331603949,0.17768492787359599,0.5481216825328501,0.99950000000000006,15.709906253719119
2p (m=+0),2,1,0,378,4.9486204699215222,1.2371551174803805,0.085074468559726085,0.17724205804392229,0.55044496156438316,0.99950000000000006,15.709906253719119
2p (m=+0),2,1,0,379,4.9617120584662882,1.240428014616572,0.084743003546671622,0.17679534261702493,0.55276241755383893,0.99950000000000006,15.709906253719119
2p (m=+0),2,1,0,380,4.9748036470110542,1.2437009117527635,0.084412242314006541,0.17634484228195307,0.55507400055349898,0.99950000000000006,15.709906253719119
2p (m=+0),2,1,0,381,4.9878952355558202,1.246973808888955,0.084082189788026368,0.17589061748685281,0.55737966140858386,0.99950000000000006,15.709906253719119
2p (m=+0),2,1,0,382,5.0009868241005861,1.2502467060251465,0.083752850800785733,0.17543272843381447,0.5596793517540658,0.99950000000000006,15.709906253719119
2p (m=+0),2,1,0,383,5.0140784126453521,1.253519603161338,0.083424230091118337,0.17497123507384121,0.56197302401141447,0.99950000000000006,15.709906253719119
2p (m=+0),2,1,0,384,5.0271700011901181,1.2567925002975295,0.083096332305647683,0.17450619710193932,0.56426063138527782,0.99950000000000006,15.709906253719119
2p (m=+0),2,1,0,385,5.0402615897348833,1.2600653974337208,0.082769161999788621,0.17403767395232861,0.56654212786009894,0.99950000000000006,15.709906253719119
2p (m=+0),2,1,0,386,5.0533531782796492,1.2633382945699123,0.08244272363873964,0.17356572479377141,0.568817468196672,0.99950000000000006,15.709906253719119
2p (m=+0),2,1,0,387,5.0664447668244152,1.2666111917061038,0.082117021598466303,0.17309040852501972,0.57108660792863664,0.99950000000000006,15.709906253719119
2p (m=+0),2,1,0,388,5.0795363553691812,1.2698840888422953,0.081792060166675409,0.17261178377037781,0.5733495033589141,0.99950000000000006,15.709906253719119
2p (m=+0),2,1,0,389,5.0926279439139472,1.2731569859784868,0.081467843543780546,0.17212990887538138,0.57560611155608632,0.99950000000000006,15.709906253719119
2p (m=+0),2,1,0,390,5.1057195324587132,1.2764298831146783,0.08114437584385846,0.17164484190258922,0.57785639035071867,0.99950000000000006,15.709906253719119
2p (m=+0),2,1,0,391,5.1188111210034792,1.2797027802508698,0.080821661095597047,0.17115664062748912,0.58010029833162846,0.99950000000000006,15.709906253719119
2p (m=+0),2,1,0,392,5.1319027095482452,1.2829756773870613,0.080499703243234272,0.17066536253451406,0.5823377948421008,0.99950000000000006,15.709906253719119
2p (m=+0),2,1,0,393,5.1449942980930112,1.2862485745232528,0.080178506147488796,0.17017106481316974,0.5845688399760528,0.99950000000000006,15.709906253719119
2p (m=+0),2,1,0,394,5.1580858866377772,1.2895214716594443,0.079858073586481823,0.16967380435427068,0.58679339457414781,0.99950000000000006,15.709906253719119
2p (m=+0),2,1,0,395,5.1711774751825432,1.2927943687956358,0.079538409256650539,0.16917363774628411,0.5890114202198613,0.99950000000000006,15.709906253719119
2p (m=+0),2,1,0,396,5.1842690637273092,1.2960672659318273,0.079219516773653256,0.16867062127178123,0.59122287923549921,0.99950000000000006,15.709906253719119
2p (m=+0),2,1,0,397,5.1973606522720752,1.2993401630680188,0.078901399673266037,0.16816481090399318,0.593427734678171,0.99950000000000006,15.709906253719119
2p (m=+0),2,1,0,398,5.2104522408168403,1.3026130602042101,0.078584061412271242,0.16765626230347172,0.59562595033571775,0.99950000000000006,15.709906253719119
2p (m=+0),2,1,0,399,5.2235438293616063,1.3058859573404016,0.078267505369337687,0.16714503081485269,0.59781749072259804,0.99950000000000006,15.709906253719119
2p (m=+0),2,1,0,400,5.2366354179063723,1.3091588544765931,0.077951734845892892,0.16663117146372156,0.60000232107573093,0.99950000000000006,15.709906253719119
2p (m=+0),2,1,0,401,5.2497270064511383,1.3124317516127846,0.077636753066987099,0.16611473895357912,0.60218040735029932,0.99950000000000006,15.709906253719119
2p (m=+0),2,1,0,402,5.2628185949959043,1.3157046487489761,0.077322563182149445,0.16559578766290736,0.60435171621551464,0.99950000000000006,15.709906253719119
2p (m=+0),2,1,0,403,5.2759101835406703,1.3189775458851676,0.077009168266235994,0.16507437164233224,0.60651621505034281,0.99950000000000006,15.709906253719119
2p (m=+0),2,1,0,404,5.2890017720854363,1.3222504430213591,0.07669657132027026,0.16455054461188501,0.60867387193919442,0.99950000000000006,15.709906253719119
2p (m=+0),2,1,0,405,5.3020933606302023,1.3255233401575506,0.076384775272275565,0.16402435995835787,0.61082465566757915,0.99950000000000006,15.709906253719119
2p (m=+0),2,1,0,406,5.3151849491749683,1.3287962372937421,0.076073782978099982,0.16349587073275507,0.61296853571772658,0.99950000000000006,15.709906253719119
2p (m=+0),2,1,0,407,5.3282765377197343,1.3320691344299336,0.075763597222233456,0.16296512964783713,0.61510548226417427,0.99950000000000006,15.709906253719119
2p (m=+0),2,1,0,408,5.3413681262645003,1.3353420315661251,0.075454220718617349,0.16243218907575699,0.61723546616932401,0.99950000000000006,15.709906253719119
2p (m=+0),2,1,0,409,5.3544597148092663,1.3386149287023166,0.075145656111446552,0.16189710104578761,0.61935845897896769,0.99950000000000006,15.709906253719119
2p (m=+0),2,1,0,410,5.3675513033540323,1.3418878258385081,0.074837905975963986,0.16135991724213875,0.62147443291778437,0.99950000000000006,15.709906253719119
2p (m=+0),2,1,0,411,5.3806428918987974,1.3451607229746994,0.074530972819247851,0.16082068900186272,0.62358336088480915,0.99950000000000006,15.709906253719119
2p (m=+0),2,1,0,412,5.3937344804435634,1.3484336201108909,0.07422485908099144,0.16027946731284787,0.62568521644887531,0.99950000000000006,15.709906253719119
2p (m=+0),2,1,0,413,5.4068260689883294,1.3517065172470824,0.073919567134275721,0.15973630281189741,0.62777997384403006,0.99950000000000006,15.709906253719119
2p (m=+0),2,1,0,414,5.4199176575330954,1.3549794143832739,0.073615099286334723,0.15919124578289426,0.62986760796492702,0.99950000000000006,15.709906253719119
2p (m=+0),2,1,0,415,5.4330092460778614,1.3582523115194653,0.073311457779313721,0.15864434615504924,0.6319480943621939,0.99950000000000006,15.709906253719119
2p (m=+0),2,1,0,416,5.4461008346226274,1.3615252086556568,0.073008644791020302,0.15809565350123178,0.63402140923777861,0.99950000000000006,15.709906253719119
2p (m=+0),2,1,0,417,5.4591924231673934,1.3647981057918483,0.072706662435668576,0.15754521703638336,0.63608752944027369,0.99950000000000006,15.709906253719119
2p (m=+0),2,1,0,418,5.4722840117121594,1.3680710029280398,0.072405512764616167,0.15699308561600978,0.63814643246022085,0.99950000000000006,15.709906253719119
2p (m=+0),2,1,0,419,5.4853756002569254,1.3713439000642313,0.072105197767094523,0.15643930773475423,0.6401980964253956,0.99950000000000006,15.709906253719119
2p (m=+0),2,1,0,420,5.4984671888016914,1.3746167972004228,0.071805719370932164,0.15588393152504718,0.64224250009607453,0.99950000000000006,15.709906253719119
2p (m=+0),2,1,0,421,5.5115587773464574,1.3778896943366143,0.071507079443271351,0.15532700475583466,0.64427962286028484,0.99950000000000006,15.709906253719119
2p (m=+0),2,1,0,422,5.5246503658912234,1.3811625914728058,0.071209279791277794,0.1547685748313809,0.64630944472903817,0.99950000000000006,15.709906253719119
2p (m=+0),2,1,0,423,5.5377419544359894,1.3844354886089973,0.070912322162843891,0.15420868879014715,0.64833194633154856,0.99950000000000006,15.709906253719119
2p (m=+0),2,1,0,424,5.5508335429807554,1.3877083857451888,0.070616208247285192,0.15364739330374344,0.65034710891043701,0.99950000000000006,15.709906253719119
2p (m=+0),2,1,0,425,5.5639251315255205,1.3909812828813801,0.070320939676030411,0.15308473467595277,0.65235491431692227,0.99950000000000006,15.709906253719119
2p (m=+0),2,1,0,426,5.5770167200702865,1.3942541800175716,0.070026518023304743,0.15252075884182711,0.65435534500599979,0.99950000000000006,15.709906253719119
2p (m=+0),2,1,0,427,5.5901083086150525,1.3975270771537631,0.069732944806807043,0.1519555113668537,0.65634838403160833,0.99950000000000006,15.709906253719119
2p (m=+0),2,1,0,428,5.6031998971598185,1.4007999742899546,0.069440221488380263,0.15138903744619031,0.65833401504178735,0.99950000000000006,15.709906253719119
2p (m=+0),2,1,0,429,5.6162914857045845,1.4040728714261461,0.069148349474675783,0.15082138190396913,0.66031222227382413,0.99950000000000006,15.709906253719119
2p (m=+0),2,1,0,430,5.6293830742493505,1.4073457685623376,0.068857330117811338,0.15025258919266729,0.6622829905493921,0.99950000000000006,15.709906253719119
2p (m=+0),2,1,0,431,5.6424746627941165,1.4106186656985291,0.068567164716022741,0.14968270339254386,0.66424630526968187,0.99950000000000006,15.709906253719119
2p (m=+0),2,1,0,432,5.6555662513388825,1.4138915628347206,0.068277854514309413,0.14911176821114128,0.66620215241052494,0.99950000000000006,15.709906253719119
2p (m=+0),2,1,0,433,5.6686578398836485,1.4171644599709121,0.067989400705073866,0.14853982698285165,0.66815051851751139,0.99950000000000006,15.709906253719119
2p (m=+0),2,1,0,434,5.6817494284284145,1.4204373571071036,0.067701804428754883,0.14796692266854458,0.67009139070110235,0.99950000000000006,15.709906253719119
2p (m=+0),2,1,0,435,5.6948410169731805,1.4237102542432951,0.067415066774454996,0.14739309785525814,0.672024756631738,0.99950000000000006,15.709906253719119
2p (m=+0),2,1,0,436,5.7079326055179465,1.4269831513794866,0.067129188780561691,0.14681839475594974,0.67395060453494171,0.99950000000000006,15.709906253719119
2p (m=+0),2,1,0,437,5.7210241940627125,1.4302560485156781,0.066844171435362906,0.14624285520930755,0.67586892318642167,0.99950000000000006,15.709906253719119
2p (m=+0),2,1,0,438,5.7341157826074776,1.4335289456518694,0.066560015677656528,0.14566652067961988,0.67777970190717018,0.99950000000000006,15.709906253719119
2p (m=+0),2,1,0,439,5.7472073711522436,1.4368018427880609,0.066276722397354076,0.14508943225670282,0.67968293055856199,0.99950000000000006,15.709906253719119
2p (m=+0),2,1,0,440,5.7602989596970096,1.4400747399242524,0.065994292436078683,0.1445116306558846,0.68157859953745126,0.99950000000000006,15.709906253719119
2p (m=+0),2,1,0,441,5.7733905482417756,1.4433476370604439,0.065712726587757411,0.14393315621804598,0.68346669977126939,0.99950000000000006,15.709906253719119
2p (m=+0),2,1,0,442,5.7864821367865416,1.4466205341966354,0.065432025599207633,0.14335404890971465,0.68534722271312365,0.99950000000000006,15.709906253719119
2p (m=+0),2,1,0,443,5.7995737253313075,1.4498934313328269,0.065152190170718063,0.14277434832321406,0.68722016033689703,0.99950000000000006,15.709906253719119
2p (m=+0),2,1,0,444,5.8126653138760735,1.4531663284690184,0.064873220956624136,0.14219409367686545,0.68908550513235112,0.99950000000000006,15.709906253719119
2p (m=+0),2,1,0,445,5.8257569024208395,1.4564392256052099,0.064595118565877754,0.14161332381524061,0.69094325010023072,0.99950000000000006,15.709906253719119
2p (m=+0),2,1,0,446,5.8388484909656055,1.4597121227414014,0.0643178835626117,0.14103207720946678,0.69279338874737362,0.99950000000000006,15.709906253719119
2p (m=+0),2,1,0,447,5.8519400795103715,1.4629850198775929,0.064041516466698478,0.14045039195758061,0.69463591508182354,0.99950000000000006,15.709906253719119
2p (m=+0),2,1,0,448,5.8650316680551375,1.4662579170137844,0.063766017754303961,0.13986830578493223,0.69647082360794832,0.99950000000000006,15.709906253719119
2p (m=+0),2,1,0,449,5.8781232565999035,1.4695308141499759,0.063491387858435486,0.13928585604463642,0.69829810932156422,0.99950000000000006,15.709906253719119
2p (m=+0),2,1,0,450,5.8912148451446695,1.4728037112861674,0.063217627169484758,0.13870307971807128,0.70011776770506562,0.99950000000000006,15.709906253719119
2p (m=+0),2,1,0,451,5.9043064336894355,1.4760766084223589,0.062944736035765558,0.13812001341542393,0.70192979472256223,0.99950000000000006,15.709906253719119
2p (m=+0),2,1,0,452,5.9173980222342006,1.4793495055585502,0.062672714764046164,0.13753669337628061,0.7037341868150232,0.99950000000000006,15.709906253719119
2p (m=+0),2,1,0,453,5.9304896107789666,1.4826224026947417,0.062401563620076622,0.1369531554702621,0.70553094089543023,0.99950000000000006,15.709906253719119
2p (m=+0),2,1,0,454,5.9435811993237326,1.4858952998309332,0.062131282829110929,0.13636943519770187,0.70732005434393752,0.99950000000000006,15.709906253719119
2p (m=+0),2,1,0,455,5.9566727878684986,1.4891681969671247,0.061861872576424198,0.13578556769036823,0.70910152500304258,0.99950000000000006,15.709906253719119
2p (m=+0),2,1,0,456,5.9697643764132646,1.4924410941033162,0.06159333300782472,0.13520158771222748,0.71087535117276623,0.99950000000000006,15.709906253719119
2p (m=+0),2,1,0,457,5.9828559649580306,1.4957139912395077,0.061325664230161024,0.13461752966024804,0.71264153160584243,0.99950000000000006,15.709906253719119
2p (m=+0),2,1,0,458,5.9959475535027966,1.4989868883756992,0.061058866311824146,0.13403342756524553,0.71440006550291923,0.99950000000000006,15.709906253719119
2p (m=+0),2,1,0,459,6.0090391420475626,1.5022597855118907,0.060792939283244786,0.13344931509276622,0.71615095250777139,0.99950000000000006,15.709906253719119
2p (m=+0),2,1,0,460,6.0221307305923286,1.5055326826480822,0.060527883137385871,0.13286522554401009,0.71789419270252386,0.99950000000000006,15.709906253719119
2p (m=+0),2,1,0,461,6.0352223191370946,1.5088055797842737,0.060263697830230063,0.13228119185679046,0.7196297866028889,0.99950000000000006,15.709906253719119
2p (m=+0),2,1,0,462,6.0483139076818606,1.5120784769204652,0.060000383281262649,0.1316972466065314,0.72135773515341473,0.99950000000000006,15.709906253719119
2p (m=+0),2,1,0,463,6.0614054962266266,1.5153513740566567,0.05973793937394966,0.13111342200730064,0.72307803972274831,0.99950000000000006,15.709906253719119
2p (m=+0),2,1,0,464,6.0744970847713926,1.5186242711928482,0.059476365956211308,0.130529749912878,0.7247907020989115,0.99950000000000006,15.709906253719119
2p (m=+0),2,1,0,465,6.0875886733161577,1.5218971683290394,0.059215662840890804,0.12994626181785854,0.72649572448459165,0.99950000000000006,15.709906253719119
2p (m=+0),2,1,0,466,6.1006802618609237,1.5251700654652309,0.058955829806218454,0.12936298885878847,0.72819310949244676,0.99950000000000006,15.709906253719119
2p (m=+0),2,1,0,467,6.1137718504056897,1.5284429626014224,0.058696866596271421,0.12877996181533555,0.72988286014042547,0.99950000000000006,15.709906253719119
2p (m=+0),2,1,0,468,6.1268634389504557,1.5317158597376139,0.058438772921428697,0.12819721111148988,0.73156497984710311,0.99950000000000006,15.709906253719119
2p (m=+0),2,1,0,469,6.1399550274952217,1.5349887568738054,0.05818154845882182,0.12761476681679779,0.73323947242703302,0.99950000000000006,15.709906253719119
2p (m=+0),2,1,0,470,6.1530466160399877,1.5382616540099969,0.057925192852780964,0.12703265864762489,0.73490634208611516,0.99950000000000006,15.709906253719119
2p (m=+0),2,1,0,471,6.1661382045847537,1.5415345511461884,0.057669705715276742,0.12645091596845018,0.73656559341698025,0.99950000000000006,15.709906253719119
2p (m=+0),2,1,0,472,6.1792297931295197,1.5448074482823799,0.057415086626357623,0.12586956779318886,0.7382172313943921,0.99950000000000006,15.709906253719119
2p (m=+0),2,1,0,473,6.1923213816742857,1.5480803454185714,0.057161335134582915,0.12528864278654339,0.73986126137066688,0.99950000000000006,15.709906253719119
2p (m=+0),2,1,0,474,6.2054129702190517,1.5513532425547629,0.056908450757451635,0.12470816926538293,0.74149768907111036,0.99950000000000006,15.709906253719119
2p (m=+0),2,1,0,475,6.2185045587638177,1.5546261396909544,0.056656432981826974,0.12412817520014939,0.74312652058947359,0.99950000000000006,15.709906253719119
2p (m=+0),2,1,0,476,6.2315961473085837,1.5578990368271459,0.056405281264356573,0.12354868821628977,0.74474776238342666,0.99950000000000006,15.709906253719119
2p (m=+0),2,1,0,477,6.2446877358533497,1.5611719339633374,0.056154995031888741,0.1229697355957147,0.74636142127005212,0.99950000000000006,15.709906253719119
2p (m=+0),2,1,0,478,6.2577793243981157,1.5644448310995289,0.055905573681884313,0.12239134427828118,0.74796750442135707,0.99950000000000006,15.709906253719119
2p (m=+0),2,1,0,479,6.2708709129428808,1.5677177282357202,0.055657016582824619,0.12181354086330048,0.74956601935980471,0.99950000000000006,15.709906253719119
2p (m=+0),2,1,0,480,6.2839625014876468,1.5709906253719117,0.055409323074615172,0.12123635161106895,0.75115697395386671,0.99950000000000006,15.709906253719119
2p (m=+0),2,1,0,481,6.2970540900324128,1.5742635225081032,0.055162492468985538,0.12065980244442233,0.75274037641359459,0.99950000000000006,15.709906253719119
2p (m=+0),2,1,0,482,6.3101456785771788,1.5775364196442947,0.05491652404988509,0.12008391895031248,0.75431623528621239,0.99950000000000006,15.709906253719119
2p (m=+0),2,1,0,483,6.3232372671219448,1.5808093167804862,0.054671417073874726,0.11950872638140518,0.75588455945172983,0.99950000000000006,15.709906253719119
2p (m=+0),2,1,0,484,6.3363288556667108,1.5840822139166777,0.054427170770514774,0.1189342496576996,0.75744535811857661,0.99950000000000006,15.709906253719119
2p (m=+0),2,1,0,485,6.3494204442114768,1.5873551110528692,0.054183784342749022,0.11836051336816829,0.75899864081925783,0.99950000000000006,15.709906253719119
2p (m=+0),2,1,0,486,6.3625120327562428,1.5906280081890607,0.053941256967284752,0.11778754177241652,0.7605444174060314,0.99950000000000006,15.709906253719119
2p (m=+0),2,1,0,487,6.3756036213010088,1.5939009053252522,0.05369958779496907,0.11721535880236124,0.76208269804660722,0.99950000000000006,15.709906253719119
2p (m=+0),2,1,0,488,6.3886952098457748,1.5971738024614437,0.053458775951161351,0.11664398806392857,0.76361349321986782,0.99950000000000006,15.709906253719119
2p (m=+0),2,1,0,489,6.4017867983905408,1.6004466995976352,0.053218820536102045,0.11607345283876951,0.76513681371161235,0.99950000000000006,15.709906253719119
2p (m=+0),2,1,0,490,6.4148783869353068,1.6037195967338267,0.052979720625277602,0.11550377608599262,0.76665267061032238,0.99950000000000006,15.709906253719119
2p (m=+0),2,1,0,491,6.4279699754800728,1.6069924938700182,0.052741475269781825,0.11493498044391427,0.76816107530295086,0.99950000000000006,15.709906253719119
2p (m=+0),2,1,0,492,6.4410615640248379,1.6102653910062095,0.052504083496673577,0.11436708823182505,0.76966203947073397,0.99950000000000006,15.709906253719119
2p (m=+0),2,1,0,493,6.4541531525696039,1.613538288142401,0.052267544309330616,0.113800121451771,0.77115557508502641,0.99950000000000006,15.709906253719119
2p (m=+0),2,1,0,494,6.4672447411143699,1.6168111852785925,0.052031856687800256,0.11323410179035186,0.77264169440315966,0.99950000000000006,15.709906253719119
2p (m=+0),2,1,0,495,6.4803363296591359,1.620084082414784,0.051797019589146072,0.11266905062053237,0.77412040996432407,0.99950000000000006,15.709906253719119
2p (m=+0),2,1,0,496,6.4934279182039019,1.6233569795509755,0.051563031947791292,0.11210498900346852,0.77559173458547526,0.99950000000000006,15.709906253719119
2p (m=+0),2,1,0,497,6.5065195067486679,1.626629876687167,0.051329892675858579,0.11154193769034711,0.77705568135726366,0.99950000000000006,15.709906253719119
2p (m=+0),2,1,0,498,6.5196110952934339,1.6299027738233585,0.05109760066350643,0.11097991712423867,0.77851226363998904,0.99950000000000006,15.709906253719119
2p (m=+0),2,1,0,499,6.5327026838381999,1.63317567095955,0.050866154779262047,0.11041894744196261,0.77996149505957857,0.99950000000000006,15.709906253719119
2p (m=+0),2,1,0,500,6.5457942723829659,1.6364485680957415,0.05063555387035093,0.10985904847596502,0.78140338950359012,0.99950000000000006,15.709906253719119
2p (m=+0),2,1,0,501,6.5588858609277318,1.639721465231933,0.050405796763022884,0.10930023975620705,0.7828379611172398,0.99950000000000006,15.709906253719119
2p (m=+0),2,1,0,502,6.5719774494724978,1.6429943623681245,0.050176882262874874,0.1087425405120654,0.78426522429945433,0.99950000000000006,15.709906253719119
2p (m=+0),2,1,0,503,6.5850690380172638,1.646267259504316,0.049948809155170491,0.10818596967424297,0.7856851936989484,0.99950000000000006,15.709906253719119
2p (m=+0),2,1,0,504,6.5981606265620298,1.6495401566405075,0.049721576205156083,0.10763054587668935,0.78709788421032734,0.99950000000000006,15.709906253719119
2p (m=+0),2,1,0,505,6.6112522151067958,1.652813053776699,0.049495182158373681,0.10707628745853152,0.78850331097021453,0.99950000000000006,15.709906253719119
2p (m=+0),2,1,0,506,6.6243438036515609,1.6560859509128902,0.049269625740970713,0.10652321246601341,0.78990148935340443,0.99950000000000006,15.709906253719119
2p (m=+0),2,1,0,507,6.6374353921963269,1.6593588480490817,0.049044905660006376,0.10597133865444403,0.79129243496904134,0.99950000000000006,15.709906253719119
2p (m=+0),2,1,0,508,6.6505269807410929,1.6626317451852732,0.048821020603755087,0.10542068349015435,0.79267616365682292,0.99950000000000006,15.709906253719119
2p (m=+0),2,1,0,509,6.6636185692858589,1.6659046423214647,0.048597969242006531,0.10487126415246169,0.79405269148323021,0.99950000000000006,15.709906253719119
2p (m=+0),2,1,0,510,6.6767101578306249,1.6691775394576562,0.04837575022636275,0.1043230975356416,0.79542203473778306,0.99950000000000006,15.709906253719119
2p (m=+0),2,1,0,511,6.6898017463753909,1.6724504365938477,0.048154362190532089,0.10377620025090667,0.7967842099293212,0.99950000000000006,15.709906253719119
2p (m=+0),2,1,0,512,6.7028933349201569,1.6757233337300392,0.047933803750620049,0.10323058862839188,0.79813923378231166,0.99950000000000006,15.709906253719119
2p (m=+0),2,1,0,513,6.7159849234649229,1.6789962308662307,0.047714073505417211,0.10268627871914636,0.79948712323318227,0.99950000000000006,15.709906253719119
2p (m=+0),2,1,0,514,6.7290765120096889,1.6822691280024222,0.047495170036684041,0.10214328629713057,0.80082789542668054,0.99950000000000006,15.709906253719119
2p (m=+0),2,1,0,515,6.7421681005544549,1.6855420251386137,0.047277091909432765,0.10160162686121887,0.80216156771225966,0.99950000000000006,15.709906253719119
2p (m=+0),2,1,0,516,6.7552596890992209,1.6888149222748052,0.047059837672206277,0.10106131563720706,0.80348815764049009,0.99950000000000006,15.709906253719119
2p (m=+0),2,1,0,517,6.7683512776439869,1.6920878194109967,0.046843405857354171,0.10052236757982486,0.80480768295949801,0.99950000000000006,15.709906253719119
2p (m=+0),2,1,0,518,6.7814428661887529,1.6953607165471882,0.046627794981305773,0.099984797374751633,0.80612016161142941,0.99950000000000006,15.709906253719119
2p (m=+0),2,1,0,519,6.794534454733518,1.6986336136833795,0.046413003544840403,0.099448619440636946,0.80742561172894123,0.99950000000000006,15.709906253719119
2p (m=+0),2,1,0,520,6.807626043278284,1.701906510819571,0.04619903003335471,0.098913847931123997,0.80872405163171901,0.99950000000000006,15.709906253719119
2p (m=+0),2,1,0,521,6.82071763182305,1.7051794079557625,0.045985872917127239,0.098380496736875975,0.81001549982302035,0.99950000000000006,15.709906253719119
2p (m=+0),2,1,0,522,6.833809220367816,1.708452305091954,0.045773530651580165,0.097848579487605669,0.81129997498624562,0.99950000000000006,15.709906253719119
2p (m=+0),2,1,0,523,6.846900808912582,1.7117252022281455,0.04556200167753828,0.097318109554106955,0.81257749598153484,0.99950000000000006,15.709906253719119
2p (m=+0),2,1,0,524,6.859992397457348,1.714998099364337,0.045351284421485213,0.096789100050288554,0.81384808184239155,0.99950000000000006,15.709906253719119
2p (m=+0),2,1,0,525,6.873083986002114,1.7182709965005285,0.045141377295816944,0.096261563835209341,0.81511175177233297,0.99950000000000006,15.709906253719119
2p (m=+0),2,1,0,526,6.88617557454688,1.72154389363672,0.044932278699092582,0.095735513515115001,0.81636852514156699,0.99950000000000006,15.709906253719119
2p (m=+0),2,1,0,527,6.899267163091646,1.7248167907729115,0.044723987016282572,0.095210961445476097,0.81761842148369579,0.99950000000000006,15.709906253719119
2p (m=+0),2,1,0,528,6.912358751636412,1.728089687909103,0.044516500619014084,0.094687919733025927,0.81886146049244601,0.99950000000000006,15.709906253719119
2p (m=+0),2,1,0,529,6.925450340181178,1.7313625850452945,0.04430981786581397,0.094166400237799944,0.82009766201842582,0.99950000000000006,15.709906253719119
2p (m=+0),2,1,0,530,6.938541928725944,1.734635482181486,0.044103937102348958,0.093646414575174225,0.82132704606590867,0.99950000000000006,15.709906253719119
2p (m=+0),2,1,0,531,6.95163351727071,1.7379083793176775,0.04389885666166337,0.093127974117904438,0.82254963278964366,0.99950000000000006,15.709906253719119
2p (m=+0),2,1,0,532,6.964725105815476,1.741181276453869,0.043694574864414228,0.092611089998163823,0.82376544249169237,0.99950000000000006,15.709906253719119
2p (m=+0),2,1,0,533,6.9778166943602411,1.7444541735900603,0.043491090019103909,0.092095773109580767,0.82497449561829284,0.99950000000000006,15.709906253719119
2p (m=+0),2,1,0,534,6.9909082829050071,1.7477270707262518,0.043288400422310122,0.091582034109274763,0.82617681275674992,0.99950000000000006,15.709906253719119
2p (m=+0),2,1,0,535,7.0039998714497731,1.7509999678624433,0.043086504358913626,0.091069883419891487,0.82737241463235212,0.99950000000000006,15.709906253719119
2p (m=+0),2,1,0,536,7.0170914599945391,1.7542728649986348,0.042885400102323355,0.090559331231636259,0.82856132210531552,0.99950000000000006,15.709906253719119
2p (m=+0),2,1,0,537,7.0301830485393051,1.7575457621348263,0.042685085914699057,0.09005038750430483,0.82974355616775397,0.99950000000000006,15.709906253719119
2p (m=+0),2,1,0,538,7.0432746370840711,1.7608186592710178,0.042485560047171633,0.089543061969312943,0.83091913794067584,0.99950000000000006,15.709906253719119
2p (m=+0),2,1,0,539,7.0563662256288371,1.7640915564072093,0.042286820740061036,0.08903736413172296,0.8320880886710077,0.99950000000000006,15.709906253719119
2p (m=+0),2,1,0,540,7.0694578141736031,1.7673644535434008,0.042088866223091749,0.088533303272267758,0.83325042972864394,0.99950000000000006,15.709906253719119
2p (m=+0),2,1,0,541,7.0825494027183691,1.7706373506795923,0.041891694715605957,0.088030888449371764,0.83440618260352339,0.99950000000000006,15.709906253719119
2p (m=+0),2,1,0,542,7.0956409912631351,1.7739102478157838,0.041695304426774417,0.087530128501169022,0.83555536890273197,0.99950000000000006,15.709906253719119
2p (m=+0),2,1,0,543,7.1087325798079011,1.7771831449519753,0.041499693555804927,0.087031032047517401,0.83669801034763214,0.99950000000000006,15.709906253719119
2p (m=+0),2,1,0,544,7.1218241683526671,1.7804560420881668,0.041304860292148637,0.086533607492009654,0.83783412877101815,0.99950000000000006,15.709906253719119
2p (m=+0),2,1,0,545,7.1349157568974331,1.7837289392243583,0.04111080281570393,0.086037863023979977,0.83896374611429847,0.99950000000000006,15.709906253719119
2p (m=+0),2,1,0,546,7.1480073454421982,1.7870018363605495,0.040917519297018215,0.085543806620507104,0.84008688442470314,0.99950000000000006,15.709906253719119
2p (m=+0),2,1,0,547,7.1610989339869642,1.790274733496741,0.040725007897487377,0.085051446048412582,0.8412035658525191,0.99950000000000006,15.709906253719119
2p (m=+0),2,1,0,548,7.1741905225317302,1.7935476306329325,0.040533266769553107,0.084560788866254816,0.84231381264834959,0.99950000000000006,15.709906253719119
2p (m=+0),2,1,0,549,7.1872821110764962,1.796820527769124,0.040342294056898015,0.084071842426318183,0.84341764716040135,0.99950000000000006,15.709906253719119
2p (m=+0),2,1,0,550,7.2003736996212622,1.8000934249053155,0.040152087894638505,0.083584613876597144,0.84451509183179696,0.99950000000000006,15.709906253719119
2p (m=+0),2,1,0,551,7.2134652881660282,1.803366322041507,0.039962646409515669,0.083099110162775519,0.84560616919791332,0.99950000000000006,15.709906253719119
2p (m=+0),2,1,0,552,7.2265568767107942,1.8066392191776985,0.039773967720083875,0.082615338030199936,0.84669090188374596,0.99950000000000006,15.709906253719119
2p (m=+0),2,1,0,553,7.2396484652555602,1.80991211631389,0.039586049936897398,0.082133304025848231,0.84776931260129929,0.99950000000000006,15.709906253719119
2p (m=+0),2,1,0,554,7.2527400538003262,1.8131850134500815,0.039398891162694863,0.081653014500291679,0.84884142414700237,0.99950000000000006,15.709906253719119
2p (m=+0),2,1,0,555,7.2658316423450922,1.816457910586273,0.039212489492581666,0.081174475609651617,0.84990725939915057,0.99950000000000006,15.709906253719119
2p (m=+0),2,1,0,556,7.2789232308898582,1.8197308077224645,0.039026843014210368,0.08069769331754989,0.85096684131537248,0.99950000000000006,15.709906253719119
2p (m=+0),2,1,0,557,7.2920148194346242,1.823003704858656,0.038841949807958992,0.080222673397052885,0.85202019293012266,0.99950000000000006,15.709906253719119
2p (m=+0),2,1,0,558,7.3051064079793901,1.8262766019948475,0.038657807947107374,0.079749421432609408,0.85306733735219975,0.99950000000000006,15.709906253719119
2p (m=+0),2,1,0,559,7.3181979965241561,1.829549499131039,0.038474415498011526,0.079277942821981764,0.85410829776228958,0.99950000000000006,15.709906253719119
2p (m=+0),2,1,0,560,7.3312895850689213,1.8328223962672303,0.03829177052027595,0.078808242778170126,0.85514309741053385,0.99950000000000006,15.709906253719119
2p (m=+0),2,1,0,561,7.3443811736136873,1.8360952934034218,0.03810987106692406,0.078340326331329951,0.85617175961412395,0.99950000000000006,15.709906253719119
2p (m=+0),2,1,0,562,7.3574727621584532,1.8393681905396133,0.037928715184566697,0.077874198330682431,0.85719430775491956,0.99950000000000006,15.709906253719119
2p (m=+0),2,1,0,563,7.3705643507032192,1.8426410876758048,0.037748300913568657,0.077409863446417718,0.8582107652770925,0.99950000000000006,15.709906253719119
2p (m=+0),2,1,0,564,7.3836559392479852,1.8459139848119963,0.037568626288213322,0.076947326171590558,0.85922115568479518,0.99950000000000006,15.709906253719119
2p (m=+0),2,1,0,565,7.3967475277927512,1.8491868819481878,0.037389689336865477,0.076486590824008743,0.8602255025398543,0.99950000000000006,15.709906253719119
2p (m=+0),2,1,0,566,7.4098391163375172,1.8524597790843793,0.037211488082132205,0.076027661548113773,0.8612238294594885,0.99950000000000006,15.709906253719119
2p (m=+0),2,1,0,567,7.4229307048822832,1.8557326762205708,0.037034020541021902,0.075570542316853548,0.86221616011405133,0.99950000000000006,15.709906253719119
2p (m=+0),2,1,0,568,7.4360222934270492,1.8590055733567623,0.036857284725101594,0.075115236933547644,0.86320251822479821,0.99950000000000006,15.709906253719119
2p (m=+0),2,1,0,569,7.4491138819718152,1.8622784704929538,0.036681278640652265,0.074661749033743965,0.86418292756167769,0.99950000000000006,15.709906253719119
2p (m=+0),2,1,0,570,7.4622054705165812,1.8655513676291453,0.036506000288822539,0.074210082087067766,0.86515741194114748,0.99950000000000006,15.709906253719119
2p (m=+0),2,1,0,571,7.4752970590613472,1.8688242647653368,0.036331447665780482,0.073760239399061997,0.86612599522401401,0.99950000000000006,15.709906253719119
2p (m=+0),2,1,0,572,7.4883886476061132,1.8720971619015283,0.036157618762863705,0.073312224113019533,0.86708870131329663,0.99950000000000006,15.709906253719119
2p (m=+0),2,1,0,573,7.5014802361508783,1.8753700590377196,0.035984511566727682,0.072866039211806677,0.86804555415211515,0.99950000000000006,15.709906253719119
2p (m=+0),2,1,0,574,7.5145718246956443,1.8786429561739111,0.035812124059492335,0.072421687519678285,0.86899657772160166,0.99950000000000006,15.709906253719119
2p (m=+0),2,1,0,575,7.5276634132404103,1.8819158533101026,0.03564045421888698,0.071979171704084036,0.8699417960388357,0.99950000000000006,15.709906253719119
2p (m=+0),2,1,0,576,7.5407550017851763,1.8851887504462941,0.035469500018393427,0.071538494277465711,0.87088123315480348,0.99950000000000006,15.709906253719119
2p (m=+0),2,1,0,577,7.5538465903299423,1.8884616475824856,0.035299259427387597,0.071099657599046115,0.87181491315238002,0.99950000000000006,15.709906253719119
2p (m=+0),2,1,0,578,7.5669381788747083,1.8917345447186771,0.035129730411279238,0.070662663876608106,0.87274286014433511,0.99950000000000006,15.709906253719119
2p (m=+0),2,1,0,579,7.5800297674194743,1.8950074418548686,0.034960910931650248,0.070227515168265517,0.87366509827136207,0.99950000000000006,15.709906253719119
2p (m=+0),2,1,0,580,7.5931213559642403,1.8982803389910601,0.034792798946391132,0.06979421338422398,0.87458165170013014,0.99950000000000006,15.709906253719119
2p (m=+0),2,1,0,581,7.6062129445090063,1.9015532361272516,0.034625392409836003,0.069362760288533179,0.87549254462135939,0.99950000000000006,15.709906253719119
2p (m=+0),2,1,0,582,7.6193045330537723,1.9048261332634431,0.03445868927289588,0.068933157500829123,0.87639780124791899,0.99950000000000006,15.709906253719119
2p (m=+0),2,1,0,583,7.6323961215985383,1.9080990303996346,0.034292687483190455,0.068505406498067495,0.87729744581294755,0.99950000000000006,15.709906253719119
2p (m=+0),2,1,0,584,7.6454877101433043,1.9113719275358261,0.034127384985178269,0.068079508616247134,0.87819150256799672,0.99950000000000006,15.709906253719119
2p (m=+0),2,1,0,585,7.6585792986880703,1.9146448246720176,0.033962779720285295,0.067655465052123998,0.87907999578119722,0.99950000000000006,15.709906253719119
2p (m=+0),2,1,0,586,7.6716708872328363,1.9179177218082091,0.033798869627032081,0.067233276864915675,0.87996294973544675,0.99950000000000006,15.709906253719119
2p (m=+0),2,1,0,587,7.6847624757776014,1.9211906189444004,0.033635652641159204,0.06681294497799567,0.88084038872662063,0.99950000000000006,15.709906253719119
2p (m=+0),2,1,0,588,7.6978540643223674,1.9244635160805919,0.033473126695751351,0.066394470180578397,0.88171233706180452,0.99950000000000006,15.709906253719119
2p (m=+0),2,1,0,589,7.7109456528671334,1.9277364132167834,0.033311289721359841,0.065977853129393957,0.88257881905754898,0.99950000000000006,15.709906253719119
2p (m=+0),2,1,0,590,7.7240372414118994,1.9310093103529749,0.033150139646123643,0.065563094350353138,0.8834398590381457,0.99950000000000006,15.709906253719119
2p (m=+0),2,1,0,591,7.7371288299566654,1.9342822074891663,0.032989674395889013,0.065150194240202505,0.8842954813339261,0.99950000000000006,15.709906253719119
2p (m=+0),2,1,0,592,7.7502204185014314,1.9375551046253578,0.032829891894327515,0.064739153068169089,0.88514571027958078,0.99950000000000006,15.709906253719119
2p (m=+0),2,1,0,593,7.7633120070461974,1.9408280017615493,0.032670790063052735,0.064329970977595324,0.88599057021250105,0.99950000000000006,15.709906253719119
2p (m=+0),2,1,0,594,7.7764035955909634,1.9441008988977408,0.032512366821735549,0.063922647987563794,0.88683008547114128,0.99950000000000006,15.709906253719119
2p (m=+0),2,1,0,595,7.7894951841357294,1.9473737960339323,0.032354620088217885,0.063517183994511603,0.88766428039340295,0.99950000000000006,15.709906253719119
2p (m=+0),2,1,0,596,7.8025867726804954,1.9506466931701238,0.032197547778625206,0.063113578773834667,0.88849317931503946,0.99950000000000006,15.709906253719119
2p (m=+0),2,1,0,597,7.8156783612252614,1.9539195903063153,0.032041147807477487,0.0627118319814816,0.88931680656808187,0.99950000000000006,15.709906253719119
2p (m=+0),2,1,0,598,7.8287699497700274,1.9571924874425068,0.031885418087798913,0.062311943155537411,0.89013518647928547,0.99950000000000006,15.709906253719119
2p (m=+0),2,1,0,599,7.8418615383147934,1.9604653845786983,0.031730356531226141,0.06191391171779663,0.89094834336859718,0.99950000000000006,15.709906253719119
2p (m=+0),2,1,0,600,7.8549531268595585,1.9637382817148896,0.031575961048115261,0.061517736975326226,0.8917563015476434,0.99950000000000006,15.709906253719119
2p (m=+0),2,1,0,601,7.8680447154043245,1.9670111788510811,0.031422229547647403,0.061123418122018068,0.89255908531823802,0.99950000000000006,15.709906253719119
2p (m=+0),2,1,0,602,7.8811363039490905,1.9702840759872726,0.031269159937933014,0.060730954240130704,0.89335671897091096,0.99950000000000006,15.709906253719119
2p (m=+0),2,1,0,603,7.8942278924938565,1.9735569731234641,0.031116750126114836,0.06034034430182094,0.89414922678345687,0.99950000000000006,15.709906253719119
2p (m=+0),2,1,0,604,7.9073194810386225,1.9768298702596556,0.030964998018469587,0.059951587170664698,0.89493663301950332,0.99950000000000006,15.709906253719119
2p (m=+0),2,1,0,605,7.9204110695833885,1.9801027673958471,0.030813901520508332,0.059564681603167295,0.89571896192709966,0.99950000000000006,15.709906253719119
2p (m=+0),2,1,0,606,7.9335026581281545,1.9833756645320386,0.030663458537075618,0.059179626250263358,0.89649623773732467,0.99950000000000006,15.709906253719119
2p (m=+0),2,1,0,607,7.9465942466729205,1.9866485616682301,0.030513666972447322,0.058796419658805908,0.89726848466291464,0.99950000000000006,15.709906253719119
2p (m=+0),2,1,0,608,7.9596858352176865,1.9899214588044216,0.030364524730427261,0.058415060273044932,0.89803572689691014,0.99950000000000006,15.709906253719119
2p (m=+0),2,1,0,609,7.9727774237624525,1.9931943559406131,0.030216029714442549,0.058035546436095313,0.89879798861132232,0.99950000000000006,15.709906253719119
2p (m=+0),2,1,0,610,7.9858690123072185,1.9964672530768046,0.030068179827637764,0.057657876391394143,0.8995552939558189,0.99950000000000006,15.709906253719119
2p (m=+0),2,1,0,611,7.9989606008519845,1.9997401502129961,0.029920972972967873,0.057282048284147284,0.90030766705642817,0.99950000000000006,15.709906253719119
2p (m=+0),2,1,0,612,8.0120521893967496,2.0030130473491874,0.029774407053289965,0.056908060162765346,0.90105513201426268,0.99950000000000006,15.709906253719119
2p (m=+0),2,1,0,613,8.0251437779415156,2.0062859444853789,0.029628479971453781,0.056535909980288852,0.90179771290426147,0.99950000000000006,15.709906253719119
2p (m=+0),2,1,0,614,8.0382353664862816,2.0095588416215704,0.029483189630391111,0.056165595595802906,0.9025354337739504,0.99950000000000006,15.709906253719119
2p (m=+0),2,1,0,615,8.0513269550310476,2.0128317387577619,0.029338533933203972,0.055797114775840984,0.90326831864222157,0.99950000000000006,15.709906253719119
2p (m=+0),2,1,0,616,8.0644185435758136,2.0161046358939534,0.029194510783251665,0.055430465195778045,0.90399639149813082,0.99950000000000006,15.709906253719119
2p (m=+0),2,1,0,617,8.0775101321205796,2.0193775330301449,0.029051118084236677,0.055065644441213021,0.90471967629971328,0.99950000000000006,15.709906253719119
2p (m=+0),2,1,0,618,8.0906017206653456,2.0226504301663364,0.028908353740289439,0.054702650009340513,0.90543819697281691,0.99950000000000006,15.709906253719119
2p (m=+0),2,1,0,619,8.1036933092101116,2.0259233273025279,0.028766215656052002,0.054341479310311809,0.90615197740995446,0.99950000000000006,15.709906253719119
2p (m=+0),2,1,0,620,8.1167848977548775,2.0291962244387194,0.028624701736760558,0.053982129668585156,0.90686104146917235,0.99950000000000006,15.709906253719119
2p (m=+0),2,1,0,621,8.1298764862996435,2.0324691215749109,0.028483809888326883,0.053624598324265353,0.9075654129729378,0.99950000000000006,15.709906253719119
2p (m=+0),2,1,0,622,8.1429680748444095,2.0357420187111024,0.028343538017418721,0.05326888243443275,0.90826511570704316,0.99950000000000006,15.709906253719119
2p (m=+0),2,1,0,623,8.1560596633891755,2.0390149158472939,0.028203884031539006,0.052914979074461278,0.90896017341952762,0.99950000000000006,15.709906253719119
2p (m=+0),2,1,0,624,8.1691512519339415,2.0422878129834854,0.028064845839104131,0.052562885239326063,0.90965060981961599,0.99950000000000006,15.709906253719119
2p (m=+0),2,1,0,625,8.1822428404787075,2.0455607101196769,0.027926421349521058,0.052212597844900191,0.91033644857667484,0.99950000000000006,15.709906253719119
2p (m=+0),2,1,0,626,8.1953344290234735,2.0488336072558684,0.027788608473263442,0.051864113729240914,0.91101771331918535,0.99950000000000006,15.709906253719119
2p (m=+0),2,1,0,627,8.2084260175682395,2.0521065043920599,0.027651405121946727,0.051517429653865153,0.91169442763373265,0.99950000000000006,15.709906253719119
2p (m=+0),2,1,0,628,8.2215176061130055,2.0553794015282514,0.027514809208402151,0.051172542305014265,0.91236661506401229,0.99950000000000006,15.709906253719119
2p (m=+0),2,1,0,629,8.2346091946577715,2.0586522986644429,0.027378818646749809,0.050829448294908375,0.9130342991098529,0.99950000000000006,15.709906253719119
2p (m=+0),2,1,0,630,8.2477007832025375,2.0619251958006344,0.02724343135247068,0.050488144162989912,0.91369750322625543,0.99950000000000006,15.709906253719119
2p (m=+0),2,1,0,631,8.2607923717473035,2.0651980929368259,0.027108645242477643,0.050148626377156676,0.9143562508224482,0.99950000000000006,15.709906253719119
2p (m=+0),2,1,0,632,8.2738839602920695,2.0684709900730174,0.026974458235185548,0.049810891334984217,0.91501056526095847,0.99950000000000006,15.709906253719119
2p (m=+0),2,1,0,633,8.2869755488368355,2.0717438872092089,0.026840868250580279,0.049474935364937758,0.91566046985669969,0.99950000000000006,15.709906253719119
2p (m=+0),2,1,0,634,8.3000671373815997,2.0750167843453999,0.026707873210286882,0.049140754727573552,0.91630598787607431,0.99950000000000006,15.709906253719119
2p (m=+0),2,1,0,635,8.3131587259263657,2.0782896814815914,0.02657547103763664,0.048808345616729497,0.91694714253609311,0.99950000000000006,15.709906253719119
2p (m=+0),2,1,0,636,8.3262503144711317,2.0815625786177829,0.026443659657733397,0.048477704160705751,0.91758395700350903,0.99950000000000006,15.709906253719119
2p (m=+0),2,1,0,637,8.3393419030158977,2.0848354757539744,0.02631243699751876,0.04814882642343446,0.91821645439396693,0.99950000000000006,15.709906253719119
2p (m=+0),2,1,0,638,8.3524334915606637,2.0881083728901659,0.026181800985836449,0.047821708405639103,0.91884465777116864,0.99950000000000006,15.709906253719119
2p (m=+0),2,1,0,639,8.3655250801054297,2.0913812700263574,0.026051749553495734,0.047496346045983573,0.91946859014605276,0.99950000000000006,15.709906253719119
2p (m=+0),2,1,0,640,8.3786166686501957,2.0946541671625489,0.025922280633333936,0.047172735222210688,0.92008827447598984,0.99950000000000006,15.709906253719119
2p (m=+0),2,1,0,641,8.3917082571949617,2.0979270642987404,0.025793392160278053,0.04685087175227047,0.92070373366399216,0.99950000000000006,15.709906253719119
2p (m=+0),2,1,0,642,8.4047998457397277,2.1011999614349319,0.025665082071405509,0.046530751395438108,0.92131499055793831,0.99950000000000006,15.709906253719119
2p (m=+0),2,1,0,643,8.4178914342844937,2.1044728585711234,0.025537348306003949,0.046212369853421371,0.92192206794981202,0.99950000000000006,15.709906253719119
2p (m=+0),2,1,0,644,8.4309830228292597,2.1077457557073149,0.025410188805630268,0.045895722771458133,0.92252498857495613,0.99950000000000006,15.709906253719119
2p (m=+0),2,1,0,645,8.4440746113740257,2.1110186528435064,0.025283601514168686,0.045580805739403318,0.92312377511134003,0.99950000000000006,15.709906253719119
2p (m=+0),2,1,0,646,8.4571661999187917,2.1142915499796979,0.025157584377888006,0.045267614292805756,0.92371845017884191,0.99950000000000006,15.709906253719119
2p (m=+0),2,1,0,647,8.4702577884635577,2.1175644471158894,0.02503213534549804,0.044956143913974997,0.92430903633854478,0.99950000000000006,15.709906253719119
2p (m=+0),2,1,0,648,8.4833493770083237,2.1208373442520809,0.024907252368205159,0.044646390033037699,0.9248955560920461,0.99950000000000006,15.709906253719119
2p (m=+0),2,1,0,649,8.4964409655530897,2.1241102413882724,0.024782933399767056,0.044338348028984224,0.92547803188078204,0.99950000000000006,15.709906253719119
2p (m=+0),2,1,0,650,8.5095325540978557,2.1273831385244639,0.024659176396546644,0.044032013230704901,0.92605648608536417,0.99950000000000006,15.709906253719119
2p (m=+0),2,1,0,651,8.5226241426426217,2.1306560356606554,0.024535979317565182,0.043727380918016409,0.92663094102493071,0.99950000000000006,15.709906253719119
2p (m=+0),2,1,0,652,8.5357157311873877,2.1339289327968469,0.024413340124554581,0.04342444632267816,0.92720141895651054,0.99950000000000006,15.709906253719119
2p (m=+0),2,1,0,653,8.5488073197321537,2.1372018299330384,0.024291256782008903,0.043123204629398629,0.92776794207440083,0.99950000000000006,15.709906253719119
2p (m=+0),2,1,0,654,8.5618989082769197,2.1404747270692299,0.024169727257235096,0.042823650976831884,0.92833053250955744,0.99950000000000006,15.709906253719119
2p (m=+0),2,1,0,655,8.5749904968216857,2.1437476242054214,0.024048749520402916,0.042525780458564082,0.92888921232899835,0.99950000000000006,15.709906253719119
2p (m=+0),2,1,0,656,8.5880820853664517,2.1470205213416129,0.023928321544594133,0.042229588124090403,0.92944400353522039,0.99950000000000006,15.709906253719119
2p (m=+0),2,1,0,657,8.6011736739112177,2.1502934184778044,0.023808441305850889,0.041935068979781776,0.929994928065628,0.99950000000000006,15.709906253719119
2p (m=+0),2,1,0,658,8.6142652624559837,2.1535663156139959,0.023689106783223404,0.041642217989842349,0.93054200779197505,0.99950000000000006,15.709906253719119
2p (m=+0),2,1,0,659,8.6273568510007497,2.1568392127501874,0.02357031595881684,0.041351030077256754,0.9310852645198191,0.99950000000000006,15.709906253719119
2p (m=+0),2,1,0,660,8.6404484395455157,2.1601121098863789,0.023452066817837482,0.041061500124728062,0.93162471998798779,0.99950000000000006,15.709906253719119
2p (m=+0),2,1,0,661,8.6535400280902799,2.16338500702257,0.023334357348638195,0.040773622975606043,0.93216039586805766,0.99950000000000006,15.709906253719119
2p (m=+0),2,1,0,662,8.6666316166350459,2.1666579041587615,0.023217185542763044,0.040487393434805535,0.93269231376384498,0.99950000000000006,15.709906253719119
2p (m=+0),2,1,0,663,8.6797232051798119,2.169930801294953,0.023100549394991388,0.040202806269715778,0.93322049521090833,0.99950000000000006,15.709906253719119
2p (m=+0),2,1,0,664,8.6928147937245779,2.1732036984311445,0.022984446903381112,0.039919856211099981,0.93374496167606336,0.99950000000000006,15.709906253719119
2p (m=+0),2,1,0,665,8.7059063822693439,2.176476595567336,0.022868876069311195,0.03963853795398533,0.9342657345569092,0.99950000000000006,15.709906253719119
2p (m=+0),2,1,0,666,8.7189979708141099,2.1797494927035275,0.022753834897523622,0.039358846158543889,0.93478283518136618,0.99950000000000006,15.709906253719119
2p (m=+0),2,1,0,667,8.7320895593588759,2.183022389839719,0.022639321396164536,0.039080775450963869,0.9352962848072256,0.99950000000000006,15.709906253719119
2p (m=+0),2,1,0,668,8.7451811479036419,2.1862952869759105,0.022525333576824798,0.038804320424311825,0.93580610462170999,0.99950000000000006,15.709906253719119
2p (m=+0),2,1,0,669,8.7582727364484079,2.189568184112102,0.022411869454579788,0.038529475639385406,0.93631231574104534,0.99950000000000006,15.709906253719119
2p (m=+0),2,1,0,670,8.7713643249931739,2.1928410812482935,0.022298927048028619,0.038256235625557099,0.93681493921004422,0.99950000000000006,15.709906253719119
2p (m=+0),2,1,0,671,8.7844559135379399,2.196113978384485,0.022186504379332596,0.037984594881608498,0.93731399600169973,0.99950000000000006,15.709906253719119
2p (m=+0),2,1,0,672,8.7975475020827059,2.1993868755206765,0.022074599474253144,0.037714547876555898,0.93780950701679044,0.99950000000000006,15.709906253719119
2p (m=+0),2,1,0,673,8.8106390906274719,2.202659772656868,0.021963210362188956,0.037446089050466348,0.93830149308349597,0.99950000000000006,15.709906253719119
2p (m=+0),2,1,0,674,8.8237306791722379,2.2059326697930595,0.021852335076212634,0.037179212815265143,0.93878997495702354,0.99950000000000006,15.709906253719119
2p (m=+0),2,1,0,675,8.8368222677170039,2.209205566929251,0.021741971653106578,0.036913913555533966,0.93927497331924448,0.99950000000000006,15.709906253719119
2p (m=+0),2,1,0,676,8.8499138562617699,2.2124784640654425,0.021632118133398336,0.036650185629300343,0.9397565087783416,0.99950000000000006,15.709906253719119
2p (m=+0),2,1,0,677,8.8630054448065358,2.215751361201634,0.021522772561395315,0.036388023368818287,0.94023460186846664,0.99950000000000006,15.709906253719119
2p (m=+0),2,1,0,678,8.8760970333513018,2.2190242583378255,0.021413932985218834,0.036127421081339837,0.94070927304940777,0.99950000000000006,15.709906253719119
2p (m=+0),2,1,0,679,8.8891886218960678,2.222297155474017,0.021305597456837633,0.035868373049878194,0.94118054270626761,0.99950000000000006,15.709906253719119
2p (m=+0),2,1,0,680,8.9022802104408338,2.2255700526102085,0.021197764032100736,0.0356108735339618,0.94164843114915031,0.99950000000000006,15.709906253719119
2p (m=+0),2,1,0,681,8.9153717989855998,2.2288429497464,0.021090430770769785,0.035354916770380225,0.9421129586128596,0.99950000000000006,15.709906253719119
2p (m=+0),2,1,0,682,8.9284633875303658,2.2321158468825915,0.020983595736550682,0.035100496973920835,0.94257414525660543,0.99950000000000006,15.709906253719119
2p (m=+0),2,1,0,683,8.9415549760751318,2.235388744018783,0.020877256997124762,0.034847608338097462,0.94303201116372093,0.99950000000000006,15.709906253719119
2p (m=+0),2,1,0,684,8.9546465646198978,2.2386616411549745,0.020771412624179315,0.034596245035870291,0.94348657634138844,0.99950000000000006,15.709906253719119
2p (m=+0),2,1,0,685,8.9677381531646638,2.241934538291166,0.020666060693437585,0.034346401220357321,0.94393786072037533,0.99950000000000006,15.709906253719119
2p (m=+0),2,1,0,686,8.9808297417094298,2.2452074354273575,0.020561199284688178,0.034098071025537538,0.94438588415477875,0.99950000000000006,15.709906253719119
2p (m=+0),2,1,0,687,8.9939213302541958,2.248480332563549,0.020456826481813926,0.033851248566945623,0.9448306664217796,0.99950000000000006,15.709906253719119
2p (m=+0),2,1,0,688,9.00701291879896,2.25175322969974,0.020352940372820236,0.033605927942358546,0.94527222722140525,0.99950000000000006,15.709906253719119
2p (m=+0),2,1,0,689,9.020104507343726,2.2550261268359315,0.020249539049862774,0.033362103232473544,0.94571058617630221,0.99950000000000006,15.709906253719119
2p (m=+0),2,1,0,690,9.033196095888492,2.258299023972123,0.020146620609274808,0.033119768501578571,0.9461457628315163,0.99950000000000006,15.709906253719119
2p (m=+0),2,1,0,691,9.046287684433258,2.2615719211083145,0.020044183151593838,0.032878917798213926,0.94657777665428233,0.99950000000000006,15.709906253719119
2p (m=+0),2,1,0,692,9.059379272978024,2.264844818244506,0.019942224781587786,0.032639545155826274,0.9470066470338222,0.99950000000000006,15.709906253719119
2p (m=+0),2,1,0,693,9.07247086152279,2.2681177153806975,0.019840743608280659,0.032401644593414471,0.94743239328115181,0.99950000000000006,15.709906253719119
2p (m=+0),2,1,0,694,9.085562450067556,2.271390612516889,0.01973973774497768,0.032165210116167416,0.94785503462889553,0.99950000000000006,15.709906253719119
2p (m=+0),2,1,0,695,9.098654038612322,2.2746635096530805,0.019639205309289923,0.031930235716094088,0.94827459023111016,0.99950000000000006,15.709906253719119
2p (m=+0),2,1,0,696,9.111745627157088,2.277936406789272,0.019539144423158433,0.03169671537264563,0.94869107916311601,0.99950000000000006,15.709906253719119
2p (m=+0),2,1,0,697,9.124837215701854,2.2812093039254635,0.01943955321287787,0.031464643053329716,0.94910452042133664,0.99950000000000006,15.709906253719119
2p (m=+0),2,1,0,698,9.13792880424662,2.284482201061655,0.019340429809119618,0.031234012714317073,0.94951493292314659,0.99950000000000006,15.709906253719119
2p (m=+0),2,1,0,699,9.151020392791386,2.2877550981978465,0.019241772346954462,0.031004818301040425,0.94992233550672678,0.99950000000000006,15.709906253719119
2p (m=+0),2,1,0,700,9.164111981336152,2.291027995334038,0.019143578965874739,0.03077705374878574,0.95032674693092767,0.99950000000000006,15.709906253719119
2p (m=+0),2,1,0,701,9.177203569880918,2.2943008924702295,0.019045847809816031,0.030550712983275878,0.95072818587514041,0.99950000000000006,15.709906253719119
2p (m=+0),2,1,0,702,9.190295158425684,2.297573789606421,0.018948577027178382,0.030325789921246758,0.95112667093917558,0.99950000000000006,15.709906253719119
2p (m=+0),2,1,0,703,9.20338674697045,2.3008466867426125,0.018851764770847056,0.030102278471016052,0.95152222064314884,0.99950000000000006,15.709906253719119
2p (m=+0),2,1,0,704,9.216478335515216,2.304119583878804,0.018755409198212825,0.029880172533044411,0.9519148534273747,0.99950000000000006,15.709906253719119
2p (m=+0),2,1,0,705,9.229569924059982,2.3073924810149955,0.018659508471191806,0.029659466000489382,0.95230458765226722,0.99950000000000006,15.709906253719119
2p (m=+0),2,1,0,706,9.242661512604748,2.310665378151187,0.018564060756244855,0.029440152759752033,0.95269144159824803,0.99950000000000006,15.709906253719119
2p (m=+0),2,1,0,707,9.255753101149514,2.3139382752873785,0.018469064224396484,0.029222226691016224,0.95307543346566126,0.99950000000000006,15.709906253719119
2p (m=+0),2,1,0,708,9.26884468969428,2.31721117242357,0.01837451705125339,0.029005681668780828,0.95345658137469569,0.99950000000000006,15.709906253719119
2p (m=+0),2,1,0,709,9.281936278239046,2.3204840695597615,0.018280417417022504,0.02879051156238471,0.95383490336531385,0.99950000000000006,15.709906253719119
2p (m=+0),2,1,0,710,9.295027866783812,2.323756966695953,0.018186763506528616,0.028576710236524618,0.9542104173971877,0.99950000000000006,15.709906253719119
2p (m=+0),2,1,0,711,9.308119455328578,2.3270298638321445,0.018093553509231593,0.028364271551766101,0.9545831413496414,0.99950000000000006,15.709906253719119
2p (m=+0),2,1,0,712,9.321211043873344,2.330302760968336,0.018000785619243176,0.028153189365047428,0.95495309302160025,0.99950000000000006,15.709906253719119
2p (m=+0),2,1,0,713,9.33430263241811,2.3335756581045275,0.017908458035343324,0.027943457530176557,0.95532029013154696,0.99950000000000006,15.709906253719119
2p (m=+0),2,1,0,714,9.347394220962876,2.336848555240719,0.017816568960996194,0.027735069898321273,0.95568475031748312,0.99950000000000006,15.709906253719119
2p (m=+0),2,1,0,715,9.3604858095076402,2.34012145237691,0.017725116604365685,0.027528020318492476,0.95604649113689844,0.99950000000000006,15.709906253719119
2p (m=+0),2,1,0,716,9.3735773980524062,2.3433943495131015,0.017634099178330555,0.027322302638020681,0.95640553006674556,0.99950000000000006,15.709906253719119
2p (m=+0),2,1,0,717,9.3866689865971722,2.346667246649293,0.017543514900499251,0.027117910703026056,0.9567618845034207,0.99950000000000006,15.709906253719119
2p (m=+0),2,1,0,718,9.3997605751419382,2.3499401437854845,0.017453361993224174,0.026914838358881348,0.95711557176275119,0.99950000000000006,15.709906253719119
2p (m=+0),2,1,0,719,9.4128521636867042,2.353213040921676,0.017363638683615727,0.02671307945066875,0.95746660907998882,0.99950000000000006,15.709906253719119
2p (m=+0),2,1,0,720,9.4259437522314702,2.3564859380578675,0.01727434320355585,0.026512627823629797,0.95781501360980847,0.99950000000000006,15.709906253719119
2p (m=+0),2,1,0,721,9.4390353407762362,2.359758835194059,0.017185473789711234,0.02631347732360895,0.95816080242631352,0.99950000000000006,15.709906253719119
2p (m=+0),2,1,0,722,9.4521269293210022,2.3630317323302505,0.017097028683546168,0.026115621797490839,0.95850399252304663,0.99950000000000006,15.709906253719119
2p (m=+0),2,1,0,723,9.4652185178657682,2.366304629466442,0.017009006131334988,0.025919055093630947,0.95884460081300582,0.99950000000000006,15.709906253719119
2p (m=+0),2,1,0,724,9.4783101064105342,2.3695775266026335,0.016921404384174159,0.025723771062280076,0.95918264412866683,0.99950000000000006,15.709906253719119
2p (m=+0),2,1,0,725,9.4914016949553002,2.372850423738825,0.016834221697994027,0.025529763556002529,0.95951813922201057,0.99950000000000006,15.709906253719119
2p (m=+0),2,1,0,726,9.5044932835000662,2.3761233208750165,0.016747456333570158,0.02533702643008803,0.95985110276455599,0.99950000000000006,15.709906253719119
2p (m=+0),2,1,0,727,9.5175848720448322,2.379396218011208,0.01666110655653439,0.025145553542957558,0.96018155134739869,0.99950000000000006,15.709906253719119
2p (m=+0),2,1,0,728,9.5306764605895982,2.3826691151473995,0.016575170637385474,0.02495533875656299,0.96050950148125414,0.99950000000000006,15.709906253719119
2p (m=+0),2,1,0,729,9.5437680491343642,2.385942012283591,0.016489646851499409,0.024766375936780764,0.96083496959650694,0.99950000000000006,15.709906253719119
2p (m=+0),2,1,0,730,9.5568596376791302,2.3892149094197825,0.016404533479139411,0.024578658953799432,0.96115797204326425,0.99950000000000006,15.709906253719119
2p (m=+0),2,1,0,731,9.5699512262238962,2.392487806555974,0.016319828805465567,0.024392181682501419,0.96147852509141518,0.99950000000000006,15.709906253719119
2p (m=+0),2,1,0,732,9.5830428147686622,2.3957607036921655,0.016235531120544121,0.024206938002838657,0.96179664493069439,0.99950000000000006,15.709906253719119
2p (m=+0),2,1,0,733,9.5961344033134282,2.399033600828357,0.016151638719356487,0.024022921800202688,0.96211234767075093,0.99950000000000006,15.709906253719119
2p (m=+0),2,1,0,734,9.6092259918581941,2.4023064979645485,0.016068149901807861,0.023840126965788615,0.9624256493412221,0.99950000000000006,15.709906253719119
2p (m=+0),2,1,0,735,9.6223175804029601,2.40557939510074,0.015985062972735574,0.023658547396953587,0.96273656589181156,0.99950000000000006,15.709906253719119
2p (m=+0),2,1,0,736,9.6354091689477261,2.4088522922369315,0.015902376241917097,0.023478176997569464,0.96304511319237207,0.99950000000000006,15.709906253719119
2p (m=+0),2,1,0,737,9.6485007574924921,2.412125189373123,0.015820088024077743,0.023299009678369891,0.96335130703299365,0.99950000000000006,15.709906253719119
2p (m=+0),2,1,0,738,9.6615923460372581,2.4153980865093145,0.015738196638898045,0.023121039357291758,0.96365516312409505,0.99950000000000006,15.709906253719119
2p (m=+0),2,1,0,739,9.6746839345820241,2.418670983645506,0.015656700411020831,0.022944259959811111,0.96395669709652054,0.99950000000000006,15.709906253719119
2p (m=+0),2,1,0,740,9.6877755231267901,2.4219438807816975,0.015575597670058013,0.022768665419273647,0.96425592450164088,0.99950000000000006,15.709906253719119
2p (m=+0),2,1,0,741,9.7008671116715561,2.425216777917889,0.015494886750597063,0.022594249677219742,0.96455286081145808,0.99950000000000006,15.709906253719119
2p (m=+0),2,1,0,742,9.7139587002163204,2.4284896750540801,0.015414565992207191,0.022421006683704069,0.96484752141871521,0.99950000000000006,15.709906253719119
2p (m=+0),2,1,0,743,9.7270502887610863,2.4317625721902716,0.015334633739445188,0.022248930397609799,0.96513992163700979,0.99950000000000006,15.709906253719119
2p (m=+0),2,1,0,744,9.7401418773058523,2.4350354693264631,0.015255088341861109,0.022078014786957853,0.96543007670091119,0.99950000000000006,15.709906253719119
2p (m=+0),2,1,0,745,9.7532334658506183,2.4383083664626546,0.015175928154003529,0.021908253829210529,0.96571800176608236,0.99950000000000006,15.709906253719119
2p (m=+0),2,1,0,746,9.7663250543953843,2.4415812635988461,0.015097151535424579,0.021739641511570155,0.96600371190940559,0.99950000000000006,15.709906253719119
2p (m=+0),2,1,0,747,9.7794166429401503,2.4448541607350376,0.01501875685068472,0.021572171831272604,0.96628722212911167,0.99950000000000006,15.709906253719119
2p (m=+0),2,1,0,748,9.7925082314849163,2.4481270578712291,0.014940742469357197,0.021405838795875671,0.96656854734491326,0.99950000000000006,15.709906253719119
2p (m=+0),2,1,0,749,9.8055998200296823,2.4513999550074206,0.014863106766032261,0.021240636423542448,0.96684770239814188,0.99950000000000006,15.709906253719119
2p (m=+0),2,1,0,750,9.8186914085744483,2.4546728521436121,0.014785848120321103,0.021076558743319727,0.9671247020518885,0.99950000000000006,15.709906253719119
2p (m=+0),2,1,0,751,9.8317829971192143,2.4579457492798036,0.014708964916859526,0.020913599795411457,0.96739956099114777,0.99950000000000006,15.709906253719119
2p (m=+0),2,1,0,752,9.8448745856639803,2.4612186464159951,0.014632455545311352,0.020751753631447288,0.96767229382296616,0.99950000000000006,15.709906253719119
2p (m=+0),2,1,0,753,9.8579661742087463,2.4644915435521866,0.01455631840037159,0.020591014314746359,0.9679429150765928,0.99950000000000006,15.709906253719119
2p (m=+0),2,1,0,754,9.8710577627535123,2.4677644406883781,0.014480551881769317,0.0204313759205762,0.96821143920363462,0.99950000000000006,15.709906253719119
2p (m=+0),2,1,0,755,9.8841493512982783,2.4710373378245696,0.014405154394270332,0.020272832536406955,0.96847788057821427,0.99950000000000006,15.709906253719119
2p (m=+0),2,1,0,756,9.8972409398430443,2.4743102349607611,0.014330124347679546,0.020115378262160897,0.96874225349713128,0.99950000000000006,15.709906253719119
2p (m=+0),2,1,0,757,9.9103325283878103,2.4775831320969526,0.014255460156843151,0.019959007210457312,0.96900457218002722,0.99950000000000006,15.709906253719119
2p (m=+0),2,1,0,758,9.9234241169325763,2.4808560292331441,0.014181160241650505,0.019803713506852744,0.96926485076955293,0.99950000000000006,15.709906253719119
2p (m=+0),2,1,0,759,9.9365157054773423,2.4841289263693356,0.014107223027035822,0.019649491290076745,0.96952310333153979,0.99950000000000006,15.709906253719119
2p (m=+0),2,1,0,760,9.9496072940221083,2.4874018235055271,0.014033646942979587,0.019496334712263069,0.96977934385517361,0.99950000000000006,15.709906253719119
2p (m=+0),2,1,0,761,9.9626988825668743,2.4906747206417186,0.013960430424509772,0.019344237939176449,0.97003358625317149,0.99950000000000006,15.709906253719119
2p (m=+0),2,1,0,762,9.9757904711116403,2.4939476177779101,0.013887571911702796,0.019193195150434956,0.97028584436196186,0.99950000000000006,15.709906253719119
2p (m=+0),2,1,0,763,9.9888820596564063,2.4972205149141016,0.01381506984968426,0.019043200539727939,0.97053613194186705,0.99950000000000006,15.709906253719119
2p (m=+0),2,1,0,764,10.001973648201172,2.5004934120502931,0.013742922688629479,0.018894248315029748,0.97078446267728935,0.99950000000000006,15.709906253719119
2p (m=+0),2,1,0,765,10.015065236745938,2.5037663091864846,0.013671128883763768,0.018746332698809095,0.97103085017689894,0.99950000000000006,15.709906253719119
2p (m=+0),2,1,0,766,10.028156825290704,2.5070392063226761,0.01359968689536252,0.018599447928234206,0.97127530797382511,0.99950000000000006,15.709906253719119
2p (m=+0),2,1,0,767,10.04124841383547,2.5103121034588676,0.013528595188751063,0.018453588255373826,0.97151784952585019,0.99950000000000006,15.709906253719119
2p (m=+0),2,1,0,768,10.054340002380236,2.5135850005950591,0.01345785223430431,0.018308747947394038,0.97175848821560573,0.99950000000000006,15.709906253719119
2p (m=+0),2,1,0,769,10.067431590925001,2.5168578977312501,0.013387456507446214,0.018164921286751057,0.97199723735077137,0.99950000000000006,15.709906253719119
2p (m=+0),2,1,0,770,10.080523179469767,2.5201307948674416,0.013317406488648939,0.018022102571379803,0.97223411016427652,0.99950000000000006,15.709906253719119
2p (m=+0),2,1,0,771,10.093614768014533,2.5234036920036331,0.013247700663431965,0.017880286114878744,0.9724691198145039,0.99950000000000006,15.709906253719119
2p (m=+0),2,1,0,772,10.106706356559298,2.5266765891398246,0.013178337522360849,0.017739466246690528,0.97270227938549592,0.99950000000000006,15.709906253719119
2p (m=+0),2,1,0,773,10.119797945104064,2.5299494862760161,0.013109315561045881,0.017599637312278829,0.97293360188716338,0.99950000000000006,15.709906253719119
2p (m=+0),2,1,0,774,10.13288953364883,2.5332223834122076,0.013040633280140487,0.017460793673301233,0.97316310025549602,0.99950000000000006,15.709906253719119
2p (m=+0),2,1,0,775,10.145981122193596,2.5364952805483991,0.01297228918533948,0.017322929707778399,0.97339078735277607,0.99950000000000006,15.709906253719119
2p (m=+0),2,1,0,776,10.159072710738362,2.5397681776845906,0.012904281787377079,0.01718603981025929,0.97361667596779311,0.99950000000000006,15.709906253719119
2p (m=+0),2,1,0,777,10.172164299283128,2.5430410748207821,0.012836609602024792,0.017050118391982821,0.97384077881606179,0.99950000000000006,15.709906253719119
2p (m=+0),2,1,0,778,10.185255887827894,2.5463139719569736,0.012769271150089044,0.016915159881035619,0.97406310854004119,0.99950000000000006,15.709906253719119
2p (m=+0),2,1,0,779,10.19834747637266,2.5495868690931651,0.012702264957408683,0.016781158722506274,0.97428367770935664,0.99950000000000006,15.709906253719119
2p (m=+0),2,1,0,780,10.211439064917426,2.5528597662293566,0.012635589554852271,0.016648109378635881,0.97450249882102302,0.99950000000000006,15.709906253719119
2p (m=+0),2,1,0,781,10.224530653462192,2.5561326633655481,0.012569243478315197,0.016516006328965004,0.97471958429967054,0.99950000000000006,15.709906253719119
2p (m=+0),2,1,0,782,10.237622242006958,2.5594055605017396,0.012503225268716639,0.016384844070477161,0.97493494649777168,0.99950000000000006,15.709906253719119
2p (m=+0),2,1,0,783,10.250713830551724,2.5626784576379311,0.012437533471996312,0.016254617117738721,0.97514859769587114,0.99950000000000006,15.709906253719119
2p (m=+0),2,1,0,784,10.26380541909649,2.5659513547741226,0.012372166639111086,0.016125320003035411,0.97536055010281641,0.99950000000000006,15.709906253719119
2p (m=+0),2,1,0,785,10.276897007641256,2.5692242519103141,0.012307123326031399,0.015996947276505361,0.97557081585599081,0.99950000000000006,15.709906253719119
2p (m=+0),2,1,0,786,10.289988596186022,2.5724971490465056,0.012242402093737526,0.015869493506268789,0.97577940702154797,0.99950000000000006,15.709906253719119
2p (m=+0),2,1,0,787,10.303080184730788,2.5757700461826971,0.012178001508215673,0.015742953278554354,0.97598633559464809,0.99950000000000006,15.709906253719119
2p (m=+0),2,1,0,788,10.316171773275554,2.5790429433188886,0.012113920140453918,0.015617321197822175,0.97619161349969596,0.99950000000000006,15.709906253719119
2p (m=+0),2,1,0,789,10.32926336182032,2.5823158404550801,0.012050156566437974,0.015492591886883615,0.97639525259058013,0.99950000000000006,15.709906253719119
2p (m=+0),2,1,0,790,10.342354950365086,2.5855887375912716,0.011986709367146818,0.015368759987017849,0.97659726465091434,0.99950000000000006,15.709906253719119
2p (m=+0),2,1,0,791,10.355446538909852,2.5888616347274631,0.011923577128548146,0.015245820158085212,0.97679766139427959,0.99950000000000006,15.709906253719119
2p (m=+0),2,1,0,792,10.368538127454618,2.5921345318636546,0.011860758441593679,0.015123767078637426,0.97699645446446837,0.99950000000000006,15.709906253719119
2p (m=+0),2,1,0,793,10.381629715999384,2.5954074289998461,0.011798251902214325,0.015002595446024719,0.97719365543573,0.99950000000000006,15.709906253719119
2p (m=+0),2,1,0,794,10.39472130454415,2.5986803261360376,0.011736056111315184,0.014882299976499872,0.97738927581301749,0.99950000000000006,15.709906253719119
2p (m=+0),2,1,0,795,10.407812893088915,2.6019532232722287,0.011674169674770418,0.014762875405319224,0.97758332703223561,0.99950000000000006,15.709906253719119
2p (m=+0),2,1,0,796,10.420904481633681,2.6052261204084202,0.011612591203417934,0.014644316486840635,0.97777582046049016,0.99950000000000006,15.709906253719119
2p (m=+0),2,1,0,797,10.433996070178447,2.6084990175446117,0.011551319313054007,0.014526617994618633,0.97796676739633892,0.99950000000000006,15.709906253719119
2p (m=+0),2,1,0,798,10.447087658723213,2.6117719146808032,0.011490352624427677,0.014409774721496446,0.97815617907004349,0.99950000000000006,15.709906253719119
2p (m=+0),2,1,0,799,10.460179247267979,2.6150448118169947,0.011429689763235062,0.014293781479695322,0.97834406664382223,0.99950000000000006,15.709906253719119
2p (m=+0),2,1,0,800,10.473270835812745,2.6183177089531862,0.011369329360113508,0.014178633100900864,0.97853044121210486,0.99950000000000006,15.709906253719119
2p (m=+0),2,1,0,801,10.486362424357511,2.6215906060893777,0.011309270050635615,0.014064324436346625,0.97871531380178733,0.99950000000000006,15.709906253719119
2p (m=+0),2,1,0,802,10.499454012902277,2.6248635032255692,0.011249510475303127,0.013950850356894886,0.97889869537248875,0.99950000000000006,15.709906253719119
2p (m=+0),2,1,0,803,10.512545601447043,2.6281364003617607,0.011190049279540698,0.013838205753114723,0.97908059681680859,0.99950000000000006,15.709906253719119
2p (m=+0),2,1,0,804,10.525637189991809,2.6314092974979522,0.011130885113689521,0.013726385535357337,0.9792610289605852,0.99950000000000006,15.709906253719119
2p (m=+0),2,1,0,805,10.538728778536575,2.6346821946341437,0.011072016633000836,0.013615384633828723,0.97944000256315544,0.99950000000000006,15.709906253719119
2p (m=+0),2,1,0,806,10.551820367081341,2.6379550917703352,0.011013442497629315,0.013505197998659681,0.97961752831761484,0.99950000000000006,15.709906253719119
2p (m=+0),2,1,0,807,10.564911955626107,2.6412279889065267,0.010955161372626308,0.013395820599973221,0.97979361685107902,0.99950000000000006,15.709906253719119
2p (m=+0),2,1,0,808,10.578003544170873,2.6445008860427182,0.010897171927933005,0.013287247427949442,0.97996827872494585,0.99950000000000006,15.709906253719119
2p (m=+0),2,1,0,809,10.591095132715639,2.6477737831789097,0.010839472838373432,0.01317947349288779,0.98014152443515823,0.99950000000000006,15.709906253719119
2p (m=+0),2,1,0,810,10.604186721260405,2.6510466803151012,0.010782062783647368,0.013072493825266875,0.98031336441246819,0.99950000000000006,15.709906253719119
2p (m=+0),2,1,0,811,10.617278309805171,2.6543195774512927,0.010724940448323124,0.012966303475801782,0.98048380902270127,0.99950000000000006,15.709906253719119
2p (m=+0),2,1,0,812,10.630369898349937,2.6575924745874842,0.01066810452183023,0.01286089751549897,0.98065286856702183,0.99950000000000006,15.709906253719119
2p (m=+0),2,1,0,813,10.643461486894703,2.6608653717236757,0.010611553698451974,0.012756271035708705,0.98082055328219897,0.99950000000000006,15.709906253719119
2p (m=+0),2,1,0,814,10.656553075439469,2.6641382688598672,0.010555286677317879,0.012652419148175179,0.98098687334087342,0.99950000000000006,15.709906253719119
2p (m=+0),2,1,0,815,10.669644663984235,2.6674111659960587,0.010499302162396031,0.012549336985084264,0.98115183885182455,0.99950000000000006,15.709906253719119
2p (m=+0),2,1,0,816,10.682736252529001,2.6706840631322502,0.010443598862485326,0.012447019699108944,0.98131545986023838,0.99950000000000006,15.709906253719119
2p (m=+0),2,1,0,817,10.695827841073767,2.6739569602684417,0.010388175491207598,0.01234546246345245,0.98147774634797624,0.99950000000000006,15.709906253719119
2p (m=+0),2,1,0,818,10.708919429618533,2.6772298574046332,0.010333030766999648,0.012244660471889183,0.98163870823384358,0.99950000000000006,15.709906253719119
2p (m=+0),2,1,0,819,10.722011018163299,2.6805027545408247,0.010278163413105178,0.012144608938803404,0.98179835537385973,0.99950000000000006,15.709906253719119
2p (m=+0),2,1,0,820,10.735102606708065,2.6837756516770161,0.010223572157566616,0.012045303099225697,0.9819566975615277,0.99950000000000006,15.709906253719119
2p (m=+0),2,1,0,821,10.748194195252831,2.6870485488132076,0.010169255733216852,0.011946738208867349,0.98211374452810496,0.99950000000000006,15.709906253719119
2p (m=+0),2,1,0,822,10.761285783797595,2.6903214459493987,0.010115212877670872,0.011848909544152532,0.98226950594287432,0.99950000000000006,15.709906253719119
2p (m=+0),2,1,0,823,10.774377372342361,2.6935943430855902,0.010061442333317277,0.011751812402248369,0.98242399141341519,0.99950000000000006,15.709906253719119
2p (m=+0),2,1,0,824,10.787468960887127,2.6968672402217817,0.010007942847309768,0.011655442101093061,0.98257721048587532,0.99950000000000006,15.709906253719119
2p (m=+0),2,1,0,825,10.800560549431893,2.7001401373579732,0.0099547131715584762,0.011559793979421817,0.98272917264524318,0.99950000000000006,15.709906253719119
2p (m=+0),2,1,0,826,10.813652137976659,2.7034130344941647,0.0099017520627212325,0.011464863396790859,0.98287988731561993,0.99950000000000006,15.709906253719119
2p (m=+0),2,1,0,827,10.826743726521425,2.7066859316303562,0.009849058282194751,0.011370645733599439,0.98302936386049256,0.99950000000000006,15.709906253719119
2p (m=+0),2,1,0,828,10.839835315066191,2.7099588287665477,0.0097966305961056984,0.01127713639110983,0.98317761158300665,0.99950000000000006,15.709906253719119
2p (m=+0),2,1,0,829,10.852926903610957,2.7132317259027392,0.0097444677753017322,0.011184330791465543,0.98332463972623962,0.99950000000000006,15.709906253719119
2p (m=+0),2,1,0,830,10.866018492155723,2.7165046230389307,0.0096925685953423903,0.011092224377707455,0.98347045747347439,0.99950000000000006,15.709906253719119
2p (m=+0),2,1,0,831,10.879110080700489,2.7197775201751222,0.0096409318364899417,0.01100081261378822,0.98361507394847292,0.99950000000000006,15.709906253719119
2p (m=+0),2,1,0,832,10.892201669245255,2.7230504173113137,0.0095895562837001458,0.01091009098458476,0.9837584982157499,0.99950000000000006,15.709906253719119
2p (m=+0),2,1,0,833,10.905293257790021,2.7263233144475052,0.0095384407266129248,0.010820054995908957,0.98390073928084709,0.99950000000000006,15.709906253719119
2p (m=+0),2,1,0,834,10.918384846334787,2.7295962115836967,0.009487583959542965,0.010730700174516569,0.98404180609060721,0.99950000000000006,15.709906253719119
2p (m=+0),2,1,0,835,10.931476434879553,2.7328691087198882,0.009436984781470233,0.010642022068114345,0.98418170753344825,0.99950000000000006,15.709906253719119
2p (m=+0),2,1,0,836,10.944568023424319,2.7361420058560797,0.0093866419960304363,0.010554016245365472,0.98432045243963784,0.99950000000000006,15.709906253719119
2p (m=+0),2,1,0,837,10.957659611969085,2.7394149029922712,0.0093365544115053857,0.010466678295893232,0.98445804958156757,0.99950000000000006,15.709906253719119
2p (m=+0),2,1,0,838,10.970751200513851,2.7426878001284627,0.0092867208408132923,0.010380003830283032,0.98459450767402734,0.99950000000000006,15.709906253719119
2p (m=+0),2,1,0,839,10.983842789058617,2.7459606972646542,0.0092371401014990154,0.010293988480082774,0.98472983537447978,0.99950000000000006,15.709906253719119
2p (m=+0),2,1,0,840,10.996934377603383,2.7492335944008457,0.0091878110157241986,0.010208627897801539,0.98486404128333505,0.99950000000000006,15.709906253719119
2p (m=+0),2,1,0,841,11.010025966148149,2.7525064915370372,0.0091387324102573803,0.01012391775690674,0.98499713394422461,0.99950000000000006,15.709906253719119
2p (m=+0),2,1,0,842,11.023117554692915,2.7557793886732287,0.009089903116463998,0.010039853751819606,0.98512912184427603,0.99950000000000006,15.709906253719119
2p (m=+0),2,1,0,843,11.036209143237681,2.7590522858094202,0.0090413219702963725,0.0099564315979092221,0.98526001341438718,0.99950000000000006,15.709906253719119
2p (m=+0),2,1,0,844,11.049300731782447,2.7623251829456117,0.0089929878122835729,0.009873647031484906,0.98538981702950035,0.99950000000000006,15.709906253719119
2p (m=+0),2,1,0,845,11.062392320327213,2.7655980800818032,0.0089448994875212656,0.0097914958097871652,0.98551854100887637,0.99950000000000006,15.709906253719119
2p (m=+0),2,1,0,846,11.075483908871979,2.7688709772179947,0.0088970558456614758,0.0097099737109771628,0.9856461936163684,0.99950000000000006,15.709906253719119
2p (m=+0),2,1,0,847,11.088575497416745,2.7721438743541862,0.0088494557409022883,0.0096290765341246528,0.98577278306069616,0.99950000000000006,15.709906253719119
2p (m=+0),2,1,0,848,11.101667085961511,2.7754167714903777,0.0088020980319775104,0.0095488000991945793,0.98589831749571899,0.99950000000000006,15.709906253719119
2p (m=+0),2,1,0,849,11.114758674506275,2.7786896686265687,0.0087549815821462498,0.0094691402470321821,0.98602280502070982,0.99950000000000006,15.709906253719119
2p (m=+0),2,1,0,850,11.127850263051041,2.7819625657627602,0.0087081052591824297,0.0093900928393467111,0.98614625368062814,0.99950000000000006,15.709906253719119
2p (m=+0),2,1,0,851,11.140941851595807,2.7852354628989517,0.0086614679353643007,0.0093116537586938521,0.98626867146639319,0.99950000000000006,15.709906253719119
2p (m=+0),2,1,0,852,11.154033440140573,2.7885083600351432,0.0086150684874638402,0.0092338189084567295,0.98639006631515647,0.99950000000000006,15.709906253719119
2p (m=+0),2,1,0,853,11.167125028685339,2.7917812571713347,0.0085689057967361145,0.0091565842128255859,0.98651044611057459,0.99950000000000006,15.709906253719119
2p (m=+0),2,1,0,854,11.180216617230105,2.7950541543075262,0.0085229787489086075,0.0090799456167762228,0.98662981868308131,0.99950000000000006,15.709906253719119
2p (m=+0),2,1,0,855,11.193308205774871,2.7983270514437177,0.0084772862341704718,0.0090038990860470854,0.98674819181015971,0.99950000000000006,15.709906253719119
2p (m=+0),2,1,0,856,11.206399794319637,2.8015999485799092,0.0084318271471617492,0.0089284406071151474,0.98686557321661361,0.99950000000000006,15.709906253719119
2p (m=+0),2,1,0,857,11.219491382864403,2.8048728457161007,0.0083866003869625273,0.0088535661871705206,0.98698197057483916,0.99950000000000006,15.709906253719119
2p (m=+0),2,1,0,858,11.232582971409169,2.8081457428522922,0.0083416048570820658,0.0087792718540898925,0.98709739150509546,0.99950000000000006,15.709906253719119
2p (m=+0),2,1,0,859,11.245674559953935,2.8114186399884837,0.0082968394654478524,0.0087055536564087117,0.98721184357577574,0.99950000000000006,15.709906253719119
2p (m=+0),2,1,0,860,11.258766148498701,2.8146915371246752,0.0082523031243946342,0.0086324076632922544,0.98732533430367708,0.99950000000000006,15.709906253719119
2p (m=+0),2,1,0,861,11.271857737043467,2.8179644342608667,0.0082079947506533898,0.0085598299645055029,0.98743787115427062,0.99950000000000006,15.709906253719119
2p (m=+0),2,1,0,862,11.284949325588233,2.8212373313970582,0.0081639132653402707,0.0084878166703819067,0.98754946154197087,0.99950000000000006,15.709906253719119
2p (m=+0),2,1,0,863,11.298040914132999,2.8245102285332497,0.008120057593945483,0.0084163639117910312,0.987660112830405,0.99950000000000006,15.709906253719119
2p (m=+0),2,1,0,864,11.311132502677765,2.8277831256694412,0.0080764266663221462,0.0083454678401051145,0.98776983233268123,0.99950000000000006,15.709906253719119
2p (m=+0),2,1,0,865,11.324224091222531,2.8310560228056327,0.0080330194166750961,0.0082751246271645408,0.9878786273116571,0.99950000000000006,15.709906253719119
2p (m=+0),2,1,0,866,11.337315679767297,2.8343289199418242,0.0079898347835496535,0.0082053304652422634,0.98798650498020724,0.99950000000000006,15.709906253719119
2p (m=+0),2,1,0,867,11.350407268312063,2.8376018170780157,0.0079468717098203617,0.0081360815670072258,0.9880934725014906,0.99950000000000006,15.709906253719119
2p (m=+0),2,1,0,868,11.363498856856829,2.8408747142142072,0.0079041291426796712,0.0080673741654867029,0.98819953698921714,0.99950000000000006,15.709906253719119
2p (m=+0),2,1,0,869,11.376590445401595,2.8441476113503987,0.0078616060336265999,0.0079992045140277156,0.98830470550791427,0.99950000000000006,15.709906253719119
2p (m=+0),2,1,0,870,11.389682033946361,2.8474205084865902,0.0078193013384553547,0.0079315688862574354,0.98840898507319253,0.99950000000000006,15.709906253719119
2p (m=+0),2,1,0,871,11.402773622491127,2.8506934056227817,0.0077772140172439096,0.0078644635760425994,0.98851238265201058,0.99950000000000006,15.709906253719119
2p (m=+0),2,1,0,872,11.415865211035893,2.8539663027589732,0.0077353430343425657,0.0077978848974480678,0.98861490516294037,0.99950000000000006,15.709906253719119
2p (m=+0),2,1,0,873,11.428956799580659,2.8572391998951647,0.0076936873583624667,0.0077318291846943735,0.988716559476431,0.99950000000000006,15.709906253719119
2p (m=+0),2,1,0,874,11.442048388125425,2.8605120970313562,0.0076522459621640873,0.0076662927921144234,0.98881735241507229,0.99950000000000006,15.709906253719119
2p (m=+0),2,1,0,875,11.455139976670191,2.8637849941675477,0.007611017822845679,0.0076012720941092691,0.98891729075385781,0.99950000000000006,15.709906253719119
2p (m=+0),2,1,0,876,11.468231565214955,2.8670578913037388,0.0075700019217317177,0.0075367634851030776,0.98901638122044733,0.99950000000000006,15.709906253719119
2p (m=+0),2,1,0,877,11.481323153759721,2.8703307884399303,0.0075291972443612618,0.0074727633794971354,0.9891146304954288,0.99950000000000006,15.709906253719119
2p (m=+0),2,1,0,878,11.494414742304487,2.8736036855761218,0.0074886027804763585,0.0074092682116231601,0.98921204521257933,0.99950000000000006,15.709906253719119
2p (m=+0),2,1,0,879,11.507506330849253,2.8768765827123133,0.0074482175240103664,0.0073462744356956843,0.98930863195912599,0.99950000000000006,15.709906253719119
2p (m=+0),2,1,0,880,11.520597919394019,2.8801494798485048,0.0074080404730762659,0.0072837785257636742,0.98940439727600582,0.99950000000000006,15.709906253719119
2p (m=+0),2,1,0,881,11.533689507938785,2.8834223769846963,0.0073680706299549502,0.0072217769756613781,0.98949934765812475,0.99950000000000006,15.709906253719119
2p (m=+0),2,1,0,882,11.546781096483551,2.8866952741208878,0.0073283070010834866,0.0071602662989583826,0.9895934895546169,0.99950000000000006,15.709906253719119
2p (m=+0),2,1,0,883,11.559872685028317,2.8899681712570793,0.0072887485970433534,0.0070992430289089324,0.98968682936910224,0.99950000000000006,15.709906253719119
2p (m=+0),2,1,0,884,11.572964273573083,2.8932410683932708,0.0072493944325486594,0.0070387037184005165,0.98977937345994405,0.99950000000000006,15.709906253719119
2p (m=+0),2,1,0,885,11.586055862117849,2.8965139655294623,0.0072102435264343239,0.0069786449399017059,0.9898711281405056,0.99950000000000006,15.709906253719119
2p (m=+0),2,1,0,886,11.599147450662615,2.8997868626656538,0.0071712949016442618,0.0069190632854093312,0.98996209967940607,0.99950000000000006,15.709906253719119
2p (m=+0),2,1,0,887,11.612239039207381,2.9030597598018453,0.0071325475852195156,0.0068599553663949249,0.99005229430077613,0.99950000000000006,15.709906253719119
2p (m=+0),2,1,0,888,11.625330627752147,2.9063326569380368,0.0070940006082864018,0.0068013178137505317,0.99014171818451213,0.99950000000000006,15.709906253719119
2p (m=+0),2,1,0,889,11.638422216296913,2.9096055540742283,0.0070556530060446035,0.0067431472777338183,0.99023037746653042,0.99950000000000006,15.709906253719119
2p (m=+0),2,1,0,890,11.651513804841679,2.9128784512104198,0.0070175038177552719,0.0066854404279125751,0.99031827823902019,0.99950000000000006,15.709906253719119
2p (m=+0),2,1,0,891,11.664605393386445,2.9161513483466113,0.0069795520867290918,0.0066281939531085627,0.99040542655069608,0.99950000000000006,15.709906253719119
2p (m=+0),2,1,0,892,11.677696981931211,2.9194242454828028,0.0069417968603143407,0.0065714045613407598,0.99049182840704975,0.99950000000000006,15.709906253719119
2p (m=+0),2,1,0,893,11.690788570475977,2.9226971426189943,0.0069042371898849287,0.0065150689797680052,0.99057748977060078,0.99950000000000006,15.709906253719119
2p (m=+0),2,1,0,894,11.703880159020743,2.9259700397551858,0.0068668721308284128,0.0064591839546310386,0.99066241656114717,0.99950000000000006,15.709906253719119
2p (m=+0),2,1,0,895,11.716971747565509,2.9292429368913773,0.0068297007425340154,0.0064037462511939971,0.99074661465601455,0.99950000000000006,15.709906253719119
2p (m=+0),2,1,0,896,11.730063336110275,2.9325158340275688,0.0067927220883806086,0.0063487526536853316,0.99083008989030463,0.99950000000000006,15.709906253719119
2p (m=+0),2,1,0,897,11.743154924655041,2.9357887311637603,0.0067559352357246987,0.0062941999652381762,0.99091284805714364,0.99950000000000006,15.709906253719119
2p (m=+0),2,1,0,898,11.756246513199807,2.9390616282999518,0.0067193392558883951,0.0062400850078302133,0.9909948949079288,0.99950000000000006,15.709906253719119
2p (m=+0),2,1,0,899,11.769338101744573,2.9423345254361433,0.0066829332241473563,0.006186404622222981,0.99107623615257501,0.99950000000000006,15.709906253719119
2p (m=+0),2,1,0,900,11.782429690289339,2.9456074225723348,0.006646716219718741,0.0061331556679007021,0.99115687745976033,0.99950000000000006,15.709906253719119
2p (m=+0),2,1,0,901,11.795521278834105,2.9488803197085263,0.006610687325749133,0.0060803350230086168,0.99123682445717065,0.99950000000000006,15.709906253719119
2p (m=+0),2,1,0,902,11.808612867378871,2.9521532168447178,0.0065748456293024697,0.0060279395842908296,0.99131608273174354,0.99950000000000006,15.709906253719119
2p (m=+0),2,1,0,903,11.821704455923635,2.9554261139809088,0.0065391902213479533,0.0059759662670277065,0.99139465782991132,0.99950000000000006,15.709906253719119
2p (m=+0),2,1,0,904,11.834796044468401,2.9586990111171003,0.0065037201967479375,0.0059244120049727674,0.99147255525784339,0.99950000000000006,15.709906253719119
2p (m=+0),2,1,0,905,11.847887633013167,2.9619719082532918,0.0064684346542458488,0.005873273750289224,0.99154978048168751,0.99950000000000006,15.709906253719119
2p (m=+0),2,1,0,906,11.860979221557933,2.9652448053894833,0.0064333326964540506,0.0058225484734859946,0.99162633892781071,0.99950000000000006,15.709906253719119
2p (m=+0),2,1,0,907,11.874070810102699,2.9685177025256748,0.0063984134298417364,0.0057722331633533758,0.99170223598303864,0.99950000000000006,15.709906253719119
2p (m=+0),2,1,0,908,11.887162398647465,2.9717905996618663,0.0063636759647227974,0.0057223248268982634,0.99177747699489482,0.99950000000000006,15.709906253719119
2p (m=+0),2,1,0,909,11.900253987192231,2.9750634967980578,0.0063291194152436852,0.0056728204892789822,0.99185206727183839,0.99950000000000006,15.709906253719119
2p (m=+0),2,1,0,910,11.913345575736997,2.9783363939342493,0.0062947428993712822,0.0056237171937397693,0.99192601208350162,0.99950000000000006,15.709906253719119
2p (m=+0),2,1,0,911,11.926437164281763,2.9816092910704408,0.0062605455388807544,0.0055750120015448474,0.99199931666092611,0.99950000000000006,15.709906253719119
2p (m=+0),2,1,0,912,11.939528752826529,2.9848821882066323,0.0062265264593434006,0.0055267019919121464,0.99207198619679815,0.99950000000000006,15.709906253719119
2p (m=+0),2,1,0,913,11.952620341371295,2.9881550853428238,0.0061926847901145098,0.0054787842619467,0.9921440258456834,0.99950000000000006,15.709906253719119
2p (m=+0),2,1,0,914,11.965711929916061,2.9914279824790153,0.0061590196643211987,0.0054312559265736714,0.99221544072426093,0.99950000000000006,15.709906253719119
2p (m=+0),2,1,0,915,11.978803518460827,2.9947008796152068,0.0061255302188502605,0.005384114118471079,0.99228623591155551,0.99950000000000006,15.709906253719119
2p (m=+0),2,1,0,916,11.991895107005593,2.9979737767513983,0.0060922155943360047,0.0053373559880021846,0.99235641644916994,0.99950000000000006,15.709906253719119
2p (m=+0),2,1,0,917,12.004986695550359,3.0012466738875898,0.0060590749351480972,0.0052909787031476035,0.99242598734151621,0.99950000000000006,15.709906253719119
2p (m=+0),2,1,0,918,12.018078284095125,3.0045195710237813,0.0060261073893794056,0.005244979449437092,0.99249495355604544,0.99950000000000006,15.709906253719119
2p (m=+0),2,1,0,919,12.031169872639891,3.0077924681599728,0.0059933121088338254,0.0051993554298810554,0.99256332002347736,0.99950000000000006,15.709906253719119
2p (m=+0),2,1,0,920,12.044261461184657,3.0110653652961643,0.0059606882490141318,0.0051541038649018031,0.99263109163802854,0.99950000000000006,15.709906253719119
2p (m=+0),2,1,0,921,12.057353049729423,3.0143382624323558,0.0059282349691098168,0.0051092219922645159,0.99269827325763993,0.99950000000000006,15.709906253719119
2p (m=+0),2,1,0,922,12.070444638274189,3.0176111595685473,0.0058959514319849226,0.005064707067007959,0.99276486970420375,0.99950000000000006,15.709906253719119
2p (m=+0),2,1,0,923,12.083536226818955,3.0208840567047388,0.0058638368041658943,0.0050205563613749671,0.99283088576378875,0.99950000000000006,15.709906253719119
2p (m=+0),2,1,0,924,12.096627815363721,3.0241569538409303,0.0058318902558294229,0.0049767671647426848,0.99289632618686519,0.99950000000000006,15.709906253719119
2p (m=+0),2,1,0,925,12.109719403908487,3.0274298509771218,0.0058001109607902883,0.0049333367835525718,0.9929611956885287,0.99950000000000006,15.709906253719119
2p (m=+0),2,1,0,926,12.122810992453253,3.0307027481133133,0.0057684980964892163,0.0048902625412402048,0.99302549894872316,0.99950000000000006,15.709906253719119
2p (m=+0),2,1,0,927,12.135902580998019,3.0339756452495048,0.0057370508439807287,0.0048475417781648706,0.99308924061246273,0.99950000000000006,15.709906253719119
2p (m=+0),2,1,0,928,12.148994169542785,3.0372485423856963,0.005705768387921006,0.0048051718515389509,0.99315242529005299,0.99950000000000006,15.709906253719119
2p (m=+0),2,1,0,929,12.162085758087551,3.0405214395218878,0.0056746499165557475,0.0047631501353571316,0.9932150575573111,0.99950000000000006,15.709906253719119
2p (m=+0),2,1,0,930,12.175177346632315,3.0437943366580789,0.0056436946217080482,0.0047214740203254252,0.99327714195578509,0.99950000000000006,15.709906253719119
2p (m=+0),2,1,0,931,12.188268935177081,3.0470672337942704,0.0056129016987662497,0.004680140913789997,0.99333868299297201,0.99950000000000006,15.709906253719119
2p (m=+0),2,1,0,932,12.201360523721847,3.0503401309304619,0.005582270346671853,0.004639148239665894,0.9933996851425354,0.99950000000000006,15.709906253719119
2p (m=+0),2,1,0,933,12.214452112266613,3.0536130280666534,0.0055517997679073797,0.0045984934383655387,0.99346015284452183,0.99950000000000006,15.709906253719119
2p (m=+0),2,1,0,934,12.227543700811379,3.0568859252028449,0.0055214891684842804,0.0045581739667271449,0.99352009050557621,0.99950000000000006,15.709906253719119
2p (m=+0),2,1,0,935,12.240635289356145,3.0601588223390364,0.0054913377579308203,0.0045181872979429298,0.99357950249915661,0.99950000000000006,15.709906253719119
2p (m=+0),2,1,0,936,12.253726877900911,3.0634317194752279,0.0054613447492800043,0.0044785309214872698,0.99363839316574765,0.99950000000000006,15.709906253719119
2p (m=+0),2,1,0,937,12.266818466445677,3.0667046166114194,0.0054315093590574758,0.0044392023430446601,0.99369676681307328,0.99950000000000006,15.709906253719119
2p (m=+0),2,1,0,938,12.279910054990443,3.0699775137476109,0.005401830807269456,0.0044001990844376206,0.99375462771630863,0.99950000000000006,15.709906253719119
2p (m=+0),2,1,0,939,12.293001643535209,3.0732504108838024,0.0053723083173906694,0.0043615186835544587,0.99381198011829064,0.99950000000000006,15.709906253719119
2p (m=+0),2,1,0,940,12.306093232079975,3.0765233080199939,0.0053429411163522875,0.0043231586942769386,0.993868828229728,0.99950000000000006,15.709906253719119
2p (m=+0),2,1,0,941,12.319184820624741,3.0797962051561854,0.0053137284345298854,0.0042851166864078805,0.99392517622941001,0.99950000000000006,15.709906253719119
2p (m=+0),2,1,0,942,12.332276409169507,3.0830691022923769,0.0052846695057313991,0.0042473902455986432,0.99398102826441459,0.99950000000000006,15.709906253719119
2p (m=+0),2,1,0,943,12.345367997714273,3.0863419994285684,0.0052557635671850993,0.0042099769732765521,0.99403638845031539,0.99950000000000006,15.709906253719119
2p (m=+0),2,1,0,944,12.358459586259039,3.0896148965647598,0.0052270098595275823,0.0041728744865722643,0.99409126087138755,0.99950000000000006,15.709906253719119
2p (m=+0),2,1,0,945,12.371551174803805,3.0928877937009513,0.0051984076267917552,0.0041360804182470345,0.99414564958081297,0.99950000000000006,15.709906253719119
2p (m=+0),2,1,0,946,12.384642763348571,3.0961606908371428,0.0051699561163948467,0.0040995924166199703,0.99419955860088471,0.99950000000000006,15.709906253719119
2p (m=+0),2,1,0,947,12.397734351893337,3.0994335879733343,0.0051416545791264272,0.0040634081454952037,0.99425299192320971,0.99950000000000006,15.709906253719119
2p (m=+0),2,1,0,948,12.410825940438103,3.1027064851095258,0.005113502269136443,0.0040275252840890575,0.99430595350891127,0.99950000000000006,15.709906253719119
2p (m=+0),2,1,0,949,12.423917528982869,3.1059793822457173,0.0050854984439232453,0.0039919415269571139,0.9943584472888306,0.99950000000000006,15.709906253719119
2p (m=+0),2,1,0,950,12.437009117527635,3.1092522793819088,0.0050576423643216651,0.0039566545839213388,0.99441047716372666,0.99950000000000006,15.709906253719119
2p (m=+0),2,1,0,951,12.450100706072401,3.1125251765181003,0.0050299332944910707,0.0039216621799971077,0.99446204700447594,0.99950000000000006,15.709906253719119
2p (m=+0),2,1,0,952,12.463192294617167,3.1157980736542918,0.0050023705019034553,0.0038869620553202595,0.99451316065227069,0.99950000000000006,15.709906253719119
2p (m=+0),2,1,0,953,12.476283883161933,3.1190709707904833,0.0049749532573315327,0.0038525519650741235,0.99456382191881643,0.99950000000000006,15.709906253719119
2p (m=+0),2,1,0,954,12.489375471706699,3.1223438679266748,0.0049476808348368545,0.0038184296794165577,0.99461403458652853,0.99950000000000006,15.709906253719119
2p (m=+0),2,1,0,955,12.502467060251465,3.1256167650628663,0.0049205525117579259,0.0037845929834069577,0.99466380240872765,0.99950000000000006,15.709906253719119
2p (m=+0),2,1,0,956,12.515558648796231,3.1288896621990578,0.0048935675686983598,0.0037510396769333191,0.99471312910983445,0.99950000000000006,15.709906253719119
2p (m=+0),2,1,0,957,12.528650237340996,3.1321625593352489,0.0048667252895150236,0.0037177675746392735,0.99476201838556333,0.99950000000000006,15.709906253719119
2p (m=+0),2,1,0,958,12.541741825885762,3.1354354564714404,0.0048400249613062083,0.0036847745058511574,0.99481047390311483,0.99950000000000006,15.709906253719119
2p (m=+0),2,1,0,959,12.554833414430528,3.1387083536076319,0.0048134658743998315,0.0036520583145051295,0.99485849930136772,0.99950000000000006,15.709906253719119
2p (m=+0),2,1,0,960,12.567925002975294,3.1419812507438234,0.0047870473223416282,0.003619616859074283,0.99490609819106957,0.99950000000000006,15.709906253719119
2p (m=+0),2,1,0,961,12.58101659152006,3.1452541478800149,0.0047607686018833785,0.0035874480124958195,0.99495327415502655,0.99950000000000006,15.709906253719119
2p (m=+0),2,1,0,962,12.594108180064826,3.1485270450162064,0.0047346290129711387,0.0035555496620982502,0.99500003074829257,0.99950000000000006,15.709906253719119
2p (m=+0),2,1,0,963,12.607199768609592,3.1517999421523979,0.0047086278587334983,0.0035239197095286471,0.99504637149835684,0.99950000000000006,15.709906253719119
2p (m=+0),2,1,0,964,12.620291357154358,3.1550728392885894,0.0046827644454698562,0.0034925560706799679,0.99509229990533121,0.99950000000000006,15.709906253719119
2p (m=+0),2,1,0,965,12.633382945699124,3.1583457364247809,0.0046570380826387002,0.0034614566756183958,0.99513781944213597,0.99950000000000006,15.709906253719119
2p (m=+0),2,1,0,966,12.64647453424389,3.1616186335609724,0.0046314480828459252,0.0034306194685107885,0.99518293355468501,0.99950000000000006,15.709906253719119
2p (m=+0),2,1,0,967,12.659566122788656,3.1648915306971639,0.0046059937618331461,0.0034000424075521524,0.99522764566206989,0.99950000000000006,15.709906253719119
2p (m=+0),2,1,0,968,12.672657711333422,3.1681644278333554,0.0045806744384660533,0.0033697234648932275,0.99527195915674316,0.99950000000000006,15.709906253719119
2p (m=+0),2,1,0,969,12.685749299878188,3.1714373249695469,0.0045554894347227641,0.0033396606265681159,0.99531587740470029,0.99950000000000006,15.709906253719119
2p (m=+0),2,1,0,970,12.698840888422954,3.1747102221057384,0.0045304380756822143,0.0033098518924220229,0.99535940374566123,0.99950000000000006,15.709906253719119
2p (m=+0),2,1,0,971,12.71193247696772,3.1779831192419299,0.0045055196895125464,0.0032802952760390487,0.99540254149325069,0.99950000000000006,15.709906253719119
2p (m=+0),2,1,0,972,12.725024065512486,3.1812560163781214,0.0044807336074595399,0.0032509888046701103,0.99544529393517756,0.99950000000000006,15.709906253719119
2p (m=+0),2,1,0,973,12.738115654057252,3.1845289135143129,0.0044560791638350427,0.0032219305191609248,0.99548766433341307,0.99950000000000006,15.709906253719119
2p (m=+0),2,1,0,974,12.751207242602018,3.1878018106505044,0.0044315556960054332,0.0031931184738801144,0.99552965592436882,0.99950000000000006,15.709906253719119
2p (m=+0),2,1,0,975,12.764298831146784,3.1910747077866959,0.004407162544380101,0.0031645507366474075,0.9955712719190728,0.99950000000000006,15.709906253719119
2p (m=+0),2,1,0,976,12.77739041969155,3.1943476049228874,0.0043828990523999429,0.0031362253886619462,0.9956125155033454,0.99950000000000006,15.709906253719119
2p (m=+0),2,1,0,977,12.790482008236316,3.1976205020590789,0.0043587645665258828,0.0031081405244307025,0.99565338983797402,0.99950000000000006,15.709906253719119
2p (m=+0),2,1,0,978,12.803573596781082,3.2008933991952704,0.0043347584362274146,0.0030802942516970286,0.99569389805888664,0.99950000000000006,15.709906253719119
2p (m=+0),2,1,0,979,12.816665185325848,3.2041662963314619,0.0043108800139711623,0.0030526846913693012,0.99573404327732484,0.99950000000000006,15.709906253719119
2p (m=+0),2,1,0,980,12.829756773870614,3.2074391934676534,0.0042871286552094642,0.0030253099774497144,0.99577382858001562,0.99950000000000006,15.709906253719119
2p (m=+0),2,1,0,981,12.84284836241538,3.2107120906038449,0.004263503718368972,0.0029981682569631797,0.99581325702934231,0.99950000000000006,15.709906253719119
2p (m=+0),2,1,0,982,12.855939950960146,3.2139849877400364,0.0042400045648392868,0.0029712576898863808,0.99585233166351461,0.99950000000000006,15.709906253719119
2p (m=+0),2,1,0,983,12.869031539504912,3.2172578848762279,0.004216630558961593,0.0029445764490769323,0.99589105549673784,0.99950000000000006,15.709906253719119
2p (m=+0),2,1,0,984,12.882123128049676,3.2205307820124189,0.0041933810680173439,0.0029181227202027169,0.99592943151938085,0.99950000000000006,15.709906253719119
2p (m=+0),2,1,0,985,12.895214716594442,3.2238036791486104,0.0041702554622169317,0.0028918947016713164,0.9959674626981434,0.99950000000000006,15.709906253719119
2p (m=+0),2,1,0,986,12.908306305139208,3.2270765762848019,0.0041472531146884272,0.0028658906045596487,0.99600515197622252,0.99950000000000006,15.709906253719119
2p (m=+0),2,1,0,987,12.921397893683974,3.2303494734209934,0.0041243734014662975,0.0028401086525436919,0.9960425022734779,0.99950000000000006,15.709906253719119
2p (m=+0),2,1,0,988,12.93448948222874,3.2336223705571849,0.0041016157014801746,0.0028145470818284096,0.99607951648659621,0.99950000000000006,15.709906253719119
2p (m=+0),2,1,0,989,12.947581070773506,3.2368952676933764,0.0040789793965436329,0.0027892041410778,0.99611619748925495,0.99950000000000006,15.709906253719119
2p (m=+0),2,1,0,990,12.960672659318272,3.2401681648295679,0.004056463871343001,0.0027640780913451299,0.99615254813228482,0.99950000000000006,15.709906253719119
2p (m=+0),2,1,0,991,12.973764247863038,3.2434410619657594,0.0040340685134261818,0.0027391672060033006,0.99618857124383176,0.99950000000000006,15.709906253719119
2p (m=+0),2,1,0,992,12.986855836407804,3.2467139591019509,0.0040117927131915147,0.0027144697706754147,0.99622426962951738,0.99950000000000006,15.709906253719119
2p (m=+0),2,1,0,993,12.99994742495257,3.2499868562381424,0.0039896358638766439,0.0026899840831654783,0.9962596460725992,0.99950000000000006,15.709906253719119
2p (m=+0),2,1,0,994,13.013039013497336,3.2532597533743339,0.003967597361547422,0.0026657084533892959,0.99629470333412962,0.99950000000000006,15.709906253719119
2p (m=+0),2,1,0,995,13.026130602042102,3.2565326505105254,0.0039456766050868352,0.002641641203305534,0.99632944415311397,0.99950000000000006,15.709906253719119
2p (m=+0),2,1,0,996,13.039222190586868,3.2598055476467169,0.0039238729961839454,0.0026177806668469493,0.9963638712466677,0.99950000000000006,15.709906253719119
2p (m=+0),2,1,0,997,13.052313779131634,3.2630784447829084,0.0039021859393228693,0.0025941251898518192,0.99639798731017271,0.99950000000000006,15.709906253719119
2p (m=+0),2,1,0,998,13.0654053676764,3.2663513419190999,0.0038806148417717705,0.0025706731299955333,0.99643179501743273,0.99950000000000006,15.709906253719119
2p (m=+0),2,1,0,999,13.078496956221166,3.2696242390552914,0.0038591591135718846,0.0025474228567223863,0.99646529702082809,0.99950000000000006,15.709906253719119
2p (m=+0),2,1,0,1000,13.091588544765932,3.2728971361914829,0.003837818167526561,0.0025243727511775429,0.996498495951469,0.99950000000000006,15.709906253719119
2p (m=+0),2,1,0,1001,13.104680133310698,3.2761700333276744,0.0038165914191903381,0.0025015212061392056,0.99653139441934846,0.99950000000000006,15.709906253719119
2p (m=+0),2,1,0,1002,13.117771721855464,3.2794429304638659,0.0037954782868580353,0.0024788666259509674,0.99656399501349402,0.99950000000000006,15.709906253719119
2p (m=+0),2,1,0,1003,13.13086331040023,3.2827158276000574,0.0037744781915538773,0.0024564074264543643,0.99659630030211888,0.99950000000000006,15.709906253719119
2p (m=+0),2,1,0,1004,13.143954898944996,3.2859887247362489,0.003753590557020639,0.0024341420349216188,0.99662831283277198,0.99950000000000006,15.709906253719119
2p (m=+0),2,1,0,1005,13.157046487489762,3.2892616218724404,0.0037328148097088201,0.0024120688899885918,0.99666003513248702,0.99950000000000006,15.709906253719119
2p (m=+0),2,1,0,1006,13.170138076034528,3.2925345190086319,0.0037121503787658368,0.0023901864415879219,0.99669146970793099,0.99950000000000006,15.709906253719119
2p (m=+0),2,1,0,1007,13.183229664579294,3.2958074161448234,0.003691596696025251,0.002368493150882387,0.99672261904555148,0.99950000000000006,15.709906253719119
2p (m=+0),2,1,0,1008,13.19632125312406,3.2990803132810149,0.0036711531959960171,0.0023469874901984569,0.99675348561172339,0.99950000000000006,15.709906253719119
2p (m=+0),2,1,0,1009,13.209412841668826,3.3023532104172064,0.0036508193158517562,0.0023256679429600599,0.99678407185289453,0.99950000000000006,15.709906253719119
2p (m=+0),2,1,0,1010,13.222504430213592,3.3056261075533979,0.0036305944954200565,0.0023045330036225577,0.99681438019573065,0.99950000000000006,15.709906253719119
2p (m=+0),2,1,0,1011,13.235596018758356,3.308899004689589,0.003610478177171807,0.0022835811776069407,0.99684441304725913,0.99950000000000006,15.709906253719119
2p (m=+0),2,1,0,1012,13.248687607303122,3.3121719018257805,0.0035904698062105365,0.0022628109812342138,0.99687417279501245,0.99950000000000006,15.709906253719119
2p (m=+0),2,1,0,1013,13.261779195847888,3.315444798961972,0.0035705688302618104,0.0022422209416600317,0.99690366180717027,0.99950000000000006,15.709906253719119
2p (m=+0),2,1,0,1014,13.274870784392654,3.3187176960981635,0.0035507746996626265,0.0022218095968095249,0.99693288243270073,0.99950000000000006,15.709906253719119
2p (m=+0),2,1,0,1015,13.28796237293742,3.321990593234355,0.0035310868673508523,0.0022015754953123557,0.99696183700150132,0.99950000000000006,15.709906253719119
2p (m=+0),2,1,0,1016,13.301053961482186,3.3252634903705465,0.0035115047888546838,0.0021815171964379965,0.99699052782453834,0.99950000000000006,15.709906253719119
2p (m=+0),2,1,0,1017,13.314145550026952,3.328536387506738,0.0034920279222821304,0.0021616332700312231,0.99701895719398581,0.99950000000000006,15.709906253719119
2p (m=+0),2,1,0,1018,13.327237138571718,3.3318092846429295,0.0034726557283105302,0.0021419222964478421,0.99704712738336376,0.99950000000000006,15.709906253719119
2p (m=+0),2,1,0,1019,13.340328727116484,3.335082181779121,0.0034533876701760904,0.0021223828664906374,0.99707504064767505,0.99950000000000006,15.709906253719119
2p (m=+0),2,1,0,1020,13.35342031566125,3.3383550789153125,0.0034342232136634551,0.0021030135813455485,0.99710269922354189,0.99950000000000006,15.709906253719119
2p (m=+0),2,1,0,1021,13.366511904206016,3.341627976051504,0.0034151618270952997,0.0020838130525180749,0.99713010532934132,0.99950000000000006,15.709906253719119
2p (m=+0),2,1,0,1022,13.379603492750782,3.3449008731876955,0.0033962029813219513,0.0020647799017699084,0.99715726116533998,0.99950000000000006,15.709906253719119
2p (m=+0),2,1,0,1023,13.392695081295548,3.348173770323887,0.003377346149711042,0.0020459127610558082,0.99718416891382788,0.99950000000000006,15.709906253719119
2p (m=+0),2,1,0,1024,13.405786669840314,3.3514466674600785,0.0033585908081371837,0.0020272102724606957,0.99721083073925143,0.99950000000000006,15.709906253719119
2p (m=+0),2,1,0,1025,13.41887825838508,3.35471956459627,0.0033399364349716715,0.0020086710881369895,0.99723724878834563,0.99950000000000006,15.709906253719119
2p (m=+0),2,1,0,1026,13.431969846929846,3.3579924617324615,0.0033213825110722187,0.0019902938702421832,0.99726342519026567,0.99950000000000006,15.709906253719119
2p (m=+0),2,1,0,1027,13.445061435474612,3.361265358868653,0.0033029285197727146,0.0019720772908766462,0.99728936205671714,0.99950000000000006,15.709906253719119
2p (m=+0),2,1,0,1028,13.458153024019378,3.3645382560048445,0.0032845739468730108,0.0019540200320216704,0.99731506148208615,0.99950000000000006,15.709906253719119
2p (m=+0),2,1,0,1029,13.471244612564144,3.367811153141036,0.0032663182806287423,0.0019361207854777639,0.99734052554356811,0.99950000000000006,15.709906253719119
2p (m=+0),2,1,0,1030,13.48433620110891,3.3710840502772275,0.0032481610117411643,0.0019183782528031678,0.99736575630129576,0.99950000000000006,15.709906253719119
2p (m=+0),2,1,0,1031,13.497427789653676,3.374356947413419,0.0032301016333470271,0.0019007911452526287,0.99739075579846681,0.99950000000000006,15.709906253719119
2p (m=+0),2,1,0,1032,13.510519378198442,3.3776298445496105,0.0032121396410084756,0.001883358183716409,0.99741552606147021,0.99950000000000006,15.709906253719119
2p (m=+0),2,1,0,1033,13.523610966743208,3.380902741685802,0.0031942745327029755,0.0018660780986595393,0.99744006910001204,0.99950000000000006,15.709906253719119
2p (m=+0),2,1,0,1034,13.536702555287974,3.3841756388219935,0.0031765058088132699,0.0018489496300613181,0.99746438690724049,0.99950000000000006,15.709906253719119
2p (m=+0),2,1,0,1035,13.54979414383274,3.387448535958185,0.0031588329721173643,0.0018319715273550574,0.99748848145986979,0.99950000000000006,15.709906253719119
2p (m=+0),2,1,0,1036,13.562885732377506,3.3907214330943765,0.0031412555277785374,0.0018151425493680689,0.99751235471830391,0.99950000000000006,15.709906253719119
2p (m=+0),2,1,0,1037,13.575977320922272,3.393994330230568,0.0031237729833353814,0.0017984614642619042,0.99753600862675895,0.99950000000000006,15.709906253719119
2p (m=+0),2,1,0,1038,13.589068909467036,3.397267227366759,0.003106384848691877,0.0017819270494728459,0.99755944511338501,0.99950000000000006,15.709906253719119
2p (m=+0),2,1,0,1039,13.602160498011802,3.4005401245029505,0.0030890906361074754,0.0017655380916526248,0.99758266609038726,0.99950000000000006,15.709906253719119
2p (m=+0),2,1,0,1040,13.615252086556568,3.403813021639142,0.0030718898601872443,0.0017492933866094251,0.99760567345414608,0.99950000000000006,15.709906253719119
2p (m=+0),2,1,0,1041,13.628343675101334,3.4070859187753335,0.0030547820378720118,0.0017331917392491079,0.99762846908533653,0.99950000000000006,15.709906253719119
2p (m=+0),2,1,0,1042,13.6414352636461,3.410358815911525,0.0030377666884285497,0.0017172319635166966,0.99765105484904737,0.99950000000000006,15.709906253719119
2p (m=+0),2,1,0,1043,13.654526852190866,3.4136317130477165,0.0030208433334397893,0.0017014128823381169,0.99767343259489871,0.99950000000000006,15.709906253719119
2p (m=+0),2,1,0,1044,13.667618440735632,3.416904610183908,0.0030040114967950565,0.0016857333275621807,0.99769560415715919,0.99950000000000006,15.709906253719119
2p (m=+0),2,1,0,1045,13.680710029280398,3.4201775073200995,0.0029872707046803494,0.0016701921399028372,0.99771757135486272,0.99950000000000006,15.709906253719119
2p (m=+0),2,1,0,1046,13.693801617825164,3.423450404456291,0.0029706204855686272,0.0016547881688816575,0.99773933599192377,0.99950000000000006,15.709906253719119
2p (m=+0),2,1,0,1047,13.70689320636993,3.4267233015924825,0.0029540603702101452,0.0016395202727705926,0.99776089985725258,0.99950000000000006,15.709906253719119
2p (m=+0),2,1,0,1048,13.719984794914696,3.429996198728674,0.0029375898916228055,0.0016243873185349711,0.99778226472486931,0.99950000000000006,15.709906253719119
2p (m=+0),2,1,0,1049,13.733076383459462,3.4332690958648655,0.0029212085850825464,0.0016093881817767631,0.99780343235401747,0.99950000000000006,15.709906253719119
2p (m=+0),2,1,0,1050,13.746167972004228,3.436541993001057,0.0029049159881137511,0.0015945217466780887,0.99782440448927634,0.99950000000000006,15.709906253719119
2p (m=+0),2,1,0,1051,13.759259560548994,3.4398148901372485,0.0028887116404796949,0.0015797869059449904,0.99784518286067347,0.99950000000000006,15.709906253719119
2p (m=+0),2,1,0,1052,13.77235114909376,3.44308778727344,0.0028725950841730131,0.0015651825607514575,0.99786576918379544,0.99950000000000006,15.709906253719119
2p (m=+0),2,1,0,1053,13.785442737638526,3.4463606844096315,0.0028565658634062061,0.0015507076206837099,0.99788616515989847,0.99950000000000006,15.709906253719119
2p (m=+0),2,1,0,1054,13.798534326183292,3.449633581545823,0.0028406235246021647,0.0015363610036847326,0.99790637247601832,0.99950000000000006,15.709906253719119
2p (m=+0),2,1,0,1055,13.811625914728058,3.4529064786820145,0.0028247676163847338,0.001522141635999077,0.99792639280507922,0.99950000000000006,15.709906253719119
2p (m=+0),2,1,0,1056,13.824717503272824,3.456179375818206,0.0028089976895692959,0.0015080484521179088,0.99794622780600228,0.99950000000000006,15.709906253719119
2p (m=+0),2,1,0,1057,13.83780909181759,3.4594522729543975,0.0027933132971533904,0.0014940803947243212,0.99796587912381285,0.99950000000000006,15.709906253719119
2p (m=+0),2,1,0,1058,13.850900680362356,3.462725170090589,0.0027777139943073615,0.001480236414638902,0.99798534838974784,0.99950000000000006,15.709906253719119
2p (m=+0),2,1,0,1059,13.863992268907122,3.4659980672267805,0.0027621993383650295,0.0014665154707655594,0.99800463722136146,0.99950000000000006,15.709906253719119
2p (m=+0),2,1,0,1060,13.877083857451888,3.469270964362972,0.0027467688888143998,0.0014529165300376083,0.99802374722263087,0.99950000000000006,15.709906253719119
2p (m=+0),2,1,0,1061,13.890175445996654,3.4725438614991635,0.0027314222072883933,0.0014394385673641085,0.99804267998406115,0.99950000000000006,15.709906253719119
2p (m=+0),2,1,0,1062,13.90326703454142,3.475816758635355,0.0027161588575556118,0.0014260805655764699,0.99806143708278894,0.99950000000000006,15.709906253719119
2p (m=+0),2,1,0,1063,13.916358623086186,3.4790896557715465,0.00270097840551113,0.0014128415153753092,0.99808002008268615,0.99950000000000006,15.709906253719119
2p (m=+0),2,1,0,1064,13.929450211630952,3.482362552907738,0.0026858804191673149,0.001399720415277567,0.99809843053446257,0.99950000000000006,15.709906253719119
2p (m=+0),2,1,0,1065,13.942541800175716,3.4856354500439291,0.0026708644686446819,0.0013867162715638878,0.99811666997576765,0.99950000000000006,15.709906253719119
2p (m=+0),2,1,0,1066,13.955633388720482,3.4889083471801206,0.0026559301261627629,0.0013738280982262445,0.99813473993129209,0.99950000000000006,15.709906253719119
2p (m=+0),2,1,0,1067,13.968724977265248,3.492181244316312,0.0026410769660310321,0.0013610549169158464,0.99815264191286823,0.99950000000000006,15.709906253719119
2p (m=+0),2,1,0,1068,13.981816565810014,3.4954541414525035,0.002626304564639833,0.0013483957568912795,0.99817037741957015,0.99950000000000006,15.709906253719119
2p (m=+0),2,1,0,1069,13.99490815435478,3.498727038588695,0.0026116125004513489,0.0013358496549669202,0.99818794793781274,0.99950000000000006,15.709906253719119
2p (m=+0),2,1,0,1070,14.007999742899546,3.5019999357248865,0.0025970003539906024,0.0013234156554616059,0.99820535494145046,0.99950000000000006,15.709906253719119
2p (m=+0),2,1,0,1071,14.021091331444312,3.505272832861078,0.0025824677078364775,0.0013110928101475576,0.99822259989187523,0.99950000000000006,15.709906253719119
2p (m=+0),2,1,0,1072,14.034182919989078,3.5085457299972695,0.0025680141466127805,0.0012988801781995693,0.99823968423811338,0.99950000000000006,15.709906253719119
2p (m=+0),2,1,0,1073,14.047274508533844,3.511818627133461,0.0025536392569793197,0.0012867768261444479,0.99825660941692274,0.99950000000000006,15.709906253719119
2p (m=+0),2,1,0,1074,14.06036609707861,3.5150915242696525,0.0025393426276230239,0.0012747818278107154,0.99827337685288819,0.99950000000000006,15.709906253719119
2p (m=+0),2,1,0,1075,14.073457685623376,3.518364421405844,0.0025251238492490836,0.0012628942642785687,0.99828998795851698,0.99950000000000006,15.709906253719119
2p (m=+0),2,1,0,1076,14.086549274168142,3.5216373185420355,0.0025109825145721246,0.0012511132238300947,0.99830644413433334,0.99950000000000006,15.709906253719119
2p (m=+0),2,1,0,1077,14.099640862712908,3.524910215678227,0.0024969182183074107,0.0012394378018997444,0.99832274676897259,0.99950000000000006,15.709906253719119
2p (m=+0),2,1,0,1078,14.112732451257674,3.5281831128144185,0.0024829305571620725,0.0012278671010250634,0.99833889723927438,0.99950000000000006,15.709906253719119
2p (m=+0),2,1,0,1079,14.12582403980244,3.53145600995061,0.0024690191298263713,0.0012164002307976799,0.99835489691037516,0.99950000000000006,15.709906253719119
2p (m=+0),2,1,0,1080,14.138915628347206,3.5347289070868015,0.0024551835369649865,0.0012050363078145495,0.99837074713580054,0.99950000000000006,15.709906253719119
2p (m=+0),2,1,0,1081,14.152007216891972,3.538001804222993,0.0024414233812083365,0.0011937744556294555,0.99838644925755637,0.99950000000000006,15.709906253719119
2p (m=+0),2,1,0,1082,14.165098805436738,3.5412747013591845,0.0024277382671439259,0.0011826138047047656,0.99840200460621986,0.99950000000000006,15.709906253719119
2p (m=+0),2,1,0,1083,14.178190393981504,3.544547598495376,0.0024141278013077227,0.0011715534923634433,0.99841741450102928,0.99950000000000006,15.709906253719119
2p (m=+0),2,1,0,1084,14.19128198252627,3.5478204956315675,0.0024005915921755661,0.0011605926627413184,0.99843268024997367,0.99950000000000006,15.709906253719119
2p (m=+0),2,1,0,1085,14.204373571071036,3.551093392767759,0.0023871292501546027,0.0011497304667396084,0.99844780314988202,0.99950000000000006,15.709906253719119
2p (m=+0),2,1,0,1086,14.217465159615802,3.5543662899039505,0.0023737403875747493,0.001138966061977694,0.99846278448651093,0.99950000000000006,15.709906253719119
2p (m=+0),2,1,0,1087,14.230556748160568,3.557639187040142,0.0023604246186801898,0.0011282986127461555,0.99847762553463271,0.99950000000000006,15.709906253719119
2p (m=+0),2,1,0,1088,14.243648336705334,3.5609120841763335,0.0023471815596208972,0.0011177272899600547,0.99849232755812223,0.99950000000000006,15.709906253719119
2p (m=+0),2,1,0,1089,14.2567399252501,3.564184981312525,0.002334010828444187,0.0011072512711124767,0.99850689181004348,0.99950000000000006,15.709906253719119
2p (m=+0),2,1,0,1090,14.269831513794866,3.5674578784487165,0.002320912045086298,0.0010968697402283217,0.99852131953273515,0.99950000000000006,15.709906253719119
2p (m=+0),2,1,0,1091,14.282923102339632,3.570730775584908,0.0023078848313640033,0.0010865818878183487,0.99853561195789609,0.99950000000000006,15.709906253719119
2p (m=+0),2,1,0,1092,14.296014690884396,3.5740036727210991,0.0022949288109662515,0.0010763869108334761,0.99854977030666969,0.99950000000000006,15.709906253719119
2p (m=+0),2,1,0,1093,14.309106279429162,3.5772765698572906,0.0022820436094458294,0.0010662840126193242,0.99856379578972798,0.99950000000000006,15.709906253719119
2p (m=+0),2,1,0,1094,14.322197867973928,3.5805494669934821,0.0022692288542110698,0.0010562724028710245,0.99857768960735527,0.99950000000000006,15.709906253719119
2p (m=+0),2,1,0,1095,14.335289456518694,3.5838223641296736,0.0022564841745175714,0.0010463512975882651,0.99859145294953067,0.99950000000000006,15.709906253719119
2p (m=+0),2,1,0,1096,14.34838104506346,3.5870952612658651,0.0022438092014599557,0.0010365199190305911,0.99860508699601047,0.99950000000000006,15.709906253719119
2p (m=+0),2,1,0,1097,14.361472633608226,3.5903681584020566,0.0022312035679636533,0.001026777495672959,0.99861859291640986,0.99950000000000006,15.709906253719119
2p (m=+0),2,1,0,1098,14.374564222152992,3.5936410555382481,0.002218666908776716,0.001017123262161536,0.99863197187028385,0.99950000000000006,15.709906253719119
2p (m=+0),2,1,0,1099,14.387655810697758,3.5969139526744396,0.0022061988604616597,0.0010075564592697472,0.99864522500720776,0.99950000000000006,15.709906253719119
2p (m=+0),2,1,0,1100,14.400747399242524,3.6001868498106311,0.0021937990613873372,0.00099807633385457406,0.9986583534668575,0.99950000000000006,15.709906253719119
2p (m=+0),2,1,0,1101,14.41383898778729,3.6034597469468226,0.0021814671517208358,0.00098868213881309823,0.99867135837908849,0.99950000000000006,15.709906253719119
2p (m=+0),2,1,0,1102,14.426930576332056,3.6067326440830141,0.0021692027734194091,0.0009793731330392946,0.99868424086401475,0.99950000000000006,15.709906253719119
2p (m=+0),2,1,0,1103,14.440022164876822,3.6100055412192056,0.0021570055702224327,0.00097014858138106655,0.99869700203208689,0.99950000000000006,15.709906253719119
2p (m=+0),2,1,0,1104,14.453113753421588,3.6132784383553971,0.0021448751876433922,0.00096100775459753165,0.99870964298416998,0.99950000000000006,15.709906253719119
2p (m=+0),2,1,0,1105,14.466205341966354,3.6165513354915886,0.0021328112729618975,0.00095194992931654961,0.99872216481162068,0.99950000000000006,15.709906253719119
2p (m=+0),2,1,0,1106,14.47929693051112,3.6198242326277801,0.0021208134752157275,0.00094297438799249573,0.99873456859636356,0.99950000000000006,15.709906253719119
2p (m=+0),2,1,0,1107,14.492388519055886,3.6230971297639716,0.0021088814451929016,0.00093408041886427757,0.99874685541096719,0.99950000000000006,15.709906253719119
2p (m=+0),2,1,0,1108,14.505480107600652,3.6263700269001631,0.0020970148354237813,0.00092526731591359532,0.99875902631871982,0.99950000000000006,15.709906253719119
2p (m=+0),2,1,0,1109,14.518571696145418,3.6296429240363546,0.0020852133001732012,0.00091653437882344645,0.99877108237370404,0.99950000000000006,15.709906253719119
2p (m=+0),2,1,0,1110,14.531663284690184,3.6329158211725461,0.0020734764954326254,0.00090788091293686848,0.99878302462087132,0.99950000000000006,15.709906253719119
2p (m=+0),2,1,0,1111,14.54475487323495,3.6361887183087376,0.0020618040789123354,0.00089930622921592651,0.99879485409611557,0.99950000000000006,15.709906253719119
2p (m=+0),2,1,0,1112,14.557846461779716,3.6394616154449291,0.0020501957100336437,0.00089080964420093847,0.99880657182634669,0.99950000000000006,15.709906253719119
2p (m=+0),2,1,0,1113,14.570938050324482,3.6427345125811206,0.0020386510499211413,0.00088239047996994512,0.99881817882956325,0.99950000000000006,15.709906253719119
2p (m=+0),2,1,0,1114,14.584029638869248,3.6460074097173121,0.0020271697613949641,0.00087404806409841103,0.99882967611492479,0.99950000000000006,15.709906253719119
2p (m=+0),2,1,0,1115,14.597121227414014,3.6492803068535036,0.0020157515089630979,0.00086578172961917252,0.99884106468282341,0.99950000000000006,15.709906253719119
2p (m=+0),2,1,0,1116,14.61021281595878,3.6525532039896951,0.0020043959588137046,0.00085759081498261902,0.99885234552495505,0.99950000000000006,15.709906253719119
2p (m=+0),2,1,0,1117,14.623304404503546,3.6558261011258866,0.0019931027788074799,0.00084947466401711063,0.99886351962439013,0.99950000000000006,15.709906253719119
2p (m=+0),2,1,0,1118,14.636395993048312,3.6590989982620781,0.0019818716384700386,0.00084143262588963561,0.99887458795564354,0.99950000000000006,15.709906253719119
2p (m=+0),2,1,0,1119,14.649487581593077,3.6623718953982691,0.0019707022089843294,0.00083346405506670143,0.99888555148474456,0.99950000000000006,15.709906253719119
2p (m=+0),2,1,0,1120,14.662579170137843,3.6656447925344606,0.0019595941631830685,0.0008255683112754549,0.99889641116930583,0.99950000000000006,15.709906253719119
2p (m=+0),2,1,0,1121,14.675670758682609,3.6689176896706521,0.0019485471755412199,0.00081774475946505044,0.99890716795859202,0.99950000000000006,15.709906253719119
2p (m=+0),2,1,0,1122,14.688762347227375,3.6721905868068436,0.0019375609221684881,0.00080999276976823856,0.99891782279358787,0.99950000000000006,15.709906253719119
2p (m=+0),2,1,0,1123,14.701853935772141,3.6754634839430351,0.0019266350808018421,0.0008023117174631915,0.99892837660706568,0.99950000000000006,15.709906253719119
2p (m=+0),2,1,0,1124,14.714945524316906,3.6787363810792266,0.0019157693307980703,0.00079470098293556092,0.99893883032365283,0.99950000000000006,15.709906253719119
2p (m=+0),2,1,0,1125,14.728037112861672,3.6820092782154181,0.0019049633531263612,0.00078715995164076635,0.99894918485989803,0.99950000000000006,15.709906253719119
2p (m=+0),2,1,0,1126,14.741128701406438,3.6852821753516096,0.0018942168303609152,0.00077968801406651451,0.99895944112433765,0.99950000000000006,15.709906253719119
2p (m=+0),2,1,0,1127,14.754220289951204,3.6885550724878011,0.0018835294466735774,0.00077228456569554502,0.99896960001756119,0.99950000000000006,15.709906253719119
2p (m=+0),2,1,0,1128,14.76731187849597,3.6918279696239926,0.0018729008878265064,0.00076494900696860962,0.99897966243227643,0.99950000000000006,15.709906253719119
2p (m=+0),2,1,0,1129,14.780403467040736,3.6951008667601841,0.0018623308411648632,0.00075768074324767309,0.99898962925337431,0.99950000000000006,15.709906253719119
2p (m=+0),2,1,0,1130,14.793495055585502,3.6983737638963756,0.0018518189956095344,0.00075047918477934717,0.99899950135799298,0.99950000000000006,15.709906253719119
2p (m=+0),2,1,0,1131,14.806586644130268,3.7016466610325671,0.001841365041649878,0.00074334374665854666,0.9990092796155815,0.99950000000000006,15.709906253719119
2p (m=+0),2,1,0,1132,14.819678232675034,3.7049195581687586,0.0018309686713364986,0.00073627384879237088,0.99901896488796316,0.99950000000000006,15.709906253719119
2p (m=+0),2,1,0,1133,14.8327698212198,3.7081924553049501,0.0018206295782740526,0.00072926891586421307,0.99902855802939794,0.99950000000000006,15.709906253719119
2p (m=+0),2,1,0,1134,14.845861409764566,3.7114653524411416,0.0018103474576140746,0.00072232837729808855,0.99903805988664529,0.99950000000000006,15.709906253719119
2p (m=+0),2,1,0,1135,14.858952998309332,3.7147382495773331,0.0018001220060478386,0.00071545166722318965,0.99904747129902571,0.99950000000000006,15.709906253719119
2p (m=+0),2,1,0,1136,14.872044586854098,3.7180111467135246,0.0017899529217992418,0.00070863822443866127,0.99905679309848194,0.99950000000000006,15.709906253719119
2p (m=+0),2,1,0,1137,14.885136175398864,3.7212840438497161,0.0017798399046177157,0.00070188749237859558,0.99906602610964013,0.99950000000000006,15.709906253719119
2p (m=+0),2,1,0,1138,14.89822776394363,3.7245569409859076,0.0017697826557711669,0.00069519891907725078,0.99907517114987021,0.99950000000000006,15.709906253719119
2p (m=+0),2,1,0,1139,14.911319352488396,3.7278298381220991,0.0017597808780389435,0.0006885719571344854,0.99908422902934602,0.99950000000000006,15.709906253719119
2p (m=+0),2,1,0,1140,14.924410941033162,3.7311027352582906,0.0017498342757048303,0.00068200606368141526,0.99909320055110451,0.99950000000000006,15.709906253719119
2p (m=+0),2,1,0,1141,14.937502529577928,3.7343756323944821,0.0017399425545500664,0.00067550070034628215,0.99910208651110521,0.99950000000000006,15.709906253719119
2p (m=+0),2,1,0,1142,14.950594118122694,3.7376485295306736,0.0017301054218463975,0.00066905533322054696,0.9991108876982886,0.99950000000000006,15.709906253719119
2p (m=+0),2,1,0,1143,14.96368570666746,3.7409214266668651,0.0017203225863491468,0.00066266943282519122,0.99911960489463458,0.99950000000000006,15.709906253719119
2p (m=+0),2,1,0,1144,14.976777295212226,3.7441943238030566,0.0017105937582903201,0.00065634247407723957,0.99912823887521995,0.99950000000000006,15.709906253719119
2p (m=+0),2,1,0,1145,14.989868883756992,3.7474672209392481,0.0017009186493717326,0.00065007393625649218,0.99913679040827608,0.99950000000000006,15.709906253719119
2p (m=+0),2,1,0,1146,15.002960472301757,3.7507401180754392,0.0016912969727581667,0.00064386330297247366,0.99914526025524542,0.99950000000000006,15.709906253719119
2p (m=+0),2,1,0,1147,15.016052060846523,3.7540130152116307,0.0016817284430705487,0.00063771006213159023,0.99915364917083838,0.99950000000000006,15.709906253719119
2p (m=+0),2,1,0,1148,15.029143649391289,3.7572859123478222,0.0016722127763791653,0.00063161370590450428,0.99916195790308904,0.99950000000000006,15.709906253719119
2p (m=+0),2,1,0,1149,15.042235237936055,3.7605588094840137,0.0016627496901968943,0.00062557373069371423,0.99917018719341089,0.99950000000000006,15.709906253719119
2p (m=+0),2,1,0,1150,15.055326826480821,3.7638317066202052,0.0016533389034724681,0.00061958963710134643,0.99917833777665199,0.99950000000000006,15.709906253719119
2p (m=+0),2,1,0,1151,15.068418415025587,3.7671046037563967,0.0016439801365837634,0.00061366092989715638,0.99918641038114986,0.99950000000000006,15.709906253719119
2p (m=+0),2,1,0,1152,15.081510003570353,3.7703775008925882,0.0016346731113311141,0.00060778711798673522,0.99919440572878571,0.99950000000000006,15.709906253719119
2p (m=+0),2,1,0,1153,15.094601592115119,3.7736503980287797,0.0016254175509306545,0.00060196771437992644,0.99920232453503843,0.99950000000000006,15.709906253719119
2p (m=+0),2,1,0,1154,15.107693180659885,3.7769232951649712,0.0016162131800076869,0.00059620223615944649,0.99921016750903802,0.99950000000000006,15.709906253719119
2p (m=+0),2,1,0,1155,15.120784769204651,3.7801961923011627,0.0016070597245900753,0.00059049020444971198,0.9992179353536188,0.99950000000000006,15.709906253719119
2p (m=+0),2,1,0,1156,15.133876357749417,3.7834690894373542,0.0015979569121016659,0.000584831144385869,0.99922562876537224,0.99950000000000006,15.709906253719119
2p (m=+0),2,1,0,1157,15.146967946294183,3.7867419865735457,0.0015889044713557343,0.00057922458508302926,0.99923324843469896,0.99950000000000006,15.709906253719119
2p (m=+0),2,1,0,1158,15.160059534838949,3.7900148837097372,0.0015799021325484572,0.000573670059605705,0.99924079504586083,0.99950000000000006,15.709906253719119
2p (m=+0),2,1,0,1159,15.173151123383715,3.7932877808459287,0.0015709496272524118,0.00056816710493744779,0.99924826927703247,0.99950000000000006,15.709906253719119
2p (m=+0),2,1,0,1160,15.186242711928481,3.7965606779821202,0.0015620466884100986,0.00056271526195068638,0.99925567180035235,0.99950000000000006,15.709906253719119
2p (m=+0),2,1,0,1161,15.199334300473247,3.7998335751183117,0.0015531930503274948,0.00055731407537676651,0.99926300328197348,0.99950000000000006,15.709906253719119
2p (m=+0),2,1,0,1162,15.212425889018013,3.8031064722545032,0.0015443884486676291,0.00055196309377618738,0.99927026438211386,0.99950000000000006,15.709906253719119
2p (m=+0),2,1,0,1163,15.225517477562779,3.8063793693906947,0.0015356326204441829,0.00054666186950903556,0.99927745575510607,0.99950000000000006,15.709906253719119
2p (m=+0),2,1,0,1164,15.238609066107545,3.8096522665268862,0.0015269253040151194,0.00054140995870561833,0.99928457804944715,0.99950000000000006,15.709906253719119
2p (m=+0),2,1,0,1165,15.251700654652311,3.8129251636630777,0.0015182662390763372,0.00053620692123729067,0.99929163190784775,0.99950000000000006,15.709906253719119
2p (m=+0),2,1,0,1166,15.264792243197077,3.8161980607992692,0.0015096551666553487,0.00053105232068747892,0.9992986179672807,0.99950000000000006,15.709906253719119
2p (m=+0),2,1,0,1167,15.277883831741843,3.8194709579354607,0.0015010918291049845,0.00052594572432289658,0.99930553685902967,0.99950000000000006,15.709906253719119
2p (m=+0),2,1,0,1168,15.290975420286609,3.8227438550716522,0.0014925759700971254,0.00052088670306495676,0.999312389208737,0.99950000000000006,15.709906253719119
2p (m=+0),2,1,0,1169,15.304067008831375,3.8260167522078437,0.0014841073346164549,0.00051587483146137245,0.99931917563645156,0.99950000000000006,15.709906253719119
2p (m=+0),2,1,0,1170,15.317158597376141,3.8292896493440352,0.0014756856689542427,0.00051090968765795221,0.99932589675667582,0.99950000000000006,15.709906253719119
2p (m=+0),2,1,0,1171,15.330250185920907,3.8325625464802267,0.0014673107207021493,0.00050599085337058329,0.99933255317841285,0.99950000000000006,15.709906253719119
2p (m=+0),2,1,0,1172,15.343341774465673,3.8358354436164182,0.0014589822387460574,0.00050111791385740656,0.99933914550521308,0.99950000000000006,15.709906253719119
2p (m=+0),2,1,0,1173,15.356433363010437,3.8391083407526092,0.0014506999732599296,0.00049629045789117868,0.99934567433522015,0.99950000000000006,15.709906253719119
2p (m=+0),2,1,0,1174,15.369524951555203,3.8423812378888007,0.0014424636756996863,0.00049150807773182042,0.99935214026121688,0.99950000000000006,15.709906253719119
2p (m=+0),2,1,0,1175,15.382616540099969,3.8456541350249922,0.0014342730987971176,0.00048677036909915725,0.99935854387067091,0.99950000000000006,15.709906253719119
2p (m=+0),2,1,0,1176,15.395708128644735,3.8489270321611837,0.0014261279965538112,0.00048207693114583894,0.99936488574577964,0.99950000000000006,15.709906253719119
2p (m=+0),2,1,0,1177,15.408799717189501,3.8521999292973752,0.0014180281242351087,0.00047742736643044767,0.99937116646351509,0.99950000000000006,15.709906253719119
2p (m=+0),2,1,0,1178,15.421891305734267,3.8554728264335667,0.0014099732383640886,0.00047282128089079012,0.9993773865956681,0.99950000000000006,15.709906253719119
2p (m=+0),2,1,0,1179,15.434982894279033,3.8587457235697582,0.0014019630967155698,0.00046825828381737091,0.99938354670889262,0.99950000000000006,15.709906253719119
2p (m=+0),2,1,0,1180,15.448074482823799,3.8620186207059497,0.0013939974583101452,0.00046373798782705028,0.99938964736474944,0.99950000000000006,15.709906253719119
2p (m=+0),2,1,0,1181,15.461166071368565,3.8652915178421412,0.0013860760834082334,0.0004592600088368803,0.99939568911974941,0.99950000000000006,15.709906253719119
2p (m=+0),2,1,0,1182,15.474257659913331,3.8685644149783327,0.001378198733504161,0.00045482396603812355,0.99940167252539658,0.99950000000000006,15.709906253719119
2p (m=+0),2,1,0,1183,15.487349248458097,3.8718373121145242,0.0013703651713202665,0.00045042948187045073,0.99940759812823099,0.99950000000000006,15.709906253719119
2p (m=+0),2,1,0,1184,15.500440837002863,3.8751102092507157,0.0013625751608010268,0.00044607618199631429,0.99941346646987073,0.99950000000000006,15.709906253719119
2p (m=+0),2,1,0,1185,15.513532425547629,3.8783831063869072,0.0013548284671072131,0.00044176369527550348,0.99941927808705422,0.99950000000000006,15.709906253719119
2p (m=+0),2,1,0,1186,15.526624014092395,3.8816560035230987,0.001347124856610066,0.00043749165373987211,0.99942503351168177,0.99950000000000006,15.709906253719119
2p (m=+0),2,1,0,1187,15.539715602637161,3.8849289006592902,0.0013394640968854977,0.00043325969256824469,0.99943073327085707,0.99950000000000006,15.709906253719119
2p (m=+0),2,1,0,1188,15.552807191181927,3.8882017977954817,0.0013318459567083177,0.00042906745006149517,0.99943637788692818,0.99950000000000006,15.709906253719119
2p (m=+0),2,1,0,1189,15.565898779726693,3.8914746949316732,0.001324270206046482,0.00042491456761780099,0.99944196787752826,0.99950000000000006,15.709906253719119
2p (m=+0),2,1,0,1190,15.578990368271459,3.8947475920678647,0.0013167366160553664,0.00042080068970806863,0.99944750375561575,0.99950000000000006,15.709906253719119
2p (m=+0),2,1,0,1191,15.592081956816225,3.8980204892040562,0.0013092449590720661,0.00041672546385153276,0.99945298602951471,0.99950000000000006,15.709906253719119
2p (m=+0),2,1,0,1192,15.605173545360991,3.9012933863402477,0.0013017950086097135,0.00041268854059152345,0.99945841520295442,0.99950000000000006,15.709906253719119
2p (m=+0),2,1,0,1193,15.618265133905757,3.9045662834764392,0.0012943865393518273,0.00040868957347140735,0.99946379177510891,0.99950000000000006,15.709906253719119
2p (m=+0),2,1,0,1194,15.631356722450523,3.9078391806126307,0.0012870193271466786,0.00040472821901069438,0.99946911624063595,0.99950000000000006,15.709906253719119
2p (m=+0),2,1,0,1195,15.644448310995289,3.9111120777488222,0.0012796931490016848,0.00040080413668131502,0.99947438908971609,0.99950000000000006,15.709906253719119
2p (m=+0),2,1,0,1196,15.657539899540055,3.9143849748850137,0.0012724077830778256,0.00039691698888406337,0.99947961080809078,0.99950000000000006,15.709906253719119
2p (m=+0),2,1,0,1197,15.670631488084821,3.9176578720212052,0.0012651630086840833,0.00039306644092520869,0.99948478187710088,0.99950000000000006,15.709906253719119
2p (m=+0),2,1,0,1198,15.683723076629587,3.9209307691573967,0.0012579586062719038,0.00038925216099326855,0.99948990277372451,0.99950000000000006,15.709906253719119
2p (m=+0),2,1,0,1199,15.696814665174353,3.9242036662935882,0.0012507943574296861,0.00038547382013595177,0.99949497397061449,0.99950000000000006,15.709906253719119
2p (m=+0),2,1,0,1200,15.709906253719119,3.9274765634297797,0.0012436700448772897,0.00038173109223726021,0.99949999593613559,0.99950000000000006,15.709906253719119
3d (m=+0),3,2,0,0,0,0,0,0,0,0.99950000000000006,28.582052949235944
3d (m=+0),3,2,0,1,0.023818377457696618,0.002646486384188513,5.0744692900337666e-06,1.4608499293953125e-14,1.7397537513693503e-16,0.99950000000000006,28.582052949235944
3d (m=+0),3,2,0,2,0.047636754915393237,0.005292972768377026,2.01373610422959e-05,9.202153031352922e-13,1.1306968466486422e-14,0.99950000000000006,28.582052949235944
3d (m=+0),3,2,0,3,0.071455132373089855,0.0079394591525655395,4.4950757152302411e-05,1.0316701833248876e-11,1.4512953537411517e-13,0.99950000000000006,28.582052949235944
3d (m=+0),3,2,0,4,0.095273509830786474,0.010585945536754052,7.928050745924124e-05,5.7052827426399395e-11,9.4744597390093472e-13,0.99950000000000006,28.582052949235944
3d (m=+0),3,2,0,5,0.11909188728848309,0.013232431920942566,0.00012289618005124236,2.1421068180863843e-10,4.1779743006306863e-12,0.99950000000000006,28.582052949235944
3d (m=+0),3,2,0,6,0.14291026474617971,0.015878918305131079,0.0001755710121603642,6.2955325425863915e-10,1.4226518257851793e-11,0.99950000000000006,28.582052949235944
3d (m=+0),3,2,0,7,0.16672864220387634,0.018525404689319593,0.00023708186164076559,1.5624894166989492e-09,4.033196812797446e-11,0.99950000000000006,28.582052949235944
3d (m=+0),3,2,0,8,0.19054701966157295,0.021171891073508104,0.00030720915902360111,3.4266728188269502e-09,9.9748842789695109e-11,0.99950000000000006,28.582052949235944
3d (m=+0),3,2,0,9,0.21436539711926955,0.023818377457696618,0.00038573686014224733,6.8374103925506145e-09,2.2198574688259389e-10,0.99950000000000006,28.582052949235944
3d (m=+0),3,2,0,10,0.23818377457696618,0.026464863841885133,0.00047245239932153254,1.2663112480120509e-08,4.5422115408445761e-10,0.99950000000000006,28.582052949235944
3d (m=+0),3,2,0,11,0.26200215203466282,0.029111350226073647,0.00056714664312471129,2.2080070150959286e-08,8.6798427307883172e-10,0.99950000000000006,28.582052949235944
3d (m=+0),3,2,0,12,0.28582052949235942,0.031757836610262158,0.00066961384465199115,3.6629896167743709e-08,1.5671723422325929e-09,0.99950000000000006,28.582052949235944
3d (m=+0),3,2,0,13,0.30963890695005603,0.034404322994450669,0.00077965159838448228,5.8279014410330877e-08,2.6974604703562701e-09,0.99950000000000006,28.582052949235944
3d (m=+0),3,2,0,14,0.33345728440775269,0.037050809378639186,0.00089706079556750942,8.9479628470383143e-08,4.4571460347411953e-09,0.99950000000000006,28.582052949235944
3d (m=+0),3,2,0,15,0.35727566186544929,0.039697295762827697,0.0010216455801272826,1.3323164369010176e-07,7.1094566069423095e-09,0.99950000000000006,28.582052949235944
3d (m=+0),3,2,0,16,0.38109403932314589,0.042343782147016208,0.001153213305115,1.9314505823184117e-07,1.0996338346829795e-08,0.99950000000000006,28.582052949235944
3d (m=+0),3,2,0,17,0.4049124167808425,0.044990268531204719,0.0012915744896724983,2.7350237792460115e-07,1.6553730733850056e-08,0.99950000000000006,28.582052949235944
3d (m=+0),3,2,0,18,0.4287307942385391,0.047636754915393237,0.0014365427765136523,3.7932064672823456e-07,2.4328323340978266e-08,0.99950000000000006,28.582052949235944
3d (m=+0),3,2,0,19,0.45254917169623576,0.050283241299581755,0.0015879348899157631,5.1641271977314522e-07,3.4995781053369869e-08,0.99950000000000006,28.582052949235944
3d (m=+0),3,2,0,20,0.47636754915393237,0.052929727683770265,0.0017455705942152607,6.9144743915570974e-07,4.9380415644110309e-08,0.99950000000000006,28.582052949235944
3d (m=+0),3,2,0,21,0.50018592661162897,0.055576214067958776,0.0019092726528020772,9.1200840407795414e-07,6.847627389955461e-08,0.99950000000000006,28.582052949235944
3d (m=+0),3,2,0,22,0.52400430406932563,0.058222700452147294,0.0020788667876071392,1.1866510565916628e-06,9.3469605494252128e-08,0.99950000000000006,28.582052949235944
3d (m=+0),3,2,0,23,0.54782268152702218,0.060869186836335798,0.0022541816390774525,1.5249578322166309e-06,1.2576266750989265e-07,0.99950000000000006,28.582052949235944
3d (m=+0),3,2,0,24,0.57164105898471884,0.063515673220524316,0.0024350487266333511,1.9375911511221943e-06,1.6699881683535664e-07,0.99950000000000006,28.582052949235944
3d (m=+0),3,2,0,25,0.5954594364424155,0.066162159604712834,0.0026213024096024889,2.4363440504595291e-06,2.1908883663874664e-07,0.99950000000000006,28.582052949235944
3d (m=+0),3,2,0,26,0.61927781390011205,0.068808645988901337,0.0028127798486252734,3.0341882818764994e-06,2.8423843863180294e-07,0.99950000000000006,28.582052949235944
3d (m=+0),3,2,0,27,0.64309619135780871,0.071455132373089855,0.003009320967526426,3.7453197203008351e-06,3.6497687891847031e-07,0.99950000000000006,28.582052949235944
3d (m=+0),3,2,0,28,0.66691456881550537,0.074101618757278373,0.0032107684156474797,4.5852009508034226e-06,4.6418662180022315e-07,0.99950000000000006,28.582052949235944
3d (m=+0),3,2,0,29,0.69073294627320192,0.076748105141466877,0.0034169675306350211,5.5706009198105658e-06,5.8513398297015548e-07,0.99950000000000006,28.582052949235944
3d (m=+0),3,2,0,30,0.71455132373089858,0.079394591525655395,0.0036277663016795851,6.7196315551798626e-06,7.3150068103623727e-07,0.99950000000000006,28.582052949235944
3d (m=+0),3,2,0,31,0.73836970118859513,0.082041077909843899,0.0038430153332001237,8.051781276743578e-06,9.074162242433447e-07,0.99950000000000006,28.582052949235944
3d (m=+0),3,2,0,32,0.76218807864629179,0.084687564294032416,0.0040625678089690693,9.5879453349095682e-06,1.1174910575868104e-06,0.99950000000000006,28.582052949235944
3d (m=+0),3,2,0,33,0.78600645610398845,0.087334050678220934,0.0042862794566730202,1.1350452929843284e-05,1.3668503942015424e-06,0.99950000000000006,28.582052949235944
3d (m=+0),3,2,0,34,0.809824833561685,0.089980537062409438,0.0045140085129041566,1.3363091077684915e-05,1.6611686539458931e-06,0.99950000000000006,28.582052949235944
3d (m=+0),3,2,0,35,0.83364321101938166,0.092627023446597956,0.0047456156885775673,1.5651125203230114e-05,2.0067044314549341e-06,0.99950000000000006,28.582052949235944
3d (m=+0),3,2,0,36,0.85746158847707821,0.095273509830786474,0.0049809641347696295,1.8241316450565608e-05,2.4103359155914657e-06,0.99950000000000006,28.582052949235944
3d (m=+0),3,2,0,37,0.88127996593477487,0.097919996214974991,0.0052199194089727844,2.1161935714348316e-05,2.8795966821538271e-06,0.99950000000000006,28.582052949235944
3d (m=+0),3,2,0,38,0.90509834339247153,0.10056648259916351,0.005462349441761937,2.444277440478633e-05,3.4227117818870207e-06,0.99950000000000006,28.582052949235944
3d (m=+0),3,2,0,39,0.92891672085016808,0.10321296898335201,0.005708124503867892,2.8115151968966932e-05,4.0486340462689606e-06,0.99950000000000006,28.582052949235944
3d (m=+0),3,2,0,40,0.95273509830786474,0.10585945536754053,0.0059571171736532182,3.2211920200015823e-05,4.7670805341882297e-06,0.99950000000000006,28.582052949235944
3d (m=+0),3,2,0,41,0.9765534757655614,0.10850594175172905,0.0062092023049859666,3.676746437370138e-05,5.5885690434764372e-06,0.99950000000000006,28.582052949235944
3d (m=+0),3,2,0,42,1.0003718532232579,0.11115242813591755,0.0064642569955068096,4.1817701259555351e-05,6.5244546122906933e-06,0.99950000000000006,28.582052949235944
3d (m=+0),3,2,0,43,1.0241902306809545,0.11379891452010606,0.0067221605552850979,4.7400074060397145e-05,7.5869659365439896e-06,0.99950000000000006,28.582052949235944
3d (m=+0),3,2,0,44,1.0480086081386513,0.11644540090429459,0.0069827944758594634,5.35535443403597e-05,8.7892416309387447e-06,0.99950000000000006,28.582052949235944
3d (m=+0),3,2,0,45,1.0718269855963478,0.11909188728848309,0.007246042399658612,6.0318581007150344e-05,1.0145366262657309e-05,0.99950000000000006,28.582052949235944
3d (m=+0),3,2,0,46,1.0956453630540444,0.1217383736726716,0.0075117900897979989,6.773714641937011e-05,1.1670406088389693e-05,0.99950000000000006,28.582052949235944
3d (m=+0),3,2,0,47,1.1194637405117411,0.12438486005686013,0.007779925400248135,7.5852679694289477e-05,1.3380444427119788e-05,0.99950000000000006,28.582052949235944
3d (m=+0),3,2,0,48,1.1432821179694377,0.12703134644104863,0.0080503382463702755,8.4710077295564013e-05,1.5292616602936155e-05,0.99950000000000006,28.582052949235944
3d (m=+0),3,2,0,49,1.1671004954271342,0.12967783282523715,0.0083229205758153912,9.4355670984000702e-05,1.7425144394069929e-05,0.99950000000000006,28.582052949235944
3d (m=+0),3,2,0,50,1.190918872884831,0.13232431920942567,0.008597566339782238,0.00010483720321767127,1.9797369926379395e-05,0.99950000000000006,28.582052949235944
3d (m=+0),3,2,0,51,1.2147372503425276,0.13497080559361418,0.0088741714646304367,0.00011620380009044747,2.2429788951589756e-05,0.99950000000000006,28.582052949235944
3d (m=+0),3,2,0,52,1.2385556278002241,0.13761729197780267,0.0091526338238446144,0.00012850594190042577,2.5344083452746832e-05,0.99950000000000006,28.582052949235944
3d (m=+0),3,2,0,53,1.2623740052579209,0.14026377836199122,0.0094328532103455064,0.00014179543144172583,2.8563153521545422e-05,0.99950000000000006,28.582052949235944
3d (m=+0),3,2,0,54,1.2861923827156174,0.14291026474617971,0.0097147313091441347,0.00015612536011483293,3.2111148454440348e-05,0.99950000000000006,28.582052949235944
3d (m=+0),3,2,0,55,1.310010760173314,0.14555675113036823,0.0099981716703351556,0.00017155007195200769,3.6013497016731254e-05,0.99950000000000006,28.582052949235944
3d (m=+0),3,2,0,56,1.3338291376310107,0.14820323751455675,0.010283079682425473,0.00018812512565533711,4.0296936826122959e-05,0.99950000000000006,28.582052949235944
3d (m=+0),3,2,0,57,1.3576475150887073,0.15084972389874526,0.010569362545994316,0.00020590725474576901,4.4989542809597067e-05,0.99950000000000006,28.582052949235944
3d (m=+0),3,2,0,58,1.3814658925464038,0.15349621028293375,0.010856929247681035,0.00022495432592197309,5.0120754689779096e-05,0.99950000000000006,28.582052949235944
3d (m=+0),3,2,0,59,1.4052842700041004,0.15614269666712227,0.011145690534496797,0.00024532529572811551,5.5721403459341359e-05,0.99950000000000006,28.582052949235944
3d (m=+0),3,2,0,60,1.4291026474617972,0.15878918305131079,0.011435558888456539,0.00026708016562965457,6.1823736804343673e-05,0.99950000000000006,28.582052949235944
3d (m=+0),3,2,0,61,1.4529210249194937,0.16143566943549931,0.011726448501527501,0.00029027993559606064,6.8461443439770696e-05,0.99950000000000006,28.582052949235944
3d (m=+0),3,2,0,62,1.4767394023771903,0.1640821558196878,0.012018275250890725,0.00031498655628895827,7.5669676322877297e-05,0.99950000000000006,28.582052949235944
3d (m=+0),3,2,0,63,1.500557779834887,0.16672864220387634,0.012310956674511904,0.00034126287995358987,8.3485074712290151e-05,0.99950000000000006,28.582052949235944
3d (m=+0),3,2,0,64,1.5243761572925836,0.16937512858806483,0.012604411947018095,0.00036917261011073821,9.1945785043138042e-05,0.99950000000000006,28.582052949235944
3d (m=+0),3,2,0,65,1.5481945347502801,0.17202161497225335,0.012898561855876714,0.00039878025014530459,0.00010109148059078611,0.99950000000000006,28.582052949235944
3d (m=+0),3,2,0,66,1.5720129122079769,0.17466810135644187,0.013193328777873431,0.00043015105088666287,0.00011096337989802564,0.99950000000000006,28.582052949235944
3d (m=+0),3,2,0,67,1.5958312896656734,0.17731458774063039,0.013488636655885467,0.00046335095727468542,0.00012160426394282407,0.99950000000000006,28.582052949235944
3d (m=+0),3,2,0,68,1.61964966712337,0.17996107412481888,0.013784410975946928,0.00049844655420399296,0.00013305849202596026,0.99950000000000006,28.582052949235944
3d (m=+0),3,2,0,69,1.6434680445810668,0.18260756050900742,0.014080578744602827,0.0005355050116375126,0.00014537201636005505,0.99950000000000006,28.582052949235944
3d (m=+0),3,2,0,70,1.6672864220387633,0.18525404689319591,0.014377068466548418,0.00057459402907885683,0.00015859239534365971,0.99950000000000006,28.582052949235944
3d (m=+0),3,2,0,71,1.6911047994964599,0.18790053327738443,0.014673810122550679,0.0006157817794913838,0.00017276880550617807,0.99950000000000006,28.582052949235944
3d (m=+0),3,2,0,72,1.7149231769541564,0.19054701966157295,0.014970735147648555,0.00065913685275001703,0.00018795205211146601,0.99950000000000006,28.582052949235944
3d (m=+0),3,2,0,73,1.7387415544118532,0.19319350604576147,0.015267776409628822,0.00070472819871009846,0.00020419457840998505,0.99950000000000006,28.582052949235944
3d (m=+0),3,2,0,74,1.7625599318695497,0.19583999242994998,0.015564868187774401,0.00075262506997562527,0.00022155047353136727,0.99950000000000006,28.582052949235944
3d (m=+0),3,2,0,75,1.7863783093272463,0.19848647881413847,0.015861946151881936,0.00080289696444726499,0.00024007547901119149,0.99950000000000006,28.582052949235944
3d (m=+0),3,2,0,76,1.8101966867849431,0.20113296519832702,0.01615894734154559,0.0008556135677285177,0.00025982699394765568,0.99950000000000006,28.582052949235944
3d (m=+0),3,2,0,77,1.8340150642426396,0.20377945158251551,0.016455810145703857,0.00091084469546631221,0.00028086407878567647,0.99950000000000006,28.582052949235944
3d (m=+0),3,2,0,78,1.8578334417003362,0.20642593796670403,0.016752474282446545,0.0009686602357002462,0.00030324745772774002,0.99950000000000006,28.582052949235944
3d (m=+0),3,2,0,79,1.8816518191580329,0.20907242435089254,0.0170488807790787,0.0010291300912924786,0.00032703951977256412,0.99950000000000006,28.582052949235944
3d (m=+0),3,2,0,80,1.9054701966157295,0.21171891073508106,0.017344971952438674,0.0010923241225081596,0.00035230431838432634,0.99950000000000006,28.582052949235944
3d (m=+0),3,2,0,81,1.929288574073426,0.21436539711926955,0.017640691389467267,0.0011583120898140417,0.00037910756979685168,0.99950000000000006,28.582052949235944
3d (m=+0),3,2,0,82,1.9531069515311228,0.2170118835034581,0.017935983928025152,0.0012271635969607242,0.0004075166499587316,0.99950000000000006,28.582052949235944
3d (m=+0),3,2,0,83,1.9769253289888193,0.21965836988764659,0.018230795637955519,0.0012989480344117153,0.00043760059012688476,0.99950000000000006,28.582052949235944
3d (m=+0),3,2,0,84,2.0007437064465159,0.22230485627183511,0.018525073802389335,0.0013737345231803039,0.00046943007111754903,0.99950000000000006,28.582052949235944
3d (m=+0),3,2,0,85,2.0245620839042124,0.2249513426560236,0.018818766899290157,0.0014515918591329257,0.00050307741622511145,0.99950000000000006,28.582052949235944
3d (m=+0),3,2,0,86,2.048380461361909,0.22759782904021211,0.01911182458323589,0.0015325884578155061,0.0005386165828205646,0.99950000000000006,28.582052949235944
3d (m=+0),3,2,0,87,2.072198838819606,0.23024431542440066,0.019404197667434637,0.0016167922998569977,0.00057612315264269037,0.99950000000000006,28.582052949235944
3d (m=+0),3,2,0,88,2.0960172162773025,0.23289080180858918,0.019695838105971916,0.0017042708770020802,0.00061567432079633359,0.99950000000000006,28.582052949235944
3d (m=+0),3,2,0,89,2.1198355937349991,0.23553728819277767,0.019986698976286667,0.0017950911388228111,0.00065734888347335511,0.99950000000000006,28.582052949235944
3d (m=+0),3,2,0,90,2.1436539711926956,0.23818377457696618,0.020276734461873138,0.0018893194401567101,0.00070122722441298734,0.99950000000000006,28.582052949235944
3d (m=+0),3,2,0,91,2.1674723486503922,0.24083026096115467,0.020565899835206292,0.0019870214893166669,0.00074739130011944495,0.99950000000000006,28.582052949235944
3d (m=+0),3,2,0,92,2.1912907261080887,0.24347674734534319,0.020854151440887918,0.0020882622971158077,0.00079592462385568471,0.99950000000000006,28.582052949235944
3d (m=+0),3,2,0,93,2.2151091035657857,0.24612323372953174,0.021141446679010984,0.0021931061267483256,0.00084691224843321531,0.99950000000000006,28.582052949235944
3d (m=+0),3,2,0,94,2.2389274810234823,0.24876972011372026,0.021427743988739544,0.0023016164445651172,0.00090044074781880131,0.99950000000000006,28.582052949235944
3d (m=+0),3,2,0,95,2.2627458584811788,0.25141620649790875,0.021713002832101907,0.0024138558717810492,0.00095659819757982719,0.99950000000000006,28.582052949235944
3d (m=+0),3,2,0,96,2.2865642359388754,0.25406269288209726,0.02199718367799431,0.0025298861371484487,0.0010154741541909041,0.99950000000000006,28.582052949235944
3d (m=+0),3,2,0,97,2.3103826133965719,0.25670917926628578,0.022280247986392752,0.0026497680306294918,0.0010771596332251371,0.99950000000000006,28.582052949235944
3d (m=+0),3,2,0,98,2.3342009908542685,0.2593556656504743,0.022562158192770621,0.002773561358098104,0.0011417470864542034,0.99950000000000006,28.582052949235944
3d (m=+0),3,2,0,99,2.358019368311965,0.26200215203466276,0.022842877692719515,0.002901324897099951,0.0012093303778821041,0.99950000000000006,28.582052949235944
3d (m=+0),3,2,0,100,2.381837745769662,0.26464863841885133,0.023122370826771002,0.0030331163536972314,0.0012800047587381114,0.99950000000000006,28.582052949235944
3d (m=+0),3,2,0,101,2.4056561232273586,0.26729512480303985,0.023400602865416939,0.0031689923204229974,0.0013538668414550361,0.99950000000000006,28.582052949235944
3d (m=+0),3,2,0,102,2.4294745006850551,0.26994161118722837,0.023677539994325949,0.0033090082353678892,0.0014310145726595337,0.99950000000000006,28.582052949235944
3d (m=+0),3,2,0,103,2.4532928781427517,0.27258809757141683,0.023953149299753857,0.0034532183424203192,0.0015115472052016474,0.99950000000000006,28.582052949235944
3d (m=+0),3,2,0,104,2.4771112556004482,0.27523458395560535,0.024227398754145636,0.0036016756526793029,0.0015955652692513072,0.99950000000000006,28.582052949235944
3d (m=+0),3,2,0,105,2.5009296330581448,0.27788107033979387,0.024500257201926771,0.0037544319070574499,0.0016831705424899196,0.99950000000000006,28.582052949235944
3d (m=+0),3,2,0,106,2.5247480105158417,0.28052755672398244,0.024771694345481699,0.0039115375400898189,0.0017744660194255828,0.99950000000000006,28.582052949235944
3d (m=+0),3,2,0,107,2.5485663879735383,0.2831740431081709,0.025041680731317125,0.004073041644962706,0.0018695558798608068,0.99950000000000006,28.582052949235944
3d (m=+0),3,2,0,108,2.5723847654312348,0.28582052949235942,0.025310187736408113,0.004238991939774818,0.0019685454565419713,0.99950000000000006,28.582052949235944
3d (m=+0),3,2,0,109,2.5962031428889314,0.28846701587654794,0.025577187554724618,0.0044094347350415765,0.0020715412020199655,0.99950000000000006,28.582052949235944
3d (m=+0),3,2,0,110,2.6200215203466279,0.29111350226073646,0.025842653183936536,0.0045844149024518947,0.0021786506547517587,0.99950000000000006,28.582052949235944
3d (m=+0),3,2,0,111,2.6438398978043245,0.29375998864492492,0.026106558412294974,0.0047639758448851247,0.0022899824044728145,0.99950000000000006,28.582052949235944
3d (m=+0),3,2,0,112,2.6676582752620215,0.29640647502911349,0.026368877805687693,0.0049481594676944411,0.0024056460568704385,0.99950000000000006,28.582052949235944
3d (m=+0),3,2,0,113,2.691476652719718,0.29905296141330201,0.026629586694866769,0.0051370061512615514,0.0025257521975882774,0.99950000000000006,28.582052949235944
3d (m=+0),3,2,0,114,2.7152950301774146,0.30169944779749053,0.026888661162846293,0.0053305547248261526,0.0026504123555923143,0.99950000000000006,28.582052949235944
3d (m=+0),3,2,0,115,2.7391134076351111,0.30434593418167899,0.027146078032468095,0.0055288424415922228,0.0027797389659287111,0.99950000000000006,28.582052949235944
3d (m=+0),3,2,0,116,2.7629317850928077,0.30699242056586751,0.027401814854133545,0.0057319049551119898,0.0029138453319039483,0.99950000000000006,28.582052949235944
3d (m=+0),3,2,0,117,2.7867501625505042,0.30963890695005603,0.02765584989369952,0.0059397762969471387,0.0030528455867176807,0.99950000000000006,28.582052949235944
3d (m=+0),3,2,0,118,2.8105685400082008,0.31228539333424454,0.027908162120536342,0.0061524888556055033,0.0031968546545787053,0.99950000000000006,28.582052949235944
3d (m=+0),3,2,0,119,2.8343869174658978,0.31493187971843306,0.028158731195746023,0.006370073356750469,0.003345988211334399,0.99950000000000006,28.582052949235944
3d (m=+0),3,2,0,120,2.8582052949235943,0.31757836610262158,0.028407537460538718,0.0065925588446790586,0.0035003626446438695,0.99950000000000006,28.582052949235944
3d (m=+0),3,2,0,121,2.8820236723812909,0.3202248524868101,0.028654561924765651,0.0068199726650636644,0.0036600950137250197,0.99950000000000006,28.582052949235944
3d (m=+0),3,2,0,122,2.9058420498389874,0.32287133887099861,0.028899786255606394,0.0070523404489511851,0.0038253030087054994,0.99950000000000006,28.582052949235944
3d (m=+0),3,2,0,123,2.929660427296684,0.32551782525518713,0.029143192766408945,0.0072896860980125556,0.0039961049096074426,0.99950000000000006,28.582052949235944
3d (m=+0),3,2,0,124,2.9534788047543805,0.32816431163937559,0.029384764405680604,0.00753203177103446,0.0041726195449956665,0.99950000000000006,28.582052949235944
3d (m=+0),3,2,0,125,2.9772971822120775,0.33081079802356417,0.029624484746227833,0.007779397871644193,0.0043549662503188117,0.99950000000000006,28.582052949235944
3d (m=+0),3,2,0,126,3.0011155596697741,0.33345728440775269,0.029862337974443338,0.0080318030372576801,0.0045432648259726618,0.99950000000000006,28.582052949235944
3d (m=+0),3,2,0,127,3.0249339371274706,0.3361037707919412,0.03009830887973871,0.0082892641292399861,0.004737635495114691,0.99950000000000006,28.582052949235944
3d (m=+0),3,2,0,128,3.0487523145851672,0.33875025717612967,0.030332382844120633,0.0085517962242664773,0.0049381988612585241,0.99950000000000006,28.582052949235944
3d (m=+0),3,2,0,129,3.0725706920428637,0.34139674356031818,0.030564545831909196,0.0088194126068724243,0.0051450758656767931,0.99950000000000006,28.582052949235944
3d (m=+0),3,2,0,130,3.0963890695005603,0.3440432299445067,0.030794784379596426,0.0090921247631777728,0.0053583877446405394,0.99950000000000006,28.582052949235944
3d (m=+0),3,2,0,131,3.1202074469582568,0.34668971632869522,0.031023085585843352,0.0093699423757732728,0.0055782559865229751,0.99950000000000006,28.582052949235944
3d (m=+0),3,2,0,132,3.1440258244159538,0.34933620271288374,0.031249437101614107,0.0096528733197534747,0.0058048022887951045,0.99950000000000006,28.582052949235944
3d (m=+0),3,2,0,133,3.1678442018736503,0.35198268909707225,0.031473827120445073,0.0099409236598812546,0.0060381485149403119,0.99950000000000006,28.582052949235944
3d (m=+0),3,2,0,134,3.1916625793313469,0.35462917548126077,0.031696244368847902,0.010234097648868425,0.0062784166513147471,0.99950000000000006,28.582052949235944
3d (m=+0),3,2,0,135,3.2154809567890434,0.35727566186544929,0.031916678096844286,0.010532397726755675,0.0065257287639798097,0.99950000000000006,28.582052949235944
3d (m=+0),3,2,0,136,3.23929933424674,0.35992214824963775,0.032135118068631265,0.010835824521375322,0.0067802069555327766,0.99950000000000006,28.582052949235944
3d (m=+0),3,2,0,137,3.2631177117044365,0.36256863463382627,0.032351554553375413,0.011144376849879354,0.0070419733219611383,0.99950000000000006,28.582052949235944
3d (m=+0),3,2,0,138,3.2869360891621335,0.36521512101801484,0.032565978316134003,0.011458051721314757,0.0073111499095458062,0.99950000000000006,28.582052949235944
3d (m=+0),3,2,0,139,3.3107544666198301,0.36786160740220336,0.032778380608902209,0.011776844340228158,0.0075878586718378938,0.99950000000000006,28.582052949235944
3d (m=+0),3,2,0,140,3.3345728440775266,0.37050809378639182,0.032988753161784332,0.01210074811128087,0.0078722214267334372,0.99950000000000006,28.582052949235944
3d (m=+0),3,2,0,141,3.3583912215352232,0.37315458017058034,0.033197088174287591,0.01242975464485516,0.0081643598136697942,0.99950000000000006,28.582052949235944
3d (m=+0),3,2,0,142,3.3822095989929197,0.37580106655476886,0.033403378306737334,0.0127638537636326,0.0084643952509671737,0.99950000000000006,28.582052949235944
3d (m=+0),3,2,0,143,3.4060279764506163,0.37844755293895738,0.033607616671811696,0.013103033510124425,0.0087724488933381903,0.99950000000000006,28.582052949235944
3d (m=+0),3,2,0,144,3.4298463539083128,0.38109403932314589,0.033809796826194657,0.013447280155134059,0.009088641589587873,0.99950000000000006,28.582052949235944
3d (m=+0),3,2,0,145,3.4536647313660098,0.38374052570733441,0.034009912762345829,0.013796578207131349,0.0094130938405261096,0.99950000000000006,28.582052949235944
3d (m=+0),3,2,0,146,3.4774831088237064,0.38638701209152293,0.034207958900385541,0.014150910422517919,0.0097459257571139435,0.99950000000000006,28.582052949235944
3d (m=+0),3,2,0,147,3.5013014862814029,0.38903349847571145,0.034403930080094028,0.014510257816763034,0.010087257018864813,0.99950000000000006,28.582052949235944
3d (m=+0),3,2,0,148,3.5251198637390995,0.39167998485989997,0.034597821553023031,0.014874599676388711,0.010437206832521069,0.99950000000000006,28.582052949235944
3d (m=+0),3,2,0,149,3.548938241196796,0.39432647124408843,0.03478962897471858,0.015243913571783044,0.010795893891025863,0.99950000000000006,28.582052949235944
3d (m=+0),3,2,0,150,3.5727566186544926,0.39697295762827695,0.034979348397053717,0.015618175370820574,0.011163436332809831,0.99950000000000006,28.582052949235944
3d (m=+0),3,2,0,151,3.5965749961121896,0.39961944401246552,0.035166976260669447,0.015997359253267899,0.011539951701411545,0.99950000000000006,28.582052949235944
3d (m=+0),3,2,0,152,3.6203933735698861,0.40226593039665404,0.035352509387523053,0.016381437725953421,0.011925556905450154,0.99950000000000006,28.582052949235944
3d (m=+0),3,2,0,153,3.6442117510275827,0.4049124167808425,0.035535944973542018,0.016770381638679232,0.012320368178968252,0.99950000000000006,28.582052949235944
3d (m=+0),3,2,0,154,3.6680301284852792,0.40755890316503102,0.035717280581382606,0.017164160200853762,0.012724501042162249,0.99950000000000006,28.582052949235944
3d (m=+0),3,2,0,155,3.6918485059429758,0.41020538954921953,0.035896514133291507,0.017562740998823156,0.013138070262517268,0.99950000000000006,28.582052949235944
3d (m=+0),3,2,0,156,3.7156668834006723,0.41285187593340805,0.036073643904069481,0.017966090013879877,0.013561189816362906,0.99950000000000006,28.582052949235944
3d (m=+0),3,2,0,157,3.7394852608583693,0.41549836231759657,0.036248668514135753,0.018374171640926737,0.013993972850865734,0.99950000000000006,28.582052949235944
3d (m=+0),3,2,0,158,3.7633036383160658,0.41814484870178509,0.036421586922691658,0.018786948707774431,0.01443653164647386,0.99950000000000006,28.582052949235944
3d (m=+0),3,2,0,159,3.7871220157737624,0.42079133508597361,0.036592398420982671,0.019204382495051159,0.014888977579828492,0.99950000000000006,28.582052949235944
3d (m=+0),3,2,0,160,3.8109403932314589,0.42343782147016212,0.036761102625657238,0.01962643275670236,0.015351421087156664,0.99950000000000006,28.582052949235944
3d (m=+0),3,2,0,161,3.8347587706891555,0.42608430785435059,0.036927699472221555,0.020053057741059283,0.015823971628159048,0.99950000000000006,28.582052949235944
3d (m=+0),3,2,0,162,3.858577148146852,0.4287307942385391,0.037092189208588783,0.020484214212454537,0.016306737650406092,0.99950000000000006,28.582052949235944
3d (m=+0),3,2,0,163,3.8823955256045486,0.43137728062272762,0.037254572388721756,0.020919857473363505,0.016799826554255264,0.99950000000000006,28.582052949235944
3d (m=+0),3,2,0,164,3.9062139030622456,0.43402376700691619,0.037414849866367894,0.021359941387050045,0.017303344658301682,0.99950000000000006,28.582052949235944
3d (m=+0),3,2,0,165,3.9300322805199421,0.43667025339110466,0.037573022788885205,0.021804418400695438,0.017817397165373852,0.99950000000000006,28.582052949235944
3d (m=+0),3,2,0,166,3.9538506579776387,0.43931673977529317,0.037729092591158288,0.022253239568989527,0.018342088129085877,0.99950000000000006,28.582052949235944
3d (m=+0),3,2,0,167,3.9776690354353352,0.44196322615948169,0.037883060989603104,0.02270635457816297,0.018877520420956737,0.99950000000000006,28.582052949235944
3d (m=+0),3,2,0,168,4.0014874128930318,0.44460971254367021,0.038034929976259534,0.023163711770440073,0.019423795698107042,0.99950000000000006,28.582052949235944
3d (m=+0),3,2,0,169,4.0253057903507283,0.44725619892785873,0.03818470181297047,0.023625258168891352,0.019981014371542948,0.99950000000000006,28.582052949235944
3d (m=+0),3,2,0,170,4.0491241678084249,0.44990268531204719,0.038332379025646547,0.02409093950266572,0.020549275575036552,0.99950000000000006,28.582052949235944
3d (m=+0),3,2,0,171,4.0729425452661214,0.45254917169623571,0.038477964398615255,0.024560700232581802,0.02112867713461155,0.99950000000000006,28.582052949235944
3d (m=+0),3,2,0,172,4.096760922723818,0.45519565808042423,0.038621460969053487,0.025034483577058564,0.021719315538642477,0.99950000000000006,28.582052949235944
3d (m=+0),3,2,0,173,4.1205793001815154,0.4578421444646128,0.038762872021502449,0.025512231538365369,0.022321285908575413,0.99950000000000006,28.582052949235944
3d (m=+0),3,2,0,174,4.144397677639212,0.46048863084880132,0.038902201082463832,0.025993884929171773,0.022934681970277353,0.99950000000000006,28.582052949235944
3d (m=+0),3,2,0,175,4.1682160550969085,0.46313511723298983,0.039039451915076337,0.026479383399378012,0.023559596026021548,0.99950000000000006,28.582052949235944
3d (m=+0),3,2,0,176,4.1920344325546051,0.46578160361717835,0.039174628513871469,0.026968665463206729,0.024196118927114773,0.99950000000000006,28.582052949235944
3d (m=+0),3,2,0,177,4.2158528100123016,0.46842809000136687,0.039307735099607555,0.027461668526537222,0.02484434004717288,0.99950000000000006,28.582052949235944
3d (m=+0),3,2,0,178,4.2396711874699982,0.47107457638555533,0.039438776114181076,0.027958328914463572,0.025504347256050046,0.99950000000000006,28.582052949235944
3d (m=+0),3,2,0,179,4.2634895649276947,0.47372106276974385,0.039567756215614334,0.028458581899058321,0.02617622689442688,0.99950000000000006,28.582052949235944
3d (m=+0),3,2,0,180,4.2873079423853913,0.47636754915393237,0.039694680273118427,0.028962361727323482,0.026860063749062017,0.99950000000000006,28.582052949235944
3d (m=+0),3,2,0,181,4.3111263198430878,0.47901403553812089,0.039819553362230573,0.029469601649311141,0.027555941028711509,0.99950000000000006,28.582052949235944
3d (m=+0),3,2,0,182,4.3349446973007844,0.48166052192230935,0.039942380760024966,0.029980233946396144,0.02826394034071979,0.99950000000000006,28.582052949235944
3d (m=+0),3,2,0,183,4.3587630747584809,0.48430700830649787,0.040063167940396022,0.030494189959683331,0.028984141668285664,0.99950000000000006,28.582052949235944
3d (m=+0),3,2,0,184,4.3825814522161775,0.48695349469068638,0.040181920569413283,0.031011400118532664,0.029716623348406315,0.99950000000000006,28.582052949235944
3d (m=+0),3,2,0,185,4.406399829673874,0.4895999810748749,0.040298644500746994,0.031531793969185352,0.030461462050501938,0.99950000000000006,28.582052949235944
3d (m=+0),3,2,0,186,4.4302182071315714,0.49224646745906347,0.040413345771163345,0.032055300203474427,0.031218732755723219,0.99950000000000006,28.582052949235944
3d (m=+0),3,2,0,187,4.454036584589268,0.49489295384325199,0.040526030596088676,0.032581846687603909,0.031988508736943359,0.99950000000000006,28.582052949235944
3d (m=+0),3,2,0,188,4.4778549620469645,0.49753944022744051,0.040636705365241679,0.033111360490980742,0.032770861539436452,0.99950000000000006,28.582052949235944
3d (m=+0),3,2,0,189,4.5016733395046611,0.50018592661162897,0.040745376638332671,0.033643767915083687,0.033565860962242774,0.99950000000000006,28.582052949235944
3d (m=+0),3,2,0,190,4.5254917169623576,0.50283241299581749,0.040852051140829099,0.034178994522354095,0.034373575040222065,0.99950000000000006,28.582052949235944
3d (m=+0),3,2,0,191,4.5493100944200542,0.50547889938000601,0.040956735759786561,0.034716965165093962,0.035194070026795005,0.99950000000000006,28.582052949235944
3d (m=+0),3,2,0,192,4.5731284718777507,0.50812538576419453,0.041059437539744267,0.035257604014356091,0.036027410377372927,0.99950000000000006,28.582052949235944
3d (m=+0),3,2,0,193,4.5969468493354473,0.51077187214838304,0.041160163678684317,0.0358008345888126,0.03687365873347534,0.99950000000000006,28.582052949235944
3d (m=+0),3,2,0,194,4.6207652267931438,0.51341835853257156,0.04125892152405386,0.036346579783587393,0.037732875907534671,0.99950000000000006,28.582052949235944
3d (m=+0),3,2,0,195,4.6445836042508404,0.51606484491676008,0.04135571856884937,0.036894761899039327,0.038605120868387133,0.99950000000000006,28.582052949235944
3d (m=+0),3,2,0,196,4.6684019817085369,0.5187113313009486,0.041450562447762164,0.037445302669482233,0.039490450727448424,0.99950000000000006,28.582052949235944
3d (m=+0),3,2,0,197,4.6922203591662335,0.521357817685137,0.041543460933384492,0.037998123291829229,0.040388920725572576,0.99950000000000006,28.582052949235944
3d (m=+0),3,2,0,198,4.71603873662393,0.52400430406932552,0.041634421932475324,0.038553144454148348,0.041300584220592018,0.99950000000000006,28.582052949235944
3d (m=+0),3,2,0,199,4.7398571140816275,0.52665079045351415,0.041723453482285067,0.039110286364117106,0.04222549267553663,0.99950000000000006,28.582052949235944
3d (m=+0),3,2,0,200,4.763675491539324,0.52929727683770267,0.041810563746938423,0.03966946877736377,0.043163695647528984,0.99950000000000006,28.582052949235944
3d (m=+0),3,2,0,201,4.7874938689970206,0.53194376322189119,0.04189576101387478,0.040230611025684079,0.044115240777353522,0.99950000000000006,28.582052949235944
3d (m=+0),3,2,0,202,4.8113122464547171,0.5345902496060797,0.041979053690345172,0.040793632045121202,0.045080173779695816,0.99950000000000006,28.582052949235944
3d (m=+0),3,2,0,203,4.8351306239124137,0.53723673599026822,0.042060450299965184,0.041358450403898309,0.046058538434049091,0.99950000000000006,28.582052949235944
3d (m=+0),3,2,0,204,4.8589490013701102,0.53988322237445674,0.042139959479323127,0.041924984330192781,0.047050376576284102,0.99950000000000006,28.582052949235944
3d (m=+0),3,2,0,205,4.8827673788278068,0.54252970875864515,0.042217589974642603,0.042493151739741379,0.04805572809087854,0.99950000000000006,28.582052949235944
3d (m=+0),3,2,0,206,4.9065857562855033,0.54517619514283366,0.042293350638498914,0.043062870263266405,0.049074630903801854,0.99950000000000006,28.582052949235944
3d (m=+0),3,2,0,207,4.9304041337431999,0.54782268152702218,0.042367250426588468,0.043634057273712674,0.050107120976051023,0.99950000000000006,28.582052949235944
3d (m=+0),3,2,0,208,4.9542225112008964,0.5504691679112107,0.042439298394550615,0.044206629913285909,0.051153232297832717,0.99950000000000006,28.582052949235944
3d (m=+0),3,2,0,209,4.978040888658593,0.55311565429539922,0.042509503694841091,0.044780505120283101,0.052212996883386993,0.99950000000000006,28.582052949235944
3d (m=+0),3,2,0,210,5.0018592661162895,0.55576214067958774,0.042577875573656478,0.045355599655705806,0.053286444766447484,0.99950000000000006,28.582052949235944
3d (m=+0),3,2,0,211,5.0256776435739861,0.55840862706377625,0.042644423367909051,0.045931830129648014,0.054373603996332745,0.99950000000000006,28.582052949235944
3d (m=+0),3,2,0,212,5.0494960210316835,0.56105511344796488,0.042709156502251197,0.046509113027449665,0.055474500634663401,0.99950000000000006,28.582052949235944
3d (m=+0),3,2,0,213,5.07331439848938,0.56370159983215329,0.042772084486148811,0.047087364735607866,0.056589158752699105,0.99950000000000006,28.582052949235944
3d (m=+0),3,2,0,214,5.0971327759470766,0.56634808621634181,0.042833216911003211,0.047666501567438589,0.057717600429290139,0.99950000000000006,28.582052949235944
3d (m=+0),3,2,0,215,5.1209511534047731,0.56899457260053032,0.042892563447320516,0.04824643978848013,0.058859845749436729,0.99950000000000006,28.582052949235944
3d (m=+0),3,2,0,216,5.1447695308624697,0.57164105898471884,0.042950133841928362,0.04882709564163238,0.060015912803450477,0.99950000000000006,28.582052949235944
3d (m=+0),3,2,0,217,5.1685879083201662,0.57428754536890736,0.043005937915238837,0.049408385372023897,0.061185817686711302,0.99950000000000006,28.582052949235944
3d (m=+0),3,2,0,218,5.1924062857778628,0.57693403175309588,0.043059985558557418,0.049990225251600809,0.062369574500013354,0.99950000000000006,28.582052949235944
3d (m=+0),3,2,0,219,5.2162246632355593,0.5795805181372844,0.043112286731436987,0.05057253160343067,0.063567195350493211,0.99950000000000006,28.582052949235944
3d (m=+0),3,2,0,220,5.2400430406932559,0.58222700452147291,0.043162851459076598,0.05115522082571558,0.064778690353133467,0.99950000000000006,28.582052949235944
3d (m=+0),3,2,0,221,5.2638614181509524,0.58487349090566143,0.043211689829764185,0.051738209415508433,0.066004067632834784,0.99950000000000006,28.582052949235944
3d (m=+0),3,2,0,222,5.287679795608649,0.58751997728984984,0.043258811992362645,0.05232141399212651,0.067243333327049182,0.99950000000000006,28.582052949235944
3d (m=+0),3,2,0,223,5.3114981730663455,0.59016646367403836,0.043304228153838914,0.05290475132025782,0.068496491588967354,0.99950000000000006,28.582052949235944
3d (m=+0),3,2,0,224,5.335316550524043,0.59281295005822698,0.043347948576835181,0.053488138332754336,0.069763544591252655,0.99950000000000006,28.582052949235944
3d (m=+0),3,2,0,225,5.3591349279817395,0.5954594364424155,0.04338998357728184,0.05407149215310765,0.071044492530313974,0.99950000000000006,28.582052949235944
3d (m=+0),3,2,0,226,5.3829533054394361,0.59810592282660402,0.043430343522051641,0.054654730117602857,0.072339333631110572,0.99950000000000006,28.582052949235944
3d (m=+0),3,2,0,227,5.4067716828971326,0.60075240921079254,0.043469038826654288,0.055237769797145564,0.07364806415248025,0.99950000000000006,28.582052949235944
3d (m=+0),3,2,0,228,5.4305900603548292,0.60339889559498106,0.043506079952971226,0.055820529018758808,0.074970678392983686,0.99950000000000006,28.582052949235944
3d (m=+0),3,2,0,229,5.4544084378125257,0.60604538197916957,0.043541477407029794,0.056402925886745524,0.076307168697256733,0.99950000000000006,28.582052949235944
3d (m=+0),3,2,0,230,5.4782268152702223,0.60869186836335798,0.0435752417368164,0.056984878803513238,0.077657525462862809,0.99950000000000006,28.582052949235944
3d (m=+0),3,2,0,231,5.5020451927279188,0.6113383547475465,0.043607383530128094,0.057566306490057617,0.079021737147637217,0.99950000000000006,28.582052949235944
3d (m=+0),3,2,0,232,5.5258635701856154,0.61398484113173502,0.043637913412462079,0.058147128006101799,0.080399790277515204,0.99950000000000006,28.582052949235944
3d (m=+0),3,2,0,233,5.5496819476433119,0.61663132751592353,0.043666842044942519,0.058727262769888398,0.081791669454835639,0.99950000000000006,28.582052949235944
3d (m=+0),3,2,0,234,5.5735003251010085,0.61927781390011205,0.043694180122284335,0.059306630577622033,0.083197357367111896,0.99950000000000006,28.582052949235944
3d (m=+0),3,2,0,235,5.597318702558705,0.62192430028430057,0.043719938370793278,0.059885151622559391,0.084616834796261642,0.99950000000000006,28.582052949235944
3d (m=+0),3,2,0,236,5.6211370800164016,0.62457078666848909,0.043744127546401966,0.060462746513745134,0.086050080628287104,0.99950000000000006,28.582052949235944
3d (m=+0),3,2,0,237,5.644955457474099,0.62721727305267772,0.043766758432741144,0.061039336294390963,0.087497071863397405,0.99950000000000006,28.582052949235944
3d (m=+0),3,2,0,238,5.6687738349317955,0.62986375943686612,0.043787841839246056,0.061614842459897033,0.088957783626564119,0.99950000000000006,28.582052949235944
3d (m=+0),3,2,0,239,5.6925922123894921,0.63251024582105464,0.043807388599297031,0.062189186975513164,0.090432189178502306,0.99950000000000006,28.582052949235944
3d (m=+0),3,2,0,240,5.7164105898471886,0.63515673220524316,0.043825409568394098,0.062762292293638902,0.091920259927067413,0.99950000000000006,28.582052949235944
3d (m=+0),3,2,0,241,5.7402289673048852,0.63780321858943168,0.043841915622365078,0.063334081370761408,0.093421965439060131,0.99950000000000006,28.582052949235944
3d (m=+0),3,2,0,242,5.7640473447625817,0.64044970497362019,0.043856917655606627,0.063904477684029667,0.094937273452430346,0.99950000000000006,28.582052949235944
3d (m=+0),3,2,0,243,5.7878657222202783,0.64309619135780871,0.043870426579357878,0.064473405247464713,0.096466149888871505,0.99950000000000006,28.582052949235944
3d (m=+0),3,2,0,244,5.8116840996779748,0.64574267774199723,0.043882453320006155,0.065040788627805005,0.098008558866796741,0.99950000000000006,28.582052949235944
3d (m=+0),3,2,0,245,5.8355024771356714,0.64838916412618575,0.043893008817424313,0.065606552959986228,0.099564462714688051,0.99950000000000006,28.582052949235944
3d (m=+0),3,2,0,246,5.8593208545933679,0.65103565051037426,0.043902104023339349,0.066170623962256023,0.10113382198480986,0.99950000000000006,28.582052949235944
3d (m=+0),3,2,0,247,5.8831392320510645,0.65368213689456267,0.043909749899731697,0.066732927950922449,0.10271659546727818,0.99950000000000006,28.582052949235944
3d (m=+0),3,2,0,248,5.906957609508761,0.65632862327875119,0.043915957417264929,0.067293391854737275,0.10431274020447676,0.99950000000000006,28.582052949235944
3d (m=+0),3,2,0,249,5.9307759869664576,0.65897510966293971,0.043920737553745343,0.067851943228913636,0.10592221150581139,0.99950000000000006,28.582052949235944
3d (m=+0),3,2,0,250,5.954594364424155,0.66162159604712834,0.043924101292611067,0.06840851026877888,0.10754496296279394,0.99950000000000006,28.582052949235944
3d (m=+0),3,2,0,251,5.9784127418818516,0.66426808243131685,0.043926059621450207,0.068963021823062506,0.10918094646444672,0.99950000000000006,28.582052949235944
3d (m=+0),3,2,0,252,6.0022311193395481,0.66691456881550537,0.043926623530547708,0.069515407406820925,0.11083011221301986,0.99950000000000006,28.582052949235944
3d (m=+0),3,2,0,253,6.0260494967972447,0.66956105519969389,0.043925804011460415,0.070065597213998632,0.11249240874001144,0.99950000000000006,28.582052949235944
3d (m=+0),3,2,0,254,6.0498678742549412,0.67220754158388241,0.0439236120556201,0.070613522129627904,0.11416778292248286,0.99950000000000006,28.582052949235944
3d (m=+0),3,2,0,255,6.0736862517126378,0.67485402796807081,0.04392005865296382,0.071159113741667154,0.1158561799996604,0.99950000000000006,28.582052949235944
3d (m=+0),3,2,0,256,6.0975046291703343,0.67750051435225933,0.043915154790591528,0.071702304352480234,0.1175575435898145,0.99950000000000006,28.582052949235944
3d (m=+0),3,2,0,257,6.1213230066280309,0.68014700073644785,0.043908911451450185,0.072243026989956882,0.11927181570740819,0.99950000000000006,28.582052949235944
3d (m=+0),3,2,0,258,6.1451413840857274,0.68279348712063637,0.043901339613044363,0.072781215418277007,0.12099893678050609,0.99950000000000006,28.582052949235944
3d (m=+0),3,2,0,259,6.168959761543424,0.68543997350482488,0.043892450246172637,0.073316804148319453,0.12273884566843565,0.99950000000000006,28.582052949235944
3d (m=+0),3,2,0,260,6.1927781390011205,0.6880864598890134,0.043882254313689709,0.073849728447717977,0.12449147967969207,0.99950000000000006,28.582052949235944
3d (m=+0),3,2,0,261,6.2165965164588171,0.69073294627320192,0.043870762769293484,0.074379924350564938,0.12625677459007847,0.99950000000000006,28.582052949235944
3d (m=+0),3,2,0,262,6.2404148939165136,0.69337943265739044,0.043857986556337283,0.07490732866676654,0.12803466466107319,0.99950000000000006,28.582052949235944
3d (m=+0),3,2,0,263,6.264233271374211,0.69602591904157896,0.043843936606666307,0.075431878991049917,0.12982508265841569,0.99950000000000006,28.582052949235944
3d (m=+0),3,2,0,264,6.2880516488319076,0.69867240542576747,0.043828623839478262,0.075953513711625273,0.13162795987090267,0.99950000000000006,28.582052949235944
3d (m=+0),3,2,0,265,6.3118700262896041,0.70131889180995599,0.043812059160207917,0.076472172018505577,0.13344322612938692,0.99950000000000006,28.582052949235944
3d (m=+0),3,2,0,266,6.3356884037473007,0.70396537819414451,0.043794253459434884,0.076987793911485247,0.13527080982596981,0.99950000000000006,28.582052949235944
3d (m=+0),3,2,0,267,6.3595067812049972,0.70661186457833303,0.043775217611814604,0.077500320207781082,0.13711063793337999,0.99950000000000006,28.582052949235944
3d (m=+0),3,2,0,268,6.3833251586626938,0.70925835096252154,0.043754962475032126,0.078009692549338192,0.13896263602453013,0.99950000000000006,28.582052949235944
3d (m=+0),3,2,0,269,6.4071435361203903,0.71190483734671006,0.043733498888778172,0.078515853409802508,0.14082672829224355,0.99950000000000006,28.582052949235944
3d (m=+0),3,2,0,270,6.4309619135780869,0.71455132373089858,0.043710837673747435,0.079018746101164231,0.14270283756914318,0.99950000000000006,28.582052949235944
3d (m=+0),3,2,0,271,6.4547802910357834,0.7171978101150871,0.043686989630658542,0.079518314780073499,0.14459088534769474,0.99950000000000006,28.582052949235944
3d (m=+0),3,2,0,272,6.47859866849348,0.7198442964992755,0.043661965539295591,0.080014504453832569,0.14649079180039656,0.99950000000000006,28.582052949235944
3d (m=+0),3,2,0,273,6.5024170459511765,0.72249078288346402,0.043635776157570708,0.080507260986066351,0.14840247580010824,0.99950000000000006,28.582052949235944
3d (m=+0),3,2,0,274,6.5262354234088731,0.72513726926765254,0.043608432220607452,0.080996531102075137,0.15032585494051059,0.99950000000000006,28.582052949235944
3d (m=+0),3,2,0,275,6.5500538008665696,0.72778375565184106,0.04357994443984483,0.081482262393872545,0.15226084555668939,0.99950000000000006,28.582052949235944
3d (m=+0),3,2,0,276,6.5738721783242671,0.73043024203602969,0.043550323502161405,0.081964403324911547,0.15420736274583544,0.99950000000000006,28.582052949235944
3d (m=+0),3,2,0,277,6.5976905557819636,0.7330767284202182,0.043519580069019348,0.082442903234502041,0.15616532038805311,0.99950000000000006,28.582052949235944
3d (m=+0),3,2,0,278,6.6215089332396602,0.73572321480440672,0.043487724775628206,0.082917712341923883,0.15813463116727131,0.99950000000000006,28.582052949235944
3d (m=+0),3,2,0,279,6.6453273106973567,0.73836970118859524,0.043454768230127845,0.083388781750237548,0.16011520659224796,0.99950000000000006,28.582052949235944
3d (m=+0),3,2,0,280,6.6691456881550533,0.74101618757278365,0.043420721012790507,0.08385606344979693,0.16210695701766217,0.99950000000000006,28.582052949235944
3d (m=+0),3,2,0,281,6.6929640656127498,0.74366267395697216,0.043385593675241627,0.08431951032146745,0.1641097916652865,0.99950000000000006,28.582052949235944
3d (m=+0),3,2,0,282,6.7167824430704464,0.74630916034116068,0.043349396739699064,0.084779076139552753,0.16612361864523226,0.99950000000000006,28.582052949235944
3d (m=+0),3,2,0,283,6.7406008205281429,0.7489556467253492,0.04331214069823066,0.085234715574434433,0.16814834497726122,0.99950000000000006,28.582052949235944
3d (m=+0),3,2,0,284,6.7644191979858395,0.75160213310953772,0.043273836012029415,0.085686384194926551,0.17018387661215684,0.99950000000000006,28.582052949235944
3d (m=+0),3,2,0,285,6.788237575443536,0.75424861949372624,0.043234493110706713,0.086134038470351601,0.17223011845314812,0.99950000000000006,28.582052949235944
3d (m=+0),3,2,0,286,6.8120559529012326,0.75689510587791475,0.043194122391602557,0.086577635772338485,0.17428697437737967,0.99950000000000006,28.582052949235944
3d (m=+0),3,2,0,287,6.8358743303589291,0.75954159226210327,0.043152734219113149,0.087017134376348476,0.17635434725742141,0.99950000000000006,28.582052949235944
3d (m=+0),3,2,0,288,6.8596927078166257,0.76218807864629179,0.043110338924035228,0.087452493462932046,0.17843213898281132,0.99950000000000006,28.582052949235944
3d (m=+0),3,2,0,289,6.8835110852743231,0.76483456503048031,0.043066946802926991,0.08788367311872039,0.18052025048162507,0.99950000000000006,28.582052949235944
3d (m=+0),3,2,0,290,6.9073294627320196,0.76748105141466882,0.043022568117485407,0.088310634337155788,0.18261858174206583,0.99950000000000006,28.582052949235944
3d (m=+0),3,2,0,291,6.9311478401897162,0.77012753779885734,0.042977213093939592,0.088733339018964519,0.18472703183406905,0.99950000000000006,28.582052949235944
3d (m=+0),3,2,0,292,6.9549662176474127,0.77277402418304586,0.042930891922459996,0.089151749972376085,0.1868454989309149,0.99950000000000006,28.582052949235944
3d (m=+0),3,2,0,293,6.9787845951051093,0.77542051056723438,0.04288361475658322,0.089565830913093003,0.18897388033084317,0.99950000000000006,28.582052949235944
3d (m=+0),3,2,0,294,7.0026029725628058,0.7780669969514229,0.042835391712652209,0.089975546464014858,0.19111207247866452,0.99950000000000006,28.582052949235944
3d (m=+0),3,2,0,295,7.0264213500205024,0.78071348333561141,0.042786232869271461,0.090380862154720451,0.19325997098736231,0.99950000000000006,28.582052949235944
3d (m=+0),3,2,0,296,7.0502397274781989,0.78335996971979993,0.042736148266777262,0.090781744420712698,0.19541747065967924,0.99950000000000006,28.582052949235944
3d (m=+0),3,2,0,297,7.0740581049358955,0.78600645610398834,0.042685147906722426,0.091178160602429115,0.19758446550968314,0.99950000000000006,28.582052949235944
3d (m=+0),3,2,0,298,7.097876482393592,0.78865294248817686,0.042633241751375561,0.091570078944023234,0.19976084878430661,0.99950000000000006,28.582052949235944
3d (m=+0),3,2,0,299,7.1216948598512886,0.79129942887236537,0.042580439723234456,0.091957468591919639,0.20194651298485483,0.99950000000000006,28.582052949235944
3d (m=+0),3,2,0,300,7.1455132373089851,0.79394591525655389,0.042526751704553452,0.092340299593147754,0.20414134988847632,0.99950000000000006,28.582052949235944
3d (m=+0),3,2,0,301,7.1693316147666826,0.79659240164074252,0.042472187536884615,0.092718542893457795,0.2063452505695916,0.99950000000000006,28.582052949235944
3d (m=+0),3,2,0,302,7.1931499922243791,0.79923888802493104,0.042416757020632342,0.093092170335222796,0.20855810542127387,0.99950000000000006,28.582052949235944
3d (m=+0),3,2,0,303,7.2169683696820757,0.80188537440911956,0.042360469914621356,0.093461154655131357,0.21077980417657816,0.99950000000000006,28.582052949235944
3d (m=+0),3,2,0,304,7.2407867471397722,0.80453186079330807,0.042303335935677783,0.093825469481674612,0.21301023592981225,0.99950000000000006,28.582052949235944
3d (m=+0),3,2,0,305,7.2646051245974688,0.80717834717749648,0.042245364758223103,0.094185089332431457,0.21524928915774566,0.99950000000000006,28.582052949235944
3d (m=+0),3,2,0,306,7.2884235020551653,0.809824833561685,0.042186566013880808,0.094539989611156464,0.21749685174075165,0.99950000000000006,28.582052949235944
3d (m=+0),3,2,0,307,7.3122418795128619,0.81247131994587352,0.042126949291095561,0.094890146604674167,0.21975281098387742,0.99950000000000006,28.582052949235944
3d (m=+0),3,2,0,308,7.3360602569705584,0.81511780633006203,0.042066524134764555,0.095235537479583562,0.22201705363783822,0.99950000000000006,28.582052949235944
3d (m=+0),3,2,0,309,7.359878634428255,0.81776429271425055,0.042005300045881065,0.095576140278777547,0.22428946591993071,0.99950000000000006,28.582052949235944
3d (m=+0),3,2,0,310,7.3836970118859515,0.82041077909843907,0.041943286481189813,0.095911933917780384,0.22656993353486121,0.99950000000000006,28.582052949235944
3d (m=+0),3,2,0,311,7.4075153893436481,0.82305726548262759,0.041880492852854008,0.096242898180907741,0.22885834169548464,0.99950000000000006,28.582052949235944
3d (m=+0),3,2,0,312,7.4313337668013446,0.8257037518668161,0.041816928528133963,0.096569013717253349,0.23115457514344989,0.99950000000000006,28.582052949235944
3d (m=+0),3,2,0,313,7.4551521442590412,0.82835023825100462,0.041752602829076994,0.0968902620365059,0.23345851816974772,0.99950000000000006,28.582052949235944
3d (m=+0),3,2,0,314,7.4789705217167386,0.83099672463519314,0.041687525032218384,0.09720662550460013,0.23577005463515688,0.99950000000000006,28.582052949235944
3d (m=+0),3,2,0,315,7.5027888991744351,0.83364321101938166,0.041621704368293391,0.097518087339206388,0.23808906799058455,0.99950000000000006,28.582052949235944
3d (m=+0),3,2,0,316,7.5266072766321317,0.83628969740357018,0.041555150021959926,0.097824631605062218,0.24041544129729819,0.99950000000000006,28.582052949235944
3d (m=+0),3,2,0,317,7.5504256540898282,0.83893618378775869,0.041487871131531878,0.098126243209150102,0.24274905724704357,0.99950000000000006,28.582052949235944
3d (m=+0),3,2,0,318,7.5742440315475248,0.84158267017194721,0.041419876788722845,0.098422907895725179,0.24508979818204646,0.99950000000000006,28.582052949235944
3d (m=+0),3,2,0,319,7.5980624090052213,0.84422915655613573,0.04135117603840003,0.098714612241196556,0.24743754611489419,0.99950000000000006,28.582052949235944
3d (m=+0),3,2,0,320,7.6218807864629179,0.84687564294032425,0.041281777878348268,0.099001343648866355,0.2497921827482936,0.99950000000000006,28.582052949235944
3d (m=+0),3,2,0,321,7.6456991639206144,0.84952212932451276,0.041211691259043927,0.099283090343530361,0.2521535894947019,0.99950000000000006,28.582052949235944
3d (m=+0),3,2,0,322,7.669517541378311,0.85216861570870117,0.041140925083438563,0.099559841365943785,0.25452164749582751,0.99950000000000006,28.582052949235944
3d (m=+0),3,2,0,323,7.6933359188360075,0.85481510209288969,0.041069488206751964,0.099831586567155392,0.25689623764199732,0.99950000000000006,28.582052949235944
3d (m=+0),3,2,0,324,7.7171542962937041,0.85746158847707821,0.0409973894362749,0.1000983166027157,0.25927724059138768,0.99950000000000006,28.582052949235944
3d (m=+0),3,2,0,325,7.7409726737514006,0.86010807486126672,0.040924637531180821,0.10036002292676029,0.26166453678911578,0.99950000000000006,28.582052949235944
3d (m=+0),3,2,0,326,7.7647910512090972,0.86275456124545524,0.040851241202346754,0.10061669778597367,0.26405800648618877,0.99950000000000006,28.582052949235944
3d (m=+0),3,2,0,327,7.7886094286667946,0.86540104762964387,0.040777209112183181,0.10086833421343738,0.26645752975830789,0.99950000000000006,28.582052949235944
3d (m=+0),3,2,0,328,7.8124278061244912,0.86804753401383239,0.040702549874472513,0.10111492602236458,0.26886298652452412,0.99950000000000006,28.582052949235944
3d (m=+0),3,2,0,329,7.8362461835821877,0.87069402039802091,0.040627272054216373,0.10135646779972635,0.27127425656574439,0.99950000000000006,28.582052949235944
3d (m=+0),3,2,0,330,7.8600645610398843,0.87334050678220931,0.040551384167491204,0.10159295489977223,0.27369121954308351,0.99950000000000006,28.582052949235944
3d (m=+0),3,2,0,331,7.8838829384975808,0.87598699316639783,0.040474894681312205,0.10182438343744848,0.27611375501606145,0.99950000000000006,28.582052949235944
3d (m=+0),3,2,0,332,7.9077013159552774,0.87863347955058635,0.040397812013505584,0.10205075028171895,0.27854174246064217,0.99950000000000006,28.582052949235944
3d (m=+0),3,2,0,333,7.9315196934129739,0.88127996593477487,0.040320144532588614,0.10227205304878961,0.28097506128711253,0.99950000000000006,28.582052949235944
3d (m=+0),3,2,0,334,7.9553380708706705,0.88392645231896338,0.040241900557657709,0.10248829009524245,0.28341359085779855,0.99950000000000006,28.582052949235944
3d (m=+0),3,2,0,335,7.979156448328367,0.8865729387031519,0.040163088358284284,0.10269946051108129,0.2858572105046171,0.99950000000000006,28.582052949235944
3d (m=+0),3,2,0,336,8.0029748257860636,0.88921942508734042,0.040083716154418095,0.10290556411269225,0.28830579954646113,0.99950000000000006,28.582052949235944
3d (m=+0),3,2,0,337,8.026793203243761,0.89186591147152905,0.040003792116298065,0.10310660143572291,0.29075923730641601,0.99950000000000006,28.582052949235944
3d (m=+0),3,2,0,338,8.0506115807014567,0.89451239785571746,0.039923324364370641,0.10330257372788403,0.29321740312880523,0.99950000000000006,28.582052949235944
3d (m=+0),3,2,0,339,8.0744299581591541,0.89715888423990597,0.039842320969215021,0.1034934829416754,0.2956801763960647,0.99950000000000006,28.582052949235944
3d (m=+0),3,2,0,340,8.0982483356168498,0.89980537062409438,0.039760789951475757,0.10367933172704052,0.29814743654544107,0.99950000000000006,28.582052949235944
3d (m=+0),3,2,0,341,8.1220667130745472,0.90245185700828301,0.039678739281802128,0.10386012342395316,0.30061906308551667,0.99950000000000006,28.582052949235944
3d (m=+0),3,2,0,342,8.1458850905322429,0.90509834339247142,0.039596176880794365,0.10403586205493755,0.30309493561255457,0.99950000000000006,28.582052949235944
3d (m=+0),3,2,0,343,8.1697034679899403,0.90774482977666004,0.039513110618956557,0.10420655231752733,0.30557493382666739,0.99950000000000006,28.582052949235944
3d (m=+0),3,2,0,344,8.193521845447636,0.91039131616084845,0.039429548316656217,0.1043721995766652,0.30805893754780284,0.99950000000000006,28.582052949235944
3d (m=+0),3,2,0,345,8.2173402229053334,0.91303780254503708,0.039345497744090102,0.1045328098570459,0.31054682673155082,0.99950000000000006,28.582052949235944
3d (m=+0),3,2,0,346,8.2411586003630308,0.9156842889292256,0.039260966621256541,0.10468838983540661,0.31303848148476437,0.99950000000000006,28.582052949235944
3d (m=+0),3,2,0,347,8.2649769778207265,0.91833077531341401,0.039175962617933879,0.10483894683276718,0.31553378208099847,0.99950000000000006,28.582052949235944
3d (m=+0),3,2,0,348,8.2887953552784239,0.92097726169760263,0.039090493353664955,0.10498448880662264,0.31803260897576341,0.99950000000000006,28.582052949235944
3d (m=+0),3,2,0,349,8.3126137327361196,0.92362374808179104,0.039004566397747721,0.10512502434309215,0.32053484282158967,0.99950000000000006,28.582052949235944
3d (m=+0),3,2,0,350,8.336432110193817,0.92627023446597967,0.038918189269231497,0.10526056264902561,0.3230403644829084,0.99950000000000006,28.582052949235944
3d (m=+0),3,2,0,351,8.3602504876515127,0.92891672085016808,0.038831369436919172,0.10539111354407207,0.32554905505074017,0.99950000000000006,28.582052949235944
3d (m=+0),3,2,0,352,8.3840688651092101,0.9315632072343567,0.038744114319374898,0.1055166874527122,0.32806079585719733,0.99950000000000006,28.582052949235944
3d (m=+0),3,2,0,353,8.4078872425669058,0.93420969361854511,0.038656431284937377,0.10563729539625699,0.33057546848979358,0.99950000000000006,28.582052949235944
3d (m=+0),3,2,0,354,8.4317056200246032,0.93685618000273374,0.038568327651738545,0.10575294898481678,0.33309295480556522,0.99950000000000006,28.582052949235944
3d (m=+0),3,2,0,355,8.4555239974822989,0.93950266638692215,0.038479810687727593,0.10586366040924161,0.33561313694499795,0.99950000000000006,28.582052949235944
3d (m=+0),3,2,0,356,8.4793423749399963,0.94214915277111067,0.038390887610700128,0.10596944243303649,0.33813589734576427,0.99950000000000006,28.582052949235944
3d (m=+0),3,2,0,357,8.503160752397692,0.94479563915529907,0.03830156558833251,0.10607030838425413,0.34066111875626526,0.99950000000000006,28.582052949235944
3d (m=+0),3,2,0,358,8.5269791298553894,0.9474421255394877,0.038211851738221142,0.10616627214736724,0.34318868424898186,0.99950000000000006,28.582052949235944
3d (m=+0),3,2,0,359,8.5507975073130869,0.95008861192367633,0.038121753127926719,0.10625734815512315,0.34571847723362953,0.99950000000000006,28.582052949235944
3d (m=+0),3,2,0,360,8.5746158847707825,0.95273509830786474,0.038031276775023194,0.10634355138038309,0.34825038147012066,0.99950000000000006,28.582052949235944
3d (m=+0),3,2,0,361,8.59843426222848,0.95538158469205336,0.037940429647151497,0.10642489732794849,0.35078428108133253,0.99950000000000006,28.582052949235944
3d (m=+0),3,2,0,362,8.6222526396861756,0.95802807107624177,0.037849218662077883,0.1065014020263769,0.35332006056567833,0.99950000000000006,28.582052949235944
3d (m=+0),3,2,0,363,8.646071017143873,0.96067455746043029,0.037757650687756758,0.10657308201978967,0.35585760480948619,0.99950000000000006,28.582052949235944
3d (m=+0),3,2,0,364,8.6698893946015687,0.9633210438446187,0.037665732542397933,0.1066399543596733,0.35839679909917993,0.99950000000000006,28.582052949235944
3d (m=+0),3,2,0,365,8.6937077720592661,0.96596753022880733,0.037573470994538206,0.10670203659667772,0.36093752913326743,0.99950000000000006,28.582052949235944
3d (m=+0),3,2,0,366,8.7175261495169618,0.96861401661299573,0.037480872763117221,0.10675934677241242,0.36347968103413086,0.99950000000000006,28.582052949235944
3d (m=+0),3,2,0,367,8.7413445269746592,0.97126050299718436,0.037387944517557378,0.10681190341124362,0.36602314135962422,0.99950000000000006,28.582052949235944
3d (m=+0),3,2,0,368,8.7651629044323549,0.97390698938137277,0.037294692877847951,0.10685972551209406,0.36856779711447257,0.99950000000000006,28.582052949235944
3d (m=+0),3,2,0,369,8.7889812818900523,0.9765534757655614,0.03720112441463299,0.10690283254024749,0.37111353576147937,0.99950000000000006,28.582052949235944
3d (m=+0),3,2,0,370,8.812799659347748,0.9791999621497498,0.037107245649303323,0.10694124441916029,0.37366024523253522,0.99950000000000006,28.582052949235944
3d (m=+0),3,2,0,371,8.8366180368054454,0.98184644853393843,0.037013063054092139,0.10697498152228163,0.37620781393943487,0.99950000000000006,28.582052949235944
3d (m=+0),3,2,0,372,8.8604364142631429,0.98449293491812695,0.036918583052174547,0.10700406466488509,0.37875613078449688,0.99950000000000006,28.582052949235944
3d (m=+0),3,2,0,373,8.8842547917208385,0.98713942130231536,0.036823812017770519,0.10702851509591199,0.38130508517099038,0.99950000000000006,28.582052949235944
3d (m=+0),3,2,0,374,8.908073169178536,0.98978590768650399,0.036728756276251544,0.10704835448983041,0.38385456701336812,0.99950000000000006,28.582052949235944
3d (m=+0),3,2,0,375,8.9318915466362316,0.99243239407069239,0.036633422104250718,0.10706360493850969,0.38640446674730361,0.99950000000000006,28.582052949235944
3d (m=+0),3,2,0,376,8.9557099240939291,0.99507888045488102,0.036537815729776262,0.10707428894311438,0.38895467533953804,0.99950000000000006,28.582052949235944
3d (m=+0),3,2,0,377,8.9795283015516247,0.99772536683906943,0.036441943332328308,0.10708042940601688,0.39150508429753111,0.99950000000000006,28.582052949235944
3d (m=+0),3,2,0,378,9.0033466790093222,1.0003718532232579,0.036345811043018997,0.10708204962273299,0.39405558567892263,0.99950000000000006,28.582052949235944
3d (m=+0),3,2,0,379,9.0271650564670178,1.0030183396074464,0.036249424944695657,0.10707917327387982,0.39660607210079923,0.99950000000000006,28.582052949235944
3d (m=+0),3,2,0,380,9.0509834339247153,1.005664825991635,0.03615279107206721,0.10707182441716016,0.3991564367487731,0.99950000000000006,28.582052949235944
3d (m=+0),3,2,0,381,9.0748018113824109,1.0083113123758234,0.036055915411833506,0.10706002747937214,0.40170657338586657,0.99950000000000006,28.582052949235944
3d (m=+0),3,2,0,382,9.0986201888401084,1.010957798760012,0.035958803902817603,0.10704380724844806,0.40425637636121042,0.99950000000000006,28.582052949235944
3d (m=+0),3,2,0,383,9.122438566297804,1.0136042851442004,0.035861462436101027,0.1070231888655227,0.40680574061854924,0.99950000000000006,28.582052949235944
3d (m=+0),3,2,0,384,9.1462569437555015,1.0162507715283891,0.035763896855161743,0.10699819781703317,0.40935456170456169,0.99950000000000006,28.582052949235944
3d (m=+0),3,2,0,385,9.1700753212131989,1.0188972579125777,0.035666112956014899,0.10696885992685104,0.4119027357769901,0.99950000000000006,28.582052949235944
3d (m=+0),3,2,0,386,9.1938936986708946,1.0215437442967661,0.035568116487356333,0.10693520134844953,0.41445015961258469,0.99950000000000006,28.582052949235944
3d (m=+0),3,2,0,387,9.217712076128592,1.0241902306809547,0.035469913150708528,0.10689724855710535,0.41699673061486203,0.99950000000000006,28.582052949235944
3d (m=+0),3,2,0,388,9.2415304535862877,1.0268367170651431,0.035371508600569312,0.10685502834213834,0.41954234682167607,0.99950000000000006,28.582052949235944
3d (m=+0),3,2,0,389,9.2653488310439851,1.0294832034493318,0.035272908444562823,0.10680856779918861,0.42208690691260764,0.99950000000000006,28.582052949235944
3d (m=+0),3,2,0,390,9.2891672085016808,1.0321296898335202,0.035174118243593094,0.10675789432253391,0.42463031021616754,0.99950000000000006,28.582052949235944
3d (m=+0),3,2,0,391,9.3129855859593782,1.0347761762177088,0.035075143511999834,0.10670303559744737,0.42717245671682014,0.99950000000000006,28.582052949235944
3d (m=+0),3,2,0,392,9.3368039634170739,1.0374226626018972,0.034975989717716642,0.10664401959259745,0.42971324706182229,0.99950000000000006,28.582052949235944
3d (m=+0),3,2,0,393,9.3606223408747713,1.0400691489860856,0.034876662282431345,0.10658087455249136,0.43225258256788496,0.99950000000000006,28.582052949235944
3d (m=+0),3,2,0,394,9.384440718332467,1.042715635370274,0.034777166581748564,0.10651362898996211,0.43479036522765219,0.99950000000000006,28.582052949235944
3d (m=+0),3,2,0,395,9.4082590957901644,1.0453621217544626,0.034677507945354347,0.10644231167870163,0.43732649771600479,0.99950000000000006,28.582052949235944
3d (m=+0),3,2,0,396,9.4320774732478601,1.048008608138651,0.034577691657182982,0.10636695164584062,0.43986088339618384,0.99950000000000006,28.582052949235944
3d (m=+0),3,2,0,397,9.4558958507055575,1.0506550945228397,0.034477722955585634,0.10628757816457526,0.44239342632574069,0.99950000000000006,28.582052949235944
3d (m=+0),3,2,0,398,9.4797142281632549,1.0533015809070283,0.034377607033501054,0.10620422074684303,0.44492403126230934,0.99950000000000006,28.582052949235944
3d (m=+0),3,2,0,399,9.5035326056209506,1.0559480672912167,0.034277349038628203,0.10611690913604863,0.44745260366920692,0.99950000000000006,28.582052949235944
3d (m=+0),3,2,0,400,9.527350983078648,1.0585945536754053,0.034176954073600517,0.10602567329983902,0.44997904972086122,0.99950000000000006,28.582052949235944
3d (m=+0),3,2,0,401,9.5511693605363437,1.0612410400595937,0.034076427196162211,0.10593054342293146,0.45250327630806525,0.99950000000000006,28.582052949235944
3d (m=+0),3,2,0,402,9.5749877379940411,1.0638875264437824,0.033975773419346128,0.10583154989999317,0.45502519104306405,0.99950000000000006,28.582052949235944
3d (m=+0),3,2,0,403,9.5988061154517368,1.0665340128279708,0.033874997711653324,0.10572872332857408,0.45754470226446969,0.99950000000000006,28.582052949235944
3d (m=+0),3,2,0,404,9.6226244929094342,1.0691804992121594,0.033774104997234322,0.10562209450209439,0.46006171904201165,0.99950000000000006,28.582052949235944
3d (m=+0),3,2,0,405,9.6464428703671299,1.0718269855963478,0.033673100156071861,0.10551169440288588,0.46257615118111778,0.99950000000000006,28.582052949235944
3d (m=+0),3,2,0,406,9.6702612478248273,1.0744734719805364,0.033571988024165222,0.10539755419528998,0.46508790922733312,0.99950000000000006,28.582052949235944
3d (m=+0),3,2,0,407,9.694079625282523,1.0771199583647248,0.033470773393716048,0.10527970521881148,0.46759690447057206,0.99950000000000006,28.582052949235944
3d (m=+0),3,2,0,408,9.7178980027402204,1.0797664447489135,0.033369461013315525,0.10515817898132949,0.47010304894921118,0.99950000000000006,28.582052949235944
3d (m=+0),3,2,0,409,9.7417163801979161,1.0824129311331019,0.03326805558813304,0.10503300715236634,0.47260625545401774,0.99950000000000006,28.582052949235944
3d (m=+0),3,2,0,410,9.7655347576556135,1.0850594175172903,0.033166561780106095,0.10490422155641473,0.47510643753192211,0.99950000000000006,28.582052949235944
3d (m=+0),3,2,0,411,9.789353135113311,1.0877059039014789,0.033064984208131552,0.1047718541663239,0.4776035094896286,0.99950000000000006,28.582052949235944
3d (m=+0),3,2,0,412,9.8131715125710066,1.0903523902856673,0.032963327448258126,0.10463593709674548,0.48009738639707167,0.99950000000000006,28.582052949235944
3d (m=+0),3,2,0,413,9.8369898900287041,1.092998876669856,0.032861596033880058,0.1044965025976399,0.48258798409071668,0.99950000000000006,28.582052949235944
3d (m=+0),3,2,0,414,9.8608082674863997,1.0956453630540444,0.032759794455931988,0.10435358304784283,0.48507521917670476,0.99950000000000006,28.582052949235944
3d (m=+0),3,2,0,415,9.8846266449440972,1.098291849438233,0.032657927163084889,0.10420721094869366,0.48755900903384808,0.99950000000000006,28.582052949235944
3d (m=+0),3,2,0,416,9.9084450224017928,1.1009383358224214,0.032555998561943134,0.10405741891772534,0.49003927181647089,0.99950000000000006,28.582052949235944
3d (m=+0),3,2,0,417,9.9322633998594902,1.10358482220661,0.032454013017242545,0.10390423968241656,0.4925159264571044,0.99950000000000006,28.582052949235944
3d (m=+0),3,2,0,418,9.9560817773171859,1.1062313085907984,0.032351974852049478,0.10374770607400657,0.49498889266903012,0.99950000000000006,28.582052949235944
3d (m=+0),3,2,0,419,9.9799001547748833,1.1088777949749871,0.032249888347960817,0.10358785102137333,0.49745809094867999,0.99950000000000006,28.582052949235944
3d (m=+0),3,2,0,420,10.003718532232579,1.1115242813591755,0.032147757745304949,0.10342470754497496,0.49992344257788829,0.99950000000000006,28.582052949235944
3d (m=+0),3,2,0,421,10.027536909690276,1.1141707677433641,0.032045587243343499,0.10325830875085494,0.50238486962600304,0.99950000000000006,28.582052949235944
3d (m=+0),3,2,0,422,10.051355287147972,1.1168172541275525,0.031943381000474086,0.10308868782471224,0.5048422949518524,0.99950000000000006,28.582052949235944
3d (m=+0),3,2,0,423,10.07517366460567,1.1194637405117411,0.031841143134433647,0.10291587802603488,0.50729564220557344,0.99950000000000006,28.582052949235944
3d (m=+0),3,2,0,424,10.098992042063367,1.1221102268959298,0.031738877722502723,0.10273991268229932,0.50974483583029961,0.99950000000000006,28.582052949235944
3d (m=+0),3,2,0,425,10.122810419521063,1.1247567132801182,0.031636588801710386,0.10256082518323457,0.51218980106371192,0.99950000000000006,28.582052949235944
3d (m=+0),3,2,0,426,10.14662879697876,1.1274031996643066,0.031534280369039817,0.10237864897515168,0.51463046393945511,0.99950000000000006,28.582052949235944
3d (m=+0),3,2,0,427,10.170447174436456,1.130049686048495,0.031431956381634686,0.1021934175553391,0.51706675128841717,0.99950000000000006,28.582052949235944
3d (m=+0),3,2,0,428,10.194265551894153,1.1326961724326836,0.031329620757005919,0.10200516446652315,0.51949859073987881,0.99950000000000006,28.582052949235944
3d (m=+0),3,2,0,429,10.218083929351849,1.135342658816872,0.03122727737323935,0.10181392329139589,0.52192591072252947,0.99950000000000006,28.582052949235944
3d (m=+0),3,2,0,430,10.241902306809546,1.1379891452010606,0.031124930069203648,0.10161972764720778,0.52434864046535601,0.99950000000000006,28.582052949235944
3d (m=+0),3,2,0,431,10.265720684267242,1.1406356315852491,0.031022582644758958,0.10142261118042732,0.52676670999840103,0.99950000000000006,28.582052949235944
3d (m=+0),3,2,0,432,10.289539061724939,1.1432821179694377,0.030920238860965947,0.10122260756146756,0.52918005015339709,0.99950000000000006,28.582052949235944
3d (m=+0),3,2,0,433,10.313357439182635,1.1459286043536261,0.03081790244029534,0.10101975047947837,0.53158859256427393,0.99950000000000006,28.582052949235944
3d (m=+0),3,2,0,434,10.337175816640332,1.1485750907378147,0.030715577066837866,0.10081407363720615,0.53399226966754476,0.99950000000000006,28.582052949235944
3d (m=+0),3,2,0,435,10.360994194098028,1.1512215771220031,0.030613266386514609,0.10060561074591975,0.53639101470256834,0.99950000000000006,28.582052949235944
3d (m=+0),3,2,0,436,10.384812571555726,1.1538680635061918,0.030510974007287733,0.10039439552040368,0.53878476171169376,0.99950000000000006,28.582052949235944
3d (m=+0),3,2,0,437,10.408630949013423,1.1565145498903804,0.030408703499371571,0.10018046167401796,0.54117344554028401,0.99950000000000006,28.582052949235944
3d (m=+0),3,2,0,438,10.432449326471119,1.1591610362745688,0.030306458395443971,0.099963842913824888,0.54355700183662459,0.99950000000000006,28.582052949235944
3d (m=+0),3,2,0,439,10.456267703928816,1.1618075226587574,0.03020424219085795,0.09974457293578258,0.54593536705171697,0.99950000000000006,28.582052949235944
3d (m=+0),3,2,0,440,10.480086081386512,1.1644540090429458,0.030102058343853638,0.099522685420005697,0.54830847843895614,0.99950000000000006,28.582052949235944
3d (m=+0),3,2,0,441,10.503904458844209,1.1671004954271345,0.029999910275770376,0.099298214026092776,0.55067627405369923,0.99950000000000006,28.582052949235944
3d (m=+0),3,2,0,442,10.527722836301905,1.1697469818113229,0.029897801371259108,0.099071192388520385,0.55303869275272033,0.99950000000000006,28.582052949235944
3d (m=+0),3,2,0,443,10.551541213759602,1.1723934681955113,0.029795734978494845,0.098841654112104133,0.55539567419355995,0.99950000000000006,28.582052949235944
3d (m=+0),3,2,0,444,10.575359591217298,1.1750399545796997,0.029693714409389383,0.098609632767526281,0.55774715883376336,0.99950000000000006,28.582052949235944
3d (m=+0),3,2,0,445,10.599177968674995,1.1776864409638883,0.029591742939804044,0.098375161886929907,0.56009308793001678,0.99950000000000006,28.582052949235944
3d (m=+0),3,2,0,446,10.622996346132691,1.1803329273480767,0.029489823809762616,0.098138274959579608,0.56243340353717641,0.99950000000000006,28.582052949235944
3d (m=+0),3,2,0,447,10.646814723590388,1.1829794137322653,0.029387960223664279,0.09789900542758849,0.56476804850719742,0.99950000000000006,28.582052949235944
3d (m=+0),3,2,0,448,10.670633101048086,1.185625900116454,0.029286155350496626,0.097657386681711242,0.56709696648795982,0.99950000000000006,28.582052949235944
3d (m=+0),3,2,0,449,10.694451478505782,1.1882723865006424,0.029184412324048746,0.097413452057203684,0.56942010192199621,0.99950000000000006,28.582052949235944
3d (m=+0),3,2,0,450,10.718269855963479,1.190918872884831,0.029082734243124218,0.097167234829747748,0.57173740004512197,0.99950000000000006,28.582052949235944
3d (m=+0),3,2,0,451,10.742088233421175,1.1935653592690194,0.028981124171754163,0.096918768211442186,0.57404880688496729,0.99950000000000006,28.582052949235944
3d (m=+0),3,2,0,452,10.765906610878872,1.196211845653208,0.028879585139410236,0.096668085346859237,0.57635426925941713,0.99950000000000006,28.582052949235944
3d (m=+0),3,2,0,453,10.789724988336568,1.1988583320373964,0.028778120141217577,0.09641521930916637,0.57865373477495541,0.99950000000000006,28.582052949235944
3d (m=+0),3,2,0,454,10.813543365794265,1.2015048184215851,0.028676732138167606,0.096160203096312902,0.58094715182492007,0.99950000000000006,28.582052949235944
3d (m=+0),3,2,0,455,10.837361743251961,1.2041513048057735,0.028575424057330819,0.095903069627281845,0.58323446958766556,0.99950000000000006,28.582052949235944
3d (m=+0),3,2,0,456,10.861180120709658,1.2067977911899621,0.028474198792069347,0.095643851738406185,0.58551563802463946,0.99950000000000006,28.582052949235944
3d (m=+0),3,2,0,457,10.884998498167354,1.2094442775741505,0.028373059202249484,0.095382582179749612,0.58779060787836956,0.99950000000000006,28.582052949235944
3d (m=+0),3,2,0,458,10.908816875625051,1.2120907639583391,0.028272008114453958,0.095119293611551581,0.59005933067036787,0.99950000000000006,28.582052949235944
3d (m=+0),3,2,0,459,10.932635253082747,1.2147372503425276,0.028171048322194081,0.094854018600735723,0.59232175869894832,0.99950000000000006,28.582052949235944
3d (m=+0),3,2,0,460,10.956453630540445,1.217383736726716,0.028070182586121623,0.094586789617482278,0.59457784503696476,0.99950000000000006,28.582052949235944
3d (m=+0),3,2,0,461,10.980272007998142,1.2200302231109046,0.027969413634240596,0.094317639031863895,0.59682754352946521,0.99950000000000006,28.582052949235944
3d (m=+0),3,2,0,462,11.004090385455838,1.222676709495093,0.027868744162118635,0.094046599110543763,0.59907080879126873,0.99950000000000006,28.582052949235944
3d (m=+0),3,2,0,463,11.027908762913535,1.2253231958792816,0.027768176833098245,0.093773702013537172,0.60130759620446461,0.99950000000000006,28.582052949235944
3d (m=+0),3,2,0,464,11.051727140371231,1.22796968226347,0.027667714278507734,0.093498979791034886,0.6035378619158327,0.99950000000000006,28.582052949235944
3d (m=+0),3,2,0,465,11.075545517828928,1.2306161686476587,0.027567359097871801,0.093222464380288653,0.60576156283419214,0.99950000000000006,28.582052949235944
3d (m=+0),3,2,0,466,11.099363895286624,1.2332626550318471,0.027467113859121962,0.092944187602558764,0.60797865662767359,0.99950000000000006,28.582052949235944
3d (m=+0),3,2,0,467,11.123182272744321,1.2359091414160357,0.027366981098806465,0.092664181160122205,0.61018910172092211,0.99950000000000006,28.582052949235944
3d (m=+0),3,2,0,468,11.147000650202017,1.2385556278002241,0.027266963322300004,0.092382476633342411,0.61239285729222703,0.99950000000000006,28.582052949235944
3d (m=+0),3,2,0,469,11.170819027659714,1.2412021141844127,0.027167063004013,0.092099105477799231,0.61458988327058517,0.99950000000000006,28.582052949235944
3d (m=+0),3,2,0,470,11.19463740511741,1.2438486005686011,0.027067282587600595,0.091814099021479537,0.61678014033269424,0.99950000000000006,28.582052949235944
3d (m=+0),3,2,0,471,11.218455782575107,1.2464950869527898,0.026967624486171109,0.091527488462026935,0.61896358989988209,0.99950000000000006,28.582052949235944
3d (m=+0),3,2,0,472,11.242274160032803,1.2491415733369782,0.02686809108249431,0.091239304864052004,0.62114019413496868,0.99950000000000006,28.582052949235944
3d (m=+0),3,2,0,473,11.266092537490501,1.2517880597211668,0.026768684729209031,0.090949579156500412,0.62330991593906782,0.99950000000000006,28.582052949235944
3d (m=+0),3,2,0,474,11.289910914948198,1.2544345461053554,0.026669407749030549,0.090658342130080644,0.62547271894832357,0.99950000000000006,28.582052949235944
3d (m=+0),3,2,0,475,11.313729292405894,1.2570810324895438,0.026570262434957435,0.09036562443474952,0.62762856753058882,0.99950000000000006,28.582052949235944
3d (m=+0),3,2,0,476,11.337547669863591,1.2597275188737322,0.026471251050477915,0.090071456577255446,0.6297774267820434,0.99950000000000006,28.582052949235944
3d (m=+0),3,2,0,477,11.361366047321287,1.2623740052579207,0.026372375829775873,0.089775868918739621,0.63191926252375374,0.99950000000000006,28.582052949235944
3d (m=+0),3,2,0,478,11.385184424778984,1.2650204916421093,0.026273638977936234,0.089478891672393604,0.63405404129817811,0.99950000000000006,28.582052949235944
3d (m=+0),3,2,0,479,11.40900280223668,1.2676669780262977,0.026175042671149978,0.089180554901173839,0.63618173036561421,0.99950000000000006,28.582052949235944
3d (m=+0),3,2,0,480,11.432821179694377,1.2703134644104863,0.026076589056918526,0.088880888515572104,0.63830229770059543,0.99950000000000006,28.582052949235944
3d (m=+0),3,2,0,481,11.456639557152073,1.2729599507946747,0.025978280254257718,0.088579922271441708,0.64041571198823233,0.99950000000000006,28.582052949235944
3d (m=+0),3,2,0,482,11.48045793460977,1.2756064371788634,0.02588011835390118,0.088277685767879047,0.64252194262050533,0.99950000000000006,28.582052949235944
3d (m=+0),3,2,0,483,11.504276312067466,1.2782529235630518,0.025782105418503197,0.087974208445159643,0.64462095969250532,0.99950000000000006,28.582052949235944
3d (m=+0),3,2,0,484,11.528094689525163,1.2808994099472404,0.025684243482840974,0.087669519582728742,0.64671273399862805,0.99950000000000006,28.582052949235944
3d (m=+0),3,2,0,485,11.551913066982859,1.2835458963314288,0.025586534554016421,0.087363648297245688,0.64879723702871872,0.99950000000000006,28.582052949235944
3d (m=+0),3,2,0,486,11.575731444440557,1.2861923827156174,0.02548898061165724,0.087056623540681555,0.65087444096417368,0.99950000000000006,28.582052949235944
3d (m=+0),3,2,0,487,11.599549821898254,1.2888388690998061,0.025391583608117576,0.08674847409847021,0.65294431867399427,0.99950000000000006,28.582052949235944
3d (m=+0),3,2,0,488,11.62336819935595,1.2914853554839945,0.025294345468677936,0.086439228587711053,0.65500684371079965,0.99950000000000006,28.582052949235944
3d (m=+0),3,2,0,489,11.647186576813647,1.2941318418681831,0.025197268091744544,0.086128915455424226,0.65706199030679646,0.99950000000000006,28.582052949235944
3d (m=+0),3,2,0,490,11.671004954271343,1.2967783282523715,0.025100353349048157,0.085817562976857484,0.65910973336970724,0.99950000000000006,28.582052949235944
3d (m=+0),3,2,0,491,11.69482333172904,1.2994248146365601,0.025003603085842114,0.085505199253843422,0.66115004847866032,0.99950000000000006,28.582052949235944
3d (m=+0),3,2,0,492,11.718641709186736,1.3020713010207485,0.024907019121099883,0.085191852213207894,0.66318291188003931,0.99950000000000006,28.582052949235944
3d (m=+0),3,2,0,493,11.742460086644433,1.3047177874049369,0.024810603247711886,0.084877549605228211,0.66520830048329749,0.99950000000000006,28.582052949235944
3d (m=+0),3,2,0,494,11.766278464102129,1.3073642737891253,0.024714357232681689,0.084562319002140604,0.66722619185673382,0.99950000000000006,28.582052949235944
3d (m=+0),3,2,0,495,11.790096841559826,1.310010760173314,0.024618282817321559,0.084246187796697389,0.6692365642232363,0.99950000000000006,28.582052949235944
3d (m=+0),3,2,0,496,11.813915219017522,1.3126572465575024,0.024522381717447302,0.083929183200771917,0.67123939645598918,0.99950000000000006,28.582052949235944
3d (m=+0),3,2,0,497,11.837733596475219,1.315303732941691,0.02442665562357246,0.083611332244012196,0.67323466807414967,0.99950000000000006,28.582052949235944
3d (m=+0),3,2,0,498,11.861551973932915,1.3179502193258794,0.024331106201101849,0.083292661772541937,0.67522235923849128,0.99950000000000006,28.582052949235944
3d (m=+0),3,2,0,499,11.885370351390613,1.320596705710068,0.024235735090524287,0.08297319844770816,0.67720245074701857,0.99950000000000006,28.582052949235944
3d (m=+0),3,2,0,500,11.90918872884831,1.3232431920942567,0.024140543907604832,0.08265296874487639,0.67917492403055091,0.99950000000000006,28.582052949235944
3d (m=+0),3,2,0,501,11.933007106306006,1.3258896784784451,0.024045534243576062,0.082331998952270585,0.68113976114827912,0.99950000000000006,28.582052949235944
3d (m=+0),3,2,0,502,11.956825483763703,1.3285361648626337,0.023950707665328839,0.082010315169859849,0.6830969447832953,0.99950000000000006,28.582052949235944
3d (m=+0),3,2,0,503,11.980643861221399,1.3311826512468221,0.023856065715602264,0.081687943308289268,0.68504645823809529,0.99950000000000006,28.582052949235944
3d (m=+0),3,2,0,504,12.004462238679096,1.3338291376310107,0.023761609913172915,0.081364909087855958,0.68698828543005808,0.99950000000000006,28.582052949235944
3d (m=+0),3,2,0,505,12.028280616136792,1.3364756240151991,0.023667341753043362,0.081041238037528412,0.68892241088689932,0.99950000000000006,28.582052949235944
3d (m=+0),3,2,0,506,12.052098993594489,1.3391221103993878,0.023573262706629929,0.080716955494010145,0.69084881974210399,0.99950000000000006,28.582052949235944
3d (m=+0),3,2,0,507,12.075917371052185,1.3417685967835762,0.023479374221949758,0.080392086600845875,0.69276749773033552,0.99950000000000006,28.582052949235944
3d (m=+0),3,2,0,508,12.099735748509882,1.3444150831677648,0.023385677723807008,0.080066656307569997,0.69467843118282568,0.99950000000000006,28.582052949235944
3d (m=+0),3,2,0,509,12.123554125967578,1.3470615695519532,0.023292174613978464,0.079740689368897805,0.69658160702274297,0.99950000000000006,28.582052949235944
3d (m=+0),3,2,0,510,12.147372503425276,1.3497080559361416,0.023198866271398215,0.079414210343957264,0.6984770127605443,0.99950000000000006,28.582052949235944
3d (m=+0),3,2,0,511,12.171190880882971,1.35235454232033,0.023105754052341679,0.079087243595562448,0.7003646364893068,0.99950000000000006,28.582052949235944
3d (m=+0),3,2,0,512,12.195009258340669,1.3550010287045187,0.023012839290608801,0.078759813289527025,0.7022444668800446,0.99950000000000006,28.582052949235944
3d (m=+0),3,2,0,513,12.218827635798366,1.3576475150887073,0.022920123297706523,0.078431943394017975,0.7041164931770082,0.99950000000000006,28.582052949235944
3d (m=+0),3,2,0,514,12.242646013256062,1.3602940014728957,0.022827607363030411,0.078103657678948557,0.70598070519296974,0.99950000000000006,28.582052949235944
3d (m=+0),3,2,0,515,12.266464390713759,1.3629404878570843,0.022735292754045518,0.077774979715410184,0.70783709330449496,0.99950000000000006,28.582052949235944
3d (m=+0),3,2,0,516,12.290282768171455,1.3655869742412727,0.022643180716466458,0.077445932875142551,0.70968564844719983,0.99950000000000006,28.582052949235944
3d (m=+0),3,2,0,517,12.314101145629152,1.3682334606254614,0.022551272474436723,0.07711654033004238,0.71152636211099796,0.99950000000000006,28.582052949235944
3d (m=+0),3,2,0,518,12.337919523086848,1.3708799470096498,0.02245956923070714,0.07678682505170871,0.71335922633533411,0.99950000000000006,28.582052949235944
3d (m=+0),3,2,0,519,12.361737900544545,1.3735264333938384,0.022368072166813534,0.076456809811025511,0.7151842337044092,0.99950000000000006,28.582052949235944
3d (m=+0),3,2,0,520,12.385556278002241,1.3761729197780268,0.022276782443253648,0.07612651717778067,0.71700137734239444,0.99950000000000006,28.582052949235944
3d (m=+0),3,2,0,521,12.409374655459938,1.3788194061622154,0.022185701199663146,0.075795969520320819,0.71881065090863816,0.99950000000000006,28.582052949235944
3d (m=+0),3,2,0,522,12.433193032917634,1.3814658925464038,0.022094829554990886,0.075465189005241323,0.72061204859286321,0.99950000000000006,28.582052949235944
3d (m=+0),3,2,0,523,12.457011410375332,1.3841123789305925,0.022004168607673364,0.075134197597111735,0.72240556511035947,0.99950000000000006,28.582052949235944
3d (m=+0),3,2,0,524,12.480829787833027,1.3867588653147809,0.021913719435808308,0.074803017058235013,0.72419119569716772,0.99950000000000006,28.582052949235944
3d (m=+0),3,2,0,525,12.504648165290725,1.3894053516989695,0.021823483097327439,0.0744716689484409,0.72596893610526081,0.99950000000000006,28.582052949235944
3d (m=+0),3,2,0,526,12.528466542748422,1.3920518380831579,0.021733460630168493,0.074140174624912861,0.72773878259771807,0.99950000000000006,28.582052949235944
3d (m=+0),3,2,0,527,12.552284920206118,1.3946983244673463,0.021643653052446268,0.073808555242047311,0.72950073194389697,0.99950000000000006,28.582052949235944
3d (m=+0),3,2,0,528,12.576103297663815,1.3973448108515349,0.021554061362622966,0.07347683175134602,0.73125478141460276,0.99950000000000006,28.582052949235944
3d (m=+0),3,2,0,529,12.599921675121511,1.3999912972357234,0.021464686539677681,0.073145024901340089,0.73300092877725365,0.99950000000000006,28.582052949235944
3d (m=+0),3,2,0,530,12.623740052579208,1.402637783619912,0.02137552954327496,0.072813155237544988,0.7347391722910469,0.99950000000000006,28.582052949235944
3d (m=+0),3,2,0,531,12.647558430036904,1.4052842700041004,0.021286591313932644,0.072481243102447163,0.7364695107021223,0.99950000000000006,28.582052949235944
3d (m=+0),3,2,0,532,12.671376807494601,1.407930756388289,0.021197872773188783,0.072149308635520701,0.73819194323872728,0.99950000000000006,28.582052949235944
3d (m=+0),3,2,0,533,12.695195184952297,1.4105772427724774,0.021109374823767742,0.07181737177327388,0.73990646960638129,0.99950000000000006,28.582052949235944
3d (m=+0),3,2,0,534,12.719013562409994,1.4132237291566661,0.021021098349745457,0.071485452249325565,0.74161308998304343,0.99950000000000006,28.582052949235944
3d (m=+0),3,2,0,535,12.74283193986769,1.4158702155408545,0.020933044216713881,0.071153569594510566,0.74331180501427996,0.99950000000000006,28.582052949235944
3d (m=+0),3,2,0,536,12.766650317325388,1.4185167019250431,0.020845213271944479,0.070821743137012921,0.74500261580843696,0.99950000000000006,28.582052949235944
3d (m=+0),3,2,0,537,12.790468694783083,1.4211631883092315,0.020757606344551028,0.070489992002528326,0.74668552393181475,0.99950000000000006,28.582052949235944
3d (m=+0),3,2,0,538,12.814287072240781,1.4238096746934201,0.020670224245651365,0.070158335114452755,0.74836053140384773,0.99950000000000006,28.582052949235944
3d (m=+0),3,2,0,539,12.838105449698478,1.4264561610776088,0.020583067768528498,0.069826791194099638,0.750027640692288,0.99950000000000006,28.582052949235944
3d (m=+0),3,2,0,540,12.861923827156174,1.4291026474617972,0.020496137688790734,0.069495378760942916,0.75168685470839525,0.99950000000000006,28.582052949235944
3d (m=+0),3,2,0,541,12.885742204613871,1.4317491338459858,0.020409434764530922,0.069164116132885964,0.75333817680213266,0.99950000000000006,28.582052949235944
3d (m=+0),3,2,0,542,12.909560582071567,1.4343956202301742,0.020322959736485,0.068833021426557284,0.7549816107573688,0.99950000000000006,28.582052949235944
3d (m=+0),3,2,0,543,12.933378959529264,1.4370421066143626,0.020236713328189486,0.068502112557630501,0.75661716078708818,0.99950000000000006,28.582052949235944
3d (m=+0),3,2,0,544,12.95719733698696,1.439688592998551,0.020150696246138262,0.06817140724116949,0.758244831528608,0.99950000000000006,28.582052949235944
3d (m=+0),3,2,0,545,12.981015714444657,1.4423350793827396,0.020064909179938431,0.067840922991998301,0.75986462803880528,0.99950000000000006,28.582052949235944
3d (m=+0),3,2,0,546,13.004834091902353,1.444981565766928,0.019979352802465353,0.067510677125094301,0.76147655578935125,0.99950000000000006,28.582052949235944
3d (m=+0),3,2,0,547,13.028652469360051,1.4476280521511167,0.019894027770016771,0.067180686756005387,0.76308062066195725,0.99950000000000006,28.582052949235944
3d (m=+0),3,2,0,548,13.052470846817746,1.4502745385353051,0.019808934722466143,0.066850968801289823,0.76467682894362898,0.99950000000000006,28.582052949235944
3d (m=+0),3,2,0,549,13.076289224275444,1.4529210249194937,0.019724074283415029,0.066521539978978805,0.76626518732193327,0.99950000000000006,28.582052949235944
3d (m=+0),3,2,0,550,13.100107601733139,1.4555675113036821,0.019639447060344716,0.06619241680906128,0.76784570288027421,0.99950000000000006,28.582052949235944
3d (m=+0),3,2,0,551,13.123925979190837,1.4582139976878707,0.019555053644766909,0.065863615613990401,0.76941838309318333,0.99950000000000006,28.582052949235944
3d (m=+0),3,2,0,552,13.147744356648534,1.4608604840720594,0.019470894612373616,0.065535152519211409,0.77098323582161987,0.99950000000000006,28.582052949235944
3d (m=+0),3,2,0,553,13.17156273410623,1.4635069704562478,0.019386970523186123,0.06520704345371009,0.77254026930828545,0.99950000000000006,28.582052949235944
3d (m=+0),3,2,0,554,13.195381111563927,1.4661534568404364,0.019303281921703143,0.064879304150582018,0.77408949217295153,0.99950000000000006,28.582052949235944
3d (m=+0),3,2,0,555,13.219199489021623,1.4687999432246248,0.019219829337048085,0.064551950147621523,0.77563091340780033,0.99950000000000006,28.582052949235944
3d (m=+0),3,2,0,556,13.24301786647932,1.4714464296088134,0.019136613283115479,0.06422499678793045,0.77716454237278076,0.99950000000000006,28.582052949235944
3d (m=+0),3,2,0,557,13.266836243937016,1.4740929159930019,0.019053634258716572,0.063898459220546336,0.77869038879097796,0.99950000000000006,28.582052949235944
3d (m=+0),3,2,0,558,13.290654621394713,1.4767394023771905,0.01897089274772398,0.063572352401088758,0.78020846274399958,0.99950000000000006,28.582052949235944
3d (m=+0),3,2,0,559,13.314472998852409,1.4793858887613789,0.018888389219215582,0.063246691092424728,0.78171877466737583,0.99950000000000006,28.582052949235944
3d (m=+0),3,2,0,560,13.338291376310107,1.4820323751455673,0.018806124127617473,0.062921489865351593,0.78322133534597749,0.99950000000000006,28.582052949235944
3d (m=+0),3,2,0,561,13.362109753767802,1.4846788615297557,0.018724097912846117,0.062596763099297723,0.78471615590944876,0.99950000000000006,28.582052949235944
3d (m=+0),3,2,0,562,13.3859281312255,1.4873253479139443,0.018642311000449625,0.062272524983040353,0.78620324782765827,0.99950000000000006,28.582052949235944
3d (m=+0),3,2,0,563,13.409746508683195,1.4899718342981327,0.018560763801748204,0.061948789515440479,0.7876826229061662,0.99950000000000006,28.582052949235944
3d (m=+0),3,2,0,564,13.433564886140893,1.4926183206823214,0.018479456713973681,0.061625570506193501,0.78915429328171049,0.99950000000000006,28.582052949235944
3d (m=+0),3,2,0,565,13.45738326359859,1.49526480706651,0.018398390120408271,0.061302881576596635,0.79061827141770968,0.99950000000000006,28.582052949235944
3d (m=+0),3,2,0,566,13.481201641056286,1.4979112934506984,0.018317564390522401,0.060980736160331311,0.79207457009978499,0.99950000000000006,28.582052949235944
3d (m=+0),3,2,0,567,13.505020018513983,1.500557779834887,0.018236979880111751,0.060659147504261365,0.79352320243130181,0.99950000000000006,28.582052949235944
3d (m=+0),3,2,0,568,13.528838395971679,1.5032042662190754,0.018156636931433452,0.060338128669245962,0.79496418182892858,0.99950000000000006,28.582052949235944
3d (m=+0),3,2,0,569,13.552656773429376,1.5058507526032641,0.018076535873341348,0.060017692530966719,0.79639752201821745,0.99950000000000006,28.582052949235944
3d (m=+0),3,2,0,570,13.576475150887072,1.5084972389874525,0.017996677021420524,0.059697851780769418,0.79782323702920266,0.99950000000000006,28.582052949235944
3d (m=+0),3,2,0,571,13.600293528344769,1.5111437253716411,0.017917060678120902,0.059378618926519307,0.79924134119202095,0.99950000000000006,28.582052949235944
3d (m=+0),3,2,0,572,13.624111905802465,1.5137902117558295,0.017837687132890041,0.059060006293469684,0.80065184913255105,0.99950000000000006,28.582052949235944
3d (m=+0),3,2,0,573,13.647930283260163,1.5164366981400181,0.017758556662305074,0.058742026025143869,0.80205477576807538,0.99950000000000006,28.582052949235944
3d (m=+0),3,2,0,574,13.671748660717858,1.5190831845242065,0.017679669530203845,0.058424690084229805,0.80345013630296125,0.99950000000000006,28.582052949235944
3d (m=+0),3,2,0,575,13.695567038175556,1.5217296709083952,0.017601025987815121,0.058108010253486747,0.80483794622436544,0.99950000000000006,28.582052949235944
3d (m=+0),3,2,0,576,13.719385415633251,1.5243761572925836,0.017522626273888075,0.057791998136664392,0.80621822129795884,0.99950000000000006,28.582052949235944
3d (m=+0),3,2,0,577,13.743203793090949,1.527022643676772,0.017444470614820837,0.0574766651594334,0.80759097756367415,0.99950000000000006,28.582052949235944
3d (m=+0),3,2,0,578,13.767022170548646,1.5296691300609606,0.017366559224788258,0.057162022570327271,0.80895623133147543,0.99950000000000006,28.582052949235944
3d (m=+0),3,2,0,579,13.790840548006342,1.532315616445149,0.017288892305868876,0.056848081441695619,0.81031399917715019,0.99950000000000006,28.582052949235944
3d (m=+0),3,2,0,580,13.814658925464039,1.5349621028293376,0.01721147004817096,0.05653485267066756,0.81166429793812489,0.99950000000000006,28.582052949235944
3d (m=+0),3,2,0,581,13.838477302921735,1.5376085892135261,0.017134292629957828,0.056222346980125903,0.81300714470930258,0.99950000000000006,28.582052949235944
3d (m=+0),3,2,0,582,13.862295680379432,1.5402550755977147,0.017057360217772256,0.055910574919691217,0.81434255683892476,0.99950000000000006,28.582052949235944
3d (m=+0),3,2,0,583,13.886114057837128,1.5429015619819031,0.016980672966560098,0.055599546866715414,0.81567055192445592,0.99950000000000006,28.582052949235944
3d (m=+0),3,2,0,584,13.909932435294825,1.5455480483660917,0.016904231019793096,0.055289273027285188,0.81699114780849291,0.99950000000000006,28.582052949235944
3d (m=+0),3,2,0,585,13.933750812752521,1.5481945347502801,0.016828034509590886,0.054979763437234361,0.81830436257469708,0.99950000000000006,28.582052949235944
3d (m=+0),3,2,0,586,13.957569190210219,1.5508410211344688,0.01675208355684208,0.054671027963164552,0.81961021454375205,0.99950000000000006,28.582052949235944
3d (m=+0),3,2,0,587,13.981387567667914,1.5534875075186572,0.016676378271324697,0.054363076303475213,0.8209087222693443,0.99950000000000006,28.582052949235944
3d (m=+0),3,2,0,588,14.005205945125612,1.5561339939028458,0.016600918751825629,0.054055917989401028,0.82219990453417013,0.99950000000000006,28.582052949235944
3d (m=+0),3,2,0,589,14.029024322583309,1.5587804802870344,0.016525705086259376,0.053749562386057562,0.8234837803459657,0.99950000000000006,28.582052949235944
3d (m=+0),3,2,0,590,14.052842700041005,1.5614269666712228,0.016450737351785996,0.053444018693494744,0.82476036893356319,0.99950000000000006,28.582052949235944
3d (m=+0),3,2,0,591,14.076661077498702,1.5640734530554115,0.016376015614928154,0.05313929594775705,0.82602968974297208,0.99950000000000006,28.582052949235944
3d (m=+0),3,2,0,592,14.100479454956398,1.5667199394395999,0.01630153993168746,0.052835403021951256,0.82729176243348512,0.99950000000000006,28.582052949235944
3d (m=+0),3,2,0,593,14.124297832414095,1.5693664258237883,0.016227310347659944,0.052532348627320563,0.82854660687381076,0.99950000000000006,28.582052949235944
3d (m=+0),3,2,0,594,14.148116209871791,1.5720129122079767,0.016153326898150772,0.052230141314325393,0.8297942431382298,0.99950000000000006,28.582052949235944
3d (m=+0),3,2,0,595,14.171934587329488,1.5746593985921653,0.016079589608288133,0.051928789473730322,0.83103469150277987,0.99950000000000006,28.582052949235944
3d (m=+0),3,2,0,596,14.195752964787184,1.5773058849763537,0.016006098493136382,0.051628301337696893,0.83226797244146355,0.99950000000000006,28.582052949235944
3d (m=+0),3,2,0,597,14.219571342244882,1.5799523713605423,0.0159328535578083,0.051328684980881958,0.83349410662248502,0.99950000000000006,28.582052949235944
3d (m=+0),3,2,0,598,14.243389719702577,1.5825988577447307,0.015859854797576692,0.05102994832154184,0.8347131149045105,0.99950000000000006,28.582052949235944
3d (m=+0),3,2,0,599,14.267208097160275,1.5852453441289194,0.01578710219798506,0.050732099122640914,0.83592501833295729,0.99950000000000006,28.582052949235944
3d (m=+0),3,2,0,600,14.29102647461797,1.5878918305131078,0.01571459573495762,0.050435144992965746,0.83712983813630748,0.99950000000000006,28.582052949235944
3d (m=+0),3,2,0,601,14.314844852075668,1.5905383168972964,0.015642335374908424,0.050139093388243329,0.83832759572244953,0.99950000000000006,28.582052949235944
3d (m=+0),3,2,0,602,14.338663229533365,1.593184803281485,0.015570321074849817,0.049843951612264126,0.83951831267504551,0.99950000000000006,28.582052949235944
3d (m=+0),3,2,0,603,14.362481606991061,1.5958312896656734,0.01549855278250002,0.049549726818008816,0.84070201074992601,0.99950000000000006,28.582052949235944
3d (m=+0),3,2,0,604,14.386299984448758,1.5984777760498621,0.015427030436389995,0.049256426008779233,0.84187871187151164,0.99950000000000006,28.582052949235944
3d (m=+0),3,2,0,605,14.410118361906454,1.6011242624340505,0.015355753965969509,0.048964056039332592,0.843048438129261,0.99950000000000006,28.582052949235944
3d (m=+0),3,2,0,606,14.433936739364151,1.6037707488182391,0.015284723291712472,0.048672623617019621,0.8442112117741466,0.99950000000000006,28.582052949235944
3d (m=+0),3,2,0,607,14.457755116821847,1.6064172352024275,0.015213938325221485,0.048382135302925434,0.84536705521515709,0.99950000000000006,28.582052949235944
3d (m=+0),3,2,0,608,14.481573494279544,1.6090637215866161,0.015143398969331598,0.048092597513013452,0.84651599101582742,0.99950000000000006,28.582052949235944
3d (m=+0),3,2,0,609,14.50539187173724,1.6117102079708046,0.015073105118213382,0.047804016519272186,0.84765804189079541,0.99950000000000006,28.582052949235944
3d (m=+0),3,2,0,610,14.529210249194938,1.614356694354993,0.015003056657475164,0.047516398450864326,0.84879323070238699,0.99950000000000006,28.582052949235944
3d (m=+0),3,2,0,611,14.553028626652633,1.6170031807391814,0.014933253464264561,0.04722974929527813,0.8499215804572271,0.99950000000000006,28.582052949235944
3d (m=+0),3,2,0,612,14.576847004110331,1.61964966712337,0.014863695407369251,0.046944074899481027,0.85104311430287993,0.99950000000000006,28.582052949235944
3d (m=+0),3,2,0,613,14.600665381568026,1.6222961535075584,0.014794382347317026,0.04665938097107511,0.85215785552451473,0.99950000000000006,28.582052949235944
3d (m=+0),3,2,0,614,14.624483759025724,1.624942639891747,0.014725314136475006,0.046375673079453762,0.85326582754160107,0.99950000000000006,28.582052949235944
3d (m=+0),3,2,0,615,14.648302136483421,1.6275891262759357,0.014656490619148256,0.046092956656960518,0.85436705390463008,0.99950000000000006,28.582052949235944
3d (m=+0),3,2,0,616,14.672120513941117,1.6302356126601241,0.014587911631677527,0.045811237000048396,0.85546155829186399,0.99950000000000006,28.582052949235944
3d (m=+0),3,2,0,617,14.695938891398814,1.6328820990443127,0.01451957700253634,0.045530519270440786,0.85654936450611374,0.99950000000000006,28.582052949235944
3d (m=+0),3,2,0,618,14.71975726885651,1.6355285854285011,0.014451486552427348,0.045250808496293024,0.85763049647154321,0.99950000000000006,28.582052949235944
3d (m=+0),3,2,0,619,14.743575646314207,1.6381750718126897,0.014383640094377903,0.044972109573354492,0.85870497823050207,0.99950000000000006,28.582052949235944
3d (m=+0),3,2,0,620,14.767394023771903,1.6408215581968781,0.014316037433834972,0.044694427266131417,0.85977283394038573,0.99950000000000006,28.582052949235944
3d (m=+0),3,2,0,621,14.7912124012296,1.6434680445810668,0.01424867836875927,0.044417766209049761,0.86083408787052329,0.99950000000000006,28.582052949235944
3d (m=+0),3,2,0,622,14.815030778687296,1.6461145309652552,0.014181562689718709,0.044142130907618163,0.86188876439909301,0.99950000000000006,28.582052949235944
3d (m=+0),3,2,0,623,14.838849156144994,1.6487610173494438,0.014114690179981121,0.043867525739591073,0.86293688801006585,0.99950000000000006,28.582052949235944
3d (m=+0),3,2,0,624,14.862667533602689,1.6514075037336322,0.014048060615606284,0.043593954956131435,0.86397848329017568,0.99950000000000006,28.582052949235944
3d (m=+0),3,2,0,625,14.886485911060387,1.6540539901178208,0.013981673765537191,0.04332142268297285,0.8650135749259189,0.99950000000000006,28.582052949235944
3d (m=+0),3,2,0,626,14.910304288518082,1.6567004765020092,0.013915529391690688,0.043049932921581407,0.86604218770057995,0.99950000000000006,28.582052949235944
3d (m=+0),3,2,0,627,14.93412266597578,1.6593469628861977,0.013849627249047314,0.042779489550316387,0.86706434649128583,0.99950000000000006,28.582052949235944
3d (m=+0),3,2,0,628,14.957941043433477,1.6619934492703863,0.013783967085740525,0.042510096325590357,0.86808007626608741,0.99950000000000006,28.582052949235944
3d (m=+0),3,2,0,629,14.981759420891173,1.6646399356545747,0.013718548643145201,0.042241756883028156,0.86908940208106844,0.99950000000000006,28.582052949235944
3d (m=+0),3,2,0,630,15.00557779834887,1.6672864220387633,0.013653371655965391,0.041974474738624222,0.87009234907748312,0.99950000000000006,28.582052949235944
3d (m=+0),3,2,0,631,15.029396175806566,1.6699329084229517,0.013588435852321506,0.041708253289899265,0.87108894247891966,0.99950000000000006,28.582052949235944
3d (m=+0),3,2,0,632,15.053214553264263,1.6725793948071404,0.013523740953836653,0.041443095817054451,0.87207920758849278,0.99950000000000006,28.582052949235944
3d (m=+0),3,2,0,633,15.077032930721959,1.6752258811913288,0.013459286675722439,0.041179005484124703,0.87306316978606247,0.99950000000000006,28.582052949235944
3d (m=+0),3,2,0,634,15.100851308179656,1.6778723675755174,0.01339507272686399,0.040915985340129676,0.87404085452548164,0.99950000000000006,28.582052949235944
3d (m=+0),3,2,0,635,15.124669685637352,1.6805188539597058,0.013331098809904371,0.04065403832022299,0.87501228733186931,0.99950000000000006,28.582052949235944
3d (m=+0),3,2,0,636,15.14848806309505,1.6831653403438944,0.013267364621328241,0.040393167246839029,0.87597749379891321,0.99950000000000006,28.582052949235944
3d (m=+0),3,2,0,637,15.172306440552745,1.6858118267280828,0.013203869851544953,0.040133374830837905,0.87693649958619779,0.99950000000000006,28.582052949235944
3d (m=+0),3,2,0,638,15.196124818010443,1.6884583131122715,0.013140614184970856,0.039874663672647526,0.87788933041656081,0.99950000000000006,28.582052949235944
3d (m=+0),3,2,0,639,15.219943195468138,1.6911047994964599,0.013077597300111042,0.039617036263403467,0.87883601207347617,0.99950000000000006,28.582052949235944
3d (m=+0),3,2,0,640,15.243761572925836,1.6937512858806485,0.013014818869640375,0.039360494986086111,0.87977657039846491,0.99950000000000006,28.582052949235944
3d (m=+0),3,2,0,641,15.267579950383533,1.6963977722648371,0.012952278560483884,0.039105042116654935,0.8807110312885319,0.99950000000000006,28.582052949235944
3d (m=+0),3,2,0,642,15.291398327841229,1.6990442586490255,0.012889976033896501,0.038850679825179917,0.88163942069363077,0.99950000000000006,28.582052949235944
3d (m=+0),3,2,0,643,15.315216705298926,1.7016907450332139,0.012827910945542106,0.038597410176969736,0.88256176461415525,0.99950000000000006,28.582052949235944
3d (m=+0),3,2,0,644,15.339035082756622,1.7043372314174023,0.012766082945572001,0.03834523513369717,0.88347808909845682,0.99950000000000006,28.582052949235944
3d (m=+0),3,2,0,645,15.362853460214319,1.706983717801591,0.012704491678702665,0.038094156554520836,0.88438842024039022,0.99950000000000006,28.582052949235944
3d (m=+0),3,2,0,646,15.386671837672015,1.7096302041857794,0.012643136784292949,0.037844176197203941,0.88529278417688451,0.99950000000000006,28.582052949235944
3d (m=+0),3,2,0,647,15.410490215129713,1.712276690569968,0.012582017896420519,0.037595295719229017,0.886191207085542,0.99950000000000006,28.582052949235944
3d (m=+0),3,2,0,648,15.434308592587408,1.7149231769541564,0.012521134643957802,0.037347516678909634,0.88708371518226203,0.99950000000000006,28.582052949235944
3d (m=+0),3,2,0,649,15.458126970045106,1.717569663338345,0.012460486650647175,0.037100840536497912,0.88797033471889308,0.99950000000000006,28.582052949235944
3d (m=+0),3,2,0,650,15.481945347502801,1.7202161497225334,0.012400073535175613,0.036855268655288487,0.88885109198090939,0.99950000000000006,28.582052949235944
3d (m=+0),3,2,0,651,15.505763724960499,1.7228626361067221,0.01233989491124866,0.036610802302718411,0.88972601328511525,0.99950000000000006,28.582052949235944
3d (m=+0),3,2,0,652,15.529582102418194,1.7255091224909105,0.012279950387663842,0.036367442651463334,0.8905951249773747,0.99950000000000006,28.582052949235944
3d (m=+0),3,2,0,653,15.553400479875892,1.7281556088750991,0.012220239568383362,0.036125190780529053,0.89145845343036756,0.99950000000000006,28.582052949235944
3d (m=+0),3,2,0,654,15.577218857333589,1.7308020952592877,0.012160762052606303,0.035884047676339424,0.89231602504137109,0.99950000000000006,28.582052949235944
3d (m=+0),3,2,0,655,15.601037234791285,1.7334485816434761,0.012101517434840109,0.035644014233819486,0.89316786623006783,0.99950000000000006,28.582052949235944
3d (m=+0),3,2,0,656,15.624855612248982,1.7360950680276648,0.012042505304971517,0.035405091257474507,0.89401400343637949,0.99950000000000006,28.582052949235944
3d (m=+0),3,2,0,657,15.648673989706678,1.7387415544118532,0.011983725248336909,0.035167279462464562,0.8948544631183255,0.99950000000000006,28.582052949235944
3d (m=+0),3,2,0,658,15.672492367164375,1.7413880407960418,0.011925176845791972,0.034930579475674232,0.89568927174990798,0.99950000000000006,28.582052949235944
3d (m=+0),3,2,0,659,15.696310744622071,1.7440345271802302,0.011866859673780882,0.034694991836778211,0.89651845581902179,0.99950000000000006,28.582052949235944
3d (m=+0),3,2,0,660,15.720129122079769,1.7466810135644186,0.01180877330440477,0.034460516999301499,0.89734204182539024,0.99950000000000006,28.582052949235944
3d (m=+0),3,2,0,661,15.743947499537464,1.749327499948607,0.011750917305489689,0.034227155331675412,0.89816005627852513,0.99950000000000006,28.582052949235944
3d (m=+0),3,2,0,662,15.767765876995162,1.7519739863327957,0.011693291240653953,0.033994907118288384,0.89897252569571307,0.99950000000000006,28.582052949235944
3d (m=+0),3,2,0,663,15.791584254452857,1.7546204727169841,0.011635894669374919,0.033763772560531993,0.89977947660002566,0.99950000000000006,28.582052949235944
3d (m=+0),3,2,0,664,15.815402631910555,1.7572669591011727,0.011578727147055127,0.033533751777841687,0.90058093551835561,0.99950000000000006,28.582052949235944
3d (m=+0),3,2,0,665,15.83922100936825,1.7599134454853611,0.011521788225087959,0.033304844808732866,0.90137692897947641,0.99950000000000006,28.582052949235944
3d (m=+0),3,2,0,666,15.863039386825948,1.7625599318695497,0.011465077450922618,0.033077051611831325,0.90216748351212783,0.99950000000000006,28.582052949235944
3d (m=+0),3,2,0,667,15.886857764283645,1.7652064182537384,0.011408594368128619,0.032850372066898767,0.90295262564312462,0.99950000000000006,28.582052949235944
3d (m=+0),3,2,0,668,15.910676141741341,1.7678529046379268,0.011352338516459688,0.032624805975853086,0.90373238189549066,0.99950000000000006,28.582052949235944
3d (m=+0),3,2,0,669,15.934494519199038,1.7704993910221154,0.011296309431917052,0.032400353063782951,0.90450677878661712,0.99950000000000006,28.582052949235944
3d (m=+0),3,2,0,670,15.958312896656734,1.7731458774063038,0.011240506646812263,0.032177012979957446,0.90527584282644391,0.99950000000000006,28.582052949235944
3d (m=+0),3,2,0,671,15.982131274114431,1.7757923637904924,0.011184929689829351,0.031954785298829808,0.90603960051566645,0.99950000000000006,28.582052949235944
3d (m=+0),3,2,0,672,16.005949651572127,1.7784388501746808,0.011129578086086524,0.031733669521035922,0.90679807834396498,0.99950000000000006,28.582052949235944
3d (m=+0),3,2,0,673,16.029768029029825,1.7810853365588695,0.011074451357197236,0.031513665074387125,0.90755130278825846,0.99950000000000006,28.582052949235944
3d (m=+0),3,2,0,674,16.053586406487522,1.7837318229430581,0.011019549021330793,0.031294771314857542,0.90829930031098183,0.99950000000000006,28.582052949235944
3d (m=+0),3,2,0,675,16.077404783945216,1.7863783093272463,0.010964870593272329,0.031076987527565457,0.90904209735838637,0.99950000000000006,28.582052949235944
3d (m=+0),3,2,0,676,16.101223161402913,1.7890247957114349,0.010910415584482263,0.030860312927749104,0.90977972035886412,0.99950000000000006,28.582052949235944
3d (m=+0),3,2,0,677,16.125041538860611,1.7916712820956233,0.010856183503155292,0.030644746661736878,0.91051219572129438,0.99950000000000006,28.582052949235944
3d (m=+0),3,2,0,678,16.148859916318308,1.7943177684798119,0.010802173854278735,0.030430287807911328,0.91123954983341438,0.99950000000000006,28.582052949235944
3d (m=+0),3,2,0,679,16.172678293776006,1.7969642548640006,0.010748386139690433,0.030216935377667665,0.91196180906021207,0.99950000000000006,28.582052949235944
3d (m=+0),3,2,0,680,16.1964966712337,1.7996107412481888,0.010694819858136103,0.030004688316366254,0.9126789997423419,0.99950000000000006,28.582052949235944
3d (m=+0),3,2,0,681,16.220315048691397,1.8022572276323774,0.010641474505326076,0.029793545504278721,0.9133911481945638,0.99950000000000006,28.582052949235944
3d (m=+0),3,2,0,682,16.244133426149094,1.804903714016566,0.010588349573991707,0.02958350575752906,0.91409828070420318,0.99950000000000006,28.582052949235944
3d (m=+0),3,2,0,683,16.267951803606792,1.8075502004007546,0.010535444553941061,0.029374567829027684,0.91480042352963487,0.99950000000000006,28.582052949235944
3d (m=+0),3,2,0,684,16.291770181064486,1.8101966867849428,0.010482758932114224,0.029166730409400082,0.91549760289878801,0.99950000000000006,28.582052949235944
3d (m=+0),3,2,0,685,16.315588558522183,1.8128431731691315,0.010430292192638017,0.028959992127909066,0.9161898450076742,0.99950000000000006,28.582052949235944
3d (m=+0),3,2,0,686,16.339406935979881,1.8154896595533201,0.010378043816880272,0.028754351553371128,0.91687717601893615,0.99950000000000006,28.582052949235944
3d (m=+0),3,2,0,687,16.363225313437578,1.8181361459375087,0.010326013283503559,0.028549807195066522,0.91755962206041919,0.99950000000000006,28.582052949235944
3d (m=+0),3,2,0,688,16.387043690895272,1.8207826323216969,0.010274200068518398,0.028346357503643053,0.91823720922376373,0.99950000000000006,28.582052949235944
3d (m=+0),3,2,0,689,16.410862068352969,1.8234291187058855,0.010222603645336016,0.028144000872013918,0.91890996356301968,0.99950000000000006,28.582052949235944
3d (m=+0),3,2,0,690,16.434680445810667,1.8260756050900742,0.010171223484820578,0.027942735636249133,0.9195779110932818,0.99950000000000006,28.582052949235944
3d (m=+0),3,2,0,691,16.458498823268364,1.8287220914742628,0.010120059055340944,0.027742560076460806,0.92024107778934616,0.99950000000000006,28.582052949235944
3d (m=+0),3,2,0,692,16.482317200726062,1.8313685778584512,0.010069109822821925,0.027543472417682065,0.92089948958438816,0.99950000000000006,28.582052949235944
3d (m=+0),3,2,0,693,16.506135578183756,1.8340150642426396,0.01001837525079503,0.027345470830739634,0.92155317236866063,0.99950000000000006,28.582052949235944
3d (m=+0),3,2,0,694,16.529953955641453,1.836661550626828,0.0099678548004487888,0.027148553433120289,0.92220215198821343,0.99950000000000006,28.582052949235944
3d (m=+0),3,2,0,695,16.55377233309915,1.8393080370110166,0.0099175479306785261,0.026952718289830695,0.92284645424363276,0.99950000000000006,28.582052949235944
3d (m=+0),3,2,0,696,16.577590710556848,1.8419545233952053,0.0098674540981357351,0.026757963414251237,0.92348610488880178,0.99950000000000006,28.582052949235944
3d (m=+0),3,2,0,697,16.601409088014542,1.8446010097793935,0.0098175727572769114,0.026564286768983175,0.92412112962968074,0.99950000000000006,28.582052949235944
3d (m=+0),3,2,0,698,16.625227465472239,1.8472474961635821,0.0097679033604119066,0.026371686266689346,0.92475155412310783,0.99950000000000006,28.582052949235944
3d (m=+0),3,2,0,699,16.649045842929937,1.8498939825477707,0.0097184453577519245,0.026180159770929027,0.92537740397561918,0.99950000000000006,28.582052949235944
3d (m=+0),3,2,0,700,16.672864220387634,1.8525404689319593,0.0096691981974569054,0.025989705096985598,0.92599870474228974,0.99950000000000006,28.582052949235944
3d (m=+0),3,2,0,701,16.696682597845328,1.8551869553161475,0.0096201613256825802,0.025800320012688518,0.92661548192559262,0.99950000000000006,28.582052949235944
3d (m=+0),3,2,0,702,16.720500975303025,1.8578334417003362,0.0095713341866269352,0.025612002239228184,0.92722776097427906,0.99950000000000006,28.582052949235944
3d (m=+0),3,2,0,703,16.744319352760723,1.8604799280845248,0.0095227162225763693,0.02542474945196499,0.9278355672822769,0.99950000000000006,28.582052949235944
3d (m=+0),3,2,0,704,16.76813773021842,1.8631264144687134,0.0094743068739512812,0.025238559281231508,0.92843892618760848,0.99950000000000006,28.582052949235944
3d (m=+0),3,2,0,705,16.791956107676118,1.865772900852902,0.0094261055793512412,0.025053429313128227,0.92903786297132784,0.99950000000000006,28.582052949235944
3d (m=+0),3,2,0,706,16.815774485133812,1.8684193872370902,0.0093781117755997699,0.02486935709031321,0.9296324028564763,0.99950000000000006,28.582052949235944
3d (m=+0),3,2,0,707,16.839592862591509,1.8710658736212789,0.0093303248977885528,0.024686340112784637,0.93022257100705763,0.99950000000000006,28.582052949235944
3d (m=+0),3,2,0,708,16.863411240049206,1.8737123600054675,0.0092827443793213858,0.024504375838657645,0.93080839252703051,0.99950000000000006,28.582052949235944
3d (m=+0),3,2,0,709,16.887229617506904,1.8763588463896559,0.0092353696519575281,0.024323461684934104,0.93138989245932058,0.99950000000000006,28.582052949235944
3d (m=+0),3,2,0,710,16.911047994964598,1.8790053327738443,0.0091882001458546848,0.024143595028266025,0.93196709578484982,0.99950000000000006,28.582052949235944
3d (m=+0),3,2,0,711,16.934866372422295,1.8816518191580327,0.0091412352896115823,0.023964773205712823,0.93254002742158526,0.99950000000000006,28.582052949235944
3d (m=+0),3,2,0,712,16.958684749879993,1.8842983055422213,0.009094474510310065,0.023786993515491656,0.93310871222360403,0.99950000000000006,28.582052949235944
3d (m=+0),3,2,0,713,16.98250312733769,1.88694479192641,0.0090479172335568136,0.023610253217721686,0.93367317498017766,0.99950000000000006,28.582052949235944
3d (m=+0),3,2,0,714,17.006321504795384,1.8895912783105981,0.009001562883524614,0.023434549535161608,0.93423344041487311,0.99950000000000006,28.582052949235944
3d (m=+0),3,2,0,715,17.030139882253081,1.8922377646947868,0.0089554108829931808,0.023259879653940725,0.93478953318467195,0.99950000000000006,28.582052949235944
3d (m=+0),3,2,0,716,17.053958259710779,1.8948842510789754,0.0089094606533896576,0.023086240724283877,0.93534147787910615,0.99950000000000006,28.582052949235944
3d (m=+0),3,2,0,717,17.077776637168476,1.897530737463164,0.0088637116148285802,0.022913629861229388,0.93588929901941165,0.99950000000000006,28.582052949235944
3d (m=+0),3,2,0,718,17.101595014626174,1.9001772238473527,0.0088181631861515425,0.022742044145341152,0.93643302105769866,0.99950000000000006,28.582052949235944
3d (m=+0),3,2,0,719,17.125413392083868,1.9028237102315408,0.0087728147849663804,0.022571480623413801,0.93697266837613902,0.99950000000000006,28.582052949235944
3d (m=+0),3,2,0,720,17.149231769541565,1.9054701966157295,0.0087276658276859501,0.022401936309171606,0.93750826528617037,0.99950000000000006,28.582052949235944
3d (m=+0),3,2,0,721,17.173050146999262,1.9081166829999181,0.0086827157295666004,0.022233408183961207,0.93803983602771623,0.99950000000000006,28.582052949235944
3d (m=+0),3,2,0,722,17.19686852445696,1.9107631693841067,0.0086379639047460943,0.022065893197437399,0.93856740476842349,0.99950000000000006,28.582052949235944
3d (m=+0),3,2,0,723,17.220686901914654,1.9134096557682949,0.0085934097662812899,0.021899388268243166,0.9390909956029152,0.99950000000000006,28.582052949235944
3d (m=+0),3,2,0,724,17.244505279372351,1.9160561421524835,0.0085490527261852835,0.021733890284682627,0.93961063255206045,0.99950000000000006,28.582052949235944
3d (m=+0),3,2,0,725,17.268323656830049,1.9187026285366722,0.0085048921954642923,0.021569396105388255,0.94012633956225922,0.99950000000000006,28.582052949235944
3d (m=+0),3,2,0,726,17.292142034287746,1.9213491149208606,0.0084609275841540706,0.021405902559981364,0.9406381405047437,0.99950000000000006,28.582052949235944
3d (m=+0),3,2,0,727,17.31596041174544,1.923995601305049,0.0084171583013559342,0.021243406449726152,0.94114605917489524,0.99950000000000006,28.582052949235944
3d (m=+0),3,2,0,728,17.339778789203137,1.9266420876892374,0.0083735837552724717,0.021081904548177873,0.94165011929157649,0.99950000000000006,28.582052949235944
3d (m=+0),3,2,0,729,17.363597166660835,1.929288574073426,0.0083302033532428044,0.020921393601824153,0.94215034449647894,0.99950000000000006,28.582052949235944
3d (m=+0),3,2,0,730,17.387415544118532,1.9319350604576147,0.0082870165017775218,0.020761870330720411,0.94264675835348599,0.99950000000000006,28.582052949235944
3d (m=+0),3,2,0,731,17.41123392157623,1.9345815468418033,0.0082440226065932098,0.020603331429118781,0.94313938434805078,0.99950000000000006,28.582052949235944
3d (m=+0),3,2,0,732,17.435052299033924,1.9372280332259915,0.0082012210726466125,0.020445773566090734,0.943628245886589,0.99950000000000006,28.582052949235944
3d (m=+0),3,2,0,733,17.458870676491621,1.9398745196101801,0.0081586113041684505,0.020289193386143684,0.9441133662958866,0.99950000000000006,28.582052949235944
3d (m=+0),3,2,0,734,17.482689053949318,1.9425210059943687,0.0081161927046968368,0.020133587509831057,0.94459476882252169,0.99950000000000006,28.582052949235944
3d (m=+0),3,2,0,735,17.506507431407016,1.9451674923785574,0.0080739646771103811,0.019978952534356467,0.94507247663230143,0.99950000000000006,28.582052949235944
3d (m=+0),3,2,0,736,17.53032580886471,1.9478139787627455,0.0080319266236608747,0.019825285034171403,0.94554651280971291,0.99950000000000006,28.582052949235944
3d (m=+0),3,2,0,737,17.554144186322407,1.9504604651469342,0.0079900779460056384,0.01967258156156686,0.9460169003573885,0.99950000000000006,28.582052949235944
3d (m=+0),3,2,0,738,17.577962563780105,1.9531069515311228,0.0079484180452395609,0.019520838647258971,0.94648366219558444,0.99950000000000006,28.582052949235944
3d (m=+0),3,2,0,739,17.601780941237802,1.9557534379153114,0.0079069463219267107,0.019370052800968221,0.9469468211616745,0.99950000000000006,28.582052949235944
3d (m=+0),3,2,0,740,17.625599318695496,1.9583999242994996,0.0078656621761316707,0.01922022051199284,0.94740640000965637,0.99950000000000006,28.582052949235944
3d (m=+0),3,2,0,741,17.649417696153193,1.9610464106836882,0.0078245650074504347,0.019071338249775787,0.94786242140967203,0.99950000000000006,28.582052949235944
3d (m=+0),3,2,0,742,17.673236073610891,1.9636928970678769,0.0077836542150410814,0.018923402464466069,0.94831490794754159,0.99950000000000006,28.582052949235944
3d (m=+0),3,2,0,743,17.697054451068588,1.9663393834520653,0.0077429291976540112,0.018776409587473744,0.94876388212431029,0.99950000000000006,28.582052949235944
3d (m=+0),3,2,0,744,17.720872828526286,1.9689858698362539,0.0077023893536618537,0.01863035603201886,0.94920936635580866,0.99950000000000006,28.582052949235944
3d (m=+0),3,2,0,745,17.74469120598398,1.9716323562204421,0.0076620340810891066,0.018485238193674744,0.94965138297222573,0.99950000000000006,28.582052949235944
3d (m=+0),3,2,0,746,17.768509583441677,1.9742788426046307,0.0076218627776413308,0.018341052450904838,0.95008995421769549,0.99950000000000006,28.582052949235944
3d (m=+0),3,2,0,747,17.792327960899375,1.9769253289888193,0.0075818748407341452,0.018197795165594166,0.95052510224989506,0.99950000000000006,28.582052949235944
3d (m=+0),3,2,0,748,17.816146338357072,1.979571815373008,0.0075420696675217811,0.018055462683574403,0.95095684913965639,0.99950000000000006,28.582052949235944
3d (m=+0),3,2,0,749,17.839964715814766,1.9822183017571962,0.0075024466549253556,0.017914051335143254,0.95138521687059019,0.99950000000000006,28.582052949235944
3d (m=+0),3,2,0,750,17.863783093272463,1.9848647881413848,0.0074630051996608391,0.017773557435578076,0.951810227338722,0.99950000000000006,28.582052949235944
3d (m=+0),3,2,0,751,17.887601470730161,1.9875112745255734,0.0074237446982666601,0.017633977285643428,0.95223190235214028,0.99950000000000006,28.582052949235944
3d (m=+0),3,2,0,752,17.911419848187858,1.990157760909762,0.007384664547131034,0.017495307172093081,0.95265026363065686,0.99950000000000006,28.582052949235944
3d (m=+0),3,2,0,753,17.935238225645552,1.9928042472939502,0.0073457641425189509,0.017357543368166098,0.95306533280547912,0.99950000000000006,28.582052949235944
3d (m=+0),3,2,0,754,17.959056603103249,1.9954507336781389,0.0073070428805988184,0.017220682134077032,0.95347713141889401,0.99950000000000006,28.582052949235944
3d (m=+0),3,2,0,755,17.982874980560947,1.9980972200623275,0.0072685001574688893,0.017084719717500838,0.95388568092396342,0.99950000000000006,28.582052949235944
3d (m=+0),3,2,0,756,18.006693358018644,2.0007437064465159,0.0072301353691832668,0.016949652354051603,0.95429100268423139,0.99950000000000006,28.582052949235944
3d (m=+0),3,2,0,757,18.030511735476342,2.0033901928307047,0.007191947911777687,0.01681547626775598,0.95469311797344236,0.99950000000000006,28.582052949235944
3d (m=+0),3,2,0,758,18.054330112934036,2.0060366792148927,0.0071539371812949634,0.016682187671520826,0.9550920479752707,0.99950000000000006,28.582052949235944
3d (m=+0),3,2,0,759,18.078148490391733,2.0086831655990816,0.0071161025738101001,0.016549782767595153,0.95548781378306169,0.99950000000000006,28.582052949235944
3d (m=+0),3,2,0,760,18.101966867849431,2.01132965198327,0.0070784434854551928,0.016418257748026847,0.95588043639958253,0.99950000000000006,28.582052949235944
3d (m=+0),3,2,0,761,18.125785245307128,2.0139761383674588,0.0070409593124439278,0.016287608795113401,0.95626993673678529,0.99950000000000006,28.582052949235944
3d (m=+0),3,2,0,762,18.149603622764822,2.0166226247516468,0.0070036494510958809,0.016157832081847581,0.95665633561557961,0.99950000000000006,28.582052949235944
3d (m=+0),3,2,0,763,18.173422000222519,2.0192691111358356,0.0069665132978604322,0.016028923772357196,0.95703965376561673,0.99950000000000006,28.582052949235944
3d (m=+0),3,2,0,764,18.197240377680217,2.021915597520024,0.006929550249340488,0.015900880022339824,0.9574199118250829,0.99950000000000006,28.582052949235944
3d (m=+0),3,2,0,765,18.221058755137914,2.0245620839042129,0.0068927597023158435,0.015773696979491849,0.95779713034050418,0.99950000000000006,28.582052949235944
3d (m=+0),3,2,0,766,18.244877132595608,2.0272085702884008,0.006856141053766281,0.015647370783932201,0.95817132976656072,0.99950000000000006,28.582052949235944
3d (m=+0),3,2,0,767,18.268695510053305,2.0298550566725897,0.0068196937008943937,0.015521897568620772,0.95854253046591142,0.99950000000000006,28.582052949235944
3d (m=+0),3,2,0,768,18.292513887511003,2.0325015430567781,0.0067834170411481152,0.015397273459771453,0.95891075270902815,0.99950000000000006,28.582052949235944
3d (m=+0),3,2,0,769,18.3163322649687,2.0351480294409665,0.0067473104722430002,0.015273494577260054,0.95927601667403994,0.99950000000000006,28.582052949235944
3d (m=+0),3,2,0,770,18.340150642426398,2.0377945158251554,0.0067113733921841928,0.015150557035026766,0.95963834244658686,0.99950000000000006,28.582052949235944
3d (m=+0),3,2,0,771,18.363969019884092,2.0404410022093433,0.0066756051992881245,0.015028456941473449,0.95999775001968346,0.99950000000000006,28.582052949235944
3d (m=+0),3,2,0,772,18.387787397341789,2.0430874885935322,0.0066400052922039763,0.014907190399855922,0.96035425929359164,0.99950000000000006,28.582052949235944
3d (m=+0),3,2,0,773,18.411605774799487,2.0457339749777206,0.0066045730699348234,0.01478675350867081,0.96070789007570212,0.99950000000000006,28.582052949235944
3d (m=+0),3,2,0,774,18.435424152257184,2.0483804613619094,0.0065693079318585642,0.014667142362037585,0.96105866208042623,0.99950000000000006,28.582052949235944
3d (m=+0),3,2,0,775,18.459242529714878,2.0510269477460974,0.0065342092777485438,0.014548353050075302,0.96140659492909586,0.99950000000000006,28.582052949235944
3d (m=+0),3,2,0,776,18.483060907172575,2.0536734341302862,0.006499276507793905,0.014430381659274268,0.96175170814987276,0.99950000000000006,28.582052949235944
3d (m=+0),3,2,0,777,18.506879284630273,2.0563199205144747,0.0064645090226197466,0.014313224272862966,0.96209402117766629,0.99950000000000006,28.582052949235944
3d (m=+0),3,2,0,778,18.53069766208797,2.0589664068986635,0.0064299062233069398,0.014196876971169649,0.96243355335406011,0.99950000000000006,28.582052949235944
3d (m=+0),3,2,0,779,18.554516039545664,2.0616128932828515,0.0063954675114117638,0.014081335831979317,0.96277032392724726,0.99950000000000006,28.582052949235944
3d (m=+0),3,2,0,780,18.578334417003362,2.0642593796670403,0.0063611922889851985,0.013966596930885434,0.96310435205197431,0.99950000000000006,28.582052949235944
3d (m=+0),3,2,0,781,18.602152794461059,2.0669058660512287,0.0063270799585920775,0.013852656341637164,0.96343565678949239,0.99950000000000006,28.582052949235944
3d (m=+0),3,2,0,782,18.625971171918756,2.0695523524354176,0.0062931299233298932,0.013739510136481423,0.96376425710751812,0.99950000000000006,28.582052949235944
3d (m=+0),3,2,0,783,18.649789549376454,2.072198838819606,0.0062593415868473995,0.013627154386500298,0.96409017188020141,0.99950000000000006,28.582052949235944
3d (m=+0),3,2,0,784,18.673607926834148,2.0748453252037944,0.0062257143533629754,0.013515585161943707,0.96441341988810181,0.99950000000000006,28.582052949235944
3d (m=+0),3,2,0,785,18.697426304291845,2.0774918115879828,0.0061922476276826954,0.013404798532557135,0.96473401981817264,0.99950000000000006,28.582052949235944
3d (m=+0),3,2,0,786,18.721244681749543,2.0801382979721712,0.0061589408152182452,0.013294790567905,0.96505199026375277,0.99950000000000006,28.582052949235944
3d (m=+0),3,2,0,787,18.74506305920724,2.0827847843563601,0.0061257933220045142,0.013185557337689034,0.96536734972456606,0.99950000000000006,28.582052949235944
3d (m=+0),3,2,0,788,18.768881436664934,2.085431270740548,0.0060928045547169836,0.013077094912062149,0.96568011660672848,0.99950000000000006,28.582052949235944
3d (m=+0),3,2,0,789,18.792699814122631,2.0880777571247369,0.0060599739206888895,0.01296939936193778,0.96599030922276241,0.99950000000000006,28.582052949235944
3d (m=+0),3,2,0,790,18.816518191580329,2.0907242435089253,0.0060273008279281325,0.012862466759294524,0.96629794579161854,0.99950000000000006,28.582052949235944
3d (m=+0),3,2,0,791,18.840336569038026,2.0933707298931141,0.0059947846851339838,0.012756293177476447,0.9666030444387046,0.99950000000000006,28.582052949235944
3d (m=+0),3,2,0,792,18.86415494649572,2.0960172162773021,0.0059624249017135311,0.012650874691488689,0.96690562319592155,0.99950000000000006,28.582052949235944
3d (m=+0),3,2,0,793,18.887973323953418,2.0986637026614909,0.0059302208877978855,0.012546207378288642,0.9672057000017068,0.99950000000000006,28.582052949235944
3d (m=+0),3,2,0,794,18.911791701411115,2.1013101890456793,0.0058981720542582413,0.012442287317072991,0.96750329270108371,0.99950000000000006,28.582052949235944
3d (m=+0),3,2,0,795,18.935610078868812,2.1039566754298682,0.0058662778127216075,0.012339110589559917,0.96779841904571851,0.99950000000000006,28.582052949235944
3d (m=+0),3,2,0,796,18.95942845632651,2.1066031618140566,0.0058345375755864005,0.012236673280267361,0.96809109669398363,0.99950000000000006,28.582052949235944
3d (m=+0),3,2,0,797,18.983246833784204,2.109249648198245,0.0058029507560377778,0.012134971476786738,0.96838134321102776,0.99950000000000006,28.582052949235944
3d (m=+0),3,2,0,798,19.007065211241901,2.1118961345824334,0.0057715167680627332,0.012034001270052332,0.96866917606885228,0.99950000000000006,28.582052949235944
3d (m=+0),3,2,0,799,19.030883588699599,2.1145426209666223,0.0057402350264650548,0.011933758754606765,0.96895461264639371,0.99950000000000006,28.582052949235944
3d (m=+0),3,2,0,800,19.054701966157296,2.1171891073508107,0.0057091049468799733,0.011834240028861839,0.96923767022961305,0.99950000000000006,28.582052949235944
3d (m=+0),3,2,0,801,19.07852034361499,2.1198355937349991,0.0056781259457886818,0.011735441195355576,0.96951836601159103,0.99950000000000006,28.582052949235944
3d (m=+0),3,2,0,802,19.102338721072687,2.1224820801191875,0.00564729744053256,0.011637358361004779,0.96979671709262927,0.99950000000000006,28.582052949235944
3d (m=+0),3,2,0,803,19.126157098530385,2.1251285665033759,0.0056166188493272876,0.011539987637353845,0.97007274048035752,0.99950000000000006,28.582052949235944
3d (m=+0),3,2,0,804,19.149975475988082,2.1277750528875647,0.0055860895912766733,0.011443325140819239,0.97034645308984691,0.99950000000000006,28.582052949235944
3d (m=+0),3,2,0,805,19.173793853445776,2.1304215392717527,0.0055557090863863085,0.011347366992930027,0.97061787174372882,0.99950000000000006,28.582052949235944
3d (m=+0),3,2,0,806,19.197612230903474,2.1330680256559416,0.0055254767555770181,0.011252109320564443,0.9708870131723194,0.99950000000000006,28.582052949235944
3d (m=+0),3,2,0,807,19.221430608361171,2.13571451204013,0.0054953920206981116,0.011157548256182457,0.97115389401374974,0.99950000000000006,28.582052949235944
3d (m=+0),3,2,0,808,19.245248985818868,2.1383609984243188,0.0054654543045404352,0.011063679938054464,0.97141853081410168,0.99950000000000006,28.582052949235944
3d (m=+0),3,2,0,809,19.269067363276566,2.1410074848085072,0.005435663030849221,0.010970500510486017,0.9716809400275489,0.99950000000000006,28.582052949235944
3d (m=+0),3,2,0,810,19.29288574073426,2.1436539711926956,0.0054060176243367342,0.010878006124038712,0.97194113801650295,0.99950000000000006,28.582052949235944
3d (m=+0),3,2,0,811,19.316704118191957,2.146300457576884,0.0053765175106947477,0.010786192935747334,0.9721991410517653,0.99950000000000006,28.582052949235944
3d (m=+0),3,2,0,812,19.340522495649655,2.1489469439610729,0.0053471621166067997,0.010695057109333082,0.97245496531268372,0.99950000000000006,28.582052949235944
3d (m=+0),3,2,0,813,19.364340873107352,2.1515934303452613,0.005317950869760296,0.010604594815413228,0.9727086268873143,0.99950000000000006,28.582052949235944
3d (m=+0),3,2,0,814,19.388159250565046,2.1542399167294497,0.0052888831988583797,0.01051480223170685,0.97296014177258794,0.99950000000000006,28.582052949235944
3d (m=+0),3,2,0,815,19.411977628022743,2.1568864031136381,0.0052599585336316297,0.010425675543236985,0.97320952587448206,0.99950000000000006,28.582052949235944
3d (m=+0),3,2,0,816,19.435796005480441,2.159532889497827,0.0052311763048496123,0.010337210942529228,0.97345679500819671,0.99950000000000006,28.582052949235944
3d (m=+0),3,2,0,817,19.459614382938138,2.1621793758820154,0.0052025359443321805,0.010249404629806494,0.97370196489833594,0.99950000000000006,28.582052949235944
3d (m=+0),3,2,0,818,19.483432760395832,2.1648258622662038,0.0051740368849606585,0.010162252813180448,0.97394505117909302,0.99950000000000006,28.582052949235944
3d (m=+0),3,2,0,819,19.50725113785353,2.1674723486503922,0.0051456785606887843,0.01007575170883916,0.97418606939444108,0.99950000000000006,28.582052949235944
3d (m=+0),3,2,0,820,19.531069515311227,2.1701188350345806,0.0051174604065535329,0.0099898975412314427,0.974425034998327,0.99950000000000006,28.582052949235944
3d (m=+0),3,2,0,821,19.554887892768924,2.1727653214187694,0.0050893818586857228,0.009904686543247606,0.97466196335487099,0.99950000000000006,28.582052949235944
3d (m=+0),3,2,0,822,19.578706270226622,2.1754118078029578,0.0050614423543204499,0.0098201149563967478,0.97489686973856937,0.99950000000000006,28.582052949235944
3d (m=+0),3,2,0,823,19.602524647684316,2.1780582941871462,0.0050336413318073803,0.0097361790309807711,0.97512976933450191,0.99950000000000006,28.582052949235944
3d (m=+0),3,2,0,824,19.626343025142013,2.1807047805713347,0.0050059782306208136,0.009652875026264808,0.97536067723854347,0.99950000000000006,28.582052949235944
3d (m=+0),3,2,0,825,19.650161402599711,2.1833512669555235,0.0049784524913696476,0.009570199210644564,0.97558960845757947,0.99950000000000006,28.582052949235944
3d (m=+0),3,2,0,826,19.673979780057408,2.1859977533397119,0.0049510635558071168,0.0094881478618101447,0.9758165779097252,0.99950000000000006,28.582052949235944
3d (m=+0),3,2,0,827,19.697798157515102,2.1886442397239003,0.0049238108668403788,0.0094067172669066567,0.97604160042454924,0.99950000000000006,28.582052949235944
3d (m=+0),3,2,0,828,19.721616534972799,2.1912907261080887,0.0048966938685399515,0.0093259037226916548,0.97626469074330036,0.99950000000000006,28.582052949235944
3d (m=+0),3,2,0,829,19.745434912430497,2.1939372124922776,0.0048697120061489685,0.0092457035356892734,0.97648586351913846,0.99950000000000006,28.582052949235944
3d (m=+0),3,2,0,830,19.769253289888194,2.196583698876466,0.0048428647260922823,0.0091661130223412435,0.97670513331736897,0.99950000000000006,28.582052949235944
3d (m=+0),3,2,0,831,19.793071667345888,2.1992301852606544,0.0048161514759854094,0.009087128509154772,0.9769225146156808,0.99950000000000006,28.582052949235944
3d (m=+0),3,2,0,832,19.816890044803586,2.2018766716448428,0.0047895717046432763,0.0090087463328471801,0.9771380218043878,0.99950000000000006,28.582052949235944
3d (m=+0),3,2,0,833,19.840708422261283,2.2045231580290316,0.0047631248620888904,0.0089309628404877321,0.97735166918667371,0.99950000000000006,28.582052949235944
3d (m=+0),3,2,0,834,19.86452679971898,2.2071696444132201,0.0047368103995617623,0.0088537743896361185,0.97756347097884022,0.99950000000000006,28.582052949235944
3d (m=+0),3,2,0,835,19.888345177176678,2.2098161307974085,0.0047106277695262364,0.0087771773484781272,0.97777344131055866,0.99950000000000006,28.582052949235944
3d (m=+0),3,2,0,836,19.912163554634372,2.2124626171815969,0.0046845764256796523,0.0087011680959582973,0.97798159422512443,0.99950000000000006,28.582052949235944
3d (m=+0),3,2,0,837,19.935981932092069,2.2151091035657853,0.0046586558229603191,0.0086257430219094863,0.97818794367971507,0.99950000000000006,28.582052949235944
3d (m=+0),3,2,0,838,19.959800309549767,2.2177555899499741,0.0046328654175554077,0.0085508985271797646,0.97839250354565099,0.99950000000000006,28.582052949235944
3d (m=+0),3,2,0,839,19.983618687007464,2.2204020763341625,0.0046072046669086292,0.0084766310237561933,0.9785952876086591,0.99950000000000006,28.582052949235944
3d (m=+0),3,2,0,840,20.007437064465158,2.2230485627183509,0.0045816730297278093,0.0084029369348858976,0.97879630956913999,0.99950000000000006,28.582052949235944
3d (m=+0),3,2,0,841,20.031255441922855,2.2256950491025393,0.0045562699659922757,0.008329812695194198,0.97899558304243717,0.99950000000000006,28.582052949235944
3d (m=+0),3,2,0,842,20.055073819380553,2.2283415354867282,0.004530994936960157,0.0082572547508001012,0.97919312155910965,0.99950000000000006,28.582052949235944
3d (m=+0),3,2,0,843,20.07889219683825,2.2309880218709166,0.0045058474051754846,0.008185259559428882,0.97938893856520692,0.99950000000000006,28.582052949235944
3d (m=+0),3,2,0,844,20.102710574295944,2.233634508255105,0.0044808268344751758,0.0081138235905219933,0.97958304742254687,0.99950000000000006,28.582052949235944
3d (m=+0),3,2,0,845,20.126528951753642,2.2362809946392934,0.0044559326899958826,0.0080429433253443195,0.97977546140899596,0.99950000000000006,28.582052949235944
3d (m=+0),3,2,0,846,20.150347329211339,2.2389274810234823,0.004431164438180684,0.0079726152570886669,0.97996619371875204,0.99950000000000006,28.582052949235944
3d (m=+0),3,2,0,847,20.174165706669037,2.2415739674076707,0.0044065215467856637,0.0079028358909777243,0.98015525746262999,0.99950000000000006,28.582052949235944
3d (m=+0),3,2,0,848,20.197984084126734,2.2442204537918595,0.0043820034848863288,0.0078336017443633218,0.98034266566834904,0.99950000000000006,28.582052949235944
3d (m=+0),3,2,0,849,20.221802461584428,2.2468669401760475,0.0043576097228839022,0.0077649093468231522,0.98052843128082301,0.99950000000000006,28.582052949235944
3d (m=+0),3,2,0,850,20.245620839042125,2.2495134265602363,0.0043333397325114823,0.0076967552402549414,0.9807125671624527,0.99950000000000006,28.582052949235944
3d (m=+0),3,2,0,851,20.269439216499823,2.2521599129444247,0.0043091929868400774,0.0076291359789681093,0.98089508609342024,0.99950000000000006,28.582052949235944
3d (m=+0),3,2,0,852,20.29325759395752,2.2548063993286132,0.0042851689602844941,0.0075620481297729138,0.98107600077198598,0.99950000000000006,28.582052949235944
3d (m=+0),3,2,0,853,20.317075971415214,2.2574528857128016,0.0042612671286091164,0.0074954882720671915,0.98125532381478697,0.99950000000000006,28.582052949235944
3d (m=+0),3,2,0,854,20.340894348872911,2.26009937209699,0.0042374869689335154,0.0074294529979205288,0.98143306775713823,0.99950000000000006,28.582052949235944
3d (m=+0),3,2,0,855,20.364712726330609,2.2627458584811788,0.0042138279597379955,0.0073639389121562416,0.98160924505333513,0.99950000000000006,28.582052949235944
3d (m=+0),3,2,0,856,20.388531103788306,2.2653923448653672,0.0041902895808689569,0.0072989426324307936,0.98178386807695839,0.99950000000000006,28.582052949235944
3d (m=+0),3,2,0,857,20.412349481246,2.2680388312495556,0.0041668713135441715,0.0072344607893109905,0.98195694912118037,0.99950000000000006,28.582052949235944
3d (m=+0),3,2,0,858,20.436167858703698,2.270685317633744,0.0041435726403578985,0.0071704900263487451,0.98212850039907384,0.99950000000000006,28.582052949235944
3d (m=+0),3,2,0,859,20.459986236161395,2.2733318040179329,0.0041203930452859278,0.0071070270001536992,0.98229853404392187,0.99950000000000006,28.582052949235944
3d (m=+0),3,2,0,860,20.483804613619093,2.2759782904021213,0.0040973320136904606,0.007044068380463466,0.98246706210952961,0.99950000000000006,28.582052949235944
3d (m=+0),3,2,0,861,20.50762299107679,2.2786247767863101,0.0040743890323248801,0.0069816108502116546,0.98263409657053802,0.99950000000000006,28.582052949235944
3d (m=+0),3,2,0,862,20.531441368534484,2.2812712631704981,0.0040515635893384255,0.0069196511055937835,0.98279964932273889,0.99950000000000006,28.582052949235944
3d (m=+0),3,2,0,863,20.555259745992181,2.283917749554687,0.0040288551742807101,0.0068581858561308582,0.98296373218339139,0.99950000000000006,28.582052949235944
3d (m=+0),3,2,0,864,20.579078123449879,2.2865642359388754,0.0040062632781061695,0.0067972118247309806,0.98312635689154027,0.99950000000000006,28.582052949235944
3d (m=+0),3,2,0,865,20.602896500907576,2.2892107223230642,0.0039837873931783604,0.0067367257477486901,0.98328753510833533,0.99950000000000006,28.582052949235944
3d (m=+0),3,2,0,866,20.62671487836527,2.2918572087072522,0.0039614270132741552,0.0066767243750422726,0.98344727841735258,0.99950000000000006,28.582052949235944
3d (m=+0),3,2,0,867,20.650533255822968,2.294503695091441,0.003939181633587828,0.0066172044700289851,0.98360559832491645,0.99950000000000006,28.582052949235944
3d (m=+0),3,2,0,868,20.674351633280665,2.2971501814756294,0.0039170507507350323,0.0065581628097382601,0.98376250626042305,0.99950000000000006,28.582052949235944
3d (m=+0),3,2,0,869,20.698170010738362,2.2997966678598178,0.003895033862756663,0.006499596184862861,0.98391801357666553,0.99950000000000006,28.582052949235944
3d (m=+0),3,2,0,870,20.721988388196056,2.3024431542440063,0.003873130469122619,0.0064415013998081055,0.98407213155015982,0.99950000000000006,28.582052949235944
3d (m=+0),3,2,0,871,20.745806765653754,2.3050896406281947,0.0038513400707354218,0.0063838752727389753,0.98422487138147174,0.99950000000000006,28.582052949235944
3d (m=+0),3,2,0,872,20.769625143111451,2.3077361270123835,0.0038296621699338016,0.006326714635625545,0.98437624419554548,0.99950000000000006,28.582052949235944
3d (m=+0),3,2,0,873,20.793443520569149,2.3103826133965719,0.0038080962704960916,0.0062700163342862122,0.98452626104203267,0.99950000000000006,28.582052949235944
3d (m=+0),3,2,0,874,20.817261898026846,2.3130290997807608,0.0037866418776435901,0.0062137772284292739,0.98467493289562302,0.99950000000000006,28.582052949235944
3d (m=+0),3,2,0,875,20.84108027548454,2.3156755861649487,0.0037652984980437753,0.0061579941916925004,0.9848222706563754,0.99950000000000006,28.582052949235944
3d (m=+0),3,2,0,876,20.864898652942237,2.3183220725491376,0.003744065639813421,0.0061026641116808857,0.98496828515005019,0.99950000000000006,28.582052949235944
3d (m=+0),3,2,0,877,20.888717030399935,2.320968558933326,0.0037229428125216545,0.006047783890002701,0.98511298712844231,0.99950000000000006,28.582052949235944
3d (m=+0),3,2,0,878,20.912535407857632,2.3236150453175148,0.0037019295271928485,0.0059933504423035832,0.98525638726971521,0.99950000000000006,28.582052949235944
3d (m=+0),3,2,0,879,20.936353785315326,2.3262615317017028,0.0036810252963094771,0.0059393606982990283,0.98539849617873543,0.99950000000000006,28.582052949235944
3d (m=+0),3,2,0,880,20.960172162773024,2.3289080180858917,0.0036602296338148197,0.0058858116018050003,0.98553932438740854,0.99950000000000006,28.582052949235944
3d (m=+0),3,2,0,881,20.983990540230721,2.3315545044700801,0.0036395420551156191,0.0058327001107669656,0.98567888235501477,0.99950000000000006,28.582052949235944
3d (m=+0),3,2,0,882,21.007808917688418,2.3342009908542689,0.0036189620770846068,0.0057800231972871246,0.98581718046854627,0.99950000000000006,28.582052949235944
3d (m=+0),3,2,0,883,21.031627295146112,2.3368474772384569,0.003598489218062946,0.0057277778476500186,0.98595422904304442,0.99950000000000006,28.582052949235944
3d (m=+0),3,2,0,884,21.05544567260381,2.3394939636226457,0.0035781229978625855,0.005675961062346511,0.98609003832193809,0.99950000000000006,28.582052949235944
3d (m=+0),3,2,0,885,21.079264050061507,2.3421404500068341,0.0035578629377685158,0.0056245698560961075,0.98622461847738196,0.99950000000000006,28.582052949235944
3d (m=+0),3,2,0,886,21.103082427519205,2.3447869363910225,0.0035377085605409406,0.0055736012578677368,0.98635797961059613,0.99950000000000006,28.582052949235944
3d (m=+0),3,2,0,887,21.126900804976902,2.3474334227752114,0.0035176593904173519,0.0055230523108989,0.98649013175220523,0.99950000000000006,28.582052949235944
3d (m=+0),3,2,0,888,21.150719182434596,2.3500799091593993,0.0034977149531145095,0.0054729200727132808,0.98662108486257882,0.99950000000000006,28.582052949235944
3d (m=+0),3,2,0,889,21.174537559892293,2.3527263955435882,0.003477874775830348,0.0054232016151368589,0.9867508488321719,0.99950000000000006,28.582052949235944
3d (m=+0),3,2,0,890,21.198355937349991,2.3553728819277766,0.003458138387245784,0.0053738940243124762,0.98687943348186558,0.99950000000000006,28.582052949235944
3d (m=+0),3,2,0,891,21.222174314807688,2.3580193683119655,0.0034385053175264497,0.0053249944007129702,0.98700684856330811,0.99950000000000006,28.582052949235944
3d (m=+0),3,2,0,892,21.245992692265382,2.3606658546961534,0.0034189750983243282,0.0052764998591527928,0.98713310375925667,0.99950000000000006,28.582052949235944
3d (m=+0),3,2,0,893,21.26981106972308,2.3633123410803423,0.0033995472627792933,0.0052284075287981719,0.98725820868391889,0.99950000000000006,28.582052949235944
3d (m=+0),3,2,0,894,21.293629447180777,2.3659588274645307,0.0033802213455206126,0.0051807145531759689,0.98738217288329477,0.99950000000000006,28.582052949235944
3d (m=+0),3,2,0,895,21.317447824638474,2.3686053138487195,0.0033609968826683119,0.0051334180901809953,0.98750500583551892,0.99950000000000006,28.582052949235944
3d (m=+0),3,2,0,896,21.341266202096172,2.3712518002329079,0.0033418734118344966,0.0050865153120820562,0.98762671695120274,0.99950000000000006,28.582052949235944
3d (m=+0),3,2,0,897,21.365084579553866,2.3738982866170963,0.0033228504721245782,0.0050400034055265962,0.98774731557377693,0.99950000000000006,28.582052949235944
3d (m=+0),3,2,0,898,21.388902957011563,2.3765447730012847,0.0033039276041384076,0.0049938795715439742,0.98786681097983409,0.99950000000000006,28.582052949235944
3d (m=+0),3,2,0,899,21.412721334469261,2.3791912593854736,0.0032851043499713697,0.004948141025547542,0.9879852123794709,0.99950000000000006,28.582052949235944
3d (m=+0),3,2,0,900,21.436539711926958,2.381837745769662,0.0032663802532153534,0.0049027849973352832,0.98810252891663131,0.99950000000000006,28.582052949235944
3d (m=+0),3,2,0,901,21.460358089384652,2.3844842321538504,0.003247754858959681,0.0048578087310893062,0.98821876966944866,0.99950000000000006,28.582052949235944
3d (m=+0),3,2,0,902,21.484176466842349,2.3871307185380388,0.0032292277137919295,0.0048132094853739682,0.98833394365058869,0.99950000000000006,28.582052949235944
3d (m=+0),3,2,0,903,21.507994844300047,2.3897772049222272,0.0032107983657987164,0.0047689845331328976,0.98844805980759154,0.99950000000000006,28.582052949235944
3d (m=+0),3,2,0,904,21.531813221757744,2.3924236913064161,0.003192466364566372,0.00472513116168468,0.98856112702321464,0.99950000000000006,28.582052949235944
3d (m=+0),3,2,0,905,21.555631599215438,2.395070177690604,0.0031742312611815612,0.0046816466727174202,0.98867315411577483,0.99950000000000006,28.582052949235944
3d (m=+0),3,2,0,906,21.579449976673136,2.3977166640747929,0.0031560926082318248,0.0046385283822821116,0.9887841498394907,0.99950000000000006,28.582052949235944
3d (m=+0),3,2,0,907,21.603268354130833,2.4003631504589813,0.0031380499598060532,0.0045957736207848515,0.98889412288482437,0.99950000000000006,28.582052949235944
3d (m=+0),3,2,0,908,21.62708673158853,2.4030096368431701,0.0031201028714948893,0.0045533797329779307,0.98900308187882346,0.99950000000000006,28.582052949235944
3d (m=+0),3,2,0,909,21.650905109046228,2.4056561232273586,0.0031022509003910586,0.0045113440779497912,0.98911103538546274,0.99950000000000006,28.582052949235944
3d (m=+0),3,2,0,910,21.674723486503922,2.408302609611547,0.0030844936050896258,0.0044696640291138744,0.98921799190598503,0.99950000000000006,28.582052949235944
3d (m=+0),3,2,0,911,21.698541863961619,2.4109490959957354,0.0030668305456881943,0.0044283369741964307,0.98932395987924293,0.99950000000000006,28.582052949235944
3d (m=+0),3,2,0,912,21.722360241419317,2.4135955823799242,0.0030492612837870288,0.0043873603152232163,0.98942894768203904,0.99950000000000006,28.582052949235944
3d (m=+0),3,2,0,913,21.746178618877014,2.4162420687641126,0.0030317853824891228,0.0043467314685052081,0.98953296362946652,0.99950000000000006,28.582052949235944
3d (m=+0),3,2,0,914,21.769996996334708,2.418888555148301,0.0030144024064001885,0.0043064478646232364,0.98963601597524931,0.99950000000000006,28.582052949235944
3d (m=+0),3,2,0,915,21.793815373792405,2.4215350415324894,0.0029971119216285719,0.0042665069484115973,0.98973811291208158,0.99950000000000006,28.582052949235944
3d (m=+0),3,2,0,916,21.817633751250103,2.4241815279166783,0.0029799134957851441,0.0042269061789407805,0.9898392625719673,0.99950000000000006,28.582052949235944
3d (m=+0),3,2,0,917,21.8414521287078,2.4268280143008667,0.0029628066979830807,0.004187643029499085,0.98993947302655882,0.99950000000000006,28.582052949235944
3d (m=+0),3,2,0,918,21.865270506165494,2.4294745006850551,0.0029457910988376157,0.0041487149875733941,0.99003875228749538,0.99950000000000006,28.582052949235944
3d (m=+0),3,2,0,919,21.889088883623192,2.4321209870692435,0.0029288662704657015,0.0041101195548289135,0.99013710830674118,0.99950000000000006,28.582052949235944
3d (m=+0),3,2,0,920,21.912907261080889,2.4347674734534319,0.0029120317864856438,0.0040718542470880902,0.99023454897692265,0.99950000000000006,28.582052949235944
3d (m=+0),3,2,0,921,21.936725638538586,2.4374139598376208,0.0028952872220166488,0.0040339165943085479,0.99033108213166565,0.99950000000000006,28.582052949235944
3d (m=+0),3,2,0,922,21.960544015996284,2.4400604462218092,0.0028786321536783117,0.0039963041405601382,0.99042671554593154,0.99950000000000006,28.582052949235944
3d (m=+0),3,2,0,923,21.984362393453978,2.4427069326059976,0.0028620661595900724,0.0039590144440011946,0.99052145693635318,0.99950000000000006,28.582052949235944
3d (m=+0),3,2,0,924,22.008180770911675,2.445353418990186,0.0028455888193705692,0.0039220450768538001,0.99061531396157032,0.99950000000000006,28.582052949235944
3d (m=+0),3,2,0,925,22.031999148369373,2.4479999053743748,0.0028291997141369897,0.0038853936253783776,0.99070829422256412,0.99950000000000006,28.582052949235944
3d (m=+0),3,2,0,926,22.05581752582707,2.4506463917585632,0.0028128984265043187,0.003849057689847312,0.99080040526299129,0.99950000000000006,28.582052949235944
3d (m=+0),3,2,0,927,22.079635903284764,2.4532928781427517,0.0027966845405845483,0.0038130348845178278,0.99089165456951733,0.99950000000000006,28.582052949235944
3d (m=+0),3,2,0,928,22.103454280742461,2.4559393645269401,0.0027805576419858381,0.0037773228376040868,0.99098204957214953,0.99950000000000006,28.582052949235944
3d (m=+0),3,2,0,929,22.127272658200159,2.4585858509111289,0.0027645173178116119,0.0037419191912484678,0.99107159764456898,0.99950000000000006,28.582052949235944
3d (m=+0),3,2,0,930,22.151091035657856,2.4612323372953173,0.0027485631566596075,0.0037068216014921221,0.99116030610446204,0.99950000000000006,28.582052949235944
3d (m=+0),3,2,0,931,22.17490941311555,2.4638788236795057,0.0027326947486208735,0.0036720277382447687,0.99124818221385069,0.99950000000000006,28.582052949235944
3d (m=+0),3,2,0,932,22.198727790573248,2.4665253100636941,0.002716911685278693,0.0036375352852537077,0.99133523317942296,0.99950000000000006,28.582052949235944
3d (m=+0),3,2,0,933,22.222546168030945,2.469171796447883,0.0027012135597074978,0.0036033419400722235,0.99142146615286175,0.99950000000000006,28.582052949235944
3d (m=+0),3,2,0,934,22.246364545488643,2.4718182828320714,0.0026855999664716886,0.0035694454140271716,0.99150688823117361,0.99950000000000006,28.582052949235944
3d (m=+0),3,2,0,935,22.27018292294634,2.4744647692162598,0.0026700705016244335,0.003535843432185954,0.9915915064570161,0.99950000000000006,28.582052949235944
3d (m=+0),3,2,0,936,22.294001300404034,2.4771112556004482,0.0026546247627064088,0.0035025337333227931,0.9916753278190249,0.99950000000000006,28.582052949235944
3d (m=+0),3,2,0,937,22.317819677861731,2.4797577419846366,0.0026392623487444711,0.0034695140698843036,0.99175835925213984,0.99950000000000006,28.582052949235944
3d (m=+0),3,2,0,938,22.341638055319429,2.4824042283688255,0.0026239828602503262,0.003436782207954518,0.99184060763792992,0.99950000000000006,28.582052949235944
3d (m=+0),3,2,0,939,22.365456432777126,2.4850507147530139,0.0026087858992191013,0.0034043359272191683,0.99192207980491809,0.99950000000000006,28.582052949235944
3d (m=+0),3,2,0,940,22.38927481023482,2.4876972011372023,0.0025936710691279088,0.0033721730209294361,0.99200278252890428,0.99950000000000006,28.582052949235944
3d (m=+0),3,2,0,941,22.413093187692517,2.4903436875213907,0.0025786379749343294,0.0033402912958650178,0.99208272253328866,0.99950000000000006,28.582052949235944
3d (m=+0),3,2,0,942,22.436911565150215,2.4929901739055795,0.0025636862230748857,0.0033086885722966768,0.99216190648939295,0.99950000000000006,28.582052949235944
3d (m=+0),3,2,0,943,22.460729942607912,2.4956366602897679,0.0025488154214634443,0.0032773626839481592,0.99224034101678149,0.99950000000000006,28.582052949235944
3d (m=+0),3,2,0,944,22.484548320065606,2.4982831466739563,0.0025340251794895804,0.0032463114779575572,0.9923180326835811,0.99950000000000006,28.582052949235944
3d (m=+0),3,2,0,945,22.508366697523304,2.5009296330581448,0.0025193151080169021,0.0032155328148381268,0.99239498800680048,0.99950000000000006,28.582052949235944
3d (m=+0),3,2,0,946,22.532185074981001,2.5035761194423336,0.0025046848193813294,0.0031850245684385547,0.99247121345264777,0.99950000000000006,28.582052949235944
3d (m=+0),3,2,0,947,22.556003452438699,2.506222605826522,0.002490133927389334,0.0031547846259027119,0.99254671543684803,0.99950000000000006,28.582052949235944
3d (m=+0),3,2,0,948,22.579821829896396,2.5088690922107109,0.002475662047316131,0.0031248108876288714,0.99262150032495955,0.99950000000000006,28.582052949235944
3d (m=+0),3,2,0,949,22.60364020735409,2.5115155785948988,0.0024612687959038294,0.0030951012672284198,0.99269557443268863,0.99950000000000006,28.582052949235944
3d (m=+0),3,2,0,950,22.627458584811787,2.5141620649790877,0.0024469537913595495,0.0030656536914841046,0.99276894402620408,0.99950000000000006,28.582052949235944
3d (m=+0),3,2,0,951,22.651276962269485,2.5168085513632761,0.0024327166533534921,0.003036466100307768,0.99284161532245052,0.99950000000000006,28.582052949235944
3d (m=+0),3,2,0,952,22.675095339727182,2.5194550377474645,0.0024185570030169769,0.003007536446697644,0.99291359448946048,0.99950000000000006,28.582052949235944
3d (m=+0),3,2,0,953,22.698913717184876,2.5221015241316529,0.0024044744629404314,0.0029788626966951713,0.99298488764666537,0.99950000000000006,28.582052949235944
3d (m=+0),3,2,0,954,22.722732094642573,2.5247480105158413,0.0023904686571713405,0.0029504428293413544,0.993055500865206,0.99950000000000006,28.582052949235944
3d (m=+0),3,2,0,955,22.746550472100271,2.5273944969000302,0.002376539211212181,0.0029222748366327517,0.99312544016824134,0.99950000000000006,28.582052949235944
3d (m=+0),3,2,0,956,22.770368849557968,2.5300409832842186,0.0023626857520182829,0.0028943567234769475,0.99319471153125682,0.99950000000000006,28.582052949235944
3d (m=+0),3,2,0,957,22.794187227015662,2.532687469668407,0.0023489079079956907,0.0028666865076477049,0.99326332088237135,0.99950000000000006,28.582052949235944
3d (m=+0),3,2,0,958,22.81800560447336,2.5353339560525954,0.0023352053089989483,0.0028392622197396257,0.99333127410264299,0.99950000000000006,28.582052949235944
3d (m=+0),3,2,0,959,22.841823981931057,2.5379804424367842,0.0023215775863288978,0.0028120819031225283,0.9933985770263738,0.99950000000000006,28.582052949235944
3d (m=+0),3,2,0,960,22.865642359388755,2.5406269288209726,0.0023080243727303948,0.0027851436138953368,0.99346523544141385,0.99950000000000006,28.582052949235944
3d (m=+0),3,2,0,961,22.889460736846452,2.5432734152051615,0.0022945453023900182,0.002758445420839673,0.99353125508946372,0.99950000000000006,28.582052949235944
3d (m=+0),3,2,0,962,22.913279114304146,2.5459199015893494,0.0022811400109337405,0.0027319854053730695,0.99359664166637574,0.99950000000000006,28.582052949235944
3d (m=+0),3,2,0,963,22.937097491761843,2.5485663879735383,0.0022678081354245527,0.0027057616615018183,0.99366140082245491,0.99950000000000006,28.582052949235944
3d (m=+0),3,2,0,964,22.960915869219541,2.5512128743577267,0.0022545493143600768,0.0026797722957735159,0.99372553816275777,0.99950000000000006,28.582052949235944
3d (m=+0),3,2,0,965,22.984734246677238,2.5538593607419156,0.0022413631876701309,0.0026540154272292529,0.99378905924739058,0.99950000000000006,28.582052949235944
3d (m=+0),3,2,0,966,23.008552624134932,2.5565058471261035,0.0022282493967142629,0.0026284891873554882,0.99385196959180666,0.99950000000000006,28.582052949235944
3d (m=+0),3,2,0,967,23.03237100159263,2.5591523335102924,0.0022152075842792546,0.0026031917200356174,0.99391427466710192,0.99950000000000006,28.582052949235944
3d (m=+0),3,2,0,968,23.056189379050327,2.5617988198944808,0.0022022373945766041,0.0025781211815012594,0.9939759799003095,0.99950000000000006,28.582052949235944
3d (m=+0),3,2,0,969,23.080007756508024,2.5644453062786692,0.0021893384732399627,0.0025532757402832239,0.9940370906746937,0.99950000000000006,28.582052949235944
3d (m=+0),3,2,0,970,23.103826133965718,2.5670917926628576,0.0021765104673225543,0.0025286535771622287,0.99409761233004179,0.99950000000000006,28.582052949235944
3d (m=+0),3,2,0,971,23.127644511423416,2.569738279047046,0.0021637530252945486,0.0025042528851193045,0.99415755016295571,0.99950000000000006,28.582052949235944
3d (m=+0),3,2,0,972,23.151462888881113,2.5723847654312348,0.0021510657970404325,0.0024800718692859973,0.9942169094271418,0.99950000000000006,28.582052949235944
3d (m=+0),3,2,0,973,23.175281266338811,2.5750312518154232,0.0021384484338563235,0.0024561087468942611,0.99427569533369953,0.99950000000000006,28.582052949235944
3d (m=+0),3,2,0,974,23.199099643796508,2.5776777381996121,0.0021259005884472766,0.0024323617472261447,0.99433391305140939,0.99950000000000006,28.582052949235944
3d (m=+0),3,2,0,975,23.222918021254202,2.5803242245838001,0.002113421914924554,0.0024088291115632273,0.99439156770701909,0.99950000000000006,28.582052949235944
3d (m=+0),3,2,0,976,23.246736398711899,2.5829707109679889,0.0021010120688028594,0.0023855090931358116,0.99444866438552881,0.99950000000000006,28.582052949235944
3d (m=+0),3,2,0,977,23.270554776169597,2.5856171973521773,0.0020886707069975733,0.002362399957071951,0.99450520813047516,0.99950000000000006,28.582052949235944
3d (m=+0),3,2,0,978,23.294373153627294,2.5882636837363662,0.0020763974878219276,0.0023394999803462006,0.99456120394421399,0.99950000000000006,28.582052949235944
3d (m=+0),3,2,0,979,23.318191531084988,2.5909101701205541,0.0020641920709841837,0.0023168074517282292,0.9946166567882021,0.99950000000000006,28.582052949235944
3d (m=+0),3,2,0,980,23.342009908542686,2.593556656504743,0.0020520541175847577,0.0022943206717311714,0.99467157158327724,0.99950000000000006,28.582052949235944
3d (m=+0),3,2,0,981,23.365828286000383,2.5962031428889314,0.0020399832901133513,0.0022720379525598701,0.99472595320993751,0.99950000000000006,28.582052949235944
3d (m=+0),3,2,0,982,23.38964666345808,2.5988496292731202,0.0020279792524460346,0.0022499576180588835,0.99477980650861908,0.99950000000000006,28.582052949235944
3d (m=+0),3,2,0,983,23.413465040915774,2.6014961156573082,0.0020160416698423102,0.0022280780036603347,0.99483313627997261,0.99950000000000006,28.582052949235944
3d (m=+0),3,2,0,984,23.437283418373472,2.6041426020414971,0.0020041702089421609,0.0022063974563316263,0.99488594728513913,0.99950000000000006,28.582052949235944
3d (m=+0),3,2,0,985,23.461101795831169,2.6067890884256855,0.0019923645377630671,0.0021849143345229628,0.99493824424602362,0.99950000000000006,28.582052949235944
3d (m=+0),3,2,0,986,23.484920173288867,2.6094355748098739,0.001980624325697007,0.0021636270081147645,0.99499003184556833,0.99950000000000006,28.582052949235944
3d (m=+0),3,2,0,987,23.508738550746564,2.6120820611940627,0.0019689492435074284,0.0021425338583649055,0.99504131472802404,0.99950000000000006,28.582052949235944
3d (m=+0),3,2,0,988,23.532556928204258,2.6147285475782507,0.0019573389633262021,0.0021216332778558442,0.99509209749922067,0.99950000000000006,28.582052949235944
3d (m=+0),3,2,0,989,23.556375305661955,2.6173750339624395,0.0019457931586505512,0.0021009236704416178,0.99514238472683625,0.99950000000000006,28.582052949235944
3d (m=+0),3,2,0,990,23.580193683119653,2.6200215203466279,0.0019343115043399654,0.0020804034511947246,0.99519218094066486,0.99950000000000006,28.582052949235944
3d (m=+0),3,2,0,991,23.60401206057735,2.6226680067308168,0.0019228936766130899,0.0020600710463528986,0.99524149063288314,0.99950000000000006,28.582052949235944
3d (m=+0),3,2,0,992,23.627830438035044,2.6253144931150048,0.0019115393530445949,0.0020399248932657698,0.9952903182583156,0.99950000000000006,28.582052949235944
3d (m=+0),3,2,0,993,23.651648815492742,2.6279609794991936,0.0019002482125620157,0.0020199634403414175,0.99533866823469863,0.99950000000000006,28.582052949235944
3d (m=+0),3,2,0,994,23.675467192950439,2.630607465883382,0.0018890199354425995,0.0020001851469928791,0.99538654494294321,0.99950000000000006,28.582052949235944
3d (m=+0),3,2,0,995,23.699285570408136,2.6332539522675709,0.0018778542033100994,0.0019805884835845107,0.99543395272739654,0.99950000000000006,28.582052949235944
3d (m=+0),3,2,0,996,23.72310394786583,2.6359004386517588,0.0018667506991315805,0.0019611719313783276,0.99548089589610222,0.99950000000000006,28.582052949235944
3d (m=+0),3,2,0,997,23.746922325323528,2.6385469250359477,0.0018557091072141773,0.0019419339824802214,0.99552737872105901,0.99950000000000006,28.582052949235944
3d (m=+0),3,2,0,998,23.770740702781225,2.6411934114201361,0.0018447291132018657,0.0019228731397861654,0.99557340543847872,0.99950000000000006,28.582052949235944
3d (m=+0),3,2,0,999,23.794559080238923,2.6438398978043249,0.0018338104040721923,0.0019039879169283206,0.99561898024904216,0.99950000000000006,28.582052949235944
3d (m=+0),3,2,0,1000,23.81837745769662,2.6464863841885133,0.0018229526681329915,0.0018852768382210938,0.9956641073181548,0.99950000000000006,28.582052949235944
3d (m=+0),3,2,0,1001,23.842195835154314,2.6491328705727017,0.0018121555950191002,0.0018667384386071781,0.99570879077620011,0.99950000000000006,28.582052949235944
3d (m=+0),3,2,0,1002,23.866014212612011,2.6517793569568902,0.0018014188756890284,0.0018483712636035009,0.99575303471879217,0.99950000000000006,28.582052949235944
3d (m=+0),3,2,0,1003,23.889832590069709,2.6544258433410786,0.0017907422024216481,0.0018301738692471992,0.99579684320702688,0.99950000000000006,28.582052949235944
3d (m=+0),3,2,0,1004,23.913650967527406,2.6570723297252674,0.0017801252688128375,0.0018121448220415116,0.995840220267732,0.99950000000000006,28.582052949235944
3d (m=+0),3,2,0,1005,23.9374693449851,2.6597188161094554,0.0017695677697721207,0.001794282698901668,0.99588316989371584,0.99950000000000006,28.582052949235944
3d (m=+0),3,2,0,1006,23.961287722442798,2.6623653024936442,0.0017590694015192944,0.001776586087100764,0.99592569604401426,0.99950000000000006,28.582052949235944
3d (m=+0),3,2,0,1007,23.985106099900495,2.6650117888778326,0.0017486298615810359,0.0017590535842156149,0.9959678026441372,0.99950000000000006,28.582052949235944
3d (m=+0),3,2,0,1008,24.008924477358192,2.6676582752620215,0.0017382488487875018,0.0017416837980726084,0.99600949358631297,0.99950000000000006,28.582052949235944
3d (m=+0),3,2,0,1009,24.032742854815886,2.6703047616462094,0.001727926063268903,0.0017244753466935411,0.99605077272973219,0.99950000000000006,28.582052949235944
3d (m=+0),3,2,0,1010,24.056561232273584,2.6729512480303983,0.0017176612064520741,0.0017074268582414733,0.99609164390078975,0.99950000000000006,28.582052949235944
3d (m=+0),3,2,0,1011,24.080379609731281,2.6755977344145867,0.0017074539810570252,0.0016905369709665759,0.99613211089332554,0.99950000000000006,28.582052949235944
3d (m=+0),3,2,0,1012,24.104197987188979,2.6782442207987756,0.0016973040910934903,0.0016738043331520165,0.99617217746886455,0.99950000000000006,28.582052949235944
3d (m=+0),3,2,0,1013,24.128016364646676,2.680890707182964,0.0016872112418574422,0.0016572276030598189,0.99621184735685475,0.99950000000000006,28.582052949235944
3d (m=+0),3,2,0,1014,24.15183474210437,2.6835371935671524,0.0016771751399276135,0.0016408054488767829,0.99625112425490425,0.99950000000000006,28.582052949235944
3d (m=+0),3,2,0,1015,24.175653119562067,2.6861836799513408,0.001667195493162,0.0016245365486604179,0.99629001182901711,0.99950000000000006,28.582052949235944
3d (m=+0),3,2,0,1016,24.199471497019765,2.6888301663355296,0.0016572720106943469,0.0016084195902848993,0.99632851371382791,0.99950000000000006,28.582052949235944
3d (m=+0),3,2,0,1017,24.223289874477462,2.691476652719718,0.0016474044029306377,0.0015924532713870866,0.99636663351283461,0.99950000000000006,28.582052949235944
3d (m=+0),3,2,0,1018,24.247108251935156,2.6941231391039064,0.0016375923815455471,0.0015766362993125376,0.99640437479863064,0.99950000000000006,28.582052949235944
3d (m=+0),3,2,0,1019,24.270926629392854,2.6967696254880948,0.001627835659478909,0.0015609673910616162,0.99644174111313566,0.99950000000000006,28.582052949235944
3d (m=+0),3,2,0,1020,24.294745006850551,2.6994161118722833,0.0016181339509321563,0.0015454452732356105,0.99647873596782444,0.99950000000000006,28.582052949235944
3d (m=+0),3,2,0,1021,24.318563384308248,2.7020625982564721,0.0016084869713647576,0.0015300686819829294,0.99651536284395537,0.99950000000000006,28.582052949235944
3d (m=+0),3,2,0,1022,24.342381761765942,2.7047090846406601,0.0015988944374906527,0.0015148363629453603,0.99655162519279683,0.99950000000000006,28.582052949235944
3d (m=+0),3,2,0,1023,24.36620013922364,2.7073555710248489,0.0015893560672746404,0.0014997470712043296,0.99658752643585302,0.99950000000000006,28.582052949235944
3d (m=+0),3,2,0,1024,24.390018516681337,2.7100020574090373,0.0015798715799288196,0.0014847995712273367,0.99662306996508776,0.99950000000000006,28.582052949235944
3d (m=+0),3,2,0,1025,24.413836894139035,2.7126485437932262,0.0015704406959089594,0.0014699926368143459,0.99665825914314787,0.99950000000000006,28.582052949235944
3d (m=+0),3,2,0,1026,24.437655271596732,2.7152950301774146,0.0015610631369108942,0.0014553250510443193,0.99669309730358446,0.99950000000000006,28.582052949235944
3d (m=+0),3,2,0,1027,24.461473649054426,2.717941516561603,0.0015517386258669132,0.0014407956062218233,0.9967275877510734,0.99950000000000006,28.582052949235944
3d (m=+0),3,2,0,1028,24.485292026512123,2.7205880029457914,0.0015424668869421061,0.0014264031038236594,0.99676173376163446,0.99950000000000006,28.582052949235944
3d (m=+0),3,2,0,1029,24.509110403969821,2.7232344893299802,0.001533247645530754,0.0014121463544456735,0.99679553858284919,0.99950000000000006,28.582052949235944
3d (m=+0),3,2,0,1030,24.532928781427518,2.7258809757141687,0.0015240806282526603,0.0013980241777495556,0.99682900543407738,0.99950000000000006,28.582052949235944
3d (m=+0),3,2,0,1031,24.556747158885212,2.7285274620983571,0.0015149655629495089,0.0013840354024098015,0.99686213750667241,0.99950000000000006,28.582052949235944
3d (m=+0),3,2,0,1032,24.58056553634291,2.7311739484825455,0.0015059021786811991,0.0013701788660607356,0.99689493796419526,0.99950000000000006,28.582052949235944
3d (m=+0),3,2,0,1033,24.604383913800607,2.7338204348667343,0.0014968902057221766,0.0013564534152436364,0.99692740994262752,0.99950000000000006,28.582052949235944
3d (m=+0),3,2,0,1034,24.628202291258305,2.7364669212509227,0.0014879293755577659,0.001342857905353986,0.99695955655058244,0.99950000000000006,28.582052949235944
3d (m=+0),3,2,0,1035,24.652020668715998,2.7391134076351111,0.0014790194208804748,0.0013293912005887766,0.99699138086951555,0.99950000000000006,28.582052949235944
3d (m=+0),3,2,0,1036,24.675839046173696,2.7417598940192995,0.001470160075586317,0.0013160521738939785,0.99702288595393374,0.99950000000000006,28.582052949235944
3d (m=+0),3,2,0,1037,24.699657423631393,2.7444063804034879,0.0014613510747711128,0.0013028397069120826,0.99705407483160269,0.99950000000000006,28.582052949235944
3d (m=+0),3,2,0,1038,24.723475801089091,2.7470528667876768,0.0014525921547267875,0.0012897526899297703,0.99708495050375368,0.99950000000000006,28.582052949235944
3d (m=+0),3,2,0,1039,24.747294178546788,2.7496993531718652,0.0014438830529376742,0.0012767900218257141,0.99711551594528858,0.99950000000000006,28.582052949235944
3d (m=+0),3,2,0,1040,24.771112556004482,2.7523458395560536,0.0014352235080767879,0.0012639506100184592,0.99714577410498428,0.99950000000000006,28.582052949235944
3d (m=+0),3,2,0,1041,24.794930933462179,2.754992325940242,0.0014266132600021196,0.0012512333704144721,0.99717572790569509,0.99950000000000006,28.582052949235944
3d (m=+0),3,2,0,1042,24.818749310919877,2.7576388123244309,0.0014180520497529094,0.0012386372273562865,0.9972053802445543,0.99950000000000006,28.582052949235944
3d (m=+0),3,2,0,1043,24.842567688377574,2.7602852987086193,0.0014095396195459191,0.0012261611135707846,0.99723473399317497,0.99950000000000006,28.582052949235944
3d (m=+0),3,2,0,1044,24.866386065835268,2.7629317850928077,0.0014010757127717105,0.0012138039701176284,0.99726379199784843,0.99950000000000006,28.582052949235944
3d (m=+0),3,2,0,1045,24.890204443292966,2.7655782714769961,0.0013926600739908898,0.0012015647463377746,0.9972925570797424,0.99950000000000006,28.582052949235944
3d (m=+0),3,2,0,1046,24.914022820750663,2.7682247578611849,0.0013842924489303919,0.001189442399802198,0.99732103203509781,0.99950000000000006,28.582052949235944
3d (m=+0),3,2,0,1047,24.937841198208361,2.7708712442453733,0.0013759725844797194,0.0011774358962606849,0.99734921963542389,0.99950000000000006,28.582052949235944
3d (m=+0),3,2,0,1048,24.961659575666054,2.7735177306295618,0.0013677002286872021,0.0011655442095908095,0.9973771226276924,0.99950000000000006,28.582052949235944
3d (m=+0),3,2,0,1049,24.985477953123752,2.7761642170137502,0.001359475130756245,0.0011537663217470397,0.99740474373453092,0.99950000000000006,28.582052949235944
3d (m=+0),3,2,0,1050,25.009296330581449,2.778810703397939,0.0013512970410415731,0.0011421012227099895,0.99743208565441432,0.99950000000000006,28.582052949235944
3d (m=+0),3,2,0,1051,25.033114708039147,2.7814571897821274,0.0013431657110454815,0.0011305479104358304,0.99745915106185545,0.99950000000000006,28.582052949235944
3d (m=+0),3,2,0,1052,25.056933085496844,2.7841036761663158,0.0013350808934140645,0.0011191053908058276,0.99748594260759438,0.99950000000000006,28.582052949235944
3d (m=+0),3,2,0,1053,25.080751462954538,2.7867501625505042,0.0013270423419334597,0.0011077726775760555,0.99751246291878681,0.99950000000000006,28.582052949235944
3d (m=+0),3,2,0,1054,25.104569840412235,2.7893966489346926,0.001319049811526083,0.0010965487923272571,0.99753871459919097,0.99950000000000006,28.582052949235944
3d (m=+0),3,2,0,1055,25.128388217869933,2.7920431353188815,0.0013111030582468575,0.0010854327644148549,0.99756470022935306,0.99950000000000006,28.582052949235944
3d (m=+0),3,2,0,1056,25.15220659532763,2.7946896217030699,0.0013032018392794532,0.0010744236309191398,0.9975904223667923,0.99950000000000006,28.582052949235944
3d (m=+0),3,2,0,1057,25.176024972785324,2.7973361080872583,0.0012953459129325042,0.0010635204365955881,0.99761588354618402,0.99950000000000006,28.582052949235944
3d (m=+0),3,2,0,1058,25.199843350243022,2.7999825944714467,0.0012875350386358432,0.0010527222338253741,0.99764108627954207,0.99950000000000006,28.582052949235944
3d (m=+0),3,2,0,1059,25.223661727700719,2.8026290808556356,0.0012797689769367267,0.0010420280825660306,0.99766603305639978,0.99950000000000006,28.582052949235944
3d (m=+0),3,2,0,1060,25.247480105158417,2.805275567239824,0.001272047489496056,0.0010314370503022739,0.99769072634398981,0.99950000000000006,28.582052949235944
3d (m=+0),3,2,0,1061,25.27129848261611,2.8079220536240124,0.0012643703390846101,0.001020948211997017,0.99771516858742282,0.99950000000000006,28.582052949235944
3d (m=+0),3,2,0,1062,25.295116860073808,2.8105685400082008,0.0012567372895792499,0.0010105606500425089,0.99773936220986514,0.99950000000000006,28.582052949235944
3d (m=+0),3,2,0,1063,25.318935237531505,2.8132150263923896,0.0012491481059591629,0.0010002734542117102,0.99776330961271509,0.99950000000000006,28.582052949235944
3d (m=+0),3,2,0,1064,25.342753614989203,2.815861512776578,0.001241602554302067,0.00099008572160977706,0.99778701317577811,0.99950000000000006,28.582052949235944
3d (m=+0),3,2,0,1065,25.3665719924469,2.8185079991607669,0.0012341004017804361,0.0009799965566257595,0.99781047525744093,0.99950000000000006,28.582052949235944
3d (m=+0),3,2,0,1066,25.390390369904594,2.8211544855449548,0.0012266414166577293,0.00097000507088447572,0.99783369819484447,0.99950000000000006,28.582052949235944
3d (m=+0),3,2,0,1067,25.414208747362292,2.8238009719291437,0.0012192253682845929,0.00096011038319852686,0.99785668430405561,0.99950000000000006,28.582052949235944
3d (m=+0),3,2,0,1068,25.438027124819989,2.8264474583133321,0.0012118520270951024,0.00095031161952055033,0.99787943588023775,0.99950000000000006,28.582052949235944
3d (m=+0),3,2,0,1069,25.461845502277686,2.8290939446975205,0.0012045211646029689,0.00094060791289559938,0.99790195519782032,0.99950000000000006,28.582052949235944
3d (m=+0),3,2,0,1070,25.48566387973538,2.8317404310817089,0.0011972325533977654,0.000930998403413734,0.9979242445106673,0.99950000000000006,28.582052949235944
3d (m=+0),3,2,0,1071,25.509482257193078,2.8343869174658973,0.0011899859671411482,0.0009214822381627887,0.99794630605224433,0.99950000000000006,28.582052949235944
3d (m=+0),3,2,0,1072,25.533300634650775,2.8370334038500862,0.0011827811805630794,0.0009120585711813226,0.99796814203578488,0.99950000000000006,28.582052949235944
3d (m=+0),3,2,0,1073,25.557119012108473,2.8396798902342746,0.0011756179694580563,0.00090272656341176642,0.99798975465445505,0.99950000000000006,28.582052949235944
3d (m=+0),3,2,0,1074,25.580937389566166,2.842326376618463,0.0011684961106813259,0.00089348538265373223,0.99801114608151775,0.99950000000000006,28.582052949235944
3d (m=+0),3,2,0,1075,25.604755767023864,2.8449728630026514,0.0011614153821451188,0.00088433420351753862,0.99803231847049534,0.99950000000000006,28.582052949235944
3d (m=+0),3,2,0,1076,25.628574144481561,2.8476193493868402,0.0011543755628148742,0.00087527220737790995,0.99805327395533117,0.99950000000000006,28.582052949235944
3d (m=+0),3,2,0,1077,25.652392521939259,2.8502658357710287,0.0011473764327054677,0.0008662985823278674,0.99807401465055046,0.99950000000000006,28.582052949235944
3d (m=+0),3,2,0,1078,25.676210899396956,2.8529123221552175,0.0011404177728774488,0.00085741252313282547,0.99809454265141939,0.99950000000000006,28.582052949235944
3d (m=+0),3,2,0,1079,25.70002927685465,2.8555588085394055,0.0011334993654332638,0.00084861323118485383,0.99811486003410388,0.99950000000000006,28.582052949235944
3d (m=+0),3,2,0,1080,25.723847654312348,2.8582052949235943,0.0011266209935134961,0.0008398999144571585,0.99813496885582642,0.99950000000000006,28.582052949235944
3d (m=+0),3,2,0,1081,25.747666031770045,2.8608517813077827,0.0011197824412931027,0.00083127178745874618,0.99815487115502288,0.99950000000000006,28.582052949235944
3d (m=+0),3,2,0,1082,25.771484409227742,2.8634982676919716,0.0011129834939776499,0.00082272807118928255,0.99817456895149703,0.99950000000000006,28.582052949235944
3d (m=+0),3,2,0,1083,25.795302786685436,2.8661447540761595,0.0011062239377995649,0.00081426799309416216,0.99819406424657497,0.99950000000000006,28.582052949235944
3d (m=+0),3,2,0,1084,25.819121164143134,2.8687912404603484,0.0010995035600143606,0.00080589078701973885,0.99821335902325803,0.99950000000000006,28.582052949235944
3d (m=+0),3,2,0,1085,25.842939541600831,2.8714377268445368,0.001092822148896905,0.00079759569316880915,0.99823245524637472,0.99950000000000006,28.582052949235944
3d (m=+0),3,2,0,1086,25.866757919058529,2.8740842132287252,0.0010861794937376539,0.00078938195805624059,0.99825135486273164,0.99950000000000006,28.582052949235944
3d (m=+0),3,2,0,1087,25.890576296516222,2.8767306996129136,0.0010795753848389098,0.00078124883446483134,0.99827005980126315,0.99950000000000006,28.582052949235944
3d (m=+0),3,2,0,1088,25.91439467397392,2.879377185997102,0.0010730096135110779,0.00077319558140136429,0.99828857197318022,0.99950000000000006,28.582052949235944
3d (m=+0),3,2,0,1089,25.938213051431617,2.8820236723812909,0.0010664819720689214,0.00076522146405285209,0.99830689327211819,0.99950000000000006,28.582052949235944
3d (m=+0),3,2,0,1090,25.962031428889315,2.8846701587654793,0.0010599922538278303,0.00075732575374300203,0.99832502557428349,0.99950000000000006,28.582052949235944
3d (m=+0),3,2,0,1091,25.985849806347012,2.8873166451496681,0.0010535402531000788,0.00074950772788885927,0.99834297073859923,0.99950000000000006,28.582052949235944
3d (m=+0),3,2,0,1092,26.009668183804706,2.8899631315338561,0.0010471257651910987,0.00074176666995767195,0.99836073060684971,0.99950000000000006,28.582052949235944
3d (m=+0),3,2,0,1093,26.033486561262404,2.8926096179180449,0.0010407485863957525,0.0007341018694239543,0.99837830700382413,0.99950000000000006,28.582052949235944
3d (m=+0),3,2,0,1094,26.057304938720101,2.8952561043022333,0.0010344085139946068,0.00072651262172674649,0.99839570173745928,0.99950000000000006,28.582052949235944
3d (m=+0),3,2,0,1095,26.081123316177798,2.8979025906864222,0.0010281053462502202,0.00071899822822709476,0.99841291659898102,0.99950000000000006,28.582052949235944
3d (m=+0),3,2,0,1096,26.104941693635492,2.9005490770706102,0.0010218388824034183,0.00071155799616571343,0.99842995336304452,0.99950000000000006,28.582052949235944
3d (m=+0),3,2,0,1097,26.12876007109319,2.903195563454799,0.001015608922669589,0.0007041912386208728,0.99844681378787437,0.99950000000000006,28.582052949235944
3d (m=+0),3,2,0,1098,26.152578448550887,2.9058420498389874,0.0010094152682349731,0.00069689727446648148,0.99846349961540259,0.99950000000000006,28.582052949235944
3d (m=+0),3,2,0,1099,26.176396826008585,2.9084885362231763,0.0010032577212529612,0.00068967542833037708,0.99848001257140651,0.99950000000000006,28.582052949235944
3d (m=+0),3,2,0,1100,26.200215203466279,2.9111350226073642,0.00099713608484040209,0.00068252503055283166,0.99849635436564521,0.99950000000000006,28.582052949235944
3d (m=+0),3,2,0,1101,26.224033580923976,2.9137815089915531,0.00099105016307389471,0.00067544541714523664,0.99851252669199508,0.99950000000000006,28.582052949235944
3d (m=+0),3,2,0,1102,26.247851958381673,2.9164279953757415,0.00098499976098611773,0.00066843592974903904,0.99852853122858443,0.99950000000000006,28.582052949235944
3d (m=+0),3,2,0,1103,26.271670335839371,2.9190744817599299,0.00097898468456213161,0.000661495915594839,0.99854436963792714,0.99950000000000006,28.582052949235944
3d (m=+0),3,2,0,1104,26.295488713297068,2.9217209681441187,0.00097300474073570462,0.00065462472746172446,0.99856004356705519,0.99950000000000006,28.582052949235944
3d (m=+0),3,2,0,1105,26.319307090754762,2.9243674545283067,0.00096705973738564347,0.00064782172363680838,0.99857555464765058,0.99950000000000006,28.582052949235944
3d (m=+0),3,2,0,1106,26.34312546821246,2.9270139409124956,0.00096114948333211154,0.00064108626787495477,0.9985909044961756,0.99950000000000006,28.582052949235944
3d (m=+0),3,2,0,1107,26.366943845670157,2.929660427296684,0.0009552737883329822,0.0006344177293587486,0.99860609471400308,0.99950000000000006,28.582052949235944
3d (m=+0),3,2,0,1108,26.390762223127854,2.9323069136808728,0.00094943246308016671,0.00062781548265863538,0.99862112688754479,0.99950000000000006,28.582052949235944
3d (m=+0),3,2,0,1109,26.414580600585548,2.9349534000650608,0.00094362531919596753,0.00062127890769329548,0.99863600258837959,0.99950000000000006,28.582052949235944
3d (m=+0),3,2,0,1110,26.438398978043246,2.9375998864492496,0.00093785216922943036,0.00061480738969021736,0.99865072337338023,0.99950000000000006,28.582052949235944
3d (m=+0),3,2,0,1111,26.462217355500943,2.940246372833438,0.00093211282665270031,0.00060840031914647633,0.99866529078483934,0.99950000000000006,28.582052949235944
3d (m=+0),3,2,0,1112,26.486035732958641,2.9428928592176269,0.0009264071058573914,0.00060205709178973437,0.99867970635059444,0.99950000000000006,28.582052949235944
3d (m=+0),3,2,0,1113,26.509854110416335,2.9455393456018149,0.00092073482215094778,0.00059577710853942747,0.99869397158415207,0.99950000000000006,28.582052949235944
3d (m=+0),3,2,0,1114,26.533672487874032,2.9481858319860037,0.00091509579175302555,0.0005895597754681834,0.99870808798481103,0.99950000000000006,28.582052949235944
3d (m=+0),3,2,0,1115,26.557490865331729,2.9508323183701921,0.00090948983179187245,0.00058340450376343498,0.99872205703778461,0.99950000000000006,28.582052949235944
3d (m=+0),3,2,0,1116,26.581309242789427,2.953478804754381,0.00090391676030071371,0.00057731070968924372,0.99873588021432202,0.99950000000000006,28.582052949235944
3d (m=+0),3,2,0,1117,26.605127620247124,2.9561252911385694,0.00089837639621415197,0.000571277814548342,0.99874955897182893,0.99950000000000006,28.582052949235944
3d (m=+0),3,2,0,1118,26.628945997704818,2.9587717775227578,0.00089286855936455804,0.00056530524464436347,0.99876309475398684,0.99950000000000006,28.582052949235944
3d (m=+0),3,2,0,1119,26.652764375162516,2.9614182639069462,0.00088739307047848372,0.00055939243124430266,0.9987764889908719,0.99950000000000006,28.582052949235944
3d (m=+0),3,2,0,1120,26.676582752620213,2.9640647502911346,0.00088194975117307137,0.00055353881054116989,0.99878974309907254,0.99950000000000006,28.582052949235944
3d (m=+0),3,2,0,1121,26.70040113007791,2.9667112366753234,0.00087653842395247388,0.00054774382361685988,0.9988028584818065,0.99950000000000006,28.582052949235944
3d (m=+0),3,2,0,1122,26.724219507535604,2.9693577230595114,0.00087115891220428446,0.00054200691640523212,0.99881583652903683,0.99950000000000006,28.582052949235944
3d (m=+0),3,2,0,1123,26.748037884993302,2.9720042094437003,0.00086581104019595601,0.0005363275396553784,0.99882867861758684,0.99950000000000006,28.582052949235944
3d (m=+0),3,2,0,1124,26.771856262450999,2.9746506958278887,0.00086049463307125737,0.00053070514889513474,0.99884138611125461,0.99950000000000006,28.582052949235944
3d (m=+0),3,2,0,1125,26.795674639908697,2.9772971822120775,0.00085520951684670476,0.0005251392043947625,0.99885396036092622,0.99950000000000006,28.582052949235944
3d (m=+0),3,2,0,1126,26.819493017366391,2.9799436685962655,0.00084995551840802072,0.00051962917113086129,0.99886640270468829,0.99950000000000006,28.582052949235944
3d (m=+0),3,2,0,1127,26.843311394824088,2.9825901549804543,0.00084473246550659275,0.00051417451875048208,0.99887871446793963,0.99950000000000006,28.582052949235944
3d (m=+0),3,2,0,1128,26.867129772281785,2.9852366413646427,0.00083954018675593749,0.0005087747215354421,0.9988908969635022,0.99950000000000006,28.582052949235944
3d (m=+0),3,2,0,1129,26.890948149739483,2.9878831277488316,0.00083437851162817915,0.0005034292583668583,0.99890295149173092,0.99950000000000006,28.582052949235944
3d (m=+0),3,2,0,1130,26.91476652719718,2.99052961413302,0.00082924727045052262,0.00049813761268987003,0.99891487934062284,0.99950000000000006,28.582052949235944
3d (m=+0),3,2,0,1131,26.938584904654874,2.9931761005172084,0.00082414629440174646,0.00049289927247858373,0.99892668178592559,0.99950000000000006,28.582052949235944
3d (m=+0),3,2,0,1132,26.962403282112572,2.9958225869013968,0.00081907541550869608,0.00048771373020121484,0.99893836009124448,0.99950000000000006,28.582052949235944
3d (m=+0),3,2,0,1133,26.986221659570269,2.9984690732855857,0.00081403446664278436,0.0004825804827854346,0.99894991550814949,0.99950000000000006,28.582052949235944
3d (m=+0),3,2,0,1134,27.010040037027967,3.0011155596697741,0.00080902328151650626,0.00047749903158393072,0.99896134927628077,0.99950000000000006,28.582052949235944
3d (m=+0),3,2,0,1135,27.03385841448566,3.0037620460539625,0.00080404169467994955,0.00047246888234015843,0.99897266262345408,0.99950000000000006,28.582052949235944
3d (m=+0),3,2,0,1136,27.057676791943358,3.0064085324381509,0.00079908954151732177,0.00046748954515430643,0.9989838567657644,0.99950000000000006,28.582052949235944
3d (m=+0),3,2,0,1137,27.081495169401055,3.0090550188223393,0.0007941666582434836,0.00046256053444946547,0.9989949329076897,0.99950000000000006,28.582052949235944
3d (m=+0),3,2,0,1138,27.105313546858753,3.0117015052065281,0.00078927288190048552,0.00045768136893799554,0.99900589224219338,0.99950000000000006,28.582052949235944
3d (m=+0),3,2,0,1139,27.129131924316447,3.0143479915907161,0.00078440805035412116,0.00045285157158810578,0.99901673595082596,0.99950000000000006,28.582052949235944
3d (m=+0),3,2,0,1140,27.152950301774144,3.0169944779749049,0.00077957200229046997,0.00044807066959061756,0.99902746520382613,0.99950000000000006,28.582052949235944
3d (m=+0),3,2,0,1141,27.176768679231841,3.0196409643590933,0.00077476457721247633,0.00044333819432596026,0.99903808116022108,0.99950000000000006,28.582052949235944
3d (m=+0),3,2,0,1142,27.200587056689539,3.0222874507432822,0.00076998561543650606,0.00043865368133133646,0.99904858496792559,0.99950000000000006,28.582052949235944
3d (m=+0),3,2,0,1143,27.224405434147236,3.0249339371274706,0.00076523495808893192,0.0004340166702681111,0.99905897776384089,0.99950000000000006,28.582052949235944
3d (m=+0),3,2,0,1144,27.24822381160493,3.027580423511659,0.00076051244710272211,0.00042942670488939621,0.9990692606739523,0.99950000000000006,28.582052949235944
3d (m=+0),3,2,0,1145,27.272042189062628,3.0302269098958474,0.00075581792521402366,0.00042488333300782176,0.99907943481342654,0.99950000000000006,28.582052949235944
3d (m=+0),3,2,0,1146,27.295860566520325,3.0328733962800363,0.00075115123595877989,0.00042038610646353457,0.99908950128670793,0.99950000000000006,28.582052949235944
3d (m=+0),3,2,0,1147,27.319678943978023,3.0355198826642247,0.00074651222366932911,0.00041593458109236744,0.99909946118761384,0.99950000000000006,28.582052949235944
3d (m=+0),3,2,0,1148,27.343497321435716,3.0381663690484131,0.00074190073347102912,0.00041152831669422708,0.99910931559942973,0.99950000000000006,28.582052949235944
3d (m=+0),3,2,0,1149,27.367315698893414,3.0408128554326015,0.00073731661127888202,0.00040716687700167098,0.99911906559500285,0.99950000000000006,28.582052949235944
3d (m=+0),3,2,0,1150,27.391134076351111,3.0434593418167903,0.00073275970379416881,0.00040284982964868384,0.99912871223683586,0.99950000000000006,28.582052949235944
3d (m=+0),3,2,0,1151,27.414952453808809,3.0461058282009787,0.00072822985850109709,0.00039857674613965699,0.99913825657717925,0.99950000000000006,28.582052949235944
3d (m=+0),3,2,0,1152,27.438770831266503,3.0487523145851672,0.0007237269236634457,0.00039434720181855202,0.99914769965812311,0.99950000000000006,28.582052949235944
3d (m=+0),3,2,0,1153,27.4625892087242,3.0513988009693556,0.00071925074832123056,0.00039016077583827456,0.99915704251168835,0.99950000000000006,28.582052949235944
3d (m=+0),3,2,0,1154,27.486407586181897,3.054045287353544,0.00071480118228736981,0.00038601705113023324,0.99916628615991687,0.99950000000000006,28.582052949235944
3d (m=+0),3,2,0,1155,27.510225963639595,3.0566917737377328,0.00071037807614436133,0.00038191561437409877,0.99917543161496136,0.99950000000000006,28.582052949235944
3d (m=+0),3,2,0,1156,27.534044341097292,3.0593382601219212,0.00070598128124097187,0.00037785605596776057,0.99918447987917425,0.99950000000000006,28.582052949235944
3d (m=+0),3,2,0,1157,27.557862718554986,3.0619847465061096,0.00070161064968892438,0.00037383796999746486,0.99919343194519583,0.99950000000000006,28.582052949235944
3d (m=+0),3,2,0,1158,27.581681096012684,3.064631232890298,0.00069726603435960532,0.00036986095420816069,0.99920228879604167,0.99950000000000006,28.582052949235944
3d (m=+0),3,2,0,1159,27.605499473470381,3.0672777192744869,0.00069294728888077398,0.00036592460997402919,0.99921105140518951,0.99950000000000006,28.582052949235944
3d (m=+0),3,2,0,1160,27.629317850928079,3.0699242056586753,0.00068865426763328145,0.00036202854226920678,0.99921972073666532,0.99950000000000006,28.582052949235944
3d (m=+0),3,2,0,1161,27.653136228385772,3.0725706920428637,0.00068438682574780416,0.00035817235963870599,0.99922829774512878,0.99950000000000006,28.582052949235944
3d (m=+0),3,2,0,1162,27.67695460584347,3.0752171784270521,0.00068014481910157046,0.0003543556741695109,0.999236783375958,0.99950000000000006,28.582052949235944
3d (m=+0),3,2,0,1163,27.700772983301167,3.077863664811241,0.00067592810431511905,0.00035057810146188549,0.99924517856533335,0.99950000000000006,28.582052949235944
3d (m=+0),3,2,0,1164,27.724591360758865,3.0805101511954294,0.00067173653874904422,0.00034683926060084976,0.9992534842403209,0.99950000000000006,28.582052949235944
3d (m=+0),3,2,0,1165,27.748409738216562,3.0831566375796182,0.00066756998050076263,0.00034313877412785719,0.9992617013189552,0.99950000000000006,28.582052949235944
3d (m=+0),3,2,0,1166,27.772228115674256,3.0858031239638062,0.00066342828840128926,0.00033947626801266058,0.99926983071032116,0.99950000000000006,28.582052949235944
3d (m=+0),3,2,0,1167,27.796046493131954,3.088449610347995,0.00065931132201200819,0.00033585137162535139,0.99927787331463547,0.99950000000000006,28.582052949235944
3d (m=+0),3,2,0,1168,27.819864870589651,3.0910960967321834,0.00065521894162147659,0.00033226371770860957,0.99928583002332694,0.99950000000000006,28.582052949235944
3d (m=+0),3,2,0,1169,27.843683248047348,3.0937425831163718,0.00065115100824221278,0.00032871294235011503,0.99929370171911691,0.99950000000000006,28.582052949235944
3d (m=+0),3,2,0,1170,27.867501625505042,3.0963890695005603,0.00064710738360750889,0.00032519868495515972,0.99930148927609852,0.99950000000000006,28.582052949235944
3d (m=+0),3,2,0,1171,27.89132000296274,3.0990355558847487,0.00064308793016824742,0.00032172058821943979,0.99930919355981507,0.99950000000000006,28.582052949235944
3d (m=+0),3,2,0,1172,27.915138380420437,3.1016820422689375,0.00063909251108972584,0.00031827829810202973,0.99931681542733852,0.99950000000000006,28.582052949235944
3d (m=+0),3,2,0,1173,27.938956757878135,3.1043285286531259,0.00063512099024849581,0.000314871463798546,0.99932435572734657,0.99950000000000006,28.582052949235944
3d (m=+0),3,2,0,1174,27.962775135335828,3.1069750150373143,0.00063117323222920132,0.00031149973771448262,0.99933181530019966,0.99950000000000006,28.582052949235944
3d (m=+0),3,2,0,1175,27.986593512793526,3.1096215014215027,0.00062724910232143634,0.00030816277543873938,0.99933919497801704,0.99950000000000006,28.582052949235944
3d (m=+0),3,2,0,1176,28.010411890251223,3.1122679878056916,0.00062334846651660553,0.0003048602357173243,0.99934649558475208,0.99950000000000006,28.582052949235944
3d (m=+0),3,2,0,1177,28.034230267708921,3.11491447418988,0.00061947119150479533,0.00030159178042723806,0.99935371793626737,0.99950000000000006,28.582052949235944
3d (m=+0),3,2,0,1178,28.058048645166618,3.1175609605740688,0.00061561714467165817,0.00029835707455054181,0.99936086284040893,0.99950000000000006,28.582052949235944
3d (m=+0),3,2,0,1179,28.081867022624312,3.1202074469582568,0.00061178619409529714,0.00029515578614859513,0.99936793109708,0.99950000000000006,28.582052949235944
3d (m=+0),3,2,0,1180,28.10568540008201,3.1228539333424457,0.00060797820854316821,0.00029198758633648035,0.99937492349831381,0.99950000000000006,28.582052949235944
3d (m=+0),3,2,0,1181,28.129503777539707,3.1255004197266341,0.00060419305746898849,0.00028885214925760056,0.99938184082834625,0.99950000000000006,28.582052949235944
3d (m=+0),3,2,0,1182,28.153322154997404,3.1281469061108229,0.00060043061100965194,0.00028574915205845341,0.99938868386368751,0.99950000000000006,28.582052949235944
3d (m=+0),3,2,0,1183,28.177140532455098,3.1307933924950109,0.00059669073998216168,0.00028267827486358634,0.99939545337319335,0.99950000000000006,28.582052949235944
3d (m=+0),3,2,0,1184,28.200958909912796,3.1334398788791997,0.00059297331588055631,0.00027963920075071367,0.99940215011813593,0.99950000000000006,28.582052949235944
3d (m=+0),3,2,0,1185,28.224777287370493,3.1360863652633881,0.00058927821087286663,0.00027663161572602697,0.99940877485227375,0.99950000000000006,28.582052949235944
3d (m=+0),3,2,0,1186,28.248595664828191,3.1387328516475765,0.00058560529779806247,0.0002736552086996611,0.99941532832192082,0.99950000000000006,28.582052949235944
3d (m=+0),3,2,0,1187,28.272414042285885,3.1413793380317649,0.00058195445016302001,0.00027070967146134339,0.99942181126601604,0.99950000000000006,28.582052949235944
3d (m=+0),3,2,0,1188,28.296232419743582,3.1440258244159534,0.00057832554213949527,0.00026779469865621206,0.99942822441619106,0.99950000000000006,28.582052949235944
3d (m=+0),3,2,0,1189,28.320050797201279,3.1466723108001422,0.00057471844856110568,0.00026490998776080416,0.99943456849683832,0.99950000000000006,28.582052949235944
3d (m=+0),3,2,0,1190,28.343869174658977,3.1493187971843306,0.00057113304492032563,0.00026205523905921792,0.99944084422517809,0.99950000000000006,28.582052949235944
3d (m=+0),3,2,0,1191,28.367687552116674,3.1519652835685195,0.00056756920736548402,0.00025923015561943883,0.99944705231132491,0.99950000000000006,28.582052949235944
3d (m=+0),3,2,0,1192,28.391505929574368,3.1546117699527074,0.0005640268126977778,0.00025643444326983945,0.99945319345835382,0.99950000000000006,28.582052949235944
3d (m=+0),3,2,0,1193,28.415324307032066,3.1572582563368963,0.00056050573836829239,0.00025366781057584571,0.99945926836236587,0.99950000000000006,28.582052949235944
3d (m=+0),3,2,0,1194,28.439142684489763,3.1599047427210847,0.00055700586247503037,0.00025092996881676872,0.99946527771255278,0.99950000000000006,28.582052949235944
3d (m=+0),3,2,0,1195,28.46296106194746,3.1625512291052735,0.00055352706375995495,0.00024822063196280815,0.99947122219126161,0.99950000000000006,28.582052949235944
3d (m=+0),3,2,0,1196,28.486779439405154,3.1651977154894615,0.00055006922160603347,0.00024553951665221262,0.9994771024740583,0.99950000000000006,28.582052949235944
3d (m=+0),3,2,0,1197,28.510597816862852,3.1678442018736503,0.00054663221603429898,0.00024288634216861293,0.99948291922979104,0.99950000000000006,28.582052949235944
3d (m=+0),3,2,0,1198,28.534416194320549,3.1704906882578388,0.00054321592770091825,0.00024026083041851567,0.99948867312065315,0.99950000000000006,28.582052949235944
3d (m=+0),3,2,0,1199,28.558234571778247,3.1731371746420276,0.00053982023789426764,0.00023766270590895987,0.99949436480224518,0.99950000000000006,28.582052949235944
3d (m=+0),3,2,0,1200,28.582052949235944,3.175783661026216,0.00053644502853202329,0.00023509169572533898,0.99949999492363661,0.99950000000000006,28.582052949235944
4f (m=+0),4,3,0,0,0,0,0,0,0,0.99950000000000006,44.433770739854893
4f (m=+0),4,3,0,1,0.037028142283212412,0.0023142588927007757,1.107083173320744e-08,1.6804451731965626e-19,3.1111881486129921e-21,0.99950000000000006,44.433770739854893
4f (m=+0),4,3,0,2,0.074056284566424824,0.0046285177854015515,8.7750572276267378e-08,4.2230259873946209e-17,7.8807641193198404e-19,0.99950000000000006,44.433770739854893
4f (m=+0),4,3,0,3,0.11108442684963724,0.0069427766781023272,2.9342928484586716e-07,1.062461661046172e-15,2.1240421225404669e-17,0.99950000000000006,44.433770739854893
4f (m=+0),4,3,0,4,0.14811256913284965,0.009257035570803103,6.8912718978083134e-07,1.041795798005888e-14,2.337897271963168e-16,0.99950000000000006,44.433770739854893
4f (m=+0),4,3,0,5,0.18514071141606206,0.011571294463503879,1.3335495128134761e-06,6.0956798093675032e-14,1.5552270388602161e-15,0.99950000000000006,44.433770739854893
4f (m=+0),4,3,0,6,0.22216885369927447,0.013885553356204654,2.2831403201926275e-06,2.572951240082431e-13,7.4473657656080439e-15,0.99950000000000006,44.433770739854893
4f (m=+0),4,3,0,7,0.25919699598248691,0.016199812248905432,3.5921353570183071e-06,8.6689263667002206e-13,2.8260657943328434e-14,0.99950000000000006,44.433770739854893
4f (m=+0),4,3,0,8,0.29622513826569929,0.018514071141606206,5.3126139049066694e-06,2.4766254473169225e-12,9.0162789613509559e-14,0.99950000000000006,44.433770739854893
4f (m=+0),4,3,0,9,0.33325328054891168,0.02082833003430698,7.4945496748657062e-06,6.2379221675350756e-12,2.5150454412179404e-13,0.99950000000000006,44.433770739854893
4f (m=+0),4,3,0,10,0.37028142283212412,0.023142588927007757,1.018586075102744e-05,1.422523066118201e-11,6.3036081137422275e-13,0.99950000000000006,44.433770739854893
4f (m=+0),4,3,0,11,0.40730956511533656,0.025456847819708535,1.3432458600650759e-05,2.9933688815664963e-11,1.4479221881050283e-12,0.99950000000000006,44.433770739854893
4f (m=+0),4,3,0,12,0.44433770739854894,0.027771106712409309,1.7278296165580809e-05,5.894244781942917e-11,3.0933813045582735e-12,0.99950000000000006,44.433770739854893
4f (m=+0),4,3,0,13,0.48136584968176133,0.030085365605110083,2.1765415050125612e-05,1.0977020084570987e-10,6.2169392844334686e-12,0.99950000000000006,44.433770739854893
4f (m=+0),4,3,0,14,0.51839399196497382,0.032399624497810864,2.6933991820088597e-05,1.9494915938773137e-10,1.1858535198020141e-11,0.99950000000000006,44.433770739854893
4f (m=+0),4,3,0,15,0.55542213424818621,0.034713883390511638,3.2822383427476705e-05,3.3234304523290085e-10,2.1620860586780896e-11,0.99950000000000006,44.433770739854893
4f (m=+0),4,3,0,16,0.59245027653139859,0.037028142283212412,3.9467171775187993e-05,5.4673367573082479e-10,3.7896149537633212e-11,0.99950000000000006,44.433770739854893
4f (m=+0),4,3,0,17,0.62947841881461097,0.039342401175913186,4.6903207435769504e-05,8.7169945742519e-10,6.4157121474495033e-11,0.99950000000000006,44.433770739854893
4f (m=+0),4,3,0,18,0.66650656109782336,0.04165666006861396,5.516365253812654e-05,1.3518076086224502e-09,1.0532328947916511e-10,0.99950000000000006,44.433770739854893
4f (m=+0),4,3,0,19,0.70353470338103585,0.043970918961314741,6.4280022835857013e-05,2.0451402421274379e-09,1.68214623652275e-10,0.99950000000000006,44.433770739854893
4f (m=+0),4,3,0,20,0.74056284566424824,0.046285177854015515,7.4282228970680948e-05,3.0261725891806663e-09,2.6210527019245356e-10,0.99950000000000006,44.433770739854893
4f (m=+0),4,3,0,21,0.77759098794746062,0.048599436746716289,8.5198616944233554e-05,4.3890196656931665e-09,3.9939066712787494e-10,0.99950000000000006,44.433770739854893
4f (m=+0),4,3,0,22,0.81461913023067312,0.05091369563941707,9.7056007811291965e-05,6.2510656005969161e-09,5.9638196270072599e-10,0.99950000000000006,44.433770739854893
4f (m=+0),4,3,0,23,0.8516472725138855,0.053227954532117844,0.00010987973660730961,8.7569876893829049e-09,8.7424212900842929e-10,0.99950000000000006,44.433770739854893
4f (m=+0),4,3,0,24,0.88867541479709788,0.055542213424818618,0.00012369369052294034,1.2083185027183283e-08,1.2600785692862961e-09,0.99950000000000006,44.433770739854893
4f (m=+0),4,3,0,25,0.92570355708031027,0.057856472317519392,0.0001385203463380426,1.6442619336347527e-08,1.7882073406442458e-09,0.99950000000000006,44.433770739854893
4f (m=+0),4,3,0,26,0.96273169936352265,0.060170731210220166,0.00015438080712746761,2.2090073352570924e-08,2.5016043543645307e-09,0.99950000000000006,44.433770739854893
4f (m=+0),4,3,0,27,0.99975984164673515,0.062484990102920947,0.0001712948382507499,2.9327829888524642e-08,3.4535590729224006e-09,0.99950000000000006,44.433770739854893
4f (m=+0),4,3,0,28,1.0367879839299476,0.064799248995621728,0.00018928090263763613,3.851177247007239e-08,4.7095462972077449e-09,0.99950000000000006,44.433770739854893
4f (m=+0),4,3,0,29,1.07381612621316,0.067113507888322502,0.00020835619538120889,5.0057906251317157e-08,6.3493316300447551e-09,0.99950000000000006,44.433770739854893
4f (m=+0),4,3,0,30,1.1108442684963724,0.069427766781023276,0.00022853667765018414,6.4449295773113595e-08,8.4693261145513388e-09,0.99950000000000006,44.433770739854893
4f (m=+0),4,3,0,31,1.1478724107795848,0.07174202567372405,0.00024983710993178637,8.2243414046060709e-08,1.1185205380098526e-08,0.99950000000000006,44.433770739854893
4f (m=+0),4,3,0,32,1.1849005530627972,0.074056284566424824,0.00027227108461643315,1.0407989542275649e-07,1.4634808386943714e-08,0.99950000000000006,44.433770739854893
4f (m=+0),4,3,0,33,1.2219286953460096,0.076370543459125598,0.00029585105793529173,1.3068868278339727e-07,1.8981330545666181e-08,0.99950000000000006,44.433770739854893
4f (m=+0),4,3,0,34,1.2589568376292219,0.078684802351826372,0.00032058838126160092,1.6289855770061773e-07,2.441682560225508e-08,0.99950000000000006,44.433770739854893
4f (m=+0),4,3,0,35,1.2959849799124343,0.080999061244527146,0.00034649333178648768,2.0164604047971022e-07,3.1166030227253916e-08,0.99950000000000006,44.433770739854893
4f (m=+0),4,3,0,36,1.3330131221956467,0.08331332013722792,0.00037357514257984535,2.4798464529393768e-07,3.9490524731116409e-08,0.99950000000000006,44.433770739854893
4f (m=+0),4,3,0,37,1.3700412644788593,0.085627579029928708,0.00040184203204667854,3.0309447405557428e-07,4.9693242751407022e-08,0.99950000000000006,44.433770739854893
4f (m=+0),4,3,0,38,1.4070694067620717,0.087941837922629482,0.00043130123278916081,3.6829213118471901e-07,6.2123342124347285e-08,0.99950000000000006,44.433770739854893
4f (m=+0),4,3,0,39,1.4440975490452841,0.090256096815330256,0.00046195901988450134,4.4504094006223833e-07,7.7181448467234509e-08,0.99950000000000006,44.433770739854893
4f (m=+0),4,3,0,40,1.4811256913284965,0.09257035570803103,0.00049382073858855052,5.3496144068203321e-07,9.5325282263277393e-08,0.99950000000000006,44.433770739854893
4f (m=+0),4,3,0,41,1.5181538336117089,0.094884614600731804,0.00052689083147493699,6.3984214685230265e-07,1.1707567946030226e-07,0.99950000000000006,44.433770739854893
4f (m=+0),4,3,0,42,1.5551819758949212,0.097198873493432578,0.00056117286501937002,7.616505402359425e-07,1.4302301477349486e-07,0.99950000000000006,44.433770739854893
4f (m=+0),4,3,0,43,1.5922101181781336,0.099513132386133352,0.0005966695556385936,9.0254427756663956e-07,1.7383403602378423e-07,0.99950000000000006,44.433770739854893
4f (m=+0),4,3,0,44,1.6292382604613462,0.10182739127883414,0.00063338279519334112,1.0648825865290109e-06,2.1025911695155851e-07,0.99950000000000006,44.433770739854893
4f (m=+0),4,3,0,45,1.6662664027445586,0.10414165017153491,0.00067131367596448565,1.2512378250472179e-06,2.5313993502400701e-07,0.99950000000000006,44.433770739854893
4f (m=+0),4,3,0,46,1.703294545027771,0.10645590906423569,0.0007104625151114494,1.464407178085542e-06,3.0341757980735428e-07,0.99950000000000006,44.433770739854893
4f (m=+0),4,3,0,47,1.7403226873109834,0.10877016795693646,0.00075082887862178789,1.7074244655245483e-06,3.6214109650634919e-07,0.99950000000000006,44.433770739854893
4f (m=+0),4,3,0,48,1.7773508295941958,0.11108442684963724,0.00079241160476073685,1.9835720342357402e-06,4.3047646828633062e-07,0.99950000000000006,44.433770739854893
4f (m=+0),4,3,0,49,1.8143789718774082,0.11339868574233801,0.00083520882702936203,2.2963927071334988e-06,5.0971603999160688e-07,0.99950000000000006,44.433770739854893
4f (m=+0),4,3,0,50,1.8514071141606205,0.11571294463503878,0.00087921799663983528,2.6497017617332186e-06,6.0128838486131018e-07,0.99950000000000006,44.433770739854893
4f (m=+0),4,3,0,51,1.8884352564438329,0.11802720352773956,0.00092443590451620926,3.0475989105857575e-06,7.0676861482374454e-07,0.99950000000000006,44.433770739854893
4f (m=+0),4,3,0,52,1.9254633987270453,0.12034146242044033,0.0009708587028289527,3.4944802558880177e-06,8.2788913392585975e-07,0.99950000000000006,44.433770739854893
4f (m=+0),4,3,0,53,1.9624915410102579,0.12265572131314112,0.0010184819260713671,3.9950501905840809e-06,9.6655083342907051e-07,0.99950000000000006,44.433770739854893
4f (m=+0),4,3,0,54,1.9995196832934703,0.12496998020584189,0.0010673005116858822,4.5543332183678458e-06,1.1248347260792742e-06,0.99950000000000006,44.433770739854893
4f (m=+0),4,3,0,55,2.0365478255766827,0.12728423909854267,0.0011173088202481132,5.1776856651730924e-06,1.3050140160406059e-06,0.99950000000000006,44.433770739854893
4f (m=+0),4,3,0,56,2.0735759678598953,0.12959849799124346,0.0011685006552164239,5.8708072549866121e-06,1.5095665999719762e-06,0.99950000000000006,44.433770739854893
4f (m=+0),4,3,0,57,2.1106041101431074,0.13191275688394422,0.0012208692822546327,6.6397525231413183e-06,1.7411879937255522e-06,0.99950000000000006,44.433770739854893
4f (m=+0),4,3,0,58,2.1476322524263201,0.134227015776645,0.0012744074481353797,7.4909420406352779e-06,2.0028046781596216e-06,0.99950000000000006,44.433770739854893
4f (m=+0),4,3,0,59,2.1846603947095322,0.13654127466934576,0.0013291073992315354,8.431173423475297e-06,2.2975878565870309e-06,0.99950000000000006,44.433770739854893
4f (m=+0),4,3,0,60,2.2216885369927448,0.13885553356204655,0.0013849608996029581,9.4676321015578899e-06,2.6289676154272715e-06,0.99950000000000006,44.433770739854893
4f (m=+0),4,3,0,61,2.258716679275957,0.14116979245474731,0.0014419592486857374,1.060790182216986e-05,3.0006474786968932e-06,0.99950000000000006,44.433770739854893
4f (m=+0),4,3,0,62,2.2957448215591696,0.1434840513474481,0.001500093298591004,1.1859974863815144e-05,3.4166193460620571e-06,0.99950000000000006,44.433770739854893
4f (m=+0),4,3,0,63,2.3327729638423818,0.14579831024014886,0.0015593534710202353,1.3232261936746705e-05,3.8811788032896849e-06,0.99950000000000006,44.433770739854893
4f (m=+0),4,3,0,64,2.3698011061255944,0.14811256913284965,0.0016197297738039006,1.4733601747301929e-05,4.3989407930726259e-06,0.99950000000000006,44.433770739854893
4f (m=+0),4,3,0,65,2.406829248408807,0.15042682802555044,0.0016812118170701652,1.6373270203900504e-05,4.9748556333700254e-06,0.99950000000000006,44.433770739854893
4f (m=+0),4,3,0,66,2.4438573906920191,0.1527410869182512,0.0017437888290502894,1.8160989243364835e-05,5.6142253695993779e-06,0.99950000000000006,44.433770739854893
4f (m=+0),4,3,0,67,2.4808855329752317,0.15505534581095198,0.0018074496715272275,2.0106935257057875e-05,6.3227204462418231e-06,0.99950000000000006,44.433770739854893
4f (m=+0),4,3,0,68,2.5179136752584439,0.15736960470365274,0.0018721828549338475,2.2221747097201431e-05,7.1063966826790255e-06,0.99950000000000006,44.433770739854893
4f (m=+0),4,3,0,69,2.5549418175416565,0.15968386359635353,0.0019379765531070911,2.451653364463463e-05,7.9717125373697463e-06,0.99950000000000006,44.433770739854893
4f (m=+0),4,3,0,70,2.5919699598248687,0.16199812248905429,0.0020048186177042742,2.7002880920193548e-05,8.9255466437968719e-06,0.99950000000000006,44.433770739854893
4f (m=+0),4,3,0,71,2.6289981021080813,0.16431238138175508,0.0020726965922876631,2.9692858722838795e-05,9.9752156009739622e-06,0.99950000000000006,44.433770739854893
4f (m=+0),4,3,0,72,2.6660262443912934,0.16662664027445584,0.0021415977260833218,3.2599026778620029e-05,1.1128492000692751e-05,0.99950000000000006,44.433770739854893
4f (m=+0),4,3,0,73,2.703054386674506,0.16894089916715663,0.0022115089874201843,3.5734440385548775e-05,1.239362267312279e-05,0.99950000000000006,44.433770739854893
4f (m=+0),4,3,0,74,2.7400825289577186,0.17125515805985742,0.0022824170768551443,3.9112655540442236e-05,1.3779347131839219e-05,0.99950000000000006,44.433770739854893
4f (m=+0),4,3,0,75,2.7771106712409308,0.17356941695255818,0.0023543084399899332,4.2747733534808195e-05,1.5294916198857958e-05,0.99950000000000006,44.433770739854893
4f (m=+0),4,3,0,76,2.8141388135241434,0.17588367584525896,0.0024271692799854114,4.6654245007851712e-05,1.6950110789797121e-05,0.99950000000000006,44.433770739854893
4f (m=+0),4,3,0,77,2.8511669558073556,0.17819793473795972,0.0025009855697788342,5.0847273445703773e-05,1.8755260838860865e-05,0.99950000000000006,44.433770739854893
4f (m=+0),4,3,0,78,2.8881950980905682,0.18051219363066051,0.0025757430640095521,5.5342418116993115e-05,2.0721264342957866e-05,0.99950000000000006,44.433770739854893
4f (m=+0),4,3,0,79,2.9252232403737803,0.18282645252336127,0.0026514273106585389,6.0155796435905164e-05,2.2859606503918708e-05,0.99950000000000006,44.433770739854893
4f (m=+0),4,3,0,80,2.9622513826569929,0.18514071141606206,0.0027280236624070268,6.5304045744892246e-05,2.5182378947468691e-05,0.99950000000000006,44.433770739854893
4f (m=+0),4,3,0,81,2.9992795249402056,0.18745497030876285,0.002805517287719455,7.0804324510215583e-05,2.7702298997339847e-05,0.99950000000000006,44.433770739854893
4f (m=+0),4,3,0,82,3.0363076672234177,0.18976922920146361,0.0028838931816558685,7.6674312924513035e-05,3.0432728982673541e-05,0.99950000000000006,44.433770739854893
4f (m=+0),4,3,0,83,3.0733358095066303,0.1920834880941644,0.0029631361764188035,8.2932212911588003e-05,3.3387695556667741e-05,0.99950000000000006,44.433770739854893
4f (m=+0),4,3,0,84,3.1103639517898425,0.19439774698686516,0.0030432309516396005,8.9596747529608798e-05,3.6581909004263402e-05,0.99950000000000006,44.433770739854893
4f (m=+0),4,3,0,85,3.1473920940730551,0.19671200587956594,0.003124162044409066,9.6687159769894273e-05,4.0030782516542796e-05,0.99950000000000006,44.433770739854893
4f (m=+0),4,3,0,86,3.1844202363562673,0.1990262647722667,0.0032059138590572337,0.0001042232107494249,4.3750451409423905e-05,0.99950000000000006,44.433770739854893
4f (m=+0),4,3,0,87,3.2214483786394799,0.20134052366496749,0.0032884706766870028,0.000112225177296182,4.775779226418628e-05,0.99950000000000006,44.433770739854893
4f (m=+0),4,3,0,88,3.2584765209226925,0.20365478255766828,0.0033718166644662443,0.00012071384892734844,5.2070441967345217e-05,0.99950000000000006,44.433770739854893
4f (m=+0),4,3,0,89,3.2955046632059046,0.20596904145036904,0.0034559358846829947,0.00012971052422133491,5.670681662741205e-05,0.99950000000000006,44.433770739854893
4f (m=+0),4,3,0,90,3.3325328054891172,0.20828330034306983,0.0035408123035682105,0.0001392370065854935,6.1686130346129024e-05,0.99950000000000006,44.433770739854893
4f (m=+0),4,3,0,91,3.3695609477723294,0.21059755923577059,0.0036264297998904998,0.0001493155994222652,6.70284138218525e-05,0.99950000000000006,44.433770739854893
4f (m=+0),4,3,0,92,3.406589090055542,0.21291181812847138,0.0037127721733272137,0.00015996910069737585,7.275453276287791e-05,0.99950000000000006,44.433770739854893
4f (m=+0),4,3,0,93,3.4436172323387542,0.21522607702117214,0.0037998231526161336,0.00017122079691452702,7.8886206088645908e-05,0.99950000000000006,44.433770739854893
4f (m=+0),4,3,0,94,3.4806453746219668,0.21754033591387292,0.00388756640349202,0.00018309445650185958,8.544602389695315e-05,0.99950000000000006,44.433770739854893
4f (m=+0),4,3,0,95,3.5176735169051789,0.21985459480657368,0.0039759855364121053,0.00019561432261624802,9.2457465175496578e-05,0.99950000000000006,44.433770739854893
4f (m=+0),4,3,0,96,3.5547016591883915,0.22216885369927447,0.0040650641140746544,0.00020880510537226888,9.9944915236323704e-05,0.99950000000000006,44.433770739854893
4f (m=+0),4,3,0,97,3.5917298014716041,0.22448311259197526,0.0041547856587345611,0.00022269197350341965,0.00010793368285202351,0.99950000000000006,44.433770739854893
4f (m=+0),4,3,0,98,3.6287579437548163,0.22679737148467602,0.004245133659319957,0.00023730054546389581,0.00011645001707279097,0.99950000000000006,44.433770739854893
4f (m=+0),4,3,0,99,3.6657860860380289,0.22911163037737681,0.0043360915783536777,0.0002526568799799192,0.00012552112370381604,0.99950000000000006,44.433770739854893
4f (m=+0),4,3,0,100,3.7028142283212411,0.23142588927007757,0.0044276428586834064,0.00026878746606028096,0.00013517518142279255,0.99950000000000006,44.433770739854893
4f (m=+0),4,3,0,101,3.7398423706044537,0.23374014816277836,0.004519770930024267,0.00028571921247640901,0.00014544135751771664,0.99950000000000006,44.433770739854893
4f (m=+0),4,3,0,102,3.7768705128876658,0.23605440705547912,0.0046124592153175088,0.00030347943672287043,0.0001563498232255303,0.99950000000000006,44.433770739854893
4f (m=+0),4,3,0,103,3.8138986551708784,0.2383686659481799,0.0047056911369089483,0.00032209585346982004,0.00016793176865258878,0.99950000000000006,44.433770739854893
4f (m=+0),4,3,0,104,3.8509267974540906,0.24068292484088066,0.0047994501225507181,0.00034159656251945203,0.00018021941725835858,0.99950000000000006,44.433770739854893
4f (m=+0),4,3,0,105,3.8879549397373032,0.24299718373358145,0.0048937196112298197,0.00036201003627905031,0.0001932460398842177,0.99950000000000006,44.433770739854893
4f (m=+0),4,3,0,106,3.9249830820205158,0.24531144262628224,0.0049884830588269452,0.00038336510676372979,0.00020704596830969671,0.99950000000000006,44.433770739854893
4f (m=+0),4,3,0,107,3.962011224303728,0.247625701518983,0.005083723943608935,0.000405690952142439,0.00022165460831900083,0.99950000000000006,44.433770739854893
4f (m=+0),4,3,0,108,3.9990393665869406,0.24993996041168379,0.0051794257715582345,0.00042901708284124104,0.00023710845226115909,0.99950000000000006,44.433770739854893
4f (m=+0),4,3,0,109,4.0360675088701532,0.25225421930438457,0.0052755720815425948,0.00045337332721830375,0.00025344509108767265,0.99950000000000006,44.433770739854893
4f (m=+0),4,3,0,110,4.0730956511533654,0.25456847819708533,0.0053721464503282629,0.00047878981682542731,0.00027070322585208146,0.99950000000000006,44.433770739854893
4f (m=+0),4,3,0,111,4.1101237934365775,0.2568827370897861,0.0054691324974398183,0.00050529697127129746,0.00028892267865641887,0.99950000000000006,44.433770739854893
4f (m=+0),4,3,0,112,4.1471519357197906,0.25919699598248691,0.0055665138898697685,0.00053292548270198554,0.00030814440303009356,0.99950000000000006,44.433770739854893
4f (m=+0),4,3,0,113,4.1841800780030027,0.26151125487518767,0.0056642743466409741,0.00056170629991453118,0.00032841049372731886,0.99950000000000006,44.433770739854893
4f (m=+0),4,3,0,114,4.2212082202862149,0.26382551376788843,0.0057623976432249029,0.00059167061211972392,0.00034976419592980701,0.99950000000000006,44.433770739854893
4f (m=+0),4,3,0,115,4.2582363625694271,0.26613977266058919,0.0058608676158186873,0.0006228498323704501,0.00037224991384203314,0.99950000000000006,44.433770739854893
4f (m=+0),4,3,0,116,4.2952645048526401,0.26845403155329001,0.0059596681654838718,0.00065527558067220604,0.0003959132186670001,0.99950000000000006,44.433770739854893
4f (m=+0),4,3,0,117,4.3322926471358523,0.27076829044599077,0.0060587832621497176,0.00068897966679257704,0.00042080085595104039,0.99950000000000006,44.433770739854893
4f (m=+0),4,3,0,118,4.3693207894190644,0.27308254933869153,0.0061581969484839063,0.00072399407278667398,0.00044696075228683183,0.99950000000000006,44.433770739854893
4f (m=+0),4,3,0,119,4.4063489317022766,0.27539680823139229,0.0062578933436333436,0.00076035093525564162,0.00047444202136441512,0.99950000000000006,44.433770739854893
4f (m=+0),4,3,0,120,4.4433770739854896,0.2777110671240931,0.006357856646837837,0.00079808252735551601,0.00050329496936065831,0.99950000000000006,44.433770739854893
4f (m=+0),4,3,0,121,4.4804052162687018,0.28002532601679386,0.0064580711409192694,0.00083722124057378363,0.00053357109965823787,0.99950000000000006,44.433770739854893
4f (m=+0),4,3,0,122,4.517433358551914,0.28233958490949462,0.0065585211956489357,0.00087779956629110295,0.00056532311688586899,0.99950000000000006,44.433770739854893
4f (m=+0),4,3,0,123,4.554461500835127,0.28465384380219544,0.0066591912709955924,0.00091985007714567597,0.00059860493027214109,0.99950000000000006,44.433770739854893
4f (m=+0),4,3,0,124,4.5914896431183392,0.2869681026948962,0.006760065920256738,0.0009634054082178125,0.00063347165630598062,0.99950000000000006,44.433770739854893
4f (m=+0),4,3,0,125,4.6285177854015513,0.28928236158759696,0.0068611297930756682,0.0010084982380522464,0.00066997962069741688,0.99950000000000006,44.433770739854893
4f (m=+0),4,3,0,126,4.6655459276847635,0.29159662048029772,0.0069623676383466955,0.0010551612695357342,0.00070818635963295251,0.99950000000000006,44.433770739854893
4f (m=+0),4,3,0,127,4.7025740699679766,0.29391087937299853,0.0070637643070109741,0.0011034272106474569,0.00074815062032051647,0.99950000000000006,44.433770739854893
4f (m=+0),4,3,0,128,4.7396022122511887,0.29622513826569929,0.0071653047547452541,0.0011533287550996737,0.00078993236081960274,0.99950000000000006,44.433770739854893
4f (m=+0),4,3,0,129,4.7766303545344009,0.29853939715840005,0.0072669740445459605,0.0012048985628860546,0.00083359274915286938,0.99950000000000006,44.433770739854893
4f (m=+0),4,3,0,130,4.8136584968176139,0.30085365605110087,0.0073687573492107828,0.0012581692407549554,0.00087919416169607951,0.99950000000000006,44.433770739854893
4f (m=+0),4,3,0,131,4.8506866391008261,0.30316791494380163,0.0074706399537200659,0.0013131733226248523,0.00092680018084393301,0.99950000000000006,44.433770739854893
4f (m=+0),4,3,0,132,4.8877147813840383,0.30548217383650239,0.0075726072575202398,0.0013699432499590305,0.00097647559194997328,0.99950000000000006,44.433770739854893
4f (m=+0),4,3,0,133,4.9247429236672504,0.30779643272920315,0.0076746447767113589,0.0014285113521164145,0.0010282863795393531,0.99950000000000006,44.433770739854893
4f (m=+0),4,3,0,134,4.9617710659504635,0.31011069162190397,0.0077767381461409761,0.0014889098266953572,0.0010822997227939038,0.99950000000000006,44.433770739854893
4f (m=+0),4,3,0,135,4.9987992082336756,0.31242495051460473,0.0078788731214063362,0.0015511707198869414,0.0011385839903095413,0.99950000000000006,44.433770739854893
4f (m=+0),4,3,0,136,5.0358273505168878,0.31473920940730549,0.0079810355807670604,0.0016153259068542609,0.0011972087341266837,0.99950000000000006,44.433770739854893
4f (m=+0),4,3,0,137,5.0728554928001008,0.3170534683000063,0.0080832115269702173,0.0016814070721538254,0.0012582446830349198,0.99950000000000006,44.433770739854893
4f (m=+0),4,3,0,138,5.109883635083313,0.31936772719270706,0.008185387088989823,0.001749445690215105,0.0013217637351537938,0.99950000000000006,44.433770739854893
4f (m=+0),4,3,0,139,5.1469117773665252,0.32168198608540782,0.0082875485236827331,0.0018194730058939839,0.0013878389497921655,0.99950000000000006,44.433770739854893
4f (m=+0),4,3,0,140,5.1839399196497373,0.32399624497810858,0.0083896822173627639,0.0018915200151155942,0.0014565445385891405,0.99950000000000006,44.433770739854893
4f (m=+0),4,3,0,141,5.2209680619329504,0.3263105038708094,0.0084917746872949819,0.0019656174456218083,0.0015279558559401882,0.99950000000000006,44.433770739854893
4f (m=+0),4,3,0,142,5.2579962042161625,0.32862476276351016,0.008593812583111966,0.0020417957378383619,0.0016021493887125799,0.99950000000000006,44.433770739854893
4f (m=+0),4,3,0,143,5.2950243464993747,0.33093902165621092,0.0086957826881538872,0.0021200850258763326,0.0016792027452548757,0.99950000000000006,44.433770739854893
4f (m=+0),4,3,0,144,5.3320524887825869,0.33325328054891168,0.0087976719207341278,0.0022005151186823505,0.0017591946437056686,0.99950000000000006,44.433770739854893
4f (m=+0),4,3,0,145,5.3690806310657999,0.33556753944161249,0.0088994673353322319,0.0022831154813516908,0.0018422048996073828,0.99950000000000006,44.433770739854893
4f (m=+0),4,3,0,146,5.4061087733490121,0.33788179833431325,0.0090011561237158828,0.0023679152166180373,0.0019283144128313882,0.99950000000000006,44.433770739854893
4f (m=+0),4,3,0,147,5.4431369156322242,0.34019605722701401,0.0091027256159935729,0.0024549430465334093,0.002017605153821257,0.99950000000000006,44.433770739854893
4f (m=+0),4,3,0,148,5.4801650579154373,0.34251031611971483,0.0092041632815996494,0.002544227294351417,0.0021101601491614079,0.99950000000000006,44.433770739854893
4f (m=+0),4,3,0,149,5.5171932001986494,0.34482457501241559,0.0093054567302133136,0.0026357958666266626,0.0022060634664789231,0.99950000000000006,44.433770739854893
4f (m=+0),4,3,0,150,5.5542213424818616,0.34713883390511635,0.0094065937126132215,0.0027296762355428173,0.0023054001986867914,0.99950000000000006,44.433770739854893
4f (m=+0),4,3,0,151,5.5912494847650738,0.34945309279781711,0.0095075621214691843,0.0028258954214814623,0.0024082564475772293,0.99950000000000006,44.433770739854893
4f (m=+0),4,3,0,152,5.6282776270482868,0.35176735169051793,0.0096083499920725512,0.0029244799758435399,0.0025147193067742483,0.99950000000000006,44.433770739854893
4f (m=+0),4,3,0,153,5.665305769331499,0.35408161058321869,0.0097089455030067474,0.0030254559641348113,0.0026248768440550064,0.99950000000000006,44.433770739854893
4f (m=+0),4,3,0,154,5.7023339116147111,0.35639586947591945,0.0098093369767594772,0.0031288489493264426,0.0027388180830499641,0.99950000000000006,44.433770739854893
4f (m=+0),4,3,0,155,5.7393620538979242,0.35871012836862026,0.0099095128802780073,0.0032346839755013766,0.0028566329843321817,0.99950000000000006,44.433770739854893
4f (m=+0),4,3,0,156,5.7763901961811364,0.36102438726132102,0.010009461825468973,0.0033429855517968714,0.0029784124259065558,0.99950000000000006,44.433770739854893
4f (m=+0),4,3,0,157,5.8134183384643485,0.36333864615402178,0.010109172569644118,0.0034537776366531671,0.0031042481831101694,0.99950000000000006,44.433770739854893
4f (m=+0),4,3,0,158,5.8504464807475607,0.36565290504672254,0.010208634015913291,0.0035670836223778506,0.0032342329079352158,0.99950000000000006,44.433770739854893
4f (m=+0),4,3,0,159,5.8874746230307737,0.36796716393942336,0.010307835213526103,0.0036829263200351676,0.003368460107786405,0.99950000000000006,44.433770739854893
4f (m=+0),4,3,0,160,5.9245027653139859,0.37028142283212412,0.010406765358163518,0.0038013279446690897,0.0035070241236850085,0.99950000000000006,44.433770739854893
4f (m=+0),4,3,0,161,5.9615309075971981,0.37259568172482488,0.010505413792180712,0.0039223101008686251,0.0036500201079321089,0.99950000000000006,44.433770739854893
4f (m=+0),4,3,0,162,5.9985590498804111,0.37490994061752569,0.010603770004802442,0.0040458937686834243,0.0037975440012438201,0.99950000000000006,44.433770739854893
4f (m=+0),4,3,0,163,6.0355871921636233,0.37722419951022645,0.010701823632272154,0.0041720992898973495,0.0039496925093716094,0.99950000000000006,44.433770739854893
4f (m=+0),4,3,0,164,6.0726153344468354,0.37953845840292721,0.010799564457956148,0.0043009463546674134,0.0041065630792211571,0.99950000000000006,44.433770739854893
4f (m=+0),4,3,0,165,6.1096434767300476,0.38185271729562797,0.010896982412403855,0.0044324539885348853,0.0042682538744833317,0.99950000000000006,44.433770739854893
4f (m=+0),4,3,0,166,6.1466716190132606,0.38416697618832879,0.010994067573365542,0.0045666405398152353,0.0044348637507912476,0.99950000000000006,44.433770739854893
4f (m=+0),4,3,0,167,6.1836997612964728,0.38648123508102955,0.011090810165768492,0.0047035236673729809,0.0046064922304175004,0.99950000000000006,44.433770739854893
4f (m=+0),4,3,0,168,6.220727903579685,0.38879549397373031,0.011187200561652894,0.0048431203287873448,0.0047832394765259991,0.99950000000000006,44.433770739854893
4f (m=+0),4,3,0,169,6.257756045862898,0.39110975286643113,0.011283229280068439,0.0049854467689139986,0.0049652062669928946,0.99950000000000006,44.433770739854893
4f (m=+0),4,3,0,170,6.2947841881461102,0.39342401175913189,0.011378886986932815,0.0051305185088480528,0.005152493967811398,0.99950000000000006,44.433770739854893
4f (m=+0),4,3,0,171,6.3318123304293223,0.39573827065183265,0.011474164494853107,0.0052783503352928987,0.0053452045060954703,0.99950000000000006,44.433770739854893
4f (m=+0),4,3,0,172,6.3688404727125345,0.39805252954453341,0.011569052762911182,0.0054289562903392123,0.0055434403426974132,0.99950000000000006,44.433770739854893
4f (m=+0),4,3,0,173,6.4058686149957476,0.40036678843723422,0.011663542896414055,0.0055823496616580481,0.0057473044444546857,0.99950000000000006,44.433770739854893
4f (m=+0),4,3,0,174,6.4428967572789597,0.40268104732993498,0.01175762614661028,0.0057385429731116018,0.0059569002560812953,0.99950000000000006,44.433770739854893
4f (m=+0),4,3,0,175,6.4799248995621719,0.40499530622263574,0.011851293910373338,0.0058975479757848613,0.0061723316717193629,0.99950000000000006,44.433770739854893
4f (m=+0),4,3,0,176,6.5169530418453849,0.40730956511533656,0.011944537729852966,0.0060593756394409521,0.0063937030061664091,0.99950000000000006,44.433770739854893
4f (m=+0),4,3,0,177,6.5539811841285971,0.40962382400803732,0.012037349292095434,0.006224036144402742,0.0066211189657941335,0.99950000000000006,44.433770739854893
4f (m=+0),4,3,0,178,6.5910093264118093,0.41193808290073808,0.012129720428633625,0.0063915388738628063,0.0068546846191745708,0.99950000000000006,44.433770739854893
4f (m=+0),4,3,0,179,6.6280374686950214,0.41425234179343884,0.012221643115047927,0.0065618924066236269,0.0070945053674294021,0.99950000000000006,44.433770739854893
4f (m=+0),4,3,0,180,6.6650656109782345,0.41656660068613965,0.012313109470498707,0.0067351045102694105,0.0073406869143184828,0.99950000000000006,44.433770739854893
4f (m=+0),4,3,0,181,6.7020937532614466,0.41888085957884041,0.012404111757231375,0.0069111821347707563,0.0075933352360835057,0.99950000000000006,44.433770739854893
4f (m=+0),4,3,0,182,6.7391218955446588,0.42119511847154117,0.012494642380054788,0.0070901314065229424,0.0078525565510629506,0.99950000000000006,44.433770739854893
4f (m=+0),4,3,0,183,6.776150037827871,0.42350937736424193,0.012584693885793925,0.0072719576228183454,0.0081184572890942545,0.99950000000000006,44.433770739854893
4f (m=+0),4,3,0,184,6.813178180111084,0.42582363625694275,0.012674258962717564,0.0074566652467531174,0.0083911440607193927,0.99950000000000006,44.433770739854893
4f (m=+0),4,3,0,185,6.8502063223942962,0.42813789514964351,0.012763330439941861,0.0076442579025680453,0.0086707236262098513,0.99950000000000006,44.433770739854893
4f (m=+0),4,3,0,186,6.8872344646775083,0.43045215404234427,0.012851901286810555,0.0078347383714231326,0.0089573028644271795,0.99950000000000006,44.433770739854893
4f (m=+0),4,3,0,187,6.9242626069607214,0.43276641293504509,0.012939964612252632,0.0080281085876051598,0.0092509887415350468,0.99950000000000006,44.433770739854893
4f (m=+0),4,3,0,188,6.9612907492439335,0.43508067182774585,0.013027513664118123,0.008224369635167126,0.0095518882795788563,0.99950000000000006,44.433770739854893
4f (m=+0),4,3,0,189,6.9983188915271457,0.43739493072044661,0.013114541828492884,0.0084235217449983978,0.0098601085249489708,0.99950000000000006,44.433770739854893
4f (m=+0),4,3,0,190,7.0353470338103579,0.43970918961314737,0.013201042628993022,0.0086255642923238271,0.010175756516743318,0.99950000000000006,44.433770739854893
4f (m=+0),4,3,0,191,7.0723751760935709,0.44202344850584818,0.013287009726039675,0.0088304957946299945,0.01049893925504534,0.99950000000000006,44.433770739854893
4f (m=+0),4,3,0,192,7.1094033183767831,0.44433770739854894,0.013372436916114878,0.0090383139100164642,0.010829763669132986,0.99950000000000006,44.433770739854893
4f (m=+0),4,3,0,193,7.1464314606599952,0.4466519662912497,0.013457318130999193,0.0092490154359696486,0.011168336585634554,0.99950000000000006,44.433770739854893
4f (m=+0),4,3,0,194,7.1834596029432083,0.44896622518395052,0.013541647436991766,0.0094625963085565815,0.011514764696646832,0.99950000000000006,44.433770739854893
4f (m=+0),4,3,0,195,7.2204877452264205,0.45128048407665128,0.013625419034113439,0.0096790516020356862,0.011869154527831114,0.99950000000000006,44.433770739854893
4f (m=+0),4,3,0,196,7.2575158875096326,0.45359474296935204,0.013708627255293628,0.0098983755288814656,0.012231612406502524,0.99950000000000006,44.433770739854893
4f (m=+0),4,3,0,197,7.2945440297928448,0.4559090018620528,0.013791266565541523,0.01012056144021964,0.01260224442972779,0.99950000000000006,44.433770739854893
4f (m=+0),4,3,0,198,7.3315721720760578,0.45822326075475361,0.013873331561102277,0.010345601826669175,0.012981156432446704,0.99950000000000006,44.433770739854893
4f (m=+0),4,3,0,199,7.36860031435927,0.46053751964745437,0.013954816968598734,0.01057348831958731,0.013368453955632168,0.99950000000000006,44.433770739854893
4f (m=+0),4,3,0,200,7.4056284566424821,0.46285177854015513,0.01403571764415938,0.010804211692713691,0.013764242214503822,0.99950000000000006,44.433770739854893
4f (m=+0),4,3,0,201,7.4426565989256952,0.46516603743285595,0.014116028572532951,0.011037761864209104,0.01416862606680978,0.99950000000000006,44.433770739854893
4f (m=+0),4,3,0,202,7.4796847412089074,0.46748029632555671,0.014195744866190409,0.011274127899084607,0.014581709981191073,0.99950000000000006,44.433770739854893
4f (m=+0),4,3,0,203,7.5167128834921195,0.46979455521825747,0.014274861764414733,0.01151329801201627,0.015003598005643272,0.99950000000000006,44.433770739854893
4f (m=+0),4,3,0,204,7.5537410257753317,0.47210881411095823,0.014353374632379108,0.011755259570540712,0.01543439373608929,0.99950000000000006,44.433770739854893
4f (m=+0),4,3,0,205,7.5907691680585447,0.47442307300365905,0.014431278960214048,0.011999999098626488,0.015874200285077515,0.99950000000000006,44.433770739854893
4f (m=+0),4,3,0,206,7.6277973103417569,0.47673733189635981,0.014508570362063935,0.012247502280616034,0.016323120250619001,0.99950000000000006,44.433770739854893
4f (m=+0),4,3,0,207,7.6648254526249691,0.47905159078906057,0.014585244575133523,0.012497753965532966,0.016781255685177476,0.99950000000000006,44.433770739854893
4f (m=+0),4,3,0,208,7.7018535949081812,0.48136584968176133,0.014661297458724871,0.012750738171749121,0.017248708064825397,0.99950000000000006,44.433770739854893
4f (m=+0),4,3,0,209,7.7388817371913943,0.48368010857446214,0.014736724993265166,0.013006438092005653,0.017725578258579452,0.99950000000000006,44.433770739854893
4f (m=+0),4,3,0,210,7.7759098794746064,0.4859943674671629,0.014811523279325972,0.013264836098782515,0.018211966497928344,0.99950000000000006,44.433770739854893
4f (m=+0),4,3,0,211,7.8129380217578186,0.48830862635986366,0.014885688536634325,0.01352591375001033,0.018707972346565866,0.99950000000000006,44.433770739854893
4f (m=+0),4,3,0,212,7.8499661640410316,0.49062288525256448,0.014959217103076097,0.013789651795118464,0.019213694670341598,0.99950000000000006,44.433770739854893
4f (m=+0),4,3,0,213,7.8869943063242438,0.49293714414526524,0.015032105433692156,0.014056030181413328,0.019729231607441645,0.99950000000000006,44.433770739854893
4f (m=+0),4,3,0,214,7.924022448607456,0.495251403037966,0.015104350099667655,0.014325028060780422,0.020254680538811687,0.99950000000000006,44.433770739854893
4f (m=+0),4,3,0,215,7.9610505908906681,0.49756566193066676,0.015175947787314925,0.014596623796703734,0.020790138058833913,0.99950000000000006,44.433770739854893
4f (m=+0),4,3,0,216,7.9980787331738812,0.49987992082336757,0.015246895297050382,0.014870794971596027,0.021335699946269725,0.99950000000000006,44.433770739854893
4f (m=+0),4,3,0,217,8.0351068754570942,0.50219417971606839,0.015317189542365836,0.015147518394433346,0.021891461135479431,0.99950000000000006,44.433770739854893
4f (m=+0),4,3,0,218,8.0721350177403064,0.50450843860876915,0.01538682754879459,0.015426770108686989,0.022457515687930189,0.99950000000000006,44.433770739854893
4f (m=+0),4,3,0,219,8.1091631600235186,0.50682269750146991,0.015455806452872731,0.015708525400546253,0.023033956764003063,0.99950000000000006,44.433770739854893
4f (m=+0),4,3,0,220,8.1461913023067307,0.50913695639417067,0.01552412350109595,0.01599275880742489,0.023620876595109714,0.99950000000000006,44.433770739854893
4f (m=+0),4,3,0,221,8.1832194445899429,0.51145121528687143,0.015591776048872321,0.016279444126744549,0.024218366456129275,0.99950000000000006,44.433770739854893
4f (m=+0),4,3,0,222,8.220247586873155,0.51376547417957219,0.01565876155947132,0.016568554424987975,0.024826516638175426,0.99950000000000006,44.433770739854893
4f (m=+0),4,3,0,223,8.2572757291563672,0.51607973307227295,0.01572507760296946,0.016860062047014939,0.025445416421703553,0.99950000000000006,44.433770739854893
4f (m=+0),4,3,0,224,8.2943038714395811,0.51839399196497382,0.015790721855192938,0.017153938625633906,0.026075154049967641,0.99950000000000006,44.433770739854893
4f (m=+0),4,3,0,225,8.3313320137227933,0.52070825085767458,0.015855692096657489,0.017450155091421931,0.026715816702836015,0.99950000000000006,44.433770739854893
4f (m=+0),4,3,0,226,8.3683601560060055,0.52302250975037534,0.015919986211505949,0.017748681682785979,0.027367490470975482,0.99950000000000006,44.433770739854893
4f (m=+0),4,3,0,227,8.4053882982892176,0.5253367686430761,0.015983602186443659,0.018049487956257954,0.028030260330412025,0.99950000000000006,44.433770739854893
4f (m=+0),4,3,0,228,8.4424164405724298,0.52765102753577686,0.01604653810967218,0.018352542797016487,0.028704210117477081,0.99950000000000006,44.433770739854893
4f (m=+0),4,3,0,229,8.479444582855642,0.52996528642847762,0.01610879216982147,0.018657814429627884,0.029389422504147431,0.99950000000000006,44.433770739854893
4f (m=+0),4,3,0,230,8.5164727251388541,0.53227954532117838,0.016170362654880952,0.01896527042899911,0.030085978973786735,0.99950000000000006,44.433770739854893
4f (m=+0),4,3,0,231,8.5535008674220663,0.53459380421387914,0.016231247951129641,0.019274877731535252,0.030793959797296426,0.99950000000000006,44.433770739854893
4f (m=+0),4,3,0,232,8.5905290097052802,0.53690806310658001,0.016291446542065685,0.019586602646494176,0.031513444009683429,0.99950000000000006,44.433770739854893
4f (m=+0),4,3,0,233,8.6275571519884924,0.53922232199928077,0.016350957007335559,0.019900410867530936,0.032244509387051652,0.99950000000000006,44.433770739854893
4f (m=+0),4,3,0,234,8.6645852942717045,0.54153658089198153,0.016409778021663168,0.020216267484424639,0.032987232424024689,0.99950000000000006,44.433770739854893
4f (m=+0),4,3,0,235,8.7016134365549167,0.54385083978468229,0.016467908353779134,0.020534136994980183,0.033741688311605615,0.99950000000000006,44.433770739854893
4f (m=+0),4,3,0,236,8.7386415788381289,0.54616509867738305,0.01652534686535052,0.020853983317097775,0.034507950915480777,0.99950000000000006,44.433770739854893
4f (m=+0),4,3,0,237,8.775669721121341,0.54847935757008381,0.016582092509911169,0.021175769801002435,0.035286092754773422,0.99950000000000006,44.433770739854893
4f (m=+0),4,3,0,238,8.8126978634045532,0.55079361646278457,0.016638144331793014,0.021499459241626689,0.036076184981252993,0.99950000000000006,44.433770739854893
4f (m=+0),4,3,0,239,8.8497260056877671,0.55310787535548545,0.016693501465058484,0.021825013891138542,0.036878297359005649,0.99950000000000006,44.433770739854893
4f (m=+0),4,3,0,240,8.8867541479709793,0.55542213424818621,0.016748163132434241,0.022152395471607765,0.03769249824457107,0.99950000000000006,44.433770739854893
4f (m=+0),4,3,0,241,8.9237822902541915,0.55773639314088697,0.016802128644246562,0.022481565187803296,0.038518854567551053,0.99950000000000006,44.433770739854893
4f (m=+0),4,3,0,242,8.9608104325374036,0.56005065203358773,0.016855397397358432,0.022812483740114086,0.039357431811693905,0.99950000000000006,44.433770739854893
4f (m=+0),4,3,0,243,8.9978385748206158,0.56236491092628849,0.016907968874108659,0.02314511133758659,0.040208293996459581,0.99950000000000006,44.433770739854893
4f (m=+0),4,3,0,244,9.0348667171038279,0.56467916981898925,0.016959842641253196,0.023479407711071567,0.041071503659069607,0.99950000000000006,44.433770739854893
4f (m=+0),4,3,0,245,9.0718948593870401,0.56699342871169001,0.0170110183489088,0.023815332126473,0.041947121837045659,0.99950000000000006,44.433770739854893
4f (m=+0),4,3,0,246,9.108923001670254,0.56930768760439088,0.017061495729499308,0.024152843398092205,0.042835208051240546,0.99950000000000006,44.433770739854893
4f (m=+0),4,3,0,247,9.1459511439534662,0.57162194649709164,0.017111274596704629,0.024491899902059903,0.043735820289364728,0.99950000000000006,44.433770739854893
4f (m=+0),4,3,0,248,9.1829792862366784,0.5739362053897924,0.017160354844412716,0.02483245958984958,0.044649014990012094,0.99950000000000006,44.433770739854893
4f (m=+0),4,3,0,249,9.2200074285198905,0.57625046428249316,0.017208736445674586,0.025174480001864806,0.045574847027187095,0.99950000000000006,44.433770739854893
4f (m=+0),4,3,0,250,9.2570355708031027,0.57856472317519392,0.017256419451662654,0.025517918281094051,0.046513369695336426,0.99950000000000006,44.433770739854893
4f (m=+0),4,3,0,251,9.2940637130863148,0.58087898206789468,0.017303403990632467,0.025862731186825891,0.047464634694887424,0.99950000000000006,44.433770739854893
4f (m=+0),4,3,0,252,9.331091855369527,0.58319324096059544,0.017349690266888075,0.026208875108418152,0.048428692118295272,0.99950000000000006,44.433770739854893
4f (m=+0),4,3,0,253,9.3681199976527409,0.58550749985329631,0.017395278559751107,0.026556306079114141,0.049405590436601025,0.99950000000000006,44.433770739854893
4f (m=+0),4,3,0,254,9.4051481399359531,0.58782175874599707,0.017440169222533716,0.026904979789899225,0.050395376486501678,0.99950000000000006,44.433770739854893
4f (m=+0),4,3,0,255,9.4421762822191653,0.59013601763869783,0.017484362681515635,0.027254851603391892,0.051398095457934459,0.99950000000000006,44.433770739854893
4f (m=+0),4,3,0,256,9.4792044245023774,0.59245027653139859,0.017527859434925342,0.027605876567761964,0.052413790882175515,0.99950000000000006,44.433770739854893
4f (m=+0),4,3,0,257,9.5162325667855896,0.59476453542409935,0.017570660051925528,0.027958009430670325,0.053442504620454578,0.99950000000000006,44.433770739854893
4f (m=+0),4,3,0,258,9.5532607090688018,0.59707879431680011,0.017612765171603047,0.028311204653223475,0.054484276853086051,0.99950000000000006,44.433770739854893
4f (m=+0),4,3,0,259,9.5902888513520139,0.59939305320950087,0.017654175501963371,0.02866541642393693,0.055539146069116932,0.99950000000000006,44.433770739854893
4f (m=+0),4,3,0,260,9.6273169936352279,0.60170731210220174,0.017694891818929775,0.029020598672701275,0.056607149056491904,0.99950000000000006,44.433770739854893
4f (m=+0),4,3,0,261,9.66434513591844,0.6040215709949025,0.017734914965347286,0.029376705084744787,0.057688320892735241,0.99950000000000006,44.433770739854893
4f (m=+0),4,3,0,262,9.7013732782016522,0.60633582988760326,0.017774245849991557,0.02973368911458692,0.05878269493615005,0.99950000000000006,44.433770739854893
4f (m=+0),4,3,0,263,9.7384014204848643,0.60865008878030402,0.017812885446582757,0.030091503999976496,0.059890302817533402,0.99950000000000006,44.433770739854893
4f (m=+0),4,3,0,264,9.7754295627680765,0.61096434767300478,0.017850834792804582,0.03045010277580908,0.061011174432407438,0.99950000000000006,44.433770739854893
4f (m=+0),4,3,0,265,9.8124577050512887,0.61327860656570554,0.017888094989328501,0.03080943828801791,0.062145337933765268,0.99950000000000006,44.433770739854893
4f (m=+0),4,3,0,266,9.8494858473345008,0.6155928654584063,0.017924667198843308,0.031169463207432527,0.063292819725330629,0.99950000000000006,44.433770739854893
4f (m=+0),4,3,0,267,9.8865139896177148,0.61790712435110717,0.017960552645090121,0.031530130043600141,0.06445364445533007,0.99950000000000006,44.433770739854893
4f (m=+0),4,3,0,268,9.9235421319009269,0.62022138324380793,0.017995752611902834,0.03189139115856373,0.065627835010775806,0.99950000000000006,44.433770739854893
4f (m=+0),4,3,0,269,9.9605702741841391,0.62253564213650869,0.018030268442254235,0.032253198780592358,0.06681541251225849,0.99950000000000006,44.433770739854893
4f (m=+0),4,3,0,270,9.9975984164673513,0.62484990102920945,0.018064101537307718,0.032615505017857711,0.068016396309246774,0.99950000000000006,44.433770739854893
4f (m=+0),4,3,0,271,10.034626558750563,0.62716415992191021,0.018097253355474834,0.032978261872052675,0.069230803975892499,0.99950000000000006,44.433770739854893
4f (m=+0),4,3,0,272,10.071654701033776,0.62947841881461097,0.018129725411478604,0.033341421251946154,0.070458651307338985,0.99950000000000006,44.433770739854893
4f (m=+0),4,3,0,273,10.108682843316988,0.63179267770731173,0.018161519275422797,0.033704934986869946,0.071699952316529897,0.99950000000000006,44.433770739854893
4f (m=+0),4,3,0,274,10.145710985600202,0.63410693660001261,0.018192636571867111,0.034068754840132401,0.072954719231516224,0.99950000000000006,44.433770739854893
4f (m=+0),4,3,0,275,10.182739127883414,0.63642119549271337,0.018223078978908496,0.034432832522354677,0.074222962493258257,0.99950000000000006,44.433770739854893
4f (m=+0),4,3,0,276,10.219767270166626,0.63873545438541413,0.018252848227268498,0.034797119704724731,0.075504690753920398,0.99950000000000006,44.433770739854893
4f (m=+0),4,3,0,277,10.256795412449838,0.64104971327811489,0.018281946099386812,0.035161568032164629,0.076799910875654576,0.99950000000000006,44.433770739854893
4f (m=+0),4,3,0,278,10.29382355473305,0.64336397217081565,0.018310374428521056,0.035526129136407056,0.07810862792986982,0.99950000000000006,44.433770739854893
4f (m=+0),4,3,0,279,10.330851697016262,0.64567823106351641,0.018338135097852828,0.035890754648976522,0.079430845196984221,0.99950000000000006,44.433770739854893
4f (m=+0),4,3,0,280,10.367879839299475,0.64799248995621717,0.018365230039600087,0.036255396214071353,0.08076656416665573,0.99950000000000006,44.433770739854893
4f (m=+0),4,3,0,281,10.404907981582689,0.65030674884891804,0.018391661234135961,0.036620005501342541,0.082115784538488085,0.99950000000000006,44.433770739854893
4f (m=+0),4,3,0,282,10.441936123865901,0.6526210077416188,0.018417430709113898,0.036984534218564964,0.083478504223207628,0.99950000000000006,44.433770739854893
4f (m=+0),4,3,0,283,10.478964266149113,0.65493526663431956,0.018442540538599419,0.037348934124198159,0.084854719344307869,0.99950000000000006,44.433770739854893
4f (m=+0),4,3,0,284,10.515992408432325,0.65724952552702032,0.018466992842208277,0.037713157039831989,0.08624442424015645,0.99950000000000006,44.433770739854893
4f (m=+0),4,3,0,285,10.553020550715537,0.65956378441972108,0.018490789784251241,0.038077154862514243,0.087647611466560998,0.99950000000000006,44.433770739854893
4f (m=+0),4,3,0,286,10.590048692998749,0.66187804331242184,0.018513933572885461,0.038440879576956431,0.089064271799789221,0.99950000000000006,44.433770739854893
4f (m=+0),4,3,0,287,10.627076835281962,0.6641923022051226,0.018536426459272448,0.038804283267614467,0.09049439424003855,0.99950000000000006,44.433770739854893
4f (m=+0),4,3,0,288,10.664104977565174,0.66650656109782336,0.018558270736742745,0.039167318130641005,0.0919379660153508,0.99950000000000006,44.433770739854893
4f (m=+0),4,3,0,289,10.701133119848388,0.66882081999052423,0.018579468739967301,0.039529936485706366,0.093394972585967018,0.99950000000000006,44.433770739854893
4f (m=+0),4,3,0,290,10.7381612621316,0.67113507888322499,0.018600022844135502,0.03989209078768445,0.094865397649117153,0.99950000000000006,44.433770739854893
4f (m=+0),4,3,0,291,10.775189404414812,0.67344933777592575,0.01861993546414004,0.040253733638201811,0.096349223144240687,0.99950000000000006,44.433770739854893
4f (m=+0),4,3,0,292,10.812217546698024,0.67576359666862651,0.01863920905376849,0.040614817797045719,0.09784642925863149,0.99950000000000006,44.433770739854893
4f (m=+0),4,3,0,293,10.849245688981236,0.67807785556132727,0.018657846104901739,0.040975296193429656,0.099356994433502904,0.99950000000000006,44.433770739854893
4f (m=+0),4,3,0,294,10.886273831264448,0.68039211445402803,0.018675849146719162,0.041335121937112675,0.10088089537046711,0.99950000000000006,44.433770739854893
4f (m=+0),4,3,0,295,10.923301973547661,0.68270637334672879,0.018693220744910675,0.041694248329370749,0.10241810703842354,0.99950000000000006,44.433770739854893
4f (m=+0),4,3,0,296,10.960330115830875,0.68502063223942966,0.018709963500895672,0.042052628873817589,0.10396860268085079,0.99950000000000006,44.433770739854893
4f (m=+0),4,3,0,297,10.997358258114087,0.68733489113213042,0.01872608005104872,0.042410217287071977,0.10553235382349603,0.99950000000000006,44.433770739854893
4f (m=+0),4,3,0,298,11.034386400397299,0.68964915002483118,0.01874157306593225,0.042766967509270538,0.10710933028245724,0.99950000000000006,44.433770739854893
4f (m=+0),4,3,0,299,11.071414542680511,0.69196340891753194,0.018756445249536052,0.043122833714422694,0.10869950017265111,0.99950000000000006,44.433770739854893
4f (m=+0),4,3,0,300,11.108442684963723,0.6942776678102327,0.018770699338523721,0.043477770320606658,0.1103028299166617,0.99950000000000006,44.433770739854893
4f (m=+0),4,3,0,301,11.145470827246935,0.69659192670293346,0.018784338101485942,0.043831732000003759,0.11191928425396371,0.99950000000000006,44.433770739854893
4f (m=+0),4,3,0,302,11.182498969530148,0.69890618559563422,0.018797364338200759,0.044184673688770153,0.11354882625051413,0.99950000000000006,44.433770739854893
4f (m=+0),4,3,0,303,11.219527111813361,0.70122044448833509,0.018809780878900693,0.044536550596743413,0.11519141730870659,0.99950000000000006,44.433770739854893
4f (m=+0),4,3,0,304,11.256555254096574,0.70353470338103585,0.018821590583546835,0.044887318216982906,0.11684701717768158,0.99950000000000006,44.433770739854893
4f (m=+0),4,3,0,305,11.293583396379786,0.70584896227373661,0.018832796341109775,0.04523693233514206,0.11851558396398755,0.99950000000000006,44.433770739854893
4f (m=+0),4,3,0,306,11.330611538662998,0.70816322116643737,0.018843401068857551,0.045585349038671459,0.12019707414258529,0.99950000000000006,44.433770739854893
4f (m=+0),4,3,0,307,11.36763968094621,0.71047748005913813,0.018853407711650397,0.045932524725850965,0.12189144256819018,0.99950000000000006,44.433770739854893
4f (m=+0),4,3,0,308,11.404667823229422,0.71279173895183889,0.018862819241242518,0.046278416114650195,0.12359864248694565,0.99950000000000006,44.433770739854893
4f (m=+0),4,3,0,309,11.441695965512634,0.71510599784453965,0.018871638655590654,0.046622980251415473,0.12531862554842152,0.99950000000000006,44.433770739854893
4f (m=+0),4,3,0,310,11.478724107795848,0.71742025673724052,0.018879868978169647,0.046966174519383064,0.12705134181793096,0.99950000000000006,44.433770739854893
4f (m=+0),4,3,0,311,11.515752250079061,0.71973451562994128,0.018887513257294826,0.047307956647016786,0.12879673978915879,0.99950000000000006,44.433770739854893
4f (m=+0),4,3,0,312,11.552780392362273,0.72204877452264205,0.018894574565451315,0.047648284716169935,0.13055476639709634,0.99950000000000006,44.433770739854893
4f (m=+0),4,3,0,313,11.589808534645485,0.72436303341534281,0.018901055998630192,0.047987117170070072,0.13232536703127429,0.99950000000000006,44.433770739854893
4f (m=+0),4,3,0,314,11.626836676928697,0.72667729230804357,0.018906960675671533,0.048324412821126483,0.13410848554928823,0.99950000000000006,44.433770739854893
4f (m=+0),4,3,0,315,11.663864819211909,0.72899155120074433,0.018912291737614276,0.048660130858559206,0.13590406429061014,0.99950000000000006,44.433770739854893
4f (m=+0),4,3,0,316,11.700892961495121,0.73130581009344509,0.018917052347052939,0.048994230855849363,0.13771204409067883,0.99950000000000006,44.433770739854893
4f (m=+0),4,3,0,317,11.737921103778335,0.73362006898614596,0.018921245687501174,0.049326672778010547,0.13953236429526319,0.99950000000000006,44.433770739854893
4f (m=+0),4,3,0,318,11.774949246061547,0.73593432787884672,0.018924874962762087,0.049657416988679981,0.14136496277509084,0.99950000000000006,44.433770739854893
4f (m=+0),4,3,0,319,11.81197738834476,0.73824858677154748,0.018927943396305373,0.049986424257030419,0.14320977594073683,0.99950000000000006,44.433770739854893
4f (m=+0),4,3,0,320,11.849005530627972,0.74056284566424824,0.018930454230651244,0.050313655764501523,0.14506673875776427,0.99950000000000006,44.433770739854893
4f (m=+0),4,3,0,321,11.886033672911184,0.742877104556949,0.018932410726761044,0.050639073111350935,0.14693578476211108,0.99950000000000006,44.433770739854893
4f (m=+0),4,3,0,322,11.923061815194396,0.74519136344964976,0.018933816163434678,0.050962638323025188,0.14881684607571605,0.99950000000000006,44.433770739854893
4f (m=+0),4,3,0,323,11.960089957477608,0.74750562234235052,0.018934673836714686,0.05128431385634994,0.15070985342237739,0.99950000000000006,44.433770739854893
4f (m=+0),4,3,0,324,11.997118099760822,0.74981988123505139,0.018934987059297033,0.051604062605540083,0.15261473614383725,0.99950000000000006,44.433770739854893
4f (m=+0),4,3,0,325,12.034146242044034,0.75213414012775215,0.018934759159948595,0.051921847908029672,0.15453142221608501,0.99950000000000006,44.433770739854893
4f (m=+0),4,3,0,326,12.071174384327247,0.75444839902045291,0.018933993482931233,0.052237633550121745,0.15645983826587403,0.99950000000000006,44.433770739854893
4f (m=+0),4,3,0,327,12.108202526610459,0.75676265791315367,0.018932693387432538,0.05255138377245859,0.15839990958744327,0.99950000000000006,44.433770739854893
4f (m=+0),4,3,0,328,12.145230668893671,0.75907691680585443,0.018930862247003154,0.052863063275312594,0.16035156015943877,0.99950000000000006,44.433770739854893
4f (m=+0),4,3,0,329,12.182258811176883,0.76139117569855519,0.018928503449000666,0.053172637223698166,0.16231471266202749,0.99950000000000006,44.433770739854893
4f (m=+0),4,3,0,330,12.219286953460095,0.76370543459125595,0.018925620394040027,0.053480071252305084,0.16428928849419719,0.99950000000000006,44.433770739854893
4f (m=+0),4,3,0,331,12.256315095743309,0.76601969348395682,0.018922216495450537,0.053785331470254216,0.16627520779123578,0.99950000000000006,44.433770739854893
4f (m=+0),4,3,0,332,12.293343238026521,0.76833395237665758,0.018918295178739275,0.05408838446567555,0.16827238944238299,0.99950000000000006,44.433770739854893
4f (m=+0),4,3,0,333,12.330371380309733,0.77064821126935834,0.018913859881060997,0.054389197310109771,0.17028075110864926,0.99950000000000006,44.433770739854893
4f (m=+0),4,3,0,334,12.367399522592946,0.7729624701620591,0.018908914050694493,0.054687737562733915,0.17230020924079342,0.99950000000000006,44.433770739854893
4f (m=+0),4,3,0,335,12.404427664876158,0.77527672905475986,0.018903461146525306,0.054983973274411603,0.17433067909745398,0.99950000000000006,44.433770739854893
4f (m=+0),4,3,0,336,12.44145580715937,0.77759098794746062,0.018897504637534854,0.0552778729915692,0.17637207476342717,0.99950000000000006,44.433770739854893
4f (m=+0),4,3,0,337,12.478483949442582,0.77990524684016138,0.0188910480022959,0.055569405759898473,0.17842430916808527,0.99950000000000006,44.433770739854893
4f (m=+0),4,3,0,338,12.515512091725796,0.78221950573286225,0.018884094728474275,0.055858541127886463,0.18048729410392891,0.99950000000000006,44.433770739854893
4f (m=+0),4,3,0,339,12.552540234009008,0.78453376462556301,0.018876648312336954,0.05614524915017418,0.18256094024526645,0.99950000000000006,44.433770739854893
4f (m=+0),4,3,0,340,12.58956837629222,0.78684802351826377,0.018868712258266317,0.056429500390744562,0.18464515716701552,0.99950000000000006,44.433770739854893
4f (m=+0),4,3,0,341,12.626596518575433,0.78916228241096453,0.018860290078280672,0.056711265925941279,0.18673985336361848,0.99950000000000006,44.433770739854893
4f (m=+0),4,3,0,342,12.663624660858645,0.79147654130366529,0.018851385291560885,0.056990517347318824,0.18884493626806709,0.99950000000000006,44.433770739854893
4f (m=+0),4,3,0,343,12.700652803141857,0.79379080019636605,0.018842001423983248,0.057267226764326135,0.1909603122710295,0.99950000000000006,44.433770739854893
4f (m=+0),4,3,0,344,12.737680945425069,0.79610505908906681,0.018832142007658387,0.057541366806823903,0.19308588674007351,0.99950000000000006,44.433770739854893
4f (m=+0),4,3,0,345,12.774709087708283,0.79841931798176768,0.018821810580476245,0.057812910627437347,0.19522156403898008,0.99950000000000006,44.433770739854893
4f (m=+0),4,3,0,346,12.811737229991495,0.80073357687446844,0.018811010685657152,0.058081831903746009,0.19736724754714052,0.99950000000000006,44.433770739854893
4f (m=+0),4,3,0,347,12.848765372274707,0.8030478357671692,0.018799745871308872,0.058348104840311429,0.1995228396790327,0.99950000000000006,44.433770739854893
4f (m=+0),4,3,0,348,12.885793514557919,0.80536209465986996,0.018788019689989593,0.058611704170544225,0.20168824190376833,0.99950000000000006,44.433770739854893
4f (m=+0),4,3,0,349,12.922821656841132,0.80767635355257072,0.018775835698276885,0.058872605158412257,0.20386335476470707,0.99950000000000006,44.433770739854893
4f (m=+0),4,3,0,350,12.959849799124344,0.80999061244527149,0.018763197456342553,0.05913078359999123,0.20604807789913077,0.99950000000000006,44.433770739854893
4f (m=+0),4,3,0,351,12.996877941407556,0.81230487133797225,0.018750108527533307,0.059386215824858951,0.20824231005797214,0.99950000000000006,44.433770739854893
4f (m=+0),4,3,0,352,13.03390608369077,0.81461913023067312,0.018736572477957285,0.059638878697335154,0.21044594912559253,0.99950000000000006,44.433770739854893
4f (m=+0),4,3,0,353,13.070934225973982,0.81693338912337388,0.018722592876076374,0.059888749617568508,0.2126588921396021,0.99950000000000006,44.433770739854893
4f (m=+0),4,3,0,354,13.107962368257194,0.81924764801607464,0.018708173292304214,0.06013580652247183,0.2148810353107185,0.99950000000000006,44.433770739854893
4f (m=+0),4,3,0,355,13.144990510540406,0.8215619069087754,0.018693317298609961,0.060380027886507932,0.21711227404265637,0.99950000000000006,44.433770739854893
4f (m=+0),4,3,0,356,13.182018652823619,0.82387616580147616,0.018678028468127716,0.060621392722327277,0.21935250295204375,0.99950000000000006,44.433770739854893
4f (m=+0),4,3,0,357,13.219046795106831,0.82619042469417692,0.018662310374771552,0.060859880581259101,0.22160161588835925,0.99950000000000006,44.433770739854893
4f (m=+0),4,3,0,358,13.256074937390043,0.82850468358687768,0.018646166592856131,0.061095471553657889,0.22385950595388474,0.99950000000000006,44.433770739854893
4f (m=+0),4,3,0,359,13.293103079673255,0.83081894247957844,0.018629600696722908,0.061328146269107132,0.22612606552366821,0.99950000000000006,44.433770739854893
4f (m=+0),4,3,0,360,13.330131221956469,0.83313320137227931,0.018612616260371796,0.061557885896481611,0.22840118626549172,0.99950000000000006,44.433770739854893
4f (m=+0),4,3,0,361,13.367159364239681,0.83544746026498007,0.018595216857098369,0.061784672143870706,0.23068475915983847,0.99950000000000006,44.433770739854893
4f (m=+0),4,3,0,362,13.404187506522893,0.83776171915768083,0.018577406059136395,0.062008487258363637,0.23297667451985563,0.99950000000000006,44.433770739854893
4f (m=+0),4,3,0,363,13.441215648806105,0.84007597805038159,0.018559187437305856,0.062229314025699423,0.23527682201130548,0.99950000000000006,44.433770739854893
4f (m=+0),4,3,0,364,13.478243791089318,0.84239023694308235,0.01854056456066629,0.062447135769782926,0.23758509067250191,0.99950000000000006,44.433770739854893
4f (m=+0),4,3,0,365,13.51527193337253,0.84470449583578311,0.018521540996175395,0.062661936352068542,0.2399013689342262,0.99950000000000006,44.433770739854893
4f (m=+0),4,3,0,366,13.552300075655742,0.84701875472848387,0.018502120308352975,0.06287370017081427,0.24222554463961765,0.99950000000000006,44.433770739854893
4f (m=+0),4,3,0,367,13.589328217938956,0.84933301362118474,0.01848230605895005,0.063082412160207241,0.24455750506403443,0.99950000000000006,44.433770739854893
4f (m=+0),4,3,0,368,13.626356360222168,0.8516472725138855,0.018462101806623232,0.06328805778936325,0.24689713693487897,0.99950000000000006,44.433770739854893
4f (m=+0),4,3,0,369,13.66338450250538,0.85396153140658626,0.018441511106614142,0.063490623061201651,0.24924432645138531,0.99950000000000006,44.433770739854893
4f (m=+0),4,3,0,370,13.700412644788592,0.85627579029928702,0.018420537510434046,0.063690094511198267,0.25159895930436121,0.99950000000000006,44.433770739854893
4f (m=+0),4,3,0,371,13.737440787071804,0.85859004919198778,0.018399184565553485,0.063886459206017529,0.25396092069588266,0.99950000000000006,44.433770739854893
4f (m=+0),4,3,0,372,13.774468929355017,0.86090430808468854,0.018377455815096939,0.064079704742026344,0.25633009535893519,0.99950000000000006,44.433770739854893
4f (m=+0),4,3,0,373,13.811497071638229,0.8632185669773893,0.018355354797542505,0.064269819243691573,0.25870636757699805,0.99950000000000006,44.433770739854893
4f (m=+0),4,3,0,374,13.848525213921443,0.86553282587009017,0.018332885046426488,0.064456791361862872,0.26108962120356721,0.99950000000000006,44.433770739854893
4f (m=+0),4,3,0,375,13.885553356204655,0.86784708476279093,0.018310050090052907,0.064640610271943219,0.26347973968161198,0.99950000000000006,44.433770739854893
4f (m=+0),4,3,0,376,13.922581498487867,0.87016134365549169,0.018286853451207858,0.064821265671948999,0.26587660606296298,0.99950000000000006,44.433770739854893
4f (m=+0),4,3,0,377,13.959609640771079,0.87247560254819245,0.018263298646878697,0.064998747780461608,0.26828010302762517,0.99950000000000006,44.433770739854893
4f (m=+0),4,3,0,378,13.996637783054291,0.87478986144089321,0.018239389187977999,0.065173047334472586,0.27069011290301365,0.99950000000000006,44.433770739854893
4f (m=+0),4,3,0,379,14.033665925337504,0.87710412033359397,0.018215128579072253,0.065344155587124558,0.27310651768310751,0.99950000000000006,44.433770739854893
4f (m=+0),4,3,0,380,14.070694067620716,0.87941837922629473,0.018190520318115268,0.065512064305349699,0.27552919904751844,0.99950000000000006,44.433770739854893
4f (m=+0),4,3,0,381,14.10772220990393,0.8817326381189956,0.018165567896186206,0.065676765767407941,0.27795803838046967,0.99950000000000006,44.433770739854893
4f (m=+0),4,3,0,382,14.144750352187142,0.88404689701169636,0.018140274797232247,0.06583825276032676,0.28039291678968181,0.99950000000000006,44.433770739854893
4f (m=+0),4,3,0,383,14.181778494470354,0.88636115590439712,0.018114644497815819,0.065996518577244964,0.28283371512516298,0.99950000000000006,44.433770739854893
4f (m=+0),4,3,0,384,14.218806636753566,0.88867541479709788,0.018088680466866382,0.066151557014662271,0.28528031399789788,0.99950000000000006,44.433770739854893
4f (m=+0),4,3,0,385,14.255834779036778,0.89098967368979864,0.018062386165436633,0.066303362369596192,0.28773259379843374,0.99950000000000006,44.433770739854893
4f (m=+0),4,3,0,386,14.29286292131999,0.8933039325824994,0.018035765046463273,0.066451929436649806,0.29019043471535927,0.99950000000000006,44.433770739854893
4f (m=+0),4,3,0,387,14.329891063603203,0.89561819147520016,0.018008820554532061,0.066597253504990322,0.29265371675367335,0.99950000000000006,44.433770739854893
4f (m=+0),4,3,0,388,14.366919205886417,0.89793245036790104,0.017981556125647318,0.066739330355242377,0.29512231975304054,0.99950000000000006,44.433770739854893
4f (m=+0),4,3,0,389,14.403947348169629,0.9002467092606018,0.017953975187005734,0.066878156256297019,0.29759612340592917,0.99950000000000006,44.433770739854893
4f (m=+0),4,3,0,390,14.440975490452841,0.90256096815330256,0.017926081156774434,0.067013727962038583,0.30007500727563113,0.99950000000000006,44.433770739854893
4f (m=+0),4,3,0,391,14.478003632736053,0.90487522704600332,0.01789787744387333,0.067146042707991807,0.30255885081415762,0.99950000000000006,44.433770739854893
4f (m=+0),4,3,0,392,14.515031775019265,0.90718948593870408,0.017869367447761651,0.067275098207890807,0.30504753338001012,0.99950000000000006,44.433770739854893
4f (m=+0),4,3,0,393,14.552059917302477,0.90950374483140484,0.017840554558228649,0.067400892650172142,0.30754093425582257,0.99950000000000006,44.433770739854893
4f (m=+0),4,3,0,394,14.58908805958569,0.9118180037241056,0.017811442155188408,0.067523424694393902,0.31003893266587251,0.99950000000000006,44.433770739854893
4f (m=+0),4,3,0,395,14.626116201868903,0.91413226261680647,0.017782033608478763,0.067642693467582907,0.31254140779345818,0.99950000000000006,44.433770739854893
4f (m=+0),4,3,0,396,14.663144344152116,0.91644652150950723,0.017752332277664252,0.067758698560511726,0.31504823879813881,0.99950000000000006,44.433770739854893
4f (m=+0),4,3,0,397,14.700172486435328,0.91876078040220799,0.017722341511843043,0.067871440023907895,0.31755930483283668,0.99950000000000006,44.433770739854893
4f (m=+0),4,3,0,398,14.73720062871854,0.92107503929490875,0.017692064649457887,0.067980918364597159,0.32007448506079644,0.99950000000000006,44.433770739854893
4f (m=+0),4,3,0,399,14.774228771001752,0.92338929818760951,0.017661505018110913,0.068087134541582134,0.32259365867240125,0.99950000000000006,44.433770739854893
4f (m=+0),4,3,0,400,14.811256913284964,0.92570355708031027,0.017630665934382374,0.068190089962059608,0.3251167049018423,0.99950000000000006,44.433770739854893
4f (m=+0),4,3,0,401,14.848285055568176,0.92801781597301103,0.017599550703653204,0.068289786477377018,0.32764350304363965,0.99950000000000006,44.433770739854893
4f (m=+0),4,3,0,402,14.88531319785139,0.9303320748657119,0.017568162619931368,0.068386226378930812,0.3301739324690125,0.99950000000000006,44.433770739854893
4f (m=+0),4,3,0,403,14.922341340134603,0.93264633375841266,0.017536504965682029,0.068479412394008829,0.33270787264209606,0.99950000000000006,44.433770739854893
4f (m=+0),4,3,0,404,14.959369482417815,0.93496059265111342,0.017504581011661361,0.068569347681577575,0.33524520313600437,0.99950000000000006,44.433770739854893
4f (m=+0),4,3,0,405,14.996397624701027,0.93727485154381418,0.017472394016754132,0.068656035828017686,0.33778580364873517,0.99950000000000006,44.433770739854893
4f (m=+0),4,3,0,406,15.033425766984239,0.93958911043651494,0.017439947227814858,0.068739480842807912,0.34032955401891657,0.99950000000000006,44.433770739854893
4f (m=+0),4,3,0,407,15.070453909267451,0.9419033693292157,0.017407243879512625,0.068819687154160952,0.34287633424139258,0.99950000000000006,44.433770739854893
4f (m=+0),4,3,0,408,15.107482051550663,0.94421762822191646,0.017374287194179463,0.068896659604612054,0.34542602448264659,0.99950000000000006,44.433770739854893
4f (m=+0),4,3,0,409,15.144510193833877,0.94653188711461733,0.017341080381662217,0.068970403446562259,0.34797850509606043,0.99950000000000006,44.433770739854893
4f (m=+0),4,3,0,410,15.181538336117089,0.94884614600731809,0.017307626639177991,0.06904092433777885,0.35053365663700725,0.99950000000000006,44.433770739854893
4f (m=+0),4,3,0,411,15.218566478400302,0.95116040490001885,0.017273929151172943,0.069108228336853636,0.35309135987777801,0.99950000000000006,44.433770739854893
4f (m=+0),4,3,0,412,15.255594620683514,0.95347466379271961,0.0172399910891846,0.06917232189862213,0.35565149582233802,0.99950000000000006,44.433770739854893
4f (m=+0),4,3,0,413,15.292622762966726,0.95578892268542037,0.017205815611707476,0.069233211869544301,0.35821394572091381,0.99950000000000006,44.433770739854893
4f (m=+0),4,3,0,414,15.329650905249938,0.95810318157812113,0.017171405864062086,0.069290905483049406,0.36077859108440791,0.99950000000000006,44.433770739854893
4f (m=+0),4,3,0,415,15.36667904753315,0.96041744047082189,0.017136764978267226,0.06934541035484626,0.36334531369864087,0.99950000000000006,44.433770739854893
4f (m=+0),4,3,0,416,15.403707189816362,0.96273169936352265,0.017101896072915544,0.069396734478200633,0.36591399563841892,0.99950000000000006,44.433770739854893
4f (m=+0),4,3,0,417,15.440735332099576,0.96504595825622352,0.017066802253052338,0.069444886219181989,0.36848451928142628,0.99950000000000006,44.433770739854893
4f (m=+0),4,3,0,418,15.477763474382789,0.96736021714892428,0.017031486610057555,0.069489874311880487,0.37105676732194037,0.99950000000000006,44.433770739854893
4f (m=+0),4,3,0,419,15.514791616666001,0.96967447604162504,0.016995952221530913,0.069531707853596372,0.37363062278437065,0.99950000000000006,44.433770739854893
4f (m=+0),4,3,0,420,15.551819758949213,0.9719887349343258,0.016960202151180208,0.069570396300003709,0.37620596903661752,0.99950000000000006,44.433770739854893
4f (m=+0),4,3,0,421,15.588847901232425,0.97430299382702656,0.016924239448712637,0.069605949460289127,0.37878268980325236,0.99950000000000006,44.433770739854893
4f (m=+0),4,3,0,422,15.625876043515637,0.97661725271972732,0.016888067149729218,0.069638377492268241,0.38136066917851708,0.99950000000000006,44.433770739854893
4f (m=+0),4,3,0,423,15.662904185798849,0.97893151161242808,0.016851688275622213,0.069667690897480719,0.38393979163914232,0.99950000000000006,44.433770739854893
4f (m=+0),4,3,0,424,15.699932328082063,0.98124577050512896,0.016815105833475508,0.069693900516265755,0.38651994205698398,0.99950000000000006,44.433770739854893
4f (m=+0),4,3,0,425,15.736960470365275,0.98356002939782972,0.016778322815967986,0.069717017522819585,0.38910100571147621,0.99950000000000006,44.433770739854893
4f (m=+0),4,3,0,426,15.773988612648488,0.98587428829053048,0.016741342201279739,0.069737053420236284,0.39168286830190252,0.99950000000000006,44.433770739854893
4f (m=+0),4,3,0,427,15.8110167549317,0.98818854718323124,0.016704166953001195,0.069754020035533576,0.39426541595948167,0.99950000000000006,44.433770739854893
4f (m=+0),4,3,0,428,15.848044897214912,0.990502806075932,0.016666800020045093,0.06976792951466558,0.39684853525926961,0.99950000000000006,44.433770739854893
4f (m=+0),4,3,0,429,15.885073039498124,0.99281706496863276,0.016629244336561228,0.06977879431752286,0.39943211323187683,0.99950000000000006,44.433770739854893
4f (m=+0),4,3,0,430,15.922101181781336,0.99513132386133352,0.016591502821853999,0.0697866272129226,0.40201603737499975,0.99950000000000006,44.433770739854893
4f (m=+0),4,3,0,431,15.95912932406455,0.99744558275403439,0.016553578380302653,0.069791441273589036,0.40460019566476713,0.99950000000000006,44.433770739854893
4f (m=+0),4,3,0,432,15.996157466347762,0.99975984164673515,0.016515473901284269,0.069793249871126575,0.40718447656689949,0.99950000000000006,44.433770739854893
4f (m=+0),4,3,0,433,16.033185608630973,1.0020741005394358,0.016477192259099382,0.069792066670986502,0.40976876904768367,0.99950000000000006,44.433770739854893
4f (m=+0),4,3,0,434,16.070213750914188,1.0043883594321368,0.016438736312900253,0.069787905627428717,0.41235296258476017,0.99950000000000006,44.433770739854893
4f (m=+0),4,3,0,435,16.107241893197401,1.0067026183248375,0.016400108906621767,0.069780780978480117,0.4149369471777225,0.99950000000000006,44.433770739854893
4f (m=+0),4,3,0,436,16.144270035480613,1.0090168772175383,0.016361312868914818,0.06977070724089017,0.41752061335853291,0.99950000000000006,44.433770739854893
4f (m=+0),4,3,0,437,16.181298177763825,1.0113311361102391,0.016322351013082322,0.069757699205086218,0.42010385220174867,0.99950000000000006,44.433770739854893
4f (m=+0),4,3,0,438,16.218326320047037,1.0136453950029398,0.016283226137017687,0.069741771930128899,0.42268655533456245,0.99950000000000006,44.433770739854893
4f (m=+0),4,3,0,439,16.255354462330249,1.0159596538956406,0.016243941023145737,0.069722940738668929,0.42526861494665624,0.99950000000000006,44.433770739854893
4f (m=+0),4,3,0,440,16.292382604613461,1.0182739127883413,0.01620449843836614,0.069701221211907388,0.42784992379986803,0.99950000000000006,44.433770739854893
4f (m=+0),4,3,0,441,16.329410746896674,1.0205881716810421,0.016164901133999154,0.069676629184559441,0.43043037523767236,0.99950000000000006,44.433770739854893
4f (m=+0),4,3,0,442,16.366438889179886,1.0229024305737429,0.016125151845733824,0.069649180739823888,0.43300986319447426,0.99950000000000006,44.433770739854893
4f (m=+0),4,3,0,443,16.403467031463098,1.0252166894664436,0.016085253293578468,0.069618892204358976,0.43558828220471724,0.99950000000000006,44.433770739854893
4f (m=+0),4,3,0,444,16.44049517374631,1.0275309483591444,0.016045208181813528,0.069585780143266163,0.43816552741180514,0.99950000000000006,44.433770739854893
4f (m=+0),4,3,0,445,16.477523316029522,1.0298452072518451,0.016005019198946646,0.069549861355082329,0.44074149457683859,0.99950000000000006,44.433770739854893
4f (m=+0),4,3,0,446,16.514551458312734,1.0321594661445459,0.015964689017670029,0.069511152866782264,0.44331608008716611,0.99950000000000006,44.433770739854893
4f (m=+0),4,3,0,447,16.551579600595947,1.0344737250372467,0.015924220294820036,0.069469671928792165,0.44588918096475044,0.99950000000000006,44.433770739854893
4f (m=+0),4,3,0,448,16.588607742879162,1.0367879839299476,0.015883615671338912,0.069425436010015162,0.44846069487435081,0.99950000000000006,44.433770739854893
4f (m=+0),4,3,0,449,16.625635885162374,1.0391022428226484,0.015842877772238757,0.06937846279287023,0.45103052013151973,0.99950000000000006,44.433770739854893
4f (m=+0),4,3,0,450,16.662664027445587,1.0414165017153492,0.015802009206567529,0.06932877016834503,0.45359855571041902,0.99950000000000006,44.433770739854893
4f (m=+0),4,3,0,451,16.699692169728799,1.0437307606080499,0.015761012567377247,0.069276376231064626,0.45616470125145042,0.99950000000000006,44.433770739854893
4f (m=+0),4,3,0,452,16.736720312012011,1.0460450195007507,0.015719890431694181,0.069221299274375689,0.4587288570687052,0.99950000000000006,44.433770739854893
4f (m=+0),4,3,0,453,16.773748454295223,1.0483592783934514,0.015678645360491142,0.069163557785448679,0.46129092415723177,0.99950000000000006,44.433770739854893
4f (m=+0),4,3,0,454,16.810776596578435,1.0506735372861522,0.015637279898661753,0.06910317044039764,0.4638508042001222,0.99950000000000006,44.433770739854893
4f (m=+0),4,3,0,455,16.847804738861647,1.052987796178853,0.015595796574996736,0.069040156099419797,0.46640839957541852,0.99950000000000006,44.433770739854893
4f (m=+0),4,3,0,456,16.88483288114486,1.0553020550715537,0.015554197902162113,0.068974533801954521,0.46896361336283926,0.99950000000000006,44.433770739854893
4f (m=+0),4,3,0,457,16.921861023428072,1.0576163139642545,0.01551248637667936,0.068906322761863661,0.47151634935032738,0.99950000000000006,44.433770739854893
4f (m=+0),4,3,0,458,16.958889165711284,1.0599305728569552,0.01547066447890747,0.068835542362633603,0.47406651204041983,0.99950000000000006,44.433770739854893
4f (m=+0),4,3,0,459,16.995917307994496,1.062244831749656,0.015428734673026879,0.068762212152600283,0.4766140066564401,0.99950000000000006,44.433770739854893
4f (m=+0),4,3,0,460,17.032945450277708,1.0645590906423568,0.015386699407025221,0.068686351840197155,0.47915873914851437,0.99950000000000006,44.433770739854893
4f (m=+0),4,3,0,461,17.06997359256092,1.0668733495350575,0.015344561112684929,0.068607981289228084,0.4817006161994119,0.99950000000000006,44.433770739854893
4f (m=+0),4,3,0,462,17.107001734844133,1.0691876084277583,0.015302322205572601,0.068527120514164944,0.48423954523021129,0.99950000000000006,44.433770739854893
4f (m=+0),4,3,0,463,17.144029877127348,1.0715018673204593,0.01525998508503016,0.068443789675471614,0.48677543440579302,0.99950000000000006,44.433770739854893
4f (m=+0),4,3,0,464,17.18105801941056,1.07381612621316,0.015217552134167721,0.068358009074953957,0.48930819264015807,0.99950000000000006,44.433770739854893
4f (m=+0),4,3,0,465,17.218086161693773,1.0761303851058608,0.015175025719858178,0.068269799151137886,0.49183772960157762,0.99950000000000006,44.433770739854893
4f (m=+0),4,3,0,466,17.255114303976985,1.0784446439985615,0.015132408192733506,0.068179180474675291,0.49436395571756947,0.99950000000000006,44.433770739854893
4f (m=+0),4,3,0,467,17.292142446260197,1.0807589028912623,0.015089701887182661,0.068086173743778469,0.49688678217970605,0.99950000000000006,44.433770739854893
4f (m=+0),4,3,0,468,17.329170588543409,1.0830731617839631,0.015046909121351176,0.067990799779684585,0.49940612094825387,0.99950000000000006,44.433770739854893
4f (m=+0),4,3,0,469,17.366198730826621,1.0853874206766638,0.015004032197142329,0.067893079522149957,0.50192188475664545,0.99950000000000006,44.433770739854893
4f (m=+0),4,3,0,470,17.403226873109833,1.0877016795693646,0.014961073400219911,0.067793034024975274,0.50443398711578502,0.99950000000000006,44.433770739854893
4f (m=+0),4,3,0,471,17.440255015393046,1.0900159384620653,0.014918035000012528,0.067690684451561942,0.50694234231818891,0.99950000000000006,44.433770739854893
4f (m=+0),4,3,0,472,17.477283157676258,1.0923301973547661,0.01487491924971948,0.067586052070501057,0.50944686544196272,0.99950000000000006,44.433770739854893
4f (m=+0),4,3,0,473,17.51431129995947,1.0946444562474669,0.014831728386318096,0.067479158251194202,0.51194747235461457,0.99950000000000006,44.433770739854893
4f (m=+0),4,3,0,474,17.551339442242682,1.0969587151401676,0.014788464630572592,0.067370024459507974,0.51444407971670791,0.99950000000000006,44.433770739854893
4f (m=+0),4,3,0,475,17.588367584525894,1.0992729740328684,0.014745130187044387,0.067258672253462159,0.51693660498535354,0.99950000000000006,44.433770739854893
4f (m=+0),4,3,0,476,17.625395726809106,1.1015872329255691,0.014701727244103823,0.067145123278951696,0.51942496641754254,0.99950000000000006,44.433770739854893
4f (m=+0),4,3,0,477,17.662423869092322,1.1039014918182701,0.014658257973943352,0.067029399265504122,0.52190908307332184,0.99950000000000006,44.433770739854893
4f (m=+0),4,3,0,478,17.699452011375534,1.1062157507109709,0.014614724532592063,0.066911522022071596,0.52438887481881225,0.99950000000000006,44.433770739854893
4f (m=+0),4,3,0,479,17.736480153658746,1.1085300096036717,0.014571129059931588,0.066791513432858884,0.52686426232907346,0.99950000000000006,44.433770739854893
4f (m=+0),4,3,0,480,17.773508295941959,1.1108442684963724,0.014527473679713373,0.066669395453187646,0.52933516709081319,0.99950000000000006,44.433770739854893
4f (m=+0),4,3,0,481,17.810536438225171,1.1131585273890732,0.014483760499577268,0.066545190105397348,0.53180151140494436,0.99950000000000006,44.433770739854893
4f (m=+0),4,3,0,482,17.847564580508383,1.1154727862817739,0.01443999161107137,0.066418919474782734,0.53426321838899216,0.99950000000000006,44.433770739854893
4f (m=+0),4,3,0,483,17.884592722791595,1.1177870451744747,0.014396169089673207,0.066290605705569508,0.53672021197934994,0.99950000000000006,44.433770739854893
4f (m=+0),4,3,0,484,17.921620865074807,1.1201013040671755,0.014352294994812127,0.066160270996927187,0.53917241693338802,0.99950000000000006,44.433770739854893
4f (m=+0),4,3,0,485,17.958649007358019,1.1224155629598762,0.014308371369892945,0.066027937599020509,0.54161975883141489,0.99950000000000006,44.433770739854893
4f (m=+0),4,3,0,486,17.995677149641232,1.124729821852577,0.014264400242320795,0.065893627809099367,0.54406216407849284,0.99950000000000006,44.433770739854893
4f (m=+0),4,3,0,487,18.032705291924444,1.1270440807452777,0.014220383623527164,0.065757363967627533,0.54649955990611021,0.99950000000000006,44.433770739854893
4f (m=+0),4,3,0,488,18.069733434207656,1.1293583396379785,0.014176323508997101,0.065619168454450788,0.54893187437371005,0.99950000000000006,44.433770739854893
4f (m=+0),4,3,0,489,18.106761576490868,1.1316725985306793,0.01413222187829757,0.065479063685004391,0.55135903637007866,0.99950000000000006,44.433770739854893
4f (m=+0),4,3,0,490,18.14378971877408,1.13398685742338,0.014088080695106947,0.065337072106560659,0.55378097561459372,0.99950000000000006,44.433770739854893
4f (m=+0),4,3,0,491,18.180817861057296,1.136301116316081,0.014043901907245578,0.06519321619451636,0.55619762265833439,0.99950000000000006,44.433770739854893
4f (m=+0),4,3,0,492,18.217846003340508,1.1386153752087818,0.013999687446707492,0.065047518448720754,0.55860890888505432,0.99950000000000006,44.433770739854893
4f (m=+0),4,3,0,493,18.25487414562372,1.1409296341014825,0.013955439229693089,0.064900001389844003,0.56101476651202076,0.99950000000000006,44.433770739854893
4f (m=+0),4,3,0,494,18.291902287906932,1.1432438929941833,0.013911159156642967,0.064750687555786723,0.56341512859071841,0.99950000000000006,44.433770739854893
4f (m=+0),4,3,0,495,18.328930430190145,1.145558151886884,0.013866849112272712,0.064599599498130447,0.56580992900742177,0.99950000000000006,44.433770739854893
4f (m=+0),4,3,0,496,18.365958572473357,1.1478724107795848,0.013822510965608711,0.064446759778629376,0.56819910248363692,0.99950000000000006,44.433770739854893
4f (m=+0),4,3,0,497,18.402986714756569,1.1501866696722856,0.013778146570024963,0.064292190965743679,0.57058258457641398,0.99950000000000006,44.433770739854893
4f (m=+0),4,3,0,498,18.440014857039781,1.1525009285649863,0.013733757763280839,0.064135915631214374,0.57296031167853179,0.99950000000000006,44.433770739854893
4f (m=+0),4,3,0,499,18.477042999322993,1.1548151874576871,0.013689346367559819,0.06397795634668027,0.57533222101855719,0.99950000000000006,44.433770739854893
4f (m=+0),4,3,0,500,18.514071141606205,1.1571294463503878,0.013644914189509114,0.063818335680336333,0.57769825066077884,0.99950000000000006,44.433770739854893
4f (m=+0),4,3,0,501,18.551099283889418,1.1594437052430886,0.013600463020280255,0.063657076193634921,0.58005833950501906,0.99950000000000006,44.433770739854893
4f (m=+0),4,3,0,502,18.58812742617263,1.1617579641357894,0.013555994635570518,0.063494200438028489,0.5824124272863237,0.99950000000000006,44.433770739854893
4f (m=+0),4,3,0,503,18.625155568455842,1.1640722230284901,0.013511510795665283,0.063329730951755245,0.5847604545745323,0.99950000000000006,44.433770739854893
4f (m=+0),4,3,0,504,18.662183710739054,1.1663864819211909,0.013467013245481198,0.063163690256666905,0.58710236277373018,0.99950000000000006,44.433770739854893
4f (m=+0),4,3,0,505,18.69921185302227,1.1687007408138919,0.013422503714610208,0.062996100855098991,0.58943809412158377,0.99950000000000006,44.433770739854893
4f (m=+0),4,3,0,506,18.736239995305482,1.1710149997065926,0.013377983917364425,0.062826985226783968,0.59176759168856019,0.99950000000000006,44.433770739854893
4f (m=+0),4,3,0,507,18.773268137588694,1.1733292585992934,0.013333455552821749,0.062656365825806706,0.59409079937703502,0.99950000000000006,44.433770739854893
4f (m=+0),4,3,0,508,18.810296279871906,1.1756435174919941,0.013288920304872333,0.062484265077602949,0.59640766192028616,0.99950000000000006,44.433770739854893
4f (m=+0),4,3,0,509,18.847324422155118,1.1779577763846949,0.013244379842265775,0.062310705376000301,0.59871812488137877,0.99950000000000006,44.433770739854893
4f (m=+0),4,3,0,510,18.884352564438331,1.1802720352773957,0.013199835818659104,0.062135709080302179,0.60102213465194054,0.99950000000000006,44.433770739854893
4f (m=+0),4,3,0,511,18.921380706721543,1.1825862941700964,0.013155289872665458,0.061959298512414308,0.60331963845083025,0.99950000000000006,44.433770739854893
4f (m=+0),4,3,0,512,18.958408849004755,1.1849005530627972,0.013110743627903541,0.06178149595401445,0.60561058432270054,0.99950000000000006,44.433770739854893
4f (m=+0),4,3,0,513,18.995436991287967,1.1872148119554979,0.013066198693047718,0.061602323643764334,0.60789492113645693,0.99950000000000006,44.433770739854893
4f (m=+0),4,3,0,514,19.032465133571179,1.1895290708481987,0.013021656661878845,0.061421803774564757,0.61017259858361395,0.99950000000000006,44.433770739854893
4f (m=+0),4,3,0,515,19.069493275854391,1.1918433297408995,0.01297711911333577,0.061239958490853397,0.61244356717655069,0.99950000000000006,44.433770739854893
4f (m=+0),4,3,0,516,19.106521418137604,1.1941575886336002,0.012932587611567467,0.061056809885945154,0.61470777824666722,0.99950000000000006,44.433770739854893
4f (m=+0),4,3,0,517,19.143549560420816,1.196471847526301,0.012888063705985829,0.060872379999415263,0.61696518394244315,0.99950000000000006,44.433770739854893
4f (m=+0),4,3,0,518,19.180577702704028,1.1987861064190017,0.012843548931319088,0.060686690814524949,0.61921573722739998,0.99950000000000006,44.433770739854893
4f (m=+0),4,3,0,519,19.21760584498724,1.2011003653117025,0.012799044807665834,0.060499764255689648,0.62145939187796895,0.99950000000000006,44.433770739854893
4f (m=+0),4,3,0,520,19.254633987270456,1.2034146242044035,0.012754552840549651,0.060311622185989691,0.6236961024812665,0.99950000000000006,44.433770739854893
4f (m=+0),4,3,0,521,19.291662129553668,1.2057288830971042,0.012710074520974328,0.060122286404723335,0.62592582443277667,0.99950000000000006,44.433770739854893
4f (m=+0),4,3,0,522,19.32869027183688,1.208043141989805,0.012665611325479607,0.059931778645001925,0.62814851393394633,0.99950000000000006,44.433770739854893
4f (m=+0),4,3,0,523,19.365718414120092,1.2103574008825058,0.012621164716197527,0.059740120571387369,0.63036412798968966,0.99950000000000006,44.433770739854893
4f (m=+0),4,3,0,524,19.402746556403304,1.2126716597752065,0.012576736140909303,0.059547333777571793,0.63257262440580742,0.99950000000000006,44.433770739854893
4f (m=+0),4,3,0,525,19.439774698686517,1.2149859186679073,0.012532327033102688,0.059353439784098683,0.63477396178632017,0.99950000000000006,44.433770739854893
4f (m=+0),4,3,0,526,19.476802840969729,1.217300177560608,0.0124879388120299,0.059158460036126362,0.63696809953071876,0.99950000000000006,44.433770739854893
4f (m=+0),4,3,0,527,19.513830983252941,1.2196144364533088,0.012443572882765999,0.0589624159012326,0.63915499783113183,0.99950000000000006,44.433770739854893
4f (m=+0),4,3,0,528,19.550859125536153,1.2219286953460096,0.012399230636267779,0.058765328667261071,0.6413346176694138,0.99950000000000006,44.433770739854893
4f (m=+0),4,3,0,529,19.587887267819365,1.2242429542387103,0.012354913449433135,0.058567219540209305,0.64350692081415284,0.99950000000000006,44.433770739854893
4f (m=+0),4,3,0,530,19.624915410102577,1.2265572131314111,0.012310622685160841,0.058368109642157211,0.64567186981760227,0.99950000000000006,44.433770739854893
4f (m=+0),4,3,0,531,19.66194355238579,1.2288714720241118,0.012266359692410829,0.058168020009237285,0.64782942801253562,0.99950000000000006,44.433770739854893
4f (m=+0),4,3,0,532,19.698971694669002,1.2311857309168126,0.012222125806264864,0.057966971589645352,0.64997955950902719,0.99950000000000006,44.433770739854893
4f (m=+0),4,3,0,533,19.735999836952214,1.2334999898095134,0.01217792234798765,0.057764985241692018,0.65212222919115981,0.99950000000000006,44.433770739854893
4f (m=+0),4,3,0,534,19.77302797923543,1.2358142487022143,0.012133750625088329,0.057562081731894539,0.65425740271366173,0.99950000000000006,44.433770739854893
4f (m=+0),4,3,0,535,19.810056121518642,1.2381285075949151,0.012089611931382411,0.057358281733109182,0.65638504649847207,0.99950000000000006,44.433770739854893
4f (m=+0),4,3,0,536,19.847084263801854,1.2404427664876159,0.012045507547054024,0.057153605822703374,0.65850512773123993,0.99950000000000006,44.433770739854893
4f (m=+0),4,3,0,537,19.884112406085066,1.2427570253803166,0.012001438738718589,0.056948074480767871,0.66061761435775523,0.99950000000000006,44.433770739854893
4f (m=+0),4,3,0,538,19.921140548368278,1.2450712842730174,0.011957406759485822,0.056741708088368571,0.6627224750803139,0.99950000000000006,44.433770739854893
4f (m=+0),4,3,0,539,19.95816869065149,1.2473855431657181,0.011913412849023095,0.056534526925837825,0.6648196793540202,0.99950000000000006,44.433770739854893
4f (m=+0),4,3,0,540,19.995196832934703,1.2496998020584189,0.011869458233619127,0.056326551171104786,0.66690919738302534,0.99950000000000006,44.433770739854893
4f (m=+0),4,3,0,541,20.032224975217915,1.2520140609511197,0.01182554412624799,0.05611780089806475,0.66899100011670576,0.99950000000000006,44.433770739854893
4f (m=+0),4,3,0,542,20.069253117501127,1.2543283198438204,0.011781671726633436,0.055908296074987388,0.6710650592457813,0.99950000000000006,44.433770739854893
4f (m=+0),4,3,0,543,20.106281259784339,1.2566425787365212,0.011737842221313535,0.055698056562963401,0.67313134719837553,0.99950000000000006,44.433770739854893
4f (m=+0),4,3,0,544,20.143309402067551,1.2589568376292219,0.01169405678370556,0.055487102114389099,0.67518983713601877,0.99950000000000006,44.433770739854893
4f (m=+0),4,3,0,545,20.180337544350763,1.2612710965219227,0.011650316574171203,0.055275452371489564,0.67724050294959637,0.99950000000000006,44.433770739854893
4f (m=+0),4,3,0,546,20.217365686633975,1.2635853554146235,0.011606622740082029,0.055063126864879026,0.67928331925524221,0.99950000000000006,44.433770739854893
4f (m=+0),4,3,0,547,20.254393828917188,1.2658996143073242,0.011562976415885178,0.054850145012158791,0.68131826139018037,0.99950000000000006,44.433770739854893
4f (m=+0),4,3,0,548,20.291421971200403,1.2682138732000252,0.011519378723169339,0.054636526116552599,0.68334530540851512,0.99950000000000006,44.433770739854893
4f (m=+0),4,3,0,549,20.328450113483616,1.270528132092726,0.011475830770730966,0.054422289365578788,0.68536442807697062,0.99950000000000006,44.433770739854893
4f (m=+0),4,3,0,550,20.365478255766828,1.2728423909854267,0.011432333654640666,0.054207453829758813,0.68737560687058352,0.99950000000000006,44.433770739854893
4f (m=+0),4,3,0,551,20.40250639805004,1.2751566498781275,0.01138888845830986,0.053992038461362593,0.68937881996834705,0.99950000000000006,44.433770739854893
4f (m=+0),4,3,0,552,20.439534540333252,1.2774709087708283,0.011345496252557638,0.053776062093189636,0.69137404624880983,0.99950000000000006,44.433770739854893
4f (m=+0),4,3,0,553,20.476562682616464,1.279785167663529,0.01130215809567779,0.053559543437386059,0.69336126528563025,0.99950000000000006,44.433770739854893
4f (m=+0),4,3,0,554,20.513590824899676,1.2820994265562298,0.011258875033506036,0.053342501084297007,0.6953404573430878,0.99950000000000006,44.433770739854893
4f (m=+0),4,3,0,555,20.550618967182888,1.2844136854489305,0.011215648099487449,0.053124953501354474,0.69731160337155229,0.99950000000000006,44.433770739854893
4f (m=+0),4,3,0,556,20.587647109466101,1.2867279443416313,0.011172478314744012,0.052906919031999768,0.69927468500291257,0.99950000000000006,44.433770739854893
4f (m=+0),4,3,0,557,20.624675251749313,1.2890422032343321,0.011129366688142369,0.05268841589464085,0.70122968454596613,0.99950000000000006,44.433770739854893
4f (m=+0),4,3,0,558,20.661703394032525,1.2913564621270328,0.011086314216361704,0.052469462181643729,0.70317658498177082,0.99950000000000006,44.433770739854893
4f (m=+0),4,3,0,559,20.698731536315737,1.2936707210197336,0.011043321883961765,0.052250075858357975,0.70511536995895951,0.99950000000000006,44.433770739854893
4f (m=+0),4,3,0,560,20.735759678598949,1.2959849799124343,0.011000390663451029,0.052030274762175976,0.70704602378901971,0.99950000000000006,44.433770739854893
4f (m=+0),4,3,0,561,20.772787820882161,1.2982992388051351,0.01095752151535498,0.051810076601625371,0.70896853144153849,0.99950000000000006,44.433770739854893
4f (m=+0),4,3,0,562,20.809815963165377,1.3006134976978361,0.010914715388284505,0.051589498955494695,0.71088287853941501,0.99950000000000006,44.433770739854893
4f (m=+0),4,3,0,563,20.846844105448589,1.3029277565905368,0.010871973219004417,0.051368559271991784,0.71278905135404036,0.99950000000000006,44.433770739854893
4f (m=+0),4,3,0,564,20.883872247731802,1.3052420154832376,0.010829295932502016,0.0511472748679343,0.71468703680044809,0.99950000000000006,44.433770739854893
4f (m=+0),4,3,0,565,20.920900390015014,1.3075562743759384,0.010786684442055831,0.050925662927972883,0.71657682243243426,0.99950000000000006,44.433770739854893
4f (m=+0),4,3,0,566,20.957928532298226,1.3098705332686391,0.010744139649304353,0.0507037405038454,0.71845839643764997,0.99950000000000006,44.433770739854893
4f (m=+0),4,3,0,567,20.994956674581438,1.3121847921613399,0.010701662444314908,0.050481524513663258,0.72033174763266639,0.99950000000000006,44.433770739854893
4f (m=+0),4,3,0,568,21.03198481686465,1.3144990510540406,0.010659253705652573,0.050259031741228505,0.72219686545801443,0.99950000000000006,44.433770739854893
4f (m=+0),4,3,0,569,21.069012959147862,1.3168133099467414,0.010616914300449136,0.050036278835381712,0.72405373997319922,0.99950000000000006,44.433770739854893
4f (m=+0),4,3,0,570,21.106041101431074,1.3191275688394422,0.010574645084472128,0.049813282309380355,0.72590236185169144,0.99950000000000006,44.433770739854893
4f (m=+0),4,3,0,571,21.143069243714287,1.3214418277321429,0.0105324469021939,0.04959005854030752,0.72774272237589588,0.99950000000000006,44.433770739854893
4f (m=+0),4,3,0,572,21.180097385997499,1.3237560866248437,0.010490320586860724,0.049366623768510025,0.72957481343209862,0.99950000000000006,44.433770739854893
4f (m=+0),4,3,0,573,21.217125528280711,1.3260703455175444,0.010448266960561907,0.049142994097066101,0.73139862750539431,0.99950000000000006,44.433770739854893
4f (m=+0),4,3,0,574,21.254153670563923,1.3283846044102452,0.010406286834298992,0.048919185491282657,0.73321415767459397,0.99950000000000006,44.433770739854893
4f (m=+0),4,3,0,575,21.291181812847135,1.330698863302946,0.010364381008054886,0.048695213778220524,0.73502139760711471,0.99950000000000006,44.433770739854893
4f (m=+0),4,3,0,576,21.328209955130347,1.3330131221956467,0.01032255027086307,0.048471094646248797,0.73682034155385256,0.99950000000000006,44.433770739854893
4f (m=+0),4,3,0,577,21.365238097413563,1.3353273810883477,0.010280795400876756,0.048246843644626919,0.73861098434403949,0.99950000000000006,44.433770739854893
4f (m=+0),4,3,0,578,21.402266239696775,1.3376416399810485,0.010239117165438101,0.048022476183114844,0.74039332138008429,0.99950000000000006,44.433770739854893
4f (m=+0),4,3,0,579,21.439294381979987,1.3399558988737492,0.010197516321147326,0.047798007531610155,0.74216734863240186,0.99950000000000006,44.433770739854893
4f (m=+0),4,3,0,580,21.4763225242632,1.34227015776645,0.010155993613931888,0.047573452819812734,0.74393306263422698,0.99950000000000006,44.433770739854893
4f (m=+0),4,3,0,581,21.513350666546412,1.3445844166591507,0.010114549779115609,0.04734882703691605,0.74569046047641785,0.99950000000000006,44.433770739854893
4f (m=+0),4,3,0,582,21.550378808829624,1.3468986755518515,0.010073185541487751,0.047124145031324623,0.7474395398022482,0.99950000000000006,44.433770739854893
4f (m=+0),4,3,0,583,21.587406951112836,1.3492129344445523,0.010031901615372065,0.046899421510397742,0.74918029880218917,0.99950000000000006,44.433770739854893
4f (m=+0),4,3,0,584,21.624435093396048,1.351527193337253,0.0099906987046958339,0.046674671040219058,0.75091273620868249,0.99950000000000006,44.433770739854893
4f (m=+0),4,3,0,585,21.66146323567926,1.3538414522299538,0.0099495775030588006,0.046449908045391182,0.75263685129090563,0.99950000000000006,44.433770739854893
4f (m=+0),4,3,0,586,21.698491377962473,1.3561557111226545,0.0099085386938020919,0.046225146808855623,0.75435264384952938,0.99950000000000006,44.433770739854893
4f (m=+0),4,3,0,587,21.735519520245685,1.3584699700153553,0.0098675829500770706,0.046000401471737354,0.7560601142114699,0.99950000000000006,44.433770739854893
4f (m=+0),4,3,0,588,21.772547662528897,1.3607842289080561,0.0098267109349140999,0.045775686033213553,0.75775926322463483,0.99950000000000006,44.433770739854893
4f (m=+0),4,3,0,589,21.809575804812109,1.3630984878007568,0.0097859233012912682,0.045551014350406711,0.75945009225266535,0.99950000000000006,44.433770739854893
4f (m=+0),4,3,0,590,21.846603947095321,1.3654127466934576,0.0097452206922030177,0.04532640013830113,0.76113260316967446,0.99950000000000006,44.433770739854893
4f (m=+0),4,3,0,591,21.883632089378537,1.3677270055861586,0.0097046037407286911,0.045101856969682837,0.76280679835498333,0.99950000000000006,44.433770739854893
4f (m=+0),4,3,0,592,21.920660231661749,1.3700412644788593,0.0096640730701009984,0.044877398275102516,0.76447268068785401,0.99950000000000006,44.433770739854893
4f (m=+0),4,3,0,593,21.957688373944961,1.3723555233715601,0.0096236292937743866,0.044653037342861197,0.76613025354222397,0.99950000000000006,44.433770739854893
4f (m=+0),4,3,0,594,21.994716516228173,1.3746697822642608,0.0095832730154933096,0.044428787319018052,0.76777952078143807,0.99950000000000006,44.433770739854893
4f (m=+0),4,3,0,595,22.031744658511386,1.3769840411569616,0.0095430048293603936,0.044204661207420309,0.76942048675298247,0.99950000000000006,44.433770739854893
4f (m=+0),4,3,0,596,22.068772800794598,1.3792983000496624,0.0095028253199045103,0.043980671869754906,0.77105315628321947,0.99950000000000006,44.433770739854893
4f (m=+0),4,3,0,597,22.10580094307781,1.3816125589423631,0.0094627350621487097,0.043756832025621202,0.77267753467212541,0.99950000000000006,44.433770739854893
4f (m=+0),4,3,0,598,22.142829085361022,1.3839268178350639,0.0094227346216780722,0.043533154252625043,0.77429362768803067,0.99950000000000006,44.433770739854893
4f (m=+0),4,3,0,599,22.179857227644234,1.3862410767277646,0.0093828245547073977,0.043309650986493052,0.77590144156236429,0.99950000000000006,44.433770739854893
4f (m=+0),4,3,0,600,22.216885369927446,1.3885553356204654,0.0093430054081488009,0.043086334521207546,0.77750098298440307,0.99950000000000006,44.433770739854893
4f (m=+0),4,3,0,601,22.253913512210659,1.3908695945131662,0.0093032777196791656,0.042863217009161389,0.77909225909602542,0.99950000000000006,44.433770739854893
4f (m=+0),4,3,0,602,22.290941654493871,1.3931838534058669,0.0092636420178074524,0.042640310461332327,0.78067527748647236,0.99950000000000006,44.433770739854893
4f (m=+0),4,3,0,603,22.327969796777083,1.3954981122985677,0.0092240988219418913,0.042417626747476941,0.78225004618711447,0.99950000000000006,44.433770739854893
4f (m=+0),4,3,0,604,22.364997939060295,1.3978123711912684,0.0091846486424570009,0.042195177596343295,0.7838165736662267,0.99950000000000006,44.433770739854893
4f (m=+0),4,3,0,605,22.402026081343511,1.4001266300839694,0.0091452919807604779,0.041972974595902435,0.78537486882377161,0.99950000000000006,44.433770739854893
4f (m=+0),4,3,0,606,22.439054223626723,1.4024408889766702,0.0091060293293599558,0.041751029193598389,0.78692494098619048,0.99950000000000006,44.433770739854893
4f (m=+0),4,3,0,607,22.476082365909935,1.4047551478693709,0.009066861171929546,0.041529352696615743,0.78846679990120605,0.99950000000000006,44.433770739854893
4f (m=+0),4,3,0,608,22.513110508193147,1.4070694067620717,0.0090277879833762821,0.04130795627216538,0.79000045573263322,0.99950000000000006,44.433770739854893
4f (m=+0),4,3,0,609,22.550138650476359,1.4093836656547725,0.0089888102299063716,0.041086850947787433,0.79152591905520231,0.99950000000000006,44.433770739854893
4f (m=+0),4,3,0,610,22.587166792759572,1.4116979245474732,0.0089499283690912795,0.040866047611671202,0.79304320084939295,0.99950000000000006,44.433770739854893
4f (m=+0),4,3,0,611,22.624194935042784,1.414012183440174,0.0089111428499336585,0.040645557012992099,0.79455231249628044,0.99950000000000006,44.433770739854893
4f (m=+0),4,3,0,612,22.661223077325996,1.4163264423328747,0.0088724541129330779,0.040425389762264723,0.79605326577239488,0.99950000000000006,44.433770739854893
4f (m=+0),4,3,0,613,22.698251219609208,1.4186407012255755,0.0088338625901516026,0.040205556331712321,0.79754607284459378,0.99950000000000006,44.433770739854893
4f (m=+0),4,3,0,614,22.73527936189242,1.4209549601182763,0.0087953687052791663,0.039986067055651872,0.7990307462649483,0.99950000000000006,44.433770739854893
4f (m=+0),4,3,0,615,22.772307504175632,1.423269219010977,0.0087569728736987817,0.039766932130894841,0.80050729896564443,0.99950000000000006,44.433770739854893
4f (m=+0),4,3,0,616,22.809335646458845,1.4255834779036778,0.0087186755025515511,0.039548161617163055,0.80197574425389917,0.99950000000000006,44.433770739854893
4f (m=+0),4,3,0,617,22.846363788742057,1.4278977367963785,0.0086804769908014785,0.039329765437519447,0.80343609580689201,0.99950000000000006,44.433770739854893
4f (m=+0),4,3,0,618,22.883391931025269,1.4302119956890793,0.0086423777293001131,0.039111753378813521,0.80488836766671323,0.99950000000000006,44.433770739854893
4f (m=+0),4,3,0,619,22.920420073308485,1.4325262545817803,0.0086043781008509589,0.038894135092140923,0.80633257423532878,0.99950000000000006,44.433770739854893
4f (m=+0),4,3,0,620,22.957448215591697,1.434840513474481,0.0085664784802737277,0.038676920093317226,0.80776873026956175,0.99950000000000006,44.433770739854893
4f (m=+0),4,3,0,621,22.994476357874909,1.4371547723671818,0.0085286792344683431,0.03846011776336522,0.80919685087609317,0.99950000000000006,44.433770739854893
4f (m=+0),4,3,0,622,23.031504500158121,1.4394690312598826,0.0084909807224787751,0.038243737349015719,0.81061695150647928,0.99950000000000006,44.433770739854893
4f (m=+0),4,3,0,623,23.068532642441333,1.4417832901525833,0.00845338329555664,0.038027787963221441,0.81202904795218889,0.99950000000000006,44.433770739854893
4f (m=+0),4,3,0,624,23.105560784724545,1.4440975490452841,0.0084158872972246151,0.037812278585683756,0.8134331563396594,0.99950000000000006,44.433770739854893
4f (m=+0),4,3,0,625,23.142588927007758,1.4464118079379849,0.0083784930633396103,0.037597218063391877,0.81482929312537311,0.99950000000000006,44.433770739854893
4f (m=+0),4,3,0,626,23.17961706929097,1.4487260668306856,0.0083412009221557424,0.037382615111174397,0.81621747509095277,0.99950000000000006,44.433770739854893
4f (m=+0),4,3,0,627,23.216645211574182,1.4510403257233864,0.0083040111943870846,0.037168478312262734,0.81759771933827885,0.99950000000000006,44.433770739854893
4f (m=+0),4,3,0,628,23.253673353857394,1.4533545846160871,0.0082669241932701934,0.036954816118866279,0.81897004328462697,0.99950000000000006,44.433770739854893
4f (m=+0),4,3,0,629,23.290701496140606,1.4556688435087879,0.008229940224626411,0.036741636852758934,0.82033446465782767,0.99950000000000006,44.433770739854893
4f (m=+0),4,3,0,630,23.327729638423818,1.4579831024014887,0.0081930595869239391,0.036528948705876758,0.82169100149144736,0.99950000000000006,44.433770739854893
4f (m=+0),4,3,0,631,23.364757780707031,1.4602973612941894,0.0081562825713396934,0.036316759740926595,0.82303967211999218,0.99950000000000006,44.433770739854893
4f (m=+0),4,3,0,632,23.401785922990243,1.4626116201868902,0.0081196094618209095,0.036105077892005025,0.82438049517413414,0.99950000000000006,44.433770739854893
4f (m=+0),4,3,0,633,23.438814065273458,1.4649258790795912,0.0080830405351465309,0.035893910965227947,0.8257134895759608,0.99950000000000006,44.433770739854893
4f (m=+0),4,3,0,634,23.475842207556671,1.4672401379722919,0.0080465760609883651,0.035683266639369965,0.82703867453424773,0.99950000000000006,44.433770739854893
4f (m=+0),4,3,0,635,23.512870349839883,1.4695543968649927,0.0080102163019719775,0.035473152466513627,0.82835606953975605,0.99950000000000006,44.433770739854893
4f (m=+0),4,3,0,636,23.549898492123095,1.4718686557576934,0.0079739615137373668,0.03526357587270821,0.82966569436055282,0.99950000000000006,44.433770739854893
4f (m=+0),4,3,0,637,23.586926634406307,1.4741829146503942,0.0079378119449993959,0.035054544158637749,0.83096756903735713,0.99950000000000006,44.433770739854893
4f (m=+0),4,3,0,638,23.623954776689519,1.476497173543095,0.0079017678376079818,0.034846064500298084,0.83226171387891024,0.99950000000000006,44.433770739854893
4f (m=+0),4,3,0,639,23.660982918972731,1.4788114324357957,0.007865829426608021,0.034638143949682537,0.83354814945737132,0.99950000000000006,44.433770739854893
4f (m=+0),4,3,0,640,23.698011061255944,1.4811256913284965,0.0078299969402990978,0.034430789435476318,0.83482689660373899,0.99950000000000006,44.433770739854893
4f (m=+0),4,3,0,641,23.735039203539156,1.4834399502211972,0.0077942706002949195,0.03422400776375898,0.83609797640329819,0.99950000000000006,44.433770739854893
4f (m=+0),4,3,0,642,23.772067345822368,1.485754209113898,0.0077586506215825126,0.034017805618714876,0.83736141019109356,0.99950000000000006,44.433770739854893
4f (m=+0),4,3,0,643,23.80909548810558,1.4880684680065988,0.0077231372125811581,0.033812189563351455,0.83861721954742918,0.99950000000000006,44.433770739854893
4f (m=+0),4,3,0,644,23.846123630388792,1.4903827268992995,0.007687730575201091,0.033607166040225109,0.839865426293395,0.99950000000000006,44.433770739854893
4f (m=+0),4,3,0,645,23.883151772672004,1.4926969857920003,0.0076524309049019234,0.033402741372174097,0.84110605248642056,0.99950000000000006,44.433770739854893
4f (m=+0),4,3,0,646,23.920179914955217,1.495011244684701,0.0076172383907508242,0.033198921763058768,0.84233912041585557,0.99950000000000006,44.433770739854893
4f (m=+0),4,3,0,647,23.957208057238429,1.4973255035774018,0.007582153215480429,0.032995713298508242,0.84356465259857805,0.99950000000000006,44.433770739854893
4f (m=+0),4,3,0,648,23.994236199521644,1.4996397624701028,0.0075471755555465104,0.032793121946674109,0.84478267177463084,0.99950000000000006,44.433770739854893
4f (m=+0),4,3,0,649,24.031264341804857,1.5019540213628035,0.0075123055811853736,0.032591153558990053,0.8459932009028851,0.99950000000000006,44.433770739854893
4f (m=+0),4,3,0,650,24.068292484088069,1.5042682802555043,0.0074775434564709718,0.032389813870937742,0.84719626315673313,0.99950000000000006,44.433770739854893
4f (m=+0),4,3,0,651,24.105320626371281,1.5065825391482051,0.0074428893393718061,0.032189108502818767,0.84839188191980908,0.99950000000000006,44.433770739854893
4f (m=+0),4,3,0,652,24.142348768654493,1.5088967980409058,0.0074083433818075087,0.03198904296053192,0.8495800807817383,0.99950000000000006,44.433770739854893
4f (m=+0),4,3,0,653,24.179376910937705,1.5112110569336066,0.0073739057297051982,0.031789622636356249,0.85076088353391577,0.99950000000000006,44.433770739854893
4f (m=+0),4,3,0,654,24.216405053220917,1.5135253158263073,0.0073395765230555472,0.031590852809739146,0.85193431416531362,0.99950000000000006,44.433770739854893
4f (m=+0),4,3,0,655,24.25343319550413,1.5158395747190081,0.0073053558959685896,0.031392738648089488,0.85310039685831773,0.99950000000000006,44.433770739854893
4f (m=+0),4,3,0,656,24.290461337787342,1.5181538336117089,0.0072712439767292558,0.031195285207575599,0.85425915598459401,0.99950000000000006,44.433770739854893
4f (m=+0),4,3,0,657,24.327489480070554,1.5204680925044096,0.0072372408878526471,0.030998497433927935,0.85541061610098434,0.99950000000000006,44.433770739854893
4f (m=+0),4,3,0,658,24.364517622353766,1.5227823513971104,0.007203346746139018,0.030802380163245859,0.8565548019454321,0.99950000000000006,44.433770739854893
4f (m=+0),4,3,0,659,24.401545764636978,1.5250966102898111,0.0071695616627285141,0.030606938122808961,0.85769173843293767,0.99950000000000006,44.433770739854893
4f (m=+0),4,3,0,660,24.43857390692019,1.5274108691825119,0.0071358857431556167,0.030412175931892143,0.85882145065154414,0.99950000000000006,44.433770739854893
4f (m=+0),4,3,0,661,24.475602049203403,1.5297251280752127,0.0071023190874033183,0.030218098102584513,0.85994396385835348,0.99950000000000006,44.433770739854893
4f (m=+0),4,3,0,662,24.512630191486618,1.5320393869679136,0.0070688617899570261,0.030024709040611976,0.8610593034755728,0.99950000000000006,44.433770739854893
4f (m=+0),4,3,0,663,24.54965833376983,1.5343536458606144,0.0070355139398582071,0.029832013046163224,0.86216749508659074,0.99950000000000006,44.433770739854893
4f (m=+0),4,3,0,664,24.586686476053043,1.5366679047533152,0.0070022756207577131,0.029640014314718768,0.86326856443208566,0.99950000000000006,44.433770739854893
4f (m=+0),4,3,0,665,24.623714618336255,1.5389821636460159,0.0069691469109688748,0.029448716937883184,0.86436253740616353,0.99950000000000006,44.433770739854893
4f (m=+0),4,3,0,666,24.660742760619467,1.5412964225387167,0.0069361278835202945,0.029258124904220157,0.86544944005252722,0.99950000000000006,44.433770739854893
4f (m=+0),4,3,0,667,24.697770902902679,1.5436106814314174,0.0069032186062083735,0.029068242100090153,0.8665292985606764,0.99950000000000006,44.433770739854893
4f (m=+0),4,3,0,668,24.734799045185891,1.5459249403241182,0.0068704191416495445,0.028879072310490535,0.86760213926213892,0.99950000000000006,44.433770739854893
4f (m=+0),4,3,0,669,24.771827187469103,1.548239199216819,0.0068377295473322471,0.028690619219898114,0.86866798862673289,0.99950000000000006,44.433770739854893
4f (m=+0),4,3,0,670,24.808855329752316,1.5505534581095197,0.0068051498756686044,0.028502886413113663,0.86972687325886033,0.99950000000000006,44.433770739854893
4f (m=+0),4,3,0,671,24.845883472035528,1.5528677170022205,0.0067726801740458304,0.028315877376108498,0.8707788198938321,0.99950000000000006,44.433770739854893
4f (m=+0),4,3,0,672,24.88291161431874,1.5551819758949212,0.0067403204848773615,0.028129595496872863,0.87182385539422402,0.99950000000000006,44.433770739854893
4f (m=+0),4,3,0,673,24.919939756601952,1.557496234787622,0.0067080708456536842,0.027944044066265737,0.8728620067462648,0.99950000000000006,44.433770739854893
4f (m=+0),4,3,0,674,24.956967898885164,1.5598104936803228,0.0066759312889929203,0.027759226278866428,0.87389330105625473,0.99950000000000006,44.433770739854893
4f (m=+0),4,3,0,675,24.993996041168376,1.5621247525730235,0.0066439018426910921,0.027575145233827141,0.87491776554701683,0.99950000000000006,44.433770739854893
4f (m=+0),4,3,0,676,25.031024183451592,1.5644390114657245,0.0066119825297721287,0.027391803935726829,0.87593542755437914,0.99950000000000006,44.433770739854893
4f (m=+0),4,3,0,677,25.068052325734804,1.5667532703584253,0.006580173368537591,0.027209205295426052,0.87694631452368821,0.99950000000000006,44.433770739854893
4f (m=+0),4,3,0,678,25.105080468018016,1.569067529251126,0.0065484743726160989,0.027027352130922552,0.87795045400635541,0.99950000000000006,44.433770739854893
4f (m=+0),4,3,0,679,25.142108610301229,1.5713817881438268,0.0065168855510124909,0.026846247168207552,0.8789478736564339,0.99950000000000006,44.433770739854893
4f (m=+0),4,3,0,680,25.179136752584441,1.5736960470365275,0.0064854069081566957,0.026665893042122572,0.87993860122722756,0.99950000000000006,44.433770739854893
4f (m=+0),4,3,0,681,25.216164894867653,1.5760103059292283,0.0064540384439523207,0.026486292297216617,0.88092266456793189,0.99950000000000006,44.433770739854893
4f (m=+0),4,3,0,682,25.253193037150865,1.5783245648219291,0.0064227801538249609,0.026307447388603564,0.88190009162030658,0.99950000000000006,44.433770739854893
4f (m=+0),4,3,0,683,25.290221179434077,1.5806388237146298,0.0063916320287702236,0.026129360682819684,0.88287091041537968,0.99950000000000006,44.433770739854893
4f (m=+0),4,3,0,684,25.327249321717289,1.5829530826073306,0.0063605940554014688,0.025952034458681064,0.88383514907018357,0.99950000000000006,44.433770739854893
4f (m=+0),4,3,0,685,25.364277464000502,1.5852673415000313,0.0063296662159972664,0.02577547090814079,0.88479283578452272,0.99950000000000006,44.433770739854893
4f (m=+0),4,3,0,686,25.401305606283714,1.5875816003927321,0.0062988484885485776,0.025599672137145972,0.88574399883777333,0.99950000000000006,44.433770739854893
4f (m=+0),4,3,0,687,25.438333748566926,1.5898958592854329,0.0062681408468056414,0.025424640166494056,0.88668866658571444,0.99950000000000006,44.433770739854893
4f (m=+0),4,3,0,688,25.475361890850138,1.5922101181781336,0.0062375432603245882,0.025250376932688764,0.88762686745739083,0.99950000000000006,44.433770739854893
4f (m=+0),4,3,0,689,25.51239003313335,1.5945243770708344,0.0062070556945137672,0.025076884288795162,0.88855862995200763,0.99950000000000006,44.433770739854893
4f (m=+0),4,3,0,690,25.549418175416566,1.5968386359635354,0.0061766781106797914,0.024904164005293994,0.88948398263585648,0.99950000000000006,44.433770739854893
4f (m=+0),4,3,0,691,25.586446317699778,1.5991528948562361,0.0061464104660733064,0.024732217770934973,0.89040295413927351,0.99950000000000006,44.433770739854893
4f (m=+0),4,3,0,692,25.62347445998299,1.6014671537489369,0.0061162527139344593,0.024561047193588949,0.89131557315362875,0.99950000000000006,44.433770739854893
4f (m=+0),4,3,0,693,25.660502602266202,1.6037814126416376,0.0060862048035381054,0.024390653801098953,0.89222186842834705,0.99950000000000006,44.433770739854893
4f (m=+0),4,3,0,694,25.697530744549415,1.6060956715343384,0.0060562666802387189,0.024221039042129831,0.89312186876796051,0.99950000000000006,44.433770739854893
4f (m=+0),4,3,0,695,25.734558886832627,1.6084099304270392,0.0060264382855150372,0.024052204287016515,0.89401560302919236,0.99950000000000006,44.433770739854893
4f (m=+0),4,3,0,696,25.771587029115839,1.6107241893197399,0.0059967195570144035,0.023884150828610638,0.89490310011807239,0.99950000000000006,44.433770739854893
4f (m=+0),4,3,0,697,25.808615171399051,1.6130384482124407,0.0059671104285968467,0.023716879883125548,0.89578438898708324,0.99950000000000006,44.433770739854893
4f (m=+0),4,3,0,698,25.845643313682263,1.6153527071051414,0.0059376108303788701,0.023550392590979564,0.89665949863233851,0.99950000000000006,44.433770739854893
4f (m=+0),4,3,0,699,25.882671455965475,1.6176669659978422,0.005908220688776957,0.023384690017637207,0.89752845809079163,0.99950000000000006,44.433770739854893
4f (m=+0),4,3,0,700,25.919699598248688,1.619981224890543,0.0058789399265508158,0.023219773154448724,0.89839129643747595,0.99950000000000006,44.433770739854893
4f (m=+0),4,3,0,701,25.9567277405319,1.6222954837832437,0.0058497684628463107,0.023055642919487147,0.89924804278277626,0.99950000000000006,44.433770739854893
4f (m=+0),4,3,0,702,25.993755882815112,1.6246097426759445,0.005820706213238153,0.022892300158383568,0.90009872626973042,0.99950000000000006,44.433770739854893
4f (m=+0),4,3,0,703,26.030784025098324,1.6269240015686453,0.005791753089772274,0.022729745645159734,0.90094337607136288,0.99950000000000006,44.433770739854893
4f (m=+0),4,3,0,704,26.06781216738154,1.6292382604613462,0.0057629090010079551,0.022567980083058641,0.90178202138804819,0.99950000000000006,44.433770739854893
4f (m=+0),4,3,0,705,26.104840309664752,1.631552519354047,0.0057341738520596576,0.022407004105372351,0.90261469144490536,0.99950000000000006,44.433770739854893
4f (m=+0),4,3,0,706,26.141868451947964,1.6338667782467478,0.0057055475446385721,0.022246818276267368,0.90344141548922363,0.99950000000000006,44.433770739854893
4f (m=+0),4,3,0,707,26.178896594231176,1.6361810371394485,0.0056770299770939102,0.022087423091607414,0.90426222278791757,0.99950000000000006,44.433770739854893
4f (m=+0),4,3,0,708,26.215924736514388,1.6384952960321493,0.0056486210444538967,0.021928818979773307,0.90507714262501326,0.99950000000000006,44.433770739854893
4f (m=+0),4,3,0,709,26.252952878797601,1.64080955492485,0.0056203206384665069,0.021771006302480186,0.90588620429916467,0.99950000000000006,44.433770739854893
4f (m=+0),4,3,0,710,26.289981021080813,1.6431238138175508,0.0055921286476399122,0.021613985355591715,0.9066894371212002,0.99950000000000006,44.433770739854893
4f (m=+0),4,3,0,711,26.327009163364025,1.6454380727102516,0.0055640449572826539,0.021457756369931285,0.9074868704116994,0.99950000000000006,44.433770739854893
4f (m=+0),4,3,0,712,26.364037305647237,1.6477523316029523,0.0055360694495435511,0.021302319512090228,0.90827853349859966,0.99950000000000006,44.433770739854893
4f (m=+0),4,3,0,713,26.401065447930449,1.6500665904956531,0.0055082020034513202,0.021147674885232802,0.90906445571483252,0.99950000000000006,44.433770739854893
4f (m=+0),4,3,0,714,26.438093590213661,1.6523808493883538,0.0054804424949539349,0.020993822529898003,0.90984466639599004,0.99950000000000006,44.433770739854893
4f (m=+0),4,3,0,715,26.475121732496874,1.6546951082810546,0.005452790796957702,0.020840762424798015,0.9106191948780209,0.99950000000000006,44.433770739854893
4f (m=+0),4,3,0,716,26.512149874780086,1.6570093671737554,0.005425246779366069,0.02068849448761333,0.91138807049495529,0.99950000000000006,44.433770739854893
4f (m=+0),4,3,0,717,26.549178017063298,1.6593236260664561,0.0053978103091181706,0.020537018575784501,0.91215132257666021,0.99950000000000006,44.433770739854893
4f (m=+0),4,3,0,718,26.58620615934651,1.6616378849591569,0.0053704812502270776,0.020386334487300161,0.91290898044662316,0.99950000000000006,44.433770739854893
4f (m=+0),4,3,0,719,26.623234301629726,1.6639521438518579,0.0053432594638178049,0.020236441961481718,0.91366107341976555,0.99950000000000006,44.433770739854893
4f (m=+0),4,3,0,720,26.660262443912938,1.6662664027445586,0.0053161448081650393,0.020087340679764299,0.9144076308002842,0.99950000000000006,44.433770739854893
4f (m=+0),4,3,0,721,26.69729058619615,1.6685806616372594,0.0052891371387305819,0.019939030266473881,0.91514868187952314,0.99950000000000006,44.433770739854893
4f (m=+0),4,3,0,722,26.734318728479362,1.6708949205299601,0.005262236308200551,0.019791510289600894,0.91588425593387279,0.99950000000000006,44.433770739854893
4f (m=+0),4,3,0,723,26.771346870762574,1.6732091794226609,0.0052354421665222924,0.019644780261569732,0.9166143822226982,0.99950000000000006,44.433770739854893
4f (m=+0),4,3,0,724,26.808375013045787,1.6755234383153617,0.0052087545609410431,0.01949883964000464,0.91733908998629599,0.99950000000000006,44.433770739854893
4f (m=+0),4,3,0,725,26.845403155328999,1.6778376972080624,0.0051821733360363107,0.019353687828491419,0.91805840844387898,0.99950000000000006,44.433770739854893
4f (m=+0),4,3,0,726,26.882431297612211,1.6801519561007632,0.0051556983337580024,0.019209324177335309,0.91877236679158947,0.99950000000000006,44.433770739854893
4f (m=+0),4,3,0,727,26.919459439895423,1.6824662149934639,0.0051293293934622812,0.019065747984314759,0.91948099420054041,0.99950000000000006,44.433770739854893
4f (m=+0),4,3,0,728,26.956487582178635,1.6847804738861647,0.0051030663519471614,0.018922958495431078,0.92018431981488402,0.99950000000000006,44.433770739854893
4f (m=+0),4,3,0,729,26.993515724461847,1.6870947327788655,0.0050769090434878402,0.018780954905653974,0.9208823727499087,0.99950000000000006,44.433770739854893
4f (m=+0),4,3,0,730,27.030543866745059,1.6894089916715662,0.0050508572998717634,0.018639736359662845,0.92157518209016287,0.99950000000000006,44.433770739854893
4f (m=+0),4,3,0,731,27.067572009028272,1.691723250564267,0.0050249109504334416,0.018499301952583903,0.92226277688760661,0.99950000000000006,44.433770739854893
4f (m=+0),4,3,0,732,27.104600151311484,1.6940375094569677,0.0049990698220889933,0.018359650730722953,0.92294518615979049,0.99950000000000006,44.433770739854893
4f (m=+0),4,3,0,733,27.1416282935947,1.6963517683496687,0.0049733337393704303,0.018220781692293801,0.92362243888806095,0.99950000000000006,44.433770739854893
4f (m=+0),4,3,0,734,27.178656435877912,1.6986660272423695,0.0049477025244597031,0.018082693788142454,0.92429456401579335,0.99950000000000006,44.433770739854893
4f (m=+0),4,3,0,735,27.215684578161124,1.7009802861350702,0.0049221759972224513,0.017945385922466642,0.92496159044665105,0.99950000000000006,44.433770739854893
4f (m=+0),4,3,0,736,27.252712720444336,1.703294545027771,0.0048967539752415327,0.01780885695353112,0.92562354704287153,0.99950000000000006,44.433770739854893
4f (m=+0),4,3,0,737,27.289740862727548,1.7056088039204718,0.0048714362738502747,0.017673105694378331,0.92628046262357877,0.99950000000000006,44.433770739854893
4f (m=+0),4,3,0,738,27.32676900501076,1.7079230628131725,0.0048462227061654871,0.01753813091353466,0.92693236596312156,0.99950000000000006,44.433770739854893
4f (m=+0),4,3,0,739,27.363797147293973,1.7102373217058733,0.0048211130831202044,0.017403931335712008,0.92757928578943849,0.99950000000000006,44.433770739854893
4f (m=+0),4,3,0,740,27.400825289577185,1.712551580598574,0.0047961072134961834,0.017270505642504833,0.92822125078244833,0.99950000000000006,44.433770739854893
4f (m=+0),4,3,0,741,27.437853431860397,1.7148658394912748,0.0047712049039561472,0.017137852473082537,0.92885828957246619,0.99950000000000006,44.433770739854893
4f (m=+0),4,3,0,742,27.474881574143609,1.7171800983839756,0.0047464059590757749,0.017005970424877209,0.92949043073864546,0.99950000000000006,44.433770739854893
4f (m=+0),4,3,0,743,27.511909716426821,1.7194943572766763,0.0047217101813754533,0.01687485805426673,0.93011770280744488,0.99950000000000006,44.433770739854893
4f (m=+0),4,3,0,744,27.548937858710033,1.7218086161693771,0.0046971173713517504,0.016744513877252964,0.93074013425112112,0.99950000000000006,44.433770739854893
4f (m=+0),4,3,0,745,27.585966000993245,1.7241228750620778,0.0046726273275086794,0.016614936370135513,0.93135775348624616,0.99950000000000006,44.433770739854893
4f (m=+0),4,3,0,746,27.622994143276458,1.7264371339547786,0.0046482398463886781,0.016486123970180407,0.93197058887224937,0.99950000000000006,44.433770739854893
4f (m=+0),4,3,0,747,27.660022285559673,1.7287513928474796,0.004623954722603363,0.016358075076284156,0.93257866870998474,0.99950000000000006,44.433770739854893
4f (m=+0),4,3,0,748,27.697050427842886,1.7310656517401803,0.004599771748864041,0.016230788049633019,0.93318202124032201,0.99950000000000006,44.433770739854893
4f (m=+0),4,3,0,749,27.734078570126098,1.7333799106328811,0.0045756907160119514,0.01610426121435728,0.93378067464276282,0.99950000000000006,44.433770739854893
4f (m=+0),4,3,0,750,27.77110671240931,1.7356941695255819,0.0045517114130482934,0.015978492858180805,0.9343746570340804,0.99950000000000006,44.433770739854893
4f (m=+0),4,3,0,751,27.808134854692522,1.7380084284182826,0.0045278336271639911,0.015853481233065646,0.93496399646698347,0.99950000000000006,44.433770739854893
4f (m=+0),4,3,0,752,27.845162996975734,1.7403226873109834,0.0045040571437692271,0.015729224555851795,0.93554872092880392,0.99950000000000006,44.433770739854893
4f (m=+0),4,3,0,753,27.882191139258946,1.7426369462036841,0.0044803817465227302,0.015605721008891991,0.93612885834020798,0.99950000000000006,44.433770739854893
4f (m=+0),4,3,0,754,27.919219281542158,1.7449512050963849,0.0044568072173608222,0.015482968740681568,0.93670443655393087,0.99950000000000006,44.433770739854893
4f (m=+0),4,3,0,755,27.956247423825371,1.7472654639890857,0.0044333333365262342,0.015360965866483457,0.93727548335353494,0.99950000000000006,44.433770739854893
4f (m=+0),4,3,0,756,27.993275566108583,1.7495797228817864,0.0044099598825966735,0.01523971046894812,0.93784202645219039,0.99950000000000006,44.433770739854893
4f (m=+0),4,3,0,757,28.030303708391795,1.7518939817744872,0.004386686632513165,0.015119200598728594,0.93840409349147902,0.99950000000000006,44.433770739854893
4f (m=+0),4,3,0,758,28.067331850675007,1.7542082406671879,0.0043635133616081491,0.014999434275090482,0.93896171204022094,0.99950000000000006,44.433770739854893
4f (m=+0),4,3,0,759,28.104359992958219,1.7565224995598887,0.0043404398436333478,0.014880409486517015,0.9395149095933234,0.99950000000000006,44.433770739854893
4f (m=+0),4,3,0,760,28.141388135241431,1.7588367584525895,0.0043174658507873984,0.014762124191309072,0.9400637135706521,0.99950000000000006,44.433770739854893
4f (m=+0),4,3,0,761,28.178416277524647,1.7611510173452904,0.0042945911537432494,0.014644576318180183,0.94060815131592479,0.99950000000000006,44.433770739854893
4f (m=+0),4,3,0,762,28.215444419807859,1.7634652762379912,0.0042718155216753409,0.01452776376684658,0.94114825009562608,0.99950000000000006,44.433770739854893
4f (m=+0),4,3,0,763,28.252472562091071,1.765779535130692,0.0042491387222865261,0.014411684408612093,0.94168403709794535,0.99950000000000006,44.433770739854893
4f (m=+0),4,3,0,764,28.289500704374284,1.7680937940233927,0.0042265605218347923,0.014296336086948153,0.94221553943173486,0.99950000000000006,44.433770739854893
4f (m=+0),4,3,0,765,28.326528846657496,1.7704080529160935,0.0042040806851597378,0.014181716618068682,0.94274278412548995,0.99950000000000006,44.433770739854893
4f (m=+0),4,3,0,766,28.363556988940708,1.7727223118087942,0.0041816989757088256,0.014067823791499947,0.94326579812635036,0.99950000000000006,44.433770739854893
4f (m=+0),4,3,0,767,28.40058513122392,1.775036570701495,0.004159415155563409,0.013954655370645389,0.94378460829912247,0.99950000000000006,44.433770739854893
4f (m=+0),4,3,0,768,28.437613273507132,1.7773508295941958,0.0041372289854645404,0.013842209093345433,0.9442992414253224,0.99950000000000006,44.433770739854893
4f (m=+0),4,3,0,769,28.474641415790344,1.7796650884868965,0.0041151402248385417,0.013730482672432168,0.94480972420223963,0.99950000000000006,44.433770739854893
4f (m=+0),4,3,0,770,28.511669558073557,1.7819793473795973,0.0040931486318223666,0.013619473796279098,0.94531608324202121,0.99950000000000006,44.433770739854893
4f (m=+0),4,3,0,771,28.548697700356769,1.784293606272298,0.0040712539632887313,0.013509180129345743,0.94581834507077622,0.99950000000000006,44.433770739854893
4f (m=+0),4,3,0,772,28.585725842639981,1.7866078651649988,0.0040494559748710263,0.013399599312717232,0.94631653612770039,0.99950000000000006,44.433770739854893
4f (m=+0),4,3,0,773,28.622753984923193,1.7889221240576996,0.0040277544209880176,0.013290728964638922,0.9468106827642202,0.99950000000000006,44.433770739854893
4f (m=+0),4,3,0,774,28.659782127206405,1.7912363829504003,0.0040061490548683127,0.013182566681045865,0.94730081124315713,0.99950000000000006,44.433770739854893
4f (m=+0),4,3,0,775,28.696810269489617,1.7935506418431011,0.0039846396285746263,0.013075110036087322,0.94778694773791139,0.99950000000000006,44.433770739854893
4f (m=+0),4,3,0,776,28.733838411772833,1.7958649007358021,0.0039632258930278183,0.012968356582646225,0.94826911833166472,0.99950000000000006,44.433770739854893
4f (m=+0),4,3,0,777,28.770866554056045,1.7981791596285028,0.0039419075980307227,0.012862303852853607,0.94874734901660218,0.99950000000000006,44.433770739854893
4f (m=+0),4,3,0,778,28.807894696339257,1.8004934185212036,0.0039206844922917584,0.012756949358598018,0.9492216656931538,0.99950000000000006,44.433770739854893
4f (m=+0),4,3,0,779,28.84492283862247,1.8028076774139044,0.0038995563234483274,0.012652290592029936,0.94969209416925382,0.99950000000000006,44.433770739854893
4f (m=+0),4,3,0,780,28.881950980905682,1.8051219363066051,0.0038785228380900099,0.012548325026061182,0.95015866015961947,0.99950000000000006,44.433770739854893
4f (m=+0),4,3,0,781,28.918979123188894,1.8074361951993059,0.0038575837817815344,0.012445050114859331,0.95062138928504736,0.99950000000000006,44.433770739854893
4f (m=+0),4,3,0,782,28.956007265472106,1.8097504540920066,0.0038367388990855492,0.012342463294337124,0.95108030707172875,0.99950000000000006,44.433770739854893
4f (m=+0),4,3,0,783,28.993035407755318,1.8120647129847074,0.0038159879335851795,0.012240561982636924,0.95153543895058257,0.99950000000000006,44.433770739854893
4f (m=+0),4,3,0,784,29.03006355003853,1.8143789718774082,0.003795330627906384,0.012139343580610222,0.95198681025660614,0.99950000000000006,44.433770739854893
4f (m=+0),4,3,0,785,29.067091692321743,1.8166932307701089,0.0037747667237400945,0.012038805472292132,0.95243444622824391,0.99950000000000006,44.433770739854893
4f (m=+0),4,3,0,786,29.104119834604955,1.8190074896628097,0.0037542959618641616,0.011938945025371012,0.95287837200677328,0.99950000000000006,44.433770739854893
4f (m=+0),4,3,0,787,29.141147976888167,1.8213217485555104,0.0037339180821650913,0.011839759591653107,0.95331861263570805,0.99950000000000006,44.433770739854893
4f (m=+0),4,3,0,788,29.178176119171379,1.8236360074482112,0.0037136328236595725,0.011741246507522261,0.95375519306021883,0.99950000000000006,44.433770739854893
4f (m=+0),4,3,0,789,29.215204261454591,1.825950266340912,0.0036934399245158191,0.011643403094394813,0.95418813812657022,0.99950000000000006,44.433770739854893
4f (m=+0),4,3,0,790,29.252232403737807,1.8282645252336129,0.0036733391220746931,0.011546226659169481,0.95461747258157525,0.99950000000000006,44.433770739854893
4f (m=+0),4,3,0,791,29.289260546021019,1.8305787841263137,0.0036533301528706473,0.011449714494672495,0.95504322107206563,0.99950000000000006,44.433770739854893
4f (m=+0),4,3,0,792,29.326288688304231,1.8328930430190145,0.0036334127526524442,0.011353863880097721,0.9554654081443793,0.99950000000000006,44.433770739854893
4f (m=+0),4,3,0,793,29.363316830587443,1.8352073019117152,0.0036135866564037046,0.011258672081442095,0.95588405824386335,0.99950000000000006,44.433770739854893
4f (m=+0),4,3,0,794,29.400344972870656,1.837521560804416,0.0035938515983632447,0.011164136351936131,0.95629919571439348,0.99950000000000006,44.433770739854893
4f (m=+0),4,3,0,795,29.437373115153868,1.8398358196971167,0.003574207312045218,0.011070253932469624,0.95671084479790924,0.99950000000000006,44.433770739854893
4f (m=+0),4,3,0,796,29.47440125743708,1.8421500785898175,0.0035546535302590737,0.010977022052012616,0.95711902963396456,0.99950000000000006,44.433770739854893
4f (m=+0),4,3,0,797,29.511429399720292,1.8444643374825183,0.0035351899851293095,0.010884437928031506,0.95752377425929447,0.99950000000000006,44.433770739854893
4f (m=+0),4,3,0,798,29.548457542003504,1.846778596375219,0.0035158164081150437,0.010792498766900466,0.95792510260739649,0.99950000000000006,44.433770739854893
4f (m=+0),4,3,0,799,29.585485684286716,1.8490928552679198,0.0034965325300293872,0.01070120176430807,0.95832303850812761,0.99950000000000006,44.433770739854893
4f (m=+0),4,3,0,800,29.622513826569929,1.8514071141606205,0.0034773380810586372,0.01061054410565924,0.95871760568731601,0.99950000000000006,44.433770739854893
4f (m=+0),4,3,0,801,29.659541968853141,1.8537213730533213,0.0034582327907812685,0.010520522966472434,0.95910882776638751,0.99950000000000006,44.433770739854893
4f (m=+0),4,3,0,802,29.696570111136353,1.8560356319460221,0.0034392163881867533,0.010431135512772232,0.95949672826200683,0.99950000000000006,44.433770739854893
4f (m=+0),4,3,0,803,29.733598253419565,1.8583498908387228,0.003420288601694182,0.010342378901477177,0.95988133058573344,0.99950000000000006,44.433770739854893
4f (m=+0),4,3,0,804,29.770626395702781,1.8606641497314238,0.0034014491591707039,0.010254250280783011,0.96026265804369115,0.99950000000000006,44.433770739854893
4f (m=+0),4,3,0,805,29.807654537985993,1.8629784086241246,0.0033826977879497957,0.010166746790541355,0.96064073383625215,0.99950000000000006,44.433770739854893
4f (m=+0),4,3,0,806,29.844682680269205,1.8652926675168253,0.0033640342148493199,0.010079865562633629,0.96101558105773532,0.99950000000000006,44.433770739854893
4f (m=+0),4,3,0,807,29.881710822552417,1.8676069264095261,0.0033454581661894276,0.0099936037213405535,0.96138722269611765,0.99950000000000006,44.433770739854893
4f (m=+0),4,3,0,808,29.918738964835629,1.8699211853022268,0.0033269693678102705,0.0099079583837070155,0.9617556816327596,0.99950000000000006,44.433770739854893
4f (m=+0),4,3,0,809,29.955767107118842,1.8722354441949276,0.0033085675450895344,0.0098229266599024288,0.9621209806421438,0.99950000000000006,44.433770739854893
4f (m=+0),4,3,0,810,29.992795249402054,1.8745497030876284,0.0032902524229597922,0.0097385056535765607,0.96248314239162724,0.99950000000000006,44.433770739854893
4f (m=+0),4,3,0,811,30.029823391685266,1.8768639619803291,0.0032720237259256852,0.0096546924622109009,0.96284218944120614,0.99950000000000006,44.433770739854893
4f (m=+0),4,3,0,812,30.066851533968478,1.8791782208730299,0.0032538811780809225,0.0095714841774655387,0.9631981442432942,0.99950000000000006,44.433770739854893
4f (m=+0),4,3,0,813,30.10387967625169,1.8814924797657306,0.003235824503125111,0.0094888778855216314,0.96355102914251312,0.99950000000000006,44.433770739854893
4f (m=+0),4,3,0,814,30.140907818534902,1.8838067386584314,0.003217853424380409,0.0094068706674194317,0.96390086637549621,0.99950000000000006,44.433770739854893
4f (m=+0),4,3,0,815,30.177935960818115,1.8861209975511322,0.0031999676648080061,0.0093254595993919453,0.964247678070704,0.99950000000000006,44.433770739854893
4f (m=+0),4,3,0,816,30.214964103101327,1.8884352564438329,0.0031821669470244304,0.0092446417531941768,0.96459148624825264,0.99950000000000006,44.433770739854893
4f (m=+0),4,3,0,817,30.251992245384539,1.8907495153365337,0.0031644509933176938,0.0091644141964281212,0.96493231281975378,0.99950000000000006,44.433770739854893
4f (m=+0),4,3,0,818,30.289020387667755,1.8930637742292347,0.0031468195256632546,0.0090847739928633393,0.96527017958816697,0.99950000000000006,44.433770739854893
4f (m=+0),4,3,0,819,30.326048529950967,1.8953780331219354,0.0031292722657398262,0.0090057182027533274,0.96560510824766332,0.99950000000000006,44.433770739854893
4f (m=+0),4,3,0,820,30.363076672234179,1.8976922920146362,0.0031118089349450057,0.0089272438831475617,0.96593712038350144,0.99950000000000006,44.433770739854893
4f (m=+0),4,3,0,821,30.400104814517391,1.9000065509073369,0.003094429254410743,0.0088493480881993228,0.9662662374719142,0.99950000000000006,44.433770739854893
4f (m=+0),4,3,0,822,30.437132956800603,1.9023208098000377,0.0030771329450186469,0.0087720278694693402,0.96659248088000749,0.99950000000000006,44.433770739854893
4f (m=+0),4,3,0,823,30.474161099083815,1.9046350686927385,0.0030599197274151198,0.0086952802762251796,0.96691587186566919,0.99950000000000006,44.433770739854893
4f (m=+0),4,3,0,824,30.511189241367028,1.9069493275854392,0.0030427893220263394,0.0086191023557365531,0.96723643157749029,0.99950000000000006,44.433770739854893
4f (m=+0),4,3,0,825,30.54821738365024,1.90926358647814,0.003025741449073071,0.0085434911535664376,0.96755418105469604,0.99950000000000006,44.433770739854893
4f (m=+0),4,3,0,826,30.585245525933452,1.9115778453708407,0.0030087758285853197,0.0084684437138580898,0.96786914122708789,0.99950000000000006,44.433770739854893
4f (m=+0),4,3,0,827,30.622273668216664,1.9138921042635415,0.0029918921804168289,0.0083939570796180262,0.96818133291499664,0.99950000000000006,44.433770739854893
4f (m=+0),4,3,0,828,30.659301810499876,1.9162063631562423,0.0029750902242594128,0.0083200282929948976,0.968490776829245,0.99950000000000006,44.433770739854893
4f (m=+0),4,3,0,829,30.696329952783088,1.918520622048943,0.0029583696796571385,0.0082466543955543835,0.96879749357112122,0.99950000000000006,44.433770739854893
4f (m=+0),4,3,0,830,30.733358095066301,1.9208348809416438,0.0029417302660203438,0.0081738324285500433,0.96910150363236247,0.99950000000000006,44.433770739854893
4f (m=+0),4,3,0,831,30.770386237349513,1.9231491398343445,0.0029251717026395094,0.0081015594331902557,0.96940282739514827,0.99950000000000006,44.433770739854893
4f (m=+0),4,3,0,832,30.807414379632725,1.9254633987270453,0.0029086937086989667,0.0080298324509011591,0.96970148513210341,0.99950000000000006,44.433770739854893
4f (m=+0),4,3,0,833,30.844442521915941,1.9277776576197463,0.0028922960032904598,0.0079586485235857204,0.96999749700631133,0.99950000000000006,44.433770739854893
4f (m=+0),4,3,0,834,30.881470664199153,1.930091916512447,0.0028759783054265573,0.0078880046938789132,0.97029088307133582,0.99950000000000006,44.433770739854893
4f (m=+0),4,3,0,835,30.918498806482365,1.9324061754051478,0.0028597403340538986,0.0078178980053990061,0.97058166327125339,0.99950000000000006,44.433770739854893
4f (m=+0),4,3,0,836,30.955526948765577,1.9347204342978486,0.0028435818080663092,0.0077483255029950591,0.97086985744069398,0.99950000000000006,44.433770739854893
4f (m=+0),4,3,0,837,30.992555091048789,1.9370346931905493,0.002827502446317754,0.0076792842329906127,0.97115548530489093,0.99950000000000006,44.433770739854893
4f (m=+0),4,3,0,838,31.029583233332001,1.9393489520832501,0.0028115019676351475,0.0076107712434235874,0.97143856647974036,0.99950000000000006,44.433770739854893
4f (m=+0),4,3,0,839,31.066611375615214,1.9416632109759508,0.0027955800908310174,0.0075427835842824704,0.9717191204718687,0.99950000000000006,44.433770739854893
4f (m=+0),4,3,0,840,31.103639517898426,1.9439774698686516,0.0027797365347160211,0.007475318307738758,0.9719971666787095,0.99950000000000006,44.433770739854893
4f (m=+0),4,3,0,841,31.140667660181638,1.9462917287613524,0.0027639710181113181,0.0074083724683757426,0.97227272438858814,0.99950000000000006,44.433770739854893
4f (m=+0),4,3,0,842,31.17769580246485,1.9486059876540531,0.0027482832598607959,0.0073419431234136032,0.97254581278081564,0.99950000000000006,44.433770739854893
4f (m=+0),4,3,0,843,31.214723944748062,1.9509202465467539,0.0027326729788431595,0.0072760273329309207,0.97281645092579028,0.99950000000000006,44.433770739854893
4f (m=+0),4,3,0,844,31.251752087031274,1.9532345054394546,0.0027171398939838708,0.00721062216008254,0.97308465778510744,0.99950000000000006,44.433770739854893
4f (m=+0),4,3,0,845,31.288780229314487,1.9555487643321554,0.0027016837242669575,0.0071457246713139246,0.97335045221167749,0.99950000000000006,44.433770739854893
4f (m=+0),4,3,0,846,31.325808371597699,1.9578630232248562,0.0026863041887466698,0.0070813319365718979,0.97361385294985159,0.99950000000000006,44.433770739854893
4f (m=+0),4,3,0,847,31.362836513880914,1.9601772821175572,0.0026710010065590095,0.0070174410295119399,0.973874878635555,0.99950000000000006,44.433770739854893
4f (m=+0),4,3,0,848,31.399864656164127,1.9624915410102579,0.0026557738969331213,0.0069540490277019851,0.97413354779642847,0.99950000000000006,44.433770739854893
4f (m=+0),4,3,0,849,31.436892798447339,1.9648057999029587,0.0026406225792025314,0.0068911530128227131,0.9743898788519767,0.99950000000000006,44.433770739854893
4f (m=+0),4,3,0,850,31.473920940730551,1.9671200587956594,0.002625546772816274,0.0068287500708645059,0.97464389011372399,0.99950000000000006,44.433770739854893
4f (m=+0),4,3,0,851,31.510949083013763,1.9694343176883602,0.0026105461973498652,0.0067668372923209421,0.97489559978537788,0.99950000000000006,44.433770739854893
4f (m=+0),4,3,0,852,31.547977225296975,1.971748576581061,0.0025956205725161533,0.0067054117723789599,0.97514502596299912,0.99950000000000006,44.433770739854893
4f (m=+0),4,3,0,853,31.585005367580187,1.9740628354737617,0.00258076961817603,0.00664447061110567,0.97539218663517901,0.99950000000000006,44.433770739854893
4f (m=+0),4,3,0,854,31.6220335098634,1.9763770943664625,0.0025659930543490148,0.0065840109136318728,0.97563709968322343,0.99950000000000006,44.433770739854893
4f (m=+0),4,3,0,855,31.659061652146612,1.9786913532591632,0.0025512906012237061,0.0065240297903322907,0.97587978288134369,0.99950000000000006,44.433770739854893
4f (m=+0),4,3,0,856,31.696089794429824,1.981005612151864,0.0025366619791681029,0.0064645243570025509,0.97612025389685408,0.99950000000000006,44.433770739854893
4f (m=+0),4,3,0,857,31.733117936713036,1.9833198710445648,0.0025221069087397988,0.0064054917350329643,0.97635853029037567,0.99950000000000006,44.433770739854893
4f (m=+0),4,3,0,858,31.770146078996248,1.9856341299372655,0.0025076251106960473,0.0063469290515790989,0.9765946295160467,0.99950000000000006,44.433770739854893
4f (m=+0),4,3,0,859,31.80717422127946,1.9879483888299663,0.002493216306003701,0.006288833439729199,0.97682856892173919,0.99950000000000006,44.433770739854893
4f (m=+0),4,3,0,860,31.844202363562673,1.990262647722667,0.0024788802158490241,0.0062312020386684763,0.97706036574928168,0.99950000000000006,44.433770739854893
4f (m=+0),4,3,0,861,31.881230505845888,1.992576906615368,0.0024646165616473803,0.0061740319938402947,0.97729003713468787,0.99950000000000006,44.433770739854893
4f (m=+0),4,3,0,862,31.9182586481291,1.9948911655080688,0.0024504250650528013,0.006117320457104297,0.97751760010839117,0.99950000000000006,44.433770739854893
4f (m=+0),4,3,0,863,31.955286790412313,1.9972054244007695,0.0024363054479674207,0.0060610645868914527,0.97774307159548557,0.99950000000000006,44.433770739854893
4f (m=+0),4,3,0,864,31.992314932695525,1.9995196832934703,0.0024222574325508009,0.0060052615483561405,0.97796646841597135,0.99950000000000006,44.433770739854893
4f (m=+0),4,3,0,865,32.029343074978733,2.0018339421861708,0.002408280741229128,0.0059499085135252035,0.97818780728500698,0.99950000000000006,44.433770739854893
4f (m=+0),4,3,0,866,32.066371217261946,2.0041482010788716,0.0023943750967042889,0.0058950026614440643,0.9784071048131664,0.99950000000000006,44.433770739854893
4f (m=+0),4,3,0,867,32.103399359545158,2.0064624599715724,0.0023805402219628331,0.0058405411783199138,0.97862437750670117,0.99950000000000006,44.433770739854893
4f (m=+0),4,3,0,868,32.140427501828377,2.0087767188642736,0.0023667758402848133,0.0057865212576620074,0.97883964176780891,0.99950000000000006,44.433770739854893
4f (m=+0),4,3,0,869,32.177455644111589,2.0110909777569743,0.002353081675252514,0.0057329401004190894,0.97905291389490545,0.99950000000000006,44.433770739854893
4f (m=+0),4,3,0,870,32.214483786394801,2.0134052366496751,0.0023394574507590478,0.0056797949151139379,0.97926421008290332,0.99950000000000006,44.433770739854893
4f (m=+0),4,3,0,871,32.251511928678013,2.0157194955423758,0.0023259028910168566,0.0056270829179751554,0.9794735464234946,0.99950000000000006,44.433770739854893
4f (m=+0),4,3,0,872,32.288540070961226,2.0180337544350766,0.0023124177205660853,0.0055748013330661353,0.97968093890543839,0.99950000000000006,44.433770739854893
4f (m=+0),4,3,0,873,32.325568213244438,2.0203480133277774,0.0022990016642828498,0.0055229473924113016,0.97988640341485356,0.99950000000000006,44.433770739854893
4f (m=+0),4,3,0,874,32.36259635552765,2.0226622722204781,0.0022856544473873817,0.0054715183361195747,0.98008995573551549,0.99950000000000006,44.433770739854893
4f (m=+0),4,3,0,875,32.399624497810862,2.0249765311131789,0.0022723757954520737,0.0054205114125051961,0.980291611549158,0.99950000000000006,44.433770739854893
4f (m=+0),4,3,0,876,32.436652640094074,2.0272907900058796,0.0022591654344094069,0.0053699238782058461,0.98049138643577916,0.99950000000000006,44.433770739854893
4f (m=+0),4,3,0,877,32.473680782377286,2.0296050488985804,0.0022460230905597674,0.0053197529982981114,0.98068929587395148,0.99950000000000006,44.433770739854893
4f (m=+0),4,3,0,878,32.510708924660499,2.0319193077912812,0.0022329484905791583,0.0052699960464103685,0.98088535524113696,0.99950000000000006,44.433770739854893
4f (m=+0),4,3,0,879,32.547737066943711,2.0342335666839819,0.0022199413615268011,0.0052206503048330627,0.98107957981400529,0.99950000000000006,44.433770739854893
4f (m=+0),4,3,0,880,32.584765209226923,2.0365478255766827,0.002207001430852628,0.005171713064626415,0.98127198476875688,0.99950000000000006,44.433770739854893
4f (m=+0),4,3,0,881,32.621793351510135,2.0388620844693834,0.002194128426404669,0.0051231816257256138,0.98146258518144935,0.99950000000000006,44.433770739854893
4f (m=+0),4,3,0,882,32.658821493793347,2.0411763433620842,0.002181322076436338,0.0050750532970435091,0.98165139602832829,0.99950000000000006,44.433770739854893
4f (m=+0),4,3,0,883,32.695849636076559,2.043490602254785,0.0021685821096136086,0.0050273253965708239,0.98183843218616129,0.99950000000000006,44.433770739854893
4f (m=+0),4,3,0,884,32.732877778359772,2.0458048611474857,0.0021559082550220835,0.0049799952514738809,0.98202370843257603,0.99950000000000006,44.433770739854893
4f (m=+0),4,3,0,885,32.769905920642984,2.0481191200401865,0.0021433002421739726,0.0049330601981899822,0.98220723944640176,0.99950000000000006,44.433770739854893
4f (m=+0),4,3,0,886,32.806934062926196,2.0504333789328872,0.0021307578010149562,0.0048865175825203193,0.9823890398080144,0.99950000000000006,44.433770739854893
4f (m=+0),4,3,0,887,32.843962205209408,2.052747637825588,0.0021182806619309551,0.0048403647597205605,0.98256912399968466,0.99950000000000006,44.433770739854893
4f (m=+0),4,3,0,888,32.88099034749262,2.0550618967182888,0.0021058685557547932,0.0047945990945890667,0.98274750640593012,0.99950000000000006,44.433770739854893
4f (m=+0),4,3,0,889,32.918018489775832,2.0573761556109895,0.0020935212137727726,0.0047492179615528391,0.98292420131387004,0.99950000000000006,44.433770739854893
4f (m=+0),4,3,0,890,32.955046632059044,2.0596904145036903,0.0020812383677311364,0.0047042187447511249,0.9830992229135832,0.99950000000000006,44.433770739854893
4f (m=+0),4,3,0,891,32.992074774342257,2.062004673396391,0.0020690197498424412,0.0046595988381167956,0.98327258529846939,0.99950000000000006,44.433770739854893
4f (m=+0),4,3,0,892,33.029102916625469,2.0643189322890918,0.0020568650927918312,0.0046153556454554788,0.98344430246561343,0.99950000000000006,44.433770739854893
4f (m=+0),4,3,0,893,33.066131058908681,2.0666331911817926,0.0020447741297432154,0.004571486580522483,0.98361438831615189,0.99950000000000006,44.433770739854893
4f (m=+0),4,3,0,894,33.103159201191893,2.0689474500744933,0.0020327465943453522,0.0045279890670975598,0.98378285665564325,0.99950000000000006,44.433770739854893
4f (m=+0),4,3,0,895,33.140187343475105,2.0712617089671941,0.0020207822207378326,0.0044848605390574569,0.98394972119444024,0.99950000000000006,44.433770739854893
4f (m=+0),4,3,0,896,33.177215485758325,2.0735759678598953,0.0020088807435569762,0.0044420984404463975,0.98411499554806503,0.99950000000000006,44.433770739854893
4f (m=+0),4,3,0,897,33.214243628041537,2.075890226752596,0.0019970418979416409,0.0043997002255444584,0.98427869323758699,0.99950000000000006,44.433770739854893
4f (m=+0),4,3,0,898,33.251271770324749,2.0782044856452968,0.0019852654195389148,0.0043576633589337771,0.98444082769000296,0.99950000000000006,44.433770739854893
4f (m=+0),4,3,0,899,33.288299912607961,2.0805187445379976,0.0019735510445097471,0.0043159853155628255,0.98460141223861986,0.99950000000000006,44.433770739854893
4f (m=+0),4,3,0,900,33.325328054891173,2.0828330034306983,0.0019618985095344694,0.0042746635808085798,0.98476046012343987,0.99950000000000006,44.433770739854893
4f (m=+0),4,3,0,901,33.362356197174385,2.0851472623233991,0.001950307551818237,0.004233695650536713,0.98491798449154733,0.99950000000000006,44.433770739854893
4f (m=+0),4,3,0,902,33.399384339457598,2.0874615212160998,0.0019387779090963742,0.0041930790311598019,0.98507399839749854,0.99950000000000006,44.433770739854893
4f (m=+0),4,3,0,903,33.43641248174081,2.0897757801088006,0.0019273093196396352,0.0041528112396935811,0.98522851480371321,0.99950000000000006,44.433770739854893
4f (m=+0),4,3,0,904,33.473440624024022,2.0920900390015014,0.0019159015222593781,0.0041128898038112708,0.98538154658086785,0.99950000000000006,44.433770739854893
4f (m=+0),4,3,0,905,33.510468766307234,2.0944042978942021,0.0019045542563126496,0.0040733122618959961,0.98553310650829196,0.99950000000000006,44.433770739854893
4f (m=+0),4,3,0,906,33.547496908590446,2.0967185567869029,0.0018932672617071888,0.0040340761630913401,0.98568320727436476,0.99950000000000006,44.433770739854893
4f (m=+0),4,3,0,907,33.584525050873658,2.0990328156796036,0.0018820402789063372,0.003995179067350009,0.98583186147691526,0.99950000000000006,44.433770739854893
4f (m=+0),4,3,0,908,33.621553193156871,2.1013470745723044,0.0018708730489338757,0.0039566185454807104,0.98597908162362291,0.99950000000000006,44.433770739854893
4f (m=+0),4,3,0,909,33.658581335440083,2.1036613334650052,0.0018597653133787676,0.0039183921791931817,0.98612488013242039,0.99950000000000006,44.433770739854893
4f (m=+0),4,3,0,910,33.695609477723295,2.1059755923577059,0.0018487168143998267,0.003880497561141465,0.98626926933189851,0.99950000000000006,44.433770739854893
4f (m=+0),4,3,0,911,33.732637620006507,2.1082898512504067,0.001837727294730298,0.0038429322949654027,0.98641226146171168,0.99950000000000006,44.433770739854893
4f (m=+0),4,3,0,912,33.769665762289719,2.1106041101431074,0.0018267964976823596,0.0038056939953304029,0.98655386867298578,0.99950000000000006,44.433770739854893
4f (m=+0),4,3,0,913,33.806693904572931,2.1129183690358082,0.0018159241671515448,0.0037687802879655002,0.98669410302872695,0.99950000000000006,44.433770739854893
4f (m=+0),4,3,0,914,33.843722046856143,2.115232627928509,0.0018051100476210817,0.0037321888096997044,0.98683297650423207,0.99950000000000006,44.433770739854893
4f (m=+0),4,3,0,915,33.880750189139356,2.1175468868212097,0.001794353884166157,0.0036959172084967068,0.98697050098750039,0.99950000000000006,44.433770739854893
4f (m=+0),4,3,0,916,33.917778331422568,2.1198611457139105,0.0017836554224580968,0.0036599631434879156,0.9871066882796462,0.99950000000000006,44.433770739854893
4f (m=+0),4,3,0,917,33.95480647370578,2.1221754046066112,0.0017730144087684768,0.0036243242850039006,0.98724155009531323,0.99950000000000006,44.433770739854893
4f (m=+0),4,3,0,918,33.991834615988992,2.124489663499312,0.001762430589973148,0.0035889983146042063,0.98737509806308976,0.99950000000000006,44.433770739854893
4f (m=+0),4,3,0,919,34.028862758272204,2.1268039223920128,0.0017519037135561913,0.0035539829251056078,0.98750734372592486,0.99950000000000006,44.433770739854893
4f (m=+0),4,3,0,920,34.065890900555416,2.1291181812847135,0.0017414335276137937,0.0035192758206088024,0.98763829854154606,0.99950000000000006,44.433770739854893
4f (m=+0),4,3,0,921,34.102919042838629,2.1314324401774143,0.0017310197808580539,0.0034848747165235798,0.98776797388287707,0.99950000000000006,44.433770739854893
4f (m=+0),4,3,0,922,34.139947185121841,2.133746699070115,0.0017206622226207074,0.0034507773395924674,0.98789638103845745,0.99950000000000006,44.433770739854893
4f (m=+0),4,3,0,923,34.176975327405053,2.1360609579628158,0.0017103606028567844,0.0034169814279128886,0.98802353121286246,0.99950000000000006,44.433770739854893
4f (m=+0),4,3,0,924,34.214003469688265,2.1383752168555166,0.0017001146721481908,0.0033834847309578606,0.98814943552712386,0.99950000000000006,44.433770739854893
4f (m=+0),4,3,0,925,34.251031611971484,2.1406894757482178,0.0016899241817072176,0.0033502850095952319,0.98827410501915169,0.99950000000000006,44.433770739854893
4f (m=+0),4,3,0,926,34.288059754254697,2.1430037346409185,0.0016797888833799883,0.0033173800361055322,0.98839755064415624,0.99950000000000006,44.433770739854893
4f (m=+0),4,3,0,927,34.325087896537909,2.1453179935336193,0.0016697085296498145,0.0032847675941983408,0.98851978327507106,0.99950000000000006,44.433770739854893
4f (m=+0),4,3,0,928,34.362116038821121,2.1476322524263201,0.0016596828736405048,0.0032524454790273569,0.98864081370297663,0.99950000000000006,44.433770739854893
4f (m=+0),4,3,0,929,34.399144181104333,2.1499465113190208,0.0016497116691195893,0.0032204114972040486,0.988760652637524,0.99950000000000006,44.433770739854893
4f (m=+0),4,3,0,930,34.436172323387545,2.1522607702117216,0.0016397946705014833,0.0031886634668099908,0.98887931070735968,0.99950000000000006,44.433770739854893
4f (m=+0),4,3,0,931,34.473200465670757,2.1545750291044223,0.0016299316328505782,0.0031571992174078607,0.98899679846055011,0.99950000000000006,44.433770739854893
4f (m=+0),4,3,0,932,34.51022860795397,2.1568892879971231,0.0016201223118842674,0.0031260165900511413,0.98911312636500748,0.99950000000000006,44.433770739854893
4f (m=+0),4,3,0,933,34.547256750237182,2.1592035468898239,0.0016103664639759063,0.0030951134372925438,0.98922830480891488,0.99950000000000006,44.433770739854893
4f (m=+0),4,3,0,934,34.584284892520394,2.1615178057825246,0.0016006638461577042,0.0030644876231911587,0.98934234410115263,0.99950000000000006,44.433770739854893
4f (m=+0),4,3,0,935,34.621313034803606,2.1638320646752254,0.0015910142161235531,0.0030341370233183777,0.98945525447172411,0.99950000000000006,44.433770739854893
4f (m=+0),4,3,0,936,34.658341177086818,2.1661463235679261,0.0015814173322317886,0.0030040595247625753,0.98956704607218227,0.99950000000000006,44.433770739854893
4f (m=+0),4,3,0,937,34.69536931937003,2.1684605824606269,0.0015718729535078905,0.0029742530261325979,0.98967772897605633,0.99950000000000006,44.433770739854893
4f (m=+0),4,3,0,938,34.732397461653242,2.1707748413533277,0.0015623808396471185,0.0029447154375600733,0.98978731317927804,0.99950000000000006,44.433770739854893
4f (m=+0),4,3,0,939,34.769425603936455,2.1730891002460284,0.0015529407510170839,0.0029154446807005394,0.98989580860060877,0.99950000000000006,44.433770739854893
4f (m=+0),4,3,0,940,34.806453746219667,2.1754033591387292,0.0015435524486602599,0.0028864386887334295,0.99000322508206573,0.99950000000000006,44.433770739854893
4f (m=+0),4,3,0,941,34.843481888502879,2.1777176180314299,0.0015342156942964324,0.0028576954063609448,0.99010957238934927,0.99950000000000006,44.433770739854893
4f (m=+0),4,3,0,942,34.880510030786091,2.1800318769241307,0.0015249302503250847,0.0028292127898057878,0.9902148602122689,0.99950000000000006,44.433770739854893
4f (m=+0),4,3,0,943,34.917538173069303,2.1823461358168315,0.00151569587982773,0.0028009888068078435,0.99031909816517016,0.99950000000000006,44.433770739854893
4f (m=+0),4,3,0,944,34.954566315352515,2.1846603947095322,0.0015065123465701745,0.00277302143661974,0.99042229578736107,0.99950000000000006,44.433770739854893
4f (m=+0),4,3,0,945,34.991594457635728,2.186974653602233,0.0014973794150047297,0.0027453086700013974,0.99052446254353788,0.99950000000000006,44.433770739854893
4f (m=+0),4,3,0,946,35.02862259991894,2.1892889124949337,0.0014882968502723613,0.0027178485092135105,0.99062560782421161,0.99950000000000006,44.433770739854893
4f (m=+0),4,3,0,947,35.065650742202152,2.1916031713876345,0.0014792644182047832,0.0026906389680100245,0.99072574094613342,0.99950000000000006,44.433770739854893
4f (m=+0),4,3,0,948,35.102678884485364,2.1939174302803353,0.0014702818853264902,0.0026636780716295964,0.99082487115272,0.99950000000000006,44.433770739854893
4f (m=+0),4,3,0,949,35.139707026768576,2.196231689173036,0.0014613490188567395,0.0026369638567860939,0.99092300761447882,0.99950000000000006,44.433770739854893
4f (m=+0),4,3,0,950,35.176735169051788,2.1985459480657368,0.0014524655867114709,0.0026104943716580924,0.99102015942943289,0.99950000000000006,44.433770739854893
4f (m=+0),4,3,0,951,35.213763311335001,2.2008602069584375,0.001443631357505174,0.0025842676758774529,0.99111633562354473,0.99950000000000006,44.433770739854893
4f (m=+0),4,3,0,952,35.250791453618213,2.2031744658511383,0.0014348461005527025,0.0025582818405169511,0.99121154515114052,0.99950000000000006,44.433770739854893
4f (m=+0),4,3,0,953,35.287819595901432,2.2054887247438395,0.0014261095858710254,0.0025325349480769745,0.99130579689533349,0.99950000000000006,44.433770739854893
4f (m=+0),4,3,0,954,35.324847738184644,2.2078029836365403,0.0014174215841809418,0.0025070250924713643,0.99139909966844664,0.99950000000000006,44.433770739854893
4f (m=+0),4,3,0,955,35.361875880467856,2.210117242529241,0.0014087818669087191,0.0024817503790123059,0.99149146221243523,0.99950000000000006,44.433770739854893
4f (m=+0),4,3,0,956,35.398904022751069,2.2124315014219418,0.0014001902061876966,0.0024567089243944032,0.99158289319930848,0.99950000000000006,44.433770739854893
4f (m=+0),4,3,0,957,35.435932165034281,2.2147457603146425,0.0013916463748598312,0.0024318988566778828,0.99167340123155068,0.99950000000000006,44.433770739854893
4f (m=+0),4,3,0,958,35.472960307317493,2.2170600192073433,0.0013831501464771916,0.0024073183152709646,0.99176299484254182,0.99950000000000006,44.433770739854893
4f (m=+0),4,3,0,959,35.509988449600705,2.2193742781000441,0.0013747012953033977,0.0023829654509113919,0.99185168249697742,0.99950000000000006,44.433770739854893
4f (m=+0),4,3,0,960,35.547016591883917,2.2216885369927448,0.0013662995963150174,0.0023588384256471883,0.99193947259128756,0.99950000000000006,44.433770739854893
4f (m=+0),4,3,0,961,35.584044734167129,2.2240027958854456,0.0013579448252029067,0.0023349354128166001,0.99202637345405553,0.99950000000000006,44.433770739854893
4f (m=+0),4,3,0,962,35.621072876450341,2.2263170547781463,0.0013496367583735029,0.0023112545970272675,0.9921123933464352,0.99950000000000006,44.433770739854893
4f (m=+0),4,3,0,963,35.658101018733554,2.2286313136708471,0.001341375172950068,0.0022877941741346391,0.99219754046256825,0.99950000000000006,44.433770739854893
4f (m=+0),4,3,0,964,35.695129161016766,2.2309455725635479,0.0013331598467738869,0.0022645523512196467,0.99228182292999989,0.99950000000000006,44.433770739854893
4f (m=+0),4,3,0,965,35.732157303299978,2.2332598314562486,0.0013249905584054127,0.0022415273465656331,0.99236524881009447,0.99950000000000006,44.433770739854893
4f (m=+0),4,3,0,966,35.76918544558319,2.2355740903489494,0.001316867087125369,0.0022187173896345814,0.9924478260984495,0.99950000000000006,44.433770739854893
4f (m=+0),4,3,0,967,35.806213587866402,2.2378883492416501,0.0013087892129358032,0.0021961207210426312,0.99252956272530923,0.99950000000000006,44.433770739854893
4f (m=+0),4,3,0,968,35.843241730149614,2.2402026081343509,0.0013007567165610936,0.002173735592534907,0.9926104665559774,0.99950000000000006,44.433770739854893
4f (m=+0),4,3,0,969,35.880269872432827,2.2425168670270517,0.0012927693794489122,0.0021515602669596838,0.99269054539122858,0.99950000000000006,44.433770739854893
4f (m=+0),4,3,0,970,35.917298014716039,2.2448311259197524,0.0012848269837711401,0.0021295930182418793,0.99276980696771888,0.99950000000000006,44.433770739854893
4f (m=+0),4,3,0,971,35.954326156999251,2.2471453848124532,0.0012769293124247402,0.0021078321313559118,0.99284825895839579,0.99950000000000006,44.433770739854893
4f (m=+0),4,3,0,972,35.991354299282463,2.2494596437051539,0.0012690761490325845,0.0020862759022979198,0.99292590897290645,0.99950000000000006,44.433770739854893
4f (m=+0),4,3,0,973,36.028382441565675,2.2517739025978547,0.0012612672779442381,0.0020649226380573642,0.99300276455800551,0.99950000000000006,44.433770739854893
4f (m=+0),4,3,0,974,36.065410583848887,2.2540881614905555,0.0012535024842366984,0.0020437706565880217,0.99307883319796164,0.99950000000000006,44.433770739854893
4f (m=+0),4,3,0,975,36.1024387261321,2.2564024203832562,0.0012457815537150953,0.0020228182867784001,0.99315412231496281,0.99950000000000006,44.433770739854893
4f (m=+0),4,3,0,976,36.139466868415312,2.258716679275957,0.0012381042729133443,0.0020020638684215509,0.99322863926952076,0.99950000000000006,44.433770739854893
4f (m=+0),4,3,0,977,36.176495010698524,2.2610309381686577,0.0012304704290947617,0.0019815057521843384,0.99330239136087417,0.99950000000000006,44.433770739854893
4f (m=+0),4,3,0,978,36.213523152981736,2.2633451970613585,0.0012228798102526355,0.0019611422995761399,0.99337538582739082,0.99950000000000006,44.433770739854893
4f (m=+0),4,3,0,979,36.250551295264948,2.2656594559540593,0.0012153322051107584,0.001940971882917015,0.99344762984696822,0.99950000000000006,44.433770739854893
4f (m=+0),4,3,0,980,36.28757943754816,2.26797371484676,0.001207827403123918,0.0019209928853053378,0.99351913053743346,0.99950000000000006,44.433770739854893
4f (m=+0),4,3,0,981,36.324607579831373,2.2702879737394608,0.001200365194478348,0.001901203700584921,0.99358989495694183,0.99950000000000006,44.433770739854893
4f (m=+0),4,3,0,982,36.361635722114592,2.272602232632162,0.0011929453700921387,0.0018816027333116235,0.99365993010437392,0.99950000000000006,44.433770739854893
4f (m=+0),4,3,0,983,36.398663864397804,2.2749164915248627,0.0011855677216156147,0.0018621883987194915,0.99372924291973164,0.99950000000000006,44.433770739854893
4f (m=+0),4,3,0,984,36.435692006681016,2.2772307504175635,0.0011782320414316625,0.0018429591226863835,0.99379784028453311,0.99950000000000006,44.433770739854893
4f (m=+0),4,3,0,985,36.472720148964228,2.2795450093102643,0.0011709381226560291,0.0018239133416991507,0.99386572902220593,0.99950000000000006,44.433770739854893
4f (m=+0),4,3,0,986,36.50974829124744,2.281859268202965,0.0011636857591375822,0.0018050495028183603,0.99393291589847954,0.99950000000000006,44.433770739854893
4f (m=+0),4,3,0,987,36.546776433530653,2.2841735270956658,0.0011564747454585291,0.0017863660636425599,0.99399940762177608,0.99950000000000006,44.433770739854893
4f (m=+0),4,3,0,988,36.583804575813865,2.2864877859883666,0.0011493048769346029,0.001767861492272124,0.99406521084359978,0.99950000000000006,44.433770739854893
4f (m=+0),4,3,0,989,36.620832718097077,2.2888020448810673,0.0011421759496152092,0.0017495342672726596,0.99413033215892521,0.99950000000000006,44.433770739854893
4f (m=+0),4,3,0,990,36.657860860380289,2.2911163037737681,0.0011350877602835396,0.0017313828776380148,0.99419477810658408,0.99950000000000006,44.433770739854893
4f (m=+0),4,3,0,991,36.694889002663501,2.2934305626664688,0.001128040106456648,0.0017134058227528787,0.99425855516965089,0.99950000000000006,44.433770739854893
4f (m=+0),4,3,0,992,36.731917144946713,2.2957448215591696,0.0011210327863854922,0.0016956016123549883,0.9943216697758267,0.99950000000000006,44.433770739854893
4f (m=+0),4,3,0,993,36.768945287229926,2.2980590804518704,0.0011140655990549424,0.0016779687664969652,0.99438412829782197,0.99950000000000006,44.433770739854893
4f (m=+0),4,3,0,994,36.805973429513138,2.3003733393445711,0.0011071383441837526,0.0016605058155077729,0.99444593705373763,0.99950000000000006,44.433770739854893
4f (m=+0),4,3,0,995,36.84300157179635,2.3026875982372719,0.0011002508222245008,0.0016432112999538167,0.99450710230744499,0.99950000000000006,44.433770739854893
4f (m=+0),4,3,0,996,36.880029714079562,2.3050018571299726,0.0010934028343634954,0.0016260837705997018,0.99456763026896411,0.99950000000000006,44.433770739854893
4f (m=+0),4,3,0,997,36.917057856362774,2.3073161160226734,0.0010865941825206479,0.0016091217883686434,0.99462752709484059,0.99950000000000006,44.433770739854893
4f (m=+0),4,3,0,998,36.954085998645986,2.3096303749153742,0.0010798246693493132,0.0015923239243025534,0.99468679888852096,0.99950000000000006,44.433770739854893
4f (m=+0),4,3,0,999,36.991114140929199,2.3119446338080749,0.0010730940982360989,0.001575688759521805,0.99474545170072681,0.99950000000000006,44.433770739854893
4f (m=+0),4,3,0,1000,37.028142283212411,2.3142588927007757,0.0010664022733006407,0.0015592148851846887,0.99480349152982694,0.99950000000000006,44.433770739854893
4f (m=+0),4,3,0,1001,37.065170425495623,2.3165731515934764,0.0010597489993953494,0.0015429009024465693,0.99486092432220863,0.99950000000000006,44.433770739854893
4f (m=+0),4,3,0,1002,37.102198567778835,2.3188874104861772,0.0010531340821051244,0.001526745422418752,0.99491775597264676,0.99950000000000006,44.433770739854893
4f (m=+0),4,3,0,1003,37.139226710062047,2.321201669378878,0.0010465573277470383,0.0015107470661270648,0.99497399232467176,0.99950000000000006,44.433770739854893
4f (m=+0),4,3,0,1004,37.176254852345259,2.3235159282715787,0.0010400185433699907,0.0014949044644701735,0.99502963917093612,0.99950000000000006,44.433770739854893
4f (m=+0),4,3,0,1005,37.213282994628472,2.3258301871642795,0.0010335175367543325,0.0014792162581776292,0.99508470225357892,0.99950000000000006,44.433770739854893
4f (m=+0),4,3,0,1006,37.250311136911684,2.3281444460569802,0.0010270541164114598,0.0014636810977676623,0.99513918726458939,0.99950000000000006,44.433770739854893
4f (m=+0),4,3,0,1007,37.287339279194896,2.330458704949681,0.0010206280915833811,0.0014482976435047348,0.99519309984616811,0.99950000000000006,44.433770739854893
4f (m=+0),4,3,0,1008,37.324367421478108,2.3327729638423818,0.0010142392722422534,0.0014330645653568516,0.99524644559108766,0.99950000000000006,44.433770739854893
4f (m=+0),4,3,0,1009,37.36139556376132,2.3350872227350825,0.0010078874690898924,0.0014179805429526471,0.99529923004305088,0.99950000000000006,44.433770739854893
4f (m=+0),4,3,0,1010,37.398423706044539,2.3374014816277837,0.0010015724935572509,0.0014030442655382442,0.99535145869704755,0.99950000000000006,44.433770739854893
4f (m=+0),4,3,0,1011,37.435451848327752,2.3397157405204845,0.00099529415780387834,0.0013882544319339237,0.99540313699971006,0.99950000000000006,44.433770739854893
4f (m=+0),4,3,0,1012,37.472479990610964,2.3420299994131852,0.00098905227471734005,0.0013736097504905556,0.99545427034966694,0.99950000000000006,44.433770739854893
4f (m=+0),4,3,0,1013,37.509508132894176,2.344344258305886,0.00098284665791262141,0.0013591089390458675,0.99550486409789496,0.99950000000000006,44.433770739854893
4f (m=+0),4,3,0,1014,37.546536275177388,2.3466585171985868,0.00097667712173149968,0.0013447507248805074,0.99555492354806985,0.99950000000000006,44.433770739854893
4f (m=+0),4,3,0,1015,37.5835644174606,2.3489727760912875,0.0009705434812418924,0.0013305338446739378,0.99560445395691466,0.99950000000000006,44.433770739854893
4f (m=+0),4,3,0,1016,37.620592559743812,2.3512870349839883,0.00096444555223717838,0.0013164570444601507,0.99565346053454729,0.99950000000000006,44.433770739854893
4f (m=+0),4,3,0,1017,37.657620702027025,2.353601293876689,0.00095838315123549303,0.00130251907958322,0.99570194844482596,0.99950000000000006,44.433770739854893
4f (m=+0),4,3,0,1018,37.694648844310237,2.3559155527693898,0.00095235609547900135,0.0012887187146527028,0.9957499228056933,0.99950000000000006,44.433770739854893
4f (m=+0),4,3,0,1019,37.731676986593449,2.3582298116620906,0.00094636420293314316,0.0012750547234988863,0.99579738868951817,0.99950000000000006,44.433770739854893
4f (m=+0),4,3,0,1020,37.768705128876661,2.3605440705547913,0.00094040729228585512,0.0012615258891278921,0.99584435112343672,0.99950000000000006,44.433770739854893
4f (m=+0),4,3,0,1021,37.805733271159873,2.3628583294474921,0.00093448518294677078,0.0012481310036766547,0.99589081508969113,0.99950000000000006,44.433770739854893
4f (m=+0),4,3,0,1022,37.842761413443085,2.3651725883401928,0.00092859769504639303,0.0012348688683677608,0.99593678552596676,0.99950000000000006,44.433770739854893
4f (m=+0),4,3,0,1023,37.879789555726298,2.3674868472328936,0.00092274464943524666,0.0012217382934641776,0.99598226732572792,0.99950000000000006,44.433770739854893
4f (m=+0),4,3,0,1024,37.91681769800951,2.3698011061255944,0.00091692586768300603,0.0012087380982238609,0.99602726533855168,0.99950000000000006,44.433770739854893
4f (m=+0),4,3,0,1025,37.953845840292722,2.3721153650182951,0.00091114117207760149,0.001195867110854263,0.99607178437046007,0.99950000000000006,44.433770739854893
4f (m=+0),4,3,0,1026,37.990873982575934,2.3744296239109959,0.00090539038562430089,0.0011831241684667323,0.99611582918425068,0.99950000000000006,44.433770739854893
4f (m=+0),4,3,0,1027,38.027902124859146,2.3767438828036966,0.00089967333204477376,0.0011705081170308297,0.99615940449982554,0.99950000000000006,44.433770739854893
4f (m=+0),4,3,0,1028,38.064930267142358,2.3790581416963974,0.00089398983577612722,0.0011580178113285446,0.99620251499451828,0.99950000000000006,44.433770739854893
4f (m=+0),4,3,0,1029,38.101958409425571,2.3813724005890982,0.00088833972196992799,0.0011456521149084463,0.99624516530341944,0.99950000000000006,44.433770739854893
4f (m=+0),4,3,0,1030,38.138986551708783,2.3836866594817989,0.00088272281649119546,0.0011334099000397415,0.99628736001970031,0.99950000000000006,44.433770739854893
4f (m=+0),4,3,0,1031,38.176014693991995,2.3860009183744997,0.0008771389459173815,0.0011212900476662846,0.9963291036949351,0.99950000000000006,44.433770739854893
4f (m=+0),4,3,0,1032,38.213042836275207,2.3883151772672004,0.00087158793753732409,0.001109291447360507,0.99637040083942119,0.99950000000000006,44.433770739854893
4f (m=+0),4,3,0,1033,38.250070978558419,2.3906294361599012,0.00086606961935018422,0.0010974129972773031,0.99641125592249769,0.99950000000000006,44.433770739854893
4f (m=+0),4,3,0,1034,38.287099120841631,2.392943695052602,0.00086058382006436011,0.0010856536041078555,0.99645167337286256,0.99950000000000006,44.433770739854893
4f (m=+0),4,3,0,1035,38.324127263124844,2.3952579539453027,0.000855130369096386,0.0010740121830334272,0.9964916575788878,0.99950000000000006,44.433770739854893
4f (m=+0),4,3,0,1036,38.361155405408056,2.3975722128380035,0.00084970909656980665,0.0010624876576791019,0.99653121288893276,0.99950000000000006,44.433770739854893
4f (m=+0),4,3,0,1037,38.398183547691268,2.3998864717307042,0.00084431983331403622,0.0010510789600674992,0.9965703436116562,0.99950000000000006,44.433770739854893
4f (m=+0),4,3,0,1038,38.43521168997448,2.402200730623405,0.00083896241086319867,0.001039785030572462,0.99660905401632638,0.99950000000000006,44.433770739854893
4f (m=+0),4,3,0,1039,38.472239832257699,2.4045149895161062,0.00083363666145494562,0.0010286048178727114,0.99664734833312907,0.99950000000000006,44.433770739854893
4f (m=+0),4,3,0,1040,38.509267974540911,2.406829248408807,0.00082834241802926553,0.0010175372789055063,0.9966852307534747,0.99950000000000006,44.433770739854893
4f (m=+0),4,3,0,1041,38.546296116824124,2.4091435073015077,0.00082307951422725995,0.0010065813788202559,0.99672270543030295,0.99950000000000006,44.433770739854893
4f (m=+0),4,3,0,1042,38.583324259107336,2.4114577661942085,0.00081784778438991784,0.00099573609093216078,0.99675977647838598,0.99950000000000006,44.433770739854893
4f (m=+0),4,3,0,1043,38.620352401390548,2.4137720250869092,0.00081264706355686268,0.00098500039667583105,0.9967964479746303,0.99950000000000006,44.433770739854893
4f (m=+0),4,3,0,1044,38.65738054367376,2.41608628397961,0.00080747718746508644,0.0009743732855589124,0.99683272395837619,0.99950000000000006,44.433770739854893
4f (m=+0),4,3,0,1045,38.694408685956972,2.4184005428723108,0.00080233799254766567,0.00096385375511572123,0.99686860843169578,0.99950000000000006,44.433770739854893
4f (m=+0),4,3,0,1046,38.731436828240184,2.4207148017650115,0.00079722931593246226,0.00095344081086089336,0.99690410535968965,0.99950000000000006,44.433770739854893
4f (m=+0),4,3,0,1047,38.768464970523397,2.4230290606577123,0.00079215099544080621,0.00094313346624304414,0.99693921867078128,0.99950000000000006,44.433770739854893
4f (m=+0),4,3,0,1048,38.805493112806609,2.425343319550413,0.00078710286958616417,0.00093293074259845864,0.99697395225701002,0.99950000000000006,44.433770739854893
4f (m=+0),4,3,0,1049,38.842521255089821,2.4276575784431138,0.0007820847775727918,0.00092283166910480155,0.99700830997432222,0.99950000000000006,44.433770739854893
4f (m=+0),4,3,0,1050,38.879549397373033,2.4299718373358146,0.00077709655929436984,0.00091283528273486099,0.99704229564286084,0.99950000000000006,44.433770739854893
4f (m=+0),4,3,0,1051,38.916577539656245,2.4322860962285153,0.00077213805533262662,0.00090294062821032694,0.99707591304725329,0.99950000000000006,44.433770739854893
4f (m=+0),4,3,0,1052,38.953605681939457,2.4346003551212161,0.00076720910695594435,0.00089314675795560902,0.99710916593689736,0.99950000000000006,44.433770739854893
4f (m=+0),4,3,0,1053,38.99063382422267,2.4369146140139168,0.00076230955611795103,0.00088345273205169732,0.99714205802624545,0.99950000000000006,44.433770739854893
4f (m=+0),4,3,0,1054,39.027661966505882,2.4392288729066176,0.00075743924545609962,0.00087385761819007391,0.99717459299508771,0.99950000000000006,44.433770739854893
4f (m=+0),4,3,0,1055,39.064690108789094,2.4415431317993184,0.0007525980182902293,0.00086436049162666971,0.99720677448883244,0.99950000000000006,44.433770739854893
4f (m=+0),4,3,0,1056,39.101718251072306,2.4438573906920191,0.00074778571862111752,0.00085496043513588543,0.99723860611878579,0.99950000000000006,44.433770739854893
4f (m=+0),4,3,0,1057,39.138746393355518,2.4461716495847199,0.00074300219112901484,0.00084565653896466605,0.99727009146242895,0.99950000000000006,44.433770739854893
4f (m=+0),4,3,0,1058,39.17577453563873,2.4484859084774206,0.00073824728117216762,0.00083644790078663987,0.99730123406369409,0.99950000000000006,44.433770739854893
4f (m=+0),4,3,0,1059,39.212802677921943,2.4508001673701214,0.0007335208347853283,0.00082733362565632837,0.99733203743323873,0.99950000000000006,44.433770739854893
4f (m=+0),4,3,0,1060,39.249830820205155,2.4531144262628222,0.00072882269867825095,0.00081831282596342121,0.99736250504871793,0.99950000000000006,44.433770739854893
4f (m=+0),4,3,0,1061,39.286858962488367,2.4554286851555229,0.00072415272023417616,0.00080938462138713089,0.99739264035505515,0.99950000000000006,44.433770739854893
4f (m=+0),4,3,0,1062,39.323887104771579,2.4577429440482237,0.00071951074750830149,0.00080054813885062186,0.99742244676471137,0.99950000000000006,44.433770739854893
4f (m=+0),4,3,0,1063,39.360915247054791,2.4600572029409244,0.00071489662922624144,0.00079180251247552348,0.99745192765795243,0.99950000000000006,44.433770739854893
4f (m=+0),4,3,0,1064,39.397943389338003,2.4623714618336252,0.00071031021478247438,0.00078314688353652668,0.99748108638311461,0.99950000000000006,44.433770739854893
4f (m=+0),4,3,0,1065,39.434971531621215,2.464685720726326,0.00070575135423877732,0.00077458040041606746,0.99750992625686896,0.99950000000000006,44.433770739854893
4f (m=+0),4,3,0,1066,39.471999673904428,2.4669999796190267,0.00070121989832265064,0.00076610221855910523,0.99753845056448331,0.99950000000000006,44.433770739854893
4f (m=+0),4,3,0,1067,39.509027816187647,2.4693142385117279,0.00069671569842572935,0.00075771150042799103,0.99756666256008319,0.99950000000000006,44.433770739854893
4f (m=+0),4,3,0,1068,39.546055958470859,2.4716284974044287,0.00069223860660218739,0.00074940741545744232,0.99759456546691072,0.99950000000000006,44.433770739854893
4f (m=+0),4,3,0,1069,39.583084100754071,2.4739427562971295,0.0006877884755671236,0.00074118914000960304,0.99762216247758206,0.99950000000000006,44.433770739854893
4f (m=+0),4,3,0,1070,39.620112243037283,2.4762570151898302,0.00068336515869494468,0.00073305585732922306,0.99764945675434291,0.99950000000000006,44.433770739854893
4f (m=+0),4,3,0,1071,39.657140385320496,2.478571274082531,0.00067896851001773319,0.00072500675749893558,0.99767645142932271,0.99950000000000006,44.433770739854893
4f (m=+0),4,3,0,1072,39.694168527603708,2.4808855329752317,0.00067459838422360746,0.00071704103739464768,0.99770314960478701,0.99950000000000006,44.433770739854893
4f (m=+0),4,3,0,1073,39.73119666988692,2.4831997918679325,0.00067025463665506917,0.00070915790064103904,0.99772955435338784,0.99950000000000006,44.433770739854893
4f (m=+0),4,3,0,1074,39.768224812170132,2.4855140507606333,0.00066593712330734406,0.00070135655756718175,0.99775566871841337,0.99950000000000006,44.433770739854893
4f (m=+0),4,3,0,1075,39.805252954453344,2.487828309653334,0.00066164570082670969,0.00069363622516227053,0.99778149571403485,0.99950000000000006,44.433770739854893
4f (m=+0),4,3,0,1076,39.842281096736556,2.4901425685460348,0.00065738022650881631,0.00068599612703147911,0.99780703832555262,0.99950000000000006,44.433770739854893
4f (m=+0),4,3,0,1077,39.879309239019769,2.4924568274387355,0.00065314055829699812,0.00067843549335193842,0.99783229950964025,0.99950000000000006,44.433770739854893
4f (m=+0),4,3,0,1078,39.916337381302981,2.4947710863314363,0.00064892655478057334,0.00067095356082883537,0.99785728219458703,0.99950000000000006,44.433770739854893
4f (m=+0),4,3,0,1079,39.953365523586193,2.4970853452241371,0.00064473807519313813,0.00066354957265164511,0.99788198928053895,0.99950000000000006,44.433770739854893
4f (m=+0),4,3,0,1080,39.990393665869405,2.4993996041168378,0.00064057497941085091,0.00065622277845049182,0.99790642363973803,0.99950000000000006,44.433770739854893
4f (m=+0),4,3,0,1081,40.027421808152617,2.5017138630095386,0.00063643712795070722,0.00064897243425263921,0.99793058811675972,0.99950000000000006,44.433770739854893
4f (m=+0),4,3,0,1082,40.064449950435829,2.5040281219022393,0.00063232438196880692,0.00064179780243911791,0.99795448552874932,0.99950000000000006,44.433770739854893
4f (m=+0),4,3,0,1083,40.101478092719042,2.5063423807949401,0.00062823660325861538,0.00063469815170149203,0.99797811866565622,0.99950000000000006,44.433770739854893
4f (m=+0),4,3,0,1084,40.138506235002254,2.5086566396876409,0.00062417365424921188,0.00062767275699875786,0.99800149029046703,0.99950000000000006,44.433770739854893
4f (m=+0),4,3,0,1085,40.175534377285466,2.5109708985803416,0.0006201353980035359,0.00062072089951439196,0.99802460313943642,0.99950000000000006,44.433770739854893
4f (m=+0),4,3,0,1086,40.212562519568678,2.5132851574730424,0.00061612169821662142,0.0006138418666135349,0.99804745992231725,0.99950000000000006,44.433770739854893
4f (m=+0),4,3,0,1087,40.24959066185189,2.5155994163657431,0.00061213241921382667,0.00060703495180032649,0.99807006332258852,0.99950000000000006,44.433770739854893
4f (m=+0),4,3,0,1088,40.286618804135102,2.5179136752584439,0.00060816742594905517,0.00060029945467538306,0.99809241599768173,0.99950000000000006,44.433770739854893
4f (m=+0),4,3,0,1089,40.323646946418314,2.5202279341511447,0.00060422658400297068,0.00059363468089342725,0.99811452057920602,0.99950000000000006,44.433770739854893
4f (m=+0),4,3,0,1090,40.360675088701527,2.5225421930438454,0.00060030975958120375,0.00058703994212106446,0.99813637967317159,0.99950000000000006,44.433770739854893
4f (m=+0),4,3,0,1091,40.397703230984739,2.5248564519365462,0.00059641681951255483,0.00058051455599471865,0.99815799586021137,0.99950000000000006,44.433770739854893
4f (m=+0),4,3,0,1092,40.434731373267951,2.5271707108292469,0.00059254763124718659,0.00057405784607871414,0.99817937169580151,0.99950000000000006,44.433770739854893
4f (m=+0),4,3,0,1093,40.471759515551163,2.5294849697219477,0.00058870206285481323,0.00056766914182351932,0.9982005097104798,0.99950000000000006,44.433770739854893
4f (m=+0),4,3,0,1094,40.508787657834375,2.5317992286146485,0.00058487998302288278,0.00056134777852414621,0.99822141241006324,0.99950000000000006,44.433770739854893
4f (m=+0),4,3,0,1095,40.545815800117587,2.5341134875073492,0.00058108126105475225,0.00055509309727870874,0.9982420822758632,0.99950000000000006,44.433770739854893
4f (m=+0),4,3,0,1096,40.582843942400807,2.5364277464000504,0.00057730576686785813,0.00054890444494714089,0.99826252176490016,0.99950000000000006,44.433770739854893
4f (m=+0),4,3,0,1097,40.619872084684019,2.5387420052927512,0.00057355337099188291,0.00054278117411008344,0.99828273331011563,0.99950000000000006,44.433770739854893
4f (m=+0),4,3,0,1098,40.656900226967231,2.5410562641854519,0.00056982394456691048,0.0005367226430279216,0.99830271932058379,0.99950000000000006,44.433770739854893
4f (m=+0),4,3,0,1099,40.693928369250443,2.5433705230781527,0.00056611735934158252,0.00053072821560000113,0.99832248218172059,0.99950000000000006,44.433770739854893
4f (m=+0),4,3,0,1100,40.730956511533655,2.5456847819708535,0.00056243348767124625,0.00052479726132400326,0.99834202425549212,0.99950000000000006,44.433770739854893
4f (m=+0),4,3,0,1101,40.767984653816868,2.5479990408635542,0.00055877220251609766,0.00051892915525548935,0.99836134788062103,0.99950000000000006,44.433770739854893
4f (m=+0),4,3,0,1102,40.80501279610008,2.550313299756255,0.00055513337743932087,0.00051312327796761614,0.99838045537279163,0.99950000000000006,44.433770739854893
4f (m=+0),4,3,0,1103,40.842040938383292,2.5526275586489557,0.00055151688660522115,0.00050737901551101735,0.99839934902485328,0.99950000000000006,44.433770739854893
4f (m=+0),4,3,0,1104,40.879069080666504,2.5549418175416565,0.00054792260477735456,0.00050169575937386178,0.99841803110702265,0.99950000000000006,44.433770739854893
4f (m=+0),4,3,0,1105,40.916097222949716,2.5572560764343573,0.00054435040731665293,0.00049607290644207989,0.99843650386708438,0.99950000000000006,44.433770739854893
4f (m=+0),4,3,0,1106,40.953125365232928,2.559570335327058,0.00054080017017954442,0.0004905098589597669,0.99845476953059009,0.99950000000000006,44.433770739854893
4f (m=+0),4,3,0,1107,40.990153507516141,2.5618845942197588,0.00053727176991607,0.00048500602448975995,0.99847283030105605,0.99950000000000006,44.433770739854893
4f (m=+0),4,3,0,1108,41.027181649799353,2.5641988531124595,0.00053376508366799501,0.00047956081587438825,0.99849068836015942,0.99950000000000006,44.433770739854893
4f (m=+0),4,3,0,1109,41.064209792082565,2.5665131120051603,0.00053027998916691963,0.0004741736511964075,0.99850834586793302,0.99950000000000006,44.433770739854893
4f (m=+0),4,3,0,1110,41.101237934365777,2.5688273708978611,0.00052681636473238117,0.00046884395374010174,0.99852580496295862,0.99950000000000006,44.433770739854893
4f (m=+0),4,3,0,1111,41.138266076648989,2.5711416297905618,0.00052337408926995835,0.0004635711519525756,0.99854306776255897,0.99950000000000006,44.433770739854893
4f (m=+0),4,3,0,1112,41.175294218932201,2.5734558886832626,0.00051995304226936604,0.00045835467940521433,0.99856013636298802,0.99950000000000006,44.433770739854893
4f (m=+0),4,3,0,1113,41.212322361215413,2.5757701475759633,0.00051655310380255249,0.00045319397475533527,0.99857701283962019,0.99950000000000006,44.433770739854893
4f (m=+0),4,3,0,1114,41.249350503498626,2.5780844064686641,0.00051317415452178906,0.00044808848170801269,0.99859369924713781,0.99950000000000006,44.433770739854893
4f (m=+0),4,3,0,1115,41.286378645781838,2.5803986653613649,0.0005098160756577592,0.00044303764897808825,0.99861019761971748,0.99950000000000006,44.433770739854893
4f (m=+0),4,3,0,1116,41.32340678806505,2.5827129242540656,0.00050647874901764357,0.00043804093025236418,0.99862650997121472,0.99950000000000006,44.433770739854893
4f (m=+0),4,3,0,1117,41.360434930348262,2.5850271831467664,0.00050316205698320313,0.00043309778415197894,0.99864263829534738,0.99950000000000006,44.433770739854893
4f (m=+0),4,3,0,1118,41.397463072631474,2.5873414420394671,0.00049986588250885869,0.00042820767419496798,0.99865858456587786,0.99950000000000006,44.433770739854893
4f (m=+0),4,3,0,1119,41.434491214914686,2.5896557009321679,0.00049659010911976844,0.00042337006875900848,0.99867435073679356,0.99950000000000006,44.433770739854893
4f (m=+0),4,3,0,1120,41.471519357197899,2.5919699598248687,0.0004933346209099039,0.00041858444104435176,0.99868993874248602,0.99950000000000006,44.433770739854893
4f (m=+0),4,3,0,1121,41.508547499481111,2.5942842187175694,0.00049009930254012091,0.00041385026903693699,0.99870535049792919,0.99950000000000006,44.433770739854893
4f (m=+0),4,3,0,1122,41.545575641764323,2.5965984776102702,0.00048688403923623246,0.00040916703547169838,0.99872058789885565,0.99950000000000006,44.433770739854893
4f (m=+0),4,3,0,1123,41.582603784047535,2.5989127365029709,0.00048368871678707552,0.00040453422779605238,0.99873565282193177,0.99950000000000006,44.433770739854893
4f (m=+0),4,3,0,1124,41.619631926330754,2.6012269953956721,0.0004805132215425784,0.00039995133813357735,0.99875054712493183,0.99950000000000006,44.433770739854893
4f (m=+0),4,3,0,1125,41.656660068613967,2.6035412542883729,0.00047735744041182721,0.0003954178632478815,0.99876527264691006,0.99950000000000006,44.433770739854893
4f (m=+0),4,3,0,1126,41.693688210897179,2.6058555131810737,0.0004742212608611263,0.00039093330450665361,0.9987798312083721,0.99950000000000006,44.433770739854893
4f (m=+0),4,3,0,1127,41.730716353180391,2.6081697720737744,0.00047110457091206141,0.0003864971678459088,0.99879422461144485,0.99950000000000006,44.433770739854893
4f (m=+0),4,3,0,1128,41.767744495463603,2.6104840309664752,0.00046800725913956023,0.00038210896373442162,0.99880845464004475,0.99950000000000006,44.433770739854893
4f (m=+0),4,3,0,1129,41.804772637746815,2.6127982898591759,0.00046492921466995086,0.00037776820713834766,0.99882252306004515,0.99950000000000006,44.433770739854893
4f (m=+0),4,3,0,1130,41.841800780030027,2.6151125487518767,0.0004618703271790193,0.00037347441748603565,0.99883643161944202,0.99950000000000006,44.433770739854893
4f (m=+0),4,3,0,1131,41.87882892231324,2.6174268076445775,0.00045883048689006632,0.0003692271186330304,0.99885018204851872,0.99950000000000006,44.433770739854893
4f (m=+0),4,3,0,1132,41.915857064596452,2.6197410665372782,0.0004558095845719631,0.00036502583882726562,0.99886377606000909,0.99950000000000006,44.433770739854893
4f (m=+0),4,3,0,1133,41.952885206879664,2.622055325429979,0.0004528075115372055,0.00036087011067444688,0.99887721534925955,0.99950000000000006,44.433770739854893
4f (m=+0),4,3,0,1134,41.989913349162876,2.6243695843226797,0.00044982415963996811,0.00035675947110362638,0.99889050159438986,0.99950000000000006,44.433770739854893
4f (m=+0),4,3,0,1135,42.026941491446088,2.6266838432153805,0.00044685942127415778,0.00035269346133296907,0.99890363645645264,0.99950000000000006,44.433770739854893
4f (m=+0),4,3,0,1136,42.0639696337293,2.6289981021080813,0.00044391318937146544,0.00034867162683570779,0.99891662157959127,0.99950000000000006,44.433770739854893
4f (m=+0),4,3,0,1137,42.100997776012512,2.631312361000782,0.00044098535739941878,0.00034469351730629267,0.99892945859119697,0.99950000000000006,44.433770739854893
4f (m=+0),4,3,0,1138,42.138025918295725,2.6336266198934828,0.00043807581935943377,0.00034075868662673001,0.9989421491020648,0.99950000000000006,44.433770739854893
4f (m=+0),4,3,0,1139,42.175054060578937,2.6359408787861835,0.00043518446978486609,0.00033686669283311326,0.99895469470654752,0.99950000000000006,44.433770739854893
4f (m=+0),4,3,0,1140,42.212082202862149,2.6382551376788843,0.00043231120373906257,0.0003330170980823464,0.99896709698270914,0.99950000000000006,44.433770739854893
4f (m=+0),4,3,0,1141,42.249110345145361,2.6405693965715851,0.00042945591681341195,0.00032920946861905725,0.9989793574924769,0.99950000000000006,44.433770739854893
4f (m=+0),4,3,0,1142,42.286138487428573,2.6428836554642858,0.00042661850512539607,0.00032544337474270331,0.99899147778179198,0.99950000000000006,44.433770739854893
4f (m=+0),4,3,0,1143,42.323166629711785,2.6451979143569866,0.00042379886531664166,0.00032171839077487071,0.99900345938075885,0.99950000000000006,44.433770739854893
4f (m=+0),4,3,0,1144,42.360194771994998,2.6475121732496874,0.00042099689455097125,0.00031803409502676225,0.999015303803794,0.99950000000000006,44.433770739854893
4f (m=+0),4,3,0,1145,42.39722291427821,2.6498264321423881,0.00041821249051245482,0.00031439006976687804,0.99902701254977266,0.99950000000000006,44.433770739854893
4f (m=+0),4,3,0,1146,42.434251056561422,2.6521406910350889,0.00041544555140346251,0.00031078590118888903,0.99903858710217497,0.99950000000000006,44.433770739854893
4f (m=+0),4,3,0,1147,42.471279198844634,2.6544549499277896,0.00041269597594271648,0.00030722117937969935,0.99905002892923067,0.99950000000000006,44.433770739854893
4f (m=+0),4,3,0,1148,42.508307341127846,2.6567692088204904,0.00040996366336334462,0.00030369549828770237,0.99906133948406262,0.99950000000000006,44.433770739854893
4f (m=+0),4,3,0,1149,42.545335483411058,2.6590834677131912,0.0004072485134109337,0.00030020845569122618,0.99907252020482928,0.99950000000000006,44.433770739854893
4f (m=+0),4,3,0,1150,42.582363625694271,2.6613977266058919,0.00040455042634158464,0.00029675965316717173,0.99908357251486601,0.99950000000000006,44.433770739854893
4f (m=+0),4,3,0,1151,42.619391767977483,2.6637119854985927,0.00040186930291996701,0.00029334869605983994,0.99909449782282489,0.99950000000000006,44.433770739854893
4f (m=+0),4,3,0,1152,42.656419910260695,2.6660262443912934,0.00039920504441737573,0.00028997519344995136,0.99910529752281385,0.99950000000000006,44.433770739854893
4f (m=+0),4,3,0,1153,42.693448052543914,2.6683405032839946,0.00039655755260978759,0.00028663875812385431,0.99911597299453458,0.99950000000000006,44.433770739854893
4f (m=+0),4,3,0,1154,42.730476194827126,2.6706547621766954,0.00039392672977592151,0.00028333900654292741,0.99912652560341875,0.99950000000000006,44.433770739854893
4f (m=+0),4,3,0,1155,42.767504337110338,2.6729690210693962,0.00039131247869529483,0.00028007555881316492,0.99913695670076397,0.99950000000000006,44.433770739854893
4f (m=+0),4,3,0,1156,42.804532479393551,2.6752832799620969,0.00038871470264628606,0.00027684803865495907,0.99914726762386796,0.99950000000000006,44.433770739854893
4f (m=+0),4,3,0,1157,42.841560621676763,2.6775975388547977,0.00038613330540419611,0.00027365607337306793,0.99915745969616176,0.99950000000000006,44.433770739854893
4f (m=+0),4,3,0,1158,42.878588763959975,2.6799117977474984,0.00038356819123931148,0.00027049929382677346,0.99916753422734217,0.99950000000000006,44.433770739854893
4f (m=+0),4,3,0,1159,42.915616906243187,2.6822260566401992,0.00038101926491496948,0.00026737733440022904,0.99917749251350252,0.99950000000000006,44.433770739854893
4f (m=+0),4,3,0,1160,42.952645048526399,2.6845403155329,0.00037848643168562375,0.0002642898329729942,0.99918733583726294,0.99950000000000006,44.433770739854893
4f (m=+0),4,3,0,1161,42.989673190809611,2.6868545744256007,0.00037596959729491283,0.0002612364308907593,0.99919706546789888,0.99950000000000006,44.433770739854893
4f (m=+0),4,3,0,1162,43.026701333092824,2.6891688333183015,0.00037346866797372913,0.00025821677293625636,0.99920668266146928,0.99950000000000006,44.433770739854893
4f (m=+0),4,3,0,1163,43.063729475376036,2.6914830922110022,0.00037098355043829035,0.0002552305073003589,0.99921618866094308,0.99950000000000006,44.433770739854893
4f (m=+0),4,3,0,1164,43.100757617659248,2.693797351103703,0.00036851415188821285,0.00025227728555336825,0.99922558469632494,0.99950000000000006,44.433770739854893
4f (m=+0),4,3,0,1165,43.13778575994246,2.6961116099964038,0.00036606038000458631,0.0002493567626164864,0.99923487198477978,0.99950000000000006,44.433770739854893
4f (m=+0),4,3,0,1166,43.174813902225672,2.6984258688891045,0.00036362214294805072,0.00024646859673347585,0.99924405173075659,0.99950000000000006,44.433770739854893
4f (m=+0),4,3,0,1167,43.211842044508884,2.7007401277818053,0.00036119934935687544,0.0002436124494425049,0.99925312512611064,0.99950000000000006,44.433770739854893
4f (m=+0),4,3,0,1168,43.248870186792097,2.703054386674506,0.00035879190834504042,0.00024078798554817891,0.99926209335022509,0.99950000000000006,44.433770739854893
4f (m=+0),4,3,0,1169,43.285898329075309,2.7053686455672068,0.0003563997295003188,0.00023799487309375544,0.9992709575701314,0.99950000000000006,44.433770739854893
4f (m=+0),4,3,0,1170,43.322926471358521,2.7076829044599076,0.00035402272288236319,0.0002352327833335461,0.99927971894062873,0.99950000000000006,44.433770739854893
4f (m=+0),4,3,0,1171,43.359954613641733,2.7099971633526083,0.00035166079902079251,0.00023250139070549986,0.99928837860440223,0.99950000000000006,44.433770739854893
4f (m=+0),4,3,0,1172,43.396982755924945,2.7123114222453091,0.0003493138689132832,0.00022980037280397308,0.99929693769214079,0.99950000000000006,44.433770739854893
4f (m=+0),4,3,0,1173,43.434010898208157,2.7146256811380098,0.00034698184402366037,0.00022712941035267915,0.99930539732265289,0.99950000000000006,44.433770739854893
4f (m=+0),4,3,0,1174,43.47103904049137,2.7169399400307106,0.00034466463627999398,0.00022448818717782444,0.99931375860298233,0.99950000000000006,44.433770739854893
4f (m=+0),4,3,0,1175,43.508067182774582,2.7192541989234114,0.00034236215807269553,0.00022187639018142295,0.99932202262852265,0.99950000000000006,44.433770739854893
4f (m=+0),4,3,0,1176,43.545095325057794,2.7215684578161121,0.00034007432225261874,0.00021929370931479561,0.99933019048313032,0.99950000000000006,44.433770739854893
4f (m=+0),4,3,0,1177,43.582123467341006,2.7238827167088129,0.00033780104212916185,0.00021673983755224799,0.99933826323923713,0.99950000000000006,44.433770739854893
4f (m=+0),4,3,0,1178,43.619151609624218,2.7261969756015136,0.00033554223146837353,0.00021421447086493063,0.99934624195796196,0.99950000000000006,44.433770739854893
4f (m=+0),4,3,0,1179,43.65617975190743,2.7285112344942144,0.00033329780449106066,0.0002117173081948776,0.99935412768922094,0.99950000000000006,44.433770739854893
4f (m=+0),4,3,0,1180,43.693207894190643,2.7308254933869152,0.00033106767587090004,0.00020924805142922618,0.99936192147183722,0.99950000000000006,44.433770739854893
4f (m=+0),4,3,0,1181,43.730236036473862,2.7331397522796164,0.00032885176073255124,0.00020680640537461292,0.99936962433364929,0.99950000000000006,44.433770739854893
4f (m=+0),4,3,0,1182,43.767264178757074,2.7354540111723171,0.00032664997464977569,0.00020439207773175191,0.99937723729161887,0.99950000000000006,44.433770739854893
4f (m=+0),4,3,0,1183,43.804292321040286,2.7377682700650179,0.0003244622336435538,0.00020200477907018509,0.99938476135193743,0.99950000000000006,44.433770739854893
4f (m=+0),4,3,0,1184,43.841320463323498,2.7400825289577186,0.00032228845418020988,0.00019964422280321464,0.99939219751013209,0.99950000000000006,44.433770739854893
4f (m=+0),4,3,0,1185,43.87834860560671,2.7423967878504194,0.00032012855316953718,0.00019731012516300883,0.99939954675117026,0.99950000000000006,44.433770739854893
4f (m=+0),4,3,0,1186,43.915376747889923,2.7447110467431202,0.00031798244796292768,0.00019500220517588496,0.99940681004956389,0.99950000000000006,44.433770739854893
4f (m=+0),4,3,0,1187,43.952404890173135,2.7470253056358209,0.00031585005635150414,0.00019272018463776678,0.99941398836947204,0.99950000000000006,44.433770739854893
4f (m=+0),4,3,0,1188,43.989433032456347,2.7493395645285217,0.00031373129656425594,0.00019046378808981683,0.99942108266480345,0.99950000000000006,44.433770739854893
4f (m=+0),4,3,0,1189,44.026461174739559,2.7516538234212224,0.0003116260872661777,0.0001882327427942419,0.9994280938793173,0.99950000000000006,44.433770739854893
4f (m=+0),4,3,0,1190,44.063489317022771,2.7539680823139232,0.0003095343475564118,0.00018602677871027269,0.99943502294672382,0.99950000000000006,44.433770739854893
4f (m=+0),4,3,0,1191,44.100517459305983,2.756282341206624,0.00030745599696639398,0.00018384562847031534,0.99944187079078373,0.99950000000000006,44.433770739854893
4f (m=+0),4,3,0,1192,44.137545601589196,2.7585966000993247,0.00030539095545800232,0.00018168902735627476,0.99944863832540642,0.99950000000000006,44.433770739854893
4f (m=+0),4,3,0,1193,44.174573743872408,2.7609108589920255,0.00030333914342171007,0.00017955671327604973,0.99945532645474811,0.99950000000000006,44.433770739854893
4f (m=+0),4,3,0,1194,44.21160188615562,2.7632251178847262,0.00030130048167474138,0.00017744842674019759,0.99946193607330824,0.99950000000000006,44.433770739854893
4f (m=+0),4,3,0,1195,44.248630028438832,2.765539376777427,0.00029927489145923161,0.00017536391083877018,0.99946846806602585,0.99950000000000006,44.433770739854893
4f (m=+0),4,3,0,1196,44.285658170722044,2.7678536356701278,0.00029726229444038973,0.00017330291121831669,0.99947492330837417,0.99950000000000006,44.433770739854893
4f (m=+0),4,3,0,1197,44.322686313005256,2.7701678945628285,0.00029526261270466632,0.00017126517605905764,0.99948130266645518,0.99950000000000006,44.433770739854893
4f (m=+0),4,3,0,1198,44.359714455288469,2.7724821534555293,0.00029327576875792306,0.00016925045605222368,0.99948760699709294,0.99950000000000006,44.433770739854893
4f (m=+0),4,3,0,1199,44.396742597571681,2.77479641234823,0.0002913016855236082,0.00016725850437756415,0.99949383714792617,0.99950000000000006,44.433770739854893
4f (m=+0),4,3,0,1200,44.433770739854893,2.7771106712409308,0.00028934028634093427,0.00016528907668102001,0.99949999395749989,0.99950000000000006,44.433770739854893
5g (m=+0),5,4,0,0,0,0,0,0,0,0.99950000000000006,63.13889844821432
5g (m=+0),5,4,0,1,0.052615748706845267,0.0021046299482738108,2.5783466635525218e-11,1.840408060238514e-24,4.84172240077811e-26,0.99950000000000006,63.13889844821432
5g (m=+0),5,4,0,2,0.10523149741369053,0.0042092598965476217,4.0821705517750688e-10,1.8453289347821602e-21,4.8643516204999859e-23,0.99950000000000006,63.13889844821432
5g (m=+0),5,4,0,3,0.1578472461205358,0.006313889844821432,2.0449657366021743e-09,1.0419481079375674e-19,2.8383341886027806e-21,0.99950000000000006,63.13889844821432
5g (m=+0),5,4,0,4,0.21046299482738107,0.0084185197930952433,6.3954460007516014e-09,1.8117287024261091e-18,5.3242209245159078e-20,0.99950000000000006,63.13889844821432
5g (m=+0),5,4,0,5,0.26307874353422633,0.010523149741369054,1.545043611136e-08,1.6521634226917062e-17,5.3555401766601553e-19,0.99950000000000006,63.13889844821432
5g (m=+0),5,4,0,6,0.3156944922410716,0.012627779689642864,3.1702651079428874e-08,1.0016711646582673e-16,3.6053870093485775e-18,0.99950000000000006,63.13889844821432
5g (m=+0),5,4,0,7,0.36831024094791687,0.014732409637916674,5.811825866474672e-08,4.5819756447871063e-16,1.8294774879026384e-17,0.99950000000000006,63.13889844821432
5g (m=+0),5,4,0,8,0.42092598965476213,0.016837039586190487,9.8109313212919194e-08,1.7054223665510208e-15,7.5215016173117508e-17,0.99950000000000006,63.13889844821432
5g (m=+0),5,4,0,9,0.4735417383616074,0.018941669534464297,1.5550708462344876e-07,5.4227163389487629e-15,2.6274119361117452e-16,0.99950000000000006,63.13889844821432
5g (m=+0),5,4,0,10,0.52615748706845267,0.021046299482738107,2.34536260223348e-07,1.5228302705665531e-14,8.0602560790702521e-16,0.99950000000000006,63.13889844821432
5g (m=+0),5,4,0,11,0.57877323577529793,0.023150929431011918,3.3978999779064129e-07,3.8675689142532555e-14,2.2241250525973382e-15,0.99950000000000006,63.13889844821432
5g (m=+0),5,4,0,12,0.6313889844821432,0.025255559379285728,4.7620580843307449e-07,9.0403111452248126e-14,5.619913920335323e-15,0.99950000000000006,63.13889844821432
5g (m=+0),5,4,0,13,0.68400473318898847,0.027360189327559539,6.4904224847955807e-07,1.9708980006680239e-13,1.3183241314078154e-14,0.99950000000000006,63.13889844821432
5g (m=+0),5,4,0,14,0.73662048189583373,0.029464819275833349,8.638563999854786e-07,4.0492136381413194e-13,2.9020875372815499e-14,0.99950000000000006,63.13889844821432
5g (m=+0),5,4,0,15,0.789236230602679,0.031569449224107163,1.1264821198881595e-06,7.9042857646871166e-13,6.0467991410147801e-14,0.99950000000000006,63.13889844821432
5g (m=+0),5,4,0,16,0.84185197930952427,0.033674079172380973,1.4430090382756277e-06,1.4757390765262914e-12,1.2008604528893099e-13,0.99950000000000006,63.13889844821432
5g (m=+0),5,4,0,17,0.89446772801636953,0.035778709120654784,1.819762286650513e-06,2.6494679647209691e-12,2.2861147381191824e-13,0.99950000000000006,63.13889844821432
5g (m=+0),5,4,0,18,0.9470834767232148,0.037883339068928594,2.2632829374816262e-06,4.5946688728925975e-12,4.1918931553485636e-13,0.99950000000000006,63.13889844821432
5g (m=+0),5,4,0,19,0.99969922543006007,0.039987969017202404,2.7803091367385526e-06,7.7254695487667665e-12,7.4330596914864561e-13,0.99950000000000006,63.13889844821432
5g (m=+0),5,4,0,20,1.0523149741369053,0.042092598965476215,3.3777579114996927e-06,1.2634223066164267e-11,1.2789262043365581e-12,0.99950000000000006,63.13889844821432
5g (m=+0),5,4,0,21,1.1049307228437506,0.044197228913750025,4.0627076351116855e-06,2.0151215125163655e-11,2.141441392895917e-12,0.99950000000000006,63.13889844821432
5g (m=+0),5,4,0,22,1.1575464715505959,0.046301858862023836,4.8423811327581573e-06,3.1419177265238097e-11,3.4981487962593088e-12,0.99950000000000006,63.13889844821432
5g (m=+0),5,4,0,23,1.2101622202574411,0.048406488810297646,5.7241294106684527e-06,4.7985062935968835e-11,5.5871055706016503e-12,0.99950000000000006,63.13889844821432
5g (m=+0),5,4,0,24,1.2627779689642864,0.050511118758571456,6.7154159925625346e-06,7.1911746084838604e-11,8.7413357576973623e-12,0.99950000000000006,63.13889844821432
5g (m=+0),5,4,0,25,1.3153937176711317,0.052615748706845267,7.8238018472865766e-06,1.0591249815130455e-10,1.3419513632054156e-11,0.99950000000000006,63.13889844821432
5g (m=+0),5,4,0,26,1.3680094663779769,0.054720378655119077,9.0569308919454395e-06,1.5351128713065573e-10,2.0244401979541259e-11,0.99950000000000006,63.13889844821432
5g (m=+0),5,4,0,27,1.4206252150848222,0.056825008603392888,1.042251605518269e-05,2.1923211984210263e-10,3.0050488696247266e-11,0.99950000000000006,63.13889844821432
5g (m=+0),5,4,0,28,1.4732409637916675,0.058929638551666698,1.1928325885596871e-05,3.0882081398844247e-10,4.3942438931417439e-11,0.99950000000000006,63.13889844821432
5g (m=+0),5,4,0,29,1.5258567124985127,0.061034268499940508,1.3582171690614279e-05,4.2950273845654366e-10,6.3366162181312773e-11,0.99950000000000006,63.13889844821432
5g (m=+0),5,4,0,30,1.578472461205358,0.063138898448214326,1.5391895191463016e-05,5.9028019715370472e-10,9.0194483519111666e-11,0.99950000000000006,63.13889844821432
5g (m=+0),5,4,0,31,1.6310882099122033,0.065243528396488129,1.7365356680212232e-05,8.022732522316738e-10,1.2682960469596751e-10,0.99950000000000006,63.13889844821432
5g (m=+0),5,4,0,32,1.6837039586190485,0.067348158344761946,1.9510423665152234e-05,1.0791078856988789e-09,1.7632474328354378e-10,0.99950000000000006,63.13889844821432
5g (m=+0),5,4,0,33,1.7363197073258938,0.06945278829303575,2.1834959991097759e-05,1.4373554831984839e-09,2.4252754540748624e-10,0.99950000000000006,63.13889844821432
5g (m=+0),5,4,0,34,1.7889354560327391,0.071557418241309567,2.434681542149691e-05,1.8970276893255114e-09,3.3024807895641426e-10,0.99950000000000006,63.13889844821432
5g (m=+0),5,4,0,35,1.8415512047395843,0.073662048189583371,2.7053815669522092e-05,2.4821307296129127e-09,4.454544284155792e-10,0.99950000000000006,63.13889844821432
5g (m=+0),5,4,0,36,1.8941669534464296,0.075766678137857188,2.9963752865608605e-05,3.221283319725911e-09,5.9549912861113037e-10,0.99950000000000006,63.13889844821432
5g (m=+0),5,4,0,37,1.9467827021532749,0.077871308086130991,3.308437644918851e-05,4.1484022871025389e-09,7.8937989157980045e-10,0.99950000000000006,63.13889844821432
5g (m=+0),5,4,0,38,1.9993984508601201,0.079975938034404809,3.6423384472645127e-05,5.3034600140432601e-09,1.0380382974041961e-09,0.99950000000000006,63.13889844821432
5g (m=+0),5,4,0,39,2.0520141995669654,0.082080567982678612,3.9988415305785331e-05,6.7333177739955353e-09,1.3547003350719891e-09,0.99950000000000006,63.13889844821432
5g (m=+0),5,4,0,40,2.1046299482738107,0.08418519793095243,4.3787039729392478e-05,8.4926389745403827e-09,1.7552628921231196e-09,0.99950000000000006,63.13889844821432
5g (m=+0),5,4,0,41,2.1572456969806559,0.086289827879226233,4.7826753406684912e-05,1.0644886241530828e-08,2.2587305009429783e-09,0.99950000000000006,63.13889844821432
5g (m=+0),5,4,0,42,2.2098614456875012,0.08839445782750005,5.2114969721759688e-05,1.3263406179233892e-08,2.8877068539533435e-09,0.99950000000000006,63.13889844821432
5g (m=+0),5,4,0,43,2.2624771943943465,0.090499087775773854,5.6659012974352767e-05,1.6432605521575932e-08,3.6689457985760166e-09,0.99950000000000006,63.13889844821432
5g (m=+0),5,4,0,44,2.3150929431011917,0.092603717724047671,6.1466111920492389e-05,2.0249222250172861e-08,4.633966714649073e-09,0.99950000000000006,63.13889844821432
5g (m=+0),5,4,0,45,2.367708691808037,0.094708347672321475,6.6543393648862858e-05,2.4823695096322899e-08,5.8197393609428871e-09,0.99950000000000006,63.13889844821432
5g (m=+0),5,4,0,46,2.4203244405148823,0.096812977620595292,7.1897877782932582e-05,3.0281634667218548e-08,7.2694434525660561e-09,0.99950000000000006,63.13889844821432
5g (m=+0),5,4,0,47,2.4729401892217275,0.098917607568869095,7.7536470999130713e-05,3.6765399242040581e-08,9.0333083964205128e-09,0.99950000000000006,63.13889844821432
5g (m=+0),5,4,0,48,2.5255559379285728,0.10102223751714291,8.3465961851583964e-05,4.4435778072149198e-08,1.1169538766552209e-08,0.99950000000000006,63.13889844821432
5g (m=+0),5,4,0,49,2.5781716866354181,0.10312686746541672,8.9693015894146727e-05,5.3473784792164929e-08,1.374533124438512e-08,0.99950000000000006,63.13889844821432
5g (m=+0),5,4,0,50,2.6307874353422633,0.10523149741369053,9.6224171090675677e-05,6.4082563306273808e-08,1.683798887960606e-08,0.99950000000000006,63.13889844821432
5g (m=+0),5,4,0,51,2.6834031840491086,0.10733612736196435,0.00010306583350471244,7.6489408257581821e-08,2.0536138645120873e-08,0.99950000000000006,63.13889844821432
5g (m=+0),5,4,0,52,2.7360189327559539,0.10944075731023815,0.00011022427325994724,9.0947901918815495e-08,2.4941058363316588e-08,0.99950000000000006,63.13889844821432
5g (m=+0),5,4,0,53,2.7886346814627991,0.11154538725851197,0.00011770562076304112,1.0774016906118e-07,3.0168119170182224e-08,0.99950000000000006,63.13889844821432
5g (m=+0),5,4,0,54,2.8412504301696444,0.11365001720678578,0.00012551586318058374,1.2717925106583996e-07,3.6348349758062768e-08,0.99950000000000006,63.13889844821432
5g (m=+0),5,4,0,55,2.8938661788764897,0.11575464715505959,0.00013366084116216197,1.4961160024039918e-07,4.3630128696404194e-08,0.99950000000000006,63.13889844821432
5g (m=+0),5,4,0,56,2.9464819275833349,0.1178592771033334,0.00014214624580170435,1.7541969499205234e-07,5.2181011172309745e-08,0.99950000000000006,63.13889844821432
5g (m=+0),5,4,0,57,2.9990976762901802,0.11996390705160721,0.00015097761582945666,2.0502477619091882e-07,6.2189696518645671e-08,0.99950000000000006,63.13889844821432
5g (m=+0),5,4,0,58,3.0517134249970255,0.12206853699988102,0.0001601603350271278,2.3888970473259136e-07,7.3868142906446203e-08,0.99950000000000006,63.13889844821432
5g (m=+0),5,4,0,59,3.1043291737038707,0.12417316694815483,0.00016969962985892526,2.775219399792891e-07,8.745383557017068e-08,0.99950000000000006,63.13889844821432
5g (m=+0),5,4,0,60,3.156944922410716,0.12627779689642865,0.00017960056731137792,3.2147663842535848e-07,1.0321221490871892e-07,0.99950000000000006,63.13889844821432
5g (m=+0),5,4,0,61,3.2095606711175613,0.12838242684470244,0.0001898680529350149,3.7135987159633043e-07,1.2143927076183335e-07,0.99950000000000006,63.13889844821432
5g (m=+0),5,4,0,62,3.2621764198244065,0.13048705679297626,0.00020050682908114139,4.2783196185247334e-07,1.4246430910048596e-07,0.99950000000000006,63.13889844821432
5g (m=+0),5,4,0,63,3.3147921685312518,0.13259168674125008,0.00021152147332711662,4.9161093442886214e-07,1.6665289729100233e-07,0.99950000000000006,63.13889844821432
5g (m=+0),5,4,0,64,3.3674079172380971,0.13469631668952389,0.00022291639708370303,5.6347608370552195e-07,1.9440999399600906e-07,0.99950000000000006,63.13889844821432
5g (m=+0),5,4,0,65,3.4200236659449423,0.13680094663779768,0.00023469584437821458,6.4427165136424322e-07,2.2618326966085519e-07,0.99950000000000006,63.13889844821432
5g (m=+0),5,4,0,66,3.4726394146517876,0.1389055765860715,0.0002468638908073484,7.3491061375427417e-07,2.6246662340206195e-07,0.99950000000000006,63.13889844821432
5g (m=+0),5,4,0,67,3.5252551633586329,0.14101020653434532,0.00025942444265373595,8.3637857545823005e-07,3.0380390196475583e-07,0.99950000000000006,63.13889844821432
5g (m=+0),5,4,0,68,3.5778709120654781,0.14311483648261913,0.00027238123616040068,9.4973776572325907e-07,3.5079282624915338e-07,0.99950000000000006,63.13889844821432
5g (m=+0),5,4,0,69,3.6304866607723234,0.14521946643089292,0.00028573783695745348,1.0761311341016292e-06,4.0408913072225306e-07,0.99950000000000006,63.13889844821432
5g (m=+0),5,4,0,70,3.6831024094791687,0.14732409637916674,0.00029949763963550572,1.2167865413304667e-06,4.6441092083026251e-07,0.99950000000000006,63.13889844821432
5g (m=+0),5,4,0,71,3.7357181581860139,0.14942872632744056,0.00031366386746041014,1.3730210411730488e-06,5.3254325331030615e-07,0.99950000000000006,63.13889844821432
5g (m=+0),5,4,0,72,3.7883339068928592,0.15153335627571438,0.00032823957222408851,1.546245248644949e-06,6.0934294406702028e-07,0.99950000000000006,63.13889844821432
5g (m=+0),5,4,0,73,3.8409496555997045,0.15363798622398817,0.00034322763422633159,1.7379677897579059e-06,6.9574360803119492e-07,0.99950000000000006,63.13889844821432
5g (m=+0),5,4,0,74,3.8935654043065497,0.15574261617226198,0.00035863076238259106,1.9497998276335254e-06,7.9276093515414942e-07,0.99950000000000006,63.13889844821432
5g (m=+0),5,4,0,75,3.946181153013395,0.1578472461205358,0.00037445149445291203,2.1834596595683979e-06,9.0149820641354967e-07,0.99950000000000006,63.13889844821432
5g (m=+0),5,4,0,76,3.9987969017202403,0.15995187606880962,0.00039069219738728067,2.4407773793725986e-06,1.0231520534144526e-06,0.99950000000000006,63.13889844821432
5g (m=+0),5,4,0,77,4.0514126504270855,0.16205650601708343,0.00040735506778278338,2.7236995990554326e-06,1.1590184648640811e-06,0.99950000000000006,63.13889844821432
5g (m=+0),5,4,0,78,4.1040283991339308,0.16416113596535722,0.00042444213244809679,3.0342942236962694e-06,1.3104990428808165e-06,0.99950000000000006,63.13889844821432
5g (m=+0),5,4,0,79,4.1566441478407761,0.16626576591363104,0.00044195524907094367,3.3747552731148684e-06,1.4791075117677905e-06,0.99950000000000006,63.13889844821432
5g (m=+0),5,4,0,80,4.2092598965476213,0.16837039586190486,0.00045989610698426824,3.7474077437452121e-06,1.666476481539939e-06,0.99950000000000006,63.13889844821432
5g (m=+0),5,4,0,81,4.2618756452544666,0.17047502581017868,0.00047826622802699299,4.1547125039199188e-06,1.8743644681411503e-06,0.99950000000000006,63.13889844821432
5g (m=+0),5,4,0,82,4.3144913939613119,0.17257965575845247,0.00049706696749533385,4.5992712155892449e-06,2.1046631719259047e-06,0.99950000000000006,63.13889844821432
5g (m=+0),5,4,0,83,4.3671071426681571,0.17468428570672628,0.0005162995151807569,5.0838312753298003e-06,2.3594050156083165e-06,0.99950000000000006,63.13889844821432
5g (m=+0),5,4,0,84,4.4197228913750024,0.1767889156550001,0.00053596489649076508,5.6112907673436091e-06,2.6407709425014893e-06,0.99950000000000006,63.13889844821432
5g (m=+0),5,4,0,85,4.4723386400818477,0.17889354560327392,0.00055606397364880804,6.1847034210084736e-06,2.9510984754823595e-06,0.99950000000000006,63.13889844821432
5g (m=+0),5,4,0,86,4.5249543887886929,0.18099817555154771,0.00057659744696970808,6.8072835654156565e-06,3.2928900367225074e-06,0.99950000000000006,63.13889844821432
5g (m=+0),5,4,0,87,4.5775701374955382,0.18310280549982152,0.00059756585620709566,7.4824110732212234e-06,3.6688215278245436e-06,0.99950000000000006,63.13889844821432
5g (m=+0),5,4,0,88,4.6301858862023835,0.18520743544809534,0.00061896958196944369,8.213636286042683e-06,4.08175116959743e-06,0.99950000000000006,63.13889844821432
5g (m=+0),5,4,0,89,4.6828016349092287,0.18731206539636916,0.00064080884720138346,9.0046849135531838e-06,4.5347286002932711e-06,0.99950000000000006,63.13889844821432
5g (m=+0),5,4,0,90,4.735417383616074,0.18941669534464295,0.00066308371872708151,9.8594628983615383e-06,5.0310042307135161e-06,0.99950000000000006,63.13889844821432
5g (m=+0),5,4,0,91,4.7880331323229193,0.19152132529291677,0.00068579410885254188,1.0782061238717389e-05,5.5740388541749293e-06,0.99950000000000006,63.13889844821432
5g (m=+0),5,4,0,92,4.8406488810297645,0.19362595524119058,0.00070893977702379113,1.1776760761047346e-05,6.1675135089059662e-06,0.99950000000000006,63.13889844821432
5g (m=+0),5,4,0,93,4.8932646297366098,0.1957305851894644,0.00073252033153798626,1.2848036834309458e-05,6.815339590023077e-06,0.99950000000000006,63.13889844821432
5g (m=+0),5,4,0,94,4.9458803784434551,0.19783521513773819,0.00075653523130457393,1.4000564018150076e-05,7.5216692078147781e-06,0.99950000000000006,63.13889844821432
5g (m=+0),5,4,0,95,4.9984961271503003,0.19993984508601201,0.00078098378765371142,1.5239220636858734e-05,8.2909057886398842e-06,0.99950000000000006,63.13889844821432
5g (m=+0),5,4,0,96,5.0511118758571456,0.20204447503428583,0.00080586516618923448,1.656909327114283e-05,9.1277149143258142e-06,0.99950000000000006,63.13889844821432
5g (m=+0),5,4,0,97,5.1037276245639909,0.20414910498255964,0.00083117838868354554,1.7995481159784856e-05,1.0037035395534184e-05,0.99950000000000006,63.13889844821432
5g (m=+0),5,4,0,98,5.1563433732708361,0.20625373493083343,0.00085692233501186924,1.9523900503300226e-05,1.1024090574144735e-05,0.99950000000000006,63.13889844821432
5g (m=+0),5,4,0,99,5.2089591219776814,0.20835836487910725,0.00088309574512338972,2.1160088661782334e-05,1.2094399849295734e-05,0.99950000000000006,63.13889844821432
5g (m=+0),5,4,0,100,5.2615748706845267,0.21046299482738107,0.00090969722104687633,2.2910008239205439e-05,1.3253790421310081e-05,0.99950000000000006,63.13889844821432
5g (m=+0),5,4,0,101,5.3141906193913719,0.21256762477565488,0.00093672522892845195,2.4779851046551161e-05,1.4508409247332172e-05,0.99950000000000006,63.13889844821432
5g (m=+0),5,4,0,102,5.3668063680982172,0.2146722547239287,0.00096417810109925266,2.6776041936235055e-05,1.5864735202101814e-05,0.99950000000000006,63.13889844821432
5g (m=+0),5,4,0,103,5.4194221168050625,0.21677688467220249,0.00099205403817078167,2.890524250043146e-05,1.7329591436898825e-05,0.99950000000000006,63.13889844821432
5g (m=+0),5,4,0,104,5.4720378655119077,0.21888151462047631,0.0010203511111558218,3.1174354626029032e-05,1.8910157929305999e-05,0.99950000000000006,63.13889844821432
5g (m=+0),5,4,0,105,5.524653614218753,0.22098614456875013,0.0010490672636128664,3.3590523899097866e-05,2.0613984216059716e-05,0.99950000000000006,63.13889844821432
5g (m=+0),5,4,0,106,5.5772693629255983,0.22309077451702394,0.0010782003138120444,3.6161142851904711e-05,2.2449002300886899e-05,0.99950000000000006,63.13889844821432
5g (m=+0),5,4,0,107,5.6298851116324435,0.22519540446529773,0.0011077479569206326,3.8893854045685465e-05,2.4423539728865228e-05,0.99950000000000006,63.13889844821432
5g (m=+0),5,4,0,108,5.6825008603392888,0.22730003441357155,0.0011377077672062624,4.179655298256154e-05,2.6546332818490882e-05,0.99950000000000006,63.13889844821432
5g (m=+0),5,4,0,109,5.7351166090461341,0.22940466436184537,0.0011680772002560106,4.4877390840178781e-05,2.8826540042295145e-05,0.99950000000000006,63.13889844821432
5g (m=+0),5,4,0,110,5.7877323577529793,0.23150929431011918,0.0011988535952096343,4.8144777022848772e-05,3.1273755546518663e-05,0.99950000000000006,63.13889844821432
5g (m=+0),5,4,0,111,5.8403481064598246,0.23361392425839297,0.0012300341770052235,5.1607381523179093e-05,3.3898022800030255e-05,0.99950000000000006,63.13889844821432
5g (m=+0),5,4,0,112,5.8929638551666699,0.23571855420666679,0.0012616160586356568,5.5274137088401984e-05,3.6709848362366736e-05,0.99950000000000006,63.13889844821432
5g (m=+0),5,4,0,113,5.9455796038735151,0.23782318415494061,0.0012935962434142533,5.9154241185834267e-05,3.9720215760471263e-05,0.99950000000000006,63.13889844821432
5g (m=+0),5,4,0,114,5.9981953525803604,0.23992781410321443,0.0013259716272480875,6.3257157762138173e-05,4.294059946342121e-05,0.99950000000000006,63.13889844821432
5g (m=+0),5,4,0,115,6.0508111012872057,0.24203244405148822,0.001358739000917494,6.7592618791295736e-05,4.6382978944162377e-05,0.99950000000000006,63.13889844821432
5g (m=+0),5,4,0,116,6.1034268499940509,0.24413707399976203,0.0013918950523603088,7.2170625606456025e-05,5.0059852817005128e-05,0.99950000000000006,63.13889844821432
5g (m=+0),5,4,0,117,6.1560425987008962,0.24624170394803585,0.0014254363689594786,7.7001450011073832e-05,5.3984253039390361e-05,0.99950000000000006,63.13889844821432
5g (m=+0),5,4,0,118,6.2086583474077415,0.24834633389630967,0.0014593594398327012,8.2095635165017932e-05,5.8169759166198762e-05,0.99950000000000006,63.13889844821432
5g (m=+0),5,4,0,119,6.2612740961145867,0.25045096384458349,0.0014936606581227867,8.7463996241592991e-05,6.2630512644656531e-05,0.99950000000000006,63.13889844821432
5g (m=+0),5,4,0,120,6.313889844821432,0.2525555937928573,0.0015283363232875267,9.3117620851695354e-05,6.7381231137684632e-05,0.99950000000000006,63.13889844821432
5g (m=+0),5,4,0,121,6.3665055935282773,0.25466022374113106,0.0015633826433878403,9.9067869231594016e-05,7.2437222863346766e-05,0.99950000000000006,63.13889844821432
5g (m=+0),5,4,0,122,6.4191213422351225,0.25676485368940488,0.0015987957373730633,0.00010532637419111284,7.781440093787422e-05,0.99950000000000006,63.13889844821432
5g (m=+0),5,4,0,123,6.4717370909419678,0.2588694836376787,0.0016345716373622578,0.00011190504081927169,8.3529297709583622e-05,0.99950000000000006,63.13889844821432
5g (m=+0),5,4,0,124,6.5243528396488131,0.26097411358595252,0.0016707062909204619,0.00011881604594472973,8.9599079070856098e-05,0.99950000000000006,63.13889844821432
5g (m=+0),5,4,0,125,6.5769685883556583,0.26307874353422633,0.001707195563328865,0.00012607183734866703,9.6041558735214411e-05,0.99950000000000006,63.13889844821432
5g (m=+0),5,4,0,126,6.6295843370625036,0.26518337348250015,0.0017440352398478958,0.00013368513272802627,0.00010287521246641783,0.99950000000000006,63.13889844821432
5g (m=+0),5,4,0,127,6.6822000857693489,0.26728800343077397,0.0017812210279722809,0.00014166891840733416,0.0001101191922463928,0.99950000000000006,63.13889844821432
5g (m=+0),5,4,0,128,6.7348158344761941,0.26939263337904779,0.0018187485596771525,0.00015003644779761167,0.00011779334036873166,0.99950000000000006,63.13889844821432
5g (m=+0),5,4,0,129,6.7874315831830394,0.2714972633273216,0.0018566133936543199,0.00015880123960117804,0.00012591820344442064,0.99950000000000006,63.13889844821432
5g (m=+0),5,4,0,130,6.8400473318898847,0.27360189327559536,0.001894811017537868,0.00016797707576144877,0.00013451504630640373,0.99950000000000006,63.13889844821432
5g (m=+0),5,4,0,131,6.8926630805967299,0.27570652322386918,0.0019333368501182572,0.00017757799915711736,0.00014360586579954891,0.99950000000000006,63.13889844821432
5g (m=+0),5,4,0,132,6.9452788293035752,0.277811153172143,0.0019721862435441613,0.00018761831104040978,0.000153213404442559,0.99950000000000006,63.13889844821432
5g (m=+0),5,4,0,133,6.9978945780104205,0.27991578312041682,0.0020113544855112891,0.00019811256821938687,0.00016336116394836096,0.99950000000000006,63.13889844821432
5g (m=+0),5,4,0,134,7.0505103267172657,0.28202041306869063,0.002050836801437477,0.00020907557998456366,0.00017407341858951332,0.99950000000000006,63.13889844821432
5g (m=+0),5,4,0,135,7.103126075424111,0.28412504301696445,0.0020906283566233782,0.00022052240478040178,0.00018537522839519359,0.99950000000000006,63.13889844821432
5g (m=+0),5,4,0,136,7.1557418241309563,0.28622967296523827,0.0021307242583980786,0.00023246834662251487,0.00019729245216636404,0.99950000000000006,63.13889844821432
5g (m=+0),5,4,0,137,7.2083575728378015,0.28833430291351209,0.0021711195582490399,0.00024492895126171583,0.00020985176029576585,0.99950000000000006,63.13889844821432
5g (m=+0),5,4,0,138,7.2609733215446468,0.29043893286178585,0.0022118092539357612,0.00025792000209630829,0.00022308064737945881,0.99950000000000006,63.13889844821432
5g (m=+0),5,4,0,139,7.3135890702514921,0.29254356281005967,0.0022527882915865894,0.00027145751583430307,0.00023700744460670406,0.99950000000000006,63.13889844821432
5g (m=+0),5,4,0,140,7.3662048189583373,0.29464819275833348,0.0022940515677781549,0.00028555773790751735,0.00025166133191508372,0.99950000000000006,63.13889844821432
5g (m=+0),5,4,0,141,7.4188205676651826,0.2967528227066073,0.0023355939315969024,0.00030023713763977557,0.00026707234989786072,0.99950000000000006,63.13889844821432
5g (m=+0),5,4,0,142,7.4714363163720279,0.29885745265488112,0.002377410186682246,0.00031551240317170229,0.00028327141145070676,0.99950000000000006,63.13889844821432
5g (m=+0),5,4,0,143,7.5240520650788731,0.30096208260315493,0.002419495093250876,0.00033140043614485193,0.00030029031314506255,0.99950000000000006,63.13889844821432
5g (m=+0),5,4,0,144,7.5766678137857184,0.30306671255142875,0.0024618433701017769,0.00034791834614817367,0.00031816174631554752,0.99950000000000006,63.13889844821432
5g (m=+0),5,4,0,145,7.6292835624925637,0.30517134249970257,0.0025044496966015609,0.00036508344493006771,0.0003369193078489992,0.99950000000000006,63.13889844821432
5g (m=+0),5,4,0,146,7.6818993111994089,0.30727597244797633,0.0025473087146496956,0.00038291324037951688,0.00035659751066290037,0.99950000000000006,63.13889844821432
5g (m=+0),5,4,0,147,7.7345150599062542,0.30938060239625015,0.0025904150306232951,0.00040142543028003476,0.00037723179386114241,0.99950000000000006,63.13889844821432
5g (m=+0),5,4,0,148,7.7871308086130995,0.31148523234452397,0.0026337632173010881,0.00042063789584038274,0.00039885853255527503,0.99950000000000006,63.13889844821432
5g (m=+0),5,4,0,149,7.8397465573199447,0.31358986229279778,0.0026773478157662641,0.00044056869500625021,0.00042151504733960773,0.99950000000000006,63.13889844821432
5g (m=+0),5,4,0,150,7.89236230602679,0.3156944922410716,0.0027211633372878894,0.0004612360555573047,0.00044523961340875337,0.99950000000000006,63.13889844821432
5g (m=+0),5,4,0,151,7.9449780547336353,0.31779912218934542,0.0027652042651805861,0.00048265836799422365,0.00047007146930644328,0.99950000000000006,63.13889844821432
5g (m=+0),5,4,0,152,7.9975938034404805,0.31990375213761924,0.0028094650566422383,0.00050485417822054238,0.00049605082529468984,0.99950000000000006,63.13889844821432
5g (m=+0),5,4,0,153,8.0502095521473258,0.32200838208589305,0.0028539401445694542,0.00052784218002433218,0.0005232188713326331,0.99950000000000006,63.13889844821432
5g (m=+0),5,4,0,154,8.1028253008541711,0.32411301203416687,0.002898623939350563,0.00055164120736492619,0.00055161778465467675,0.99950000000000006,63.13889844821432
5g (m=+0),5,4,0,155,8.1554410495610163,0.32621764198244063,0.0029435108306359418,0.0005762702264700925,0.00058129073693779718,0.99950000000000006,63.13889844821432
5g (m=+0),5,4,0,156,8.2080567982678616,0.32832227193071445,0.0029885951890854601,0.00060174832774922288,0.00061228190104819949,0.99950000000000006,63.13889844821432
5g (m=+0),5,4,0,157,8.2606725469747069,0.33042690187898827,0.0030338713680928848,0.00062809471752828781,0.00064463645735779093,0.99950000000000006,63.13889844821432
5g (m=+0),5,4,0,158,8.3132882956815521,0.33253153182726208,0.0030793337054870699,0.00065532870961245761,0.00067840059962124871,0.99950000000000006,63.13889844821432
5g (m=+0),5,4,0,159,8.3659040443883974,0.3346361617755359,0.0031249765252097826,0.00068346971668244746,0.00071362154040477508,0.99950000000000006,63.13889844821432
5g (m=+0),5,4,0,160,8.4185197930952427,0.33674079172380972,0.0031707941389700557,0.00071253724153079803,0.00075034751605795283,0.99950000000000006,63.13889844821432
5g (m=+0),5,4,0,161,8.4711355418020879,0.33884542167208354,0.0032167808478749151,0.00074255086814442107,0.00078862779122044774,0.99950000000000006,63.13889844821432
5g (m=+0),5,4,0,162,8.5237512905089332,0.34095005162035735,0.0032629309440364157,0.00077353025263989742,0.00082851266285563778,0.99950000000000006,63.13889844821432
5g (m=+0),5,4,0,163,8.5763670392157785,0.34305468156863111,0.0033092387121548758,0.00080549511405811076,0.00087005346380359609,0.99950000000000006,63.13889844821432
5g (m=+0),5,4,0,164,8.6289827879226237,0.34515931151690493,0.0033556984310782359,0.00083846522502493005,0.00091330256584620274,0.99950000000000006,63.13889844821432
5g (m=+0),5,4,0,165,8.681598536629469,0.34726394146517875,0.0034023043753374956,0.00087246040228475979,0.00095831338227751685,0.99950000000000006,63.13889844821432
5g (m=+0),5,4,0,166,8.7342142853363143,0.34936857141345257,0.0034490508166581573,0.0009075004971138645,0.0010051403699729009,0.99950000000000006,63.13889844821432
5g (m=+0),5,4,0,167,8.7868300340431595,0.35147320136172638,0.003495932025447652,0.00094360538562047373,0.0010538390309507574,0.99950000000000006,63.13889844821432
5g (m=+0),5,4,0,168,8.8394457827500048,0.3535778313100002,0.0035429422722587267,0.00098079495893876162,0.001104465913421105,0.99950000000000006,63.13889844821432
5g (m=+0),5,4,0,169,8.8920615314568501,0.35568246125827402,0.0035900758292287602,0.0010190891133238468,0.001157078612315601,0.99950000000000006,63.13889844821432
5g (m=+0),5,4,0,170,8.9446772801636953,0.35778709120654784,0.0036373269714950231,0.0010585077401550522,0.0012117357692939901,0.99950000000000006,63.13889844821432
5g (m=+0),5,4,0,171,8.9972930288705406,0.3598917211548216,0.0036846899785858748,0.0010990707158547049,0.0012684970722223463,0.99950000000000006,63.13889844821432
5g (m=+0),5,4,0,172,9.0499087775773859,0.36199635110309542,0.003732159135787927,0.0011407978917298137,0.0013274232541188556,0.99950000000000006,63.13889844821432
5g (m=+0),5,4,0,173,9.1025245262842311,0.36410098105136923,0.0037797287354891886,0.0011837090837440033,0.0013885760915632753,0.99950000000000006,63.13889844821432
5g (m=+0),5,4,0,174,9.1551402749910764,0.36620561099964305,0.0038273930784982354,0.0012278240622271175,0.0014520184025665975,0.99950000000000006,63.13889844821432
5g (m=+0),5,4,0,175,9.2077560236979217,0.36831024094791687,0.0038751464753394539,0.0012731625415299428,0.0015178140438978315,0.99950000000000006,63.13889844821432
5g (m=+0),5,4,0,176,9.2603717724047669,0.37041487089619068,0.0039229832475244017,0.0013197441696315001,0.001586027907865213,0.99950000000000006,63.13889844821432
5g (m=+0),5,4,0,177,9.3129875211116122,0.3725195008444645,0.0039708977287993613,0.001367588517706395,0.0016567259185495439,0.99950000000000006,63.13889844821432
5g (m=+0),5,4,0,178,9.3656032698184575,0.37462413079273832,0.0040188842663691476,0.0014167150696596967,0.0017299750274877548,0.99950000000000006,63.13889844821432
5g (m=+0),5,4,0,179,9.4182190185253027,0.37672876074101214,0.0040669372220972586,0.0014671432116368322,0.0018058432088051812,0.99950000000000006,63.13889844821432
5g (m=+0),5,4,0,180,9.470834767232148,0.3788333906892859,0.004115050973682444,0.001518892221515956,0.0018843994537954326,0.99950000000000006,63.13889844821432
5g (m=+0),5,4,0,181,9.5234505159389933,0.38093802063755972,0.0041632199158117963,0.0015719812583902606,0.0019657137649471317,0.99950000000000006,63.13889844821432
5g (m=+0),5,4,0,182,9.5760662646458385,0.38304265058583353,0.0042114384612904577,0.0016264293520476477,0.0020498571494171861,0.99950000000000006,63.13889844821432
5g (m=+0),5,4,0,183,9.6286820133526838,0.38514728053410735,0.0042597010421480709,0.0016822553924551809,0.0021369016119506526,0.99950000000000006,63.13889844821432
5g (m=+0),5,4,0,184,9.6812977620595291,0.38725191048238117,0.0043080021107220409,0.0017394781192556466,0.0022269201472476367,0.99950000000000006,63.13889844821432
5g (m=+0),5,4,0,185,9.7339135107663743,0.38935654043065498,0.0043563361407177956,0.0017981161112836015,0.0023199867317780561,0.99950000000000006,63.13889844821432
5g (m=+0),5,4,0,186,9.7865292594732196,0.3914611703789288,0.0044046976282461053,0.001858187776108119,0.0024161763150454883,0.99950000000000006,63.13889844821432
5g (m=+0),5,4,0,187,9.8391450081800649,0.39356580032720262,0.0044530810928376449,0.0019197113396095089,0.0025155648103016943,0.99950000000000006,63.13889844821432
5g (m=+0),5,4,0,188,9.8917607568869101,0.39567043027547638,0.0045014810784349121,0.0019827048355971297,0.0026182290847137947,0.99950000000000006,63.13889844821432
5g (m=+0),5,4,0,189,9.9443765055937554,0.3977750602237502,0.0045498921543616379,0.0020471860954753922,0.0027242469489864481,0.99950000000000006,63.13889844821432
5g (m=+0),5,4,0,190,9.9969922543006007,0.39987969017202402,0.0045983089162698592,0.0021131727379649838,0.0028336971464417494,0.99950000000000006,63.13889844821432
5g (m=+0),5,4,0,191,10.049608003007446,0.40198432012029783,0.0046467259870647997,0.0021806821588862459,0.00294665934155994,0.99950000000000006,63.13889844821432
5g (m=+0),5,4,0,192,10.102223751714291,0.40408895006857165,0.0046951380178076943,0.0022497315210115399,0.0030632141079843756,0.99950000000000006,63.13889844821432
5g (m=+0),5,4,0,193,10.154839500421136,0.40619358001684547,0.0047435396885967636,0.0023203377439934138,0.0031834429159945644,0.99950000000000006,63.13889844821432
5g (m=+0),5,4,0,194,10.207455249127982,0.40829820996511929,0.0047919257094264514,0.0023925174943751812,0.0033074281194514351,0.99950000000000006,63.13889844821432
5g (m=+0),5,4,0,195,10.260070997834827,0.4104028399133931,0.0048402908210251451,0.0024662871756905447,0.0034352529422193474,0.99950000000000006,63.13889844821432
5g (m=+0),5,4,0,196,10.312686746541672,0.41250746986166686,0.0048886297956715142,0.0025416629186586865,0.0035670014640696982,0.99950000000000006,63.13889844821432
5g (m=+0),5,4,0,197,10.365302495248518,0.41461209980994068,0.0049369374379896703,0.0026186605714812205,0.0037027586060713142,0.99950000000000006,63.13889844821432
5g (m=+0),5,4,0,198,10.417918243955363,0.4167167297582145,0.0049852085857233141,0.0026972956902472311,0.0038426101154731564,0.99950000000000006,63.13889844821432
5g (m=+0),5,4,0,199,10.470533992662208,0.41882135970648832,0.0050334381104890644,0.0027775835294525496,0.0039866425500851826,0.99950000000000006,63.13889844821432
5g (m=+0),5,4,0,200,10.523149741369053,0.42092598965476213,0.0050816209185091414,0.0028595390326392662,0.0041349432621635377,0.99950000000000006,63.13889844821432
5g (m=+0),5,4,0,201,10.575765490075899,0.42303061960303595,0.0051297519513236068,0.002943176823161359,0.0042876003818065542,0.99950000000000006,63.13889844821432
5g (m=+0),5,4,0,202,10.628381238782744,0.42513524955130977,0.0051778261864823651,0.0030285111950822409,0.0044447027998683461,0.99950000000000006,63.13889844821432
5g (m=+0),5,4,0,203,10.680996987489589,0.42723987949958359,0.0052258386382170712,0.0031155561042097721,0.0046063401503970928,0.99950000000000006,63.13889844821432
5g (m=+0),5,4,0,204,10.733612736196434,0.4293445094478574,0.0052737843580932253,0.0032043251592743321,0.0047726027926053823,0.99950000000000006,63.13889844821432
5g (m=+0),5,4,0,205,10.78622848490328,0.43144913939613116,0.0053216584356425524,0.0032948316132551982,0.0049435817923802854,0.99950000000000006,63.13889844821432
5g (m=+0),5,4,0,206,10.838844233610125,0.43355376934440498,0.0053694559989759649,0.0033870883548605337,0.0051193689033410998,0.99950000000000006,63.13889844821432
5g (m=+0),5,4,0,207,10.89145998231697,0.4356583992926788,0.0054171722153772512,0.0034811079001660118,0.0053000565474529858,0.99950000000000006,63.13889844821432
5g (m=+0),5,4,0,208,10.944075731023815,0.43776302924095262,0.0054648022918777073,0.0035769023844169851,0.0054857377952049601,0.99950000000000006,63.13889844821432
5g (m=+0),5,4,0,209,10.996691479730661,0.43986765918922643,0.0055123414758119519,0.0036744835539990386,0.0056765063453609842,0.99950000000000006,63.13889844821432
5g (m=+0),5,4,0,210,11.049307228437506,0.44197228913750025,0.0055597850553550671,0.0037738627585814522,0.0058724565042931305,0.99950000000000006,63.13889844821432
5g (m=+0),5,4,0,211,11.101922977144351,0.44407691908577407,0.0056071283600413529,0.003875050943438148,0.0060736831649060349,0.99950000000000006,63.13889844821432
5g (m=+0),5,4,0,212,11.154538725851197,0.44618154903404789,0.0056543667612648438,0.0039780586419503666,0.0062802817851620946,0.99950000000000006,63.13889844821432
5g (m=+0),5,4,0,213,11.207154474558042,0.44828617898232165,0.0057014956727618393,0.0040828959682952587,0.0064923483662170794,0.99950000000000006,63.13889844821432
5g (m=+0),5,4,0,214,11.259770223264887,0.45039080893059547,0.0057485105510756392,0.0041895726103243977,0.006709979430176042,0.99950000000000006,63.13889844821432
5g (m=+0),5,4,0,215,11.312385971971732,0.45249543887886928,0.0057954068960037099,0.0042980978226360451,0.0069332719974796253,0.99950000000000006,63.13889844821432
5g (m=+0),5,4,0,216,11.365001720678578,0.4546000688271431,0.005842180251027492,0.0044084804198448483,0.0071623235639310563,0.99950000000000006,63.13889844821432
5g (m=+0),5,4,0,217,11.417617469385423,0.45670469877541692,0.0058888262037250696,0.0045207287700525164,0.0073972320773743033,0.99950000000000006,63.13889844821432
5g (m=+0),5,4,0,218,11.470233218092268,0.45880932872369073,0.00593534038616691,0.0046348507885227933,0.0076380959140340673,0.99950000000000006,63.13889844821432
5g (m=+0),5,4,0,219,11.522848966799113,0.46091395867196455,0.0059817184752949072,0.0047508539315639668,0.0078850138545284356,0.99950000000000006,63.13889844821432
5g (m=+0),5,4,0,220,11.575464715505959,0.46301858862023837,0.0060279561932849186,0.0048687451906218879,0.0081380850595651963,0.99950000000000006,63.13889844821432
5g (m=+0),5,4,0,221,11.628080464212804,0.46512321856851213,0.0060740493078930424,0.0049885310865864386,0.0083974090453329663,0.99950000000000006,63.13889844821432
5g (m=+0),5,4,0,222,11.680696212919649,0.46722784851678595,0.0061199936327858357,0.0051102176643140797,0.0086630856585984406,0.99950000000000006,63.13889844821432
5g (m=+0),5,4,0,223,11.733311961626494,0.46933247846505977,0.0061657850278546943,0.0052338104873690611,0.0089352150515211864,0.99950000000000006,63.13889844821432
5g (m=+0),5,4,0,224,11.78592771033334,0.47143710841333358,0.0062114193995146307,0.0053593146329856765,0.0092138976561975637,0.99950000000000006,63.13889844821432
5g (m=+0),5,4,0,225,11.838543459040185,0.4735417383616074,0.0062568927009876187,0.0054867346872536985,0.0094992341589454458,0.99950000000000006,63.13889844821432
5g (m=+0),5,4,0,226,11.89115920774703,0.47564636830988122,0.0063022009325707888,0.0056160747405291393,0.0097913254743415522,0.99950000000000006,63.13889844821432
5g (m=+0),5,4,0,227,11.943774956453876,0.47775099825815504,0.0063473401418896467,0.0057473383830721515,0.01009027271902329,0.99950000000000006,63.13889844821432
5g (m=+0),5,4,0,228,11.996390705160721,0.47985562820642885,0.0063923064241365344,0.0058805287009137753,0.010396177185267089,0.99950000000000006,63.13889844821432
5g (m=+0),5,4,0,229,12.049006453867566,0.48196025815470267,0.0064370959222945882,0.0060156482719531806,0.010709140314355353,0.99950000000000006,63.13889844821432
5g (m=+0),5,4,0,230,12.101622202574411,0.48406488810297643,0.0064817048273473525,0.0061526991622866583,0.011029263669744127,0.99950000000000006,63.13889844821432
5g (m=+0),5,4,0,231,12.154237951281257,0.48616951805125025,0.0065261293784743147,0.0062916829227697068,0.011356648910043773,0.99950000000000006,63.13889844821432
5g (m=+0),5,4,0,232,12.206853699988102,0.48827414799952407,0.0065703658632325582,0.0064326005858132522,0.011691397761824901,0.99950000000000006,63.13889844821432
5g (m=+0),5,4,0,233,12.259469448694947,0.49037877794779788,0.0066144106177247431,0.0065754526624148858,0.012033611992261918,0.99950000000000006,63.13889844821432
5g (m=+0),5,4,0,234,12.312085197401792,0.4924834078960717,0.0066582600267536454,0.0067202391394259415,0.012383393381626579,0.99950000000000006,63.13889844821432
5g (m=+0),5,4,0,235,12.364700946108638,0.49458803784434552,0.0067019105239634327,0.0068669594770549083,0.012740843695643956,0.99950000000000006,63.13889844821432
5g (m=+0),5,4,0,236,12.417316694815483,0.49669266779261934,0.006745358591967952,0.0070156126066077806,0.013106064657723286,0.99950000000000006,63.13889844821432
5g (m=+0),5,4,0,237,12.469932443522328,0.49879729774089315,0.0067886007624661663,0.0071661969284654665,0.013479157921076164,0.99950000000000006,63.13889844821432
5g (m=+0),5,4,0,238,12.522548192229173,0.50090192768916697,0.006831633616345016,0.0073187103102985472,0.01386022504073455,0.99950000000000006,63.13889844821432
5g (m=+0),5,4,0,239,12.575163940936019,0.50300655763744073,0.0068744537837698754,0.0074731500855192865,0.014249367445481094,0.99950000000000006,63.13889844821432
5g (m=+0),5,4,0,240,12.627779689642864,0.5051111875857146,0.0069170579442628189,0.0076295130519707559,0.014646686409704249,0.99950000000000006,63.13889844821432
5g (m=+0),5,4,0,241,12.680395438349709,0.50721581753398837,0.0069594428267689325,0.0077877954708528352,0.015052283025190644,0.99950000000000006,63.13889844821432
5g (m=+0),5,4,0,242,12.733011187056555,0.50932044748226213,0.0070016052097108296,0.0079479930658845309,0.01546625817286716,0.99950000000000006,63.13889844821432
5g (m=+0),5,4,0,243,12.7856269357634,0.511425077430536,0.0070435419210316307,0.0081101010227021663,0.015888712494505138,0.99950000000000006,63.13889844821432
5g (m=+0),5,4,0,244,12.838242684470245,0.51352970737880976,0.0070852498382265698,0.0082741139884926086,0.016319746364399111,0.99950000000000006,63.13889844821432
5g (m=+0),5,4,0,245,12.89085843317709,0.51563433732708364,0.0071267258883634423,0.0084400260718607203,0.016759459861032396,0.99950000000000006,63.13889844821432
5g (m=+0),5,4,0,246,12.943474181883936,0.5177389672753574,0.0071679670480921075,0.0086078308429300351,0.017207952738741837,0.99950000000000006,63.13889844821432
5g (m=+0),5,4,0,247,12.996089930590781,0.51984359722363127,0.0072089703436432435,0.0087775213336755455,0.017665324399393979,0.99950000000000006,63.13889844821432
5g (m=+0),5,4,0,248,13.048705679297626,0.52194822717190503,0.0072497328508165414,0.0089490900384873329,0.018131673864084794,0.99950000000000006,63.13889844821432
5g (m=+0),5,4,0,249,13.101321428004471,0.52405285712017891,0.0072902516949585466,0.0091225289149636252,0.018607099744875111,0.99950000000000006,63.13889844821432
5g (m=+0),5,4,0,250,13.153937176711317,0.52615748706845267,0.0073305240509303517,0.009297829384931856,0.019091700216573786,0.99950000000000006,63.13889844821432
5g (m=+0),5,4,0,251,13.206552925418162,0.52826211701672643,0.0073705471430653043,0.0094749823356959726,0.019585572988580522,0.99950000000000006,63.13889844821432
5g (m=+0),5,4,0,252,13.259168674125007,0.5303667469650003,0.0074103182451169822,0.0096539781215084063,0.020088815276800245,0.99950000000000006,63.13889844821432
5g (m=+0),5,4,0,253,13.311784422831852,0.53247137691327406,0.0074498346801975552,0.009834806565264656,0.020601523775640777,0.99950000000000006,63.13889844821432
5g (m=+0),5,4,0,254,13.364400171538698,0.53457600686154794,0.0074890938207068051,0.010017456960418697,0.02112379463010549,0.99950000000000006,63.13889844821432
5g (m=+0),5,4,0,255,13.417015920245543,0.5366806368098217,0.0075280930882518932,0.010201918073116885,0.021655723407992475,0.99950000000000006,63.13889844821432
5g (m=+0),5,4,0,256,13.469631668952388,0.53878526675809557,0.0075668299535581853,0.010388178144548467,0.022197405072211698,0.99950000000000006,63.13889844821432
5g (m=+0),5,4,0,257,13.522247417659234,0.54088989670636933,0.0076053019363712011,0.010576224893510061,0.022748933953231455,0.99950000000000006,63.13889844821432
5g (m=+0),5,4,0,258,13.574863166366079,0.54299452665464321,0.0076435066053499668,0.010766045519181993,0.023310403721665325,0.99950000000000006,63.13889844821432
5g (m=+0),5,4,0,259,13.627478915072924,0.54509915660291697,0.0076814415779518893,0.010957626704113752,0.023881907361010726,0.99950000000000006,63.13889844821432
5g (m=+0),5,4,0,260,13.680094663779769,0.54720378655119073,0.0077191045203093694,0.011150954617416116,0.024463537140549961,0.99950000000000006,63.13889844821432
5g (m=+0),5,4,0,261,13.732710412486615,0.5493084164994646,0.0077564931470983246,0.011346014918157185,0.025055384588424601,0.99950000000000006,63.13889844821432
5g (m=+0),5,4,0,262,13.78532616119346,0.55141304644773836,0.0077936052213987981,0.011542792758959542,0.025657540464893842,0.99950000000000006,63.13889844821432
5g (m=+0),5,4,0,263,13.837941909900305,0.55351767639601224,0.0078304385545478195,0.01174127278979565,0.026270094735787348,0.99950000000000006,63.13889844821432
5g (m=+0),5,4,0,264,13.89055765860715,0.555622306344286,0.0078669910059847251,0.011941439161978592,0.026893136546162925,0.99950000000000006,63.13889844821432
5g (m=+0),5,4,0,265,13.943173407313996,0.55772693629255987,0.0079032604830890762,0.012143275532345043,0.027526754194179222,0.99950000000000006,63.13889844821432
5g (m=+0),5,4,0,266,13.995789156020841,0.55983156624083363,0.0079392449410113537,0.012346765067627365,0.028171035105193514,0.99950000000000006,63.13889844821432
5g (m=+0),5,4,0,267,14.048404904727686,0.5619361961891074,0.0079749423824966165,0.012551890449011643,0.028826065806094408,0.99950000000000006,63.13889844821432
5g (m=+0),5,4,0,268,14.101020653434531,0.56404082613738127,0.0080103508577012861,0.012758633876878461,0.02949193189987917,0.99950000000000006,63.13889844821432
5g (m=+0),5,4,0,269,14.153636402141377,0.56614545608565503,0.0080454684640032005,0.012966977075722919,0.030168718040485241,0.99950000000000006,63.13889844821432
5g (m=+0),5,4,0,270,14.206252150848222,0.5682500860339289,0.0080802933458051247,0.013176901299250632,0.03085650790788521,0.99950000000000006,63.13889844821432
5g (m=+0),5,4,0,271,14.258867899555067,0.57035471598220266,0.0081148236943318908,0.013388387335646235,0.03155538418345448,0.99950000000000006,63.13889844821432
5g (m=+0),5,4,0,272,14.311483648261913,0.57245934593047654,0.0081490577474212927,0.013601415513010744,0.032265428525620594,0.99950000000000006,63.13889844821432
5g (m=+0),5,4,0,273,14.364099396968758,0.5745639758787503,0.0081829937893089233,0.013815965704964338,0.032986721545802976,0.99950000000000006,63.13889844821432
5g (m=+0),5,4,0,274,14.416715145675603,0.57666860582702417,0.0082166301504071112,0.014032017336410851,0.033719342784651718,0.99950000000000006,63.13889844821432
5g (m=+0),5,4,0,275,14.469330894382448,0.57877323577529793,0.0082499652070780957,0.014249549389460265,0.034463370688593876,0.99950000000000006,63.13889844821432
5g (m=+0),5,4,0,276,14.521946643089294,0.5808778657235717,0.0082829973814015981,0.014468540409505497,0.035218882586695373,0.99950000000000006,63.13889844821432
5g (m=+0),5,4,0,277,14.574562391796139,0.58298249567184557,0.0083157251409369613,0.014688968511449723,0.03598595466784666,0.99950000000000006,63.13889844821432
5g (m=+0),5,4,0,278,14.627178140502984,0.58508712562011933,0.0083481469984799887,0.014910811386080353,0.036764661958279848,0.99950000000000006,63.13889844821432
5g (m=+0),5,4,0,279,14.679793889209829,0.5871917555683932,0.0083802615118146271,0.015134046306585819,0.037555078299424977,0.99950000000000006,63.13889844821432
5g (m=+0),5,4,0,280,14.732409637916675,0.58929638551666697,0.0084120672834596608,0.01535865013521129,0.038357276326112834,0.99950000000000006,63.13889844821432
5g (m=+0),5,4,0,281,14.78502538662352,0.59140101546494084,0.0084435629604105392,0.015584599330049327,0.039171327445131521,0.99950000000000006,63.13889844821432
5g (m=+0),5,4,0,282,14.837641135330365,0.5935056454132146,0.0084747472338765045,0.015811869951961616,0.039997301814143758,0.99950000000000006,63.13889844821432
5g (m=+0),5,4,0,283,14.89025688403721,0.59561027536148847,0.0085056188390131293,0.016040437671627578,0.040835268320971709,0.99950000000000006,63.13889844821432
5g (m=+0),5,4,0,284,14.942872632744056,0.59771490530976223,0.0085361765546504587,0.016270277776716181,0.041685294563255926,0.99950000000000006,63.13889844821432
5g (m=+0),5,4,0,285,14.995488381450901,0.599819535258036,0.008566419203016807,0.016501365179176431,0.042547446828494775,0.99950000000000006,63.13889844821432
5g (m=+0),5,4,0,286,15.048104130157746,0.60192416520630987,0.0085963456494584436,0.016733674422642973,0.043421790074470466,0.99950000000000006,63.13889844821432
5g (m=+0),5,4,0,287,15.100719878864592,0.60402879515458363,0.0086259548021552345,0.016967179689952382,0.044308387910067651,0.99950000000000006,63.13889844821432
5g (m=+0),5,4,0,288,15.153335627571437,0.6061334251028575,0.0086552456118323962,0.017201854810766182,0.045207302576490319,0.99950000000000006,63.13889844821432
5g (m=+0),5,4,0,289,15.205951376278282,0.60823805505113127,0.0086842170714684901,0.01743767326929644,0.046118594928882463,0.99950000000000006,63.13889844821432
5g (m=+0),5,4,0,290,15.258567124985127,0.61034268499940514,0.0087128682159997826,0.017674608212129874,0.047042324418357838,0.99950000000000006,63.13889844821432
5g (m=+0),5,4,0,291,15.311182873691973,0.6124473149476789,0.0087411981220211193,0.017912632456146334,0.047978549074443863,0.99950000000000006,63.13889844821432
5g (m=+0),5,4,0,292,15.363798622398818,0.61455194489595266,0.0087692059074833979,0.018151718496527459,0.048927325487944547,0.99950000000000006,63.13889844821432
5g (m=+0),5,4,0,293,15.416414371105663,0.61665657484422653,0.008796890731387794,0.018391838514851412,0.049888708794227035,0.99950000000000006,63.13889844821432
5g (m=+0),5,4,0,294,15.469030119812508,0.6187612047925003,0.0088242517934768727,0.018632964387269725,0.050862752656936273,0.99950000000000006,63.13889844821432
5g (m=+0),5,4,0,295,15.521645868519354,0.62086583474077417,0.008851288333922654,0.018875067692761757,0.051849509252141886,0.99950000000000006,63.13889844821432
5g (m=+0),5,4,0,296,15.574261617226199,0.62297046468904793,0.008877999633011828,0.019118119721463132,0.052849029252921349,0.99950000000000006,63.13889844821432
5g (m=+0),5,4,0,297,15.626877365933044,0.6250750946373218,0.0089043850108281569,0.019362091483063545,0.053861361814383203,0.99950000000000006,63.13889844821432
5g (m=+0),5,4,0,298,15.679493114639889,0.62717972458559557,0.008930443826932229,0.019606953715270225,0.054886554559133813,0.99950000000000006,63.13889844821432
5g (m=+0),5,4,0,299,15.732108863346735,0.62928435453386944,0.0089561754800386775,0.019852676892332732,0.055924653563191103,0.99950000000000006,63.13889844821432
5g (m=+0),5,4,0,300,15.78472461205358,0.6313889844821432,0.00898157940769094,0.020099231233625094,0.056975703342348284,0.99950000000000006,63.13889844821432
5g (m=+0),5,4,0,301,15.837340360760425,0.63349361443041696,0.0090066550859337138,0.02034658671228123,0.058039746838990595,0.99950000000000006,63.13889844821432
5g (m=+0),5,4,0,302,15.889956109467271,0.63559824437869084,0.0090314020289831796,0.020594713063879569,0.059116825409367642,0.99950000000000006,63.13889844821432
5g (m=+0),5,4,0,303,15.942571858174116,0.6377028743269646,0.0090558197888951225,0.020843579795172873,0.060206978811323926,0.99950000000000006,63.13889844821432
5g (m=+0),5,4,0,304,15.995187606880961,0.63980750427523847,0.0090799079552310383,0.021093156192859237,0.061310245192489732,0.99950000000000006,63.13889844821432
5g (m=+0),5,4,0,305,16.047803355587806,0.64191213422351223,0.0091036661547223511,0.021343411332390354,0.062426661078934534,0.99950000000000006,63.13889844821432
5g (m=+0),5,4,0,306,16.100419104294652,0.6440167641717861,0.0091270940509328245,0.021594314086812994,0.063556261364284702,0.99950000000000006,63.13889844821432
5g (m=+0),5,4,0,307,16.153034853001497,0.64612139412005987,0.0091501913439192596,0.02184583313563981,0.064699079299307169,0.99950000000000006,63.13889844821432
5g (m=+0),5,4,0,308,16.205650601708342,0.64822602406833374,0.0091729577698906155,0.022097936973745645,0.065855146481960572,0.99950000000000006,63.13889844821432
5g (m=+0),5,4,0,309,16.258266350415187,0.6503306540166075,0.0091953931008656089,0.022350593920285374,0.067024492847914965,0.99950000000000006,63.13889844821432
5g (m=+0),5,4,0,310,16.310882099122033,0.65243528396488126,0.0092174971443289132,0.02260377212762953,0.068207146661541276,0.99950000000000006,63.13889844821432
5g (m=+0),5,4,0,311,16.363497847828878,0.65453991391315514,0.0092392697428860231,0.022857439590313777,0.069403134507371275,0.99950000000000006,63.13889844821432
5g (m=+0),5,4,0,312,16.416113596535723,0.6566445438614289,0.0092607107739169255,0.023111564153998732,0.070612481282028669,0.99950000000000006,63.13889844821432
5g (m=+0),5,4,0,313,16.468729345242568,0.65874917380970277,0.0092818201492286222,0.023366113524436172,0.071835210186631804,0.99950000000000006,63.13889844821432
5g (m=+0),5,4,0,314,16.521345093949414,0.66085380375797653,0.0093025978147066,0.023621055276437968,0.073071342719668267,0.99950000000000006,63.13889844821432
5g (m=+0),5,4,0,315,16.573960842656259,0.66295843370625041,0.0093230437499653585,0.023876356862844256,0.074320898670341237,0.99950000000000006,63.13889844821432
5g (m=+0),5,4,0,316,16.626576591363104,0.66506306365452417,0.0093431579679980736,0.024131985623487121,0.075583896112387722,0.99950000000000006,63.13889844821432
5g (m=+0),5,4,0,317,16.67919234006995,0.66716769360279793,0.0093629405148254498,0.024387908794146203,0.076860351398368151,0.99950000000000006,63.13889844821432
5g (m=+0),5,4,0,318,16.731808088776795,0.6692723235510718,0.0093823914691439012,0.024644093515492859,0.078150279154426863,0.99950000000000006,63.13889844821432
5g (m=+0),5,4,0,319,16.78442383748364,0.67137695349934556,0.0094015109419730934,0.024900506842019245,0.079453692275522833,0.99950000000000006,63.13889844821432
5g (m=+0),5,4,0,320,16.837039586190485,0.67348158344761944,0.0094202990763029414,0.025157115750948995,0.080770601921129698,0.99950000000000006,63.13889844821432
5g (m=+0),5,4,0,321,16.889655334897331,0.6755862133958932,0.0094387560467401668,0.025413887151126139,0.082101017511404056,0.99950000000000006,63.13889844821432
5g (m=+0),5,4,0,322,16.942271083604176,0.67769084334416707,0.009456882059154445,0.025670787891878852,0.083444946723820856,0.99950000000000006,63.13889844821432
5g (m=+0),5,4,0,323,16.994886832311021,0.67979547329244083,0.0094746773503242548,0.025927784771854763,0.08480239549027431,0.99950000000000006,63.13889844821432
5g (m=+0),5,4,0,324,17.047502581017866,0.68190010324071471,0.0094921421875825071,0.026184844547824802,0.086173367994642924,0.99950000000000006,63.13889844821432
5g (m=+0),5,4,0,325,17.100118329724712,0.68400473318898847,0.0095092768684619817,0.026441933943452067,0.087557866670816845,0.99950000000000006,63.13889844821432
5g (m=+0),5,4,0,326,17.152734078431557,0.68610936313726223,0.009526081720340699,0.026699019658022849,0.088955892201185507,0.99950000000000006,63.13889844821432
5g (m=+0),5,4,0,327,17.205349827138402,0.6882139930855361,0.0095425571000872667,0.026956068375136786,0.090367443515583706,0.99950000000000006,63.13889844821432
5g (m=+0),5,4,0,328,17.257965575845247,0.69031862303380986,0.0095587033937062534,0.027213046771352733,0.09179251779069364,0.99950000000000006,63.13889844821432
5g (m=+0),5,4,0,329,17.310581324552093,0.69242325298208374,0.0095745210159837203,0.027469921524788089,0.093231110449900706,0.99950000000000006,63.13889844821432
5g (m=+0),5,4,0,330,17.363197073258938,0.6945278829303575,0.0095900104101328924,0.027726659323667902,0.094683215163600426,0.99950000000000006,63.13889844821432
5g (m=+0),5,4,0,331,17.415812821965783,0.69663251287863137,0.0096051720474401026,0.027983226874821542,0.096148823849953755,0.99950000000000006,63.13889844821432
5g (m=+0),5,4,0,332,17.468428570672629,0.69873714282690513,0.0096200064269110399,0.028239590912123757,0.097627926676088092,0.99950000000000006,63.13889844821432
5g (m=+0),5,4,0,333,17.521044319379474,0.70084177277517901,0.0096345140749173608,0.028495718204877552,0.099120512059740762,0.99950000000000006,63.13889844821432
5g (m=+0),5,4,0,334,17.573660068086319,0.70294640272345277,0.0096486955448437557,0.028751575566136299,0.10062656667134207,0.99950000000000006,63.13889844821432
5g (m=+0),5,4,0,335,17.626275816793164,0.70505103267172653,0.0096625514167354726,0.029007129860962114,0.10214607543653452,0.99950000000000006,63.13889844821432
5g (m=+0),5,4,0,336,17.67889156550001,0.7071556626200004,0.0096760822969464422,0.029262348014618553,0.10367902153912484,0.99950000000000006,63.13889844821432
5g (m=+0),5,4,0,337,17.731507314206855,0.70926029256827416,0.0096892888177879492,0.029517197020694351,0.1052253864244652,0.99950000000000006,63.13889844821432
5g (m=+0),5,4,0,338,17.7841230629137,0.71136492251654804,0.0097021716371780333,0.029771643949156629,0.10678514980326009,0.99950000000000006,63.13889844821432
5g (m=+0),5,4,0,339,17.836738811620545,0.7134695524648218,0.0097147314382915462,0.030025655954330346,0.10835828965579496,0.99950000000000006,63.13889844821432
5g (m=+0),5,4,0,340,17.889354560327391,0.71557418241309567,0.009726968929211037,0.030279200282802517,0.10994478223658266,0.99950000000000006,63.13889844821432
5g (m=+0),5,4,0,341,17.941970309034236,0.71767881236136943,0.0097388848425784148,0.030532244281248157,0.11154460207942384,0.99950000000000006,63.13889844821432
5g (m=+0),5,4,0,342,17.994586057741081,0.7197834423096432,0.009750479935247516,0.030784755404176366,0.11315772200287684,0.99950000000000006,63.13889844821432
5g (m=+0),5,4,0,343,18.047201806447926,0.72188807225791707,0.0097617549879375886,0.031036701221594135,0.11478411311613318,0.99950000000000006,63.13889844821432
5g (m=+0),5,4,0,344,18.099817555154772,0.72399270220619083,0.0097727108048877454,0.031288049426585807,0.1164237448252939,0.99950000000000006,63.13889844821432
5g (m=+0),5,4,0,345,18.152433303861617,0.7260973321544647,0.0097833482135124394,0.031538767842806313,0.11807658484004251,0.99950000000000006,63.13889844821432
5g (m=+0),5,4,0,346,18.205049052568462,0.72820196210273846,0.009793668064058016,0.031788824431886166,0.1197425991807099,0.99950000000000006,63.13889844821432
5g (m=+0),5,4,0,347,18.257664801275308,0.73030659205101234,0.0098036712292603658,0.032038187300746257,0.12142175218572643,0.99950000000000006,63.13889844821432
5g (m=+0),5,4,0,348,18.310280549982153,0.7324112219992861,0.0098133586040037406,0.032286824708820772,0.12311400651945652,0.99950000000000006,63.13889844821432
5g (m=+0),5,4,0,349,18.362896298688998,0.73451585194755997,0.0098227311049807736,0.032534705075186444,0.12481932318041082,0.99950000000000006,63.13889844821432
5g (m=+0),5,4,0,350,18.415512047395843,0.73662048189583373,0.0098317896703537314,0.032781796985596211,0.12653766150983095,0.99950000000000006,63.13889844821432
5g (m=+0),5,4,0,351,18.468127796102689,0.7387251118441075,0.00984053525941706,0.033028069199416109,0.12826897920064181,0.99950000000000006,63.13889844821432
5g (m=+0),5,4,0,352,18.520743544809534,0.74082974179238137,0.0098489688522612473,0.033273490656463268,0.13001323230676623,0.99950000000000006,63.13889844821432
5g (m=+0),5,4,0,353,18.573359293516379,0.74293437174065513,0.0098570914494380442,0.03351803048374391,0.13177037525279678,0.99950000000000006,63.13889844821432
5g (m=+0),5,4,0,354,18.625975042223224,0.745039001688929,0.0098649040716271078,0.033761658002089828,0.13354036084401952,0.99950000000000006,63.13889844821432
5g (m=+0),5,4,0,355,18.67859079093007,0.74714363163720277,0.009872407759304043,0.034004342732691636,0.1353231402767841,0.99950000000000006,63.13889844821432
5g (m=+0),5,4,0,356,18.731206539636915,0.74924826158547664,0.0098796035724099587,0.034246054403527987,0.13711866314921498,0.99950000000000006,63.13889844821432
5g (m=+0),5,4,0,357,18.78382228834376,0.7513528915337504,0.0098864925900224963,0.034486762955688872,0.13892687747225799,0.99950000000000006,63.13889844821432
5g (m=+0),5,4,0,358,18.836438037050605,0.75345752148202427,0.0098930759100284253,0.034726438549592432,0.14074772968105706,0.99950000000000006,63.13889844821432
5g (m=+0),5,4,0,359,18.889053785757451,0.75556215143029803,0.0098993546487978045,0.034965051571093544,0.14258116464665485,0.99950000000000006,63.13889844821432
5g (m=+0),5,4,0,360,18.941669534464296,0.7576667813785718,0.0099053299408597435,0.035202572637483484,0.14442712568801228,0.99950000000000006,63.13889844821432
5g (m=+0),5,4,0,361,18.994285283171141,0.75977141132684567,0.0099110029385798045,0.035438972603379353,0.1462855545843405,0.99950000000000006,63.13889844821432
5g (m=+0),5,4,0,362,19.046901031877987,0.76187604127511943,0.0099163748118390894,0.035674222566502573,0.14815639158774019,0.99950000000000006,63.13889844821432
5g (m=+0),5,4,0,363,19.099516780584832,0.7639806712233933,0.0099214467477149945,0.03590829387334523,0.15003957543614152,0.99950000000000006,63.13889844821432
5g (m=+0),5,4,0,364,19.152132529291677,0.76608530117166707,0.0099262199501637151,0.036141158124723606,0.15193504336653968,0.99950000000000006,63.13889844821432
5g (m=+0),5,4,0,365,19.204748277998522,0.76818993111994094,0.009930695639704494,0.036372787181218037,0.15384273112851934,0.99950000000000006,63.13889844821432
5g (m=+0),5,4,0,366,19.257364026705368,0.7702945610682147,0.0099348750531056528,0.036603153168498312,0.15576257299806254,0.99950000000000006,63.13889844821432
5g (m=+0),5,4,0,367,19.309979775412213,0.77239919101648846,0.009938759443072414,0.03683222848253382,0.15769450179163352,0.99950000000000006,63.13889844821432
5g (m=+0),5,4,0,368,19.362595524119058,0.77450382096476234,0.0099423500779365834,0.037059985794688173,0.15963844888053486,0.99950000000000006,63.13889844821432
5g (m=+0),5,4,0,369,19.415211272825903,0.7766084509130361,0.0099456482413480627,0.037286398056697242,0.16159434420552843,0.99950000000000006,63.13889844821432
5g (m=+0),5,4,0,370,19.467827021532749,0.77871308086130997,0.0099486552319682439,0.037511438505530313,0.16356211629171535,0.99950000000000006,63.13889844821432
5g (m=+0),5,4,0,371,19.520442770239594,0.78081771080958373,0.009951372363165319,0.037735080668134045,0.16554169226366852,0.99950000000000006,63.13889844821432
5g (m=+0),5,4,0,372,19.573058518946439,0.7829223407578576,0.0099538009627114891,0.037957298366058309,0.16753299786081169,0.99950000000000006,63.13889844821432
5g (m=+0),5,4,0,373,19.625674267653284,0.78502697070613137,0.0099559423724821343,0.038178065719964169,0.16953595745303884,0.99950000000000006,63.13889844821432
5g (m=+0),5,4,0,374,19.67829001636013,0.78713160065440524,0.0099577979481569479,0.038397357154013143,0.17155049405656764,0.99950000000000006,63.13889844821432
5g (m=+0),5,4,0,375,19.730905765066975,0.789236230602679,0.0099593690589230375,0.038615147400137752,0.17357652935002063,0.99950000000000006,63.13889844821432
5g (m=+0),5,4,0,376,19.78352151377382,0.79134086055095276,0.0099606570871800422,0.038831411502193061,0.17561398369072809,0.99950000000000006,63.13889844821432
5g (m=+0),5,4,0,377,19.836137262480666,0.79344549049922664,0.0099616634282472683,0.039046124819989113,0.17766277613124618,0.99950000000000006,63.13889844821432
5g (m=+0),5,4,0,378,19.888753011187511,0.7955501204475004,0.0099623894900728472,0.03925926303320388,0.17972282443608401,0.99950000000000006,63.13889844821432
5g (m=+0),5,4,0,379,19.941368759894356,0.79765475039577427,0.009962836692944968,0.039470802145177085,0.18179404509863362,0.99950000000000006,63.13889844821432
5g (m=+0),5,4,0,380,19.993984508601201,0.79975938034404803,0.0099630064692051608,0.039680718486584408,0.18387635335829633,0.99950000000000006,63.13889844821432
5g (m=+0),5,4,0,381,20.046600257308047,0.8018640102923219,0.0099629002629636788,0.039888988718992525,0.18596966321779929,0.99950000000000006,63.13889844821432
5g (m=+0),5,4,0,382,20.099216006014892,0.80396864024059567,0.0099625195298169589,0.040095589838294511,0.18807388746069587,0.99950000000000006,63.13889844821432
5g (m=+0),5,4,0,383,20.151831754721737,0.80607327018886954,0.0099618657365672242,0.040300499178026458,0.19018893766904382,0.99950000000000006,63.13889844821432
5g (m=+0),5,4,0,384,20.204447503428582,0.8081779001371433,0.0099609403609441805,0.040503694412564614,0.19231472424125473,0.99950000000000006,63.13889844821432
5g (m=+0),5,4,0,385,20.257063252135428,0.81028253008541706,0.0099597448913288679,0.04070515356020396,0.19445115641010852,0.99950000000000006,63.13889844821432
5g (m=+0),5,4,0,386,20.309679000842273,0.81238716003369094,0.0099582808264796676,0.040904854986118122,0.19659814226092689,0.99950000000000006,63.13889844821432
5g (m=+0),5,4,0,387,20.362294749549118,0.8144917899819647,0.0099565496752604399,0.041102777405200686,0.19875558874989938,0.99950000000000006,63.13889844821432
5g (m=+0),5,4,0,388,20.414910498255963,0.81659641993023857,0.0099545529563708855,0.041298899884789061,0.20092340172255571,0.99950000000000006,63.13889844821432
5g (m=+0),5,4,0,389,20.467526246962809,0.81870104987851233,0.0099522921980790251,0.041493201847270011,0.20310148593237851,0.99950000000000006,63.13889844821432
5g (m=+0),5,4,0,390,20.520141995669654,0.82080567982678621,0.0099497689379559242,0.041685663072568539,0.20528974505954994,0.99950000000000006,63.13889844821432
5g (m=+0),5,4,0,391,20.572757744376499,0.82291030977505997,0.0099469847226125799,0.041876263700519598,0.20748808172982625,0.99950000000000006,63.13889844821432
5g (m=+0),5,4,0,392,20.625373493083345,0.82501493972333373,0.0099439411074390416,0.042064984233123728,0.20969639753353403,0.99950000000000006,63.13889844821432
5g (m=+0),5,4,0,393,20.67798924179019,0.8271195696716076,0.0099406396563457289,0.042251805536686705,0.21191459304468216,0.99950000000000006,63.13889844821432
5g (m=+0),5,4,0,394,20.730604990497035,0.82922419961988136,0.0099370819415069769,0.042436708843844068,0.21414256784018318,0.99950000000000006,63.13889844821432
5g (m=+0),5,4,0,395,20.78322073920388,0.83132882956815524,0.0099332695431068232,0.042619675755471056,0.21638022051917835,0.99950000000000006,63.13889844821432
5g (m=+0),5,4,0,396,20.835836487910726,0.833433459516429,0.0099292040490870075,0.042800688242478367,0.21862744872246004,0.99950000000000006,63.13889844821432
5g (m=+0),5,4,0,397,20.888452236617571,0.83553808946470287,0.0099248870548972259,0.042979728647494601,0.22088414915198565,0.99950000000000006,63.13889844821432
5g (m=+0),5,4,0,398,20.941067985324416,0.83764271941297663,0.0099203201632476375,0.043156779686436234,0.22315021759047723,0.99950000000000006,63.13889844821432
5g (m=+0),5,4,0,399,20.993683734031261,0.83974734936125051,0.0099155049838636038,0.043331824449965368,0.22542554892110059,0.99950000000000006,63.13889844821432
5g (m=+0),5,4,0,400,21.046299482738107,0.84185197930952427,0.0099104431332426874,0.043504846404836442,0.22771003714721824,0.99950000000000006,63.13889844821432
5g (m=+0),5,4,0,401,21.098915231444952,0.84395660925779803,0.0099051362344139172,0.043675829395132565,0.23000357541221031,0.99950000000000006,63.13889844821432
5g (m=+0),5,4,0,402,21.151530980151797,0.8460612392060719,0.0098995859166993126,0.043844757643392317,0.23230605601935761,0.99950000000000006,63.13889844821432
5g (m=+0),5,4,0,403,21.204146728858642,0.84816586915434566,0.009893793815477659,0.044011615751627674,0.23461737045178119,0.99950000000000006,63.13889844821432
5g (m=+0),5,4,0,404,21.256762477565488,0.85027049910261954,0.0098877615719505547,0.044176388702234171,0.23693740939243246,0.99950000000000006,63.13889844821432
5g (m=+0),5,4,0,405,21.309378226272333,0.8523751290508933,0.0098814908329107332,0.044339061858794201,0.23926606274412859,0.99950000000000006,63.13889844821432
5g (m=+0),5,4,0,406,21.361993974979178,0.85447975899916717,0.0098749832505126457,0.044499620966774192,0.24160321964962722,0.99950000000000006,63.13889844821432
5g (m=+0),5,4,0,407,21.414609723686024,0.85658438894744093,0.0098682404820453103,0.044658052154116744,0.24394876851173514,0.99950000000000006,63.13889844821432
5g (m=+0),5,4,0,408,21.467225472392869,0.85868901889571481,0.0098612641897074336,0.044814341931728736,0.24630259701344548,0.99950000000000006,63.13889844821432
5g (m=+0),5,4,0,409,21.519841221099714,0.86079364884398857,0.0098540560403848065,0.044968477193866319,0.24866459213809772,0.99950000000000006,63.13889844821432
5g (m=+0),5,4,0,410,21.572456969806559,0.86289827879226233,0.0098466177054299595,0.045120445218417904,0.25103464018955535,0.99950000000000006,63.13889844821432
5g (m=+0),5,4,0,411,21.625072718513405,0.8650029087405362,0.0098389508604440953,0.045270233667086206,0.25341262681239574,0.99950000000000006,63.13889844821432
5g (m=+0),5,4,0,412,21.67768846722025,0.86710753868880996,0.0098310571850612725,0.045417830585470158,0.25579843701210708,0.99950000000000006,63.13889844821432
5g (m=+0),5,4,0,413,21.730304215927095,0.86921216863708384,0.0098229383627348853,0.045563224403048413,0.25819195517528687,0.99950000000000006,63.13889844821432
5g (m=+0),5,4,0,414,21.78291996463394,0.8713167985853576,0.0098145960805263617,0.045706403933064667,0.26059306508983693,0.99950000000000006,63.13889844821432
5g (m=+0),5,4,0,415,21.835535713340786,0.87342142853363147,0.009806032028896166,0.045847358372316807,0.26300164996515002,0.99950000000000006,63.13889844821432
5g (m=+0),5,4,0,416,21.888151462047631,0.87552605848190523,0.0097972479014970301,0.045986077300850449,0.2654175924522828,0.99950000000000006,63.13889844821432
5g (m=+0),5,4,0,417,21.940767210754476,0.877630688430179,0.0097882453949694522,0.046122550681558246,0.26784077466411016,0.99950000000000006,63.13889844821432
5g (m=+0),5,4,0,418,21.993382959461321,0.87973531837845287,0.0097790262087394456,0.046256768859686263,0.27027107819545593,0.99950000000000006,63.13889844821432
5g (m=+0),5,4,0,419,22.045998708168167,0.88183994832672663,0.0097695920448185296,0.046388722562248311,0.27270838414319526,0.99950000000000006,63.13889844821432
5g (m=+0),5,4,0,420,22.098614456875012,0.8839445782750005,0.0097599446076059686,0.046518402897349827,0.27515257312632402,0.99950000000000006,63.13889844821432
5g (m=+0),5,4,0,421,22.151230205581857,0.88604920822327426,0.0097500856036932589,0.046645801353422382,0.27760352530598992,0.99950000000000006,63.13889844821432
5g (m=+0),5,4,0,422,22.203845954288703,0.88815383817154814,0.0097400167416708261,0.046770909798369814,0.28006112040548126,0.99950000000000006,63.13889844821432
5g (m=+0),5,4,0,423,22.256461702995548,0.8902584681198219,0.009729739731936974,0.04689372047862779,0.2825252377301683,0.99950000000000006,63.13889844821432
5g (m=+0),5,4,0,424,22.309077451702393,0.89236309806809577,0.0097192562865090551,0.047014226018137602,0.28499575618739315,0.99950000000000006,63.13889844821432
5g (m=+0),5,4,0,425,22.361693200409238,0.89446772801636953,0.0097085681188368456,0.047132419417235658,0.2874725543063032,0.99950000000000006,63.13889844821432
5g (m=+0),5,4,0,426,22.414308949116084,0.8965723579646433,0.0096976769436181443,0.04724829405146002,0.28995551025762401,0.99950000000000006,63.13889844821432
5g (m=+0),5,4,0,427,22.466924697822929,0.89867698791291717,0.0096865844766165742,0.047361843670275204,0.2924445018733674,0.99950000000000006,63.13889844821432
5g (m=+0),5,4,0,428,22.519540446529774,0.90078161786119093,0.0096752924344815881,0.047473062395716671,0.29493940666647017,0.99950000000000006,63.13889844821432
5g (m=+0),5,4,0,429,22.572156195236619,0.9028862478094648,0.0096638025345706681,0.047581944720956254,0.2974401018503593,0.99950000000000006,63.13889844821432
5g (m=+0),5,4,0,430,22.624771943943465,0.90499087775773857,0.009652116494773693,0.047688485508789735,0.29994646435843997,0.99950000000000006,63.13889844821432
5g (m=+0),5,4,0,431,22.67738769265031,0.90709550770601244,0.0096402360333395134,0.04779267999004834,0.30245837086350175,0.99950000000000006,63.13889844821432
5g (m=+0),5,4,0,432,22.730003441357155,0.9092001376542862,0.0096281628687046698,0.047894523761934926,0.30497569779703926,0.99950000000000006,63.13889844821432
5g (m=+0),5,4,0,433,22.782619190064,0.91130476760256007,0.0096158987193243062,0.047994012786286878,0.30749832136848343,0.99950000000000006,63.13889844821432
5g (m=+0),5,4,0,434,22.835234938770846,0.91340939755083383,0.009603445303505204,0.048091143387766329,0.3100261175843394,0.99950000000000006,63.13889844821432
5g (m=+0),5,4,0,435,22.887850687477691,0.9155140274991076,0.0095908043392409874,0.048185912251979809,0.31255896226722735,0.99950000000000006,63.13889844821432
5g (m=+0),5,4,0,436,22.940466436184536,0.91761865744738147,0.0095779775440494683,0.048278316423528249,0.31509673107482244,0.99950000000000006,63.13889844821432
5g (m=+0),5,4,0,437,22.993082184891382,0.91972328739565523,0.0095649666348120964,0.048368353303988705,0.31763929951869069,0.99950000000000006,63.13889844821432
5g (m=+0),5,4,0,438,23.045697933598227,0.9218279173439291,0.0095517733276155748,0.048456020649829679,0.32018654298301658,0.99950000000000006,63.13889844821432
5g (m=+0),5,4,0,439,23.098313682305072,0.92393254729220287,0.0095383993375955309,0.048541316570260555,0.32273833674321928,0.99950000000000006,63.13889844821432
5g (m=+0),5,4,0,440,23.150929431011917,0.92603717724047674,0.0095248463787823614,0.048624239525017716,0.32529455598445428,0.99950000000000006,63.13889844821432
5g (m=+0),5,4,0,441,23.203545179718763,0.9281418071887505,0.0095111161639490904,0.048704788322087314,0.32785507581999668,0.99950000000000006,63.13889844821432
5g (m=+0),5,4,0,442,23.256160928425608,0.93024643713702426,0.009497210404461387,0.04878296211536752,0.33041977130950306,0.99950000000000006,63.13889844821432
5g (m=+0),5,4,0,443,23.308776677132453,0.93235106708529814,0.0094831308101296086,0.048858760402270628,0.33298851747714886,0.99950000000000006,63.13889844821432
5g (m=+0),5,4,0,444,23.361392425839298,0.9344556970335719,0.0094688790890629215,0.048932183021266659,0.33556118932963797,0.99950000000000006,63.13889844821432
5g (m=+0),5,4,0,445,23.414008174546144,0.93656032698184577,0.0094544569475254973,0.049003230149370448,0.33813766187408162,0.99950000000000006,63.13889844821432
5g (m=+0),5,4,0,446,23.466623923252989,0.93866495693011953,0.0094398660897947097,0.049071902299572423,0.3407178101357437,0.99950000000000006,63.13889844821432
5g (m=+0),5,4,0,447,23.519239671959834,0.9407695868783934,0.009425108218021401,0.049138200318215634,0.34330150917564922,0.99950000000000006,63.13889844821432
5g (m=+0),5,4,0,448,23.571855420666679,0.94287421682666717,0.0094101850320921793,0.049202125382320099,0.34588863410805359,0.99950000000000006,63.13889844821432
5g (m=+0),5,4,0,449,23.624471169373525,0.94497884677494104,0.0093950982294936768,0.049263678996854979,0.34847906011776963,0.99950000000000006,63.13889844821432
5g (m=+0),5,4,0,450,23.67708691808037,0.9470834767232148,0.0093798495051788666,0.04932286299196148,0.35107266247734986,0.99950000000000006,63.13889844821432
5g (m=+0),5,4,0,451,23.729702666787215,0.94918810667148856,0.0093644405514353313,0.049379679520126576,0.35366931656412121,0.99950000000000006,63.13889844821432
5g (m=+0),5,4,0,452,23.782318415494061,0.95129273661976244,0.0093488730577555353,0.049434131053309675,0.35626889787707006,0.99950000000000006,63.13889844821432
5g (m=+0),5,4,0,453,23.834934164200906,0.9533973665680362,0.0093331487107090518,0.04948622038002326,0.3588712820535746,0.99950000000000006,63.13889844821432
5g (m=+0),5,4,0,454,23.887549912907751,0.95550199651631007,0.0093172691938167417,0.049535950602368872,0.36147634488598251,0.99950000000000006,63.13889844821432
5g (m=+0),5,4,0,455,23.940165661614596,0.95760662646458383,0.0093012361874268926,0.049583325133030161,0.36408396233803164,0.99950000000000006,63.13889844821432
5g (m=+0),5,4,0,456,23.992781410321442,0.95971125641285771,0.0092850513685932834,0.049628347692223858,0.36669401056111128,0.99950000000000006,63.13889844821432
5g (m=+0),5,4,0,457,24.045397159028287,0.96181588636113147,0.0092687164109551568,0.049671022304610277,0.36930636591036203,0.99950000000000006,63.13889844821432
5g (m=+0),5,4,0,458,24.098012907735132,0.96392051630940534,0.0092522329846191301,0.049711353296164856,0.37192090496061186,0.99950000000000006,63.13889844821432
5g (m=+0),5,4,0,459,24.150628656441977,0.9660251462576791,0.0092356027560429824,0.049749345291011764,0.37453750452214696,0.99950000000000006,63.13889844821432
5g (m=+0),5,4,0,460,24.203244405148823,0.96812977620595286,0.0092188273879213207,0.049785003208220921,0.37715604165631456,0.99950000000000006,63.13889844821432
5g (m=+0),5,4,0,461,24.255860153855668,0.97023440615422674,0.0092019085390731472,0.049818332258570186,0.37977639369095673,0.99950000000000006,63.13889844821432
5g (m=+0),5,4,0,462,24.308475902562513,0.9723390361025005,0.0091848478643312519,0.049849337941273324,0.3823984382356726,0.99950000000000006,63.13889844821432
5g (m=+0),5,4,0,463,24.361091651269358,0.97444366605077437,0.0091676470144334953,0.049878026040675948,0.38502205319690774,0.99950000000000006,63.13889844821432
5g (m=+0),5,4,0,464,24.413707399976204,0.97654829599904813,0.0091503076359158771,0.049904402622919591,0.38764711679286895,0.99950000000000006,63.13889844821432
5g (m=+0),5,4,0,465,24.466323148683049,0.97865292594732201,0.0091328313710074775,0.049928474032576567,0.39027350756826246,0.99950000000000006,63.13889844821432
5g (m=+0),5,4,0,466,24.518938897389894,0.98075755589559577,0.0091152198575271664,0.04995024688925552,0.39290110440885456,0.99950000000000006,63.13889844821432
5g (m=+0),5,4,0,467,24.57155464609674,0.98286218584386953,0.0090974747287821487,0.04996972808418014,0.39552978655585286,0.99950000000000006,63.13889844821432
5g (m=+0),5,4,0,468,24.624170394803585,0.9849668157921434,0.0090795976134682588,0.049986924776741333,0.39815943362010664,0.99950000000000006,63.13889844821432
5g (m=+0),5,4,0,469,24.67678614351043,0.98707144574041716,0.0090615901355720618,0.050001844391024917,0.40078992559612564,0.99950000000000006,63.13889844821432
5g (m=+0),5,4,0,470,24.729401892217275,0.98917607568869104,0.0090434539142746941,0.050014494612315476,0.40342114287591485,0.99950000000000006,63.13889844821432
5g (m=+0),5,4,0,471,24.782017640924121,0.9912807056369648,0.0090251905638574371,0.050024883383577641,0.40605296626262538,0.99950000000000006,63.13889844821432
5g (m=+0),5,4,0,472,24.834633389630966,0.99338533558523867,0.0090068016936090591,0.050033018901916672,0.40868527698401919,0.99950000000000006,63.13889844821432
5g (m=+0),5,4,0,473,24.887249138337811,0.99548996553351243,0.00898828890773486,0.050038909615018841,0.41131795670574739,0.99950000000000006,63.13889844821432
5g (m=+0),5,4,0,474,24.939864887044656,0.99759459548178631,0.0089696538052674111,0.050042564217572874,0.41395088754444059,0.99950000000000006,63.13889844821432
5g (m=+0),5,4,0,475,24.992480635751502,0.99969922543006007,0.0089508979799790157,0.05004399164767423,0.41658395208061033,0.99950000000000006,63.13889844821432
5g (m=+0),5,4,0,476,25.045096384458347,1.0018038553783339,0.0089320230202958161,0.050043201083212523,0.41921703337136129,0.99950000000000006,63.13889844821432
5g (m=+0),5,4,0,477,25.097712133165192,1.0039084853266076,0.0089130305092136059,0.050040201938244079,0.42185001496291274,0.99950000000000006,63.13889844821432
5g (m=+0),5,4,0,478,25.150327881872037,1.0060131152748815,0.0088939220242152759,0.050035003859350329,0.42448278090292879,0.99950000000000006,63.13889844821432
5g (m=+0),5,4,0,479,25.202943630578883,1.0081177452231553,0.0088746991371898912,0.050027616721983005,0.42711521575265671,0.99950000000000006,63.13889844821432
5g (m=+0),5,4,0,480,25.255559379285728,1.0102223751714292,0.0088553634143534298,0.050018050626797969,0.42974720459887278,0.99950000000000006,63.13889844821432
5g (m=+0),5,4,0,481,25.308175127992573,1.0123270051197029,0.0088359164161711003,0.050006315895977906,0.43237863306563468,0.99950000000000006,63.13889844821432
5g (m=+0),5,4,0,482,25.360790876699419,1.0144316350679767,0.0088163596972812702,0.049992423069545461,0.43500938732584038,0.99950000000000006,63.13889844821432
5g (m=+0),5,4,0,483,25.413406625406264,1.0165362650162506,0.0087966948064210071,0.04997638290166833,0.43763935411259275,0.99950000000000006,63.13889844821432
5g (m=+0),5,4,0,484,25.466022374113109,1.0186408949645243,0.0087769232863531537,0.049958206356956192,0.44026842073036954,0.99950000000000006,63.13889844821432
5g (m=+0),5,4,0,485,25.518638122819954,1.0207455249127981,0.0087570466737949965,0.049937904606751786,0.44289647506599833,0.99950000000000006,63.13889844821432
5g (m=+0),5,4,0,486,25.5712538715268,1.022850154861072,0.0087370664993484618,0.049915489025416399,0.44552340559943626,0.99950000000000006,63.13889844821432
5g (m=+0),5,4,0,487,25.623869620233645,1.0249547848093459,0.0087169842874318497,0.049890971186611011,0.44814910141435416,0.99950000000000006,63.13889844821432
5g (m=+0),5,4,0,488,25.67648536894049,1.0270594147576195,0.0086968015562131074,0.049864362859574442,0.45077345220852488,0.99950000000000006,63.13889844821432
5g (m=+0),5,4,0,489,25.729101117647335,1.0291640447058934,0.0086765198175445708,0.049835676005398746,0.45339634830401593,0.99950000000000006,63.13889844821432
5g (m=+0),5,4,0,490,25.781716866354181,1.0312686746541673,0.0086561405768992433,0.049804922773303756,0.45601768065718584,0.99950000000000006,63.13889844821432
5g (m=+0),5,4,0,491,25.834332615061026,1.0333733046024411,0.0086356653333085134,0.049772115496910879,0.45863734086848462,0.99950000000000006,63.13889844821432
5g (m=+0),5,4,0,492,25.886948363767871,1.0354779345507148,0.0086150955793013705,0.049737266690517916,0.4612552211920582,0.99950000000000006,63.13889844821432
5g (m=+0),5,4,0,493,25.939564112474716,1.0375825644989887,0.0085944328008450647,0.04970038904537525,0.46387121454515695,0.99950000000000006,63.13889844821432
5g (m=+0),5,4,0,494,25.992179861181562,1.0396871944472625,0.0085736784772871902,0.049661495425964514,0.46648521451734826,0.99950000000000006,63.13889844821432
5g (m=+0),5,4,0,495,26.044795609888407,1.0417918243955362,0.0085528340812992196,0.049620598866280861,0.4690971153795333,0.99950000000000006,63.13889844821432
5g (m=+0),5,4,0,496,26.097411358595252,1.0438964543438101,0.0085319010788214283,0.049577712566119328,0.4717068120927686,0.99950000000000006,63.13889844821432
5g (m=+0),5,4,0,497,26.150027107302098,1.0460010842920839,0.0085108809290092291,0.049532849887366615,0.47431420031689198,0.99950000000000006,63.13889844821432
5g (m=+0),5,4,0,498,26.202642856008943,1.0481057142403578,0.0084897750841809051,0.04948602435029905,0.47691917641895382,0.99950000000000006,63.13889844821432
5g (m=+0),5,4,0,499,26.255258604715788,1.0502103441886315,0.0084685849897666848,0.049437249629887131,0.47952163748145377,0.99950000000000006,63.13889844821432
5g (m=+0),5,4,0,500,26.307874353422633,1.0523149741369053,0.0084473120842591971,0.049386539552108269,0.48212148131038285,0.99950000000000006,63.13889844821432
5g (m=+0),5,4,0,501,26.360490102129479,1.0544196040851792,0.0084259577991652734,0.049333908090267858,0.48471860644307213,0.99950000000000006,63.13889844821432
5g (m=+0),5,4,0,502,26.413105850836324,1.0565242340334529,0.0084045235589590584,0.049279369361329949,0.48731291215584799,0.99950000000000006,63.13889844821432
5g (m=+0),5,4,0,503,26.465721599543169,1.0586288639817267,0.0083830107810364835,0.049222937622258281,0.48990429847149447,0.99950000000000006,63.13889844821432
5g (m=+0),5,4,0,504,26.518337348250014,1.0607334939300006,0.0083614208756709954,0.049164627266367972,0.49249266616652365,0.99950000000000006,63.13889844821432
5g (m=+0),5,4,0,505,26.57095309695686,1.0628381238782745,0.0083397552459706092,0.049104452819689351,0.49507791677825408,0.99950000000000006,63.13889844821432
5g (m=+0),5,4,0,506,26.623568845663705,1.0649427538265481,0.0083180152878362303,0.049042428937344139,0.49765995261169832,0.99950000000000006,63.13889844821432
5g (m=+0),5,4,0,507,26.67618459437055,1.067047383774822,0.0082962023899212436,0.048978570399935029,0.50023867674626044,0.99950000000000006,63.13889844821432
5g (m=+0),5,4,0,508,26.728800343077395,1.0691520137230959,0.0082743179335923577,0.048912892109949271,0.50281399304224328,0.99950000000000006,63.13889844821432
5g (m=+0),5,4,0,509,26.781416091784241,1.0712566436713695,0.0082523632928916783,0.048845409088176826,0.50538580614716766,0.99950000000000006,63.13889844821432
5g (m=+0),5,4,0,510,26.834031840491086,1.0733612736196434,0.0082303398345000243,0.048776136470144248,0.50795402150190294,0.99950000000000006,63.13889844821432
5g (m=+0),5,4,0,511,26.886647589197931,1.0754659035679173,0.0082082489177014439,0.04870508950256431,0.51051854534661056,0.99950000000000006,63.13889844821432
5g (m=+0),5,4,0,512,26.939263337904777,1.0775705335161911,0.0081860918943489243,0.048632283539802548,0.51307928472650133,0.99950000000000006,63.13889844821432
5g (m=+0),5,4,0,513,26.991879086611622,1.0796751634644648,0.0081638701088313261,0.048557734040361455,0.51563614749740727,0.99950000000000006,63.13889844821432
5g (m=+0),5,4,0,514,27.044494835318467,1.0817797934127387,0.0081415848980414315,0.048481456563382201,0.51818904233116836,0.99950000000000006,63.13889844821432
5g (m=+0),5,4,0,515,27.097110584025312,1.0838844233610125,0.0081192375913452155,0.048403466765165513,0.52073787872083677,0.99950000000000006,63.13889844821432
5g (m=+0),5,4,0,516,27.149726332732158,1.0859890533092864,0.0080968295105522253,0.048323780395711641,0.52328256698569753,0.99950000000000006,63.13889844821432
5g (m=+0),5,4,0,517,27.202342081439003,1.0880936832575601,0.0080743619698870998,0.048242413295279972,0.52582301827610844,0.99950000000000006,63.13889844821432
5g (m=+0),5,4,0,518,27.254957830145848,1.0901983132058339,0.0080518362759622389,0.048159381390969626,0.52835914457815869,0.99950000000000006,63.13889844821432
5g (m=+0),5,4,0,519,27.307573578852693,1.0923029431541078,0.0080292537277515379,0.048074700693320371,0.53089085871814912,0.99950000000000006,63.13889844821432
5g (m=+0),5,4,0,520,27.360189327559539,1.0944075731023815,0.0080066156165652744,0.047988387292935829,0.53341807436689337,0.99950000000000006,63.13889844821432
5g (m=+0),5,4,0,521,27.412805076266384,1.0965122030506553,0.0079839232260260264,0.047900457357128119,0.53594070604384214,0.99950000000000006,63.13889844821432
5g (m=+0),5,4,0,522,27.465420824973229,1.0986168329989292,0.0079611778320456961,0.047810927126585447,0.5384586691210318,0.99950000000000006,63.13889844821432
5g (m=+0),5,4,0,523,27.518036573680074,1.1007214629472031,0.007938380702803588,0.047719812912062835,0.54097187982685802,0.99950000000000006,63.13889844821432
5g (m=+0),5,4,0,524,27.57065232238692,1.1028260928954767,0.0079155330987255128,0.047627131091096161,0.54348025524967591,0.99950000000000006,63.13889844821432
5g (m=+0),5,4,0,525,27.623268071093765,1.1049307228437506,0.007892636272463973,0.047532898104740783,0.54598371334122797,0.99950000000000006,63.13889844821432
5g (m=+0),5,4,0,526,27.67588381980061,1.1070353527920245,0.0078696914688793102,0.047437130454334051,0.54848217291990109,0.99950000000000006,63.13889844821432
5g (m=+0),5,4,0,527,27.728499568507456,1.1091399827402981,0.0078466999250219119,0.047339844698283388,0.55097555367381357,0.99950000000000006,63.13889844821432
5g (m=+0),5,4,0,528,27.781115317214301,1.111244612688572,0.007823662870115395,0.047241057448879527,0.55346377616373454,0.99950000000000006,63.13889844821432
5g (m=+0),5,4,0,529,27.833731065921146,1.1133492426368459,0.0078005815255407706,0.047140785369135497,0.55594676182583536,0.99950000000000006,63.13889844821432
5g (m=+0),5,4,0,530,27.886346814627991,1.1154538725851197,0.0077774571048216034,0.047039045169652217,0.55842443297427646,0.99950000000000006,63.13889844821432
5g (m=+0),5,4,0,531,27.938962563334837,1.1175585025333934,0.0077542908136101051,0.046935853605510378,0.56089671280362907,0.99950000000000006,63.13889844821432
5g (m=+0),5,4,0,532,27.991578312041682,1.1196631324816673,0.007731083849674191,0.046831227473189393,0.56336352539113466,0.99950000000000006,63.13889844821432
5g (m=+0),5,4,0,533,28.044194060748527,1.1217677624299411,0.0077078374028854884,0.04672518360751416,0.56582479569880295,0.99950000000000006,63.13889844821432
5g (m=+0),5,4,0,534,28.096809809455372,1.1238723923782148,0.0076845526552082391,0.046617738878628918,0.56828044957534962,0.99950000000000006,63.13889844821432
5g (m=+0),5,4,0,535,28.149425558162218,1.1259770223264887,0.0076612307806891459,0.046508910188999844,0.57073041375797606,0.99950000000000006,63.13889844821432
5g (m=+0),5,4,0,536,28.202041306869063,1.1280816522747625,0.0076378729454481004,0.046398714470445523,0.57317461587399166,0.99950000000000006,63.13889844821432
5g (m=+0),5,4,0,537,28.254657055575908,1.1301862822230364,0.0076144803076698062,0.046287168681196533,0.57561298444228104,0.99950000000000006,63.13889844821432
5g (m=+0),5,4,0,538,28.307272804282753,1.1322909121713101,0.0075910540175962984,0.046174289802983971,0.57804544887461706,0.99950000000000006,63.13889844821432
5g (m=+0),5,4,0,539,28.359888552989599,1.1343955421195839,0.0075675952175202899,0.046060094838157067,0.58047193947682141,0.99950000000000006,63.13889844821432
5g (m=+0),5,4,0,540,28.412504301696444,1.1365001720678578,0.0075441050417794286,0.045944600806830951,0.58289238744977467,0.99950000000000006,63.13889844821432
5g (m=+0),5,4,0,541,28.465120050403289,1.1386048020161317,0.0075205846167513456,0.045827824744063654,0.58530672489027646,0.99950000000000006,63.13889844821432
5g (m=+0),5,4,0,542,28.517735799110135,1.1407094319644053,0.0074970350608495658,0.045709783697063654,0.58771488479175849,0.99950000000000006,63.13889844821432
5g (m=+0),5,4,0,543,28.57035154781698,1.1428140619126792,0.0074734574845202453,0.045590494722427773,0.59011680104485098,0.99950000000000006,63.13889844821432
5g (m=+0),5,4,0,544,28.622967296523825,1.1449186918609531,0.007449852990239687,0.045469974883409356,0.59251240843780495,0.99950000000000006,63.13889844821432
5g (m=+0),5,4,0,545,28.67558304523067,1.1470233218092267,0.0074262226725126954,0.045348241247217702,0.59490164265677148,0.99950000000000006,63.13889844821432
5g (m=+0),5,4,0,546,28.728198793937516,1.1491279517575006,0.0074025676178716918,0.045225310882348213,0.5972844402859393,0.99950000000000006,63.13889844821432
5g (m=+0),5,4,0,547,28.780814542644361,1.1512325817057745,0.0073788889048766087,0.045101200855943727,0.59966073880753323,0.99950000000000006,63.13889844821432
5g (m=+0),5,4,0,548,28.833430291351206,1.1533372116540483,0.0073551876041155692,0.044975928231187561,0.60203047660167452,0.99950000000000006,63.13889844821432
5g (m=+0),5,4,0,549,28.886046040058051,1.155441841602322,0.007331464778206306,0.044849510064727885,0.60439359294610462,0.99950000000000006,63.13889844821432
5g (m=+0),5,4,0,550,28.938661788764897,1.1575464715505959,0.0073077214817983205,0.044721963404133751,0.60675002801577438,0.99950000000000006,63.13889844821432
5g (m=+0),5,4,0,551,28.991277537471742,1.1596511014988697,0.0072839587615757895,0.044593305285383217,0.60909972288230041,0.99950000000000006,63.13889844821432
5g (m=+0),5,4,0,552,29.043893286178587,1.1617557314471434,0.0072601776562611874,0.044463552730383382,0.61144261951328982,0.99950000000000006,63.13889844821432
5g (m=+0),5,4,0,553,29.096509034885432,1.1638603613954173,0.0072363791966196271,0.044332722744522643,0.61377866077153553,0.99950000000000006,63.13889844821432
5g (m=+0),5,4,0,554,29.149124783592278,1.1659649913436911,0.007212564405463885,0.044200832314254992,0.6161077904140837,0.99950000000000006,63.13889844821432
5g (m=+0),5,4,0,555,29.201740532299123,1.168069621291965,0.0071887342976601461,0.044067898404717039,0.61842995309117454,0.99950000000000006,63.13889844821432
5g (m=+0),5,4,0,556,29.254356281005968,1.1701742512402387,0.0071648898801344079,0.043933937957377218,0.62074509434505898,0.99950000000000006,63.13889844821432
5g (m=+0),5,4,0,557,29.306972029712814,1.1722788811885125,0.0071410321518795544,0.043798967887717588,0.62305316060869242,0.99950000000000006,63.13889844821432
5g (m=+0),5,4,0,558,29.359587778419659,1.1743835111367864,0.0071171621039631192,0.043663005082948562,0.62535409920430718,0.99950000000000006,63.13889844821432
5g (m=+0),5,4,0,559,29.412203527126504,1.1764881410850601,0.0070932807195356546,0.043526066399755779,0.62764785834186576,0.99950000000000006,63.13889844821432
5g (m=+0),5,4,0,560,29.464819275833349,1.1785927710333339,0.0070693889738397842,0.043388168662080354,0.62993438711739635,0.99950000000000006,63.13889844821432
5g (m=+0),5,4,0,561,29.517435024540195,1.1806974009816078,0.0070454878342198577,0.043249328658931448,0.63221363551121257,0.99950000000000006,63.13889844821432
5g (m=+0),5,4,0,562,29.57005077324704,1.1828020309298817,0.0070215782601322297,0.043109563142231876,0.63448555438601839,0.99950000000000006,63.13889844821432
5g (m=+0),5,4,0,563,29.622666521953885,1.1849066608781553,0.0069976612031561782,0.042968888824696842,0.63675009548490147,0.99950000000000006,63.13889844821432
5g (m=+0),5,4,0,564,29.67528227066073,1.1870112908264292,0.006973737607005372,0.04282732237774492,0.63900721142921502,0.99950000000000006,63.13889844821432
5g (m=+0),5,4,0,565,29.727898019367576,1.1891159207747031,0.0069498084075399827,0.042684880429442705,0.64125685571635094,0.99950000000000006,63.13889844821432
5g (m=+0),5,4,0,566,29.780513768074421,1.1912205507229769,0.0069258745327793357,0.042541579562481724,0.64349898271740547,0.99950000000000006,63.13889844821432
5g (m=+0),5,4,0,567,29.833129516781266,1.1933251806712506,0.0069019369029151628,0.042397436312188695,0.64573354767473967,0.99950000000000006,63.13889844821432
5g (m=+0),5,4,0,568,29.885745265488111,1.1954298106195245,0.0068779964303254107,0.04225246716456859,0.6479605066994355,0.99950000000000006,63.13889844821432
5g (m=+0),5,4,0,569,29.938361014194957,1.1975344405677983,0.0068540540195885799,0.042106688554380191,0.65017981676865044,0.99950000000000006,63.13889844821432
5g (m=+0),5,4,0,570,29.990976762901802,1.199639070516072,0.00683011056749865,0.041960116863245155,0.65239143572287095,0.99950000000000006,63.13889844821432
5g (m=+0),5,4,0,571,30.043592511608647,1.2017437004643459,0.0068061669630804953,0.041812768417789199,0.65459532226306805,0.99950000000000006,63.13889844821432
5g (m=+0),5,4,0,572,30.096208260315493,1.2038483304126197,0.0067822240876058617,0.041664659487816544,0.65679143594775558,0.99950000000000006,63.13889844821432
5g (m=+0),5,4,0,573,30.148824009022338,1.2059529603608936,0.0067582828146098423,0.041515806284516843,0.65897973718995329,0.99950000000000006,63.13889844821432
5g (m=+0),5,4,0,574,30.201439757729183,1.2080575903091673,0.0067343440099078495,0.041366224958704539,0.66116018725405645,0.99950000000000006,63.13889844821432
5g (m=+0),5,4,0,575,30.254055506436028,1.2101622202574411,0.006710408531613127,0.041215931599091434,0.66333274825261368,0.99950000000000006,63.13889844821432
5g (m=+0),5,4,0,576,30.306671255142874,1.212266850205715,0.0066864772301546962,0.041064942230590866,0.66549738314301476,0.99950000000000006,63.13889844821432
5g (m=+0),5,4,0,577,30.359287003849719,1.2143714801539887,0.0066625509482958261,0.040913272812655069,0.66765405572409031,0.99950000000000006,63.13889844821432
5g (m=+0),5,4,0,578,30.411902752556564,1.2164761101022625,0.0066386305211529675,0.040760939237644504,0.66980273063262441,0.99950000000000006,63.13889844821432
5g (m=+0),5,4,0,579,30.464518501263409,1.2185807400505364,0.0066147167762151187,0.040607957329229234,0.67194337333978238,0.99950000000000006,63.13889844821432
5g (m=+0),5,4,0,580,30.517134249970255,1.2206853699988103,0.0065908105333637099,0.040454342840823013,0.67407595014745558,0.99950000000000006,63.13889844821432
5g (m=+0),5,4,0,581,30.5697499986771,1.2227899999470839,0.0065669126048928522,0.040300111454048507,0.6762004281845243,0.99950000000000006,63.13889844821432
5g (m=+0),5,4,0,582,30.622365747383945,1.2248946298953578,0.0065430237955301064,0.040145278777235338,0.67831677540304103,0.99950000000000006,63.13889844821432
5g (m=+0),5,4,0,583,30.674981496090791,1.2269992598436317,0.0065191449024576253,0.039989860343949267,0.68042496057433521,0.99950000000000006,63.13889844821432
5g (m=+0),5,4,0,584,30.727597244797636,1.2291038897919053,0.0064952767153337379,0.039833871611553141,0.68252495328504181,0.99950000000000006,63.13889844821432
5g (m=+0),5,4,0,585,30.780212993504481,1.2312085197401792,0.0064714200163149497,0.03967732795979953,0.68461672393305484,0.99950000000000006,63.13889844821432
5g (m=+0),5,4,0,586,30.832828742211326,1.2333131496884531,0.0064475755800783401,0.039520244689454538,0.68670024372340743,0.99950000000000006,63.13889844821432
5g (m=+0),5,4,0,587,30.885444490918172,1.2354177796367269,0.006423744173844362,0.039362637020952884,0.68877548466408078,0.99950000000000006,63.13889844821432
5g (m=+0),5,4,0,588,30.938060239625017,1.2375224095850006,0.0063999265574000326,0.03920452009308411,0.69084241956174253,0.99950000000000006,63.13889844821432
5g (m=+0),5,4,0,589,30.990675988331862,1.2396270395332745,0.006376123483122503,0.039045908961709647,0.69290102201741743,0.99950000000000006,63.13889844821432
5g (m=+0),5,4,0,590,31.043291737038707,1.2417316694815483,0.006352335696002998,0.038886818598510599,0.69495126642209126,0.99950000000000006,63.13889844821432
5g (m=+0),5,4,0,591,31.095907485745553,1.2438362994298222,0.0063285639336711245,0.038727263889766071,0.69699312795224899,0.99950000000000006,63.13889844821432
5g (m=+0),5,4,0,592,31.148523234452398,1.2459409293780959,0.0063048089264195481,0.038567259635162159,0.69902658256535044,0.99950000000000006,63.13889844821432
5g (m=+0),5,4,0,593,31.201138983159243,1.2480455593263697,0.006281071397228998,0.038406820546630714,0.70105160699524338,0.99950000000000006,63.13889844821432
5g (m=+0),5,4,0,594,31.253754731866088,1.2501501892746436,0.0062573520617936413,0.038245961247218657,0.70306817874751626,0.99950000000000006,63.13889844821432
5g (m=+0),5,4,0,595,31.306370480572934,1.2522548192229173,0.0062336516285467769,0.038084696269986826,0.70507627609479306,0.99950000000000006,63.13889844821432
5g (m=+0),5,4,0,596,31.358986229279779,1.2543594491711911,0.0062099707986868558,0.037923040056938521,0.70707587807196992,0.99950000000000006,63.13889844821432
5g (m=+0),5,4,0,597,31.411601977986624,1.256464079119465,0.0061863102662038328,0.037761006957977614,0.70906696447139683,0.99950000000000006,63.13889844821432
5g (m=+0),5,4,0,598,31.46421772669347,1.2585687090677389,0.0061626707179058288,0.037598611229895974,0.71104951583800535,0.99950000000000006,63.13889844821432
5g (m=+0),5,4,0,599,31.516833475400315,1.2606733390160125,0.0061390528334460976,0.037435867035389814,0.71302351346438309,0.99950000000000006,63.13889844821432
5g (m=+0),5,4,0,600,31.56944922410716,1.2627779689642864,0.0061154572853502941,0.037272788442105048,0.71498893938579811,0.99950000000000006,63.13889844821432
5g (m=+0),5,4,0,601,31.622064972814005,1.2648825989125603,0.0060918847390440357,0.037109389421711172,0.71694577637517332,0.99950000000000006,63.13889844821432
5g (m=+0),5,4,0,602,31.674680721520851,1.2669872288608339,0.0060683358528807393,0.036945683849003638,0.71889400793801284,0.99950000000000006,63.13889844821432
5g (m=+0),5,4,0,603,31.727296470227696,1.2690918588091078,0.0060448112781697674,0.036781685501034611,0.72083361830728199,0.99950000000000006,63.13889844821432
5g (m=+0),5,4,0,604,31.779912218934541,1.2711964887573817,0.0060213116592048024,0.036617408056271353,0.72276459243824276,0.99950000000000006,63.13889844821432
5g (m=+0),5,4,0,605,31.832527967641386,1.2733011187056555,0.005997837633292531,0.03645286509378283,0.72468691600324464,0.99950000000000006,63.13889844821432
5g (m=+0),5,4,0,606,31.885143716348232,1.2754057486539292,0.0059743898307815513,0.036288070092453467,0.7266005753864746,0.99950000000000006,63.13889844821432
5g (m=+0),5,4,0,607,31.937759465055077,1.2775103786022031,0.0059509688750915488,0.03612303643022443,0.72850555767866554,0.99950000000000006,63.13889844821432
5g (m=+0),5,4,0,608,31.990375213761922,1.2796150085504769,0.005927575382742729,0.035957777383362054,0.73040185067176577,0.99950000000000006,63.13889844821432
5g (m=+0),5,4,0,609,32.042990962468764,1.2817196384987506,0.0059042099633854674,0.035792306125752939,0.732289442853571,0.99950000000000006,63.13889844821432
5g (m=+0),5,4,0,610,32.095606711175613,1.2838242684470245,0.0058808732198301966,0.035626635728225636,0.73416832340231997,0.99950000000000006,63.13889844821432
5g (m=+0),5,4,0,611,32.148222459882462,1.2859288983952986,0.0058575657480775438,0.035460779157899018,0.73603848218125389,0.99950000000000006,63.13889844821432
5g (m=+0),5,4,0,612,32.200838208589303,1.2880335283435722,0.0058342881373486567,0.035294749277556291,0.73789990973314379,0.99950000000000006,63.13889844821432
5g (m=+0),5,4,0,613,32.253453957296145,1.2901381582918459,0.0058110409701157655,0.035128558845045364,0.73975259727478548,0.99950000000000006,63.13889844821432
5g (m=+0),5,4,0,614,32.306069706002994,1.2922427882401197,0.0057878248221329334,0.034962220512704326,0.74159653669146275,0.99950000000000006,63.13889844821432
5g (m=+0),5,4,0,615,32.358685454709843,1.2943474181883936,0.0057646402624670443,0.034795746826812884,0.74343172053138107,0.99950000000000006,63.13889844821432
5g (m=+0),5,4,0,616,32.411301203416684,1.2964520481366675,0.0057414878535289524,0.034629150227068403,0.74525814200007379,0.99950000000000006,63.13889844821432
5g (m=+0),5,4,0,617,32.463916952123526,1.2985566780849411,0.0057183681511048245,0.034462443046087053,0.7470757949547816,0.99950000000000006,63.13889844821432
5g (m=+0),5,4,0,618,32.516532700830375,1.300661308033215,0.0056952817043876931,0.034295637508929527,0.74888467389880564,0.99950000000000006,63.13889844821432
5g (m=+0),5,4,0,619,32.569148449537224,1.3027659379814889,0.0056722290560091721,0.034128745732651233,0.75068477397583566,0.99950000000000006,63.13889844821432
5g (m=+0),5,4,0,620,32.621764198244065,1.3048705679297625,0.0056492107420713384,0.033961779725876259,0.75247609096425705,0.99950000000000006,63.13889844821432
5g (m=+0),5,4,0,621,32.674379946950907,1.3069751978780362,0.0056262272921787882,0.033794751388395418,0.75425862127143495,0.99950000000000006,63.13889844821432
5g (m=+0),5,4,0,622,32.726995695657756,1.3090798278263103,0.0056032792294708643,0.03362767251078784,0.75603236192797796,0.99950000000000006,63.13889844821432
5g (m=+0),5,4,0,623,32.779611444364605,1.3111844577745841,0.0055803670706540279,0.033460554774065766,0.75779731058198185,0.99950000000000006,63.13889844821432
5g (m=+0),5,4,0,624,32.832227193071446,1.3132890877228578,0.0055574913260343899,0.033293409749342411,0.75955346549325642,0.99950000000000006,63.13889844821432
5g (m=+0),5,4,0,625,32.884842941778288,1.3153937176711314,0.0055346524995503769,0.03312624889752263,0.7613008255275352,0.99950000000000006,63.13889844821432
5g (m=+0),5,4,0,626,32.937458690485137,1.3174983476194055,0.005511851088805547,0.032959083569015966,0.76303939015066913,0.99950000000000006,63.13889844821432
5g (m=+0),5,4,0,627,32.990074439191986,1.3196029775676794,0.0054890875851015446,0.03279192500347209,0.7647691594228051,0.99950000000000006,63.13889844821432
5g (m=+0),5,4,0,628,33.042690187898828,1.3217076075159531,0.0054663624734711883,0.032624784329538213,0.76649013399255217,0.99950000000000006,63.13889844821432
5g (m=+0),5,4,0,629,33.095305936605669,1.3238122374642267,0.0054436762327116439,0.032457672564637753,0.76820231509113612,0.99950000000000006,63.13889844821432
5g (m=+0),5,4,0,630,33.147921685312518,1.3259168674125008,0.0054210293354177829,0.032290600614771091,0.76990570452654117,0.99950000000000006,63.13889844821432
5g (m=+0),5,4,0,631,33.200537434019367,1.3280214973607747,0.0053984222480156089,0.032123579274336976,0.77160030467764273,0.99950000000000006,63.13889844821432
5g (m=+0),5,4,0,632,33.253153182726209,1.3301261273090483,0.0053758554307958119,0.031956619225975008,0.77328611848833118,0.99950000000000006,63.13889844821432
5g (m=+0),5,4,0,633,33.30576893143305,1.332230757257322,0.005353329337947417,0.031789731040428565,0.77496314946162892,0.99950000000000006,63.13889844821432
5g (m=+0),5,4,0,634,33.358384680139899,1.3343353872055959,0.0053308444175915425,0.031622925176428236,0.77663140165379885,0.99950000000000006,63.13889844821432
5g (m=+0),5,4,0,635,33.411000428846748,1.33644001715387,0.0053084011118152696,0.031456211980595318,0.77829087966844823,0.99950000000000006,63.13889844821432
5g (m=+0),5,4,0,636,33.46361617755359,1.3385446471021436,0.005285999856705568,0.031289601687364818,0.77994158865062813,0.99950000000000006,63.13889844821432
5g (m=+0),5,4,0,637,33.516231926260431,1.3406492770504173,0.0052636410823833201,0.03112310441892811,0.78158353428092942,0.99950000000000006,63.13889844821432
5g (m=+0),5,4,0,638,33.56884767496728,1.3427539069986911,0.0052413252130374581,0.030956730185195083,0.7832167227695761,0.99950000000000006,63.13889844821432
5g (m=+0),5,4,0,639,33.621463423674129,1.3448585369469652,0.0052190526669591356,0.030790488883774784,0.78484116085051592,0.99950000000000006,63.13889844821432
5g (m=+0),5,4,0,640,33.674079172380971,1.3469631668952389,0.0051968238565760052,0.030624390299975112,0.7864568557755125,0.99950000000000006,63.13889844821432
5g (m=+0),5,4,0,641,33.726694921087812,1.3490677968435125,0.0051746391884865336,0.030458444106820613,0.78806381530823733,0.99950000000000006,63.13889844821432
5g (m=+0),5,4,0,642,33.779310669794661,1.3511724267917864,0.005152499063494409,0.030292659865088674,0.78966204771836213,0.99950000000000006,63.13889844821432
5g (m=+0),5,4,0,643,33.83192641850151,1.3532770567400605,0.0051304038766430034,0.030127047023363475,0.79125156177565426,0.99950000000000006,63.13889844821432
5g (m=+0),5,4,0,644,33.884542167208352,1.3553816866883341,0.0051083540172498802,0.029961614918107476,0.79283236674407565,0.99950000000000006,63.13889844821432
5g (m=+0),5,4,0,645,33.937157915915193,1.3574863166366078,0.0050863498689413559,0.029796372773750263,0.79440447237588629,0.99950000000000006,63.13889844821432
5g (m=+0),5,4,0,646,33.989773664622042,1.3595909465848817,0.0050643918096871191,0.029631329702794449,0.79596788890575187,0.99950000000000006,63.13889844821432
5g (m=+0),5,4,0,647,34.042389413328891,1.3616955765331555,0.0050424802118348841,0.029466494705938272,0.79752262704485755,0.99950000000000006,63.13889844821432
5g (m=+0),5,4,0,648,34.095005162035733,1.3638002064814294,0.0050206154421451061,0.029301876672215017,0.79906869797502922,0.99950000000000006,63.13889844821432
5g (m=+0),5,4,0,649,34.147620910742575,1.3659048364297031,0.0049987978618256778,0.029137484379147951,0.80060611334286269,0.99950000000000006,63.13889844821432
5g (m=+0),5,4,0,650,34.200236659449423,1.3680094663779769,0.0049770278265667284,0.028973326492922068,0.80213488525386067,0.99950000000000006,63.13889844821432
5g (m=+0),5,4,0,651,34.252852408156272,1.3701140963262508,0.0049553056865754026,0.028809411568570909,0.80365502626657925,0.99950000000000006,63.13889844821432
5g (m=+0),5,4,0,652,34.305468156863114,1.3722187262745245,0.0049336317866106889,0.028645748050179203,0.80516654938678511,0.99950000000000006,63.13889844821432
5g (m=+0),5,4,0,653,34.358083905569956,1.3743233562227983,0.0049120064660182422,0.028482344271100281,0.80666946806162398,0.99950000000000006,63.13889844821432
5g (m=+0),5,4,0,654,34.410699654276804,1.3764279861710722,0.0048904300587652508,0.028319208454188685,0.8081637961738003,0.99950000000000006,63.13889844821432
5g (m=+0),5,4,0,655,34.463315402983653,1.3785326161193461,0.004868902893475315,0.028156348712047388,0.80964954803576927,0.99950000000000006,63.13889844821432
5g (m=+0),5,4,0,656,34.515931151690495,1.3806372460676197,0.0048474252934633168,0.027993773047289179,0.81112673838394322,0.99950000000000006,63.13889844821432
5g (m=+0),5,4,0,657,34.568546900397337,1.3827418760158934,0.0048259975767703011,0.027831489352812239,0.81259538237291185,0.99950000000000006,63.13889844821432
5g (m=+0),5,4,0,658,34.621162649104186,1.3848465059641675,0.0048046200561983818,0.027669505412089682,0.81405549556967693,0.99950000000000006,63.13889844821432
5g (m=+0),5,4,0,659,34.673778397811034,1.3869511359124413,0.0047832930393456241,0.027507828899472498,0.81550709394790244,0.99950000000000006,63.13889844821432
5g (m=+0),5,4,0,660,34.726394146517876,1.389055765860715,0.0047620168286409336,0.027346467380505911,0.81695019388218149,0.99950000000000006,63.13889844821432
5g (m=+0),5,4,0,661,34.779009895224718,1.3911603958089886,0.00474079172137893,0.027185428312258699,0.81838481214232062,0.99950000000000006,63.13889844821432
5g (m=+0),5,4,0,662,34.831625643931567,1.3932650257572627,0.0047196180097548229,0.027024719043665435,0.81981096588764091,0.99950000000000006,63.13889844821432
5g (m=+0),5,4,0,663,34.884241392638415,1.3953696557055366,0.0046984959808992694,0.026864346815881218,0.82122867266129729,0.99950000000000006,63.13889844821432
5g (m=+0),5,4,0,664,34.936857141345257,1.3974742856538103,0.004677425916913217,0.02670431876264874,0.82263795038461762,0.99950000000000006,63.13889844821432
5g (m=+0),5,4,0,665,34.989472890052099,1.3995789156020839,0.0046564080949027149,0.026544641910677243,0.82403881735146178,0.99950000000000006,63.13889844821432
5g (m=+0),5,4,0,666,35.042088638758948,1.401683545550358,0.0046354427870137164,0.026385323180033417,0.82543129222259937,0.99950000000000006,63.13889844821432
5g (m=+0),5,4,0,667,35.094704387465796,1.4037881754986319,0.0046145302604668594,0.026226369384543861,0.82681539402010928,0.99950000000000006,63.13889844821432
5g (m=+0),5,4,0,668,35.147320136172638,1.4058928054469055,0.0045936707775922148,0.026067787232208792,0.82819114212180089,0.99950000000000006,63.13889844821432
5g (m=+0),5,4,0,669,35.19993588487948,1.4079974353951792,0.0045728645958639765,0.025909583325626564,0.82955855625565766,0.99950000000000006,63.13889844821432
5g (m=+0),5,4,0,670,35.252551633586329,1.4101020653434531,0.0045521119679351645,0.025751764162429427,0.83091765649430205,0.99950000000000006,63.13889844821432
5g (m=+0),5,4,0,671,35.305167382293178,1.4122066952917272,0.0045314131416722596,0.02559433613572952,0.83226846324948434,0.99950000000000006,63.13889844821432
5g (m=+0),5,4,0,672,35.357783131000019,1.4143113252400008,0.0045107683601898112,0.025437305534575322,0.83361099726659549,0.99950000000000006,63.13889844821432
5g (m=+0),5,4,0,673,35.410398879706861,1.4164159551882745,0.0044901778618849893,0.025280678544418074,0.83494527961920439,0.99950000000000006,63.13889844821432
5g (m=+0),5,4,0,674,35.46301462841371,1.4185205851365483,0.0044696418804720996,0.025124461247588062,0.83627133170361934,0.99950000000000006,63.13889844821432
5g (m=+0),5,4,0,675,35.515630377120559,1.4206252150848224,0.004449160645017069,0.024968659623780726,0.8375891752334742,0.99950000000000006,63.13889844821432
5g (m=+0),5,4,0,676,35.5682461258274,1.4227298450330961,0.0044287343799718501,0.024813279550551803,0.83889883223434214,0.99950000000000006,63.13889844821432
5g (m=+0),5,4,0,677,35.620861874534242,1.4248344749813697,0.0044083633052087777,0.02465832680382166,0.84020032503837494,0.99950000000000006,63.13889844821432
5g (m=+0),5,4,0,678,35.673477623241091,1.4269391049296436,0.0043880476360548971,0.024503807058388838,0.84149367627896821,0.99950000000000006,63.13889844821432
5g (m=+0),5,4,0,679,35.72609337194794,1.4290437348779177,0.0043677875833262074,0.024349725888451912,0.84277890888545459,0.99950000000000006,63.13889844821432
5g (m=+0),5,4,0,680,35.778709120654781,1.4311483648261913,0.0043475833533618566,0.024196088768140007,0.8440560460778247,0.99950000000000006,63.13889844821432
5g (m=+0),5,4,0,681,35.831324869361623,1.433252994774465,0.0043274351480582663,0.024042901072051415,0.84532511136147637,0.99950000000000006,63.13889844821432
5g (m=+0),5,4,0,682,35.883940618068472,1.4353576247227389,0.0043073431649032004,0.023890168075800293,0.846586128521992,0.99950000000000006,63.13889844821432
5g (m=+0),5,4,0,683,35.936556366775321,1.4374622546710127,0.0042873075970097634,0.023737894956571123,0.84783912161994457,0.99950000000000006,63.13889844821432
5g (m=+0),5,4,0,684,35.989172115482162,1.4395668846192864,0.0042673286331503316,0.023586086793680728,0.84908411498573377,0.99950000000000006,63.13889844821432
5g (m=+0),5,4,0,685,36.041787864189004,1.4416715145675603,0.0042474064577904041,0.023434748569147623,0.85032113321445191,0.99950000000000006,63.13889844821432
5g (m=+0),5,4,0,686,36.094403612895853,1.4437761445158341,0.0042275412511223846,0.023283885168268421,0.85155020116077951,0.99950000000000006,63.13889844821432
5g (m=+0),5,4,0,687,36.147019361602702,1.445880774464108,0.0042077331890993013,0.02313350138020135,0.85277134393391096,0.99950000000000006,63.13889844821432
5g (m=+0),5,4,0,688,36.199635110309544,1.4479854044123817,0.0041879824434684337,0.022983601898556336,0.85398458689251222,0.99950000000000006,63.13889844821432
5g (m=+0),5,4,0,689,36.252250859016385,1.4500900343606553,0.0041682891818048467,0.022834191321991448,0.85518995563970945,0.99950000000000006,63.13889844821432
5g (m=+0),5,4,0,690,36.304866607723234,1.4521946643089294,0.004148653567544877,0.022685274154815926,0.85638747601810838,0.99950000000000006,63.13889844821432
5g (m=+0),5,4,0,691,36.357482356430083,1.4542992942572033,0.0041290757600195129,0.02253685480759908,0.85757717410484591,0.99950000000000006,63.13889844821432
5g (m=+0),5,4,0,692,36.410098105136925,1.4564039242054769,0.0041095559144876956,0.022388937597785208,0.85875907620667458,0.99950000000000006,63.13889844821432
5g (m=+0),5,4,0,693,36.462713853843766,1.4585085541537506,0.004090094182169518,0.022241526750313951,0.85993320885507918,0.99950000000000006,63.13889844821432
5g (m=+0),5,4,0,694,36.515329602550615,1.4606131841020247,0.0040706907102793562,0.022094626398246393,0.86109959880142573,0.99950000000000006,63.13889844821432
5g (m=+0),5,4,0,695,36.567945351257464,1.4627178140502985,0.0040513456420589056,0.021948240583396391,0.86225827301214342,0.99950000000000006,63.13889844821432
5g (m=+0),5,4,0,696,36.620561099964306,1.4648224439985722,0.0040320591168101086,0.021802373256966857,0.86340925866394069,0.99950000000000006,63.13889844821432
5g (m=+0),5,4,0,697,36.673176848671147,1.4669270739468458,0.0040128312699279937,0.021657028280191008,0.86455258313905514,0.99950000000000006,63.13889844821432
5g (m=+0),5,4,0,698,36.725792597377996,1.4690317038951199,0.0039936622329334323,0.021512209424978411,0.86568827402053583,0.99950000000000006,63.13889844821432
5g (m=+0),5,4,0,699,36.778408346084845,1.4711363338433938,0.0039745521335057829,0.021367920374565443,0.86681635908756072,0.99950000000000006,63.13889844821432
5g (m=+0),5,4,0,700,36.831024094791687,1.4732409637916675,0.0039555010955154369,0.021224164724170123,0.86793686631078848,0.99950000000000006,63.13889844821432
5g (m=+0),5,4,0,701,36.883639843498528,1.4753455937399411,0.0039365092390562673,0.021080945981651087,0.86904982384774476,0.99950000000000006,63.13889844821432
5g (m=+0),5,4,0,702,36.936255592205377,1.477450223688215,0.0039175766804779638,0.020938267568170448,0.87015526003824317,0.99950000000000006,63.13889844821432
5g (m=+0),5,4,0,703,36.988871340912226,1.4795548536364891,0.0038987035324182899,0.020796132818860693,0.87125320339984069,0.99950000000000006,63.13889844821432
5g (m=+0),5,4,0,704,37.041487089619068,1.4816594835847627,0.0038798899038352016,0.020654544983494904,0.87234368262332918,0.99950000000000006,63.13889844821432
5g (m=+0),5,4,0,705,37.094102838325909,1.4837641135330364,0.0038611359000388775,0.020513507227160589,0.87342672656826215,0.99950000000000006,63.13889844821432
5g (m=+0),5,4,0,706,37.146718587032758,1.4858687434813103,0.0038424416227236273,0.020373022630936641,0.87450236425851646,0.99950000000000006,63.13889844821432
5g (m=+0),5,4,0,707,37.199334335739607,1.4879733734295844,0.0038238071699997155,0.020233094192573627,0.87557062487788984,0.99950000000000006,63.13889844821432
5g (m=+0),5,4,0,708,37.251950084446449,1.490078003377858,0.0038052326364250494,0.020093724827176824,0.87663153776573455,0.99950000000000006,63.13889844821432
5g (m=+0),5,4,0,709,37.304565833153291,1.4921826333261317,0.0037867181130367454,0.019954917367891886,0.87768513241262758,0.99950000000000006,63.13889844821432
5g (m=+0),5,4,0,710,37.357181581860139,1.4942872632744055,0.0037682636873826174,0.019816674566593476,0.87873143845607571,0.99950000000000006,63.13889844821432
5g (m=+0),5,4,0,711,37.409797330566988,1.4963918932226796,0.0037498694435525205,0.019678999094576044,0.8797704856762576,0.99950000000000006,63.13889844821432
5g (m=+0),5,4,0,712,37.46241307927383,1.4984965231709533,0.0037315354622095877,0.019541893543246962,0.88080230399180248,0.99950000000000006,63.13889844821432
5g (m=+0),5,4,0,713,37.515028827980672,1.5006011531192269,0.0037132618206213415,0.019405360424821782,0.8818269234556052,0.99950000000000006,63.13889844821432
5g (m=+0),5,4,0,714,37.56764457668752,1.5027057830675008,0.0036950485926906915,0.019269402173021397,0.88284437425067774,0.99950000000000006,63.13889844821432
5g (m=+0),5,4,0,715,37.620260325394369,1.5048104130157747,0.0036768958489868265,0.019134021143771239,0.88385468668603728,0.99950000000000006,63.13889844821432
5g (m=+0),5,4,0,716,37.672876074101211,1.5069150429640485,0.0036588036567759582,0.018999219615901852,0.88485789119263147,0.99950000000000006,63.13889844821432
5g (m=+0),5,4,0,717,37.725491822808053,1.5090196729123222,0.0036407720800519456,0.018864999791850995,0.885854018319301,0.99950000000000006,63.13889844821432
5g (m=+0),5,4,0,718,37.778107571514902,1.5111243028605961,0.0036228011795668238,0.018731363798367425,0.88684309872877809,0.99950000000000006,63.13889844821432
5g (m=+0),5,4,0,719,37.83072332022175,1.5132289328088699,0.003604891012861182,0.018598313687215578,0.88782516319372262,0.99950000000000006,63.13889844821432
5g (m=+0),5,4,0,720,37.883339068928592,1.5153335627571436,0.0035870416342944182,0.018465851435881402,0.88880024259279555,0.99950000000000006,63.13889844821432
5g (m=+0),5,4,0,721,37.935954817635434,1.5174381927054172,0.0035692530950748752,0.018333978948279234,0.88976836790676928,0.99950000000000006,63.13889844821432
5g (m=+0),5,4,0,722,37.988570566342283,1.5195428226536913,0.0035515254432898448,0.018202698055459359,0.89072957021467525,0.99950000000000006,63.13889844821432
5g (m=+0),5,4,0,723,38.041186315049131,1.5216474526019652,0.0035338587239354463,0.018072010516316316,0.89168388068998861,0.99950000000000006,63.13889844821432
5g (m=+0),5,4,0,724,38.093802063755973,1.5237520825502389,0.0035162529789463741,0.017941918018297715,0.89263133059685029,0.99950000000000006,63.13889844821432
5g (m=+0),5,4,0,725,38.146417812462815,1.5258567124985125,0.0034987082472255075,0.017812422178113397,0.89357195128632694,0.99950000000000006,63.13889844821432
5g (m=+0),5,4,0,726,38.199033561169664,1.5279613424467866,0.003481224564673399,0.017683524542444914,0.89450577419270727,0.99950000000000006,63.13889844821432
5g (m=+0),5,4,0,727,38.251649309876512,1.5300659723950605,0.0034638019642176348,0.01755522658865525,0.89543283082983582,0.99950000000000006,63.13889844821432
5g (m=+0),5,4,0,728,38.304265058583354,1.5321706023433341,0.0034464404758420522,0.017427529725498412,0.89635315278748495,0.99950000000000006,63.13889844821432
5g (m=+0),5,4,0,729,38.356880807290196,1.5342752322916078,0.0034291401266158135,0.017300435293828867,0.89726677172776337,0.99950000000000006,63.13889844821432
5g (m=+0),5,4,0,730,38.409496555997045,1.5363798622398819,0.003411900940722377,0.017173944567311052,0.89817371938156243,0.99950000000000006,63.13889844821432
5g (m=+0),5,4,0,731,38.462112304703894,1.5384844921881558,0.0033947229394883042,0.017048058753128217,0.89907402754503907,0.99950000000000006,63.13889844821432
5g (m=+0),5,4,0,732,38.514728053410735,1.5405891221364294,0.003377606141411946,0.016922778992691005,0.89996772807613656,0.99950000000000006,63.13889844821432
5g (m=+0),5,4,0,733,38.567343802117577,1.5426937520847031,0.0033605505621919856,0.01679810636234539,0.90085485289114298,0.99950000000000006,63.13889844821432
5g (m=+0),5,4,0,734,38.619959550824426,1.5447983820329769,0.0033435562147558387,0.016674041874079851,0.90173543396128608,0.99950000000000006,63.13889844821432
5g (m=+0),5,4,0,735,38.672575299531275,1.546903011981251,0.0033266231092879445,0.016550586476232004,0.90260950330936529,0.99950000000000006,63.13889844821432
5g (m=+0),5,4,0,736,38.725191048238116,1.5490076419295247,0.0033097512532578822,0.016427741054194055,0.90347709300642165,0.99950000000000006,63.13889844821432
5g (m=+0),5,4,0,737,38.777806796944958,1.5511122718777983,0.0032929406514483604,0.016305506431117275,0.90433823516844469,0.99950000000000006,63.13889844821432
5g (m=+0),5,4,0,738,38.830422545651807,1.5532169018260722,0.0032761913059830821,0.016183883368615579,0.90519296195311549,0.99950000000000006,63.13889844821432
5g (m=+0),5,4,0,739,38.883038294358656,1.5553215317743463,0.0032595032163544565,0.016062872567467652,0.90604130555658746,0.99950000000000006,63.13889844821432
5g (m=+0),5,4,0,740,38.935654043065497,1.5574261617226199,0.003242876379451168,0.015942474668317878,0.90688329821030411,0.99950000000000006,63.13889844821432
5g (m=+0),5,4,0,741,38.988269791772339,1.5595307916708936,0.0032263107895856074,0.015822690252375763,0.90771897217785347,0.99950000000000006,63.13889844821432
5g (m=+0),5,4,0,742,39.040885540479188,1.5616354216191675,0.0032098064385211655,0.015703519842113926,0.90854835975185899,0.99950000000000006,63.13889844821432
5g (m=+0),5,4,0,743,39.093501289186037,1.5637400515674416,0.0031933633154993825,0.01558496390196447,0.90937149325090738,0.99950000000000006,63.13889844821432
5g (m=+0),5,4,0,744,39.146117037892878,1.5658446815157152,0.0031769814072669538,0.015467022839013609,0.9101884050165131,0.99950000000000006,63.13889844821432
5g (m=+0),5,4,0,745,39.19873278659972,1.5679493114639889,0.0031606606981025901,0.015349697003694521,0.91099912741011968,0.99950000000000006,63.13889844821432
5g (m=+0),5,4,0,746,39.251348535306569,1.5700539414122627,0.0031444011698437352,0.015232986690478274,0.91180369281013651,0.99950000000000006,63.13889844821432
5g (m=+0),5,4,0,747,39.303964284013418,1.5721585713605366,0.0031282028019131523,0.015116892138562921,0.91260213360901254,0.99950000000000006,63.13889844821432
5g (m=+0),5,4,0,748,39.35658003272026,1.5742632013088105,0.0031120655713453541,0.015001413532560442,0.91339448221034636,0.99950000000000006,63.13889844821432
5g (m=+0),5,4,0,749,39.409195781427101,1.5763678312570841,0.0030959894528128783,0.014886551003181423,0.91418077102603212,0.99950000000000006,63.13889844821432
5g (m=+0),5,4,0,750,39.46181153013395,1.578472461205358,0.0030799744186524466,0.014772304627917798,0.9149610324734414,0.99950000000000006,63.13889844821432
5g (m=+0),5,4,0,751,39.514427278840799,1.5805770911536319,0.0030640204388909572,0.014658674431723067,0.91573529897264072,0.99950000000000006,63.13889844821432
5g (m=+0),5,4,0,752,39.567043027547641,1.5826817211019055,0.0030481274812713404,0.014545660387690236,0.91650360294364508,0.99950000000000006,63.13889844821432
5g (m=+0),5,4,0,753,39.619658776254482,1.5847863510501794,0.0030322955112782632,0.014433262417727254,0.91726597680370747,0.99950000000000006,63.13889844821432
5g (m=+0),5,4,0,754,39.672274524961331,1.5868909809984533,0.0030165244921636892,0.014321480393229911,0.91802245296464313,0.99950000000000006,63.13889844821432
5g (m=+0),5,4,0,755,39.72489027366818,1.5889956109467271,0.0030008143849723093,0.014210314135752277,0.91877306383018931,0.99950000000000006,63.13889844821432
5g (m=+0),5,4,0,756,39.777506022375022,1.5911002408950008,0.0029851651485667992,0.014099763417674273,0.91951784179340046,0.99950000000000006,63.13889844821432
5g (m=+0),5,4,0,757,39.830121771081863,1.5932048708432744,0.0029695767396529424,0.013989827962866559,0.92025681923407865,0.99950000000000006,63.13889844821432
5g (m=+0),5,4,0,758,39.882737519788712,1.5953095007915485,0.0029540491128046149,0.013880507447352716,0.92099002851623846,0.99950000000000006,63.13889844821432
5g (m=+0),5,4,0,759,39.935353268495561,1.5974141307398224,0.0029385822204886151,0.013771801499968442,0.92171750198560665,0.99950000000000006,63.13889844821432
5g (m=+0),5,4,0,760,39.987969017202403,1.5995187606880961,0.0029231760130893486,0.013663709703017874,0.92243927196715669,0.99950000000000006,63.13889844821432
5g (m=+0),5,4,0,761,40.040584765909244,1.6016233906363697,0.0029078304389333572,0.013556231592926798,0.92315537076267795,0.99950000000000006,63.13889844821432
5g (m=+0),5,4,0,762,40.093200514616093,1.6037280205846438,0.0028925454443137215,0.013449366660892985,0.92386583064837846,0.99950000000000006,63.13889844821432
5g (m=+0),5,4,0,763,40.145816263322942,1.6058326505329177,0.0028773209735142918,0.013343114353533175,0.9245706838725225,0.99950000000000006,63.13889844821432
5g (m=+0),5,4,0,764,40.198432012029784,1.6079372804811913,0.0028621569688338012,0.013237474073527168,0.92526996265310157,0.99950000000000006,63.13889844821432
5g (m=+0),5,4,0,765,40.251047760736625,1.610041910429465,0.0028470533706097933,0.013132445180258329,0.92596369917554,0.99950000000000006,63.13889844821432
5g (m=+0),5,4,0,766,40.303663509443474,1.6121465403777391,0.0028320101172424387,0.01302802699045111,0.9266519255904333,0.99950000000000006,63.13889844821432
5g (m=+0),5,4,0,767,40.356279258150323,1.614251170326013,0.0028170271452181814,0.012924218778805041,0.92733467401132008,0.99950000000000006,63.13889844821432
5g (m=+0),5,4,0,768,40.408895006857165,1.6163558002742866,0.0028021043891332561,0.012821019778625478,0.92801197651248779,0.99950000000000006,63.13889844821432
5g (m=+0),5,4,0,769,40.461510755564007,1.6184604302225603,0.0027872417817170372,0.012718429182450742,0.92868386512681134,0.99950000000000006,63.13889844821432
5g (m=+0),5,4,0,770,40.514126504270855,1.6205650601708341,0.0027724392538552444,0.012616446142675772,0.92935037184362446,0.99950000000000006,63.13889844821432
5g (m=+0),5,4,0,771,40.566742252977704,1.6226696901191082,0.002757696734613031,0.012515069772172519,0.93001152860662339,0.99950000000000006,63.13889844821432
5g (m=+0),5,4,0,772,40.619358001684546,1.6247743200673819,0.0027430141512578888,0.01241429914490642,0.93066736731180399,0.99950000000000006,63.13889844821432
5g (m=+0),5,4,0,773,40.671973750391388,1.6268789500156555,0.0027283914292824032,0.012314133296549248,0.93131791980543088,0.99950000000000006,63.13889844821432
5g (m=+0),5,4,0,774,40.724589499098236,1.6289835799639294,0.0027138284924268993,0.012214571225088615,0.9319632178820384,0.99950000000000006,63.13889844821432
5g (m=+0),5,4,0,775,40.777205247805085,1.6310882099122035,0.0026993252627019165,0.012115611891433507,0.93260329328246372,0.99950000000000006,63.13889844821432
5g (m=+0),5,4,0,776,40.829820996511927,1.6331928398604771,0.0026848816604105197,0.012017254220015983,0.93323817769191164,0.99950000000000006,63.13889844821432
5g (m=+0),5,4,0,777,40.882436745218769,1.6352974698087508,0.0026704976041704962,0.011919497099389338,0.93386790273805165,0.99950000000000006,63.13889844821432
5g (m=+0),5,4,0,778,40.935052493925618,1.6374020997570247,0.002656173010936388,0.011822339382822292,0.93449249998914519,0.99950000000000006,63.13889844821432
5g (m=+0),5,4,0,779,40.987668242632466,1.6395067297052988,0.0026419077960213836,0.011725779888889327,0.93511200095220481,0.99950000000000006,63.13889844821432
5g (m=+0),5,4,0,780,41.040283991339308,1.6416113596535724,0.0026277018731190528,0.0116298174020571,0.93572643707118408,0.99950000000000006,63.13889844821432
5g (m=+0),5,4,0,781,41.09289974004615,1.6437159896018461,0.002613555154324947,0.011534450673266991,0.93633583972519863,0.99950000000000006,63.13889844821432
5g (m=+0),5,4,0,782,41.145515488752999,1.6458206195501199,0.0025994675501580513,0.011439678420513667,0.93694024022677713,0.99950000000000006,63.13889844821432
5g (m=+0),5,4,0,783,41.198131237459847,1.6479252494983938,0.002585438969582082,0.011345499329419589,0.93753966982014281,0.99950000000000006,63.13889844821432
5g (m=+0),5,4,0,784,41.250746986166689,1.6500298794466675,0.0025714693200266569,0.011251912053805645,0.93813415967952529,0.99950000000000006,63.13889844821432
5g (m=+0),5,4,0,785,41.303362734873531,1.6521345093949413,0.0025575585074082926,0.011158915216257531,0.93872374090750232,0.99950000000000006,63.13889844821432
5g (m=+0),5,4,0,786,41.35597848358038,1.6542391393432152,0.0025437064361512798,0.011066507408688205,0.93930844453337115,0.99950000000000006,63.13889844821432
5g (m=+0),5,4,0,787,41.408594232287228,1.6563437692914891,0.0025299130092084018,0.010974687192896172,0.93988830151154901,0.99950000000000006,63.13889844821432
5g (m=+0),5,4,0,788,41.46120998099407,1.6584483992397627,0.0025161781280815211,0.010883453101119753,0.94046334272000343,0.99950000000000006,63.13889844821432
5g (m=+0),5,4,0,789,41.513825729700912,1.6605530291880364,0.002502501692841998,0.010792803636586995,0.94103359895871153,0.99950000000000006,63.13889844821432
5g (m=+0),5,4,0,790,41.566441478407761,1.6626576591363105,0.002488883602150977,0.01070273727406152,0.9415991009481478,0.99950000000000006,63.13889844821432
5g (m=+0),5,4,0,791,41.61905722711461,1.6647622890845843,0.0024753237532795487,0.010613252460384342,0.94215987932780054,0.99950000000000006,63.13889844821432
5g (m=+0),5,4,0,792,41.671672975821451,1.666866919032858,0.0024618220421287378,0.010524347615011219,0.94271596465471685,0.99950000000000006,63.13889844821432
5g (m=+0),5,4,0,793,41.724288724528293,1.6689715489811316,0.0024483783632493475,0.010436021130545791,0.94326738740207638,0.99950000000000006,63.13889844821432
5g (m=+0),5,4,0,794,41.776904473235142,1.6710761789294057,0.0024349926098616876,0.010348271373268691,0.94381417795779154,0.99950000000000006,63.13889844821432
5g (m=+0),5,4,0,795,41.829520221941991,1.6731808088776796,0.0024216646738751475,0.010261096683662253,0.94435636662313671,0.99950000000000006,63.13889844821432
5g (m=+0),5,4,0,796,41.882135970648832,1.6752854388259533,0.0024083944459076046,0.010174495376930819,0.94489398361140453,0.99950000000000006,63.13889844821432
5g (m=+0),5,4,0,797,41.934751719355674,1.6773900687742269,0.0023951818153047214,0.01008846574351698,0.94542705904658952,0.99950000000000006,63.13889844821432
5g (m=+0),5,4,0,798,41.987367468062523,1.679494698722501,0.0023820266701590816,0.010003006049613353,0.94595562296209856,0.99950000000000006,63.13889844821432
5g (m=+0),5,4,0,799,42.039983216769372,1.6815993286707749,0.0023689288973291998,0.0099181145376701623,0.94647970529948822,0.99950000000000006,63.13889844821432
5g (m=+0),5,4,0,800,42.092598965476213,1.6837039586190485,0.0023558883824583662,0.0098337894268983057,0.94699933590722896,0.99950000000000006,63.13889844821432
5g (m=+0),5,4,0,801,42.145214714183055,1.6858085885673222,0.0023429050099933717,0.009750028913768272,0.94751454453949546,0.99950000000000006,63.13889844821432
5g (m=+0),5,4,0,802,42.197830462889904,1.6879132185155961,0.0023299786632030861,0.0096668311725046242,0.94802536085498312,0.99950000000000006,63.13889844821432
5g (m=+0),5,4,0,803,42.250446211596753,1.6900178484638702,0.002317109224196888,0.0095841943555760797,0.94853181441575041,0.99950000000000006,63.13889844821432
5g (m=+0),5,4,0,804,42.303061960303594,1.6921224784121438,0.0023042965739429725,0.0095021165941813687,0.94903393468608699,0.99950000000000006,63.13889844821432
5g (m=+0),5,4,0,805,42.355677709010436,1.6942271083604175,0.0022915405922864932,0.0094205959987305205,0.94953175103140719,0.99950000000000006,63.13889844821432
5g (m=+0),5,4,0,806,42.408293457717285,1.6963317383086913,0.0022788411579675884,0.0093396306593219371,0.95002529271716896,0.99950000000000006,63.13889844821432
5g (m=+0),5,4,0,807,42.460909206424134,1.6984363682569654,0.0022661981486392577,0.0092592186462150169,0.95051458890781726,0.99950000000000006,63.13889844821432
5g (m=+0),5,4,0,808,42.513524955130976,1.7005409982052391,0.0022536114408851062,0.0091793580102984326,0.9509996686657527,0.99950000000000006,63.13889844821432
5g (m=+0),5,4,0,809,42.566140703837817,1.7026456281535127,0.0022410809102369391,0.0091000467835539514,0.95148056095032463,0.99950000000000006,63.13889844821432
5g (m=+0),5,4,0,810,42.618756452544666,1.7047502581017866,0.0022286064311922245,0.009021282979515868,0.95195729461684842,0.99950000000000006,63.13889844821432
5g (m=+0),5,4,0,811,42.671372201251515,1.7068548880500607,0.0022161878772314326,0.0089430645937261955,0.95242989841564651,0.99950000000000006,63.13889844821432
5g (m=+0),5,4,0,812,42.723987949958357,1.7089595179983343,0.0022038251208352198,0.0088653896041852951,0.95289840099111378,0.99950000000000006,63.13889844821432
5g (m=+0),5,4,0,813,42.776603698665198,1.711064147946608,0.0021915180335014719,0.0087882559717980899,0.95336283088080653,0.99950000000000006,63.13889844821432
5g (m=+0),5,4,0,814,42.829219447372047,1.7131687778948819,0.0021792664857622356,0.0087116616408160798,0.95382321651455448,0.99950000000000006,63.13889844821432
5g (m=+0),5,4,0,815,42.881835196078896,1.7152734078431557,0.0021670703472005024,0.0086356045392748642,0.95427958621359577,0.99950000000000006,63.13889844821432
5g (m=+0),5,4,0,816,42.934450944785738,1.7173780377914296,0.0021549294864668441,0.0085600825794271713,0.95473196818973527,0.99950000000000006,63.13889844821432
5g (m=+0),5,4,0,817,42.987066693492579,1.7194826677397033,0.0021428437712959327,0.008485093658171676,0.95518039054452597,0.99950000000000006,63.13889844821432
5g (m=+0),5,4,0,818,43.039682442199428,1.7215872976879771,0.0021308130685229174,0.0084106356574773552,0.95562488126847156,0.99950000000000006,63.13889844821432
5g (m=+0),5,4,0,819,43.092298190906277,1.723691927636251,0.0021188372440996764,0.0083367064448035145,0.95606546824025218,0.99950000000000006,63.13889844821432
5g (m=+0),5,4,0,820,43.144913939613119,1.7257965575845247,0.0021069161631109166,0.0082633038735153534,0.95650217922597203,0.99950000000000006,63.13889844821432
5g (m=+0),5,4,0,821,43.19752968831996,1.7279011875327983,0.0020950496897901624,0.008190425783295284,0.95693504187842859,0.99950000000000006,63.13889844821432
5g (m=+0),5,4,0,822,43.250145437026809,1.7300058174810724,0.0020832376875355987,0.0081180700005498395,0.95736408373640336,0.99950000000000006,63.13889844821432
5g (m=+0),5,4,0,823,43.302761185733658,1.7321104474293463,0.0020714800189257851,0.0080462343388121946,0.95778933222397378,0.99950000000000006,63.13889844821432
5g (m=+0),5,4,0,824,43.3553769344405,1.7342150773776199,0.0020597765457352492,0.0079749165991405083,0.95821081464984659,0.99950000000000006,63.13889844821432
5g (m=+0),5,4,0,825,43.407992683147341,1.7363197073258936,0.0020481271289499261,0.0079041145705116833,0.95862855820671189,0.99950000000000006,63.13889844821432
5g (m=+0),5,4,0,826,43.46060843185419,1.7384243372741677,0.0020365316287824899,0.0078338260302110337,0.95904258997061731,0.99950000000000006,63.13889844821432
5g (m=+0),5,4,0,827,43.513224180561039,1.7405289672224415,0.002024989904687545,0.0077640487442175235,0.95945293690036337,0.99950000000000006,63.13889844821432
5g (m=+0),5,4,0,828,43.565839929267881,1.7426335971707152,0.0020135018153766963,0.0076947804675847851,0.95985962583691842,0.99950000000000006,63.13889844821432
5g (m=+0),5,4,0,829,43.618455677974723,1.7447382271189888,0.0020020672188334749,0.0076260189448177397,0.96026268350285382,0.99950000000000006,63.13889844821432
5g (m=+0),5,4,0,830,43.671071426681571,1.7468428570672629,0.0019906859723281462,0.0075577619102449927,0.96066213650179877,0.99950000000000006,63.13889844821432
5g (m=+0),5,4,0,831,43.72368717538842,1.7489474870155368,0.0019793579324324023,0.0074900070883870823,0.96105801131791413,0.99950000000000006,63.13889844821432
5g (m=+0),5,4,0,832,43.776302924095262,1.7510521169638105,0.001968082955033906,0.0074227521943203085,0.9614503343153864,0.99950000000000006,63.13889844821432
5g (m=+0),5,4,0,833,43.828918672802104,1.7531567469120841,0.0019568608953507089,0.0073559949340363182,0.96183913173794022,0.99950000000000006,63.13889844821432
5g (m=+0),5,4,0,834,43.881534421508952,1.755261376860358,0.0019456916079455637,0.0072897330047976498,0.96222442970836952,0.99950000000000006,63.13889844821432
5g (m=+0),5,4,0,835,43.934150170215801,1.7573660068086321,0.0019345749467401,0.0072239640954889399,0.96260625422808754,0.99950000000000006,63.13889844821432
5g (m=+0),5,4,0,836,43.986765918922643,1.7594706367569057,0.0019235107650288625,0.0071586858869638892,0.96298463117669519,0.99950000000000006,63.13889844821432
5g (m=+0),5,4,0,837,44.039381667629485,1.7615752667051794,0.0019124989154932462,0.0070938960523881794,0.96335958631156748,0.99950000000000006,63.13889844821432
5g (m=+0),5,4,0,838,44.091997416336334,1.7636798966534533,0.0019015392502152899,0.0070295922575781093,0.96373114526745818,0.99950000000000006,63.13889844821432
5g (m=+0),5,4,0,839,44.144613165043182,1.7657845266017274,0.001890631620691367,0.0069657721613352215,0.96409933355612132,0.99950000000000006,63.13889844821432
5g (m=+0),5,4,0,840,44.197228913750024,1.767889156550001,0.0018797758778457253,0.0069024334157766114,0.9644641765659514,0.99950000000000006,63.13889844821432
5g (m=+0),5,4,0,841,44.249844662456866,1.7699937864982747,0.0018689718720439304,0.0068395736666613059,0.96482569956163999,0.99950000000000006,63.13889844821432
5g (m=+0),5,4,0,842,44.302460411163715,1.7720984164465485,0.001858219453106174,0.0067771905537124437,0.96518392768384975,0.99950000000000006,63.13889844821432
5g (m=+0),5,4,0,843,44.355076159870563,1.7742030463948226,0.001847518470320464,0.0067152817109353974,0.96553888594890513,0.99950000000000006,63.13889844821432
5g (m=+0),5,4,0,844,44.407691908577405,1.7763076763430963,0.0018368687724556992,0.0066538447669318886,0.96589059924849985,0.99950000000000006,63.13889844821432
5g (m=+0),5,4,0,845,44.460307657284247,1.7784123062913699,0.0018262702077746125,0.0065928773452099765,0.96623909234942074,0.99950000000000006,63.13889844821432
5g (m=+0),5,4,0,846,44.512923405991096,1.7805169362396438,0.0018157226240466051,0.0065323770644900893,0.96658438989328788,0.99950000000000006,63.13889844821432
5g (m=+0),5,4,0,847,44.565539154697944,1.7826215661879177,0.0018052258685604576,0.0064723415390070312,0.96692651639631033,0.99950000000000006,63.13889844821432
5g (m=+0),5,4,0,848,44.618154903404786,1.7847261961361915,0.0017947797881369292,0.0064127683788080562,0.96726549624905822,0.99950000000000006,63.13889844821432
5g (m=+0),5,4,0,849,44.670770652111628,1.7868308260844652,0.001784384229141227,0.0063536551900469033,0.96760135371625022,0.99950000000000006,63.13889844821432
5g (m=+0),5,4,0,850,44.723386400818477,1.7889354560327391,0.0017740390374953591,0.0062949995752738736,0.96793411293655618,0.99950000000000006,63.13889844821432
5g (m=+0),5,4,0,851,44.776002149525326,1.7910400859810129,0.0017637440586903987,0.0062367991337222047,0.9682637979224149,0.99950000000000006,63.13889844821432
5g (m=+0),5,4,0,852,44.828617898232167,1.7931447159292866,0.0017534991377985952,0.00617905146159027,0.96859043255986721,0.99950000000000006,63.13889844821432
5g (m=+0),5,4,0,853,44.881233646939009,1.7952493458775605,0.0017433041194853799,0.0061217541523199961,0.9689140406084038,0.99950000000000006,63.13889844821432
5g (m=+0),5,4,0,854,44.933849395645858,1.7973539758258343,0.0017331588480212776,0.0060649047968715387,0.96923464570082718,0.99950000000000006,63.13889844821432
5g (m=+0),5,4,0,855,44.986465144352707,1.7994586057741082,0.0017230631672936867,0.0060085009839940268,0.96955227134312805,0.99950000000000006,63.13889844821432
5g (m=+0),5,4,0,856,45.039080893059548,1.8015632357223819,0.0017130169208185403,0.0059525403004924505,0.96986694091437642,0.99950000000000006,63.13889844821432
5g (m=+0),5,4,0,857,45.09169664176639,1.8036678656706555,0.001703019951751867,0.0058970203314908558,0.97017867766662591,0.99950000000000006,63.13889844821432
5g (m=+0),5,4,0,858,45.144312390473239,1.8057724956189296,0.0016930721029012369,0.0058419386606917518,0.97048750472483225,0.99950000000000006,63.13889844821432
5g (m=+0),5,4,0,859,45.196928139180088,1.8078771255672035,0.0016831732167370942,0.0057872928706317684,0.97079344508678522,0.99950000000000006,63.13889844821432
5g (m=+0),5,4,0,860,45.249543887886929,1.8099817555154771,0.0016733231354039736,0.0057330805429335547,0.97109652162305382,0.99950000000000006,63.13889844821432
5g (m=+0),5,4,0,861,45.302159636593771,1.8120863854637508,0.0016635217007316151,0.0056792992585540641,0.97139675707694484,0.99950000000000006,63.13889844821432
5g (m=+0),5,4,0,862,45.35477538530062,1.8141910154120249,0.0016537687542459636,0.0056259465980291112,0.97169417406447445,0.99950000000000006,63.13889844821432
5g (m=+0),5,4,0,863,45.407391134007469,1.8162956453602987,0.0016440641371800583,0.0055730201417142893,0.97198879507435176,0.99950000000000006,63.13889844821432
5g (m=+0),5,4,0,864,45.46000688271431,1.8184002753085724,0.0016344076904848221,0.0055205174700223127,0.9722806424679763,0.99950000000000006,63.13889844821432
5g (m=+0),5,4,0,865,45.512622631421152,1.8205049052568461,0.001624799254839728,0.0054684361636566873,0.97256973847944672,0.99950000000000006,63.13889844821432
5g (m=+0),5,4,0,866,45.565238380128001,1.8226095352051201,0.0016152386706633696,0.0054167738038418583,0.9728561052155823,0.99950000000000006,63.13889844821432
5g (m=+0),5,4,0,867,45.61785412883485,1.824714165153394,0.0016057257781239207,0.00536552797254979,0.97313976465595631,0.99950000000000006,63.13889844821432
5g (m=+0),5,4,0,868,45.670469877541692,1.8268187951016677,0.0015962604171494937,0.0053146962527230723,0.9734207386529411,0.99950000000000006,63.13889844821432
5g (m=+0),5,4,0,869,45.723085626248533,1.8289234250499413,0.0015868424274383813,0.0052642762284944439,0.97369904893176529,0.99950000000000006,63.13889844821432
5g (m=+0),5,4,0,870,45.775701374955382,1.8310280549982152,0.0015774716484691963,0.0052142654854028542,0.97397471709058159,0.99950000000000006,63.13889844821432
5g (m=+0),5,4,0,871,45.828317123662231,1.8331326849464893,0.0015681479195109244,0.0051646616106062176,0.97424776460054674,0.99950000000000006,63.13889844821432
5g (m=+0),5,4,0,872,45.880932872369073,1.8352373148947629,0.0015588710796328499,0.0051154621930905673,0.974518212805912,0.99950000000000006,63.13889844821432
5g (m=+0),5,4,0,873,45.933548621075914,1.8373419448430366,0.0015496409677143788,0.0050666648238758471,0.97478608292412494,0.99950000000000006,63.13889844821432
5g (m=+0),5,4,0,874,45.986164369782763,1.8394465747913105,0.0015404574224547817,0.0050182670962184489,0.9750513960459416,0.99950000000000006,63.13889844821432
5g (m=+0),5,4,0,875,46.038780118489612,1.8415512047395846,0.0015313202823828177,0.0049702666058103117,0.97531417313554947,0.99950000000000006,63.13889844821432
5g (m=+0),5,4,0,876,46.091395867196454,1.8436558346878582,0.0015222293858662512,0.0049226609509746694,0.97557443503070085,0.99950000000000006,63.13889844821432
5g (m=+0),5,4,0,877,46.144011615903295,1.8457604646361319,0.001513184571121284,0.0048754477328586052,0.97583220244285629,0.99950000000000006,63.13889844821432
5g (m=+0),5,4,0,878,46.196627364610144,1.8478650945844057,0.0015041856762218737,0.0048286245556222488,0.97608749595733824,0.99950000000000006,63.13889844821432
5g (m=+0),5,4,0,879,46.249243113316993,1.8499697245326798,0.0014952325391089688,0.0047821890266248465,0.97634033603349413,0.99950000000000006,63.13889844821432
5g (m=+0),5,4,0,880,46.301858862023835,1.8520743544809535,0.001486324997599619,0.0047361387566074468,0.97659074300487003,0.99950000000000006,63.13889844821432
5g (m=+0),5,4,0,881,46.354474610730676,1.8541789844292271,0.0014774628893960134,0.0046904713598725787,0.97683873707939306,0.99950000000000006,63.13889844821432
5g (m=+0),5,4,0,882,46.407090359437525,1.856283614377501,0.0014686460520944046,0.0046451844544606489,0.97708433833956332,0.99950000000000006,63.13889844821432
5g (m=+0),5,4,0,883,46.459706108144374,1.8583882443257749,0.001459874323193942,0.0046002756623232596,0.97732756674265531,0.99950000000000006,63.13889844821432
5g (m=+0),5,4,0,884,46.512321856851216,1.8604928742740485,0.001451147540105411,0.0045557426094934251,0.97756844212092786,0.99950000000000006,63.13889844821432
5g (m=+0),5,4,0,885,46.564937605558057,1.8625975042223224,0.0014424655401598639,0.0045115829262526467,0.97780698418184386,0.99950000000000006,63.13889844821432
5g (m=+0),5,4,0,886,46.617553354264906,1.8647021341705963,0.0014338281606171704,0.004467794247295008,0.97804321250829751,0.99950000000000006,63.13889844821432
5g (m=+0),5,4,0,887,46.670169102971755,1.8668067641188701,0.0014252352386744636,0.004424374211888191,0.97827714655885123,0.99950000000000006,63.13889844821432
5g (m=+0),5,4,0,888,46.722784851678597,1.8689113940671438,0.0014166866114745003,0.0043813204640315512,0.97850880566797993,0.99950000000000006,63.13889844821432
5g (m=+0),5,4,0,889,46.775400600385439,1.8710160240154174,0.0014081821161139158,0.0043386306526111374,0.97873820904632458,0.99950000000000006,63.13889844821432
5g (m=+0),5,4,0,890,46.828016349092287,1.8731206539636915,0.0013997215896513909,0.0042963024315518005,0.978965375780953,0.99950000000000006,63.13889844821432
5g (m=+0),5,4,0,891,46.880632097799136,1.8752252839119654,0.0013913048691157387,0.0042543334599664546,0.97919032483562896,0.99950000000000006,63.13889844821432
5g (m=+0),5,4,0,892,46.933247846505978,1.8773299138602391,0.0013829317915138829,0.004212721402302346,0.9794130750510891,0.99950000000000006,63.13889844821432
5g (m=+0),5,4,0,893,46.98586359521282,1.8794345438085127,0.0013746021938387434,0.0041714639284844467,0.97963364514532725,0.99950000000000006,63.13889844821432
5g (m=+0),5,4,0,894,47.038479343919668,1.8815391737567868,0.0013663159130770485,0.0041305587140561166,0.97985205371388651,0.99950000000000006,63.13889844821432
5g (m=+0),5,4,0,895,47.091095092626517,1.8836438037050607,0.0013580727862170503,0.0040900034403169002,0.98006831923015825,0.99950000000000006,63.13889844821432
5g (m=+0),5,4,0,896,47.143710841333359,1.8857484336533343,0.0013498726502561361,0.0040497957944574618,0.98028246004568875,0.99950000000000006,63.13889844821432
5g (m=+0),5,4,0,897,47.196326590040201,1.887853063601608,0.0013417153422083719,0.0040099334696918907,0.98049449439049263,0.99950000000000006,63.13889844821432
5g (m=+0),5,4,0,898,47.24894233874705,1.8899576935498821,0.0013336006991119444,0.0039704141653871781,0.9807044403733729,0.99950000000000006,63.13889844821432
5g (m=+0),5,4,0,899,47.301558087453898,1.892062323498156,0.0013255285580365253,0.003931235587190063,0.98091231598224848,0.99950000000000006,63.13889844821432
5g (m=+0),5,4,0,900,47.35417383616074,1.8941669534464296,0.0013174987560905362,0.0038923954471511259,0.98111813908448742,0.99950000000000006,63.13889844821432
5g (m=+0),5,4,0,901,47.406789584867582,1.8962715833947033,0.0013095111304283371,0.0038538914638462816,0.98132192742724744,0.99950000000000006,63.13889844821432
5g (m=+0),5,4,0,902,47.459405333574431,1.8983762133429771,0.0013015655182573266,0.0038157213624956392,0.98152369863782229,0.99950000000000006,63.13889844821432
5g (m=+0),5,4,0,903,47.512021082281279,1.9004808432912512,0.0012936617568449545,0.0037778828750797493,0.98172347022399409,0.99950000000000006,63.13889844821432
5g (m=+0),5,4,0,904,47.564636830988121,1.9025854732395249,0.001285799683525656,0.0037403737404533132,0.98192125957439236,0.99950000000000006,63.13889844821432
5g (m=+0),5,4,0,905,47.617252579694963,1.9046901031877985,0.0012779791357076904,0.0037031917044562891,0.98211708395885855,0.99950000000000006,63.13889844821432
5g (m=+0),5,4,0,906,47.669868328401812,1.9067947331360724,0.0012701999508799087,0.0036663345200225426,0.98231096052881639,0.99950000000000006,63.13889844821432
5g (m=+0),5,4,0,907,47.72248407710866,1.9088993630843465,0.0012624619666184295,0.0036297999472859519,0.98250290631764803,0.99950000000000006,63.13889844821432
5g (m=+0),5,4,0,908,47.775099825815502,1.9110039930326201,0.0012547650205932432,0.0035935857536841223,0.9826929382410754,0.99950000000000006,63.13889844821432
5g (m=+0),5,4,0,909,47.827715574522344,1.9131086229808938,0.001247108950574719,0.0035576897140595634,0.98288107309754746,0.99950000000000006,63.13889844821432
5g (m=+0),5,4,0,910,47.880331323229193,1.9152132529291677,0.0012394935944400384,0.003522109610758494,0.98306732756863224,0.99950000000000006,63.13889844821432
5g (m=+0),5,4,0,911,47.932947071936042,1.9173178828774418,0.0012319187901795614,0.0034868432337273434,0.98325171821941404,0.99950000000000006,63.13889844821432
5g (m=+0),5,4,0,912,47.985562820642883,1.9194225128257154,0.0012243843759030923,0.0034518883806067698,0.98343426149889601,0.99950000000000006,63.13889844821432
5g (m=+0),5,4,0,913,48.038178569349725,1.9215271427739891,0.0012168901898460672,0.0034172428568233562,0.98361497374040752,0.99950000000000006,63.13889844821432
5g (m=+0),5,4,0,914,48.090794318056574,1.9236317727222629,0.0012094360703756816,0.0033829044756790985,0.98379387116201578,0.99950000000000006,63.13889844821432
5g (m=+0),5,4,0,915,48.143410066763423,1.9257364026705368,0.0012020218559969261,0.0033488710584385385,0.98397096986694277,0.99950000000000006,63.13889844821432
5g (m=+0),5,4,0,916,48.196025815470264,1.9278410326188107,0.0011946473853585403,0.0033151404344136104,0.98414628584398645,0.99950000000000006,63.13889844821432
5g (m=+0),5,4,0,917,48.248641564177106,1.9299456625670843,0.0011873124972589001,0.0032817104410463259,0.98431983496794628,0.99950000000000006,63.13889844821432
5g (m=+0),5,4,0,918,48.301257312883955,1.9320502925153582,0.0011800170306518233,0.0032485789239892135,0.98449163300005316,0.99950000000000006,63.13889844821432
5g (m=+0),5,4,0,919,48.353873061590804,1.9341549224636321,0.0011727608246523014,0.0032157437371835916,0.98466169558840333,0.99950000000000006,63.13889844821432
5g (m=+0),5,4,0,920,48.406488810297645,1.9362595524119057,0.0011655437185421522,0.0031832027429356687,0.98483003826839655,0.99950000000000006,63.13889844821432
5g (m=+0),5,4,0,921,48.459104559004487,1.9383641823601794,0.0011583655517756011,0.0031509538119905366,0.98499667646317846,0.99950000000000006,63.13889844821432
5g (m=+0),5,4,0,922,48.511720307711336,1.9404688123084535,0.0011512261639847882,0.0031189948236040516,0.98516162548408615,0.99950000000000006,63.13889844821432
5g (m=+0),5,4,0,923,48.564336056418185,1.9425734422567273,0.0011441253949851975,0.0030873236656126135,0.98532490053109778,0.99950000000000006,63.13889844821432
5g (m=+0),5,4,0,924,48.616951805125026,1.944678072205001,0.001137063084781024,0.0030559382345009545,0.98548651669328613,0.99950000000000006,63.13889844821432
5g (m=+0),5,4,0,925,48.669567553831868,1.9467827021532746,0.0011300390735704505,0.0030248364354678093,0.98564648894927509,0.99950000000000006,63.13889844821432
5g (m=+0),5,4,0,926,48.722183302538717,1.9488873321015487,0.0011230532017508686,0.0029940161824896479,0.9858048321677001,0.99950000000000006,63.13889844821432
5g (m=+0),5,4,0,927,48.774799051245566,1.9509919620498226,0.0011161053099240184,0.0029634753983823941,0.9859615611076713,0.99950000000000006,63.13889844821432
5g (m=+0),5,4,0,928,48.827414799952408,1.9530965919980963,0.0011091952389010672,0.0029332120148612291,0.98611669041924033,0.99950000000000006,63.13889844821432
5g (m=+0),5,4,0,929,48.880030548659249,1.9552012219463699,0.0011023228297076045,0.0029032239725984045,0.9862702346438702,0.99950000000000006,63.13889844821432
5g (m=+0),5,4,0,930,48.932646297366098,1.957305851894644,0.0010954879235885741,0.0028735092212791714,0.986422208214908,0.99950000000000006,63.13889844821432
5g (m=+0),5,4,0,931,48.985262046072947,1.9594104818429179,0.001088690362013145,0.0028440657196558755,0.98657262545806046,0.99950000000000006,63.13889844821432
5g (m=+0),5,4,0,932,49.037877794779789,1.9615151117911915,0.001081929986679501,0.0028148914356001314,0.98672150059187236,0.99950000000000006,63.13889844821432
5g (m=+0),5,4,0,933,49.09049354348663,1.9636197417394652,0.0010752066395195612,0.0027859843461531439,0.98686884772820782,0.99950000000000006,63.13889844821432
5g (m=+0),5,4,0,934,49.143109292193479,1.9657243716877391,0.0010685201627036467,0.0027573424375743074,0.98701468087273414,0.99950000000000006,63.13889844821432
5g (m=+0),5,4,0,935,49.195725040900328,1.9678290016360132,0.0010618703986450717,0.0027289637053879543,0.98715901392540761,0.99950000000000006,63.13889844821432
5g (m=+0),5,4,0,936,49.24834078960717,1.9699336315842868,0.0010552571900046626,0.0027008461544283237,0.9873018606809626,0.99950000000000006,63.13889844821432
5g (m=+0),5,4,0,937,49.300956538314011,1.9720382615325605,0.0010486803796952212,0.0026729877988828374,0.98744323482940244,0.99950000000000006,63.13889844821432
5g (m=+0),5,4,0,938,49.35357228702086,1.9741428914808343,0.0010421398108859156,0.0026453866623336233,0.98758314995649255,0.99950000000000006,63.13889844821432
5g (m=+0),5,4,0,939,49.406188035727709,1.9762475214291084,0.0010356353270066134,0.0026180407777973758,0.98772161954425586,0.99950000000000006,63.13889844821432
5g (m=+0),5,4,0,940,49.458803784434551,1.9783521513773821,0.001029166771752139,0.0025909481877634901,0.98785865697147024,0.99950000000000006,63.13889844821432
5g (m=+0),5,4,0,941,49.511419533141392,1.9804567813256557,0.0010227339890864779,0.0025641069442306078,0.98799427551416774,0.99950000000000006,63.13889844821432
5g (m=+0),5,4,0,942,49.564035281848241,1.9825614112739296,0.0010163368232469123,0.0025375151087414938,0.98812848834613598,0.99950000000000006,63.13889844821432
5g (m=+0),5,4,0,943,49.61665103055509,1.9846660412222037,0.0010099751187480936,0.0025111707524163238,0.98826130853942118,0.99950000000000006,63.13889844821432
5g (m=+0),5,4,0,944,49.669266779261932,1.9867706711704773,0.0010036487203860592,0.002485071955984409,0.98839274906483299,0.99950000000000006,63.13889844821432
5g (m=+0),5,4,0,945,49.721882527968774,1.988875301118751,0.00099735747324217411,0.0024592168098143061,0.98852282279245063,0.99950000000000006,63.13889844821432
5g (m=+0),5,4,0,946,49.774498276675622,1.9909799310670249,0.00099110122268702494,0.0024336034139424479,0.98865154249213116,0.99950000000000006,63.13889844821432
5g (m=+0),5,4,0,947,49.827114025382471,1.9930845610152987,0.00098487981438424421,0.0024082298781002176,0.98877892083401842,0.99950000000000006,63.13889844821432
5g (m=+0),5,4,0,948,49.879729774089313,1.9951891909635726,0.00097869309429428298,0.0023830943217395726,0.98890497038905434,0.99950000000000006,63.13889844821432
5g (m=+0),5,4,0,949,49.932345522796155,1.9972938209118463,0.00097254090867811142,0.002358194874057131,0.98902970362949061,0.99950000000000006,63.13889844821432
5g (m=+0),5,4,0,950,49.984961271503003,1.9993984508601201,0.00096642310410086779,0.0023335296740168493,0.98915313292940221,0.99950000000000006,63.13889844821432
5g (m=+0),5,4,0,951,50.037577020209852,2.0015030808083942,0.00096033952743545463,0.0023090968703712912,0.98927527056520181,0.99950000000000006,63.13889844821432
5g (m=+0),5,4,0,952,50.090192768916694,2.0036077107566679,0.00095429002586606547,0.0022848946216814394,0.98939612871615545,0.99950000000000006,63.13889844821432
5g (m=+0),5,4,0,953,50.142808517623536,2.0057123407049415,0.00094827444689165263,0.0022609210963351117,0.9895157194648988,0.99950000000000006,63.13889844821432
5g (m=+0),5,4,0,954,50.195424266330384,2.0078169706532152,0.00094229263832935146,0.0022371744725640779,0.98963405479795508,0.99950000000000006,63.13889844821432
5g (m=+0),5,4,0,955,50.248040015037233,2.0099216006014893,0.00093634444831783899,0.002213652938459776,0.98975114660625307,0.99950000000000006,63.13889844821432
5g (m=+0),5,4,0,956,50.300655763744075,2.0120262305497629,0.00093042972532063133,0.0021903546919876948,0.98986700668564642,0.99950000000000006,63.13889844821432
5g (m=+0),5,4,0,957,50.353271512450917,2.0141308604980366,0.0009245483181293348,0.0021672779410004837,0.9899816467374335,0.99950000000000006,63.13889844821432
5g (m=+0),5,4,0,958,50.405887261157766,2.0162354904463107,0.00091870007586683619,0.0021444209032497551,0.99009507836887789,0.99950000000000006,63.13889844821432
5g (m=+0),5,4,0,959,50.458503009864614,2.0183401203945848,0.00091288484799044326,0.0021217818063966401,0.99020731309372956,0.99950000000000006,63.13889844821432
5g (m=+0),5,4,0,960,50.511118758571456,2.0204447503428584,0.00090710248429496146,0.0020993588880210572,0.99031836233274639,0.99950000000000006,63.13889844821432
5g (m=+0),5,4,0,961,50.563734507278298,2.0225493802911321,0.00090135283491572706,0.0020771503956298044,0.99042823741421659,0.99950000000000006,63.13889844821432
5g (m=+0),5,4,0,962,50.616350255985147,2.0246540102394057,0.00089563575033158071,0.002055154586663408,0.9905369495744808,0.99950000000000006,63.13889844821432
5g (m=+0),5,4,0,963,50.668966004691995,2.0267586401876798,0.00088995108136778896,0.0020333697285017929,0.9906445099584551,0.99950000000000006,63.13889844821432
5g (m=+0),5,4,0,964,50.721581753398837,2.0288632701359535,0.00088429867919891905,0.0020117940984688081,0.9907509296201541,0.99950000000000006,63.13889844821432
5g (m=+0),5,4,0,965,50.774197502105679,2.0309679000842271,0.0008786783953516501,0.0019904259838355504,0.99085621952321412,0.99950000000000006,63.13889844821432
5g (m=+0),5,4,0,966,50.826813250812528,2.0330725300325012,0.00087309008170754338,0.0019692636818226055,0.99096039054141682,0.99950000000000006,63.13889844821432
5g (m=+0),5,4,0,967,50.879428999519376,2.0351771599807749,0.00086753359050575603,0.0019483054996011482,0.99106345345921254,0.99950000000000006,63.13889844821432
5g (m=+0),5,4,0,968,50.932044748226218,2.0372817899290485,0.0008620087743457101,0.0019275497542929794,0.99116541897224408,0.99950000000000006,63.13889844821432
5g (m=+0),5,4,0,969,50.98466049693306,2.0393864198773226,0.00085651548618970164,0.0019069947729694423,0.99126629768786989,0.99950000000000006,63.13889844821432
5g (m=+0),5,4,0,970,51.037276245639909,2.0414910498255963,0.00085105357936546473,0.001886638892649301,0.99136610012568793,0.99950000000000006,63.13889844821432
5g (m=+0),5,4,0,971,51.089891994346758,2.0435956797738704,0.00084562290756869574,0.0018664804602956196,0.99146483671805863,0.99950000000000006,63.13889844821432
5g (m=+0),5,4,0,972,51.142507743053599,2.045700309722144,0.00084022332486551434,0.0018465178328115612,0.99156251781062821,0.99950000000000006,63.13889844821432
5g (m=+0),5,4,0,973,51.195123491760441,2.0478049396704177,0.00083485468569487837,0.0018267493770351868,0.9916591536628514,0.99950000000000006,63.13889844821432
5g (m=+0),5,4,0,974,51.24773924046729,2.0499095696186918,0.00082951684487096201,0.0018071734697333215,0.99175475444851424,0.99950000000000006,63.13889844821432
5g (m=+0),5,4,0,975,51.300354989174139,2.0520141995669654,0.00082420965758547751,0.0017877884975944062,0.99184933025625599,0.99950000000000006,63.13889844821432
5g (m=+0),5,4,0,976,51.35297073788098,2.0541188295152391,0.0008189329794099483,0.0017685928572203974,0.99194289109009126,0.99950000000000006,63.13889844821432
5g (m=+0),5,4,0,977,51.405586486587822,2.0562234594635127,0.00081368666629794096,0.0017495849551177503,0.99203544686993128,0.99950000000000006,63.13889844821432
5g (m=+0),5,4,0,978,51.458202235294671,2.0583280894117868,0.00080847057458724783,0.001730763207687472,0.99212700743210458,0.99950000000000006,63.13889844821432
5g (m=+0),5,4,0,979,51.51081798400152,2.0604327193600609,0.00080328456100202937,0.0017121260412142974,0.99221758252987746,0.99950000000000006,63.13889844821432
5g (m=+0),5,4,0,980,51.563433732708361,2.0625373493083345,0.00079812848265490048,0.001693671891854929,0.99230718183397382,0.99950000000000006,63.13889844821432
5g (m=+0),5,4,0,981,51.616049481415203,2.0646419792566082,0.00079300219704898282,0.0016753992056254641,0.99239581493309403,0.99950000000000006,63.13889844821432
5g (m=+0),5,4,0,982,51.668665230122052,2.0667466092048823,0.00078790556207990767,0.0016573064383879389,0.9924834913344337,0.99950000000000006,63.13889844821432
5g (m=+0),5,4,0,983,51.721280978828901,2.0688512391531559,0.00078283843603777392,0.0016393920558360362,0.99257022046420085,0.99950000000000006,63.13889844821432
5g (m=+0),5,4,0,984,51.773896727535742,2.0709558691014296,0.00077780067760906861,0.001621654533479998,0.99265601166813322,0.99950000000000006,63.13889844821432
5g (m=+0),5,4,0,985,51.826512476242584,2.0730604990497032,0.00077279214587853506,0.0016040923566306982,0.99274087421201418,0.99950000000000006,63.13889844821432
5g (m=+0),5,4,0,986,51.879128224949433,2.0751651289979773,0.0007678127003310052,0.0015867040203829492,0.99282481728218797,0.99950000000000006,63.13889844821432
5g (m=+0),5,4,0,987,51.931743973656282,2.0772697589462514,0.00076286220085318803,0.0015694880295980304,0.99290784998607418,0.99950000000000006,63.13889844821432
5g (m=+0),5,4,0,988,51.984359722363124,2.0793743888945251,0.00075794050773541764,0.0015524428988854665,0.9929899813526808,0.99950000000000006,63.13889844821432
5g (m=+0),5,4,0,989,52.036975471069965,2.0814790188427987,0.00075304748167335438,0.0015355671525840388,0.99307122033311701,0.99950000000000006,63.13889844821432
5g (m=+0),5,4,0,990,52.089591219776814,2.0835836487910724,0.00074818298376964855,0.0015188593247420822,0.99315157580110425,0.99950000000000006,63.13889844821432
5g (m=+0),5,4,0,991,52.142206968483663,2.0856882787393465,0.00074334687553556861,0.0015023179590970901,0.99323105655348687,0.99950000000000006,63.13889844821432
5g (m=+0),5,4,0,992,52.194822717190505,2.0877929086876201,0.00073853901889258181,0.0014859416090545912,0.99330967131074122,0.99950000000000006,63.13889844821432
5g (m=+0),5,4,0,993,52.247438465897346,2.0898975386358938,0.00073375927617389176,0.0014697288376663293,0.99338742871748364,0.99950000000000006,63.13889844821432
5g (m=+0),5,4,0,994,52.300054214604195,2.0920021685841679,0.00072900751012594934,0.0014536782176078221,0.99346433734297768,0.99950000000000006,63.13889844821432
5g (m=+0),5,4,0,995,52.352669963311044,2.094106798532442,0.00072428358390991623,0.0014377883311552325,0.9935404056816397,0.99950000000000006,63.13889844821432
5g (m=+0),5,4,0,996,52.405285712017886,2.0962114284807156,0.00071958736110308737,0.0014220577701615869,0.99361564215354325,0.99950000000000006,63.13889844821432
5g (m=+0),5,4,0,997,52.457901460724727,2.0983160584289893,0.00071491870570028135,0.001406485136032392,0.9936900551049227,0.99950000000000006,63.13889844821432
5g (m=+0),5,4,0,998,52.510517209431576,2.1004206883772629,0.00071027748211518885,0.0013910690397006204,0.99376365280867474,0.99950000000000006,63.13889844821432
5g (m=+0),5,4,0,999,52.563132958138425,2.102525318325537,0.00070566355518168831,0.0013758081016011093,0.99383644346485944,0.99950000000000006,63.13889844821432
5g (m=+0),5,4,0,1000,52.615748706845267,2.1046299482738107,0.00070107679015511714,0.0013607009516443485,0.9939084352011992,0.99950000000000006,63.13889844821432
5g (m=+0),5,4,0,1001,52.668364455552108,2.1067345782220843,0.00069651705271351195,0.0013457462291897157,0.99397963607357676,0.99950000000000006,63.13889844821432
5g (m=+0),5,4,0,1002,52.720980204258957,2.1088392081703584,0.00069198420895881215,0.0013309425830181454,0.99405005406653157,0.99950000000000006,63.13889844821432
5g (m=+0),5,4,0,1003,52.773595952965806,2.1109438381186321,0.00068747812541802324,0.0013162886713042352,0.9941196970937547,0.99950000000000006,63.13889844821432
5g (m=+0),5,4,0,1004,52.826211701672648,2.1130484680669057,0.000682998669044353,0.0013017831615878494,0.99418857299858265,0.99950000000000006,63.13889844821432
5g (m=+0),5,4,0,1005,52.87882745037949,2.1151530980151794,0.00067854570721830043,0.0012874247307451531,0.99425668955448898,0.99950000000000006,63.13889844821432
5g (m=+0),5,4,0,1006,52.931443199086338,2.1172577279634535,0.00067411910774872134,0.0012732120649591786,0.99432405446557515,0.99950000000000006,63.13889844821432
5g (m=+0),5,4,0,1007,52.984058947793187,2.1193623579117276,0.00066971873887385113,0.0012591438596898617,0.99439067536705894,0.99950000000000006,63.13889844821432
5g (m=+0),5,4,0,1008,53.036674696500029,2.1214669878600012,0.00066534446926230198,0.0012452188196436257,0.9944565598257622,0.99950000000000006,63.13889844821432
5g (m=+0),5,4,0,1009,53.089290445206871,2.1235716178082749,0.00066099616801401596,0.001231435658742452,0.99452171534059641,0.99950000000000006,63.13889844821432
5g (m=+0),5,4,0,1010,53.141906193913719,2.125676247756549,0.00065667370466119038,0.0012177931000925081,0.99458614934304668,0.99950000000000006,63.13889844821432
5g (m=+0),5,4,0,1011,53.194521942620568,2.1277808777048226,0.00065237694916917542,0.0012042898759523455,0.99464986919765408,0.99950000000000006,63.13889844821432
5g (m=+0),5,4,0,1012,53.24713769132741,2.1298855076530963,0.00064810577193732922,0.0011909247277006232,0.99471288220249643,0.99950000000000006,63.13889844821432
5g (m=+0),5,4,0,1013,53.299753440034252,2.1319901376013699,0.00064386004379984201,0.0011776964058034074,0.99477519558966754,0.99950000000000006,63.13889844821432
5g (m=+0),5,4,0,1014,53.3523691887411,2.134094767549644,0.00063963963602653678,0.0011646036697810877,0.99483681652575406,0.99950000000000006,63.13889844821432
5g (m=+0),5,4,0,1015,53.404984937447949,2.1361993974979181,0.00063544442032363211,0.0011516452881748633,0.99489775211231124,0.99950000000000006,63.13889844821432
5g (m=+0),5,4,0,1016,53.457600686154791,2.1383040274461917,0.00063127426883447023,0.0011388200385128227,0.99495800938633661,0.99950000000000006,63.13889844821432
5g (m=+0),5,4,0,1017,53.510216434861633,2.1404086573944654,0.00062712905414022142,0.0011261267072756715,0.99501759532074197,0.99950000000000006,63.13889844821432
5g (m=+0),5,4,0,1018,53.562832183568482,2.142513287342739,0.00062300864926055394,0.001113564089862066,0.99507651682482356,0.99950000000000006,63.13889844821432
5g (m=+0),5,4,0,1019,53.61544793227533,2.1446179172910131,0.00061891292765427609,0.0011011309905535986,0.99513478074473027,0.99950000000000006,63.13889844821432
5g (m=+0),5,4,0,1020,53.668063680982172,2.1467225472392868,0.00061484176321994317,0.0010888262224794118,0.9951923938639301,0.99950000000000006,63.13889844821432
5g (m=+0),5,4,0,1021,53.720679429689014,2.1488271771875604,0.00061079503029644116,0.0010766486075804952,0.99524936290367483,0.99950000000000006,63.13889844821432
5g (m=+0),5,4,0,1022,53.773295178395863,2.1509318071358345,0.00060677260366353702,0.0010645969765736339,0.99530569452346263,0.99950000000000006,63.13889844821432
5g (m=+0),5,4,0,1023,53.825910927102711,2.1530364370841086,0.0006027743585424024,0.0010526701689150461,0.99536139532149881,0.99950000000000006,63.13889844821432
5g (m=+0),5,4,0,1024,53.878526675809553,2.1551410670323823,0.00059880017059610801,0.0010408670327637073,0.9954164718351548,0.99950000000000006,63.13889844821432
5g (m=+0),5,4,0,1025,53.931142424516395,2.1572456969806559,0.00059484991593008779,0.0010291864249443667,0.9954709305414251,0.99950000000000006,63.13889844821432
5g (m=+0),5,4,0,1026,53.983758173223244,2.1593503269289296,0.00059092347109257818,0.0010176272109102818,0.99552477785738203,0.99950000000000006,63.13889844821432
5g (m=+0),5,4,0,1027,54.036373921930092,2.1614549568772037,0.00058702071307502736,0.0010061882647056624,0.99557802014062902,0.99950000000000006,63.13889844821432
5g (m=+0),5,4,0,1028,54.088989670636934,2.1635595868254773,0.00058314151931248084,0.0009948684689278565,0.9956306636897515,0.99950000000000006,63.13889844821432
5g (m=+0),5,4,0,1029,54.141605419343776,2.165664216773751,0.00057928576768393467,0.00098366671468925245,0.99568271474476588,0.99950000000000006,63.13889844821432
5g (m=+0),5,4,0,1030,54.194221168050625,2.1677688467220251,0.0005754533365126633,0.00097258190157893253,0.99573417948756671,0.99950000000000006,63.13889844821432
5g (m=+0),5,4,0,1031,54.246836916757474,2.1698734766702987,0.00057164410456652813,0.0009616129376241048,0.99578506404237155,0.99950000000000006,63.13889844821432
5g (m=+0),5,4,0,1032,54.299452665464315,2.1719781066185728,0.00056785795105825099,0.00095075873925126698,0.99583537447616388,0.99950000000000006,63.13889844821432
5g (m=+0),5,4,0,1033,54.352068414171157,2.1740827365668465,0.00056409475564566237,0.00094001823124714734,0.99588511679913405,0.99950000000000006,63.13889844821432
5g (m=+0),5,4,0,1034,54.404684162878006,2.1761873665151201,0.00056035439843193176,0.00092939034671945002,0.99593429696511837,0.99950000000000006,63.13889844821432
5g (m=+0),5,4,0,1035,54.457299911584855,2.1782919964633942,0.00055663675996576751,0.0009188740270573702,0.99598292087203555,0.99950000000000006,63.13889844821432
5g (m=+0),5,4,0,1036,54.509915660291696,2.1803966264116679,0.00055294172124158983,0.00090846822189190432,0.99603099436232156,0.99950000000000006,63.13889844821432
5g (m=+0),5,4,0,1037,54.562531408998538,2.1825012563599415,0.00054926916369968371,0.00089817188905597914,0.99607852322336221,0.99950000000000006,63.13889844821432
5g (m=+0),5,4,0,1038,54.615147157705387,2.1846058863082156,0.00054561896922632484,0.00088798399454438593,0.99612551318792364,0.99950000000000006,63.13889844821432
5g (m=+0),5,4,0,1039,54.667762906412236,2.1867105162564893,0.00054199102015388509,0.00087790351247354816,0.99617196993458057,0.99950000000000006,63.13889844821432
5g (m=+0),5,4,0,1040,54.720378655119077,2.1888151462047629,0.00053838519926090796,0.00086792942504109924,0.99621789908814273,0.99950000000000006,63.13889844821432
5g (m=+0),5,4,0,1041,54.772994403825919,2.1909197761530366,0.00053480138977216594,0.00085806072248531648,0.99626330622007908,0.99950000000000006,63.13889844821432
5g (m=+0),5,4,0,1042,54.825610152532768,2.1930244061013107,0.0005312394753586939,0.0008482964030443954,0.99630819684893956,0.99950000000000006,63.13889844821432
5g (m=+0),5,4,0,1043,54.878225901239617,2.1951290360495848,0.00052769934013779745,0.00083863547291557151,0.99635257644077513,0.99950000000000006,63.13889844821432
5g (m=+0),5,4,0,1044,54.930841649946458,2.1972336659978584,0.00052418086867304318,0.00082907694621411595,0.99639645040955527,0.99950000000000006,63.13889844821432
5g (m=+0),5,4,0,1045,54.9834573986533,2.1993382959461321,0.00052068394597421983,0.00081961984493217897,0.99643982411758358,0.99950000000000006,63.13889844821432
5g (m=+0),5,4,0,1046,55.036073147360149,2.2014429258944062,0.00051720845749728356,0.00081026319889752538,0.99648270287591145,0.99950000000000006,63.13889844821432
5g (m=+0),5,4,0,1047,55.088688896066998,2.2035475558426798,0.00051375428914427802,0.00080100604573214284,0.9965250919447487,0.99950000000000006,63.13889844821432
5g (m=+0),5,4,0,1048,55.14130464477384,2.2056521857909535,0.00051032132726323821,0.00079184743081075397,0.99656699653387304,0.99950000000000006,63.13889844821432
5g (m=+0),5,4,0,1049,55.193920393480681,2.2077568157392271,0.00050690945864806391,0.00078278640721919765,0.99660842180303655,0.99950000000000006,63.13889844821432
5g (m=+0),5,4,0,1050,55.24653614218753,2.2098614456875012,0.00050351857053837848,0.00077382203571273091,0.99664937286237065,0.99950000000000006,63.13889844821432
5g (m=+0),5,4,0,1051,55.299151890894379,2.2119660756357753,0.00050014855061937058,0.00076495338467425108,0.99668985477278838,0.99950000000000006,63.13889844821432
5g (m=+0),5,4,0,1052,55.351767639601221,2.2140707055840489,0.0004967992870216079,0.0007561795300724105,0.99672987254638434,0.99950000000000006,63.13889844821432
5g (m=+0),5,4,0,1053,55.404383388308062,2.2161753355323226,0.00049347066832083094,0.0007474995554196559,0.99676943114683336,0.99950000000000006,63.13889844821432
5g (m=+0),5,4,0,1054,55.456999137014911,2.2182799654805962,0.00049016258353773499,0.00073891255173021727,0.99680853548978565,0.99950000000000006,63.13889844821432
5g (m=+0),5,4,0,1055,55.50961488572176,2.2203845954288703,0.00048687492213772673,0.0007304176174780172,0.99684719044326087,0.99950000000000006,63.13889844821432
5g (m=+0),5,4,0,1056,55.562230634428602,2.222489225377144,0.00048360757403065888,0.00072201385855451131,0.99688540082803934,0.99950000000000006,63.13889844821432
5g (m=+0),5,4,0,1057,55.614846383135443,2.2245938553254176,0.00048036042957055251,0.00071370038822649745,0.99692317141805109,0.99950000000000006,63.13889844821432
5g (m=+0),5,4,0,1058,55.667462131842292,2.2266984852736917,0.00047713337955529488,0.00070547632709386048,0.99696050694076299,0.99950000000000006,63.13889844821432
5g (m=+0),5,4,0,1059,55.720077880549141,2.2288031152219658,0.00047392631522632437,0.00069734080304729041,0.99699741207756354,0.99950000000000006,63.13889844821432
5g (m=+0),5,4,0,1060,55.772693629255983,2.2309077451702395,0.00047073912826828924,0.00068929295122594522,0.99703389146414512,0.99950000000000006,63.13889844821432
5g (m=+0),5,4,0,1061,55.825309377962824,2.2330123751185131,0.00046757171080869593,0.00068133191397510456,0.99706994969088447,0.99950000000000006,63.13889844821432
5g (m=+0),5,4,0,1062,55.877925126669673,2.2351170050667868,0.00046442395541753561,0.00067345684080378728,0.99710559130322063,0.99950000000000006,63.13889844821432
5g (m=+0),5,4,0,1063,55.930540875376522,2.2372216350150609,0.00046129575510689283,0.00066566688834234866,0.9971408208020307,0.99950000000000006,63.13889844821432
5g (m=+0),5,4,0,1064,55.983156624083364,2.2393262649633345,0.00045818700333054112,0.00065796122030007808,0.99717564264400349,0.99950000000000006,63.13889844821432
5g (m=+0),5,4,0,1065,56.035772372790206,2.2414308949116082,0.00045509759398351391,0.00065033900742276563,0.99721006124201095,0.99950000000000006,63.13889844821432
5g (m=+0),5,4,0,1066,56.088388121497054,2.2435355248598823,0.00045202742140166625,0.00064279942745028653,0.99724408096547712,0.99950000000000006,63.13889844821432
5g (m=+0),5,4,0,1067,56.141003870203903,2.2456401548081559,0.00044897638036121444,0.00063534166507417335,0.99727770614074518,0.99950000000000006,63.13889844821432
5g (m=+0),5,4,0,1068,56.193619618910745,2.2477447847564296,0.00044594436607826404,0.00062796491189520708,0.99731094105144191,0.99950000000000006,63.13889844821432
5g (m=+0),5,4,0,1069,56.246235367617587,2.2498494147047037,0.00044293127420831657,0.00062066836638100702,0.99734378993884032,0.99950000000000006,63.13889844821432
5g (m=+0),5,4,0,1070,56.298851116324435,2.2519540446529773,0.00043993700084576194,0.00061345123382364002,0.99737625700221955,0.99950000000000006,63.13889844821432
5g (m=+0),5,4,0,1071,56.351466865031284,2.2540586746012514,0.00043696144252336017,0.00060631272629726573,0.99740834639922327,0.99950000000000006,63.13889844821432
5g (m=+0),5,4,0,1072,56.404082613738126,2.2561633045495251,0.00043400449621170078,0.0005992520626157883,0.99744006224621495,0.99950000000000006,63.13889844821432
5g (m=+0),5,4,0,1073,56.456698362444968,2.2582679344977987,0.00043106605931864713,0.00059226846829053945,0.99747140861863159,0.99950000000000006,63.13889844821432
5g (m=+0),5,4,0,1074,56.509314111151816,2.2603725644460728,0.00042814602968877191,0.00058536117548801253,0.99750238955133497,0.99950000000000006,63.13889844821432
5g (m=+0),5,4,0,1075,56.561929859858665,2.2624771943943465,0.00042524430560277385,0.00057852942298762425,0.99753300903896081,0.99950000000000006,63.13889844821432
5g (m=+0),5,4,0,1076,56.614545608565507,2.2645818243426201,0.00042236078577687688,0.00057177245613951365,0.99756327103626541,0.99950000000000006,63.13889844821432
5g (m=+0),5,4,0,1077,56.667161357272349,2.2666864542908938,0.00041949536936222053,0.00056508952682240152,0.99759317945847037,0.99950000000000006,63.13889844821432
5g (m=+0),5,4,0,1078,56.719777105979198,2.2687910842391679,0.00041664795594423189,0.00055847989340149186,0.99762273818160496,0.99950000000000006,63.13889844821432
5g (m=+0),5,4,0,1079,56.772392854686046,2.270895714187442,0.00041381844554198806,0.00055194282068643844,0.99765195104284643,0.99950000000000006,63.13889844821432
5g (m=+0),5,4,0,1080,56.825008603392888,2.2730003441357156,0.00041100673860755804,0.00054547757988935523,0.99768082184085771,0.99950000000000006,63.13889844821432
5g (m=+0),5,4,0,1081,56.87762435209973,2.2751049740839893,0.00040821273602533804,0.00053908344858290724,0.9977093543361234,0.99950000000000006,63.13889844821432
5g (m=+0),5,4,0,1082,56.930240100806579,2.2772096040322634,0.0004054363391113691,0.00053275971065845792,0.99773755225128324,0.99950000000000006,63.13889844821432
5g (m=+0),5,4,0,1083,56.982855849513427,2.279314233980537,0.00040267744961264274,0.00052650565628428834,0.99776541927146367,0.99950000000000006,63.13889844821432
5g (m=+0),5,4,0,1084,57.035471598220269,2.2814188639288107,0.00039993596970639556,0.00052032058186389854,0.99779295904460674,0.99950000000000006,63.13889844821432
5g (m=+0),5,4,0,1085,57.088087346927111,2.2835234938770843,0.00039721180199938673,0.00051420378999437425,0.99782017518179711,0.99950000000000006,63.13889844821432
5g (m=+0),5,4,0,1086,57.14070309563396,2.2856281238253584,0.00039450484952716704,0.00050815458942484511,0.99784707125758709,0.99950000000000006,63.13889844821432
5g (m=+0),5,4,0,1087,57.193318844340808,2.2877327537736325,0.00039181501575333337,0.00050217229501502288,0.99787365081031887,0.99950000000000006,63.13889844821432
5g (m=+0),5,4,0,1088,57.24593459304765,2.2898373837219061,0.00038914220456877342,0.00049625622769383345,0.99789991734244521,0.99950000000000006,63.13889844821432
5g (m=+0),5,4,0,1089,57.298550341754492,2.2919420136701798,0.00038648632029089446,0.00049040571441813052,0.99792587432084756,0.99950000000000006,63.13889844821432
5g (m=+0),5,4,0,1090,57.351166090461341,2.2940466436184535,0.00038384726766284202,0.00048462008813150817,0.99795152517715235,0.99950000000000006,63.13889844821432
5g (m=+0),5,4,0,1091,57.40378183916819,2.2961512735667275,0.0003812249518527115,0.0004788986877232218,0.99797687330804474,0.99950000000000006,63.13889844821432
5g (m=+0),5,4,0,1092,57.456397587875031,2.2982559035150012,0.00037861927845274173,0.00047324085798719381,0.99800192207558025,0.99950000000000006,63.13889844821432
5g (m=+0),5,4,0,1093,57.509013336581873,2.3003605334632748,0.00037603015347849794,0.0004676459495811246,0.99802667480749452,0.99950000000000006,63.13889844821432
5g (m=+0),5,4,0,1094,57.561629085288722,2.3024651634115489,0.00037345748336804974,0.0004621133189857252,0.99805113479751095,0.99950000000000006,63.13889844821432
5g (m=+0),5,4,0,1095,57.614244833995571,2.304569793359823,0.00037090117498113308,0.00045664232846404535,0.99807530530564559,0.99950000000000006,63.13889844821432
5g (m=+0),5,4,0,1096,57.666860582702412,2.3066744233080967,0.00036836113559830108,0.00045123234602091481,0.99809918955851062,0.99950000000000006,63.13889844821432
5g (m=+0),5,4,0,1097,57.719476331409254,2.3087790532563703,0.00036583727292006766,0.00044588274536250613,0.9981227907496153,0.99950000000000006,63.13889844821432
5g (m=+0),5,4,0,1098,57.772092080116103,2.310883683204644,0.00036332949506603853,0.00044059290585600974,0.99814611203966497,0.99950000000000006,63.13889844821432
5g (m=+0),5,4,0,1099,57.824707828822952,2.3129883131529181,0.00036083771057403405,0.00043536221248943388,0.99816915655685767,0.99950000000000006,63.13889844821432
5g (m=+0),5,4,0,1100,57.877323577529793,2.3150929431011917,0.00035836182839919865,0.00043019005583151904,0.99819192739717899,0.99950000000000006,63.13889844821432
5g (m=+0),5,4,0,1101,57.929939326236635,2.3171975730494654,0.00035590175791310439,0.00042507583199178733,0.99821442762469459,0.99950000000000006,63.13889844821432
5g (m=+0),5,4,0,1102,57.982555074943484,2.3193022029977395,0.00035345740890284241,0.00042001894258071273,0.99823666027184077,0.99950000000000006,63.13889844821432
5g (m=+0),5,4,0,1103,58.035170823650333,2.3214068329460131,0.00035102869157010584,0.00041501879467002343,0.99825862833971268,0.99950000000000006,63.13889844821432
5g (m=+0),5,4,0,1104,58.087786572357174,2.3235114628942868,0.00034861551653026429,0.00041007480075313873,0.99828033479835088,0.99950000000000006,63.13889844821432
5g (m=+0),5,4,0,1105,58.140402321064016,2.3256160928425604,0.00034621779481142632,0.00040518637870573342,0.99830178258702529,0.99950000000000006,63.13889844821432
5g (m=+0),5,4,0,1106,58.193018069770865,2.3277207227908345,0.00034383543785349615,0.00040035295174644595,0.99832297461451758,0.99950000000000006,63.13889844821432
5g (m=+0),5,4,0,1107,58.245633818477714,2.3298253527391086,0.00034146835750721978,0.00039557394839772047,0.99834391375940112,0.99950000000000006,63.13889844821432
5g (m=+0),5,4,0,1108,58.298249567184556,2.3319299826873823,0.00033911646603322464,0.00039084880244679565,0.99836460287031903,0.99950000000000006,63.13889844821432
5g (m=+0),5,4,0,1109,58.350865315891397,2.3340346126356559,0.00033677967610104678,0.00038617695290682643,0.99838504476626022,0.99950000000000006,63.13889844821432
5g (m=+0),5,4,0,1110,58.403481064598246,2.33613924258393,0.00033445790078815243,0.0003815578439781559,0.99840524223683347,0.99950000000000006,63.13889844821432
5g (m=+0),5,4,0,1111,58.456096813305095,2.3382438725322037,0.00033215105357895381,0.00037699092500973971,0.99842519804253893,0.99950000000000006,63.13889844821432
5g (m=+0),5,4,0,1112,58.508712562011937,2.3403485024804773,0.00032985904836381252,0.00037247565046070861,0.99844491491503851,0.99950000000000006,63.13889844821432
5g (m=+0),5,4,0,1113,58.561328310718778,2.342453132428751,0.00032758179943803445,0.00036801147986207961,0.99846439555742339,0.99950000000000006,63.13889844821432
5g (m=+0),5,4,0,1114,58.613944059425627,2.3445577623770251,0.00032531922150086352,0.00036359787777863364,0.99848364264447997,0.99950000000000006,63.13889844821432
5g (m=+0),5,4,0,1115,58.666559808132476,2.3466623923252992,0.00032307122965446268,0.00035923431377093425,0.99850265882295386,0.99950000000000006,63.13889844821432
5g (m=+0),5,4,0,1116,58.719175556839318,2.3487670222735728,0.00032083773940288677,0.00035492026235750063,0.99852144671181153,0.99950000000000006,63.13889844821432
5g (m=+0),5,4,0,1117,58.771791305546159,2.3508716522218465,0.00031861866665105164,0.00035065520297714503,0.99854000890250039,0.99950000000000006,63.13889844821432
5g (m=+0),5,4,0,1118,58.824407054253008,2.3529762821701201,0.00031641392770369412,0.00034643861995146258,0.9985583479592065,0.99950000000000006,63.13889844821432
5g (m=+0),5,4,0,1119,58.877022802959857,2.3550809121183942,0.00031422343926432649,0.00034227000244748534,0.99857646641911069,0.99950000000000006,63.13889844821432
5g (m=+0),5,4,0,1120,58.929638551666699,2.3571855420666679,0.00031204711843418138,0.00033814884444049011,0.99859436679264235,0.99950000000000006,63.13889844821432
5g (m=+0),5,4,0,1121,58.98225430037354,2.3592901720149415,0.00030988488271115283,0.0003340746446769762,0.99861205156373145,0.99950000000000006,63.13889844821432
5g (m=+0),5,4,0,1122,59.034870049080389,2.3613948019632156,0.00030773664998873013,0.00033004690663780391,0.99862952319005882,0.99950000000000006,63.13889844821432
5g (m=+0),5,4,0,1123,59.087485797787238,2.3634994319114897,0.00030560233855492366,0.00032606513850149554,0.9986467841033041,0.99950000000000006,63.13889844821432
5g (m=+0),5,4,0,1124,59.14010154649408,2.3656040618597634,0.00030348186709118838,0.00032212885310771032,0.99866383670939196,0.99950000000000006,63.13889844821432
5g (m=+0),5,4,0,1125,59.192717295200922,2.367708691808037,0.0003013751546713353,0.00031823756792087528,0.9986806833887365,0.99950000000000006,63.13889844821432
5g (m=+0),5,4,0,1126,59.24533304390777,2.3698133217563107,0.00029928212076044288,0.00031439080499399616,0.99869732649648357,0.99950000000000006,63.13889844821432
5g (m=+0),5,4,0,1127,59.297948792614619,2.3719179517045847,0.0002972026852137585,0.00031058809093262958,0.99871376836275116,0.99950000000000006,63.13889844821432
5g (m=+0),5,4,0,1128,59.350564541321461,2.3740225816528584,0.00029513676827559748,0.00030682895685903323,0.99873001129286809,0.99950000000000006,63.13889844821432
5g (m=+0),5,4,0,1129,59.403180290028303,2.376127211601132,0.00029308429057823345,0.00030311293837648168,0.99874605756761081,0.99950000000000006,63.13889844821432
5g (m=+0),5,4,0,1130,59.455796038735151,2.3782318415494061,0.00029104517314078375,0.00029943957553375523,0.99876190944343812,0.99950000000000006,63.13889844821432
5g (m=+0),5,4,0,1131,59.508411787442,2.3803364714976798,0.00028901933736809354,0.00029580841278981074,0.99877756915272409,0.99950000000000006,63.13889844821432
5g (m=+0),5,4,0,1132,59.561027536148842,2.3824411014459539,0.00028700670504960997,0.00029221899897861875,0.99879303890398929,0.99950000000000006,63.13889844821432
5g (m=+0),5,4,0,1133,59.613643284855684,2.3845457313942275,0.00028500719835825093,0.00028867088727417361,0.99880832088213001,0.99950000000000006,63.13889844821432
5g (m=+0),5,4,0,1134,59.666259033562532,2.3866503613425012,0.00028302073984927411,0.00028516363515569188,0.99882341724864576,0.99950000000000006,63.13889844821432
5g (m=+0),5,4,0,1135,59.718874782269381,2.3887549912907753,0.00028104725245913724,0.00028169680437297915,0.99883833014186485,0.99950000000000006,63.13889844821432
5g (m=+0),5,4,0,1136,59.771490530976223,2.3908596212390489,0.00027908665950435304,0.00027826996091197357,0.99885306167716803,0.99950000000000006,63.13889844821432
5g (m=+0),5,4,0,1137,59.824106279683065,2.3929642511873226,0.00027713888468034224,0.00027488267496047385,0.9988676139472108,0.99950000000000006,63.13889844821432
5g (m=+0),5,4,0,1138,59.876722028389914,2.3950688811355967,0.00027520385206028047,0.00027153452087404255,0.99888198902214331,0.99950000000000006,63.13889844821432
5g (m=+0),5,4,0,1139,59.929337777096762,2.3971735110838703,0.00027328148609394228,0.00026822507714209217,0.99889618894982901,0.99950000000000006,63.13889844821432
5g (m=+0),5,4,0,1140,59.981953525803604,2.399278141032144,0.0002713717116065383,0.0002649539263541471,0.99891021575606087,0.99950000000000006,63.13889844821432
5g (m=+0),5,4,0,1141,60.034569274510446,2.4013827709804176,0.00026947445379755088,0.00026172065516629156,0.99892407144477668,0.99950000000000006,63.13889844821432
5g (m=+0),5,4,0,1142,60.087185023217295,2.4034874009286917,0.00026758963823956514,0.00025852485426779782,0.99893775799827178,0.99950000000000006,63.13889844821432
5g (m=+0),5,4,0,1143,60.139800771924143,2.4055920308769658,0.00026571719087709473,0.00025536611834793392,0.99895127737741074,0.99950000000000006,63.13889844821432
5g (m=+0),5,4,0,1144,60.192416520630985,2.4076966608252395,0.00026385703802540687,0.00025224404606295975,0.99896463152183657,0.99950000000000006,63.13889844821432
5g (m=+0),5,4,0,1145,60.245032269337827,2.4098012907735131,0.00026200910636933945,0.00024915824000329873,0.99897782235017896,0.99950000000000006,63.13889844821432
5g (m=+0),5,4,0,1146,60.297648018044676,2.4119059207217872,0.00026017332296211879,0.00024610830666089989,0.99899085176026003,0.99950000000000006,63.13889844821432
5g (m=+0),5,4,0,1147,60.350263766751524,2.4140105506700609,0.00025834961522417066,0.00024309385639677825,0.99900372162929918,0.99950000000000006,63.13889844821432
5g (m=+0),5,4,0,1148,60.402879515458366,2.4161151806183345,0.00025653791094193163,0.00024011450340874631,0.99901643381411542,0.99950000000000006,63.13889844821432
5g (m=+0),5,4,0,1149,60.455495264165208,2.4182198105666082,0.00025473813826665291,0.00023716986569932193,0.99902899015132873,0.99950000000000006,63.13889844821432
5g (m=+0),5,4,0,1150,60.508111012872057,2.4203244405148823,0.00025295022571320295,0.00023425956504382437,0.99904139245755919,0.99950000000000006,63.13889844821432
5g (m=+0),5,4,0,1151,60.560726761578906,2.4224290704631564,0.00025117410215887002,0.00023138322695866122,0.99905364252962481,0.99950000000000006,63.13889844821432
5g (m=+0),5,4,0,1152,60.613342510285747,2.42453370041143,0.00024940969684215724,0.00022854048066979214,0.99906574214473731,0.99950000000000006,63.13889844821432
5g (m=+0),5,4,0,1153,60.665958258992589,2.4266383303597037,0.00024765693936157557,0.00022573095908137925,0.9990776930606966,0.99950000000000006,63.13889844821432
5g (m=+0),5,4,0,1154,60.718574007699438,2.4287429603079773,0.00024591575967443748,0.00022295429874463003,0.99908949701608374,0.99950000000000006,63.13889844821432
5g (m=+0),5,4,0,1155,60.771189756406287,2.4308475902562514,0.00024418608809564539,0.00022021013982682054,0.99910115573045155,0.99950000000000006,63.13889844821432
5g (m=+0),5,4,0,1156,60.823805505113128,2.4329522202045251,0.00024246785529647658,0.00021749812608050316,0.9991126709045145,0.99950000000000006,63.13889844821432
5g (m=+0),5,4,0,1157,60.87642125381997,2.4350568501527987,0.00024076099230336843,0.00021481790481290601,0.99912404422033618,0.99950000000000006,63.13889844821432
5g (m=+0),5,4,0,1158,60.929037002526819,2.4371614801010728,0.00023906543049669916,0.00021216912685551351,0.99913527734151586,0.99950000000000006,63.13889844821432
5g (m=+0),5,4,0,1159,60.981652751233668,2.4392661100493469,0.00023738110160956868,0.00020955144653383794,0.99914637191337285,0.99950000000000006,63.13889844821432
5g (m=+0),5,4,0,1160,61.034268499940509,2.4413707399976206,0.00023570793772657365,0.00020696452163737085,0.99915732956312975,0.99950000000000006,63.13889844821432
5g (m=+0),5,4,0,1161,61.086884248647351,2.4434753699458942,0.00023404587128258422,0.00020440801338972718,0.99916815190009367,0.99950000000000006,63.13889844821432
5g (m=+0),5,4,0,1162,61.1394999973542,2.4455799998941679,0.00023239483506151689,0.00020188158641897211,0.9991788405158365,0.99950000000000006,63.13889844821432
5g (m=+0),5,4,0,1163,61.192115746061049,2.447684629842442,0.0002307547621951057,0.00019938490872813426,0.99918939698437303,0.99950000000000006,63.13889844821432
5g (m=+0),5,4,0,1164,61.24473149476789,2.4497892597907156,0.00022912558616167272,0.0001969176516659075,0.99919982286233777,0.99950000000000006,63.13889844821432
5g (m=+0),5,4,0,1165,61.297347243474732,2.4518938897389893,0.00022750724078489468,0.00019447948989753444,0.99921011968916029,0.99950000000000006,63.13889844821432
5g (m=+0),5,4,0,1166,61.349962992181581,2.4539985196872633,0.00022589966023257028,0.00019207010137587996,0.99922028898723891,0.99950000000000006,63.13889844821432
5g (m=+0),5,4,0,1167,61.40257874088843,2.456103149635537,0.00022430277901538449,0.00018968916731268789,0.99923033226211277,0.99950000000000006,63.13889844821432
5g (m=+0),5,4,0,1168,61.455194489595272,2.4582077795838106,0.00022271653198567304,0.0001873363721500261,0.99924025100263303,0.99950000000000006,63.13889844821432
5g (m=+0),5,4,0,1169,61.507810238302113,2.4603124095320847,0.00022114085433618352,0.00018501140353191368,0.99925004668113149,0.99950000000000006,63.13889844821432
5g (m=+0),5,4,0,1170,61.560425987008962,2.4624170394803584,0.00021957568159883541,0.00018271395227613366,0.9992597207535886,0.99950000000000006,63.13889844821432
5g (m=+0),5,4,0,1171,61.613041735715811,2.4645216694286325,0.00021802094964348234,0.00018044371234623624,0.99926927465979998,0.99950000000000006,63.13889844821432
5g (m=+0),5,4,0,1172,61.665657484422653,2.4666262993769061,0.00021647659467666932,0.00017820038082372048,0.99927870982354072,0.99950000000000006,63.13889844821432
5g (m=+0),5,4,0,1173,61.718273233129494,2.4687309293251798,0.00021494255324038867,0.00017598365788040027,0.99928802765272895,0.99950000000000006,63.13889844821432
5g (m=+0),5,4,0,1174,61.770888981836343,2.4708355592734539,0.00021341876221083914,0.00017379324675096105,0.99929722953958777,0.99950000000000006,63.13889844821432
5g (m=+0),5,4,0,1175,61.823504730543192,2.4729401892217275,0.00021190515879718119,0.00017162885370569569,0.99930631686080551,0.99950000000000006,63.13889844821432
5g (m=+0),5,4,0,1176,61.876120479250034,2.4750448191700012,0.00021040168054029101,0.00016949018802342358,0.99931529097769489,0.99950000000000006,63.13889844821432
5g (m=+0),5,4,0,1177,61.928736227956875,2.4771494491182748,0.00020890826531151543,0.00016737696196459533,0.9993241532363506,0.99950000000000006,63.13889844821432
5g (m=+0),5,4,0,1178,61.981351976663724,2.4792540790665489,0.00020742485131142559,0.00016528889074457986,0.99933290496780536,0.99950000000000006,63.13889844821432
5g (m=+0),5,4,0,1179,62.033967725370573,2.481358709014823,0.00020595137706857074,0.00016322569250713478,0.99934154748818482,0.99950000000000006,63.13889844821432
5g (m=+0),5,4,0,1180,62.086583474077415,2.4834633389630967,0.00020448778143822944,0.0001611870882980562,0.99935008209886089,0.99950000000000006,63.13889844821432
5g (m=+0),5,4,0,1181,62.139199222784256,2.4855679689113703,0.00020303400360116304,0.00015917280203901456,0.9993585100866037,0.99950000000000006,63.13889844821432
5g (m=+0),5,4,0,1182,62.191814971491105,2.4876725988596444,0.00020158998306236701,0.00015718256050156903,0.9993668327237325,0.99950000000000006,63.13889844821432
5g (m=+0),5,4,0,1183,62.244430720197954,2.4897772288079181,0.00020015565964982281,0.0001552160932813642,0.99937505126826442,0.99950000000000006,63.13889844821432
5g (m=+0),5,4,0,1184,62.297046468904796,2.4918818587561917,0.00019873097351324974,0.00015327313277250791,0.99938316696406282,0.99950000000000006,63.13889844821432
5g (m=+0),5,4,0,1185,62.349662217611638,2.4939864887044654,0.00019731586512285529,0.00015135341414212723,0.99939118104098379,0.99950000000000006,63.13889844821432
5g (m=+0),5,4,0,1186,62.402277966318486,2.4960911186527395,0.0001959102752680872,0.00014945667530510663,0.9993990947150212,0.99950000000000006,63.13889844821432
5g (m=+0),5,4,0,1187,62.454893715025335,2.4981957486010136,0.00019451414505638432,0.00014758265689900356,0.99940690918845088,0.99950000000000006,63.13889844821432
5g (m=+0),5,4,0,1188,62.507509463732177,2.5003003785492872,0.00019312741591192878,0.00014573110225914518,0.99941462564997297,0.99950000000000006,63.13889844821432
5g (m=+0),5,4,0,1189,62.560125212439019,2.5024050084975609,0.00019175002957439661,0.00014390175739390038,0.99942224527485335,0.99950000000000006,63.13889844821432
5g (m=+0),5,4,0,1190,62.612740961145867,2.5045096384458345,0.00019038192809770876,0.00014209437096012999,0.99942976922506366,0.99950000000000006,63.13889844821432
5g (m=+0),5,4,0,1191,62.665356709852716,2.5066142683941086,0.00018902305384878537,0.00014030869423881863,0.99943719864941993,0.99950000000000006,63.13889844821432
5g (m=+0),5,4,0,1192,62.717972458559558,2.5087188983423823,0.00018767334950629664,0.00013854448111087783,0.99944453468372008,0.99950000000000006,63.13889844821432
5g (m=+0),5,4,0,1193,62.7705882072664,2.5108235282906559,0.00018633275805941455,0.00013680148803312602,0.99945177845088007,0.99950000000000006,63.13889844821432
5g (m=+0),5,4,0,1194,62.823203955973248,2.51292815823893,0.00018500122280656762,0.00013507947401444778,0.99945893106106876,0.99950000000000006,63.13889844821432
5g (m=+0),5,4,0,1195,62.875819704680097,2.5150327881872041,0.00018367868735419456,0.00013337820059212578,0.99946599361184152,0.99950000000000006,63.13889844821432
5g (m=+0),5,4,0,1196,62.928435453386939,2.5171374181354778,0.00018236509561549727,0.00013169743180834525,0.99947296718827283,0.99950000000000006,63.13889844821432
5g (m=+0),5,4,0,1197,62.981051202093781,2.5192420480837514,0.00018106039180919661,0.00013003693418687582,0.99947985286308738,0.99950000000000006,63.13889844821432
5g (m=+0),5,4,0,1198,63.03366695080063,2.5213466780320251,0.00017976452045828748,0.00012839647670992403,0.99948665169678996,0.99950000000000006,63.13889844821432
5g (m=+0),5,4,0,1199,63.086282699507478,2.5234513079802992,0.00017847742638879595,0.00012677583079516067,0.99949336473779427,0.99950000000000006,63.13889844821432
5g (m=+0),5,4,0,1200,63.13889844821432,2.5255559379285728,0.00017719905472853532,0.00012517477027291745,0.99949999302255044,0.99950000000000006,63.13889844821432
