energy_index,angle_index,incident_energy_kev,theta_deg,alpha,incident_wavelength_m,wavelength_shift_m,fractional_wavelength_shift,scattered_wavelength_m,scattered_energy_kev,electron_kinetic_energy_kev,electron_gamma,electron_beta,electron_speed_m_s,electron_pc_kev,electron_recoil_angle_deg,electron_recoil_direction_defined
0,0,50,0,0.097847559045500285,2.4796839686640053e-11,0,0,2.4796839686640053e-11,50,0,1,0,0,0,90,false
0,1,50,0.25,0.097847559045500285,2.4796839686640053e-11,2.30967247153578e-17,9.3143824000288902e-07,2.4796862783364767e-11,49.999953428131377,4.6571868621325107e-05,1.0000000911388733,0.00042693995089765959,127993.37729800868,0.21816588680052626,89.862769099810535,true
0,2,50,0.5,0.097847559045500285,2.4796839686640053e-11,9.2386459133070836e-17,3.7257352267695009e-06,2.4796932073099186e-11,49.999813713932717,0.00018628606728591192,1.0000003645527393,0.00085387650162572506,255985.73525081712,0.43633015541650588,89.725538467773006,true
0,3,50,0.75,0.097847559045500285,2.4796839686640053e-11,2.0786788407667797e-16,8.3828377609212942e-06,2.479704755452413e-11,49.999580861625525,0.00041913837447707207,1.0000008202333368,0.0012808062521120201,383976.05454243021,0.6544911877036077,89.58830837202423,true
0,4,50,1,0.097847559045500285,2.4796839686640053e-11,3.6953880094586109e-16,1.4902657177920935e-05,2.4797209225440999e-11,49.999254878245395,0.00074512175460198209,1.0000014581668977,0.0017077258024754635,511963.31591414165,0.87264736559792744,89.451079080692537,true
0,5,50,1.25,0.097847559045500285,2.4796839686640053e-11,5.7739613175981426e-16,2.328506934982128e-05,2.4797417082771811e-11,49.998835773641602,0.00116422635839957,1.0000022783341469,0.0021346317531277005,639946.50019500253,1.0907970711561965,89.31385086187791,true
0,6,50,1.5,0.097847559045500285,2.4796839686640053e-11,8.3143591921462073e-16,3.3529914687579263e-05,2.4797671122559268e-11,49.998323560476493,0.0016764395235047613,1.0000032807103052,0.0025615207048654944,767924.58832951915,1.3089386865959789,89.176623983646408,true
0,7,50,1.75,0.097847559045500285,2.4796839686640053e-11,1.1316533267586774e-15,4.5636998144097582e-05,2.4797971339966811e-11,49.997718254224822,0.0022817457751771724,1.0000044652650892,0.0029883892589684393,895896.56140694697,1.52707059433586,89.03939871402504,true
0,8,50,2,0.097847559045500285,2.4796839686640053e-11,1.4780426386850909e-15,5.9606089217950829e-05,2.4798317729278739e-11,49.99701987317281,0.002980126827191999,1.0000058319627136,0.003415234017296044,1023861.4006903955,1.745191177035621,88.902175320990054,true
0,9,50,2.25,0.097847559045500285,2.4796839686640053e-11,1.8705972602413123e-15,7.5436921957806812e-05,2.4798710283900296e-11,49.996228438417106,0.0037715615828935525,1.0000073807618934,0.0038420515823849354,1151818.0876459694,1.9632988176363961,88.764954072460029,true
0,10,50,2.5,0.097847559045500285,2.4796839686640053e-11,2.3093097177525113e-15,9.3129194967401933e-05,2.4799148996357805e-11,49.995343973863598,0.0046560261364042661,1.000009111615846,0.004268838557542811,1279765.6039709337,2.1813918994008108,88.627735236288331,true
0,11,50,2.75,0.097847559045500285,2.4796839686640053e-11,2.7941716587664999e-15,0.00011268257141138566,2.479963385829882e-11,49.994366506225994,0.0056334937740047976,1.0000110244722937,0.0046955915469477517,1407702.9316234889,2.3994688059531,88.490519080253236,true
0,12,50,3,0.097847559045500285,2.4796839686640053e-11,3.3251738522105066e-15,0.00013409667902164287,2.4800164860492263e-11,49.993296065024332,0.0067039349756655301,1.0000131192734674,0.0051223071557422372,1535629.052850954,2.6175279213192004,88.353305872051209,true
0,13,50,3.25,0.097847559045500285,2.4796839686640053e-11,3.9023061885681583e-15,0.00015737111010443109,2.4800741992828622e-11,49.992132682583254,0.007867317416746138,1.0000153959561093,0.0055489819901306334,1663542.9502189944,2.8355676299668131,88.216095879288105,true
0,14,50,3.5,0.097847559045500285,2.4796839686640053e-11,4.5255576800718121e-15,0.00018250542154813683,2.4801365244320125e-11,49.990876394030145,0.0091236059698532757,1.0000178544514768,0.0059756126574751671,1791443.6066403924,3.0535863168454407,88.078889369470502,true
0,15,50,3.75,0.097847559045500285,2.4796839686640053e-11,5.19491646091132e-15,0.00020949913483169459,2.4802034603100964e-11,49.989527237293139,0.010472762706858344,1.0000204946853466,0.0064021957663917039,1919330.0054037627,3.2715823674263884,87.941686609998285,true
0,16,50,4,0.097847559045500285,2.4796839686640053e-11,5.910369787460573e-15,0.00023835173603372286,2.4802750056427514e-11,49.988085253098923,0.011914746901077869,1.0000233165780184,0.0068287279268461716,2047201.130202458,3.489554167742734,87.804487868156045,true
0,17,50,4.25,0.097847559045500285,2.4796839686640053e-11,6.6719040385191332e-15,0.00026906267584226858,2.4803511590678572e-11,49.986550484970387,0.01344951502961078,1.0000263200443198,0.0072552057502498352,2175055.9651631322,3.707500104429251,87.667293411104595,true
0,18,50,4.5,0.097847559045500285,2.4796839686640053e-11,7.4795047155732527e-15,0.00030163136956533343,2.4804319191355626e-11,49.984922979224159,0.015077020775841091,1.0000295049936119,0.0076816258495560419,2302893.4948747442,3.9254185647623023,87.530103505873328,true
0,19,50,4.75,0.097847559045500285,2.4796839686640053e-11,8.333156443069564e-15,0.00033605719714191121,2.4805172843083122e-11,49.983202784967908,0.016797215032092087,1.000032871329793,0.0081079848393545966,2430712.7044168497,4.1433079366996797,87.392918419352043,true
0,20,50,5,0.097847559045500285,2.4796839686640053e-11,9.2328429687100355e-15,0.00037233950315388261,2.4806072529608763e-11,49.981389954097551,0.018610045902449142,1.0000364189513056,0.0085342793359684914,2558512.5793886017,4.3611666089204046,87.255738418282121,true
0,21,50,5.25,0.097847559045500285,2.4796839686640053e-11,1.0178547163759882e-14,0.00041047759683843265,2.4807018233803812e-11,49.979484541294269,0.020515458705734065,1.0000401477511411,0.0089605059575485306,2686292.1059371177,4.5789929708644781,87.118563769248979,true
0,22,50,5.5,0.097847559045500285,2.4796839686640053e-11,1.1170251023374566e-14,0.00045047075210123775,2.4808009937663428e-11,49.977486604021358,0.022513395978643037,1.0000440576168468,0.0093866613241690433,2814050.2707861722,4.7967854127725769,86.981394738673558,true
0,23,50,5.75,0.097847559045500285,2.4796839686640053e-11,1.2207935666942192e-14,0.00049231820753027405,2.4809047622306995e-11,49.975396202520962,0.02460379747904038,1.0000481484305315,0.0098127420579228047,2941786.061264656,5.0145423257256976,86.844231592804519,true
0,24,50,6,0.097847559045500285,2.4796839686640053e-11,1.3291581338442839e-14,0.00053601916641030783,2.4810131267978495e-11,49.973213399810589,0.026786600189410894,1.0000524200688732,0.010238744783015967,3069498.4653350334,5.2322621016847419,86.70707459770982,true
0,25,50,6.25,0.097847559045500285,2.4796839686640053e-11,1.4421167406824614e-14,0.00058157279673806152,2.4811260854046876e-11,49.970938261679528,0.029061738320469974,1.0000568724031256,0.010664666125862863,3197186.4716217653,5.4499431335300468,86.569924019268711,true
0,26,50,6.5,0.097847559045500285,2.4796839686640053e-11,1.5596672366397738e-14,0.00062897823123810633,2.4812436359006451e-11,49.968570856685069,0.031429143314933759,1.0000615052991251,0.011090502715181128,3324849.0694398242,5.6675838151008469,86.432780123163454,true
0,27,50,6.75,0.097847559045500285,2.4796839686640053e-11,1.6818073837241585e-14,0.00067823456737927626,2.4813657760477295e-11,49.966111256148558,0.033888743851438703,1.0000663186172996,0.011516251182085269,3452485.2488227482,5.8851825412346708,86.295643174871557,true
0,28,50,7,0.097847559045500285,2.4796839686640053e-11,1.8085348565633249e-14,0.00072934086739195251,2.4814925035205685e-11,49.963559534151372,0.036440465848627424,1.0000713122126754,0.011941908160181881,3580094.0005511837,6.102737707806682,86.158513439657327,true
0,29,50,7.25,0.097847559045500285,2.4796839686640053e-11,1.9398472424488235e-14,0.00078229615828583478,2.4816238159064542e-11,49.960915767530622,0.039084232469381384,1.0000764859348859,0.012367470285663026,3707674.3161808806,6.3202477117689364,86.021391182564088,true
0,30,50,7.5,0.097847559045500285,2.4796839686640053e-11,2.0757420413821375e-14,0.00083709943186852879,2.4817597107053873e-11,49.958180035874783,0.041819964125216463,1.0000818396281805,0.012792934197400673,3835225.188071005,6.5377109511895686,85.88427666840569,true
0,31,50,7.75,0.097847559045500285,2.4796839686640053e-11,2.2162166661221714e-14,0.00089374964476469801,2.4819001853301273e-11,49.955352421519173,0.044647578480828065,1.0000873731314328,0.013218296537040057,3962745.6094121267,6.7551258252919135,85.74717016175903,true
0,32,50,8,0.097847559045500285,2.4796839686640053e-11,2.3612684422345482e-14,0.00095224571843594388,2.4820452371062399e-11,49.952433009541203,0.047566990458793916,1.0000930862781507,0.013643553949093291,4090234.5742542846,6.9724907344935341,85.610071926955655,true
0,33,50,8.25,0.097847559045500285,2.4796839686640053e-11,2.5108946081425746e-14,0.0010125865392013583,2.482194863272148e-11,49.94942188775557,0.050578112244430991,1.0000989788964849,0.01406870308103283,4217691.0775350053,7.189804080445187,85.472982228073789,true
0,34,50,8.5,0.097847559045500285,2.4796839686640053e-11,2.6650923151797153e-14,0.0010747709582586862,2.4823490609791851e-11,49.9463191467092,0.05368085329080282,1.0001050508092397,0.014493740583384171,4345114.1151070949,7.407064266069681,85.335901328930277,true
0,35,50,8.75,0.097847559045500285,2.4796839686640053e-11,2.8238586276438984e-14,0.0011387977917062255,2.4825078272916493e-11,49.94312487967612,0.0568751203238834,1.0001113018338823,0.014918663109818951,4472502.6837665476,7.6242696956006801,85.198829493072651,true
0,36,50,9,0.097847559045500285,2.4796839686640053e-11,2.9871905228533573e-14,0.0012046658205653459,2.4826711591868587e-11,49.939839182652129,0.060160817347871043,1.0001177317825534,0.015343467317247384,4599855.7812802587,7.8414187746213901,85.061766983771264,true
0,37,50,9.25,0.097847559045500285,2.4796839686640053e-11,3.1550848912043026e-14,0.001272373790803748,2.4828390535552095e-11,49.936462154349343,0.063537845650657371,1.0001243404620785,0.015768149865910918,4727172.4064138047,8.0585099101031723,84.924714064011226,true
0,38,50,9.5,0.097847559045500285,2.4796839686640053e-11,3.327538536229945e-14,0.0013419204133592651,2.4830115072002352e-11,49.93299389619056,0.067006103809441706,1.0001311276739782,0.016192707419473922,4854451.5589589244,8.275541510444052,84.787670996484295,true
0,39,50,9.75,0.097847559045500285,2.4796839686640053e-11,3.5045481746614778e-14,0.0014133043641644564,2.4831885168386668e-11,49.929434512303501,0.070565487696501963,1.0001380932144792,0.016617136645115816,4981692.2397611439,8.49251198550715,84.650638043581225,true
0,40,50,10,0.097847559045500285,2.4796839686640053e-11,3.6861104364905469e-14,0.0014865242841717993,2.4833700791004957e-11,49.925784109514886,0.074215890485112415,1.0001452368745272,0.017041434213622583,5108893.4507472115,8.7094197466589769,84.51361546738373,true
0,41,50,10.25,0.097847559045500285,2.4796839686640053e-11,3.8722218650333639e-14,0.0015615787793795452,2.4835561905290387e-11,49.922042797344389,0.077957202655610472,1.0001525584397974,0.017465596799477959,5236054.1949524302,8.9262632068076826,84.376603529656734,true
0,42,50,10.5,0.097847559045500285,2.4796839686640053e-11,4.062878916996644e-14,0.0016384664208583105,2.4837468475810018e-11,49.918210687998382,0.081789312001615794,1.0001600576907075,0.017889621080954793,5363173.4765480543,9.1430407804411562,84.239602491840046,true
0,43,50,10.75,0.097847559045500285,2.4796839686640053e-11,4.2580779625449547e-14,0.0017171857447782371,2.4839420466265503e-11,49.914287896363611,0.085712103636392478,1.0001677344024296,0.018313503740205513,5490250.3008684041,9.3597508836650256,84.102612615041068,true
0,44,50,11,0.097847559045500285,2.4796839686640053e-11,4.4578152853697802e-14,0.0017977352524368437,2.4841417839493751e-11,49.910274540000643,0.089725459999360227,1.0001755883449035,0.018737241463352542,5617283.6744379755,9.5763919342405828,83.965634160026724,true
0,45,50,11.25,0.097847559045500285,2.4796839686640053e-11,4.6620870827604763e-14,0.0018801134102876416,2.4843460557467658e-11,49.906170739137245,0.093829260862756628,1.0001836192828493,0.019160830940578889,5744272.6049985969,9.7929623516225561,83.828667387215489,true
0,46,50,11.5,0.097847559045500285,2.4796839686640053e-11,4.8708894656764353e-14,0.0019643186499692356,2.4845548581296819e-11,49.901976616661564,0.098023383338436992,1.000191826975781,0.019584268866217523,5871216.1015362246,10.009460556996794,83.691712556669856,true
0,47,50,11.75,0.097847559045500285,2.4796839686640053e-11,5.08421845882127e-14,0.0020503493683352424,2.4847681871228267e-11,49.897692298115174,0.10230770188482673,1.0002002111780197,0.020007551938841229,5998113.1743078781,10.225884973317823,83.554769928088433,true
0,48,50,12,0.097847559045500285,2.4796839686640053e-11,5.302070000718459e-14,0.0021382039274847947,2.4849860386647237e-11,49.893317911685983,0.10668208831401443,1.000208771638708,0.020430676861351794,6124962.8348683799,10.442234025346297,83.417839760798202,true
0,49,50,12.25,0.097847559045500285,2.4796839686640053e-11,5.5244399437887049e-14,0.0022278806547937403,2.4852084086077941e-11,49.888853588201009,0.1111464117989903,1.0002175081018239,0.020853640341068975,6251764.096097026,10.65850613968631,83.280922313746785,true
0,50,50,12.5,0.097847559045500285,2.4796839686640053e-11,5.7513240544287844e-14,0.0023193778429464384,2.485435292718434e-11,49.884299461118978,0.11570053888102431,1.0002264203061952,0.021276439089818886,6378515.9722240865,10.87469974482261,83.144017845494758,true
0,51,50,12.75,0.097847559045500285,2.4796839686640053e-11,5.9827180130923065e-14,0.0024126937499683288,2.4856666866770976e-11,49.879655666522808,0.12034433347719191,1.0002355079855141,0.021699069824022577,6505217.4788573561,11.090813271157661,83.007126614207849,true
0,52,50,13,0.097847559045500285,2.4796839686640053e-11,6.2186174143718143e-14,0.0025078265992590407,2.485902586078377e-11,49.874922343111962,0.12507765688803524,1.0002447708683524,0.022121529264783675,6631867.6330084307,11.306845151048588,82.870248877649587,true
0,53,50,13.25,0.097847559045500285,2.4796839686640053e-11,6.4590177670827831e-14,0.0026047745796262691,2.4861429864310882e-11,49.870099632194631,0.12990036780536993,1.0002542086781774,0.022543814137976199,6758465.4531190358,11.522793818844008,82.733384893173252,true
0,54,50,13.5,0.097847559045500285,2.4796839686640053e-11,6.703914494349029e-14,0.0027035358453202157,2.4863878831583544e-11,49.865187677679771,0.13481232232022719,1.0002638211333659,0.022965921174331633,6885009.9590871269,11.738657710920705,82.596534917714465,true
0,55,50,13.75,0.097847559045500285,2.4796839686640053e-11,6.9533029336898346e-14,0.0028041085160687264,2.4866372715976952e-11,49.860186626069066,0.13981337393093629,1.0002736079472212,0.02338784710952576,7011500.1722929226,11.954435265720178,82.459699207783757,true
0,56,50,14,0.097847559045500285,2.4796839686640053e-11,7.2071783371088365e-14,0.0029064906771131375,2.4868911470011141e-11,49.855096626448649,0.14490337355134764,1.0002835688279892,0.023809588684265345,7137935.1156248935,12.170124923785052,82.322878019458628,true
0,57,50,14.25,0.097847559045500285,2.4796839686640053e-11,7.4655358711842948e-14,0.0030106803792446777,2.4871495045351897e-11,49.849917830480813,0.15008216951918799,1.0002937034788741,0.024231142644374107,7264313.8135055332,12.385725127795361,82.186071608376309,true
0,58,50,14.5,0.097847559045500285,2.4796839686640053e-11,7.7283706171611908e-14,0.0031166756388416113,2.4874123392811664e-11,49.844650392395444,0.15534960760455585,1.0003040115980557,0.024652505740878558,7390635.291917094,12.601234322604672,82.049280229726094,true
0,59,50,14.75,0.097847559045500285,2.4796839686640053e-11,7.9956775710448107e-14,0.0032244744379069769,2.4876796462350501e-11,49.83929446898145,0.16070553101854926,1.0003144928787056,0.025073674730093282,7516898.5784271518,12.816650955276073,81.912504138241886,true
0,60,50,15,0.097847559045500285,2.4796839686640053e-11,8.2674516436960478e-14,0.0033340747241070215,2.4879514203077015e-11,49.833850219577968,0.16614978042203007,1.0003251470090049,0.025494646373706013,7643102.7022141125,13.031973475118011,81.775743588194857,true
0,61,50,15.25,0.097847559045500285,2.4796839686640053e-11,8.5436876609283492e-14,0.0034454744108102955,2.4882276563249336e-11,49.828317806065478,0.17168219393452164,1.0003359736721613,0.025915417438862255,7769246.6940925801,13.247200333720013,81.638998833385699,true
0,62,50,15.5,0.097847559045500285,2.4796839686640053e-11,8.8243803636061503e-14,0.0035586713771273508,2.4885083490276113e-11,49.82269739285676,0.17730260714323687,1.0003469725464273,0.026335984698249396,7895329.5865385747,13.462329984988182,81.502270127137479,true
0,63,50,15.75,0.097847559045500285,2.4796839686640053e-11,9.1095244077449426e-14,0.0036736634679510943,2.4887934930717502e-11,49.816989146887764,0.18301085311223772,1.0003581433051174,0.026756344930180385,8021350.4137146166,13.677360885180624,81.365557722288301,true
0,64,50,16,0.097847559045500285,2.4796839686640053e-11,9.3991143646131773e-14,0.0037904484939978848,2.4890830830286186e-11,49.811193237608272,0.18880676239172986,1.0003694856166263,0.027176494918677397,8147308.2114948072,13.89229149294267,81.228861871183611,true
0,65,50,16.25,0.097847559045500285,2.4796839686640053e-11,9.693144720835525e-14,0.0039090242318491741,2.4893771133848408e-11,49.805309836972519,0.1946901630274816,1.0003809991444481,0.027596431453554587,8273202.0174896428,14.107120269341962,81.092182825669227,true
0,66,50,16.5,0.097847559045500285,2.4796839686640053e-11,9.9916098784978385e-14,0.0040293884239938366,2.4896755785425033e-11,49.799339119429625,0.20066088057037315,1.0003926835471946,0.02801615133050063,8399030.8710707538,14.321845677903356,80.95552083708381,true
0,67,50,16.75,0.097847559045500285,2.4796839686640053e-11,1.0294504155253727e-13,0.0041515387788711479,2.4899784728192591e-11,49.793281261913926,0.20671873808607377,1.0004045384786138,0.028435651351160877,8524793.8133955412,14.536466184643706,80.818876156251775,true
0,68,50,17,0.097847559045500285,2.4796839686640053e-11,1.0601821784432788e-13,0.0042754729709144337,2.490285790448438e-11,49.787136443835152,0.21286355616484617,1.0004165635876094,0.028854928323219051,8650489.8874316569,14.750980258106438,80.682249033475827,true
0,69,50,17.25,0.097847559045500285,2.4796839686640053e-11,1.0913556915150323e-13,0.0044011886405953124,2.4905975255791556e-11,49.780904847068527,0.21909515293147414,1.000428758518261,0.029273979060478392,8776118.1379813477,14.965386369395981,80.545639718529955,true
0,70,50,17.5,0.097847559045500285,2.4796839686640053e-11,1.1229703612418832e-13,0.0045286833944686621,2.490913672276424e-11,49.774586655944681,0.22541334405531818,1.000441122909842,0.029692800382942607,8901677.6117057055,15.179682992212047,80.409048460652144,true
0,71,50,17.75,0.097847559045500285,2.4796839686640053e-11,1.1550255857260906e-13,0.0046579548052181462,2.4912342245212661e-11,49.768182057239507,0.23181794276049031,1.0004536563968414,0.030111389116896054,9027167.3571487181,15.393868602883698,80.272475508537212,true
0,72,50,18,0.097847559045500285,2.4796839686640053e-11,1.1875207546823874e-13,0.0047890004117024446,2.4915591762108292e-11,49.761691240163849,0.2383087598361546,1.0004663586089826,0.030529742094983721,9152586.4247612394,15.607941680403297,80.135921110329789,true
0,73,50,18.25,0.097847559045500285,2.4796839686640053e-11,1.2204552494495938e-13,0.004921817719002095,2.4918885211585013e-11,49.755114396353051,0.24488560364694673,1.0004792291712448,0.030947856156290584,9277933.8669247869,15.821900706460216,79.999385513617057,true
0,74,50,18.5,0.097847559045500285,2.4796839686640053e-11,1.2538284430024095e-13,0.0050564041984670427,2.4922222530940293e-11,49.748451719856483,0.25154828014351732,1.0004922677038828,0.031365728146420725,9403208.7379752528,16.035744165474458,79.862868965421896,true
0,75,50,18.75,0.097847559045500285,2.4796839686640053e-11,1.2876396999633307e-13,0.0051927572877647002,2.4925603656636388e-11,49.741703407126813,0.25829659287318796,1.0005054738224481,0.031783354917575612,9528410.0942263808,16.24947054463,79.726371712195686,true
0,76,50,19,0.097847559045500285,2.4796839686640053e-11,1.321888376614765e-13,0.0053308743909288043,2.4929028524301529e-11,49.73486965700927,0.26513034299073274,1.0005188471378108,0.032200733328632304,9653536.9939932004,16.463078333908051,79.589893999811395,true
0,77,50,19.25,0.097847559045500285,2.4796839686640053e-11,1.3565738209112788e-13,0.0054707528784088098,2.4932497068731182e-11,49.727950670730728,0.27204932926927139,1.0005323872561793,0.032617860245220925,9778588.4976152647,16.676566026120057,79.453436073556603,true
0,78,50,19.5,0.097847559045500285,2.4796839686640053e-11,1.3916953724920056e-13,0.0056123900871199242,2.4936009223889254e-11,49.720946651888724,0.27905334811127885,1.0005460937791233,0.033034732539801666,9903563.6674797237,16.88993211694056,79.316998178126653,true
0,79,50,19.75,0.097847559045500285,2.4796839686640053e-11,1.4272523626932356e-13,0.0057557833204938819,2.4939564922909375e-11,49.713857806440288,0.2861421935597136,1.0005599663035949,0.033451347091741489,10028461.568044333,17.103175104939883,79.180580557617489,true
0,80,50,20,0.097847559045500285,2.4796839686640053e-11,1.4632441145611256e-13,0.005900929848530201,2.4943164098096167e-11,49.70668434269075,0.29331565730925258,1.0005740044219507,0.033867700787390036,10153281.265860194,17.316293491616584,79.044183455519175,true
0,81,50,20.25,0.097847559045500285,2.4796839686640053e-11,1.499669942864604e-13,0.0060478269078482229,2.4946806680926514e-11,49.699426471282351,0.3005735287176457,1.0005882077219743,0.034283790520155386,10278021.829594482,17.529285781429738,78.907807114708746,true
0,82,50,20.5,0.097847559045500285,2.4796839686640053e-11,1.5365291541084067e-13,0.0061964717017396857,2.4950492602050893e-11,49.692084405182825,0.30791559481717534,1.0006025757868982,0.03469961319057898,10402682.330052895,17.742150481831075,78.771451777443644,true
0,83,50,20.75,0.097847559045500285,2.4796839686640053e-11,1.5738210465462784e-13,0.0063468614002219629,2.4954221791294679e-11,49.684658359673769,0.31534164032622897,1.0006171081954265,0.035115165706410219,10527261.840202026,17.954886103296843,78.635117685354714,true
0,84,50,21,0.097847559045500285,2.4796839686640053e-11,1.6115449101943471e-13,0.0064989931400919977,2.4957994177659489e-11,49.67714855233902,0.32285144766098239,1.0006318045217586,0.035530444982680626,10651759.435191592,18.167491159359557,78.498805079439791,true
0,85,50,21.25,0.097847559045500285,2.4796839686640053e-11,1.6497000268446234e-13,0.006652864024980742,2.4961809689324515e-11,49.669555203052816,0.33044479694718509,1.0006466643356113,0.035945447941777203,10776174.192376429,18.379964166639489,78.362514200056708,true
0,86,50,21.5,0.097847559045500285,2.4796839686640053e-11,1.6882856700786888e-13,0.0068084711254083599,2.4965668253647922e-11,49.661878533967943,0.33812146603205795,1.0006616872022425,0.03636017151351565,10900505.191338437,18.592303644876008,78.226245286916793,true
0,87,50,21.75,0.097847559045500285,2.4796839686640053e-11,1.7273011052815152e-13,0.0069658114788399587,2.4969569797168205e-11,49.654118769503711,0.34588123049629155,1.0006768726824744,0.036774612635212693,11024751.513908271,18.804508116958669,78.089998579078326,true
0,88,50,22,0.097847559045500285,2.4796839686640053e-11,1.7667455896554539e-13,0.0071248820897420019,2.49735142456056e-11,49.646276136333846,0.35372386366615077,1.0006922203327175,0.037188768251758091,11148912.244186921,19.016576108958166,77.953774314939764,true
0,89,50,22.25,0.097847559045500285,2.4796839686640053e-11,1.806618372234383e-13,0.0072856799296393644,2.4977501523863491e-11,49.638350863374313,0.3616491366256831,1.0007077297049947,0.037602635315686132,11272986.468567152,19.228506150157042,77.817572732233373,true
0,90,50,22.5,0.097847559045500285,2.4796839686640053e-11,1.8469186938979965e-13,0.0074482019371729553,2.4981531556029854e-11,49.630343181770975,0.36965681822902513,1.0007234003469647,0.038016210787246429,11396973.275754722,19.440296773080167,77.681394068018633,true
0,91,50,22.75,0.097847559045500285,2.4796839686640053e-11,1.8876457873862608e-13,0.0076124450181580174,2.498560426537868e-11,49.62225332488719,0.37774667511281257,1.0007392318019468,0.03842949163447431,11520871.756789491,19.651946513525075,77.545238558675749,true
0,92,50,23,0.097847559045500285,2.4796839686640053e-11,1.928798877314022e-13,0.0077784060456430378,2.4989719574371455e-11,49.614081528291315,0.38591847170868776,1.0007552236089452,0.038842474833260664,11644681.005066354,19.863453910592064,77.409106439899247,true
0,93,50,23.25,0.097847559045500285,2.4796839686640053e-11,1.9703771801857726e-13,0.0079460818599692961,2.4993877404658631e-11,49.605828029744096,0.394171970255906,1.0007713753026739,0.039255157367421127,11768400.116355989,20.074817506714059,77.272997946691618,true
0,94,50,23.5,0.097847559045500285,2.4796839686640053e-11,2.0123799044105567e-13,0.008115469268830975,2.4998077677081109e-11,49.597493069185965,0.40250693081403599,1.000787686413581,0.039667536228764816,11892028.188825455,20.286035847686314,77.136913313356885,true
0,95,50,23.75,0.097847559045500285,2.4796839686640053e-11,2.054806250317052e-13,0.0082865650473359816,2.5002320311671757e-11,49.589076888724243,0.41092311127575892,1.0008041564678742,0.040079608417162474,12015564.323058628,20.497107482695867,77.000852773494387,true
0,96,50,24,0.097847559045500285,2.4796839686640053e-11,2.0976554101687868e-13,0.0084593659380673165,2.500660522765693e-11,49.580579732620244,0.4194202673797584,1.0008207849875463,0.040491370940614016,12139007.622076448,20.708030964350787,76.864816559992363,true
0,97,50,24.25,0.097847559045500285,2.4796839686640053e-11,2.1409265681795241e-13,0.008633868651145106,2.5010932343458006e-11,49.572001847276297,0.42799815272370612,1.0008375714903999,0.040902820815315599,12262357.191357028,20.918804848709208,76.72880490502186,true
0,98,50,24.5,0.097847559045500285,2.4796839686640053e-11,2.1846189005287904e-13,0.0088100698642892428,2.5015301576692933e-11,49.563343481222667,0.43665651877733647,1.0008545154900734,0.041313955065726049,12385612.138855563,21.129427695308177,76.592818040030338,true
0,99,50,24.75,0.097847559045500285,2.4796839686640053e-11,2.2287315753775597e-13,0.0089879662228826169,2.501971284417781e-11,49.554604885104389,0.44539511489561212,1.0008716164960665,0.041724770724632779,12508771.575024102,21.339898067192216,76.456856195735696,true
0,100,50,25,0.097847559045500285,2.4796839686640053e-11,2.2732637528840869e-13,0.0091675543400349807,2.5024166061928462e-11,49.545786311668024,0.45421368833197795,1.0008888740137667,0.042135264833216939,12631834.612831065,21.550214530941716,76.320919602120142,true
0,101,50,25.25,0.097847559045500285,2.4796839686640053e-11,2.3182145852199054e-13,0.0093488307966474622,2.5028661145162044e-11,49.536888015748296,0.46311198425170425,1.000906287544475,0.042545434441118336,12754800.367780723,21.760375656701122,76.185008488423904,true
0,102,50,25.5,0.097847559045500285,2.4796839686640053e-11,2.363583216585963e-13,0.0095317921414776307,2.5033198008298648e-11,49.527910254254685,0.4720897457453142,1.0009238565854317,0.04295527660649949,12877667.957932381,21.970380018206836,76.049123083139378,true
0,103,50,25.75,0.097847559045500285,2.4796839686640053e-11,2.4093687832289175e-13,0.0097164348912052202,2.5037776564962944e-11,49.518853286157906,0.48114671384209701,1.0009415806298443,0.043364788396109188,13000436.503919451,22.180226192814956,75.913263614005103,true
0,104,50,26,0.097847559045500285,2.4796839686640053e-11,2.4555704134575752e-13,0.0099027555304984204,2.504239672798581e-11,49.509717372476295,0.49028262752370338,1.0009594591669122,0.043773966885345419,13123105.128968308,22.389912761528748,75.777430307999737,true
0,105,50,26.25,0.097847559045500285,2.4796839686640053e-11,2.5021872276594994e-13,0.010090750512080854,2.5047058409406002e-11,49.500502776262174,0.49949722373782729,1.000977491681855,0.044182809158317876,13245672.958917027,22.599438309025931,75.641623391336125,true
0,106,50,26.5,0.097847559045500285,2.4796839686640053e-11,2.5492183383177376e-13,0.010280416256799029,2.5051761520471827e-11,49.491209762588042,0.50879023741196094,1.0009956776559388,0.044591312307909532,13368139.122233851,22.808801423685679,75.505843089455567,true
0,107,50,26.75,0.097847559045500285,2.4796839686640053e-11,2.5966628500277432e-13,0.010471749153690594,2.5056505971642828e-11,49.481838598532761,0.51816140146723999,1.0010140165665034,0.044999473435838058,13490502.750035597,23.01800069761547,75.370089627021756,true
0,108,50,27,0.097847559045500285,2.4796839686640053e-11,2.6445198595143998e-13,0.010664745560052978,2.5061291672591494e-11,49.472389553167645,0.52761044683235592,1.0010325078869891,0.045407289652716259,13612762.976105774,23.22703472667763,75.234363227915154,true
0,109,50,27.25,0.097847559045500285,2.4796839686640053e-11,2.6927884556492335e-13,0.01085940180151281,2.5066118532204977e-11,49.462862897542443,0.53713710245755364,1.0010511510869649,0.045814758078112132,13734918.936912593,23.435902110515688,75.098664115227137,true
0,110,50,27.5,0.097847559045500285,2.4796839686640053e-11,2.7414677194677478e-13,0.011055714172095832,2.5070986458586829e-11,49.453258904671301,0.54674109532869886,1.0010699456321555,0.046221875840608113,13856969.771626722,23.644601452580481,74.962992511254413,true
0,111,50,27.75,0.097847559045500285,2.4796839686640053e-11,2.7905567241869324e-13,0.011253678934297493,2.5075895359058745e-11,49.443577849518576,0.5564221504814254,1.0010888909844691,0.046628640077860065,13978914.622138981,23.853131360156063,74.827348637493159,true
0,112,50,28,0.097847559045500285,2.4796839686640053e-11,2.8400545352228956e-13,0.011453292319154078,2.5080845140162342e-11,49.433820008984654,0.5661799910153491,1.0011079866020252,0.047035047936655215,14100752.633077696,24.061490444385317,74.691732714633531,true
0,113,50,28.25,0.097847559045500285,2.4796839686640053e-11,2.8899602102086681e-13,0.011654550526314488,2.5085835707660921e-11,49.423985661891642,0.57601433810835889,1.0011272319391822,0.047441096572969896,14222482.951826021,24.269677320295358,74.556144962554043,true
0,114,50,28.5,0.097847559045500285,2.4796839686640053e-11,2.940272799012132e-13,0.011857449724112549,2.5090866966541265e-11,49.414075088969028,0.58592491103097255,1.0011466264465667,0.047846783152026257,14344104.72853894,24.47769060682274,74.420585600316002,true
0,115,50,28.75,0.097847559045500285,2.4796839686640053e-11,2.9909913437541234e-13,0.012061986049640021,2.5095938821015464e-11,49.404088572839235,0.59591142716076684,1.0011661695711001,0.048252104848348805,14465617.116160205,24.68552892683838,74.285054846158062,true
0,116,50,29,0.097847559045500285,2.4796839686640053e-11,3.0421148788266582e-13,0.012268155608820093,2.5101051174522719e-11,49.394026398003128,0.60597360199686967,1.001185860756028,0.048657058845819896,14587019.27043899,24.893190907172222,74.149552917490709,true
0,117,50,29.25,0.097847559045500285,2.4796839686640053e-11,3.0936424309113179e-13,0.012475954476481529,2.5106203929731185e-11,49.383888850825478,0.61611114917452237,1.0012056994409488,0.049061642337734898,14708310.349946411,25.100675178637719,74.014080030890909,true
0,118,50,29.5,0.097847559045500285,2.4796839686640053e-11,3.1455730189977934e-13,0.012685378696433455,2.5111396988539832e-11,49.373676219520291,0.62632378047970583,1.0012256850618417,0.049465852526856688,14829489.516091878,25.307980376056044,73.878636402096603,true
0,119,50,29.75,0.097847559045500285,2.4796839686640053e-11,3.1979056544025404e-13,0.012896424281540586,2.5116630252080309e-11,49.363388794136171,0.63661120586382625,1.0012458170510958,0.049869686625469277,14950555.93313916,25.515105138280052,73.743222246001622,true
0,120,50,30,0.097847559045500285,2.4796839686640053e-11,3.2506393407876148e-13,0.013109087213799192,2.5121903620718816e-11,49.353026866541533,0.64697313345846752,1.0012660948375387,0.050273141855431205,15071508.768222401,25.722048108218019,73.607837776650143,true
0,121,50,30.25,0.097847559045500285,2.4796839686640053e-11,3.303773074179647e-13,0.01332336344441361,2.5127216994058017e-11,49.342590730409796,0.65740926959020374,1.0012865178464658,0.050676215448228,15192347.191361845,25.928807932857129,73.472483207231647,true
0,122,50,30.5,0.097847559045500285,2.4796839686640053e-11,3.3573058429889359e-13,0.013539248893873248,2.5132570270938947e-11,49.332080681204538,0.66791931879546429,1.0013070854996693,0.051078904645023973,15313070.375479354,26.135383263286691,73.337158750075602,true
0,123,50,30.75,0.097847559045500285,2.4796839686640053e-11,3.4112366280287377e-13,0.013756739452030377,2.5137963349442928e-11,49.321497016164528,0.67850298383546914,1.0013277972154677,0.051481206696713772,15433677.496413883,26.341772754721166,73.201864616646404,true
0,124,50,31,0.097847559045500285,2.4796839686640053e-11,3.4655644025346389e-13,0.01397583097817825,2.5143396126893518e-11,49.310840034288795,0.68915996571120552,1.0013486524087345,0.051883118863972767,15554167.732936563,26.547975066522877,73.066601017538233,true
0,125,50,31.25,0.097847559045500285,2.4796839686640053e-11,3.5202881321841281e-13,0.014196519301130037,2.5148868499858466e-11,49.300110036321527,0.69988996367847323,1.0013696504909277,0.052284638417307246,15674540.26676577,26.753988862224563,72.931368162469965,true
0,126,50,31.5,0.097847559045500285,2.4796839686640053e-11,3.575406775116272e-13,0.014418800219298171,2.5154380364151679e-11,49.289307324737024,0.71069267526297331,1.0013907908701201,0.052685762637103645,15794794.282581864,26.959812809551568,72.796166260280231,true
0,127,50,31.75,0.097847559045500285,2.4796839686640053e-11,3.6309192819515664e-13,0.014642669500774405,2.5159931614835209e-11,49.278432203724542,0.72156779627545664,1.0014120729510279,0.053086488813677377,15914928.968041845,27.165445580443915,72.660995518922377,true
0,128,50,32,0.097847559045500285,2.4796839686640053e-11,3.6868245958118947e-13,0.014868122883410292,2.5165522146221242e-11,49.267484979173084,0.73251502082691622,1.0014334961350415,0.053486814247320803,16034943.513793724,27.370885851077979,72.525856145459585,true
0,129,50,32.25,0.097847559045500285,2.4796839686640053e-11,3.7431216523406677e-13,0.015095156074898418,2.517115185187412e-11,49.256465958656165,0.74353404134383572,1.0014550598202545,0.053886736248350768,16154837.113490775,27.576132301888066,72.390748346060008,true
0,130,50,32.5,0.097847559045500285,2.4796839686640053e-11,3.7998093797230842e-13,0.015323764752854095,2.5176820624612362e-11,49.245375451416514,0.75462454858348271,1.0014767634014941,0.054286252137155405,16274608.963805571,27.781183617587647,72.255672325991853,true
0,131,50,32.75,0.097847559045500285,2.4796839686640053e-11,3.8568866987065255e-13,0.015553944564897617,2.5182528356510704e-11,49.234213768350756,0.76578623164924664,1.0014986062703506,0.054685359244240145,16394258.264443776,27.986038487190303,72.120628289618736,true
0,132,50,33,0.097847559045500285,2.4796839686640053e-11,3.9143525226211106e-13,0.015785691128737143,2.5188274938902164e-11,49.222981221993976,0.77701877800602537,1.0015205878152083,0.055084054910273302,16513784.218157802,28.190695604030569,71.985616440394779,true
0,133,50,33.25,0.097847559045500285,2.4796839686640053e-11,3.9722057574003905e-13,0.016019000032252175,2.5194060262380091e-11,49.211678126504346,0.78832187349565674,1.0015427074212746,0.055482336486130962,16633186.030760285,28.39515366578436,71.850636980860088,true
0,134,50,33.5,0.097847559045500285,2.4796839686640053e-11,4.0304453016021697e-13,0.016253866833577497,2.519988421680027e-11,49.200304797647611,0.79969520235238833,1.0015649644706115,0.055880201332941103,16752462.91113729,28.599411374489243,71.715690112635954,true
0,135,50,33.75,0.097847559045500285,2.4796839686640053e-11,4.0890700464294757e-13,0.016490287061187759,2.5205746691282999e-11,49.18886155278161,0.81113844721839057,1.0015873583421655,0.056277646822127096,16871614.071261372,28.803467436564421,71.580776036420346,true
0,136,50,34,0.097847559045500285,2.4796839686640053e-11,4.1480788757516708e-13,0.01672825621398261,2.521164757421522e-11,49.17734871084069,0.82265128915931041,1.0016098884117974,0.056674670335450671,16990638.72620444,29.007320562830468,71.445894951983334,true
0,137,50,34.25,0.097847559045500285,2.4796839686640053e-11,4.2074706661257077e-13,0.016967769761372424,2.5217586753252625e-11,49.165766592320139,0.8342334076798642,1.0016325540523137,0.057071269265054195,17109536.09415045,29.210969468528791,71.311047058162515,true
0,138,50,34.5,0.097847559045500285,2.4796839686640053e-11,4.2672442868175057e-13,0.017208823143364495,2.5223564115321802e-11,49.154115519260536,0.84588448073946276,1.0016553546334965,0.057467441013502089,17228305.396407802,29.414412873340915,71.176232552858707,true
0,139,50,34.75,0.097847559045500285,2.4796839686640053e-11,4.3273985998234909e-13,0.017451411770649912,2.5229579546622403e-11,49.142395815232121,0.85760418476787881,1.0016782895221348,0.057863182993821892,17346945.857421663,29.617649501407374,71.041451633031357,true
0,140,50,35,0.097847559045500285,2.4796839686640053e-11,4.3879324598922547e-13,0.017695531024690892,2.5235632932629277e-11,49.130607805319059,0.86939219468094386,1.0017013580820548,0.058258492629544481,17465456.704786025,29.820678081346468,70.906704494694267,true
0,141,50,35.25,0.097847559045500285,2.4796839686640053e-11,4.4488447145463571e-13,0.017941176257808725,2.5241724158094689e-11,49.118751816103718,0.88124818389627935,1.0017245596741506,0.058653367354743656,17583837.169255558,30.023497346272705,70.77199133291127,true
0,142,50,35.5,0.097847559045500285,2.4796839686640053e-11,4.5101342041042732e-13,0.018188342793272267,2.5247853107050482e-11,49.106828175650939,0.89317182434906017,1.0017478936564155,0.059047804614075126,17702086.484757323,30.226106033815014,70.637312341791997,true
0,143,50,35.75,0.097847559045500285,2.4796839686640053e-11,4.5717997617024687e-13,0.018437025925386957,2.5254019662810299e-11,49.094837213492191,0.90516278650780801,1.0017713593839723,0.059441801862814808,17820203.888402231,30.428502886134659,70.502667714487501,true
0,144,50,36,0.097847559045500285,2.4796839686640053e-11,4.6338402133176164e-13,0.018687220919584437,2.5260223707971816e-11,49.08277926060979,0.91722073939021243,1.0017949562091049,0.059835356566896418,17938188.620496318,30.630686649942945,70.368057643186233,true
0,145,50,36.25,0.097847559045500285,2.4796839686640053e-11,4.6962543777889485e-13,0.018938923012512675,2.5266465124418949e-11,49.070654649421016,0.92934535057898182,1.0018186834812888,0.060228466202948527,18056039.924551867,30.832656076518628,70.233482319109839,true
0,146,50,36.5,0.097847559045500285,2.4796839686640053e-11,4.759041066840739e-13,0.019192127412126624,2.5272743793324127e-11,49.058463713762286,0.94153628623771635,1.0018425405472224,0.060621128258330763,18173757.047298238,31.034409921725089,70.098941932509078,true
0,147,50,36.75,0.097847559045500285,2.4796839686640053e-11,4.8221990851049315e-13,0.019446829297779498,2.5279059595150546e-11,49.046206788873192,0.95379321112681081,1.0018665267508586,0.061013340231169555,18291339.238692608,31.235946946027227,69.964436672659815,true
0,148,50,37,0.097847559045500285,2.4796839686640053e-11,4.8857272301439047e-13,0.019703023820314563,2.5285412409654444e-11,49.033884211380624,0.96611578861937852,1.0018906414334345,0.061405099630393187,18408785.751930464,31.437265914508142,69.829966727858988,true
0,149,50,37.25,0.097847559045500285,2.4796839686640053e-11,4.9496242924733448e-13,0.019960706102157381,2.5291802115887387e-11,49.021496319282804,0.97850368071719396,1.0019148839335044,0.061796403975765961,18526095.843455851,31.638365596885464,69.695532285420668,true
0,150,50,37.5,0.097847559045500285,2.4796839686640053e-11,5.0138890555852954e-13,0.02021987123740877,2.5298228592198583e-11,49.009043451933337,0.99095654806666345,1.0019392535869696,0.062187250797922096,18643268.772971526,31.839244767527543,69.561133531672226,true
0,151,50,37.75,0.097847559045500285,2.4796839686640053e-11,5.0785202959712982e-13,0.020480514291938114,2.5304691716237184e-11,48.996525950025195,1.0034740499748076,1.0019637497271108,0.062577637638398506,18760303.803448804,32.039902205469261,69.426770651950434,true
0,152,50,38,0.097847559045500285,2.4796839686640053e-11,5.1435167831457066e-13,0.020742630303477387,2.5311191364954623e-11,48.983944155574733,1.0160558444252685,1.0019883716846185,0.062967562049667455,18877200.201137323,32.240336694427697,69.292443830597605,true
0,153,50,38.25,0.097847559045500285,2.4796839686640053e-11,5.2088772796690866e-13,0.021006214281715528,2.5317727414606962e-11,48.971298411905671,1.0287015880943258,1.0020131187876251,0.063357021595167928,18993957.235574473,32.440547022817427,69.158153250957994,true
0,154,50,38.5,0.097847559045500285,2.4796839686640053e-11,5.2746005411718051e-13,0.021271261208393562,2.5324299740757234e-11,48.958589063633063,1.0414109363669393,1.0020379903617358,0.06374601384933698,19110574.179594774,32.640531983765662,69.023899095373977,true
0,155,50,38.75,0.097847559045500285,2.4796839686640053e-11,5.3406853163777002e-13,0.021537766037400059,2.5330908218277824e-11,48.945816456647208,1.0541835433527931,1.0020629857300603,0.064134536397639913,19227050.309338935,32.840290375126997,68.889681545182384,true
0,156,50,39,0.097847559045500285,2.4796839686640053e-11,5.4071303471279116e-13,0.021805723694867232,2.5337552721352843e-11,48.932980938097636,1.0670190619023623,1.0020881042132432,0.064522586836600129,19343384.904262796,33.039820999498083,68.75550078071096,true
0,157,50,39.25,0.097847559045500285,2.4796839686640053e-11,5.4739343684048332e-13,0.022075129079267543,2.5344233123480537e-11,48.920082856377014,1.079917143622986,1.0021133451294979,0.064910162773828106,19459577.247146025,33.239122664231864,68.621356981274801,true
0,158,50,39.5,0.097847559045500285,2.4796839686640053e-11,5.5410961083561903e-13,0.022345977061510789,2.5350949297475671e-11,48.907122561105048,1.0928774388949503,1.0021387077946353,0.06529726182804986,19575626.62410064,33.438194181451635,68.487250325172809,true
0,159,50,39.75,0.097847559045500285,2.4796839686640053e-11,5.6086142883192743e-13,0.022618262485041844,2.5357701115471982e-11,48.894100403112411,1.1058995968875867,1.0021641915220971,0.06568388162913473,19691532.324579347,33.637034368064839,68.353180989684134,true
0,160,50,40,0.097847559045500285,2.4796839686640053e-11,5.6764876228452561e-13,0.022891980165938696,2.5364488448924579e-11,48.881016734424634,1.1189832655753662,1.0021897956229862,0.066070019818122397,19807293.641383626,33.835642045776588,68.219149151064997,true
0,161,50,40.25,0.097847559045500285,2.4796839686640053e-11,5.7447148197236891e-13,0.023167124893011284,2.5371311168612421e-11,48.867871908245988,1.1321280917540124,1.0022155194060993,0.066455674047249405,19922909.870671708,34.034016041102952,68.085154984545099,true
0,162,50,40.5,0.097847559045500285,2.4796839686640053e-11,5.8132945800070878e-13,0.0234436914279006,2.5378169144640763e-11,48.854666278943391,1.1453337210566095,1.0022413621779578,0.066840841979974835,20038380.311966244,34.23215518538391,67.95119866432438,true
0,163,50,40.75,0.097847559045500285,2.4796839686640053e-11,5.8822255980356766e-13,0.023721674505178494,2.5385062246443621e-11,48.841400202030279,1.1585997979697216,1.002267323242839,0.067225521291005674,20153704.268161923,34.43005831479617,67.817280363569736,true
0,164,50,41,0.097847559045500285,2.4796839686640053e-11,5.9515065614622278e-13,0.024001068832447861,2.5391990342786277e-11,48.828074034150497,1.171925965849506,1.0022934019028082,0.067609709666320947,20268881.045532718,34.627724270365597,67.683400254411865,true
0,165,50,41.25,0.097847559045500285,2.4796839686640053e-11,6.0211361512770695e-13,0.024281869090443466,2.539895330176776e-11,48.814688133062162,1.1853118669378395,1.0023195974577506,0.067993404803195906,20383909.953739107,34.825151897979453,67.549558507941939,true
0,166,50,41.5,0.097847559045500285,2.4796839686640053e-11,6.0911130418331838e-13,0.024564069933133176,2.5405950990823373e-11,48.801242857621567,1.198757142378432,1.0023459092054017,0.068376604410224959,20498790.305834983,35.022340048398391,67.41575529420858,true
0,167,50,41.75,0.097847559045500285,2.4796839686640053e-11,6.1614359008714337e-13,0.024847665987819685,2.5412983276727195e-11,48.787738567767057,1.2122614322329441,1.0023723364413799,0.068759306207344245,20613521.418274388,35.219287577268112,67.281990782214862,true
0,168,50,42,0.097847559045500285,2.4796839686640053e-11,6.2321033895459602e-13,0.025132651855242945,2.5420050025594649e-11,48.774175624502895,1.2258243754971077,1.0023988784592173,0.069141507925853621,20728102.610918138,35.415993345130872,67.148265139914997,true
0,169,50,42.25,0.097847559045500285,2.4796839686640053e-11,6.3031141624496387e-13,0.025419022109682818,2.5427151102885018e-11,48.760554389883168,1.2394456101168319,1.0024255345503919,0.069523207308437779,20842533.207040127,35.612456217436609,67.014578534211651,true
0,170,50,42.5,0.097847559045500285,2.4796839686640053e-11,6.374466867639716e-13,0.025706771299062466,2.5434286373404026e-11,48.746875226995691,1.2531247730043118,1.0024523040043585,0.069904402109186831,20956812.533333503,35.808675064553938,66.880931130952874,true
0,171,50,42.75,0.097847559045500285,2.4796839686640053e-11,6.4461601466635377e-13,0.025995893945052102,2.5441455701306407e-11,48.733138499945873,1.2668615000541281,1.0024791861085804,0.070285090093616359,21070939.919916697,36.004648761780743,66.747323094929129,true
0,172,50,43,0.097847559045500285,2.4796839686640053e-11,6.5181926345844143e-13,0.026286384543173304,2.5448658950098496e-11,48.719344573840658,1.2806554261593392,1.0025061801485613,0.070665269038686557,21184914.700339139,36.200376189354664,66.613754589870652,true
0,173,50,43.25,0.097847559045500285,2.4796839686640053e-11,6.5905629600076067e-13,0.026578237562903811,2.5455895982640815e-11,48.705493814772439,1.2945061852275641,1.0025332854078763,0.071044936732820932,21298736.211586878,36.39585623246321,66.480225778444449,true
0,174,50,43.5,0.097847559045500285,2.4796839686640053e-11,6.6632697451064373e-13,0.026871447447782824,2.5463166661150698e-11,48.691586589802945,1.3084134101970566,1.0025605011682037,0.071424090975924309,21412403.794087969,36.591087781253684,66.3467368222517,true
0,175,50,43.75,0.097847559045500285,2.4796839686640053e-11,6.7363116056485296e-13,0.027166008615516817,2.5470470847204907e-11,48.677623266947229,1.3223767330527703,1.0025878267093555,0.071802729579400384,21525916.791717749,36.78606973084279,66.213287881824954,true
0,176,50,44,0.097847559045500285,2.4796839686640053e-11,6.8096871510221402e-13,0.027461915458085722,2.5477808401742266e-11,48.663604215157598,1.3363957848424022,1.0026152613093104,0.072180850366168087,21639274.55180373,36.98080098132602,66.079879116625563,true
0,177,50,44.25,0.097847559045500285,2.4796839686640053e-11,6.8833949842626565e-13,0.02775916234184982,2.548517918506632e-11,48.649529804307562,1.350470195692435,1.0026428042442441,0.072558451170677885,21752476.425130501,37.17528043778681,65.946510685040991,true
0,178,50,44.5,0.097847559045500285,2.4796839686640053e-11,6.9574337020791769e-13,0.028057743607656893,2.549258305684797e-11,48.635400405175844,1.364599594824156,1.0026704547885605,0.072935529838927329,21865521.765944369,37.369507010305405,65.813182744382388,true
0,179,50,44.75,0.097847559045500285,2.4796839686640053e-11,7.0318018948812451e-13,0.028357653570950062,2.5500019876128179e-11,48.621216389430337,1.3787836105696649,1.0026982122149237,0.073312084228475682,21978409.931957759,37.563479613967438,65.679895450881901,true
0,180,50,45,0.097847559045500285,2.4796839686640053e-11,7.1064981468056644e-13,0.028658886521875915,2.5507489501320619e-11,48.606978129612138,1.393021870387859,1.0027260757942891,0.073688112208458209,22091140.284353495,37.757197168872288,65.546648959690344,true
0,181,50,45.25,0.097847559045500285,2.4796839686640053e-11,7.1815210357434742e-13,0.028961436725393305,2.5514991790214402e-11,48.592685999119595,1.407314000880407,1.002754044795934,0.074063611659599696,22203712.187788852,37.950658600141267,65.413443424874814,true
0,182,50,45.5,0.097847559045500285,2.4796839686640053e-11,7.2568691333670101e-13,0.029265298421382459,2.5522526599976752e-11,48.578340372192301,1.4216596278076989,1.0027821184874903,0.074438580474227425,22316125.010399446,38.143862837925361,65.28027899941614,true
0,183,50,45.75,0.097847559045500285,2.4796839686640053e-11,7.3325410051571033e-13,0.029570465824754685,2.5530093787155763e-11,48.563941623895225,1.4360583761047754,1.0028102961349739,0.074813016556283418,22428378.1238029,38.336808817412887,65.147155835206789,true
0,184,50,46,0.097847559045500285,2.4796839686640053e-11,7.4085352104303991e-13,0.029876933125562534,2.5537693207683092e-11,48.549490130102761,1.4505098698972385,1.002838577002817,0.075186917821336172,22540470.903102376,38.52949547883685,65.014074083048413,true
0,185,50,46.25,0.097847559045500285,2.4796839686640053e-11,7.4848503023667662e-13,0.030184694489110341,2.5545324716876731e-11,48.534986267482864,1.4650137325171362,1.0028669603538989,0.075560282196591666,22652402.726889856,38.721921767481973,64.881033892649739,true
0,186,50,46.5,0.097847559045500285,2.4796839686640053e-11,7.5614848280368672e-13,0.030493744056065399,2.5552988169443739e-11,48.520430413481172,1.4795695865188263,1.0028954454495767,0.075933107620903842,22764172.977249295,38.914086633691582,64.748035412624318,true
0,187,50,46.75,0.097847559045500285,2.4796839686640053e-11,7.6384373284297895e-13,0.030804075942569398,2.5560683419483031e-11,48.505822946305187,1.4941770536948102,1.0029240315497168,0.07630539204478437,22875781.039759554,39.105989032874177,64.615078790488468,true
0,188,50,47,0.097847559045500285,2.4796839686640053e-11,7.7157063384808613e-13,0.031115684240350598,2.5568410320488138e-11,48.491164244908447,1.5088357550915501,1.0029527179127256,0.076677133430411923,22987226.303497162,39.297627925509765,64.482164172659054,true
0,189,50,47.25,0.097847559045500285,2.4796839686640053e-11,7.7932903870995039e-13,0.031428563016836143,2.5576168725350002e-11,48.476454688974755,1.5235453110252453,1.0029815037955807,0.077048329751640596,23098508.161038864,39.489002277155961,64.349291704451673,true
0,190,50,47.5,0.097847559045500285,2.4796839686640053e-11,7.8711879971972723e-13,0.031742706315265171,2.558395848635978e-11,48.46169465890241,1.5383053410975938,1.003010388453861,0.077418978994008097,23209626.008464053,39.680111058453825,64.216461530078377,true
0,191,50,47.75,0.097847559045500285,2.4796839686640053e-11,7.9493976857159537e-13,0.032058108154802083,2.5591779455211649e-11,48.446884535788485,1.5531154642115157,1.0030393711417782,0.077789079154742966,23320579.245356955,39.870953245133379,64.083673792646024,true
0,192,50,48,0.097847559045500285,2.4796839686640053e-11,8.0279179636558143e-13,0.03237476253065049,2.5599631483005634e-11,48.432024701413148,1.5679752985868494,1.0030684511122072,0.078158628242771325,23431367.274808638,40.061527818019066,63.950928634154153,true
0,193,50,48.25,0.097847559045500285,2.4796839686640053e-11,8.1067473361039514e-13,0.032692663414167544,2.5607514420250447e-11,48.417115538223982,1.5828844617760183,1.0030976276167167,0.078527624278723146,23541989.503418889,40.251833763034739,63.818226195493224,true
0,194,50,48.5,0.097847559045500285,2.4796839686640053e-11,8.1858843022627398e-13,0.033011804752978657,2.5615428116866328e-11,48.40215742932034,1.5978425706796586,1.0031268999055998,0.078896065294937645,23652445.34129785,40.441870071208548,63.685566616442827,true
0,195,50,48.75,0.097847559045500285,2.4796839686640053e-11,8.2653273554784202e-13,0.033332180471092779,2.5623372422187895e-11,48.387150758437777,1.612849241562222,1.0031562672279051,0.079263949335468348,23762734.202067524,40.631635738677552,63.552950035669873,true
0,196,50,49,0.097847559045500285,2.4796839686640053e-11,8.3450749832697714e-13,0.033653784469018039,2.5631347184967031e-11,48.372095909932462,1.6279040900675361,1.0031857288314658,0.07963127445608735,23872855.502863038,40.821129766691989,63.420376590726924,true
0,197,50,49.25,0.097847559045500285,2.4796839686640053e-11,8.425125667356915e-13,0.033976610623877898,2.5639352253375744e-11,48.356993268765663,1.6430067312343355,1.003215283962932,0.079998038724289108,23982808.664333817,41.010351161619511,63.287846418050506,true
0,198,50,49.5,0.097847559045500285,2.4796839686640053e-11,8.5054778836902167e-13,0.034300652789527715,2.5647387475009075e-11,48.341843220488251,1.6581567795117518,1.0032449318677994,0.080364240219293573,24092593.110644478,41.199298934948935,63.155359652959476,true
0,199,50,49.75,0.097847559045500285,2.4796839686640053e-11,8.5861301024793024e-13,0.034625904796671748,2.5655452696887982e-11,48.326646151225233,1.6733538487747683,1.0032746717904402,0.080729877032048855,24202208.269475672,41.387972103293919,63.022916429653478,true
0,200,50,50,0.097847559045500285,2.4796839686640053e-11,8.6670807882221839e-13,0.034952360452980627,2.566354776546227e-11,48.311402447660363,1.6885975523396357,1.0033045029741328,0.081094947265233044,24311653.572024591,41.576369688396319,62.890516881211362,true
0,201,50,50.25,0.097847559045500285,2.4796839686640053e-11,8.7483283997344961e-13,0.035280013543209247,2.5671672526613502e-11,48.296112497020751,1.7038875029792495,1.0033344246610931,0.081459449033255721,24420928.453005455,41.764490717129362,62.758161139589767,true
0,202,50,50.5,0.097847559045500285,2.4796839686640053e-11,8.829871390178825e-13,0.035608857829315041,2.5679826825657936e-11,48.280776687061518,1.7192233129384815,1.0033644360925029,0.081823380462258732,24530032.350649722,41.952334221500458,62.625849335621616,true
0,203,50,50.75,0.097847559045500285,2.4796839686640053e-11,8.911708207094177e-13,0.035938887050576823,2.568801050734947e-11,48.265395406050523,1.7346045939494792,1.0033945365085413,0.082186739690116403,24638964.706706155,42.139899238653946,62.49358159901476,true
0,204,50,51,0.097847559045500285,2.4796839686640053e-11,8.993837292425529e-13,0.036270094923713983,2.5696223415882605e-11,48.249969042753087,1.7500309572469157,1.0034247251484134,0.082549524866435256,24747724.966440748,42.327184810873483,62.361358058350582,true
0,205,50,51.25,0.097847559045500285,2.4796839686640053e-11,9.0762570825534731e-13,0.036602475143006005,2.5704465394895399e-11,48.234497986416805,1.7655020135831943,1.0034550012503807,0.082911734152552971,24856312.5786364,42.514189985584167,62.229178841082813,true
0,206,50,51.5,0.097847559045500285,2.4796839686640053e-11,9.1589660083240181e-13,0.036936021380412645,2.5712736287472453e-11,48.218982626756379,1.7810173732436196,1.0034853640517902,0.083273365721537096,24964726.995592549,42.700913815354582,62.09704407353609,true
0,207,50,51.75,0.097847559045500285,2.4796839686640053e-11,9.2419624950784379e-13,0.03727072728569434,2.5721035936147896e-11,48.20342335393849,1.7965766460615114,1.0035158127891055,0.083634417758182714,25072967.673124444,42.8873553578984,61.964953880904901,true
0,208,50,52,0.097847559045500285,2.4796839686640053e-11,9.3252449626832585e-13,0.037606586486533117,2.572936418290838e-11,48.18782055856672,1.8121794414332777,1.0035463466979337,0.083994888459010097,25181034.070562471,43.073513676075905,61.832908387252296,true
0,209,50,52.25,0.097847559045500285,2.4796839686640053e-11,9.4088118255603499e-13,0.037943592588653922,2.5737720869196087e-11,48.172174631666557,1.8278253683334456,1.0035769650130575,0.084354776032261325,25288925.65075111,43.259387837895247,61.700907715508869,true
0,210,50,52.5,0.097847559045500285,2.4796839686640053e-11,9.4926614927170993e-13,0.038281739175946357,2.5746105835911764e-11,48.156485964670367,1.8435140353296324,1.0036076669684626,0.084714078697896641,25396641.880047873,43.44497691651339,61.568951987471571,true
0,211,50,52.75,0.097847559045500285,2.4796839686640053e-11,9.5767923677767117e-13,0.038621019810586826,2.5754518923417725e-11,48.14075494940252,1.8592450505974805,1.0036384517973678,0.085072794687590145,25504182.228321992,43.630279990236915,61.437041323802752,true
0,212,50,53,0.097847559045500285,2.4796839686640053e-11,9.6612028490085987e-13,0.038961428033161119,2.5762959971540912e-11,48.124981978064469,1.8750180219355346,1.0036693187322543,0.085430922244724802,25611546.168952927,43.815296142522563,61.305175844029151,true
0,213,50,53.25,0.097847559045500285,2.4796839686640053e-11,9.7458913293588708e-13,0.039302957362787341,2.577142881957594e-11,48.109167443219931,1.8908325567800701,1.0037002670048938,0.085788459624387262,25718733.178828813,44.000024461977532,61.17335566654085,true
0,214,50,53.5,0.097847559045500285,2.4796839686640053e-11,9.8308561964809388e-13,0.039645601297239381,2.5779925306288146e-11,48.093311737780127,1.906688262219874,1.0037312958463784,0.086145405093361715,25825742.738344628,44.184464042359537,61.041580908590525,true
0,215,50,53.75,0.097847559045500285,2.4796839686640053e-11,9.9160958327662099e-13,0.039989353313070644,2.5788449269916674e-11,48.077415254989035,1.9225847450109685,1.0037624044871487,0.086501756930123561,25932574.331400275,44.368613982576719,60.909851686292477,true
0,216,50,54,0.097847559045500285,2.4796839686640053e-11,1.0001608615374875e-12,0.040334206865738229,2.579700054817754e-11,48.061478388408716,1.9385216115912844,1.0037935921570231,0.086857513424832153,26039227.445398428,44.552473386687211,60.778168114621842,true
0,217,50,54.25,0.097847559045500285,2.4796839686640053e-11,1.0087392916266821e-12,0.040680155389727621,2.5805578978266734e-11,48.045501531904719,1.9544984680952804,1.0038248580852258,0.08721267287932348,26145701.571242325,44.736041363898543,60.646530307413762,true
0,218,50,54.5,0.097847559045500285,2.4796839686640053e-11,1.017344710223261e-12,0.041027192298677566,2.5814184396863313e-11,48.029485079631492,1.9705149203685062,1.003856201500416,0.087567233607101821,26251996.203333262,44.919317028566844,60.514938377362775,true
0,219,50,54.75,0.097847559045500285,2.4796839686640053e-11,1.0259769534924588e-12,0.041375310985505578,2.5822816640132511e-11,48.013429426017886,1.9865705739821147,1.0038876216307153,0.087921193933331351,26358110.839568093,45.102299500195784,60.383392436021985,true
0,220,50,55,0.097847559045500285,2.4796839686640053e-11,1.0346358570888071e-12,0.041724504822533669,2.5831475543728859e-11,47.997334965752685,2.002665034247312,1.0039191177037374,0.088274552194826716,26464044.981336396,45.284987903435244,60.251892593802481,true
0,221,50,55.25,0.097847559045500285,2.4796839686640053e-11,1.0433212561592623e-12,0.042074767161614512,2.5840160942799314e-11,47.98120209377025,2.0187979062297536,1.003950688946615,0.088627306740043474,26569798.133517601,45.467381368079934,60.120438959972724,true
0,222,50,55.5,0.097847559045500285,2.4796839686640053e-11,1.0520329853463462e-12,0.042426091334258072,2.58488726719864e-11,47.965031205236116,2.0349687947638859,1.0039823345860281,0.08897945592906796,26675369.804477956,45.64947902906755,59.989031642657984,true
0,223,50,55.75,0.097847559045500285,2.4796839686640053e-11,1.0607708787912927e-12,0.042778470651758528,2.5857610565431346e-11,47.948822695532776,2.0511773044672226,1.0040140538482329,0.089330998133606426,26780759.506067283,45.831280026476897,59.857670748839809,true
0,224,50,56,0.097847559045500285,2.4796839686640053e-11,1.0695347701372064e-12,0.043131898405321639,2.5866374456777258e-11,47.932576960245434,2.0674230397545665,1.0040458459590882,0.089681931736973822,26885966.753615592,46.012783505525775,59.726356384355512,true
0,225,50,56.25,0.097847559045500285,2.4796839686640053e-11,1.0783244925322283e-12,0.043486367866192394,2.5875164179172283e-11,47.91629439514783,2.0837056048521712,1.0040777101440843,0.09003225513408207,26990991.065929584,46.193988616568511,59.595088653897804,true
0,226,50,56.5,0.097847559045500285,2.4796839686640053e-11,1.0871398786327146e-12,0.043841872285783241,2.5883979565272769e-11,47.899975396188161,2.1000246038118409,1.0041096456283696,0.090381966731427829,27095831.965288974,46.374894515093466,59.463867661014348,true
0,227,50,56.75,0.097847559045500285,2.4796839686640053e-11,1.0959807606064206e-12,0.044198404895802464,2.5892820447246473e-11,47.883620359475032,2.116379640524968,1.0041416516367792,0.090731064947079651,27200488.977442648,46.555500361720149,59.33269350810739,true
0,228,50,57,0.097847559045500285,2.4796839686640053e-11,1.1048469701356979e-12,0.044555958908383118,2.5901686656775752e-11,47.867229681263488,2.1327703187365126,1.0041737273938611,0.091079548210664801,27304961.631604701,46.735805322196292,59.201566296433462,true
0,229,50,57.25,0.097847559045500285,2.4796839686640053e-11,1.1137383384206972e-12,0.044914527516212194,2.591057802506075e-11,47.850803757941087,2.1491962420589146,1.0042058721239044,0.091427414963355449,27409249.46045031,46.915808567394521,59.070486126103134,true
0,230,50,57.5,0.097847559045500285,2.4796839686640053e-11,1.1226546961825826e-12,0.045274103892660254,2.5919494382822637e-11,47.834342986014057,2.1656570139859443,1.0042380850509658,0.091774663657854375,27513352.000111435,47.095509273308977,58.939453096080712,true
0,231,50,57.75,0.097847559045500285,2.4796839686640053e-11,1.1315958736667555e-12,0.045634681191911421,2.5928435560306807e-11,47.817847762093507,2.1821522379064922,1.0042703653988965,0.092121292758380352,27617268.790172447,47.274906621051699,58.808467304184127,true
0,232,50,58,0.097847559045500285,2.4796839686640053e-11,1.1405617006460853e-12,0.045996252549093695,2.5937401387286139e-11,47.801318482881712,2.1986815171182879,1.0043027123913697,0.092467300740652805,27720999.373665527,47.453999796848642,58.67752884708468,true
0,233,50,58.25,0.097847559045500285,2.4796839686640053e-11,1.1495520064241492e-12,0.046358811080409595,2.5946391693064203e-11,47.784755545158447,2.2152444548415549,1.0043351252519066,0.092812686091876109,27824543.297065951,47.632787992035752,58.546637820307041,true
0,234,50,58.5,0.097847559045500285,2.4796839686640053e-11,1.1585666198384853e-12,0.046722349883267317,2.5955406306478538e-11,47.768159345767387,2.2318406542326099,1.0043676032039035,0.093157447310723507,27927900.11028729,47.811270403054593,58.415794318229104,true
0,235,50,58.75,0.097847559045500285,2.4796839686640053e-11,1.1676053692638481e-12,0.047086862036412082,2.59644450559039e-11,47.751530281602626,2.2484697183973767,1.0044001454706581,0.093501582907320233,28031069.366676319,47.989446231447936,58.284998434081928,true
0,236,50,59,0.097847559045500285,2.4796839686640053e-11,1.1766680826154783e-12,0.047452340600057957,2.5973507769255533e-11,47.734868749595151,2.2651312504048517,1.0044327512753959,0.093845091403226666,28134050.62300799,48.167314683855032,58.154250259949833,true
0,237,50,59.25,0.097847559045500285,2.4796839686640053e-11,1.1857545873523762e-12,0.047818778616019873,2.5982594273992429e-11,47.718175146699515,2.2818248533004857,1.0044654198412961,0.0941879713314204,28236843.439480055,48.344874972006735,58.023549886770354,true
0,238,50,59.5,0.097847559045500285,2.4796839686640053e-11,1.1948647104805901e-12,0.048186169107846219,2.5991704397120643e-11,47.701449869880491,2.2985501301195104,1.0044981503915182,0.094530221236278439,28339447.379707713,48.522126312720438,57.892897404334406,true
0,239,50,59.75,0.097847559045500285,2.4796839686640053e-11,1.2039982785565078e-12,0.048554505080951646,2.600083796519656e-11,47.684693316099811,2.315306683900189,1.0045309421492272,0.094871839673558639,28441862.010718063,48.699067927894795,57.762292901286301,true
0,240,50,60,0.097847559045500285,2.4796839686640053e-11,1.2131551176901583e-12,0.048923779522750128,2.6009994804330212e-11,47.667905882303003,2.3320941176969958,1.0045637943376204,0.095212825210380492,28544086.902944334,48.875699044504181,57.631736465124021,true
0,241,50,60.25,0.097847559045500285,2.4796839686640053e-11,1.2223350535485246e-12,0.049293985402788634,2.6019174740188579e-11,47.651087965406269,2.3489120345937335,1.0045967061799519,0.095553176425206068,28646121.630220182,49.05201889459309,57.501228182199341,true
0,242,50,60.5,0.097847559045500285,2.4796839686640053e-11,1.2315379113588601e-12,0.049665115672880823,2.6028377597998914e-11,47.634239962283431,2.3657600377165688,1.0046296768995591,0.09589289190781973,28747965.769773588,49.228026715270182,57.370768137718095,true
0,243,50,60.75,0.097847559045500285,2.4796839686640053e-11,1.2407635159120175e-12,0.050037163267241322,2.6037603202552069e-11,47.617362269752995,2.3826377302470072,1.0046627057198876,0.096231970259308117,28849618.902220879,49.403721748702282,57.24035641574045,true
0,244,50,61,0.097847559045500285,2.4796839686640053e-11,1.2500116915657848e-12,0.050410121102620241,2.6046851378205838e-11,47.600455284565207,2.3995447154347915,1.0046957918645165,0.096570410092039233,28951080.611560449,49.579103242108069,57.109993099181224,true
0,245,50,61.25,0.097847559045500285,2.4796839686640053e-11,1.2592822622482289e-12,0.050783982078438011,2.6056121948888283e-11,47.583519403389275,2.4164805966107279,1.0047289345571835,0.096908210029641312,29052350.485166423,49.754170447751648,56.979678269810194,true
0,246,50,61.5,0.097847559045500285,2.4796839686640053e-11,1.2685750514610465e-12,0.051158739076920541,2.6065414738101099e-11,47.566555022800564,2.433444977199438,1.0047621330218099,0.097245368706981042,29153428.113782126,49.928922622935865,56.849412008252536,true
0,247,50,61.75,0.097847559045500285,2.4796839686640053e-11,1.2778898822829263e-12,0.051534384963234765,2.607472956892298e-11,47.54956253926796,2.4504374607320418,1.0047953864825256,0.097581884770141611,29254313.091513518,50.103359029995531,56.719194393989248,true
0,248,50,62,0.097847559045500285,2.4796839686640053e-11,1.2872265773729168e-12,0.051910912585624525,2.6084066264012971e-11,47.532542349141231,2.4674576508587664,1.0048286941636935,0.097917756876400253,29355005.015822433,50.277478936290322,56.589025505357554,true
0,249,50,62.25,0.097847559045500285,2.4796839686640053e-11,1.2965849589738023e-12,0.052288314775546636,2.6093424645613857e-11,47.515494848638525,2.4845051513614758,1.0048620552899339,0.098252983694205182,29455503.487519693,50.451281614197683,56.458905419551478,true
0,250,50,62.5,0.097847559045500285,2.4796839686640053e-11,1.305964848915487e-12,0.052666584347807424,2.610280453555554e-11,47.498420433833871,2.5015795661661313,1.0048954690861491,0.098587563903152486,29555808.110758159,50.6247663411053,56.328834212622297,true
0,251,50,62.75,0.097847559045500285,2.4796839686640053e-11,1.3153660686183864e-12,0.05304571410069947,2.6112205755258438e-11,47.48131950064483,2.5186804993551721,1.0049289347775481,0.098921496193962039,29655918.493025523,50.797932399403614,56.198811959479194,true
0,252,50,63,0.097847559045500285,2.4796839686640053e-11,1.3247884390968293e-12,0.053425696816138783,2.6121628125736884e-11,47.464192444820171,2.5358075551798276,1.0049624515896696,0.09925477926845365,29755834.245137163,50.970779076478031,56.068838733889805,true
0,253,50,63.25,0.097847559045500285,2.4796839686640053e-11,1.3342317809624641e-12,0.053806525259802215,2.6131071467602517e-11,47.447039661927654,2.552960338072348,1.004996018748407,0.099587411839522411,29855554.981228724,51.143305664700996,55.938914608480871,true
0,254,50,63.5,0.097847559045500285,2.4796839686640053e-11,1.3436959144276742e-12,0.054188192181265166,2.6140535601067727e-11,47.429861547341844,2.5701384526581585,1.0050296354800317,0.099919392631113671,29955080.318748653,51.315511461423853,55.809039654738946,true
0,255,50,63.75,0.097847559045500285,2.4796839686640053e-11,1.3531806593089998e-12,0.05457069031413956,2.6150020345949053e-11,47.412658496232062,2.5873415037679379,1.0050633010112162,0.1002507203781977,30054409.878450576,51.487395768968526,55.679213943011078,true
0,256,50,64,0.097847559045500285,2.4796839686640053e-11,1.3626858350305712e-12,0.054954012376212356,2.6159525521670624e-11,47.395430903550377,2.6045690964496253,1.0050970145690588,0.10058139382674403,30153543.284385618,51.658957894619128,55.549437542505551,true
0,257,50,64.25,0.097847559045500285,2.4796839686640053e-11,1.3722112606275434e-12,0.055338151069584007,2.6169050947267598e-11,47.378179164019663,2.6218208359803374,1.0051307753811063,0.10091141173369504,30252480.163894478,51.830197150613223,55.419710521292693,true
0,258,50,64.5,0.097847559045500285,2.4796839686640053e-11,1.3817567547495438e-12,0.055723099080807519,2.6178596441389595e-11,47.360903672121779,2.6390963278782222,1.0051645826753766,0.10124077286693979,30351220.147599585,52.001112854133048,55.290032946305693,true
0,259,50,64.75,0.097847559045500285,2.4796839686640053e-11,1.3913221356641243e-12,0.056108849081027673,2.6188161822304176e-11,47.343604822085773,2.656395177914225,1.0051984356803829,0.10156947600528687,30449762.869396973,52.17170432729651,55.160404883341386,true
0,260,50,65,0.097847559045500285,2.4796839686640053e-11,1.4009072212602201e-12,0.056495393726120495,2.6197746907900272e-11,47.326283007876228,2.6737169921237731,1.0052323336251558,0.10189751993843706,30548107.966448054,52.341970897148009,55.030826397061269,true
0,261,50,65.25,0.097847559045500285,2.4796839686640053e-11,1.4105118290516181e-12,0.056882725656833132,2.620735151569167e-11,47.308938623181604,2.6910613768183964,1.0052662757392661,0.10222490346695584,30646255.079171412,52.511911895649099,54.901297550992282,true
0,262,50,65.5,0.097847559045500285,2.4796839686640053e-11,1.4201357761804308e-12,0.057270837498923949,2.6216975462820483e-11,47.291572061402753,2.7084279385972492,1.0053002612528474,0.1025516254022452,30744203.851234328,52.681526659669032,54.771818407527832,true
0,263,50,65.75,0.097847559045500285,2.4796839686640053e-11,1.4297788794205775e-12,0.05765972186330294,2.622661856606063e-11,47.274183715641428,2.72581628435857,1.0053342893966193,0.10287768456651532,30841953.929544292,52.850814530975015,54.642389027928751,true
0,264,50,66,0.097847559045500285,2.4796839686640053e-11,1.4394409551812725e-12,0.05804937134617235,2.6236280641821324e-11,47.256773978688948,2.7432260213110493,1.0053683594019076,0.10320307979275584,30939504.964240402,53.019774856222419,54.513009472324363,true
0,265,50,66.25,0.097847559045500285,2.4796839686640053e-11,1.4491218195105207e-12,0.058439778529167694,2.6245961506150574e-11,47.239343243014879,2.7606567569851239,1.0054024705006692,0.10352780992470653,31036856.608684566,53.18840698694482,54.383679799713477,true
0,266,50,66.5,0.097847559045500285,2.4796839686640053e-11,1.4588212880986206e-12,0.058830935979498983,2.6255660974738674e-11,47.221891900755814,2.7781080992441867,1.0054366219255115,0.10385187381682809,31134008.519452736,53.356710279543719,54.254400067965484,true
0,267,50,66.75,0.097847559045500285,2.4796839686640053e-11,1.4685391762816714e-12,0.059222836250092198,2.6265378862921724e-11,47.204420343704278,2.7955796562957191,1.0054708129097158,0.10417527033427208,31230960.356325909,53.524684095278346,54.12517033382148,true
0,268,50,67,0.097847559045500285,2.4796839686640053e-11,1.4782752990450904e-12,0.059615471879731111,2.6275114985685145e-11,47.18692896329766,2.8130710367023406,1.0055050426872585,0.1044979983528509,31327711.782281123,53.692327800255143,53.995990652895436,true
0,269,50,67.25,0.097847559045500285,2.4796839686640053e-11,1.4880294710271341e-12,0.060008835393199275,2.6284869157667189e-11,47.169418150607228,2.8305818493927752,1.0055393104928316,0.10482005675900716,31424262.463482268,53.859640765417033,53.866861079675324,true
0,270,50,67.5,0.097847559045500285,2.4796839686640053e-11,1.4978015065224284e-12,0.060402919301422435,2.6294641193162481e-11,47.151888296327257,2.8481117036727408,1.005573615561866,0.10514144444978289,31520612.069270872,54.026622366532791,53.737781667524388,true
0,271,50,67.75,0.097847559045500285,2.4796839686640053e-11,1.5075912194855037e-12,0.060797716101611041,2.6304430906125558e-11,47.134339790764244,2.8656602092357537,1.0056079571305507,0.10546216033278834,31616760.272156715,54.193271984185976,53.608752468682347,true
0,272,50,68,0.097847559045500285,2.4796839686640053e-11,1.517398423534337e-12,0.061193218277403115,2.6314238110174391e-11,47.116773023826148,2.8832269761738525,1.0056423344358549,0.10578220332617042,31712706.747808404,54.359589003763872,53.479773534266648,true
0,273,50,68.25,0.097847559045500285,2.4796839686640053e-11,1.5272229319538993e-12,0.061589418299007298,2.6324062618593953e-11,47.099188385011765,2.9008116149882355,1.0056767467155487,0.10610157235858082,31808451.175043803,54.52557281544621,53.350844914273864,true
0,274,50,68.5,0.097847559045500285,2.4796839686640053e-11,1.5370645576997123e-12,0.061986308623346309,2.6333904244339766e-11,47.081586263400176,2.9184137365998253,1.005711193208223,0.10642026636914406,31903993.235820435,54.691222814193814,53.2219666575809,true
0,275,50,68.75,0.097847559045500285,2.4796839686640053e-11,1.5469231134014084e-12,0.062383881694200477,2.6343762800041463e-11,47.063967047640261,2.9360329523597395,1.005745673153311,0.10673828430742467,31999332.615225669,54.856538399736969,53.093138811946467,true
0,276,50,69,0.097847559045500285,2.4796839686640053e-11,1.5567984113662978e-12,0.062782129942351633,2.6353638098006351e-11,47.046331125940313,2.9536688740596868,1.0057801857911082,0.1070556251333946,32094469.001466945,55.021518976563826,52.964361424012402,true
0,277,50,69.25,0.097847559045500285,2.4796839686640053e-11,1.5666902635829424e-12,0.063181045785727197,2.6363529950222997e-11,47.028678886057726,2.9713211139422748,1.0058147303627922,0.10737228781740006,32189402.085861821,55.186163953908469,52.835634539305133,true
0,278,50,69.5,0.097847559045500285,2.4796839686640053e-11,1.5765984817247341e-12,0.063580621629544504,2.6373438168364787e-11,47.011010715288762,2.9889892847112369,1.005849306110443,0.10768827134012808,32284131.562827952,55.350472745738955,52.706958202237146,true
0,279,50,69.75,0.097847559045500285,2.4796839686640053e-11,1.5865228771534826e-12,0.063980849866455497,2.6383362563793535e-11,46.993327000458422,3.0066729995415793,1.0058839122770631,0.10800357469257277,32378657.129872985,55.514444770745193,52.578332456108406,true
0,280,50,70,0.097847559045500285,2.4796839686640053e-11,1.5964632609230037e-12,0.06438172287669143,2.6393302947563056e-11,46.975628127910362,3.024371872089636,1.0059185481065969,0.10831819687600135,32472978.487584364,55.678079452326664,52.449757343107919,true
0,281,50,70.25,0.097847559045500285,2.4796839686640053e-11,1.6064194437827207e-12,0.06478323302820807,2.6403259130422774e-11,46.95791448349695,3.0420855165030503,1.0059532128439499,0.10863213690191985,32567095.339619055,55.841376218580024,52.321232904315281,true
0,282,50,70.5,0.097847559045500285,2.4796839686640053e-11,1.6163912361812621e-12,0.065185372676830874,2.6413230922821315e-11,46.940186452569343,3.0598135474306605,1.005987905735009,0.10894539379203835,32661007.392693117,56.00433450228649,52.192759179702215,true
0,283,50,70.75,0.097847559045500285,2.4796839686640053e-11,1.6263784482700752e-12,0.065588134166400622,2.6423218134910128e-11,46.922444419967682,3.0775555800323162,1.0060226260266605,0.10925796657823633,32754714.35657132,56.166953740899231,52.064336208134165,true
0,284,50,71,0.097847559045500285,2.4796839686640053e-11,1.6363808899070379e-12,0.06599150982891909,2.6433220576547091e-11,46.904688770011404,3.0953112299885976,1.0060573729668101,0.10956985430252726,32848215.944056522,56.329233376530517,51.935964027371988,true
0,285,50,71.25,0.097847559045500285,2.4796839686640053e-11,1.6463983706600796e-12,0.066395491984695118,2.6443238057300132e-11,46.886919886489544,3.1130801135104589,1.0060921458044016,0.10988105601702326,32941511.870979093,56.49117285593875,51.807642674073499,true
0,286,50,71.5,0.097847559045500285,2.4796839686640053e-11,1.6564306998108075e-12,0.066800072942490851,2.645327038645086e-11,46.869138152651217,3.1308618473487826,1.0061269437894353,0.11019157078389939,33034601.856186185,56.652771630515375,51.679372183795245,true
0,287,50,71.75,0.097847559045500285,2.4796839686640053e-11,1.6664776863581348e-12,0.067205244999667971,2.6463317372998189e-11,46.851343951196149,3.1486560488038493,1.006161766172986,0.11050139767535762,33127485.621530946,56.814029156271658,51.551152590994192,true
0,288,50,72,0.097847559045500285,2.4796839686640053e-11,1.6765391390219202e-12,0.067611000442334576,2.6473378825661972e-11,46.833537664265265,3.1664623357347321,1.0061966122072232,0.11081053577359049,33220162.891861621,56.974944893825374,51.422983929029407,true
0,289,50,72.25,0.097847559045500285,2.4796839686640053e-11,1.6866148662466088e-12,0.06801733154549193,2.6483454552886661e-11,46.81571967343141,3.1842803265685933,1.0062314811454269,0.11111898417074477,33312633.395010665,57.135518308387304,51.294866230163912,true
0,290,50,72.5,0.097847559045500285,2.4796839686640053e-11,1.6967046762048779e-12,0.068424230573181546,2.6493544362844932e-11,46.797890359690093,3.2021096403099047,1.0062663722420078,0.11142674196888448,33404896.861783639,57.295748869747591,51.166799525566368,true
0,291,50,72.75,0.097847559045500285,2.4796839686640053e-11,1.7068083768012897e-12,0.068831689778632452,2.6503648063441342e-11,46.780050103450421,3.2199498965495823,1.0063012847525237,0.11173380827995395,33496953.025948148,57.455636052262108,51.038783845312977,true
0,292,50,73,0.097847559045500285,2.4796839686640053e-11,1.7169257756759492e-12,0.069239701404408716,2.6513765462316003e-11,46.76219928452597,3.2378007154740329,1.0063362179336981,0.11204018222574041,33588801.624222629,57.615179334838501,50.910819218389285,true
0,293,50,73.25,0.097847559045500285,2.4796839686640053e-11,1.7270566802081656e-12,0.069648257682557127,2.652389636684822e-11,46.744338282125874,3.2556617178741232,1.0063711710434373,0.11234586293783666,33680442.396265157,57.7743782009223,50.782905672692031,true
0,294,50,73.5,0.097847559045500285,2.4796839686640053e-11,1.7372008975201204e-12,0.070057350834755075,2.6534040584160174e-11,46.726467474845947,3.2735325251540544,1.0064061433408475,0.11265084955760311,33771875.08466205,57.933232138482794,50.65504323503108,true
0,295,50,73.75,0.097847559045500285,2.4796839686640053e-11,1.7473582344805389e-12,0.070466973072458666,2.6544197921120593e-11,46.708587240659838,3.291412759340163,1.0064411340862529,0.11295514123612989,33863099.434916541,58.091740639998811,50.527231931131304,true
0,296,50,74,0.097847559045500285,2.4796839686640053e-11,1.7575284977083658e-12,0.070877116597050885,2.6554368184348417e-11,46.690697956910377,3.3093020430896227,1.0064761425412121,0.11325873713419833,33954115.195437193,58.249903202444386,50.399471785634567,true
0,297,50,74.25,0.097847559045500285,2.4796839686640053e-11,1.7677114935764494e-12,0.071287773599990251,2.6564551180216502e-11,46.672800000300924,3.3271999996990771,1.0065111679685348,0.11356163642224279,34044922.117526494,58.407719327274343,50.271762822101621,true
0,298,50,74.5,0.097847559045500285,2.4796839686640053e-11,1.7779070282152278e-12,0.071698936262959423,2.657474671485528e-11,46.65489374688682,3.3451062531131819,1.0065462096322992,0.1138638382803118,34135519.955369167,58.565188520409741,50.144105063014166,true
0,299,50,74.75,0.097847559045500285,2.4796839686640053e-11,1.7881149075164177e-12,0.072110596758013942,2.6584954594156471e-11,46.636979572066949,3.3630204279330536,1.006581266797868,0.11416534189802913,34225908.466020539,58.722310292223149,50.016498529776818,true
0,300,50,75,0.097847559045500285,2.4796839686640053e-11,1.7983349371367111e-12,0.072522747247731376,2.6595174623776764e-11,46.619057850575359,3.3809421494246439,1.0066163387319049,0.11446614647455451,34316087.409394734,58.879084157523913,49.888943242719193,true
0,301,50,75.25,0.097847559045500285,2.4796839686640053e-11,1.808566922501476e-12,0.072935379885360502,2.6605406609141529e-11,46.601128956472969,3.3988710435270297,1.006651424702391,0.11476625121854453,34406056.548252963,59.035509635543249,49.761439221097916,true
0,302,50,75.5,0.097847559045500285,2.4796839686640053e-11,1.8188106688084604e-12,0.073348486814970706,2.6615650355448515e-11,46.583193263139385,3.4168067368606119,1.0066865239786407,0.11506565534811272,34495815.648191556,59.191586249919233,49.633986483098759,true
0,303,50,75.75,0.097847559045500285,2.4796839686640053e-11,1.8290659810315006e-12,0.073762060171601543,2.6625905667671553e-11,46.565251143264767,3.4347488567352333,1.0067216358313174,0.11536435809079008,34585364.477630146,59.347313528681731,49.506585045838705,true
0,304,50,76,0.097847559045500285,2.4796839686640053e-11,1.8393326639242349e-12,0.074176092081412431,2.6636172350564289e-11,46.547302968841791,3.4526970311582108,1.0067567595324496,0.11566235868348479,34674702.807799548,59.502691004237143,49.379234925368088,true
0,305,50,76.25,0.097847559045500285,2.4796839686640053e-11,1.8496105220238192e-12,0.074590574661832623,2.6646450208663873e-11,46.529349111157714,3.4706508888422851,1.0067918943554464,0.11595965637244214,34763830.412729792,59.657718213353064,49.251936136672811,true
0,306,50,76.5,0.097847559045500285,2.4796839686640053e-11,1.8598993596546512e-12,0.075005500021711261,2.6656739046294704e-11,46.511389940786515,3.4886100592134839,1.0068270395751124,0.11625625041320416,34852747.069237992,59.812394697142963,49.124688693676426,true
0,307,50,76.75,0.097847559045500285,2.4796839686640053e-11,1.8701989809320935e-12,0.075420860261467604,2.6667038667572145e-11,46.493425827581099,3.5065741724189028,1.0068621944676637,0.11655214007056894,34941452.556916155,59.966720001050575,48.997492609242379,true
0,308,50,77,0.097847559045500285,2.4796839686640053e-11,1.8805091897662038e-12,0.075836647473241411,2.6677348876406256e-11,46.475457140665604,3.5245428593343981,1.0068973583107423,0.11684732461854995,35029946.658119,60.120693674834314,48.870347895176238,true
0,309,50,77.25,0.097847559045500285,2.4796839686640053e-11,1.8908297898654666e-12,0.076252853741043486,2.668766947650552e-11,46.457484248427804,3.5425157515721968,1.0069325303834316,0.11714180334033483,35118229.157951593,60.274315272551519,48.743254562227939,true
0,310,50,77.5,0.097847559045500285,2.4796839686640053e-11,1.9011605847405338e-12,0.07666947114090647,2.6698000271380586e-11,46.439507518511569,3.5604924814884318,1.0069677099662699,0.11743557552824466,35206299.844257116,60.427584352542716,48.616212620094032,true
0,311,50,77.75,0.097847559045500285,2.4796839686640053e-11,1.911501377707962e-12,0.077086491741035587,2.6708341064348014e-11,46.421527317809428,3.5784726821905748,1.0070028963412669,0.11772864048369214,35294158.507604375,60.580500477415661,48.489222077419953,true
0,312,50,78,0.097847559045500285,2.4796839686640053e-11,1.9218519718939597e-12,0.077503907601959771,2.6718691658534014e-11,46.4035440124552,3.5964559875448012,1.0070380887919166,0.11802099751714046,35381804.941275433,60.733063214029301,48.362282941802356,true
0,313,50,78.25,0.097847559045500285,2.4796839686640053e-11,1.9322121702381332e-12,0.077921710776682682,2.6729051856878186e-11,46.385557967816737,3.6144420321832649,1.0070732866032117,0.11831264594806144,35469238.941253081,60.885272133477777,48.23539521979145,true
0,314,50,78.5,0.097847559045500285,2.4796839686640053e-11,1.9425817754972396e-12,0.078339893310834144,2.6739421462137292e-11,46.36756954848871,3.6324304515112877,1.0071084890616584,0.11860358510489367,35556460.30620826,61.037126811074131,48.108558916893301,true
0,315,50,78.75,0.097847559045500285,2.4796839686640053e-11,1.952960590248943e-12,0.078758447242821494,2.6749800276888996e-11,46.349579118285526,3.6504208817144717,1.0071436954552897,0.11889381432500064,35643468.837487549,61.188626826334122,47.981774037572244,true
0,316,50,79,0.097847559045500285,2.4796839686640053e-11,1.9633484168955703e-12,0.079177364603981198,2.6760188103535624e-11,46.331587040234282,3.6684129597657194,1.007178905073679,0.11918333295462842,35730264.339100458,61.339771762959799,47.855040585253235,true
0,317,50,79.25,0.097847559045500285,2.4796839686640053e-11,1.9737450576678776e-12,0.079596637418730604,2.6770584744307929e-11,46.31359367656782,3.6864063234321831,1.0072141172079547,0.1194721403488634,35816846.617706738,61.490561208823088,47.728358562324274,true
0,318,50,79.5,0.097847559045500285,2.4796839686640053e-11,1.984150314628809e-12,0.080016257704719609,2.6780990001268863e-11,46.295599388717889,3.70440061128211,1.0072493311508122,0.11976023587158979,35903215.482603677,61.640994755949237,47.601727970138839,true
0,319,50,79.75,0.097847559045500285,2.4796839686640053e-11,1.9945639896772717e-12,0.080436217472982866,2.6791403676317326e-11,46.277604537308363,3.722395462691634,1.0072845461965285,0.12004761889544695,35989370.745713286,61.791072000500236,47.475148809018307,true
0,320,50,80,0.097847559045500285,2.4796839686640053e-11,2.004985884551904e-12,0.080856508728091775,2.6801825571191956e-11,46.259609482148541,3.7403905178514605,1.0073197616409739,0.12033428880178686,36075312.221569553,61.940792542758054,47.348621078254432,true
0,321,50,80.25,0.097847559045500285,2.4796839686640053e-11,2.0154158008348501e-12,0.08127712346830665,2.6812255487474904e-11,46.241614582226525,3.7583854177734746,1.0073549767816268,0.12062024498063066,36161039.727305427,62.090155987107941,47.222144776111826,true
0,322,50,80.5,0.097847559045500285,2.4796839686640053e-11,2.0258535399555389e-12,0.081698053685729174,2.6822693226595593e-11,46.223620195702722,3.7763798042972763,1.0073901909175842,0.12090548683062625,36246553.082640074,62.239161942021489,47.095719899830456,true
0,323,50,80.75,0.097847559045500285,2.4796839686640053e-11,2.0362989031944616e-12,0.082119291366454697,2.6833138589834514e-11,46.205626679903382,3.7943733200966188,1.0074254033495764,0.12119001375900454,36331852.109865792,62.387810020039751,46.969346445628183,true
0,324,50,81,0.097847559045500285,2.4796839686640053e-11,2.0467516916869602e-12,0.082540828490725013,2.6843591378327015e-11,46.187634391314219,3.8123656086857793,1.0074606133799784,0.12147382518153646,36416936.633835115,62.536099837756204,46.843024408703258,true
0,325,50,81.25,0.097847559045500285,2.4796839686640053e-11,2.0572117064270092e-12,0.08296265703308095,2.6854051393067062e-11,46.169643685574158,3.8303563144258401,1.0074958203128217,0.12175692052248945,36501806.481947757,62.684031015799654,46.716753783236882,true
0,326,50,81.5,0.097847559045500285,2.4796839686640053e-11,2.0676787482710055e-12,0.08338476896251508,2.686451843491106e-11,46.151654917469116,3.8483450825308849,1.007531023453808,0.12203929921458369,36586461.484137513,62.831603178817112,46.590534562395838,true
0,327,50,81.75,0.097847559045500285,2.4796839686640053e-11,2.0781526179415599e-12,0.083807156242624706,2.6874992304581614e-11,46.133668440925881,3.8663315590741192,1.0075662221103197,0.12232096069894857,36670901.472859189,62.978815955456504,46.464366738335009,true
0,328,50,82,0.097847559045500285,2.4796839686640053e-11,2.0886331160312921e-12,0.084229810831764895,2.6885472802671345e-11,46.115684609006088,3.884315390993915,1.0076014155914323,0.12260190442507891,36755126.283075482,63.125668978349424,46.338250302199995,true
0,329,50,82.25,0.097847559045500285,2.4796839686640053e-11,2.0991200430066254e-12,0.084652724683201522,2.6895959729646679e-11,46.097703773900243,3.9022962260997569,1.0076366032079265,0.12288212985079083,36839135.752243757,63.272161884093713,46.21218524412977,true
0,330,50,82.5,0.097847559045500285,2.4796839686640053e-11,2.1096131992115868e-12,0.085075889745264435,2.6906452885851639e-11,46.079726286921868,3.9202737130781289,1.0076717842722986,0.12316163644217787,36922929.72030288,63.418294313236025,46.086171553259291,true
0,331,50,82.75,0.097847559045500285,2.4796839686640053e-11,2.1201123848716087e-12,0.085499297961500909,2.6916952071511661e-11,46.061752498501697,3.9382475014983052,1.007706958098773,0.12344042367356678,37006508.029659972,63.564065910254378,45.960209217722152,true
0,332,50,83,0.097847559045500285,2.4796839686640053e-11,2.1306174000973292e-12,0.085922941270828765,2.6927457086737383e-11,46.043782758181933,3.9562172418180643,1.0077421240033124,0.12371849102747318,37089870.525177129,63.709476323540464,45.834298224653274,true
0,333,50,83.25,0.097847559045500285,2.4796839686640053e-11,2.1411280448884009e-12,0.08634681160769006,2.6937967731528454e-11,46.025817414610671,3.9741825853893284,1.0077772813036296,0.12399583799455734,37173017.054158136,63.854525205382139,45.708438560191574,true
0,334,50,83.5,0.097847559045500285,2.4796839686640053e-11,2.1516441191372987e-12,0.086770900902204615,2.6948483805777351e-11,46.007856815536279,3.9921431844637181,1.0078124293191981,0.12427246407357959,37255947.466335118,63.999212211945611,45.582630209482666,true
0,335,50,83.75,0.097847559045500285,2.4796839686640053e-11,2.1621654226331273e-12,0.087195201080323581,2.695900510927318e-11,45.989901307801972,4.0100986921980297,1.0078475673712626,0.12454836877135586,37338661.613855213,64.143537003257762,45.456873156681596,true
0,336,50,84,0.097847559045500285,2.4796839686640053e-11,2.1726917550654343e-12,0.087619704063983159,2.6969531441705486e-11,45.97195123734037,4.028048762659628,1.0078826947828499,0.12482355160271288,37421159.351267137,64.287499243188265,45.331167384955549,true
0,337,50,84.25,0.097847559045500285,2.4796839686640053e-11,2.1832229160280228e-12,0.088044401771258426,2.6980062602668075e-11,45.954006949168232,4.0459930508317692,1.007917810878779,0.12509801209044363,37503440.535507813,64.431098599431763,45.205512876486623,true
0,338,50,84.5,0.097847559045500285,2.4796839686640053e-11,2.1937587050227685e-12,0.088469286116517235,2.6990598391662822e-11,45.93606878738116,4.0639312126188409,1.0079529149856714,0.12537174976526247,37585505.025888957,64.574334743489857,45.079909612474545,true
0,339,50,84.75,0.097847559045500285,2.4796839686640053e-11,2.2042989214634369e-12,0.08889434901057415,2.700113860810349e-11,45.918137095148481,4.0818629048515209,1.007988006431962,0.12564476416576004,37667352.684083521,64.717207350653197,44.954357573139504,true
0,340,50,85,0.097847559045500285,2.4796839686640053e-11,2.2148433646795004e-12,0.089319582360844363,2.7011683051319553e-11,45.900212214708141,4.0997877852918583,1.0080230845479072,0.12591705483835852,37748983.374112293,64.859716099983359,44.828856737724877,true
0,341,50,85.25,0.097847559045500285,2.4796839686640053e-11,2.2253918339199586e-12,0.089744978071497825,2.7022231520560013e-11,45.882294487361719,4.1177055126382829,1.0080581486655971,0.12618862133726641,37830396.962330341,65.00186067429479,44.703407084500121,true
0,342,50,85.5,0.097847559045500285,2.4796839686640053e-11,2.2359441283571624e-12,0.09017052804361339,2.7032783814997215e-11,45.864384253469467,4.1356157465305294,1.0080931981189629,0.12645946322443352,37911593.317413531,65.143640760136634,44.578008590763488,true
0,343,50,85.75,0.097847559045500285,2.4796839686640053e-11,2.246500047090638e-12,0.09059622417533307,2.704333973373069e-11,45.846481852445507,4.1535181475544922,1.0081282322437879,0.12672958006950566,37992572.310344912,65.285056047774546,44.45266123284491,true
0,344,50,86,0.097847559045500285,2.4796839686640053e-11,2.2570593891509076e-12,0.091022058362016087,2.7053899075790962e-11,45.828587622753005,4.171412377246992,1.008163250377716,0.12699897144977937,38073333.81440118,65.426106231172426,44.327364986108847,true
0,345,50,86.25,0.097847559045500285,2.4796839686640053e-11,2.2676219535033194e-12,0.091448022496393361,2.7064461640143371e-11,45.81070190189952,4.1892980981004779,1.0081982518602617,0.12726763695015669,38153877.705139101,65.566791007974089,44.20211982495713,true
0,346,50,86.5,0.097847559045500285,2.4796839686640053e-11,2.2781875390518738e-12,0.091874108468721807,2.7075027225691926e-11,45.792825026432354,4.2071749735676445,1.0082332360328181,0.1275355761630996,38234203.860381842,65.707110079484977,44.076925722831803,true
0,347,50,86.75,0.097847559045500285,2.4796839686640053e-11,2.2887559446430521e-12,0.092300308166938683,2.7085595631283106e-11,45.774957331934019,4.2250426680659796,1.0082682022386669,0.12780278868858469,38314312.160205401,65.847063150653725,43.951782652218064,true
0,348,50,87,0.097847559045500285,2.4796839686640053e-11,2.2993269690696457e-12,0.092726613476816086,2.7096166655709699e-11,45.757099153017769,4.242900846982228,1.008303149822986,0.12806927413405766,38394202.486924969,65.986649930053744,43.826690584647096,true
0,349,50,87.25,0.097847559045500285,2.4796839686640053e-11,2.309900411074588e-12,0.093153016282115475,2.7106740097714641e-11,45.739250823323211,4.2607491766767902,1.008338078132859,0.12833503211438768,38473874.72508122,66.125870129864708,43.701649490699012,true
0,350,50,87.5,0.097847559045500285,2.4796839686640053e-11,2.3204760693547835e-12,0.093579508464742014,2.7117315755994835e-11,45.721412675511964,4.2785873244880346,1.0083729865172835,0.12860006225182177,38553328.761426665,66.264723465854075,43.576659340005783,true
0,351,50,87.75,0.097847559045500285,2.4796839686640053e-11,2.3310537425649432e-12,0.094006081904899341,2.7127893429204997e-11,45.703585041263459,4.2964149587365439,1.0084078743271789,0.12886436417593924,38632564.484911971,66.403209657358488,43.451720101254089,true
0,352,50,88,0.097847559045500285,2.4796839686640053e-11,2.3416332293214171e-12,0.094432728481244052,2.7138472915961471e-11,45.685768251270716,4.3142317487292869,1.0084427409153953,0.12912793752360596,38711581.786672264,66.541328427265185,43.326831742188368,true
0,353,50,88.25,0.097847559045500285,2.4796839686640053e-11,2.3522143282060275e-12,0.094859440071040371,2.7149054014846081e-11,45.667962635236293,4.3320373647637078,1.0084775856367205,0.12939078193892858,38790380.560013406,66.679079501993371,43.201994229613661,true
0,354,50,88.5,0.097847559045500285,2.4796839686640053e-11,2.362796837769903e-12,0.095286208550314652,2.7159636524409958e-11,45.650168521868252,4.3498314781317466,1.0085124078478895,0.12965289707320865,38868960.700398229,66.816462611475529,43.077207529398684,true
0,355,50,88.75,0.097847559045500285,2.4796839686640053e-11,2.3733805565373163e-12,0.09571302579401024,2.717022024317737e-11,45.632386238876201,4.3676137611237964,1.00854720690759,0.12991428258489718,38947322.10543292,66.953477489138692,42.95247160647871,true
0,356,50,89,0.097847559045500285,2.4796839686640053e-11,2.3839652830095185e-12,0.096139883676142096,2.718080496964957e-11,45.614616112967433,4.3853838870325665,1.0085819821764721,0.13017493813954836,39025464.674853154,67.090123871885723,42.827786424858552,true
0,357,50,89.25,0.097847559045500285,2.4796839686640053e-11,2.3945508156685749e-12,0.096566774069951414,2.7191390502308629e-11,45.596858469843113,4.4031415301568897,1.0086167330171545,0.13043486340977395,39103388.310510397,67.226401500076562,42.703151947615638,true
0,358,50,89.5,0.097847559045500285,2.4796839686640053e-11,2.4051369529812028e-12,0.096993688848060478,2.7201976639621257e-11,45.579113634194542,4.4208863658054565,1.0086514587942319,0.13069405807519735,39181092.916358165,67.36231011750931,42.578568136902931,true
0,359,50,89.75,0.097847559045500285,2.4796839686640053e-11,2.4157234934026063e-12,0.097420619882627249,2.7212563180042661e-11,45.561381929699536,4.4386180703004605,1.008686158874283,0.13095252182240752,39258578.398438193,67.497849471401508,42.454034953952004,true
0,360,50,90,0.097847559045500285,2.4796839686640053e-11,2.4263102353803167e-12,0.097847559045500257,2.7223149922020369e-11,45.543663679018806,4.4563363209811975,1.0087208326258763,0.13121025434491335,39335844.664866753,67.633019312371204,42.329552359076011,true
0,361,50,90.25,0.097847559045500285,2.4796839686640053e-11,2.4368969773580271e-12,0.098274498208373265,2.723373666399808e-11,45.525959203792425,4.4740407962075741,1.0087554794195779,0.1314672553430975,39412891.62582083,67.767819394418041,42.205120311672729,true
0,362,50,90.5,0.097847559045500285,2.4796839686640053e-11,2.4474835177794318e-12,0.098701429242940092,2.7244323204419486e-11,45.508268824636446,4.4917311753635509,1.0087900986279581,0.13172352452417022,39489719.193524271,67.902249474904366,42.080738770227626,true
0,363,50,90.75,0.097847559045500285,2.4796839686640053e-11,2.4580696550920589e-12,0.099128344021049114,2.7254909341732112e-11,45.490592861139483,4.5094071388605164,1.008824689625597,0.13197906160212389,39566327.28223414,68.036309314536268,41.956407692316908,true
0,364,50,91,0.097847559045500285,2.4796839686640053e-11,2.4686551877511153e-12,0.099555234414858432,2.7265494874391167e-11,45.472931631859403,4.5270683681405943,1.0088592517890931,0.13223386629768649,39642715.808226794,68.169998677344566,41.832127034610544,true
0,365,50,91.25,0.097847559045500285,2.4796839686640053e-11,2.4792399142233171e-12,0.099982092296990274,2.727607960086337e-11,45.455285454320126,4.5447145456798737,1.0088937844970671,0.13248793833827607,39718884.689784221,68.303317330665877,41.707896752875357,true
0,366,50,91.5,0.097847559045500285,2.4796839686640053e-11,2.4898236329907312e-12,0.1004089095406859,2.7286663319630786e-11,45.437654645008422,4.5623453549915762,1.0089282871301701,0.13274127745795436,39794833.847180128,68.436265045123491,41.583716801978099,true
0,367,50,91.75,0.097847559045500285,2.4796839686640053e-11,2.5004061425546067e-12,0.10083567801996018,2.729724582919466e-11,45.420039519370853,4.5799604806291461,1.0089627590710883,0.132993883397381,39870563.202666238,68.568841594608458,41.459587135888533,true
0,368,50,92,0.097847559045500285,2.4796839686640053e-11,2.5109872414392166e-12,0.10126238960975648,2.7307826928079269e-11,45.402440391810721,4.5975596081892816,1.0089971997045502,0.1332457559037673,39946072.680458412,68.701046756260382,41.335507707682545,true
0,369,50,92.25,0.097847559045500285,2.4796839686640053e-11,2.5215667281956902e-12,0.10168903618610117,2.7318406414835743e-11,45.38485757568511,4.6151424243148913,1.009031608417331,0.13349689473083057,40021362.206722945,68.832880310448417,41.211478469545177,true
0,370,50,92.5,0.097847559045500285,2.4796839686640053e-11,2.5321444014058503e-12,0.10211560962625851,2.7328984088045905e-11,45.36729138330201,4.6327086166979896,1.009065984598259,0.1337472996387479,40096431.709562749,68.9643420407522,41.08749937277382,true
0,371,50,92.75,0.097847559045500285,2.4796839686640053e-11,2.5427200596860466e-12,0.10254210180888509,2.7339559746326099e-11,45.349742125917487,4.6502578740825156,1.0091003276382218,0.13399697039411015,40171281.119003512,69.095431733942604,40.963570367781266,true
0,372,50,93,0.097847559045500285,2.4796839686640053e-11,2.5532935016909877e-12,0.10296850461418443,2.7350133188331041e-11,45.332210113732913,4.6677898862670855,1.0091346369301701,0.13424590676987599,40245910.366979964,69.226149179962732,40.839691404098865,true
0,373,50,93.25,0.097847559045500285,2.4796839686640053e-11,2.5638645261175817e-12,0.10339480992406185,2.7360704212757635e-11,45.314695655892308,4.6853043441076956,1.0091689118691243,0.13449410854532612,40320319.38732212,69.356494171908707,40.715862430379644,true
0,374,50,93.5,0.097847559045500285,2.4796839686640053e-11,2.5744329317087599e-12,0.10382100962227872,2.7371272618348814e-11,45.29719906047967,4.7028009395203334,1.0092031518521789,0.13474157550601704,40394508.115741439,69.486466506010487,40.592083394401406,true
0,375,50,93.75,0.097847559045500285,2.4796839686640053e-11,2.5849985172573144e-12,0.10424709559460717,2.7381838203897366e-11,45.279720634516458,4.7202793654835435,1.0092373562785082,0.13498830744373536,40468476.48981712,69.616065981612749,40.468354243069939,true
0,376,50,94,0.097847559045500285,2.4796839686640053e-11,2.595561081609727e-12,0.10467305972898447,2.7392400768249779e-11,45.262260683959084,4.7377393160409147,1.00927152454937,0.13523430415645171,40542224.448982276,69.745292401155666,40.344674922422108,true
0,377,50,94.25,0.097847559045500285,2.4796839686640053e-11,2.6061204236699962e-12,0.10509889391566749,2.740296011031005e-11,45.244819513696491,4.7551804863035096,1.009305656068112,0.13547956544827491,40615751.934510209,69.874145570155704,40.221045377629054,true
0,378,50,94.5,0.097847559045500285,2.4796839686640053e-11,2.616676342403471e-12,0.10552459004738712,2.7413516029043526e-11,45.227397427547771,4.7726025724522296,1.0093397502401744,0.13572409112940623,40689058.889500692,70.002625297186384,40.097465552999303,true
0,379,50,94.75,0.097847559045500285,2.4796839686640053e-11,2.6272286368406756e-12,0.10595014001950272,2.742406832348073e-11,45.209994728259886,4.7900052717401147,1.009373806473097,0.13596788101609319,40762145.258866116,70.130731393859193,39.973935391981975,true
0,380,50,95,0.097847559045500285,2.4796839686640053e-11,2.6377771060811338e-12,0.10637553573015618,2.7434616792721187e-11,45.192611717505429,4.8073882824945731,1.0094078241765208,0.13621093493058434,40835010.989317939,70.25846367480419,39.850454837169927,true
0,381,50,95.25,0.097847559045500285,2.4796839686640053e-11,2.6483215492971968e-12,0.10680076908042638,2.7445161235937251e-11,45.175248695880441,4.8247513041195598,1.0094418027621939,0.13645325270108286,40907656.029352769,70.385821957650876,39.727023830302969,true
0,382,50,95.5,0.097847559045500285,2.4796839686640053e-11,2.6588617657378653e-12,0.10722583197448329,2.7455701452377918e-11,45.157905962902319,4.8420940370976808,1.0094757416439757,0.13669483416170125,40980080.329238787,70.512806063008981,39.603642312270985,true
0,383,50,95.75,0.097847559045500285,2.4796839686640053e-11,2.6693975547326114e-12,0.10765071631974212,2.7466237241372665e-11,45.140583817007759,4.859416182992244,1.0095096402378398,0.13693567915241547,41052283.841001995,70.639415814449151,39.480310223117193,true
0,384,50,96,0.097847559045500285,2.4796839686640053e-11,2.6799287156952003e-12,0.10807541402701741,2.7476768402335254e-11,45.123282555550759,4.8767174444492403,1.0095434979618794,0.13717578751901918,41124266.518412486,70.765651038483739,39.357027502041255,true
0,385,50,96.25,0.097847559045500285,2.4796839686640053e-11,2.6904550481275068e-12,0.10849991701067697,2.748729473476756e-11,45.106002474800732,4.8939975251992687,1.0095773142363094,0.13741515911307828,41196028.31697084,70.891511564547585,39.233794087402593,true
0,386,50,96.5,0.097847559045500285,2.4796839686640053e-11,2.7009763516233351e-12,0.10892421718879591,2.7497816038263389e-11,45.0887438699406,4.9112561300594004,1.0096110884834713,0.13765379379188536,41267569.193894453,71.016997224978709,39.110609916723433,true
0,387,50,96.75,0.097847559045500285,2.4796839686640053e-11,2.7114924258722329e-12,0.10934830648331047,2.7508332112512287e-11,45.071507035065025,4.928492964934974,1.0096448201278361,0.13789169141841387,41338889.108103797,71.142107854999153,38.987474926692144,true
0,388,50,97,0.097847559045500285,2.4796839686640053e-11,2.722003070663305e-12,0.10977217682017178,2.7518842757303357e-11,45.054292263178652,4.9457077368213449,1.0096785085960083,0.13812885186127299,41409988.020208903,71.266843292695654,38.864389053166377,true
0,389,50,97.25,0.097847559045500285,2.4796839686640053e-11,2.7325080858890259e-12,0.11019582012949966,2.7529347772529079e-11,45.037099846194437,4.9629001538055597,1.0097121533167281,0.13836527499466192,41480865.892495632,71.391203379000444,38.741352231176315,true
0,390,50,97.5,0.097847559045500285,2.4796839686640053e-11,2.743007271549047e-12,0.11061922834573609,2.7539846958189101e-11,45.01993007493202,4.9800699250679772,1.0097457537208763,0.1386009606983245,41551522.688912101,71.515187957671998,38.61836439492788,true
0,391,50,97.75,0.097847559045500285,2.4796839686640053e-11,2.7535004277540088e-12,0.11104239340779903,2.7550340114394061e-11,45.002783239116162,4.9972167608838403,1.0097793092414749,0.13883590885750424,41621958.375055172,71.638796875275816,38.495425477805931,true
0,392,50,98,0.097847559045500285,2.4796839686640053e-11,2.763987354729342e-12,0.11146530725923565,2.7560827041369395e-11,44.985659627375227,5.0143403726247717,1.0098128193136928,0.13907011936289848,41692172.918156728,71.762029981165114,38.37253541237753,true
0,393,50,98.25,0.097847559045500285,2.4796839686640053e-11,2.7744678528190743e-12,0.11188796184837585,2.7571307539459126e-11,44.968559527239776,5.0314404727602229,1.0098462833748465,0.13930359211061358,41762166.287070252,71.884887127461738,38.249694130395127,true
0,394,50,98.5,0.097847559045500285,2.4796839686640053e-11,2.7849417224896286e-12,0.11231034912848548,2.7581781409129681e-11,44.951483225141139,5.0485167748588591,1.009879700864404,0.13953632700211949,41831938.452257171,72.007368169036795,38.126901562799837,true
0,395,50,98.75,0.097847559045500285,2.4796839686640053e-11,2.7954087643336249e-12,0.11273246105791959,2.7592248450973678e-11,44.934431006410101,5.0655689935899009,1.0099130712239868,0.13976832394420494,41901489.38577345,72.129472963491551,38.004157639724625,true
0,396,50,99,0.097847559045500285,2.4796839686640053e-11,2.8058687790736732e-12,0.1131542896002755,2.7602708465713725e-11,44.917403155275615,5.0825968447243852,1.009946393897373,0.13999958284893202,41970819.061255969,72.251201371138151,37.881462290497602,true
0,397,50,99.25,0.097847559045500285,2.4796839686640053e-11,2.8163215675661722e-12,0.11357582672454584,2.7613161254206226e-11,44.900399954863602,5.0996000451363948,1.0099796683304985,0.14023010363359165,42039927.453909174,72.372553254980474,37.758815443645197,true
0,398,50,99.5,0.097847559045500285,2.4796839686640053e-11,2.8267669308050961e-12,0.11399706440527141,2.762360661744515e-11,44.883421687195785,5.1165783128042133,1.0100128939714608,0.14045988622065816,42108814.540491439,72.49352848069492,37.636217026895444,true
0,399,50,99.75,0.097847559045500285,2.4796839686640053e-11,2.8372046699257841e-12,0.11441799462269389,2.7634044356565836e-11,44.866468633188568,5.1335313668114333,1.0100460702705203,0.14068893053774484,42177480.299301788,72.614126916611241,37.513666967181244,true
0,400,50,100,0.097847559045500285,2.4796839686640053e-11,2.8476345862087297e-12,0.11483860936290875,2.7644474272848784e-11,44.849541072651988,5.1504589273480121,1.0100791966801022,0.14091723651755908,42245924.710166395,72.73434843369337,37.391165190643548,true
0,401,50,100.25,0.097847559045500285,2.4796839686640053e-11,2.8580564810833617e-12,0.11525890061801765,2.7654896167723414e-11,44.832639284288732,5.1673607157112693,1.0101122726547991,0.14114480409785757,42314147.75442519,72.854192905520307,37.268711622634669,true
0,402,50,100.5,0.097847559045500285,2.4796839686640053e-11,2.8684701561318251e-12,0.11567886038628095,2.7665309842771878e-11,44.81576354569318,5.18423645430682,1.0101452976513725,0.1413716332214017,42382149.414918475,72.973660208266963,37.146306187721457,true
0,403,50,100.75,0.097847559045500285,2.4796839686640053e-11,2.8788754130927566e-12,0.11609848067226995,2.7675715099732811e-11,44.798914133350522,5.2010858666494766,1.0101782711287541,0.14159772383591313,42449929.675973587,73.092750220684962,37.023948809688662,true
0,404,50,101,0.097847559045500285,2.4796839686640053e-11,2.8892720538650634e-12,0.11651775348701933,2.7686111740505117e-11,44.782091322635921,5.2179086773640799,1.0102111925480481,0.14182307589402918,42517488.523391552,73.211462824083696,36.901639411542106,true
0,405,50,101.25,0.097847559045500285,2.4796839686640053e-11,2.8996598805116911e-12,0.11693667084817905,2.7696499567151744e-11,44.765295387813723,5.2347046121862801,1.010244061372533,0.1420476893532584,42584825.944433764,73.329797902311071,36.77937791551193,true
0,406,50,101.5,0.097847559045500285,2.4796839686640053e-11,2.9100386952633942e-12,0.1173552247801664,2.7706878381903448e-11,44.748526602036726,5.2514733979632755,1.0102768770676618,0.14227156417593653,42651941.927808754,73.447755341734535,36.657164243055902,true
0,407,50,101.75,0.097847559045500285,2.4796839686640053e-11,2.9204083005225014e-12,0.11777340731431787,2.7717247987162554e-11,44.731785237345512,5.2682147626544849,1.0103096391010642,0.14249470032918196,42718836.463658869,73.565335031222006,36.534998314862648,true
0,408,50,102,0.097847559045500285,2.4796839686640053e-11,2.9307684988666745e-12,0.11819121048904078,2.7727608185506729e-11,44.715071564667824,5.2849284353321764,1.0103423469425481,0.14271709778485173,42785509.543547057,73.682536862122802,36.412880050854916,true
0,409,50,102.25,0.097847559045500285,2.4796839686640053e-11,2.9411190930526718e-12,0.11860862634996494,2.7737958779692726e-11,44.698385853817946,5.3016141461820521,1.0103750000641001,0.14293875651949745,42851961.160443664,73.799360728248615,36.290809370192818,true
0,410,50,102.5,0.097847559045500285,2.4796839686640053e-11,2.9514598860201003e-12,0.11902564695009407,2.7748299572660154e-11,44.681728373496234,5.3182716265037646,1.0104075979398868,0.14315967651432132,42918191.308713265,73.915806525854592,36.168786191277128,true
0,411,50,102.75,0.097847559045500285,2.4796839686640053e-11,2.961790680895168e-12,0.11944226434995708,2.775863036753522e-11,44.665099391288599,5.3349006087114006,1.0104401400462553,0.1433798577551324,42984199.984101504,74.031874153620279,36.046810431752476,true
0,412,50,103,0.097847559045500285,2.4796839686640053e-11,2.9721112809944308e-12,0.11985847061775914,2.7768950967634484e-11,44.648499173666096,5.3515008263339015,1.0104726258617349,0.14359930023230238,43049987.1837219,74.147563512630668,35.9248820085107,true
0,413,50,103.25,0.097847559045500285,2.4796839686640053e-11,2.9824214898285403e-12,0.12027425782953292,2.7779261176468592e-11,44.631927985984547,5.3680720140154516,1.0105050548670376,0.14381800394072242,43115552.906042859,74.262874506357349,35.803000837694029,true
0,414,50,103.5,0.097847559045500285,2.4796839686640053e-11,2.9927211111059826e-12,0.12068961806928927,2.7789560797746036e-11,44.615386092484201,5.3846139075157984,1.0105374265450575,0.14403596887975931,43180897.150874548,74.377807040639482,35.681166834698374,true
0,415,50,103.75,0.097847559045500285,2.4796839686640053e-11,3.0030099487368141e-12,0.12110454342916789,2.7799849635376868e-11,44.598873756289464,5.4011262437105341,1.0105697403808733,0.14425319505321177,43246019.919355795,74.492361023664998,35.559379914176596,true
0,416,50,104,0.097847559045500285,2.4796839686640053e-11,3.0132878068363997e-12,0.12151902600958812,2.7810127493476451e-11,44.582391239408665,5.4176087605913361,1.0106019958617476,0.14446968246926739,43310921.213941179,74.60653636595174,35.437639990041745,true
0,417,50,104.25,0.097847559045500285,2.4796839686640053e-11,3.0235544897291336e-12,0.12193305791939901,2.7820394176369187e-11,44.565938802733861,5.4340611972661392,1.0106341924771272,0.14468543114045898,43375601.038387939,74.720332980328536,35.315946975470339,true
0,418,50,104.5,0.097847559045500285,2.4796839686640053e-11,3.033809801952174e-12,0.12234663127602985,2.7830649488592229e-11,44.549516706040706,5.4504832939592935,1.010666329718644,0.14490044108362168,43440059.397743128,74.833750781916493,35.194300782905628,true
0,419,50,104.75,0.097847559045500285,2.4796839686640053e-11,3.0440535482591578e-12,0.12275973820564003,2.7840893234899212e-11,44.533125207988363,5.4668747920116392,1.0106984070801144,0.14511471231984963,43504296.298330605,74.946789688110201,35.072701324060844,true
0,420,50,105,0.097847559045500285,2.4796839686640053e-11,3.0542855336239231e-12,0.12317237084326917,2.7851125220263976e-11,44.516764566119434,5.4832354338805676,1.0107304240575401,0.14532824487445303,43568311.747738175,75.059449618558915,34.951148509922419,true
0,421,50,105.25,0.097847559045500285,2.4796839686640053e-11,3.0645055632442163e-12,0.1235845213329866,2.786134524988427e-11,44.50043503685999,5.4995649631400081,1.0107623801491081,0.14554103877691507,43632105.754804686,75.171730495147884,34.829642250753331,true
0,422,50,105.5,0.097847559045500285,2.4796839686640053e-11,3.0747134425454062e-12,0.12399618182804112,2.787155312918546e-11,44.484136875519603,5.5158631244803971,1.0107942748551899,0.14575309406084949,43695678.329607271,75.28363224197966,34.708182456096274,true
0,423,50,105.75,0.097847559045500285,2.4796839686640053e-11,3.0849089771841844e-12,0.12440734449101028,2.7881748663824238e-11,44.467870336291419,5.5321296637085835,1.0108261076783418,0.14596441076395758,43759029.483448498,75.395154785355402,34.586769034776992,true
0,424,50,106,0.097847559045500285,2.4796839686640053e-11,3.0950919730522686e-12,0.12481800149394967,2.7891931659692323e-11,44.451635672252308,5.5483643277476951,1.0108578781233049,0.14617498892798567,43822159.228843607,75.506298053756254,34.465401894907444,true
0,425,50,106.25,0.097847559045500285,2.4796839686640053e-11,3.1052622362800953e-12,0.12522814501854188,2.7902101922920148e-11,44.435433135363034,5.5645668646369639,1.0108895856970039,0.14638482859868265,43885067.579507768,75.617061977824747,34.344080943889132,true
0,426,50,106.5,0.097847559045500285,2.4796839686640053e-11,3.1154195732405136e-12,0.12563776725624545,2.7912259259880567e-11,44.419262976468488,5.5807370235315092,1.0109212299085482,0.14659392982575767,43947754.550343402,75.727446490346239,34.222806088416313,true
0,427,50,106.75,0.097847559045500285,2.4796839686640053e-11,3.1255637905524681e-12,0.1260468604084434,2.7922403477192521e-11,44.403125445297931,5.5968745547020697,1.0109528102692293,0.14680229266283779,44010220.157427505,75.837451526230311,34.101577234479279,true
0,428,50,107,0.097847559045500285,2.4796839686640053e-11,3.135694695084685e-12,0.12645541668659183,2.7932534381724737e-11,44.3870207904653,5.6129792095347035,1.0109843262925222,0.14700991716742592,44072464.417999014,75.947077022492365,33.980394287367574,true
0,429,50,107.25,0.097847559045500285,2.4796839686640053e-11,3.1458120939593451e-12,0.1268634283123681,2.7942651780599398e-11,44.370949259469562,5.6290507405304391,1.0110157774940833,0.14721680340085874,44134487.350446202,76.056322918235068,33.859257151673226,true
0,430,50,107.5,0.097847559045500285,2.4796839686640053e-11,3.1559157945557567e-12,0.12727088751781901,2.7952755481195809e-11,44.354911098695112,5.6450889013048879,1.0110471633917506,0.14742295142826481,44196288.974294119,76.165189154629914,33.738165731294053,true
0,431,50,107.75,0.097847559045500285,2.4796839686640053e-11,3.1660056045140252e-12,0.1276777865455086,2.7962845291154079e-11,44.338906553412187,5.661093446587814,1.011078483505542,0.14762836131852275,44257869.310192056,76.273675674898911,33.617119929436853,true
0,432,50,108,0.097847559045500285,2.4796839686640053e-11,3.176081331738714e-12,0.12808411764866598,2.7972921018378768e-11,44.322935867777332,5.677064132222668,1.011109737357655,0.14783303314421964,44319228.379901074,76.381782424296119,33.496119648620656,true
0,433,50,108.25,0.097847559045500285,2.4796839686640053e-11,3.1861427844024994e-12,0.12848987309133258,2.7982982471042552e-11,44.306999284833928,5.6930007151660744,1.0111409244724658,0.14803696698160929,44380366.206281491,76.489509350089378,33.375164790679975,true
0,434,50,108.5,0.097847559045500285,2.4796839686640053e-11,3.1961897709498267e-12,0.12889504514850969,2.7993029457589881e-11,44.291097046512718,5.7089029534872813,1.0111720443765275,0.14824016291057107,44441282.813280538,76.596856401541956,33.254255256768012,true
0,435,50,108.75,0.097847559045500285,2.4796839686640053e-11,3.2062221001005542e-12,0.12929962610630541,2.8003061786740608e-11,44.275229393632422,5.7247706063675752,1.0112030965985699,0.14844262101456832,44501978.225919887,76.703823529894365,33.133390947359906,true
0,436,50,109,0.097847559045500285,2.4796839686640053e-11,3.2162395808535963e-12,0.12970360826208147,2.8013079267493649e-11,44.259396565900346,5.7406034340996515,1.0112340806694973,0.14864434138060736,44562452.470283397,76.810410688346096,33.012571762255995,true
0,437,50,109.25,0.097847559045500285,2.4796839686640053e-11,3.2262420224905591e-12,0.13010698392459993,2.8023081709130613e-11,44.243598801913052,5.7564011980869498,1.0112649961223881,0.14884532409919624,44622705.573504679,76.91661783203746,32.891797600584979,true
0,438,50,109.5,0.097847559045500285,2.4796839686640053e-11,3.2362292345793725e-12,0.13050974541416968,2.8033068921219425e-11,44.227836339157051,5.7721636608429492,1.0112958424924925,0.14904556926430401,44682737.563754953,77.022444918031439,32.771068360807185,true
0,439,50,109.75,0.097847559045500285,2.4796839686640053e-11,3.2462010269779135e-12,0.13091188506279247,2.8043040713617967e-11,44.212109414009575,5.7878905859904259,1.0113266193172319,0.14924507697331973,44742548.470230721,77.127891905295613,32.650383940717781,true
0,440,50,110,0.097847559045500285,2.4796839686640053e-11,3.2561572098376301e-12,0.1313133952143091,2.8052996896477682e-11,44.196418261739318,5.803581738260684,1.011357326136197,0.14944384732701188,44802138.32314162,77.232958754684077,32.529744237450004,true
0,441,50,110.25,0.097847559045500285,2.4796839686640053e-11,3.2660975936071518e-12,0.13171426822454507,2.8062937280247205e-11,44.180763116507272,5.8192368834927262,1.0113879624911462,0.14964188042948759,44861507.153698184,77.33764542891943,32.409149147478317,true
0,442,50,110.5,0.097847559045500285,2.4796839686640053e-11,3.2760219890358995e-12,0.13211449646145601,2.8072861675675953e-11,44.165144211367583,5.8348557886324173,1.0114185279260037,0.14983917638815258,44920654.994099826,77.441951892574806,32.288598566621729,true
0,443,50,110.75,0.097847559045500285,2.4796839686640053e-11,3.2859302071776922e-12,0.13251407230527337,2.8082769893817744e-11,44.149561778268406,5.8504382217315936,1.0114490219868586,0.15003573531367054,44979581.877522692,77.545878112055945,32.16809239004688,true
0,444,50,111,0.097847559045500285,2.4796839686640053e-11,3.2958220593943362e-12,0.13291298814864891,2.809266174603439e-11,44.134016048052871,5.8659839519471317,1.0114794442219621,0.15023155731992294,45038287.838107593,77.649424055583296,32.04763051227134,true
0,445,50,111.25,0.097847559045500285,2.4796839686640053e-11,3.3056973573592256e-12,0.13331123639680006,2.8102537043999277e-11,44.118507250459992,5.8814927495400093,1.0115097941817259,0.15042664252396931,45096772.910948083,77.75258969317413,31.927212827166766,true
0,446,50,111.5,0.097847559045500285,2.4796839686640053e-11,3.3155559130609215e-12,0.13370880946765423,2.8112395599700975e-11,44.103035614125702,5.8969643858743019,1.011540071418721,0.15062099104600693,45155037.132078409,77.855374996624889,31.806839227962097,true
0,447,50,111.75,0.097847559045500285,2.4796839686640053e-11,3.3253975388067347e-12,0.13410569979199324,2.8122237225446788e-11,44.08760136658384,5.9123986334161636,1.0115702754876745,0.15081460300933136,45213080.538461648,77.957779939493221,31.686509607246748,true
0,448,50,112,0.097847559045500285,2.4796839686640053e-11,3.3352220472262974e-12,0.13450189981359745,2.813206173386635e-11,44.072204734267231,5.927795265732767,1.0116004059454684,0.15100747854029661,45270903.167977773,78.059804497080421,31.566223856973835,true
0,449,50,112.25,0.097847559045500285,2.4796839686640053e-11,3.3450292512751299e-12,0.13489740198938949,2.8141868937915183e-11,44.056845942508787,5.9431540574912107,1.0116304623511376,0.15119961776827567,45328505.059411839,78.161448646413675,31.445981868463296,true
0,450,50,112.5,0.097847559045500285,2.4796839686640053e-11,3.3548189642382052e-12,0.13529219878957807,2.8151658650878259e-11,44.041525215542592,5.9584747844574046,1.0116604442658663,0.15139102082562128,45385886.252442196,78.262712366228541,31.325783532405151,true
0,451,50,112.75,0.097847559045500285,2.4796839686640053e-11,3.3645909997334997e-12,0.13568628269780125,2.8161430686373552e-11,44.0262427765051,5.9737572234949017,1.011690351252988,0.15158168784762643,45443046.787628658,78.363595636951274,31.2056287388626,true
0,452,50,113,0.097847559045500285,2.4796839686640053e-11,3.3743451717155442e-12,0.13607964621126944,2.8171184858355599e-11,44.010998847436284,5.9890011525637163,1.0117201828779809,0.15177161897248545,45499986.706400849,78.464098440681326,31.085517377275224,true
0,453,50,113.25,0.097847559045500285,2.4796839686640053e-11,3.3840812944789622e-12,0.13647228184090832,2.8180920981119016e-11,43.995793649280891,6.0042063507191061,1.0117499387084672,0.15196081434125508,45556706.051046513,78.564220761173871,30.965449336462203,true
0,454,50,113.5,0.097847559045500285,2.4796839686640053e-11,3.3937991826620135e-12,0.13686418211150156,2.8190638869302066e-11,43.980627401889677,6.0193725981103245,1.0117796183142094,0.15214927409781553,45613204.864699848,78.663962583822439,30.845424504625413,true
0,455,50,113.75,0.097847559045500285,2.4796839686640053e-11,3.4034986512501129e-12,0.13725533956183283,2.8200338337890166e-11,43.965500324020674,6.0344996759793279,1.0118092212671088,0.1523369983888318,45669483.191329926,78.763323895641406,30.725442769352593,true
0,456,50,114,0.097847559045500285,2.4796839686640053e-11,3.4131795155793619e-12,0.13764574674482821,2.8210019202219416e-11,43.950412633340513,6.0495873666594866,1.0118387471412025,0.15252398736371531,45725541.075729154,78.862304685248787,30.605504017620515,true
0,457,50,114.25,0.097847559045500285,2.4796839686640053e-11,3.4228415913400568e-12,0.13803539622769762,2.821968127798011e-11,43.935364546425781,6.0646354535742208,1.0118681955126607,0.1527102411745852,45781378.563501708,78.960904942848842,30.485608135798177,true
0,458,50,114.5,0.097847559045500285,2.4796839686640053e-11,3.4324846945802034e-12,0.13842428059207659,2.8229324381220257e-11,43.920356278764352,6.0796437212356498,1.0118975659597842,0.15289575997623042,45836995.701052137,79.05912466021492,30.36575500964987,true
0,459,50,114.75,0.097847559045500285,2.4796839686640053e-11,3.4421086417090166e-12,0.13881239243416743,2.8238948328349071e-11,43.905388044756812,6.0946119552431854,1.0119268580630014,0.15308054392607137,45892392.535573907,79.156963830672254,30.245944524338345,true
0,460,50,115,0.097847559045500285,2.4796839686640053e-11,3.4517132495004135e-12,0.13919972436488004,2.8248552936140465e-11,43.890460057717895,6.1095399422821073,1.0119560714048659,0.15326459318412203,45947569.115037993,79.254422449080806,30.126176564427997,true
0,461,50,115.25,0.097847559045500285,2.4796839686640053e-11,3.4612983350965097e-12,0.13958626900997287,2.8258138021736564e-11,43.875572529877886,6.1244274701221109,1.0119852055700531,0.15344790791295218,46002525.488181584,79.351500511818173,30.006451013887901,true
0,462,50,115.5,0.097847559045500285,2.4796839686640053e-11,3.4708637160110894e-12,0.13997201901019299,2.8267703402651142e-11,43.860725672384184,6.1392743276158184,1.0120142601453583,0.1536304882776495,46057261.704496726,79.448198016762632,29.886767756095061,true
0,463,50,115.75,0.097847559045500285,2.4796839686640053e-11,3.4804092101330906e-12,0.14035696702141653,2.8277248896773142e-11,43.845919695302719,6.1540803046972812,1.0120432347196924,0.15381233444578238,46111777.814219169,79.544514963276086,29.76712667383736,true
0,464,50,116,0.097847559045500285,2.4796839686640053e-11,3.489934635730063e-12,0.14074110571478818,2.8286774322370116e-11,43.831154807619569,6.1688451923804326,1.0120721288840799,0.15399344658736219,46166073.868317023,79.640451352187156,29.647527649316867,true
0,465,50,116.25,0.097847559045500285,2.4796839686640053e-11,3.4994398114516336e-12,0.14112442777686096,2.8296279498091687e-11,43.816431217242467,6.1835687827575301,1.0121009422316556,0.1541738248748063,46220149.918479726,79.736007185774312,29.527970564152824,true
0,466,50,116.5,0.097847559045500285,2.4796839686640053e-11,3.50892455633296e-12,0.14150692590973538,2.8305764242973013e-11,43.801749131002424,6.1982508689975759,1.0121296743576613,0.15435346948290085,46274006.017106839,79.831182467749059,29.408455299384759,true
0,467,50,116.75,0.097847559045500285,2.4796839686640053e-11,3.518388689798169e-12,0.14188859283119828,2.8315228376438223e-11,43.787108754655314,6.212891245344685,1.0121583248594428,0.15453238058876384,46327642.217296995,79.925977203239185,29.288981735475634,true
0,468,50,117,0.097847559045500285,2.4796839686640053e-11,3.5278320316638045e-12,0.14226942127486175,2.8324671718303857e-11,43.772510292883531,6.2274897071164697,1.0121868933364464,0.15471055837180836,46381058.572836906,80.020391398771977,29.169549752314872,true
0,469,50,117.25,0.097847559045500285,2.4796839686640053e-11,3.5372544021422482e-12,0.1426494039903011,2.8334094088782302e-11,43.757953949297651,6.2420460507023519,1.0122153793902167,0.15488800301370581,46434255.138190269,80.114425062257652,29.050159229221524,true
0,470,50,117.5,0.097847559045500285,2.4796839686640053e-11,3.5466556218451473e-12,0.14302853374319313,2.83434953084852e-11,43.743439926438107,6.2565600735618938,1.0122437826243913,0.15506471469834959,46487231.96848695,80.208078202972672,28.930810044947297,true
0,471,50,117.75,0.097847559045500285,2.4796839686640053e-11,3.5560355117868315e-12,0.14340680331545388,2.8352875198426883e-11,43.728968425776912,6.271031574223084,1.0122721026446997,0.15524069361181872,46539989.119512029,80.301350831543303,28.811502077679609,true
0,472,50,118,0.097847559045500285,2.4796839686640053e-11,3.5653938933877176e-12,0.14378420550537602,2.8362233580027772e-11,43.714539647719405,6.2854603522805945,1.0123003390589584,0.15541593994234143,46592526.647694916,80.394242959928988,28.692235205044721,true
0,473,50,118.25,0.097847559045500285,2.4796839686640053e-11,3.5747305884777077e-12,0.14416073312776578,2.8371570275117761e-11,43.70015379160597,6.2998462083940305,1.012328491477068,0.15559045388025941,46644844.610098608,80.48675460140602,28.573009304110791,true
0,474,50,118.5,0.097847559045500285,2.4796839686640053e-11,3.5840454192995878e-12,0.14453637901408001,2.8380885105939642e-11,43.685811055713856,6.3141889442861441,1.0123565595110098,0.15576423561799174,46696943.064408891,80.578885770551096,28.453824251390852,true
0,475,50,118.75,0.097847559045500285,2.4796839686640053e-11,3.5933382085124049e-12,0.14491113601256253,2.8390177895152458e-11,43.671511637258959,6.32848836274104,1.0123845427748412,0.15593728534999926,46748822.068923667,80.67063648322501,28.334679922845982,true
0,476,50,119,0.097847559045500285,2.4796839686640053e-11,3.6026087791948492e-12,0.14528499698838029,2.8399448465834903e-11,43.657255732397658,6.3427442676023427,1.0124124408846946,0.15610960327274875,46800481.68254219,80.762006756556389,28.215576193888261,true
0,477,50,119.25,0.097847559045500285,2.4796839686640053e-11,3.6118569548486171e-12,0.14565795482375923,2.8408696641488671e-11,43.643043536228646,6.3569564637713505,1.0124402534587709,0.15628118958467785,46851921.964754574,80.852996608925508,28.096512939383842,true
0,478,50,119.5,0.097847559045500285,2.4796839686640053e-11,3.6210825594017736e-12,0.1460300024181197,2.8417922246041826e-11,43.628875242794827,6.3711247572051715,1.0124679801173377,0.15645204448615932,46903142.975631051,80.943606059948053,27.977490033656025,true
0,479,50,119.75,0.097847559045500285,2.4796839686640053e-11,3.6302854172121095e-12,0.14640113268821192,2.8427125103852164e-11,43.614751045085157,6.3852489549148412,1.0124956204827249,0.15662216817946661,46954144.77581168,81.033835130459138,27.858507350488207,true
0,480,50,120,0.097847559045500285,2.4796839686640053e-11,3.6394653530704748e-12,0.14677133856825036,2.8436305039710528e-11,43.600671135036599,6.3993288649633984,1.0125231741793217,0.15679156086873791,47004927.426495552,81.123683842497215,27.739564763126957,true
0,481,50,120.25,0.097847559045500285,2.4796839686640053e-11,3.6486221922041268e-12,0.14714061301004891,2.8445461878844181e-11,43.586635703536025,6.4133642964639748,1.0125506408335712,0.1569602227599424,47055490.989430673,81.213152219288034,27.620662144284996,true
0,482,50,120.5,0.097847559045500285,2.4796839686640053e-11,3.6577557602800443e-12,0.14750894898315434,2.8454595446920097e-11,43.572644940422165,6.4273550595778319,1.0125780200739687,0.15712815406084465,47105835.526903301,81.302240285228834,27.501799366144255,true
0,483,50,120.75,0.097847559045500285,2.4796839686640053e-11,3.6668658834082576e-12,0.14787633947498066,2.8463705570048311e-11,43.558699034487603,6.4413009655123998,1.0126053115310563,0.15729535498097069,47155961.101727746,81.390948065872394,27.382976300358866,true
0,484,50,121,0.097847559045500285,2.4796839686640053e-11,3.6759523881451561e-12,0.14824277749094258,2.8472792074785208e-11,43.5447981734807,6.4552018265193025,1.0126325148374193,0.15746182573157361,47205867.777236097,81.479275587911332,27.264192818058067,true
0,485,50,121.25,0.097847559045500285,2.4796839686640053e-11,3.6850151014967853e-12,0.14860825605458844,2.848185478813684e-11,43.530942544107674,6.4690574558923286,1.0126596296276831,0.15762756652559903,47255555.617267855,81.567222879162202,27.14544878984935,true
0,486,50,121.5,0.097847559045500285,2.4796839686640053e-11,3.6940538509221487e-12,0.14897276820773322,2.8490893537562203e-11,43.517132332034564,6.4828676679654373,1.0126866555385083,0.15779257757765139,47305024.686159797,81.654789968550006,27.026744085821292,true
0,487,50,121.75,0.097847559045500285,2.4796839686640053e-11,3.703068464336485e-12,0.14933630701059095,2.8499908150976537e-11,43.503367721889305,6.4966322781106944,1.0127135922085868,0.15795685910395998,47354275.048735842,81.741976886092417,26.908078575546636,true
0,488,50,122,0.097847559045500285,2.4796839686640053e-11,3.7120587701145481e-12,0.14969886554190681,2.8508898456754601e-11,43.489648897263777,6.5103511027362257,1.0127404392786383,0.15812041132234511,47403306.770296872,81.828783662884291,26.789452128085234,true
0,489,50,122.25,0.097847559045500285,2.4796839686640053e-11,3.7210245970938783e-12,0.1500604368990891,2.8517864283733933e-11,43.47597604071585,6.5240239592841505,1.0127671963914062,0.15828323445218467,47452119.916610725,81.915210331082164,26.670864611986936,true
0,490,50,122.5,0.097847559045500285,2.4796839686640053e-11,3.7299657745780515e-12,0.15042101419834031,2.8526805461218104e-11,43.462349333771527,6.5376506662284735,1.0127938631916529,0.15844532871438069,47500714.553902164,82.001256923888789,26.552315895294669,true
0,491,50,122.75,0.097847559045500285,2.4796839686640053e-11,3.738882132339937e-12,0.15078059057478835,2.853572181897999e-11,43.448768956927012,6.5512310430729856,1.012820439326156,0.15860669433132596,47549090.748842873,82.086923475537773,26.433805845547322,true
0,492,50,123,0.097847559045500285,2.4796839686640053e-11,3.7477735006249365e-12,0.15113915918261744,2.8544613187264989e-11,43.435235089650845,6.564764910349151,1.0128469244437044,0.15876733152687122,47597248.568541616,82.172210021278261,26.315334329782633,true
0,493,50,123.25,0.097847559045500285,2.4796839686640053e-11,3.756639710154213e-12,0.15149671319519806,2.8553479396794268e-11,43.421747910386053,6.5782520896139465,1.0128733181950937,0.15892724052629192,47645188.080534272,82.257116597359698,26.196901214540258,true
0,494,50,123.5,0.097847559045500285,2.4796839686640053e-11,3.7654805921279198e-12,0.15185324580521731,2.8562320278767974e-11,43.40830759655227,6.5916924034477322,1.0128996202331226,0.15908642155625566,47692909.352774069,82.341643241016598,26.078506365864559,true
0,495,50,123.75,0.097847559045500285,2.4796839686640053e-11,3.7742959782284062e-12,0.15220875022480818,2.8571135664868461e-11,43.394914324547933,6.6050856754520657,1.0129258302125876,0.15924487484478944,47740412.453621797,82.425789990453424,25.960149649307624,true
0,496,50,124,0.097847559045500285,2.4796839686640053e-11,3.7830857006234273e-12,0.1525632196856789,2.8579925387263482e-11,43.381568269752478,6.6184317302475231,1.0129519477902802,0.15940260062124717,47787697.45183602,82.50955688482955,25.841830929932168,true
0,497,50,124.25,0.097847559045500285,2.4796839686640053e-11,3.7918495919693417e-12,0.15291664743924202,2.8588689278609395e-11,43.368269606528486,6.6317303934715124,1.0129779726249808,0.15955959911627776,47834764.416563541,82.59294396424427,25.72355007231436,true
0,498,50,124.5,0.097847559045500285,2.4796839686640053e-11,3.8005874854142877e-12,0.15326902675674248,2.8597427172054341e-11,43.355018508223957,6.6449814917760417,1.0130039043774564,0.15971587056179226,47881613.417329542,82.675951269721736,25.605306940546839,true
0,499,50,124.75,0.097847559045500285,2.4796839686640053e-11,3.8092992146013723e-12,0.15362035092938606,2.8606138901241426e-11,43.341815147174479,6.6581848528255225,1.013029742710454,0.15987141519093268,47928244.524028249,82.758578843196247,25.48710139824151,true
0,500,50,125,0.097847559045500285,2.4796839686640053e-11,3.817984613671827e-12,0.15397061326846687,2.8614824300311881e-11,43.328659694705493,6.6713403052945077,1.0130554872886985,0.16002623323803949,47974657.80691316,82.84082672749733,25.368933308532487,true
0,501,50,125.25,0.097847559045500285,2.4796839686640053e-11,3.8266435172681747e-12,0.15431980710549495,2.8623483203908229e-11,43.315552321134547,6.6844476788654568,1.0130811377788869,0.16018032493862044,48020853.33658772,82.922694966334987,25.250802534078989,true
0,502,50,125.5,0.097847559045500285,2.4796839686640053e-11,3.8352757605373736e-12,0.154667925792323,2.8632115447177427e-11,43.302493195773529,6.6975068042264709,1.0131066938496838,0.16033369052931887,48066831.183995828,83.004183604285075,25.132708937068113,true
0,503,50,125.75,0.097847559045500285,2.4796839686640053e-11,3.8438811791339517e-12,0.15501496270127291,2.8640720865774003e-11,43.289482486930986,6.7105175130690142,1.0131321551717176,0.16048633024788234,48112591.420412391,83.085292686774622,25.014652379217818,true
0,504,50,126,0.097847559045500285,2.4796839686640053e-11,3.8524596092231459e-12,0.15536091122526227,2.8649299295863197e-11,43.276520361914365,6.7234796380856334,1.0131575214175761,0.16063824433313145,48158134.117434047,83.16602226006728,24.896632721779678,true
0,505,50,126.25,0.097847559045500285,2.4796839686640053e-11,3.861010887484013e-12,0.15570576477792988,2.8657850574124066e-11,43.26360698703234,6.7363930129676621,1.0131827922618011,0.1607894330249291,48203459.346969865,83.246372371248867,24.778649825541837,true
0,506,50,126.5,0.097847559045500285,2.4796839686640053e-11,3.8695348511125401e-12,0.15604951679376117,2.8666374537752595e-11,43.250742527597097,6.7492574724029026,1.0132079673808845,0.16093989656414917,48248567.181232035,83.326343068212836,24.660703550831769,true
0,507,50,126.75,0.097847559045500285,2.4796839686640053e-11,3.8780313378247469e-12,0.15639216072821319,2.8674871024464801e-11,43.237927147926676,6.7620728520733211,1.0132330464532644,0.1610896351926461,48293457.692726679,83.405934399646071,24.54279375751911,true
0,508,50,127,0.097847559045500285,2.4796839686640053e-11,3.8865001858597745e-12,0.15673369005783944,2.8683339872499828e-11,43.225161011347289,6.7748389886527107,1.0132580291593192,0.1612386491532245,48338130.954244792,83.485146415014427,24.424920305018556,true
0,509,50,127.25,0.097847559045500285,2.4796839686640053e-11,3.8949412339829624e-12,0.15707409828041369,2.8691780920623015e-11,43.212444280195648,6.7875557198043523,1.0132829151813636,0.16138693868960846,48382587.038853019,83.563979164548599,24.307083052292644,true
0,510,50,127.5,0.097847559045500285,2.4796839686640053e-11,3.9033543214889244e-12,0.15741337891505419,2.8700194008128979e-11,43.199777115821334,6.8002228841786696,1.0133077042036447,0.16153450404641154,48426826.019884661,83.6424326992299,24.189281857854517,true
0,511,50,127.75,0.097847559045500285,2.4796839686640053e-11,3.9117392882045992e-12,0.15775152550234661,2.8708578974844653e-11,43.187159678589133,6.812840321410869,1.0133323959123364,0.16168134546910654,48470847.970930614,83.720507070776165,24.071516579770822,true
0,512,50,128,0.097847559045500285,2.4796839686640053e-11,3.9200959744923081e-12,0.15808853160446742,2.871693566113236e-11,43.174592127881425,6.8254078721185731,1.0133569899955348,0.16182746320399596,48514652.965830505,83.798202331627763,23.953787075664426,true
0,513,50,128.25,0.097847559045500285,2.4796839686640053e-11,3.9284242212527906e-12,0.15842439080530621,2.8725263907892844e-11,43.162074622100555,6.8379253778994471,1.0133814861432549,0.16197285749818188,48558241.078663677,83.875518534933519,23.836093202717262,true
0,514,50,128.5,0.097847559045500285,2.4796839686640053e-11,3.9367238699282314e-12,0.15875909671058785,2.8733563556568284e-11,43.149607318671187,6.8503926813288096,1.0134058840474236,0.16211752859953668,48601612.383740403,83.952455734536898,23.718434817673099,true
0,515,50,128.75,0.097847559045500285,2.4796839686640053e-11,3.9449947625052875e-12,0.15909264294799458,2.8741834449145341e-11,43.137190374042746,6.8628096259572509,1.0134301834018775,0.16226147675667349,48644766.955593012,84.029013984962162,23.600811776840253,true
0,516,50,129,0.097847559045500285,2.4796839686640053e-11,3.9532367415180811e-12,0.15942502316728654,2.8750076428158136e-11,43.124823943691787,6.8751760563082156,1.0134543839023566,0.16240470221891684,48687704.868967131,84.105193341400522,23.483223936094493,true
0,517,50,129.25,0.097847559045500285,2.4796839686640053e-11,3.9614496500512158e-12,0.15975623104042369,2.8758289336691267e-11,43.11250818212438,6.8874918178756195,1.0134784852464997,0.16254720523627408,48730426.198813081,84.1809938596965,23.365671150881646,true
0,518,50,129.5,0.097847559045500285,2.4796839686640053e-11,3.9696333317427517e-12,0.16008626026168551,2.8766473018382804e-11,43.100243242878584,6.8997567571214145,1.0135024871338405,0.16268898605940582,48772931.020277008,84.256415596334222,23.248153276220446,true
0,519,50,129.75,0.097847559045500285,2.4796839686640053e-11,3.9777876307871846e-12,0.16041510454779129,2.8774627317427238e-11,43.088029278526825,6.9119707214731738,1.0135263892658024,0.16283004493959746,48815219.408692382,84.331458608423972,23.130670166705276,true
0,520,50,130,0.097847559045500285,2.4796839686640053e-11,3.9859123919384154e-12,0.1607427576380199,2.878275207857847e-11,43.075866440678325,6.9241335593216711,1.0135501913456932,0.16297038212873077,48857291.43957147,84.406122953688509,23.013221676508838,true
0,521,50,130.25,0.097847559045500285,2.4796839686640053e-11,3.9940074605127042e-12,0.1610692132943288,2.8790847147152758e-11,43.063754879981559,6.9362451200184418,1.0135738930787013,0.16310999787925529,48899147.188596733,84.480408690449735,22.895807659384971,true
0,522,50,130.5,0.097847559045500285,2.4796839686640053e-11,4.0020726823916117e-12,0.16139446530147281,2.8798912369031666e-11,43.051694746126664,6.9483052538733387,1.0135974941718906,0.16324889244415985,48940786.73161231,84.554315877615309,22.778427968671295,true
0,523,50,130.75,0.097847559045500285,2.4796839686640053e-11,4.0101079040249431e-12,0.16171850746712266,2.8806947590664996e-11,43.039686187847906,6.9603138121520969,1.0136209943341952,0.16338706607694489,48982210.144615725,84.627844574665332,22.661082457291961,true
0,524,50,131,0.097847559045500285,2.4796839686640053e-11,4.0181129724336574e-12,0.16204133362198253,2.8814952659073709e-11,43.02772935292613,6.9722706470738727,1.0136443932764154,0.1635245190315941,49023417.503749371,84.700994841639059,22.543770977760396,true
0,525,50,131.25,0.097847559045500285,2.4796839686640053e-11,4.0260877352127925e-12,0.16236293761990778,2.8822927421852846e-11,43.015824388191206,6.9841756118087961,1.0136676907112121,0.16366125156254704,49064408.885292321,84.773766739121839,22.426493382181889,true
0,526,50,131.5,0.097847559045500285,2.4796839686640053e-11,4.0340320405343605e-12,0.16268331333802191,2.8830871727174413e-11,43.003971439524491,6.9960285604755077,1.0136908863531027,0.16379726392467123,49105184.365651913,84.846160328231875,22.309249522256415,true
0,527,50,131.75,0.097847559045500285,2.4796839686640053e-11,4.0419457371502388e-12,0.163002454676833,2.8838785423790294e-11,42.992170651861308,7.0078293481386913,1.0137139799184558,0.16393255637323459,49145744.021355562,84.918175670607312,22.192039249281251,true
0,528,50,132,0.097847559045500285,2.4796839686640053e-11,4.0498286743950527e-12,0.16332035556035004,2.8846668361035107e-11,42.980422169193382,7.0195778308066155,1.0137369711254867,0.16406712916387858,49186087.929042645,84.989812828393141,22.074862414153614,true
0,529,50,132.25,0.097847559045500285,2.4796839686640053e-11,4.0576807021890379e-12,0.16363700993619842,2.8854520388829092e-11,42.968726134571355,7.0312738654286422,1.0137598596942523,0.16420098255259058,49226216.165456243,85.061071864228396,21.957718867373412,true
0,530,50,132.5,0.097847559045500285,2.4796839686640053e-11,4.0655016710409074e-12,0.16395241177573538,2.886234135768096e-11,42.957082690107228,7.0429173098927755,1.0137826453466461,0.1643341167956773,49266128.807435185,85.131952841233314,21.840608459045846,true
0,531,50,132.75,0.097847559045500285,2.4796839686640053e-11,4.0732914320506843e-12,0.16426655507416443,2.8870131118690738e-11,42.945491976976847,7.0545080230231534,1.0138053278063943,0.16446653214973753,49305825.931905836,85.202455822996484,21.723531038884079,true
0,532,50,133,0.097847559045500285,2.4796839686640053e-11,4.0810498369125476e-12,0.16457943385064994,2.8877889523552599e-11,42.933954135422411,7.0660458645775917,1.0138279067990494,0.164598228871636,49345307.61587432,85.272580873562248,21.606486456211918,true
0,533,50,133.25,0.097847559045500285,2.4796839686640053e-11,4.0887767379176551e-12,0.16489104214843114,2.8885616424557709e-11,42.922469304754912,7.0775306952450849,1.0138503820519866,0.16472920721847656,49384573.936418429,85.34232805741803,21.489474559966339,true
0,534,50,133.5,0.097847559045500285,2.4796839686640053e-11,4.0964719879569472e-12,0.16520137403493512,2.8893311674597001e-11,42.911037623356677,7.0889623766433205,1.0138727532943987,0.16485946744757571,49423624.970679708,85.411697439481742,21.372495198700275,true
0,535,50,133.75,0.097847559045500285,2.4796839686640053e-11,4.1041354405239572e-12,0.16551042360189019,2.8900975127164009e-11,42.899659228683802,7.1003407713161941,1.0138950202572907,0.16498900981643688,49462460.795855738,85.480689085089352,21.255548220585084,true
0,536,50,134,0.097847559045500285,2.4796839686640053e-11,4.1117669497175944e-12,0.16581818496543801,2.8908606636357648e-11,42.888334257268689,7.1116657427313106,1.0139171826734752,0.16511783458272405,49501081.489192247,85.549303059982392,21.138633473413286,true
0,537,50,134.25,0.097847559045500285,2.4796839686640053e-11,4.1193663702449235e-12,0.16612465226624584,2.8916206056884977e-11,42.877062844722502,7.122937155277496,1.013939240277568,0.16524594200423601,49539487.12797536,85.617539430295679,21.021750804601083,true
0,538,50,134.5,0.097847559045500285,2.4796839686640053e-11,4.1269335574239332e-12,0.16642981966961809,2.8923773244063985e-11,42.8658451257377,7.1341548742623031,1.0139611928059824,0.1653733323388806,49577677.789523907,85.685398262544979,20.90490006119099,true
0,539,50,134.75,0.097847559045500285,2.4796839686640053e-11,4.1344683671862869e-12,0.16673368136560723,2.8931308053826338e-11,42.854681234090485,7.1453187659095123,1.013983039996925,0.16550000584464944,49615653.551181823,85.752879623614774,20.788081089854433,true
0,540,50,135,0.097847559045500285,2.4796839686640053e-11,4.1419706560800674e-12,0.16703623156912462,2.8938810342720121e-11,42.843571302643362,7.1564286973566382,1.0140047815903903,0.1656259627795921,49653414.490310431,85.819983580746111,20.671293736894341,true
0,541,50,135.25,0.097847559045500285,2.4796839686640053e-11,4.1494402812725097e-12,0.16733746452005049,2.8946279967912564e-11,42.832515463347562,7.1674845366524362,1.0140264173281561,0.16575120340179142,49690960.684281014,85.886710201524622,20.554537848247644,true
0,542,50,135.5,0.097847559045500285,2.4796839686640053e-11,4.1568771005527161e-12,0.16763737448334365,2.895371678719277e-11,42.821513847245605,7.1784861527543962,1.0140479469537789,0.165875727969338,49728292.21046719,85.953059553868357,20.437813269487968,true
0,543,50,135.75,0.097847559045500285,2.4796839686640053e-11,4.1642809723343687e-12,0.16793595574915074,2.896112065897442e-11,42.810566584473747,7.1894334155262545,1.014069370212588,0.16599953674030557,49765409.146237515,86.019031706015909,20.321119845828065,true
0,544,50,136,0.097847559045500285,2.4796839686640053e-11,4.1716517556584208e-12,0.16823320263291486,2.8968491442298475e-11,42.799673804264515,7.2003261957354887,1.0140906868516819,0.16612262997272623,49802311.568948068,86.0846267265146,20.204457422122452,true
0,545,50,136.25,0.097847559045500285,2.4796839686640053e-11,4.1789893101957807e-12,0.16852910947548372,2.8975828996835833e-11,42.788835634949173,7.2111643650508279,1.0141118966199223,0.16624500792456579,49838999.555935055,86.149844684208517,20.087825842869947,true
0,546,50,136.5,0.097847559045500285,2.4796839686640053e-11,4.1862934962499904e-12,0.16882367064321771,2.8983133182890043e-11,42.778052203960243,7.2219477960397578,1.0141329992679304,0.16636667085369933,49875473.184507482,86.214685648226975,19.971224952216122,true
0,547,50,136.75,0.097847559045500285,2.4796839686640053e-11,4.1935641747598734e-12,0.16911688052809673,2.8990403861399926e-11,42.767323637833982,7.2326763621660177,1.0141539945480806,0.1664876190178872,49911732.531939946,86.279149687972691,19.854654593955964,true
0,548,50,137,0.097847559045500285,2.4796839686640053e-11,4.2008012073021924e-12,0.16940873354782723,2.8997640893942245e-11,42.756650062212884,7.243349937787114,1.0141748822144969,0.16660785267475053,49947777.675465338,86.343236873110229,19.738114611536265,true
0,549,50,137.25,0.097847559045500285,2.4796839686640053e-11,4.2080044560942806e-12,0.16969922414594846,2.9004844142734333e-11,42.746031601848173,7.2539683981518293,1.014195662023047,0.16672737208174782,49983608.692267753,86.406947273554508,19.621604848058222,true
0,550,50,137.5,0.097847559045500285,2.4796839686640053e-11,4.2151737839966622e-12,0.16998834679193806,2.9012013470636714e-11,42.735468380602278,7.2645316193977232,1.0142163337313383,0.16684617749615041,50019225.659475215,86.470280959459288,19.505125146279923,true
0,551,50,137.75,0.097847559045500285,2.4796839686640053e-11,4.2223090545156705e-12,0.17027609598131774,2.9019148741155722e-11,42.724960521451337,7.2750394785486598,1.0142368970987128,0.16696426917501975,50054628.654152803,86.533238001205802,19.388675348618811,true
0,552,50,138,0.097847559045500285,2.4796839686640053e-11,4.229410131806038e-12,0.1705624662357576,2.9026249818446091e-11,42.714508146487702,7.2854918535123012,1.0142573518862412,0.16708164737518322,50089817.753295422,86.595818469391446,19.272255297154224,true
0,553,50,138.25,0.097847559045500285,2.4796839686640053e-11,4.2364768806734904e-12,0.17084745210318084,2.9033316567313542e-11,42.704111376922356,7.2958886230776434,1.0142776978567196,0.16719831235321123,50124793.033820957,86.658022434818491,19.15586483362981,true
0,554,50,138.5,0.097847559045500285,2.4796839686640053e-11,4.2435091665773161e-12,0.17113104815786739,2.9040348853217368e-11,42.693770333087478,7.3062296669125235,1.0142979347746641,0.16731426436539384,50159554.572563231,86.719849968482905,19.039503799456099,true
0,555,50,138.75,0.097847559045500285,2.4796839686640053e-11,4.2505068556329271e-12,0.17141324900055707,2.904734654227298e-11,42.683485134438854,7.3165148655611443,1.0143180624063055,0.16742950366771794,50194102.446265176,86.781301141563276,18.923172035712874,true
0,556,50,139,0.097847559045500285,2.4796839686640053e-11,4.2574698146144113e-12,0.17169404925855269,2.9054309501254464e-11,42.673255899558399,7.3267441004416032,1.0143380805195845,0.16754403051584443,50228436.73157201,86.842376025409749,18.80686938315166,true
0,557,50,139.25,0.097847559045500285,2.4796839686640053e-11,4.2643979109570669e-12,0.17197344358582206,2.9061237597597119e-11,42.663082746156583,7.336917253843418,1.0143579888841479,0.16765784516508536,50262557.505024359,86.903074691532964,18.690595682198225,true
0,558,50,139.5,0.097847559045500285,2.4796839686640053e-11,4.2712910127599248e-12,0.17225142666309992,2.9068130699399977e-11,42.652965791074948,7.3470342089250558,1.0143777872713422,0.16777094787038158,50296464.84305156,86.963397211593289,18.574350772954958,true
0,559,50,139.75,0.097847559045500285,2.4796839686640053e-11,4.2781489887882653e-12,0.17252799319798925,2.9074988675428319e-11,42.64290515028852,7.357094849711479,1.0143974754542098,0.16788333888628046,50330158.821965002,87.023343657389916,18.458134495203307,true
0,560,50,140,0.097847559045500285,2.4796839686640053e-11,4.2849717084761087e-12,0.17280313792506186,2.9081811395116161e-11,42.632900938908328,7.3670990610916745,1.0144170532074843,0.16799501846691331,50363639.517951332,87.082914100850061,18.341946688406285,true
0,561,50,140.25,0.097847559045500285,2.4796839686640053e-11,4.2917590419287074e-12,0.17307685560595873,2.9088598728568759e-11,42.622953271183796,7.3770467288162047,1.0144365203075851,0.16810598686597378,50396907.007065997,87.142108614018269,18.225787191710783,true
0,562,50,140.5,0.097847559045500285,2.4796839686640053e-11,4.2985108599250151e-12,0.17334914102948976,2.9095350546565069e-11,42.613062260505245,7.3869377394947513,1.014455876532613,0.16821624433669571,50429961.365226589,87.200927269045891,18.109655843950065,true
0,563,50,140.75,0.097847559045500285,2.4796839686640053e-11,4.3052270339201511e-12,0.17361998901173301,2.9102066720560203e-11,42.603228019406316,7.3967719805936811,1.0144751216623449,0.16832579113183158,50462802.668206394,87.259370138180344,17.993552483646162,true
0,564,50,141,0.097847559045500285,2.4796839686640053e-11,4.3119074360478429e-12,0.17388939439613332,2.9108747122687898e-11,42.593450659566415,7.4065493404335871,1.0144942554782297,0.16843462750363067,50495430.991627842,87.317437293754764,17.877476949012213,true
0,565,50,141.25,0.097847559045500285,2.4796839686640053e-11,4.3185519391228637e-12,0.17415735205360047,2.9115391625762916e-11,42.583730291813126,7.4162697081868707,1.0145132777633834,0.16854275370381791,50527846.410956174,87.37512880817755,17.761429077954922,true
0,566,50,141.5,0.097847559045500285,2.4796839686640053e-11,4.3251604166434539e-12,0.174423856882607,2.9122000103283506e-11,42.574067026124709,7.4259329738752937,1.0145321883025837,0.16865016998357241,50560049.001492992,87.432444753921985,17.645408708076907,true
0,567,50,141.75,0.097847559045500285,2.4796839686640053e-11,4.3317327427937258e-12,0.17468890380928503,2.9128572429433778e-11,42.564460971632435,7.4355390283675655,1.0145509868822664,0.16875687659350644,50592038.838369966,87.48938520351588,17.529415676679097,true
0,568,50,142,0.097847559045500285,2.4796839686640053e-11,4.3382687924460634e-12,0.17495248778752315,2.9135108479086114e-11,42.554912236623082,7.4450877633769199,1.0145696732905192,0.16886287378364453,50623815.996542558,87.54595022953157,17.413449820763091,true
0,569,50,142.25,0.097847559045500285,2.4796839686640053e-11,4.3447684411635044e-12,0.17521460379906242,2.914160812780356e-11,42.545420928541297,7.4545790714587019,1.0145882473170782,0.16896816180340257,50655380.550783768,87.602139904575566,17.29751097703349,true
0,570,50,142.5,0.097847559045500285,2.4796839686640053e-11,4.3512315652021045e-12,0.17547524685359178,2.9148071251842158e-11,42.535987153992039,7.4640128460079618,1.0146067087533228,0.16907274090156718,50686732.575677961,87.657954301278565,17.181598981900308,true
0,571,50,142.75,0.097847559045500285,2.4796839686640053e-11,4.3576580415132993e-12,0.17573441198884315,2.915449772815335e-11,42.526611018742948,7.4733889812570506,1.0146250573922708,0.16917661132627529,50717872.145614706,87.713393492285419,17.065713671481273,true
0,572,50,143,0.097847559045500285,2.4796839686640053e-11,4.3640477477462435e-12,0.17599209427068599,2.9160887434386293e-11,42.517292627726768,7.4827073722732322,1.014643293028574,0.16927977332499372,50748799.334782697,87.768457550245273,16.949854881604175,true
0,573,50,143.25,0.097847559045500285,2.4796839686640053e-11,4.3704005622501413e-12,0.17624828879322108,2.9167240248890191e-11,42.508032085043709,7.491967914956291,1.0146614154585136,0.16938222714449891,50779514.217163652,87.823146547801542,16.83402244780924,true
0,574,50,143.5,0.097847559045500285,2.4796839686640053e-11,4.3767163640765597e-12,0.1765029906788739,2.9173556050716614e-11,42.498829493963846,7.5011705060361518,1.0146794244799948,0.16948397303085713,50810016.866526373,87.877460557582268,16.718216205351361,true
0,575,50,143.75,0.097847559045500285,2.4796839686640053e-11,4.3829950329817393e-12,0.17675619507848786,2.9179834719621792e-11,42.48968495692948,7.5103150430705199,1.0146973198925431,0.16958501122940448,50840307.35642077,87.93139965219035,16.602435989202519,true
0,576,50,144,0.097847559045500285,2.4796839686640053e-11,4.3892364494288721e-12,0.1770078971714161,2.9186076136068924e-11,42.480598575557508,7.5194014244424894,1.014715101497299,0.16968534198472704,50870385.76017192,87.984963904193762,16.486681634054033,true
0,577,50,144.25,0.097847559045500285,2.4796839686640053e-11,4.395440494590387e-12,0.17725809216561358,2.9192280181230441e-11,42.471570450641792,7.5284295493582114,1.0147327690970143,0.16978496554064146,50900252.150874205,88.038153386116178,16.370952974318861,true
0,578,50,144.5,0.097847559045500285,2.4796839686640053e-11,4.401607050350207e-12,0.17750677529772829,2.9198446736990262e-11,42.462600682155468,7.5373993178445335,1.0147503224960461,0.16988388214017547,50929906.601385504,88.09096817042726,16.255249844133925,true
0,579,50,144.75,0.097847559045500285,2.4796839686640053e-11,4.4077359993059988e-12,0.17775394183319182,2.9204575685946054e-11,42.453689369253347,7.5463106307466532,1.0147677615003534,0.16998209202554862,50959349.184321418,88.143408329533315,16.139572077362374,true
0,580,50,145,0.097847559045500285,2.4796839686640053e-11,4.413827224771409e-12,0.17799958706630967,2.9210666911411463e-11,42.444836610274209,7.5551633897257915,1.0147850859174918,0.17007959543815321,50988579.972049534,88.195473935767865,16.023919507595885,true
0,581,50,145.25,0.097847559045500285,2.4796839686640053e-11,4.4198806107782844e-12,0.17824370632035061,2.9216720297418338e-11,42.436042502743135,7.5639574972568635,1.0148022955566098,0.17017639261853512,51017599.036683701,88.247165061382347,15.908291968156934,true
0,582,50,145.5,0.097847559045500285,2.4796839686640053e-11,4.4258960420788834e-12,0.17848629494763604,2.9222735728718938e-11,42.427307143373831,7.5726928566261673,1.0148193902284433,0.17027248380637541,51046406.45007848,88.298481778536882,15.792689292101029,true
0,583,50,145.75,0.097847559045500285,2.4796839686640053e-11,4.4318734041480629e-12,0.17872734832962811,2.9228713090788118e-11,42.418630628070936,7.5813693719290649,1.0148363697453116,0.17036786924047106,51075002.283823416,88.349424159291047,15.677111312219022,true
0,584,50,146,0.097847559045500285,2.4796839686640053e-11,4.4378125831854671e-12,0.17896686187701794,2.9234652269825523e-11,42.410013051932303,7.589986948067696,1.0148532339211127,0.17046254915871709,51103386.609237626,88.39999227559484,15.561557861039317,true
0,585,50,146.25,0.097847559045500285,2.4796839686640053e-11,4.4437134661176872e-12,0.1792048310298128,2.9240553152757741e-11,42.401454509251323,7.5985454907486769,1.014869982571319,0.17055652379808775,51131559.497364223,88.450186199279599,15.446028770830145,true
0,586,50,146.5,0.097847559045500285,2.4796839686640053e-11,4.4495759406004169e-12,0.17944125125742305,2.9246415627240468e-11,42.392955093519177,7.6070449064808265,1.014886615512973,0.17064979339461844,51159521.018964827,88.500006002049005,15.330523873601814,true
0,587,50,146.75,0.097847559045500285,2.4796839686640053e-11,4.4553998950205946e-12,0.17967611805874834,2.9252239581660646e-11,42.38451489742711,7.615485102572892,1.0149031325646827,0.17074235818338759,51187271.244514182,88.549451755470315,15.215043001108869,true
0,588,50,147,0.097847559045500285,2.4796839686640053e-11,4.4611852184985235e-12,0.17990942696226342,2.925802490513858e-11,42.376134012868711,7.623865987131289,1.0149195335466161,0.17083421839849905,51214810.24419485,88.598523530965281,15.099585984852425,true
0,589,50,147.25,0.097847559045500285,2.4796839686640053e-11,4.4669318008899822e-12,0.18014117352610295,2.9263771487530033e-11,42.367812530942153,7.6321874690578495,1.0149358182804993,0.17092537427306384,51242138.087891772,88.647221399801694,14.984152656082275,true
0,590,50,147.5,0.097847559045500285,2.4796839686640053e-11,4.4726395327883259e-12,0.18037135333814647,2.9269479219428381e-11,42.35955054195243,7.6404494580475735,1.0149519865896095,0.17101582603918283,51269254.845187023,88.695545433084462,14.868742845799188,true
0,591,50,147.75,0.097847559045500285,2.4796839686640053e-11,4.4783083055265669e-12,0.18059996201610212,2.9275147992166618e-11,42.351348135413588,7.6486518645864123,1.0149680382987718,0.1711055739279293,51296160.585354641,88.743495701747051,14.75335638475708,true
0,592,50,148,0.097847559045500285,2.4796839686640053e-11,4.4839380111794442e-12,0.18082699520759024,2.9280777697819495e-11,42.343205400050977,7.656794599949027,1.0149839732343555,0.17119461816933146,51322855.377355337,88.791072276542991,14.637993103465183,true
0,593,50,148.25,0.097847559045500285,2.4796839686640053e-11,4.4895285425654781e-12,0.18105244859022618,2.9286368229205531e-11,42.335122423803405,7.6648775761965968,1.0149997912242685,0.17128295899235538,51349339.289831422,88.838275228037261,14.522652832190282,true
0,594,50,148.5,0.097847559045500285,2.4796839686640053e-11,4.4950797932490064e-12,0.18127631787170234,2.9291919479889058e-11,42.327099293825398,7.6729007061746017,1.0150154920979535,0.17137059662488788,51375612.391101643,88.88510462659805,14.4073354009589,true
0,595,50,148.75,0.097847559045500285,2.4796839686640053e-11,4.5005916575422212e-12,0.18149859878987051,2.9297431344182274e-11,42.319136096489352,7.6808639035106481,1.0150310756863843,0.17145753129371979,51401674.749156177,88.931560542388212,14.29204063955941,true
0,596,50,149,0.097847559045500285,2.4796839686640053e-11,4.50606403050717e-12,0.18171928711282229,2.9302903717147225e-11,42.311232917387727,7.6887670826122765,1.01504654182206,0.17154376322452916,51427526.4316516,88.977643045357155,14.176768377544297,true
0,597,50,149.25,0.097847559045500285,2.4796839686640053e-11,4.5114968079577607e-12,0.18193837863897019,2.9308336494597812e-11,42.303389841335189,7.6966101586648081,1.015061890339003,0.17162929264186466,51453167.505905919,89.02335220523247,14.061518444232236,true
0,598,50,149.5,0.097847559045500285,2.4796839686640053e-11,4.5168898864617406e-12,0.18215586919712731,2.9313729573101794e-11,42.295606952370832,7.7043930476291687,1.0150771210727527,0.17171411976912898,51478598.038893573,89.068688091511959,13.946290668710317,true
0,599,50,149.75,0.097847559045500285,2.4796839686640053e-11,4.522243163342669e-12,0.18237175464658692,2.931908284998272e-11,42.287884333760232,7.7121156662397681,1.0150922338603625,0.17179824482856285,51503818.097240642,89.11365077345539,13.83108487983618,true
0,600,50,150,0.097847559045500285,2.4796839686640053e-11,4.5275565366818729e-12,0.18258603087720135,2.9324396223321924e-11,42.280222067997649,7.7197779320023496,1.015107228540395,0.17188166804122887,51528827.747220047,89.158240320076629,13.715900906240103,true
0,601,50,150.25,0.097847559045500285,2.4796839686640053e-11,4.5328299053203802e-12,0.18279869380945996,2.9329669591960432e-11,42.27262023680813,7.7273797631918706,1.0151221049529184,0.17196438962699509,51553627.054746561,89.202456800135579,13.600738576327247,true
0,602,50,150.5,0.097847559045500285,2.4796839686640053e-11,4.5380631688608549e-12,0.18300973939456711,2.9334902855500908e-11,42.265078921149602,7.734921078850399,1.0151368629395019,0.17204640980451977,51578216.085372284,89.246300282130463,13.485597718279664,true
0,603,50,150.75,0.097847559045500285,2.4796839686640053e-11,4.5432562276695021e-12,0.18321916361451901,2.9340095914309558e-11,42.257598201214989,7.7424017987850124,1.0151515023432121,0.17212772879123511,51602594.904281743,89.28977083428984,13.37047816005853,true
0,604,50,151,0.097847559045500285,2.4796839686640053e-11,4.5484089828779686e-12,0.18342696248218046,2.9345248669518021e-11,42.250178156434288,7.7498218435657131,1.0151660230086081,0.17220834680333211,51626763.576287374,89.332868524565043,13.255379729406217,true
0,605,50,151.25,0.097847559045500285,2.4796839686640053e-11,4.553521336385222e-12,0.18363313204136053,2.9350361023025273e-11,42.24281886547665,7.7571811345233508,1.0151804247817382,0.17228826405574496,51650722.165824831,89.375593420622337,13.140302253848366,true
0,606,50,151.5,0.097847559045500285,2.4796839686640053e-11,4.5585931908594205e-12,0.18383766836688797,2.9355432877499472e-11,42.235520406252434,7.7644795937475655,1.015194707510136,0.17236748076213571,51674470.736948378,89.417945589835568,13.02524556069609,true
0,607,50,151.75,0.097847559045500285,2.4796839686640053e-11,4.5636244497397677e-12,0.18404056756468606,2.9360464136379819e-11,42.228282855915253,7.7717171440847466,1.0152088710428151,0.17244599713487932,51698009.353326432,89.459925099278323,12.910209477047969,true
0,608,50,152,0.097847559045500285,2.4796839686640053e-11,4.5686150172383449e-12,0.18424182577184647,2.9365454703878399e-11,42.221106290864022,7.7788937091359802,1.015222915230267,0.17252381338504852,51721338.078236997,89.501532015716734,12.795193829792224,true
0,609,50,152.25,0.097847559045500285,2.4796839686640053e-11,4.5735647983419404e-12,0.18444143915670302,2.9370404484981995e-11,42.213990786744958,7.786009213255042,1.0152368399244556,0.17260092972239902,51744456.974563256,89.542766405601924,12.680198445608783,true
0,610,50,152.5,0.097847559045500285,2.4796839686640053e-11,4.578473698813859e-12,0.18463940391890471,2.9375313385453915e-11,42.206936418453616,7.7930635815463853,1.0152506449788139,0.17267734635535492,51767366.10478919,89.583628335062784,12.565223150971304,true
0,611,50,152.75,0.097847559045500285,2.4796839686640053e-11,4.5833416251957109e-12,0.18483571628948775,2.9380181311835763e-11,42.199943260136862,7.8000567398631375,1.0152643302482403,0.17275306349099392,51790065.530995131,89.624117869898626,12.450267772149358,true
0,612,50,153,0.097847559045500285,2.4796839686640053e-11,4.5881684848091937e-12,0.18503037253094756,2.9385008171449249e-11,42.193011385194879,7.8069886148051193,1.0152778955890938,0.17282808133503313,51812555.314853504,89.664235075572108,12.335332135210416,true
0,613,50,153.25,0.097847559045500285,2.4796839686640053e-11,4.59295418575786e-12,0.18522336893730995,2.9389793872397916e-11,42.186140866283111,7.8138591337168855,1.0152913408591917,0.17290240009181465,51834835.517624542,89.703980017201971,12.220416066021921,true
0,614,50,153.5,0.097847559045500285,2.4796839686640053e-11,4.5976986369288598e-12,0.1854147018342015,2.939453832356891e-11,42.179331775314246,7.8206682246857522,1.0153046659178042,0.17297601996429154,51856906.200152032,89.743352759556075,12.105519390253393,true
0,615,50,153.75,0.097847559045500285,2.4796839686640053e-11,4.602401747994684e-12,0.18560436757891968,2.9399241434634735e-11,42.172584183460131,7.8274158165398697,1.0153178706256514,0.17304894115401381,51878767.422859155,89.782353367044408,11.99064193337842,true
0,616,50,154,0.097847559045500285,2.4796839686640053e-11,4.6070634294148765e-12,0.18579236256050213,2.9403903116054927e-11,42.16589816115372,7.8341018388462818,1.0153309548448994,0.17312116386111451,51900419.245744288,89.820981903712138,11.875783520676753,true
0,617,50,154.25,0.097847559045500285,2.4796839686640053e-11,4.611683592437742e-12,0.1859786831997953,2.9408523279077793e-11,42.159273778090977,7.840726221909021,1.0153439184391568,0.1731926882842961,51921861.728376932,89.859238433232775,11.760943977236332,true
0,618,50,154.5,0.097847559045500285,2.4796839686640053e-11,4.6162621491020381e-12,0.18616332594952292,2.9413101835742092e-11,42.152711103232797,7.8472888967672008,1.0153567612734706,0.17326351462081679,51943094.929893605,89.897123018901411,11.646123127955283,true
0,619,50,154.75,0.097847559045500285,2.4796839686640053e-11,4.6207990122386437e-12,0.1863462872943531,2.9417638698878696e-11,42.146210204806863,7.8537897951931361,1.0153694832143221,0.17333364306647744,51964118.90899393,89.934635723627977,11.531320797544012,true
0,620,50,155,0.097847559045500285,2.4796839686640053e-11,4.6252940954722261e-12,0.1865275637509656,2.9422133782112282e-11,42.139771150309535,7.8602288496904622,1.0153820841296246,0.17340307381560768,51984933.723936468,89.971776609930558,11.416536810527164,true
0,621,50,155.25,0.097847559045500285,2.4796839686640053e-11,4.6297473132228785e-12,0.18670715186811795,2.942658699986293e-11,42.133394006507714,7.8666059934922865,1.0153945638887185,0.17347180706105333,52005539.432534933,90.00854573992892,11.301770991245695,true
0,622,50,155.5,0.097847559045500285,2.4796839686640053e-11,4.6341585807077547e-12,0.18688504822671129,2.9430998267347808e-11,42.127078839440664,7.8729211605593363,1.0154069223623681,0.17353984299416314,52025936.09215425,90.044943175337863,11.187023163858854,true
0,623,50,155.75,0.097847559045500285,2.4796839686640053e-11,4.6385278139426821e-12,0.18706124943985544,2.9435367500582738e-11,42.120825714421855,7.8791742855781441,1.015419159422758,0.17360718180477605,52046123.759706691,90.080968977460856,11.072293152346163,true
0,624,50,156,0.097847559045500285,2.4796839686640053e-11,4.6428549297437554e-12,0.18723575215293323,2.9439694616383807e-11,42.114634696040781,7.8853653039592153,1.0154312749434897,0.17367382368120823,52066102.491648026,90.116623207183665,10.957580780509497,true
0,625,50,156.25,0.097847559045500285,2.4796839686640053e-11,4.6471398457289295e-12,0.18740855304366458,2.9443979532368983e-11,42.108505848164754,7.8914941518352446,1.0154432687995785,0.17373976881024072,52085872.343973801,90.15190592496802,10.842885871974975,true
0,626,50,156.5,0.097847559045500285,2.4796839686640053e-11,4.6513824803195789e-12,0.1875796488221696,2.9448222166959634e-11,42.102439233940672,7.8975607660593257,1.0154551408674484,0.17380501737710699,52105433.372215621,90.186817190845275,10.728208250195049,true
0,627,50,156.75,0.097847559045500285,2.4796839686640053e-11,4.6555827527420563e-12,0.18774903623103123,2.9452422439382109e-11,42.096434915796813,7.9035650842031844,1.0154668910249305,0.17386956956548047,52124785.631437384,90.221357064410455,10.613547738450432,true
0,628,50,157,0.097847559045500285,2.4796839686640053e-11,4.6597405830292326e-12,0.18791671204535754,2.9456580269669285e-11,42.090492955444574,7.9095070445554274,1.0154785191512588,0.1739334255574625,52143929.176231705,90.255525604815901,10.498904159852064,true
0,629,50,157.25,0.097847559045500285,2.4796839686640053e-11,4.6638558920220081e-12,0.18808267307284254,2.9460695578662064e-11,42.084613413880206,7.9153865861197934,1.0154900251270664,0.17399658553357028,52162864.060716279,90.289322870765361,10.384277337343137,true
0,630,50,157.5,0.097847559045500285,2.4796839686640053e-11,4.6679286013708345e-12,0.18824691615382758,2.9464768288010887e-11,42.078796351386551,7.9212036486134512,1.0155014088343828,0.17405904967272498,52181590.338530317,90.322748920507991,10.269667093701036,true
0,631,50,157.75,0.097847559045500285,2.4796839686640053e-11,4.671958633537196e-12,0.18840943816136119,2.9468798320177246e-11,42.07304182753473,7.9269581724652687,1.0155126701566302,0.17412081815223998,52200108.062831044,90.35580381183243,10.155073251539273,true
0,632,50,158,0.097847559045500285,2.4796839686640053e-11,4.6759459117950884e-12,0.18857023600125852,2.9472785598435144e-11,42.067349901185864,7.9326500988141362,1.0155238089786203,0.17418189114780919,52218417.286290154,90.388487602060962,10.040495633309513,true
0,633,50,158.25,0.097847559045500285,2.4796839686640053e-11,4.6798903602324826e-12,0.18872930661216059,2.9476730046872536e-11,42.061720630492701,7.9382793695072982,1.0155348251865508,0.17424226883349569,52236518.061090469,90.420800348043755,9.9259340613034475,true
0,634,50,158.5,0.097847559045500285,2.4796839686640053e-11,4.683791903752765e-12,0.18888664696559218,2.9480631590392815e-11,42.056154072901336,7.9438459270986677,1.0155457186680028,0.17430195138172028,52254410.43892242,90.452742106153053,9.8113883576548169,true
0,635,50,158.75,0.097847559045500285,2.4796839686640053e-11,4.6876504680761715e-12,0.18904225406601979,2.9484490154716222e-11,42.050650285152798,7.9493497148472043,1.0155564893119369,0.17436093896325025,52272094.470980763,90.484312932277689,9.6968583443413188,true
0,636,50,159,0.097847559045500285,2.4796839686640053e-11,4.691465979741199e-12,0.18919612495090854,2.9488305666381255e-11,42.045209323284723,7.9547906767152803,1.0155671370086898,0.17441923174718854,52289570.207961284,90.515512881817429,9.5823438431865107,true
0,637,50,159.25,0.097847559045500285,2.4796839686640053e-11,4.6952383661060062e-12,0.18934825669077857,2.9492078052746061e-11,42.039831242632928,7.9601687573670725,1.0155776616499723,0.17447682990096242,52306837.700057417,90.54634200967736,9.4678446758618318,true
0,638,50,159.5,0.097847559045500285,2.4796839686640053e-11,4.6989675553497938e-12,0.18949864638926087,2.9495807241989844e-11,42.034516097833041,7.9654839021669588,1.0155880631288652,0.17453373359031302,52323896.996957101,90.57680037026266,9.3533606638884219,true
0,639,50,159.75,0.097847559045500285,2.4796839686640053e-11,4.7026534764741739e-12,0.18964729118315232,2.9499493163114226e-11,42.029263942822055,7.9707360571779411,1.0155983413398164,0.17458994297928448,52340748.147839539,90.606888017472997,9.2388916286391467,true
0,640,50,160,0.097847559045500285,2.4796839686640053e-11,4.7062960593045217e-12,0.18979418824247035,2.9503135745944576e-11,42.024074830839908,7.9759251691600905,1.0156084961786376,0.17464545823021363,52357391.201372072,90.636605004697415,9.1244373913404662,true
0,641,50,160.25,0.097847559045500285,2.4796839686640053e-11,4.7098952344913103e-12,0.18993933477050665,2.9506734921131365e-11,42.018948814431006,7.9810511855689947,1.0156185275425025,0.17470027950371922,52373826.205707006,90.665951384808892,9.0099977730743213,true
0,642,50,160.5,0.097847559045500285,2.4796839686640053e-11,4.7134509335114332e-12,0.1900827280038806,2.9510290620151486e-11,42.013885945445772,7.9861140545542311,1.0156284353299418,0.17475440695869202,52390053.208478585,90.694927210159335,8.8955725947801199,true
0,643,50,160.75,0.097847559045500285,2.4796839686640053e-11,4.7169630886695069e-12,0.19022436521259176,2.9513802775309558e-11,42.008886275042151,7.9911137249578514,1.0156382194408424,0.1748078407522845,52406072.256799944,90.72353253257431,8.7811616772565557,true
0,644,50,161,0.097847559045500285,2.4796839686640053e-11,4.7204316330991577e-12,0.19036424370007174,2.9517271319739208e-11,42.003949853687111,7.9960501463128866,1.0156478797764426,0.17486058103990099,52421883.397260115,90.751767403348126,8.666764841163582,true
0,645,50,161.25,0.097847559045500285,2.4796839686640053e-11,4.7238565007643012e-12,0.19050236080323585,2.9520696187404353e-11,41.999076731158127,8.0009232688418734,1.0156574162393304,0.17491262797518761,52437486.67592106,90.779631873238785,8.5523819070242819,true
0,646,50,161.5,0.097847559045500285,2.4796839686640053e-11,4.7272376264603932e-12,0.19063871389253351,2.9524077313100444e-11,41.994266956544621,8.0057330434553826,1.0156668287334403,0.17496398171002259,52452882.138314717,90.807125992463099,8.4380126952267069,true
0,647,50,161.75,0.097847559045500285,2.4796839686640053e-11,4.7305749458156747e-12,0.19077330037199844,2.9527414632455725e-11,41.989520578249412,8.0104794217505866,1.01567611716405,0.17501464239450704,52468069.829440273,90.834249810691716,8.3236570260258631,true
0,648,50,162,0.097847559045500285,2.4796839686640053e-11,4.7338683952923954e-12,0.1909061176792981,2.9530708081932448e-11,41.984837643990183,8.0151623560098155,1.0156852814377788,0.17506461017695485,52483049.793761112,90.861003377044582,8.2093147195455245,true
0,649,50,162.25,0.097847559045500285,2.4796839686640053e-11,4.7371179121880248e-12,0.19103716328578238,2.9533957598828076e-11,41.980218200800834,8.0197817991991638,1.0156943214625833,0.17511388520388393,52497822.075202197,90.887386740085944,8.0949855957801109,true
0,650,50,162.5,0.097847559045500285,2.4796839686640053e-11,4.7403234346364454e-12,0.19116643469653186,2.9537163121276497e-11,41.975662295032919,8.0243377049670848,1.0157032371477561,0.17516246762000665,52512386.717147201,90.913399947819897,7.9806694745966134,true
0,651,50,162.75,0.097847559045500285,2.4796839686640053e-11,4.7434849016091311e-12,0.19129392945040524,2.9540324588249184e-11,41.971169972356975,8.0288300276430231,1.0157120284039218,0.17521035756822112,52526743.762435913,90.939043047685672,7.8663661757363883,true
0,652,50,163,0.097847559045500285,2.4796839686640053e-11,4.7466022529163065e-12,0.19141964512008613,2.954344193955636e-11,41.966741277763958,8.0332587222360452,1.0157206951430355,0.1752575551896019,52540893.253361411,90.964316086553239,7.7520755188171053,true
0,653,50,163.25,0.097847559045500285,2.4796839686640053e-11,4.749675429208097e-12,0.1915435793121294,2.9546515115848152e-11,41.962376255566483,8.0376237444335139,1.0157292372783795,0.17530406062339141,52554835.231667519,90.989219110718679,7.63779732333456,true
0,654,50,163.5,0.097847559045500285,2.4796839686640053e-11,4.7527043719756559e-12,0.19166572966700671,2.9549544058615711e-11,41.958074949400249,8.0419250505997528,1.0157376547245609,0.1753498740069912,52568569.7385462,91.013752165899973,7.5235314086645211,true
0,655,50,163.75,0.097847559045500285,2.4796839686640053e-11,4.755689023552279e-12,0.19178609385915138,2.9552528710192332e-11,41.953837402225254,8.0461625977747477,1.0157459473975092,0.1753949954759535,52582096.814634979,91.037915297232516,7.4092775940646352,true
0,656,50,164,0.097847559045500285,2.4796839686640053e-11,4.7586293271145026e-12,0.19190466959700267,2.9555469013754554e-11,41.949663656327147,8.0503363436728517,1.0157541152144733,0.17543942516397271,52595416.500014432,91.06170854926502,7.295035698676207,true
0,657,50,164.25,0.097847559045500285,2.4796839686640053e-11,4.7615252266831848e-12,0.19202145462304945,2.9558364913323239e-11,41.945553753318478,8.0544462466815254,1.0157621580940195,0.17548316320287721,52608528.834205709,91.085131965955128,7.1808055415261283,true
0,658,50,164.5,0.097847559045500285,2.4796839686640053e-11,4.7643766671245722e-12,0.19213644671387317,2.9561216353764627e-11,41.941507734139925,8.0584922658600746,1.0157700759560291,0.17552620972262109,52621433.856168076,91.108185590665457,7.0665869415286577,true
0,659,50,164.75,0.097847559045500285,2.4796839686640053e-11,4.7671835941513504e-12,0.19224964368019024,2.9564023280791404e-11,41.937525639061569,8.0624743609384293,1.0157778687216952,0.17556856485127639,52634131.604296558,91.130869466159425,6.9523797174872586,true
0,660,50,165,0.097847559045500285,2.4796839686640053e-11,4.7699459543236734e-12,0.19236104336689352,2.9566785640963729e-11,41.933607507684087,8.0663924923159094,1.0157855363135213,0.17561022871502502,52646622.116419531,91.153183634597326,6.8381836880964935,true
0,661,50,165.25,0.097847559045500285,2.4796839686640053e-11,4.7726636950501865e-12,0.19247064365309358,2.956950338169024e-11,41.929753378939949,8.0702466210600488,1.0157930786553184,0.17565120143815102,52658905.429796427,91.175128137532298,6.7239986719437717,true
0,662,50,165.5,0.097847559045500285,2.4796839686640053e-11,4.7753367645890223e-12,0.19257844245215894,2.9572176451229076e-11,41.925963291094611,8.0740367089053908,1.0158004956722031,0.1756914831430329,52670981.581115402,91.196703015906522,6.6098244875112542,true
0,663,50,165.75,0.097847559045500285,2.4796839686640053e-11,4.7779651120487912e-12,0.19268443771175586,2.9574804798688844e-11,41.922237281747641,8.0777627182523553,1.0158077872905948,0.17573107395013637,52682850.606491156,91.21790831004742,6.4956609531776444,true
0,664,50,166,0.097847559045500285,2.4796839686640053e-11,4.7805486873895454e-12,0.19278862741388739,2.9577388374029599e-11,41.918575387833933,8.0814246121660673,1.0158149534382135,0.17576997397800689,52694512.541462727,91.238744059663929,6.3815078872199731,true
0,665,50,166.25,0.097847559045500285,2.4796839686640053e-11,4.7830874414237354e-12,0.1928910095749318,2.9579927128063785e-11,41.914977645624745,8.0850223543752566,1.0158219940440785,0.17580818334326223,52705967.420991242,91.259210303842735,6.2673651078154871,true
0,666,50,166.5,0.097847559045500285,2.4796839686640053e-11,4.7855813258171436e-12,0.19299158224568033,2.9582421012457196e-11,41.911444090728864,8.0885559092711325,1.0158289090385046,0.17584570216058559,52717215.279457867,91.279307081044735,6.1532324330434278,true
0,667,50,166.75,0.097847559045500285,2.4796839686640053e-11,4.7880302930898066e-12,0.19309034351137427,2.9584869979729858e-11,41.907974758093687,8.0920252419063132,1.0158356983531021,0.17588253054271868,52728256.150661707,91.299034429101482,6.039109680886809,true
0,668,50,167,0.097847559045500285,2.4796839686640053e-11,4.790434296616916e-12,0.19318729149174149,2.9587273983256967e-11,41.904569682006262,8.0954303179937384,1.0158423619207726,0.1759186686004546,52739090.067817703,91.318392385211766,5.9249966692342984,true
0,669,50,167.25,0.097847559045500285,2.4796839686640053e-11,4.7927932906297106e-12,0.19328242434103221,2.9589632977269761e-11,41.901228896094366,8.0987711039056336,1.015848899675708,0.17595411644263143,52749717.063554689,91.33738098593804,5.8108932158819346,true
0,670,50,167.5,0.097847559045500285,2.4796839686640053e-11,4.7951072302163465e-12,0.19337574024805412,2.9591946916856397e-11,41.897952433327532,8.1020475666724714,1.0158553115533888,0.17598887417612549,52760137.169913389,91.356000267203214,5.6967991385350123,true
0,671,50,167.75,0.097847559045500285,2.4796839686640053e-11,4.7973760713227472e-12,0.19346723743620681,2.9594215757962799e-11,41.894740326018038,8.105259673981962,1.0158615974905811,0.17602294190584494,52770350.41834446,91.374250264287284,5.582714254809841,true
0,672,50,168,0.097847559045500285,2.4796839686640053e-11,4.79959977075345e-12,0.19355691416351575,2.95964394573935e-11,41.891592605821948,8.1084073941780517,1.0158677574253361,0.17605631973472327,52780356.8397066,91.392131011824176,5.4686383822355031,true
0,673,50,168.25,0.097847559045500285,2.4796839686640053e-11,4.8017782861724211e-12,0.19364476872266528,2.9598617972812477e-11,41.888509303740044,8.1114906962599544,1.0158737912969864,0.17608900776371339,52790156.464264721,91.409642543798526,5.3545713382557327,true
0,674,50,168.5,0.097847559045500285,2.4796839686640053e-11,4.8039115761038701e-12,0.19373079944103133,2.9600751262743925e-11,41.885490450118802,8.1145095498811983,1.0158796990461456,0.17612100609178147,52799749.321688138,91.426784893542631,5.2405129402306079,true
0,675,50,168.75,0.097847559045500285,2.4796839686640053e-11,4.8059995999330292e-12,0.19381500468071289,2.9602839286573082e-11,41.882536074651327,8.1174639253486731,1.0158854806147055,0.17615231481590082,52809135.441048726,91.443558093733429,5.1264630054384197,true
0,676,50,169,0.097847559045500285,2.4796839686640053e-11,4.8080423179069358e-12,0.19389738283856367,2.9604882004546986e-11,41.879646206378268,8.1203537936217298,1.0158911359458351,0.17618293403104632,52818314.850819223,91.459962176389439,5.012421351077422,true
0,677,50,169.25,0.097847559045500285,2.4796839686640053e-11,4.8100396911351847e-12,0.19397793234622232,2.9606879377775237e-11,41.876820873688736,8.123179126311264,1.0158966649839782,0.17621286383018847,52827287.578871496,91.475997172868006,4.8983877942675758,true
0,678,50,169.5,0.097847559045500285,2.4796839686640053e-11,4.8119916815906675e-12,0.19405665167014222,2.9608831368230719e-11,41.874060104321153,8.1259398956788491,1.0159020676748525,0.17624210430428811,52836053.65247491,91.491663113862344,4.7843621520524078,true
0,679,50,169.75,0.097847559045500285,2.4796839686640053e-11,4.8138982521103006e-12,0.194133539311621,2.9610737938750353e-11,41.871363925364136,8.1286360746358675,1.0159073439654462,0.17627065554229077,52844613.098294675,91.506960029398797,4.6703442414006959,true
0,680,50,170,0.097847559045500285,2.4796839686640053e-11,4.8157593663957292e-12,0.19420859380682876,2.961259905303578e-11,41.86873236325733,8.1312676367426686,1.0159124938040189,0.17629851763112142,52852965.942390226,91.521887948834234,4.5563338792083199,true
0,681,50,170.25,0.097847559045500285,2.4796839686640053e-11,4.8175749890140197e-12,0.19428181372683609,2.9614414675654072e-11,41.866165443792248,8.1338345562077503,1.0159175171400974,0.17632569065567946,52861112.21021378,91.536446900853221,4.4423308823000003,true
0,682,50,170.5,0.097847559045500285,2.4796839686640053e-11,4.8193450853983348e-12,0.19435319767764128,2.9616184772038385e-11,41.863663192113052,8.1363368078869449,1.0159224139244758,0.17635217469883335,52869051.926608659,91.550636913465581,4.3283350674310288,true
0,683,50,170.75,0.097847559045500285,2.4796839686640053e-11,4.8210696218485909e-12,0.19442274430019679,2.9617909308488646e-11,41.86122563271735,8.1387743672826485,1.0159271841092139,0.1763779698414159,52876785.115807943,91.564458014003861,4.2143462512891077,true
0,684,50,171,0.097847559045500285,2.4796839686640053e-11,4.8227485655321006e-12,0.19449045227043521,2.9619588252172154e-11,41.858852789456947,8.1411472105430516,1.0159318276476343,0.17640307616221954,52884311.801433004,91.577910229120846,4.10036425049607,true
0,685,50,171.25,0.097847559045500285,2.4796839686640053e-11,4.8243818844841956e-12,0.19455632029929434,2.9621221571124247e-11,41.856544685538623,8.1434553144613773,1.015936344494323,0.1764274937379913,52891632.006492019,91.590993584787128,3.9863888816096162,true
0,686,50,171.5,0.097847559045500285,2.4796839686640053e-11,4.8259695476088374e-12,0.19462034713274187,2.9622809234248893e-11,41.854301343524817,8.145698656475183,1.0159407346051261,0.17645122264342866,52898745.753378734,91.603708106288934,3.8724199611251464,true
0,687,50,171.75,0.097847559045500285,2.4796839686640053e-11,4.827511524679209e-12,0.19468253155179921,2.9624351211319264e-11,41.852122785334366,8.1478772146656322,1.0159449979371495,0.17647426295117496,52905653.063871078,91.616053818225737,3.7584573054774277,true
0,688,50,172,0.097847559045500285,2.4796839686640053e-11,4.8290077863382884e-12,0.1947428723725646,2.9625847472978338e-11,41.850009032243186,8.1499909677568123,1.0159491344487577,0.17649661473181499,52912353.959129825,91.628030744508038,3.6445007310424287,true
0,689,50,172.25,0.097847559045500285,2.4796839686640053e-11,4.8304583040994124e-12,0.19480136844623586,2.9627297990739464e-11,41.847960104884933,8.1520398951150685,1.0159531440995708,0.1765182780538711,52918848.459697478,91.639638908355408,3.530550054139038,true
0,690,50,172.5,0.097847559045500285,2.4796839686640053e-11,4.831863050346813e-12,0.19485801865913202,2.9628702736986867e-11,41.845976023251637,8.1540239767483591,1.0159570268504663,0.17653925298379869,52925136.585496843,91.650878332294241,3.4166050910307773,true
0,691,50,172.75,0.097847559045500285,2.4796839686640053e-11,4.8332219983361462e-12,0.19491282193271472,2.9630061684976202e-11,41.844056806694383,8.1559431933056192,1.0159607826635744,0.176559539585983,52931218.355830148,91.661749038155861,3.302665657927637,true
0,692,50,173,0.097847559045500285,2.4796839686640053e-11,4.8345351221950016e-12,0.19496577722360861,2.9631374808835055e-11,41.842202473923841,8.1577975260761608,1.0159644115022795,0.17657913792273464,52937093.78937763,91.672251047074482,3.188731570987724,true
0,693,50,173.25,0.097847559045500285,2.4796839686640053e-11,4.8358023969233928e-12,0.19501688352362129,2.9632642083563445e-11,41.840413043010933,8.1595869569890684,1.0159679133312176,0.17659804805428614,52942762.90419656,91.68238437948547,3.0748026463190912,true
0,694,50,173.5,0.097847559045500285,2.4796839686640053e-11,4.8370237983942369e-12,0.19506613985976246,2.9633863485034289e-11,41.838688531387355,8.1613114686126451,1.0159712881162759,0.17661627003878858,52948225.717720181,91.692149055123437,2.960878699981444,true
0,695,50,173.75,0.097847559045500285,2.4796839686640053e-11,4.8381993033538092e-12,0.19511354529426247,2.9635038989993861e-11,41.837028955846144,8.1629710441538563,1.0159745358245911,0.17663380393230804,52953482.246756695,91.701545093020457,2.8469595479878516,true
0,696,50,174,0.097847559045500285,2.4796839686640053e-11,4.8393288894221911e-12,0.19515909892459024,2.9636168576062245e-11,41.835434332542199,8.1645656674578007,1.0159776564245488,0.17665064978882236,52958532.507488236,91.710572511504537,2.7330450063065608,true
0,697,50,174.25,0.097847559045500285,2.4796839686640053e-11,4.8404125350936918e-12,0.19520279988347028,2.9637252221733742e-11,41.833904676992802,8.1660953230071982,1.0159806498857826,0.17666680766021783,52963376.515469931,91.719231328197807,2.6191348908626471,true
0,698,50,174.5,0.097847559045500285,2.4796839686640053e-11,4.8414502197372595e-12,0.19524464733889932,2.9638289906377316e-11,41.832440004078109,8.1675599959218914,1.0159835161791726,0.17668227759628624,52968014.285628982,91.72752156001512,2.5052290175398322,true
0,699,50,174.75,0.097847559045500285,2.4796839686640053e-11,4.8424419235968743e-12,0.19528464049416211,2.9639281610236928e-11,41.831040328041595,8.168959671958401,1.0159862552768453,0.17669705964472207,52972445.832263835,91.735443223162449,2.3913272021821808,true
0,700,50,175,0.097847559045500285,2.4796839686640053e-11,4.8433876277919239e-12,0.19532277858784666,2.9640227314431975e-11,41.829705662490561,8.170294337509441,1.0159888671521715,0.17671115385111952,52976671.169043288,91.742996333135594,2.2774292605958051,true
0,701,50,175.25,0.097847559045500285,2.4796839686640053e-11,4.8442873143175652e-12,0.19535906089385865,2.9641127000957615e-11,41.828436020396488,8.1715639796035102,1.0159913517797667,0.17672456025896999,52980690.30900573,91.750180904718604,2.1635350085506637,true
0,702,50,175.5,0.097847559045500285,2.4796839686640053e-11,4.8451409660450609e-12,0.19539348672143522,2.9641980652685111e-11,41.827231414095529,8.172768585904473,1.01599370913549,0.17673727890965926,52984503.264558308,91.756996951982714,2.0496442617822592,true
0,703,50,175.75,0.097847559045500285,2.4796839686640053e-11,4.8459485667221148e-12,0.19542605541515826,2.9642788253362165e-11,41.826091855288823,8.1739081447111737,1.0159959391964424,0.17674930984246565,52988110.047476366,91.76344448828489,1.9357568359933326,true
0,704,50,176,0.097847559045500285,2.4796839686640053e-11,4.8467101009731737e-12,0.19545676635496684,2.964354978761323e-11,41.825017355042938,8.1749826449570602,1.0159980419409675,0.17676065309455696,52991510.668902539,91.76952352626688,1.8218725468556765,true
0,705,50,176.25,0.097847559045500285,2.4796839686640053e-11,4.8474255542997227e-12,0.19548561895616884,2.9644265240939773e-11,41.82400792379017,8.1759920762098321,1.0160000173486496,0.176771308700989,52994705.139346279,91.775234077853852,1.7079912100117669,true
0,706,50,176.5,0.097847559045500285,2.4796839686640053e-11,4.8480949130805627e-12,0.19551261266945241,2.9644934599720619e-11,41.823063571328888,8.1769364286711106,1.016001865400314,0.176781276694703,52997693.468683131,91.780576154253609,1.594112641076572,true
0,707,50,176.75,0.097847559045500285,2.4796839686640053e-11,4.8487181645720657e-12,0.1955377469808961,2.9645557851212119e-11,41.822184306823871,8.1778156931761306,1.0160035860780254,0.17679055710652408,53000475.666154221,91.785549765955352,1.4802366556392479,true
0,708,50,177,0.097847559045500285,2.4796839686640053e-11,4.849295296908423e-12,0.19556102141197887,2.9646134983548477e-11,41.821370138806557,8.1786298611934427,1.0160051793650884,0.17679914996515925,53003051.740365706,91.790154922728959,1.3663630692648223,true
0,709,50,177.25,0.097847559045500285,2.4796839686640053e-11,4.8498262991018681e-12,0.19558243551958918,2.9646665985741924e-11,41.820621075175346,8.179378924824654,1.0160066452460461,0.17680705529719579,53005421.699288249,91.794391633624016,1.2524916974960028,true
0,710,50,177.5,0.097847559045500285,2.4796839686640053e-11,4.8503111610428822e-12,0.19560198889603317,2.9647150847682935e-11,41.819937123195842,8.1800628768041577,1.01600798370668,0.17681427312709966,53007585.55025655,91.798259906969079,1.1386223558548096,true
0,711,50,177.75,0.097847559045500285,2.4796839686640053e-11,4.8507498735003931e-12,0.19561968116904274,2.9647589560140448e-11,41.819318289501084,8.1806817104989182,1.0160091947340097,0.17682080347721418,53009543.299968988,91.80175975037092,1.0247548598443772,true
0,712,50,178,0.097847559045500285,2.4796839686640053e-11,4.8511424281219493e-12,0.19563551200178261,2.9647982114762005e-11,41.818764580091738,8.1812354199082584,1.0160102783162923,0.17682664636775855,53011294.954487108,91.80489117071383,0.91088902495064128,true
0,713,50,178.25,0.097847559045500285,2.4796839686640053e-11,4.8514888174338756e-12,0.19564948109285646,2.9648328504073926e-11,41.81827600033634,8.1817239996636584,1.0160112344430214,0.17683180181682701,53012840.519235432,91.807654174159111,0.79702466664402727,true
0,714,50,178.5,0.097847559045500285,2.4796839686640053e-11,4.8517890348414194e-12,0.19566158817631296,2.9648628721481476e-11,41.81785255497141,8.1821474450285923,1.0160120631049285,0.17683626984038719,53014179.999000944,91.810048766144476,0.68316160038125129,true
0,715,50,178.75,0.097847559045500285,2.4796839686640053e-11,4.8520430746288743e-12,0.19567183302165073,2.9648882761268926e-11,41.817494248101617,8.1825057518983808,1.0160127642939805,0.17684005045227996,53015313.397933021,91.812074951383494,0.56929964160694801,true
0,716,50,179,0.097847559045500285,2.4796839686640053e-11,4.8522509319596886e-12,0.19568021543382264,2.9649090618599745e-11,41.817201083199954,8.1827989168000475,1.0160133380033809,0.17684314366421788,53016240.719543003,91.813732733865379,0.45543860575547224,true
0,717,50,179.25,0.097847559045500285,2.4796839686640053e-11,4.8524126028765575e-12,0.19568673525323962,2.9649252289516611e-11,41.816973063107774,8.1830269368922242,1.0160137842275696,0.1768455494857851,53016961.966704153,91.815022116854379,0.34157830825258334,true
0,718,50,179.5,0.097847559045500285,2.4796839686640053e-11,4.8525280843015008e-12,0.19569139235577376,2.9649367770941551e-11,41.81681019003495,8.1831898099650502,1.0160141029622218,0.17684726792443645,53017477.141651362,91.815943102889747,0.22771856451713043,true
0,719,50,179.75,0.097847559045500285,2.4796839686640053e-11,4.8525973740359192e-12,0.19569418665276056,2.9649437060675973e-11,41.816712465559903,8.1832875344400993,1.0160142942042487,0.17684829898549709,53017786.245981075,91.816495693785399,0.11385918996284056,true
0,720,50,180,0.097847559045500285,2.4796839686640053e-11,4.8526204707606342e-12,0.19569511809100054,2.964946015740069e-11,41.816679890629658,8.1833201093703387,1.0160143579517968,0.17684864267216224,53017889.280651204,91.816679890629658,0,true
1,0,100,0,0.19569511809100057,1.2398419843320027e-11,0,0,1.2398419843320027e-11,100,0,1,0,0,0,90,false
1,1,100,0.25,0.19569511809100057,1.2398419843320027e-11,2.30967247153578e-17,1.862876480005778e-06,1.2398442940044742e-11,99.999813712699023,0.00018628730097034629,1.0000003645551536,0.00085387932902941698,255986.58288511969,0.43633160021837047,89.850538212128072,true
1,2,100,0.5,0.19569511809100057,1.2398419843320027e-11,9.2386459133070836e-17,7.4514704535390018e-06,1.2398512229779159e-11,99.999254858507044,0.0007451414929540818,1.0000014582055246,0.0017077484211924826,511970.09683491365,0.87265892378930476,89.701077035598729,true
1,3,100,0.75,0.19569511809100057,1.2398419843320027e-11,2.0786788407667797e-16,1.6765675521842588e-05,1.2398627711204103e-11,99.998323460556136,0.0016765394438679432,1.0000032809058446,0.0025615970401589188,767947.47307476704,1.3089776942345415,89.551617081720167,true
1,4,100,1,0.19569511809100057,1.2398419843320027e-11,3.6953880094586109e-16,2.9805314355841871e-05,1.2398789382120972e-11,99.997019557397451,0.0029804426025554979,1.0000058325806707,0.0034154149506630629,1023915.6431492283,1.7452836354141497,89.402158961754111,true
1,5,100,1.25,0.19569511809100057,1.2398419843320027e-11,5.7739613175981426e-16,4.6570138699642561e-05,1.2398997239451786e-11,99.995343202997717,0.0046567970022819644,1.0000091131243929,0.0042691919190481981,1279871.5390851963,2.1815724716956559,89.25270328687958,true
1,6,100,1.5,0.19569511809100057,1.2398419843320027e-11,8.3143591921462073e-16,6.7059829375158526e-05,1.2399251279239241e-11,99.993294466734397,0.0067055332655991924,1.0000131224012427,0.0051229177137922721,1535812.0935495258,2.6178399281231153,89.103250668170389,true
1,7,100,1.75,0.19569511809100057,1.2398419843320027e-11,1.1316533267586774e-15,9.1273996288195164e-05,1.2399551496646786e-11,99.990873433389382,0.0091265666106125753,1.0000178602453063,0.0059765821060440011,1791734.2400097477,3.0540817305861188,88.953801716566304,true
1,8,100,2,0.19569511809100057,1.2398419843320027e-11,1.4780426386850909e-15,0.00011921217843590166,1.2399897885958712e-11,99.988080203141365,0.011919796858640133,1.0000233264605387,0.0068301748701574995,2047634.9128943477,3.4902936059887169,88.804357042848395,true
1,9,100,2.25,0.19569511809100057,1.2398419843320027e-11,1.8705972602413123e-15,0.00015087384391561362,1.2400290440580268e-11,99.984914891556741,0.015085108443264644,1.0000295208207821,0.0076836857842267868,2303511.0477530062,3.9264712824182415,88.654917257609398,true
1,10,100,2.5,0.19569511809100057,1.2398419843320027e-11,2.3093097177525113e-15,0.00018625838993480387,1.2400729153037779e-11,99.981377629579256,0.018622370420749049,1.0000364430697861,0.0085371046306134419,2559359.5814147857,4.3626104893140081,88.505482971231231,true
1,11,100,2.75,0.19569511809100057,1.2398419843320027e-11,2.7941716587664999e-15,0.00022536514282277132,1.2401214014978793e-11,99.97746856351813,0.022531436481876391,1.0000440929212309,0.0093904211964845313,2815177.4521493986,4.7987069576358961,88.356054793854696,true
1,12,100,3,0.19569511809100057,1.2398419843320027e-11,3.3251738522105066e-15,0.00026819335804328573,1.2401745017172237e-11,99.973187855034865,0.026812144965134031,1.0000524700587523,0.010243625274339503,3070961.5998251643,5.2347564200327561,88.206633335355761,true
1,13,100,3.25,0.19569511809100057,1.2398419843320027e-11,3.9023061885681583e-15,0.00031474222020886218,1.2402322149508595e-11,99.968535681128699,0.031464318871307302,1.0000615741359717,0.011096706662543445,3326708.966068876,5.6707546110106737,88.057219205317722,true
1,14,100,3.5,0.19569511809100057,1.2398419843320027e-11,4.5255576800718121e-15,0.00036501084309627365,1.2402945401000098e-11,99.963512234120557,0.036487765879441011,1.0000714047765265,0.011949655165856755,3582416.4944245946,6.1066972671010324,87.907813013004315,true
1,15,100,3.75,0.19569511809100057,1.2398419843320027e-11,5.19491646091132e-15,0.00041899826966338918,1.2403614759780937e-11,99.95811772163583,0.041882278364174769,1.0000819615741039,0.012802460595963783,3838081.1305121277,6.5425801270283932,87.758415367334308,true
1,16,100,4,0.19569511809100057,1.2398419843320027e-11,5.910369787460573e-15,0.00047670347206744571,1.2404330213107487e-11,99.952352366585544,0.0476476334144601,1.0000932440924779,0.013655112772002062,4093699.8221856914,6.9783989318781323,87.609026876854699,true
1,17,100,4.25,0.19569511809100057,1.2398419843320027e-11,6.6719040385191332e-15,0.00053812535168453715,1.2405091747358545e-11,99.946216407146366,0.053783592853634495,1.0001052518655484,0.01450760152108852,4349269.5196916666,7.4141494252638704,87.459648149714042,true
1,18,100,4.5,0.19569511809100057,1.2398419843320027e-11,7.4795047155732527e-15,0.00060326273913066685,1.24058993480356e-11,99.93971009673912,0.060289903260883605,1.0001179843973833,0.015359916678847814,4604787.1758269826,7.8498273534946374,87.310279793636326,true
1,19,100,4.75,0.19569511809100057,1.2398419843320027e-11,8.333156443069564e-15,0.00067211439428382241,1.2406752999763095e-11,99.932833704005972,0.067166295994033925,1.0001314411622628,0.016212048089935087,4860249.7460958445,8.2854284657417754,87.160922415895286,true
1,20,100,5,0.19569511809100057,1.2398419843320027e-11,9.2328429687100355e-15,0.00074467900630776523,1.2407652686288736e-11,99.925587512786265,0.074412487213741302,1.0001456216047273,0.017063985608562544,5115654.1888675913,8.7209485142055616,87.0115766232867,true
1,21,100,5.25,0.19569511809100057,1.2398419843320027e-11,1.0178547163759882e-14,0.00082095519367686529,1.2408598390483787e-11,99.91797182209099,0.082028177909004282,1.0001605251396268,0.017915719099020861,5370997.4655330097,9.1563832542815238,86.862243022103854,true
1,22,100,5.5,0.19569511809100057,1.2398419843320027e-11,1.1170251023374566e-14,0.0009009415042024755,1.2409590094343401e-11,99.909986946075946,0.090013053924047362,1.0001761511521741,0.018767238436201757,5626276.5406610006,9.5917284447264493,86.712922218110208,true
1,23,100,5.75,0.19569511809100057,1.2398419843320027e-11,1.2207935666942192e-14,0.0009846364150605481,1.2410627778986969e-11,99.901633214013458,0.098366785986539987,1.0001924989979987,0.019618533506117978,5881488.3821544666,10.026979847824059,86.56361481651372,true
1,24,100,6,0.19569511809100057,1.2398419843320027e-11,1.3291581338442839e-14,0.0010720383328206157,1.2411711424658469e-11,99.892910970262847,0.10708902973715875,1.0002095680032066,0.02046959420642213,6136629.96140585,10.462133229550332,86.414321421940897,true
1,25,100,6.25,0.19569511809100057,1.2398419843320027e-11,1.4421167406824614e-14,0.001163145593476123,1.2412841010726852e-11,99.883820574239508,0.11617942576048641,1.0002273574644394,0.021320410446924159,6391698.2534522722,10.897184359738469,86.265042638410534,true
1,26,100,6.5,0.19569511809100057,1.2398419843320027e-11,1.5596672366397738e-14,0.0012579564624762127,1.2414016515686425e-11,99.874362400382751,0.12563759961725274,1.0002458666489378,0.022170972150108235,6646690.2371304929,11.332129012243476,86.115779069307919,true
1,27,100,6.75,0.19569511809100057,1.2398419843320027e-11,1.6818073837241585e-14,0.0013564691347585525,1.2415237917157269e-11,99.864536838122135,0.13546316187787111,1.0002650947946068,0.02302126925164532,6901602.8952305708,11.766962965106348,85.966531317359056,true
1,28,100,7,0.19569511809100057,1.2398419843320027e-11,1.8085348565633249e-14,0.001458681734783905,1.241650519188566e-11,99.854344291842665,0.14565570815733439,1.0002850411100848,0.023871291700907661,7156433.2146501085,12.201682000717851,85.817299984604375,true
1,29,100,7.25,0.19569511809100057,1.2398419843320027e-11,1.9398472424488235e-14,0.0015645923165716696,1.2417818315744515e-11,99.843785180848613,0.15621481915138802,1.0003057047748138,0.024721029461478285,7411178.1865469916,12.636281905981862,85.668085672373877,true
1,30,100,7.5,0.19569511809100057,1.2398419843320027e-11,2.0757420413821375e-14,0.0016741988637370576,1.2419177263733849e-11,99.832859939325957,0.16714006067404033,1.0003270849391135,0.02557047251166129,7665834.8064923715,13.070758472478275,85.51888898126046,true
1,31,100,7.75,0.19569511809100057,1.2398419843320027e-11,2.2162166661221714e-14,0.001787499289529396,1.2420582009981248e-11,99.821569016303641,0.17843098369635235,1.0003491807242555,0.026419610844988391,7920400.0746225268,13.505107496625456,85.369710511094979,true
1,32,100,8,0.19569511809100057,1.2398419843320027e-11,2.3612684422345482e-14,0.0019044914368718878,1.2422032527742372e-11,99.809912875613463,0.19008712438653499,1.0003719912225439,0.027268434470724603,8174870.9957904574,13.939324779842199,85.220550860920497,true
1,33,100,8.25,0.19569511809100057,1.2398419843320027e-11,2.5108946081425746e-14,0.0020251730784027165,1.2423528789401452e-11,99.797891995848659,0.2021080041513347,1.0003955154973954,0.028116933414371954,8429244.5797169004,14.373406128709217,85.071410628966646,true
1,34,100,8.5,0.19569511809100057,1.2398419843320027e-11,2.6650923151797153e-14,0.0021495419165173725,1.2425070766471824e-11,99.785506870321313,0.21449312967868794,1.0004197525834218,0.028965097718170255,8683517.8411404528,14.807347355130108,84.922290412624662,true
1,35,100,8.75,0.19569511809100057,1.2398419843320027e-11,2.8238586276438984e-14,0.002277595583412451,1.2426658429596465e-11,99.772758007018339,0.2272419929816642,1.0004447014865179,0.029812917441596799,8937687.7999673765,15.241144276491831,84.77319080842156,true
1,36,100,9,0.19569511809100057,1.2398419843320027e-11,2.9871905228533573e-14,0.0024093316411306917,1.242829174854856e-11,99.759645928556338,0.24035407144366538,1.0004703611839483,0.0306603826618633,9191751.4814205822,15.674792715824593,84.624112411995497,true
1,37,100,9.25,0.19569511809100057,1.2398419843320027e-11,3.1550848912043026e-14,0.0025447475816074961,1.242997069223207e-11,99.746171172135107,0.25382882786489813,1.0004967306244392,0.031507483474411346,9445705.9161881581,16.108288501961248,84.47505581806989,true
1,38,100,9.5,0.19569511809100057,1.2398419843320027e-11,3.327538536229945e-14,0.0026838408267185303,1.2431695228682327e-11,99.732334289489927,0.26766571051007343,1.0005238087282717,0.032354209993404194,9699548.1405708063,16.541627469696074,84.326021620429117,true
1,39,100,9.75,0.19569511809100057,1.2398419843320027e-11,3.5045481746614778e-14,0.0028266087283289128,1.2433465325066642e-11,99.718135846842628,0.28186415315737356,1.0005515943873775,0.033200552352217721,9953275.1966290325,16.974805459942996,84.177010411893207,true
1,40,100,10,0.19569511809100057,1.2398419843320027e-11,3.6861104364905469e-14,0.0029730485683435986,1.2435280947684932e-11,99.703576424851363,0.29642357514864093,1.0005800864654366,0.034046500703928097,10206884.132329334,17.407818319893224,84.028022784292773,true
1,41,100,10.25,0.19569511809100057,1.2398419843320027e-11,3.8722218650333639e-14,0.0031231575587590903,1.2437142061970361e-11,99.688656618559207,0.3113433814407926,1.000609283797979,0.034892045221797084,10460372.001689702,17.840661903172258,83.879059328444626,true
1,42,100,10.5,0.19569511809100057,1.2398419843320027e-11,4.062878916996644e-14,0.0032769328417166211,1.2439048632489993e-11,99.673377037341538,0.3266229626584678,1.0006391851924867,0.035737176099755567,10713735.864924574,18.273332069996265,83.730120634126848,true
1,43,100,10.75,0.19569511809100057,1.2398419843320027e-11,4.2580779625449547e-14,0.0034343714895564742,1.2441000622945477e-11,99.657738304852131,0.34226169514786431,1.0006697894284999,0.036581883552883436,10966972.788588699,18.705824687327826,83.581207290054095,true
1,44,100,11,0.19569511809100057,1.2398419843320027e-11,4.4578152853697802e-14,0.0035954705048736875,1.2442997996173724e-11,99.641741058968222,0.35825894103178169,1.0007010952577238,0.037426157817887211,11220079.845720323,19.138135629031055,83.432319883853737,true
1,45,100,11.25,0.19569511809100057,1.2398419843320027e-11,4.6620870827604763e-14,0.0037602268205752833,1.2445040714147632e-11,99.625385951734131,0.37461404826587469,1.0007331014041394,0.038269989153575948,11473054.115983874,19.570260776025982,83.283459002040459,true
1,46,100,11.5,0.19569511809100057,1.2398419843320027e-11,4.8708894656764353e-14,0.0039286372999384712,1.2447128737976791e-11,99.608673649303952,0.39132635069605382,1.0007658065641158,0.039113367841332687,11725892.685811279,20.00219601644234,83.134625229992849,true
1,47,100,11.75,0.19569511809100057,1.2398419843320027e-11,5.08421845882127e-14,0.0041006987366704849,1.2449262027908239e-11,99.591604831882918,0.40839516811708843,1.0007992094065248,0.039956284185584612,11978592.648542939,20.433937245772533,82.985819151928936,true
1,48,100,12,0.19569511809100057,1.2398419843320027e-11,5.302070000718459e-14,0.0042764078549695893,1.2451440543327211e-11,99.574180193667644,0.42581980633235761,1.0008333085728569,0.040798728514269619,12231151.104567578,20.865480367024063,82.837041350881918,true
1,49,100,12.25,0.19569511809100057,1.2398419843320027e-11,5.5244399437887049e-14,0.0044557613095874806,1.2453664242757914e-11,99.556400442785247,0.44359955721476035,1.0008681026773425,0.041640691179300325,12483565.161461363,21.296821290871055,82.688292408676588,true
1,50,100,12.5,0.19569511809100057,1.2398419843320027e-11,5.7513240544287844e-14,0.0046387556858928768,1.2455933083864315e-11,99.538266301231246,0.46173369876875575,1.0009035903070715,0.042482162557024528,12735831.934125949,21.727955935805166,82.539572905905189,true
1,51,100,12.75,0.19569511809100057,1.2398419843320027e-11,5.9827180130923065e-14,0.0048253874999366576,1.2458247023450949e-11,99.519778504806439,0.48022149519355783,1.0009397700221174,0.043323133048683744,12987948.544925934,22.158880228285703,82.390883421903794,true
1,52,100,13,0.19569511809100057,1.2398419843320027e-11,6.2186174143718143e-14,0.0050156531985180814,1.2460606017463745e-11,99.500937803052565,0.49906219694742932,1.0009766403556639,0.044163593080867543,13239912.123825073,22.589590102888923,82.242224534728834,true
1,53,100,13.25,0.19569511809100057,1.2398419843320027e-11,6.4590177670827831e-14,0.0052095491592525382,1.2463010020990854e-11,99.481744959186898,0.51825504081310758,1.0010141998141318,0.045003533105965811,13491719.808521865,23.020081502456673,82.093596821133374,true
1,54,100,13.5,0.19569511809100057,1.2398419843320027e-11,6.703914494349029e-14,0.0054070716906404314,1.2465458988263516e-11,99.462200750035691,0.5377992499643135,1.0010524468773101,0.04584294360261696,13743368.744583914,23.450350378244103,81.945000856543786,true
1,55,100,13.75,0.19569511809100057,1.2398419843320027e-11,6.9533029336898346e-14,0.0056082170321374528,1.2467952872656925e-11,99.442305965966639,0.55769403403335793,1.001091379998488,0.046681815076153418,13994856.085581491,23.880392690066678,81.796437215036732,true
1,56,100,14,0.19569511809100057,1.2398419843320027e-11,7.2071783371088365e-14,0.0058129813542262751,1.2470491626691114e-11,99.422061410820163,0.57793858917983731,1.001130997604589,0.047520138059044197,14246178.993220208,24.310204406446303,81.647906469315785,true
1,57,100,14.25,0.19569511809100057,1.2398419843320027e-11,7.4655358711842948e-14,0.0060213607584893554,1.247307520203187e-11,99.401467901839624,0.59853209816037634,1.0011712980963074,0.048357903111333332,14497334.637472467,24.739781504756667,81.499409190688567,true
1,58,100,14.5,0.19569511809100057,1.2398419843320027e-11,7.7283706171611908e-14,0.0062333512776832226,1.2475703549491639e-11,99.380526269600551,0.61947373039944575,1.0012122798482479,0.04919510082107572,14748320.196708107,25.169119971367696,81.350945949043833,true
1,59,100,14.75,0.19569511809100057,1.2398419843320027e-11,7.9956775710448107e-14,0.0064489488758139538,1.2478376619030474e-11,99.359237357938795,0.64076264206121114,1.0012539412090646,0.050031721804769065,14999132.857823914,25.598215801789173,81.202517312828775,true
1,60,100,15,0.19569511809100057,1.2398419843320027e-11,8.2674516436960478e-14,0.0066681494482140431,1.2481094359756986e-11,99.337602023877579,0.66239797612242557,1.0012962805016052,0.050867756707782784,15249769.816372188,26.027065000813526,81.054123849026411,true
1,61,100,15.25,0.19569511809100057,1.2398419843320027e-11,8.5436876609283492e-14,0.006890948821620591,1.248385671992931e-11,99.315621137553663,0.6843788624463425,1.0013392960230543,0.051703196204783398,15500228.276688287,26.455663582657639,80.905766123133048,true
1,62,100,15.5,0.19569511809100057,1.2398419843320027e-11,8.8243803636061503e-14,0.0071173427542547017,1.2486663646956089e-11,99.293295582142363,0.70670441785763138,1.0013829860450809,0.052538031000156041,15750505.452016978,26.884007571103872,80.757444699136073,true
1,63,100,15.75,0.19569511809100057,1.2398419843320027e-11,9.1095244077449426e-14,0.0073473269359021886,1.2489515087397477e-11,99.270626253781714,0.72937374621828921,1.0014273488139867,0.053372251828422514,16000598.56463778,27.312092999640107,80.609160139491792,true
1,64,100,16,0.19569511809100057,1.2398419843320027e-11,9.3991143646131773e-14,0.0075808969879957696,1.2492410986966158e-11,99.24761406149544,0.75238593850455737,1.0014723825508565,0.054205849454656299,16250504.845989371,27.739915911598896,80.460913005103123,true
1,65,100,16.25,0.19569511809100057,1.2398419843320027e-11,9.693144720835525e-14,0.0078180484636983481,1.2495351290528382e-11,99.224259927115213,0.77574007288478863,1.0015180854517112,0.055038814674893202,16500221.536792705,28.167472360295704,80.312703855297997,true
1,66,100,16.5,0.19569511809100057,1.2398419843320027e-11,9.9916098784978385e-14,0.0080587768479876733,1.2498335942105005e-11,99.20056478520172,0.79943521479828483,1.0015644556876606,0.055871138316538657,16749745.887173107,28.594758409166172,80.164533247807327,true
1,67,100,16.75,0.19569511809100057,1.2398419843320027e-11,1.0294504155253727e-13,0.0083030775577422958,1.2501364884872565e-11,99.176529582964918,0.82347041703508095,1.0016114914050613,0.056702811238771141,16999075.156781226,29.021770131902453,80.016401738743596,true
1,68,100,17,0.19569511809100057,1.2398419843320027e-11,1.0601821784432788e-13,0.0085509459418288674,1.2504438061164355e-11,99.152155280183337,0.84784471981666931,1.0016591907256736,0.057533824332942074,17248206.614912916,29.448503612588592,79.868309882579325,true
1,69,100,17.25,0.19569511809100057,1.2398419843320027e-11,1.0913556915150323e-13,0.0088023772811906247,1.250755541247153e-11,99.12744284912236,0.87255715087763674,1.0017075517468215,0.058364168522971584,17497137.540627882,29.87495494583488,79.720258232125659,true
1,70,100,17.5,0.19569511809100057,1.2398419843320027e-11,1.1229703612418832e-13,0.0090573667889373242,1.2510716879444215e-11,99.102393274451771,0.89760672554822518,1.0017565725415543,0.059193834765740867,17745865.22286731,30.301120236911316,79.572247338511275,true
1,71,100,17.75,0.19569511809100057,1.2398419843320027e-11,1.1550255857260906e-13,0.0093159096104362925,1.2513922401892636e-11,99.077007553162233,0.92299244683777304,1.0018062511588102,0.060022814051480029,17994386.960570138,30.72699560187997,79.424277751161327,true
1,72,100,18,0.19569511809100057,1.2398419843320027e-11,1.1875207546823874e-13,0.0095780008234048891,1.2517171918788265e-11,99.05128669448095,0.94871330551905231,1.0018565856235806,0.060851097404152642,18242700.062788341,31.152577167726413,79.276350017776608,true
1,73,100,18.25,0.19569511809100057,1.2398419843320027e-11,1.2204552494495938e-13,0.0098436354380041901,1.2520465368264986e-11,99.025231719786532,0.9747682802134674,1.0019075739370773,0.061678675881835905,18490801.848800905,31.577861072490077,79.128464684312846,true
1,74,100,18.5,0.19569511809100057,1.2398419843320027e-11,1.2538284430024095e-13,0.010112808396934085,1.2523802687620267e-11,98.998843662522873,1.0011563374771262,1.0019592140769014,0.062505540577097229,18738689.648226716,32.002843465393674,78.980622294960014,true
1,75,100,18.75,0.19569511809100057,1.2398419843320027e-11,1.2876396999633307e-13,0.0103855145755294,1.252718381331636e-11,98.972123568112266,1.0278764318877269,1.0020115039972122,0.0633316826173662,18986360.801136088,32.427520506971454,78.832823392122123,true
1,76,100,19,0.19569511809100057,1.2398419843320027e-11,1.321888376614765e-13,0.010661748781857609,1.2530608680981502e-11,98.945072493867698,1.0549275061323067,1.0020644416289,0.064157093165303089,19233812.658161212,32.851888369196509,78.685068516396882,true
1,77,100,19.25,0.19569511809100057,1.2398419843320027e-11,1.3565738209112788e-13,0.01094150575681762,1.2534077225411154e-11,98.917691508904213,1.0823084910957848,1.0021180248797588,0.064981763419163049,19481042.580605377,33.275943235606988,78.53735820655551,true
1,78,100,19.5,0.19569511809100057,1.2398419843320027e-11,1.3916953724920056e-13,0.011224780174239848,1.2537589380569227e-11,98.889981694049695,1.1100183059503106,1.0021722516346612,0.065805684613155863,19728047.940550774,33.699681301431291,78.38969299952312,true
1,79,100,19.75,0.19569511809100057,1.2398419843320027e-11,1.4272523626932356e-13,0.011511566640987764,1.254114507958935e-11,98.861944141754577,1.1380558582454179,1.0022271197557349,0.066628848017802264,19974826.120965369,34.123098773712051,78.242073430358587,true
1,80,100,20,0.19569511809100057,1.2398419843320027e-11,1.4632441145611256e-13,0.011801859697060402,1.2544744254776139e-11,98.833579956001074,1.1664200439989258,1.0022826270825409,0.067451244940285232,20221374.515808173,34.54619187142923,78.094500032235288,true
1,81,100,20.25,0.19569511809100057,1.2398419843320027e-11,1.499669942864604e-13,0.012095653815696446,1.2548386837606488e-11,98.804890252211365,1.195109747788629,1.002338771432252,0.068272866724797904,20467690.530133571,34.968956825621923,77.946973336421436,true
1,82,100,20.5,0.19569511809100057,1.2398419843320027e-11,1.5365291541084067e-13,0.012392943403479371,1.2552072758730868e-11,98.775876157155281,1.224123842844713,1.002395550599835,0.069093704752886467,20713771.580194116,35.391389879509248,77.79949387226101,true
1,83,100,20.75,0.19569511809100057,1.2398419843320027e-11,1.5738210465462784e-13,0.012693722800443926,1.2555801947974655e-11,98.746538808857096,1.2534611911429101,1.0024529623582319,0.069913750443789252,20959615.09354217,35.813487288609942,77.652062167154568,true
1,84,100,21,0.19569511809100057,1.2398419843320027e-11,1.6115449101943471e-13,0.012997986280183995,1.2559574334339461e-11,98.716879356501607,1.2831206434983868,1.0025110044585441,0.070732995254771738,21205218.509130355,36.235245320860969,77.50467874654025,true
1,85,100,21.25,0.19569511809100057,1.2398419843320027e-11,1.6497000268446234e-13,0.013305728049961484,1.2563389846004488e-11,98.68689896033969,1.3131010396603067,1.0025696746302173,0.071551430681456404,21450579.277410429,36.656660256734945,77.357344133875316,true
1,86,100,21.5,0.19569511809100057,1.2398419843320027e-11,1.6882856700786888e-13,0.01361694225081672,1.2567248410327896e-11,98.656598791592884,1.3434012084071147,1.0026289705812281,0.072369048258149341,21695694.860431209,37.077728389356437,77.210058850617244,true
1,87,100,21.75,0.19569511809100057,1.2398419843320027e-11,1.7273011052815152e-13,0.013931622957679917,1.2571149953848178e-11,98.625980032357532,1.3740199676424731,1.0026888899982718,0.07318583955816145,21940562.731934857,37.498446024617088,77.062823416205518,true
1,88,100,22,0.19569511809100057,1.2398419843320027e-11,1.7667455896554539e-13,0.014249764179484004,1.2575094402285572e-11,98.595043875508125,1.4049561244918694,1.0027494305469511,0.074001796194125918,22185180.377452053,37.918809481289657,76.915638348043458,true
1,89,100,22.25,0.19569511809100057,1.2398419843320027e-11,1.806618372234383e-13,0.014571359859278729,1.2579081680543465e-11,98.56379152460012,1.4362084753998754,1.0028105898719668,0.074816909818311197,22429545.294395849,38.33881509114083,76.768504161479996,true
1,90,100,22.5,0.19569511809100057,1.2398419843320027e-11,1.8469186938979965e-13,0.014896403874345911,1.2583111712709825e-11,98.532224193771981,1.4677758062280248,1.0028723655973091,0.075631172122929219,22673654.992154028,38.758459199042896,76.621421369791904,true
1,91,100,22.75,0.19569511809100057,1.2398419843320027e-11,1.8876457873862608e-13,0.015224890036316035,1.2587184422058653e-11,98.500343107646685,1.4996568923533207,1.0029347553264507,0.076444574840439455,22917506.992180303,39.177738163084236,76.474390484166136,true
1,92,100,23,0.19569511809100057,1.2398419843320027e-11,1.928798877314022e-13,0.015556812091286076,1.2591299731051429e-11,98.468149501232659,1.5318504987673414,1.0029977566425403,0.077257109743848487,23161098.828084089,39.596648354678642,76.327412013682306,true
1,93,100,23.25,0.19569511809100057,1.2398419843320027e-11,1.9703771801857726e-13,0.015892163719938592,1.2595457561338604e-11,98.43564461982406,1.5643553801759364,1.0030613671085982,0.078068768647004974,23404428.045718957,40.015186158673437,76.180486465295246,true
1,94,100,23.5,0.19569511809100057,1.2398419843320027e-11,2.0123799044105567e-13,0.01623093853766195,1.2599657833761083e-11,98.402829718900506,1.597170281099489,1.003125584267712,0.078879543404890035,23647492.203269672,40.433347973456392,76.033614343818044,true
1,95,100,23.75,0.19569511809100057,1.2398419843320027e-11,2.054806250317052e-13,0.016573130094671963,1.2603900468351732e-11,98.369706064026246,1.6302939359737487,1.0031904056432341,0.079689425913903378,23890288.871337991,40.851130211061481,75.886796151904917,true
1,96,100,24,0.19569511809100057,1.2398419843320027e-11,2.0976554101687868e-13,0.016918731876134633,1.2608185384336905e-11,98.3362749307488,1.6637250692511987,1.0032558287389808,0.080498408112144509,24132815.633026943,41.268529297273346,75.740032390034585,true
1,97,100,24.25,0.19569511809100057,1.2398419843320027e-11,2.1409265681795241e-13,0.017267737302290212,1.2612512500137979e-11,98.302537604497047,1.69746239550296,1.0033218510394299,0.081306481979689885,24375070.084023938,41.685541671730633,75.593323556493445,true
1,98,100,24.5,0.19569511809100057,1.2398419843320027e-11,2.1846189005287904e-13,0.017620139728578486,1.2616881733372906e-11,98.268495380478797,1.7315046195212058,1.0033884700099232,0.082113639538864913,24617049.8326823,42.102163788028072,75.446670147359427,true
1,99,100,24.75,0.19569511809100057,1.2398419843320027e-11,2.2287315753775597e-13,0.017975932445765234,1.2621293000857782e-11,98.23414956357793,1.7658504364220751,1.0034556830968666,0.082919872854511786,24858752.500101566,42.518392113817292,75.300072656485554,true
1,100,100,25,0.19569511809100057,1.2398419843320027e-11,2.2732637528840869e-13,0.018335108680069961,1.2625746218608435e-11,98.199501468250929,1.8004985317490707,1.0035234877279331,0.083725174034252364,25100175.720206294,42.934223130906481,75.153531575484038,true
1,101,100,25.25,0.19569511809100057,1.2398419843320027e-11,2.3182145852199054e-13,0.018697661593294924,1.2630241301842018e-11,98.164552418423071,1.8354475815769353,1.0035918813122653,0.084529535228746983,25341317.139823649,43.34965333535871,75.007047393710366,true
1,102,100,25.5,0.19569511809100057,1.2398419843320027e-11,2.363583216585963e-13,0.019063584282955261,1.2634778164978623e-11,98.129303747384029,1.8706962526159729,1.0036608612406808,0.085332948631947958,25582174.418759417,43.764679237589135,74.860620598247607,true
1,103,100,25.75,0.19569511809100057,1.2398419843320027e-11,2.4093687832289175e-13,0.01943286978241044,1.2639356721642919e-11,98.093756797683184,1.9062432023168165,1.0037304248858756,0.086135406481349014,25822745.229872752,44.179297362460851,74.714251673891042,true
1,104,100,26,0.19569511809100057,1.2398419843320027e-11,2.4555704134575752e-13,0.019805511060996841,1.2643976884665783e-11,98.057912921024382,1.9420870789756137,1.0038005696026313,0.08693690105822964,26063027.259149466,44.593504249379485,74.567941103132796,true
1,105,100,26.25,0.19569511809100057,1.2398419843320027e-11,2.5021872276594994e-13,0.020181501024161708,1.2648638566085977e-11,98.021773478160355,1.9782265218396402,1.0038712927280216,0.087737424687895152,26303018.205773972,45.007296452386633,74.421689366146722,true
1,106,100,26.5,0.19569511809100057,1.2398419843320027e-11,2.5492183383177376e-13,0.020560832513598058,1.2653341677151801e-11,97.985339838786714,2.0146601612132811,1.0039425915816187,0.088536969739911708,26542715.782199752,45.42067054025194,74.275496940773692,true
1,107,100,26.75,0.19569511809100057,1.2398419843320027e-11,2.5966628500277432e-13,0.020943498307381188,1.2658086128322802e-11,97.948613381435564,2.0513866185644303,1.0040144634657027,0.089335528628337241,26782117.71421859,45.833623096563954,74.129364302506488,true
1,108,100,27,0.19569511809100057,1.2398419843320027e-11,2.6445198595143998e-13,0.021329491120105955,1.2662871829271466e-11,97.911595493368779,2.0884045066312158,1.0040869056654698,0.090133093811946827,27021221.74102813,46.246150719819674,73.983291924475765,true
1,109,100,27.25,0.19569511809100057,1.2398419843320027e-11,2.6927884556492335e-13,0.021718803603025621,1.2667698688884951e-11,97.874287570470898,2.1257124295291088,1.004159915449242,0.090929657794454347,27260025.615298327,46.658250023512871,73.837280277435383,true
1,110,100,27.5,0.19569511809100057,1.2398419843320027e-11,2.7414677194677478e-13,0.022111428344191664,1.2672566615266801e-11,97.836691017141646,2.1633089828583478,1.0042334900686778,0.091725213124728616,27498527.103236251,47.069917636221064,73.691329829748426,true
1,111,100,27.75,0.19569511809100057,1.2398419843320027e-11,2.7905567241869324e-13,0.022507357868594986,1.267747551573872e-11,97.798807246188304,2.2011927538117009,1.0043076267589823,0.092519752397005425,27736723.984649647,47.481150201691328,73.545441047373217,true
1,112,100,28,0.19569511809100057,1.2398419843320027e-11,2.8400545352228956e-13,0.022906584638308157,1.2682425296842317e-11,97.760637678717487,2.2393623212825196,1.0043823227391191,0.093313268251094608,27974614.053009015,47.891944378924663,73.399614393849546,true
1,113,100,28.25,0.19569511809100057,1.2398419843320027e-11,2.8899602102086681e-13,0.023309101052628976,1.2687415864340893e-11,97.722183744026907,2.2778162559730997,1.0044575752120226,0.094105753372582354,28212195.115508255,48.302296842259153,73.25385033028526,true
1,114,100,28.5,0.19569511809100057,1.2398419843320027e-11,2.940272799012132e-13,0.023714899448225097,1.269244712322124e-11,97.683446879496699,2.3165531205033019,1.0045333813648096,0.094897200493029035,28449464.993123986,48.712204281451911,73.108149315342715,true
1,115,100,28.75,0.19569511809100057,1.2398419843320027e-11,2.9909913437541234e-13,0.024123972099280043,1.269751897769544e-11,97.644428530480539,2.3555714695194565,1.004609738368994,0.095687602390162108,28686421.520673372,49.121663401759513,72.962511805225773,true
1,116,100,29,0.19569511809100057,1.2398419843320027e-11,3.0421148788266582e-13,0.024536311217640185,1.2702631331202693e-11,97.605130150196501,2.3948698498034964,1.0046866433806987,0.096476951888064572,28923062.546870619,49.530670924017407,72.816938253666791,true
1,117,100,29.25,0.19569511809100057,1.2398419843320027e-11,3.0936424309113179e-13,0.024951908952963057,1.2707784086411159e-11,97.565553199617668,2.4344468003823332,1.0047640935408708,0.097265241857358298,29159385.934381928,49.939223584717745,72.671429111913866,true
1,118,100,29.5,0.19569511809100057,1.2398419843320027e-11,3.1455730189977934e-13,0.02537075739286691,1.2712977145219806e-11,97.525699147362531,2.4743008526374624,1.0048420859754956,0.098052465215383341,29395389.559879273,50.347318136086159,72.525984828718151,true
1,119,100,29.75,0.19569511809100057,1.2398419843320027e-11,3.1979056544025404e-13,0.025792848563081172,1.2718210408760281e-11,97.485569469585258,2.5144305304147423,1.0049206177958112,0.09883861492637179,29631071.314092487,50.754951346157007,72.380605850321743,true
1,120,100,30,0.19569511809100057,1.2398419843320027e-11,3.2506393407876148e-13,0.026218174427598384,1.2723483777398788e-11,97.445165649865601,2.5548343501343949,1.0049996860985249,0.099623684001617335,29866429.101860136,51.162119998847515,72.235292620445279,true
1,121,100,30.25,0.19569511809100057,1.2398419843320027e-11,3.303773074179647e-13,0.026646726888827219,1.2728797150737992e-11,97.404489179098832,2.5955108209011724,1.0050792879660273,0.10040766549964029,30101460.842178963,51.56882089403048,72.090045580276026,true
1,122,100,30.5,0.19569511809100057,1.2398419843320027e-11,3.3573058429889359e-13,0.027078497787746496,1.273415042761892e-11,97.363541555385339,2.6364584446146657,1.0051594204666088,0.10119055252634755,30336164.468251843,51.975050847605644,71.944865168456204,true
1,123,100,30.75,0.19569511809100057,1.2398419843320027e-11,3.4112366280287377e-13,0.027513478904060754,1.27395435061229e-11,97.322324283920196,2.6776757160797984,1.0052400806546764,0.10197233823518811,30570537.927534427,52.380806691569909,71.799751821071197,true
1,124,100,31,0.19569511809100057,1.2398419843320027e-11,3.4655644025346389e-13,0.0279516619563565,1.274497628357349e-11,97.280838876882598,2.7191611231174058,1.0053212655709691,0.1027530158273038,30804579.181780308,52.786085274086012,71.654705971638464,true
1,125,100,31.25,0.19569511809100057,1.2398419843320027e-11,3.5202881321841281e-13,0.028393038602260074,1.275044865653844e-11,97.23908685332502,2.7609131466749774,1.0054029722427755,0.10353257855167541,31038286.207084853,53.190883459550122,71.509728051096047,true
1,126,100,31.5,0.19569511809100057,1.2398419843320027e-11,3.575406775116272e-13,0.028837600438596341,1.2755960520831654e-11,97.197069739062528,2.8029302609374689,1.0054851976841499,0.10431101970526417,31271656.993927583,53.595198128657913,71.364818487791837,true
1,127,100,31.75,0.19569511809100057,1.2398419843320027e-11,3.6309192819515664e-13,0.02928533900154881,1.2761511771515183e-11,97.154789066561776,2.8452109334382296,1.0055679388961301,0.10508833263314862,31504689.547213238,53.999026178469499,71.219977707472651,true
1,128,100,32,0.19569511809100057,1.2398419843320027e-11,3.6868245958118947e-13,0.029736245766820584,1.2767102302901216e-11,97.112246374830022,2.8877536251699771,1.0056511928669536,0.10586451072865651,31737381.886311304,54.402364522472823,71.075206133273682,true
1,129,100,32.25,0.19569511809100057,1.2398419843320027e-11,3.7431216523406677e-13,0.030190312149796835,1.2772732008554093e-11,97.069443209304126,2.9305567906958685,1.0057349565722762,0.10663954743349252,31969732.045094315,54.805210090646085,70.930504185708116,true
1,130,100,32.5,0.19569511809100057,1.2398419843320027e-11,3.7998093797230842e-13,0.03064752950570819,1.2778400781292336e-11,97.026381121739405,2.9736188782605963,1.0058192269753883,0.1074134362378613,32201738.071974713,55.207559829518402,70.785872282656953,true
1,131,100,32.75,0.19569511809100057,1.2398419843320027e-11,3.8568866987065255e-13,0.031107889129795233,1.2784108513190679e-11,96.983061670098479,3.0169383299015169,1.0059040010274334,0.10818617068058531,32433398.029940203,55.609410702229525,70.641310839358979,true
1,132,100,33,0.19569511809100057,1.2398419843320027e-11,3.9143525226211106e-13,0.031571382257474287,1.2789855095582137e-11,96.939486418440183,3.0605135815598126,1.0059892756676245,0.10895774434921887,32664709.996587936,56.010759688588045,70.496820268401038,true
1,133,100,33.25,0.19569511809100057,1.2398419843320027e-11,3.9722057574003905e-13,0.03203800006450435,1.2795640419060066e-11,96.895656936808336,3.1043430631916569,1.0060750478234628,0.10972815088015712,32895672.064157169,56.411603785128335,70.352400979708378,true
1,134,100,33.5,0.19569511809100057,1.2398419843320027e-11,4.0304453016021697e-13,0.032507733667154995,1.2801464373480243e-11,96.851574801120634,3.1484251988793694,1.0061613144109538,0.11049738395874069,33126282.339560643,56.811940005166193,70.20805338053529,true
1,135,100,33.75,0.19569511809100057,1.2398419843320027e-11,4.0890700464294757e-13,0.032980574122375518,1.2807326847962974e-11,96.807241593057455,3.1927584069425454,1.0062480723348266,0.11126543731935523,33356538.944414437,57.211765378853066,70.063777875455855,true
1,136,100,34,0.19569511809100057,1.2398419843320027e-11,4.1480788757516708e-13,0.03345651242796522,1.2813227730895194e-11,96.762658899950836,3.2373411000491643,1.0063353184887498,0.11203230474552729,33586440.015066691,57.611076953229116,69.919574866355092,true
1,137,100,34.25,0.19569511809100057,1.2398419843320027e-11,4.2074706661257077e-13,0.033935539522744848,1.2819166909932597e-11,96.717828314673355,3.2821716853266487,1.0064230497555493,0.11279798007001504,33815983.70262482,58.009871792274801,69.775444752419943,true
1,138,100,34.5,0.19569511809100057,1.2398419843320027e-11,4.2672442868175057e-13,0.034417646286728991,1.2825144272001777e-11,96.672751435527147,3.3272485644728462,1.0065112630074262,0.11356245717489437,34045168.172981322,58.408146976961355,69.631387930130842,true
1,139,100,34.75,0.19569511809100057,1.2398419843320027e-11,4.3273985998234909e-13,0.034902823541299824,1.2831159703302376e-11,96.627429866133028,3.3725701338669656,1.0065999551061728,0.1143257299916411,34273991.606838405,58.805899605299651,69.48740479325329,true
1,140,100,35,0.19569511809100057,1.2398419843320027e-11,4.3879324598922547e-13,0.035391062049381784,1.2837213089309253e-11,96.581865215319596,3.418134784680404,1.0066891229033899,0.11508779250120821,34502452.199731179,59.203126792388069,69.343495732829524,true
1,141,100,35.25,0.19569511809100057,1.2398419843320027e-11,4.4488447145463571e-13,0.035882352515617451,1.2843304314774663e-11,96.536059097012512,3.4639409029874821,1.0067787632407039,0.11584863873409859,34730548.162049428,59.599825670458834,69.199661137170608,true
1,142,100,35.5,0.19569511809100057,1.2398419843320027e-11,4.5101342041042732e-13,0.036376685586544534,1.2849433263730454e-11,96.490013130123927,3.5099868698760721,1.0068688729499826,0.11660826277043375,34958277.719058223,59.995993388923146,69.055901391848678,true
1,143,100,35.75,0.19569511809100057,1.2398419843320027e-11,4.5717997617024687e-13,0.036874051850773915,1.2855599819490273e-11,96.443728938441907,3.5562710615580921,1.0069594488535523,0.11736665874001759,35185639.110917054,60.391627114414952,68.912216879689126,true
1,144,100,36,0.19569511809100057,1.2398419843320027e-11,4.6338402133176164e-13,0.037374441839168875,1.2861803864651788e-11,96.397208150520129,3.6027918494798707,1.0070504877644126,0.1181238208223962,35412630.59269774,60.786724030833476,68.768607980763392,true
1,145,100,36.25,0.19569511809100057,1.2398419843320027e-11,4.6962543777889485e-13,0.03787784602502535,1.2868045281098922e-11,96.350452399567644,3.6495476004323573,1.0071419864864535,0.118879743246913,35639250.434400946,61.181281339384363,68.625075072381591,true
1,146,100,36.5,0.19569511809100057,1.2398419843320027e-11,4.759041066840739e-13,0.038384254824253249,1.28743239500041e-11,96.303463323338832,3.696536676661164,1.0072339418146692,0.11963442029275956,35865496.920971468,61.575296258619581,68.481618529085523,true
1,147,100,36.75,0.19569511809100057,1.2398419843320027e-11,4.8221990851049315e-13,0.038893658595558996,1.2880639751830519e-11,96.256242564023552,3.7437574359764465,1.0073263505353747,0.12038784628902201,36091368.352312088,61.968766024476018,68.338238722641904,true
1,148,100,37,0.19569511809100057,1.2398419843320027e-11,4.8857272301439047e-13,0.039406047640629126,1.2886992566334417e-11,96.208791768137417,3.7912082318625902,1.0074192094264192,0.12114001561472347,36316863.04329633,62.361687890312773,68.194936022035606,true
1,149,100,37.25,0.19569511809100057,1.2398419843320027e-11,4.9496242924733448e-13,0.039921412204314763,1.2893382272567361e-11,96.161112586412315,3.8388874135876869,1.0075125152574009,0.12189092269886159,36541979.32377971,62.754059126947112,68.051710793463272,true
1,150,100,37.5,0.19569511809100057,1.2398419843320027e-11,5.0138890555852954e-13,0.04043974247481754,1.2899808748878556e-11,96.113206673687174,3.8867933263128238,1.0076062647898809,0.12264056202044241,36766715.538609877,63.145877022689248,67.908563400327054,true
1,151,100,37.75,0.19569511809100057,1.2398419843320027e-11,5.0785202959712982e-13,0.040961028583876229,1.2906271872917157e-11,96.065075688798871,3.9349243112011241,1.0077004547775965,0.12338892810850939,36991070.047635324,63.537138883375682,67.765494203228599,true
1,152,100,38,0.19569511809100057,1.2398419843320027e-11,5.1435167831457066e-13,0.041485260606954774,1.2912771521634596e-11,96.016721294473427,3.9832787055265739,1.0077950819666739,0.12413601554216874,37215041.22571297,63.927842032401415,67.62250355996305,true
1,153,100,38.25,0.19569511809100057,1.2398419843320027e-11,5.2088772796690866e-13,0.042012428563431056,1.2919307571286936e-11,95.968145157217421,4.0318548427825789,1.0078901430958411,0.12488181895061001,37438627.462714359,64.317983810750718,67.479591825513523,true
1,154,100,38.5,0.19569511809100057,1.2398419843320027e-11,5.2746005411718051e-13,0.042542522416787125,1.2925879897437208e-11,95.919348947209699,4.0806510527902953,1.0079856348966396,0.12562633301312304,37661827.1635307,64.707561577026823,67.336759352045476,true
1,155,100,38.75,0.19569511809100057,1.2398419843320027e-11,5.3406853163777002e-13,0.043075532074800117,1.2932488374957796e-11,95.870334338193345,4.1296656618066585,1.0080815540936361,0.12636955245911027,37884638.74807661,65.096572707480078,67.194006488901536,true
1,156,100,39,0.19569511809100057,1.2398419843320027e-11,5.4071303471279116e-13,0.043611447389734465,1.2939132878032818e-11,95.821103007367853,4.1788969926321498,1.0081778974046327,0.12711147206809517,38107060.651292592,65.485014596035128,67.051333582596271,true
1,157,100,39.25,0.19569511809100057,1.2398419843320027e-11,5.4739343684048332e-13,0.044150258158535086,1.294581328016051e-11,95.77165663528173,4.2283433647182687,1.0082746615408784,0.12785208666972642,38329091.323146313,65.872884654316593,66.90874097681143,true
1,158,100,39.5,0.19569511809100057,1.2398419843320027e-11,5.5410961083561903e-13,0.044691954123021578,1.2952529454155645e-11,95.721996905725305,4.2780030942746894,1.0083718432072775,0.12859139114377824,38550729.228632711,66.260180311673651,66.766229012391037,true
1,159,100,39.75,0.19569511809100057,1.2398419843320027e-11,5.6086142883192743e-13,0.045236524970083687,1.2959281272151953e-11,95.672125505623868,4.3278744943761343,1.0084694391025997,0.12932938042014627,38771972.847772725,66.646899015203132,66.623798027336974,true
1,160,100,40,0.19569511809100057,1.2398419843320027e-11,5.6764876228452561e-13,0.045783960331877392,1.2966068605604553e-11,95.622044124931122,4.3779558750688761,1.0085674459196878,0.13006604947883985,38992820.675611019,67.033038229771691,66.481448356804606,true
1,161,100,40.25,0.19569511809100057,1.2398419843320027e-11,5.7447148197236891e-13,0.046334249786022567,1.2972891325292395e-11,95.571754456523053,4.4282455434769545,1.0086658603456666,0.13080139334996999,39213271.222212359,67.41859543803649,66.339180333098568,true
1,162,100,40.5,0.19569511809100057,1.2398419843320027e-11,5.8132945800070878e-13,0.046887382855801199,1.2979749301320735e-11,95.521258196091992,4.4787418039080036,1.0087646790621487,0.13153540711373338,39433323.012656815,67.803568140464634,66.196994285668836,true
1,163,100,40.75,0.19569511809100057,1.2398419843320027e-11,5.8822255980356766e-13,0.047443349010356989,1.2986642403123595e-11,95.470557042041236,4.5294429579587581,1.0088638987454419,0.13226808590039271,39652974.587033875,68.187953855351552,66.054890541106886,true
1,164,100,41,0.19569511809100057,1.2398419843320027e-11,5.9515065614622278e-13,0.048002137664895722,1.2993570499466249e-11,95.419652695379838,4.5803473046201617,1.0089635160667545,0.13299942489025274,39872224.500435248,68.571750118837912,65.912869423142169,true
1,165,100,41.25,0.19569511809100057,1.2398419843320027e-11,6.0211361512770695e-13,0.048563738180886933,1.3000533458447734e-11,95.368546859617865,4.6314531403821286,1.0090635276924003,0.13372941931363283,40091071.32294666,68.954954484925466,65.770931252638562,true
1,166,100,41.5,0.19569511809100057,1.2398419843320027e-11,6.0911130418331838e-13,0.049128139866266352,1.3007531147503345e-11,95.317241240662099,4.682758759337899,1.009163930284003,0.13445806445083519,40309513.639638305,69.337564525491658,65.629076347591194,true
1,167,100,41.75,0.19569511809100057,1.2398419843320027e-11,6.1614359008714337e-13,0.04969533197563937,1.301456343340717e-11,95.265737546712018,4.7342624532879851,1.0092647204986998,0.13518535563210948,40527550.050554246,69.71957783030291,65.48730502312344,true
1,168,100,42,0.19569511809100057,1.2398419843320027e-11,6.2321033895459602e-13,0.05026530371048589,1.3021630182274623e-11,95.214037488156237,4.7859625118437616,1.0093658949893436,0.135911288237614,40745179.170700788,70.10099200702679,65.345617591483872,true
1,169,100,42.25,0.19569511809100057,1.2398419843320027e-11,6.3031141624496387e-13,0.050838044219365636,1.302873125956499e-11,95.162142777469427,4.8378572225305767,1.0094674504047052,0.13663585769737249,40962399.630033523,70.481804681242949,65.204014362043779,true
1,170,100,42.5,0.19569511809100057,1.2398419843320027e-11,6.374466867639716e-13,0.051413542598124931,1.3035866530083998e-11,95.110055129109512,4.8899448708904831,1.0095693833896739,0.13735905949122751,41179210.073443323,70.862013496452832,65.062495641294475,true
1,171,100,42.75,0.19569511809100057,1.2398419843320027e-11,6.4461601466635377e-13,0.051991787890104203,1.3043035857986381e-11,95.05777625941549,4.9422237405845122,1.0096716905854584,0.13808088914879008,41395609.160741307,71.241616114088202,64.92106173284499,true
1,172,100,43,0.19569511809100057,1.2398419843320027e-11,6.5181926345844143e-13,0.052572769086346609,1.3050239106778467e-11,95.005307886505477,4.9946921134945166,1.0097743686297851,0.13880134224938578,41611595.566642612,71.620610213518489,64.779712937419959,true
1,173,100,43.25,0.19569511809100057,1.2398419843320027e-11,6.5905629600076067e-13,0.053156475125807623,1.3057476139320786e-11,94.952651730175461,5.0473482698245462,1.0098774141570972,0.13952041442199675,41827167.980749056,71.998993492056954,64.638449552857637,true
1,174,100,43.5,0.19569511809100057,1.2398419843320027e-11,6.6632697451064373e-13,0.053742894895565649,1.306474681783067e-11,94.899809511798225,5.1001904882017737,1.0099808237987524,0.14023810134520068,42042325.107530817,72.376763664965551,64.497271874108023,true
1,175,100,43.75,0.19569511809100057,1.2398419843320027e-11,6.7363116056485296e-13,0.054332017231033633,1.3072051003884879e-11,94.846782954223045,5.1532170457769535,1.0100845941832188,0.14095439874710591,42257065.666307002,72.753918465458923,64.356180193231211,true
1,176,100,44,0.19569511809100057,1.2398419843320027e-11,6.8096871510221402e-13,0.054923830916171444,1.3079388558422241e-11,94.793573781675619,5.206426218324375,1.0101887219362706,0.14166930240528294,42471388.391225085,73.130455644706814,64.215174799396067,true
1,177,100,44.25,0.19569511809100057,1.2398419843320027e-11,6.8833949842626565e-13,0.055518324683699639,1.3086759341746292e-11,94.740183719658631,5.2598162803413633,1.0102932036811838,0.14238280814669235,42685292.031239323,73.506372971835688,64.074255978878753,true
1,178,100,44.5,0.19569511809100057,1.2398419843320027e-11,6.9574337020791769e-13,0.056115487215313786,1.3094163213527944e-11,94.686614494852748,5.3133855051472541,1.010398036038928,0.14309491184760981,42898775.350088269,73.881668233928949,63.933424015061817,true
1,179,100,44.75,0.19569511809100057,1.2398419843320027e-11,7.0318018948812451e-13,0.056715307141900123,1.3101600032808151e-11,94.632867835018104,5.3671321649818937,1.0105032156283613,0.14380560943354687,43111837.126271002,74.256339236026122,63.792679188432992,true
1,180,100,45,0.19569511809100057,1.2398419843320027e-11,7.1064981468056644e-13,0.057317773043751831,1.3109069658000592e-11,94.578945468896421,5.4210545311035858,1.0106087390664207,0.14451489687916874,43324476.153022528,74.630383801120928,63.652021776584661,true
1,181,100,45.25,0.19569511809100057,1.2398419843320027e-11,7.1815210357434742e-13,0.057922873450786609,1.3116571946894374e-11,94.524849126113438,5.4751508738865651,1.0107146029683127,0.14522277020820892,43536691.238288127,75.003799770158054,63.511452054213109,true
1,182,100,45.5,0.19569511809100057,1.2398419843320027e-11,7.2568691333670101e-13,0.058530596842764918,1.3124106756656728e-11,94.4705805370821,5.5294194629179056,1.010820803947704,0.14592922549337997,43748481.204696648,75.376585002029046,63.370970293118134,true
1,183,100,45.75,0.19569511809100057,1.2398419843320027e-11,7.3325410051571033e-13,0.059140931649509371,1.3131673943835736e-11,94.416141432906088,5.5838585670939089,1.0109273386169089,0.14663425885628137,43959844.889532857,75.748737373566783,63.230576762202752,true
1,184,100,46,0.19569511809100057,1.2398419843320027e-11,7.4085352104303991e-13,0.059753866251125068,1.3139273364363067e-11,94.361533545284047,5.638466454715954,1.0110342035870779,0.14733786646730382,44170781.14470879,76.120254779539209,63.090271727473116,true
1,185,100,46.25,0.19569511809100057,1.2398419843320027e-11,7.4848503023667662e-13,0.060369388978220681,1.3146904873556703e-11,94.30675860641422,5.6932413935857813,1.0111413954683834,0.14804004454553066,44381288.836734131,76.491135132641446,62.950055452038526,true
1,186,100,46.5,0.19569511809100057,1.2398419843320027e-11,7.5614848280368672e-13,0.060987488112130797,1.3154568326123713e-11,94.251818348899761,5.7481816511002357,1.0112489108702059,0.14874078935863574,44591366.846685655,76.861376363487423,62.809928196111699,true
1,187,100,46.75,0.19569511809100057,1.2398419843320027e-11,7.6384373284297895e-13,0.061608151885138795,1.3162263576163005e-11,94.196714505654569,5.803285494345424,1.0113567464013171,0.14944009722277837,44801014.0701757,77.230976420599845,62.66989021700919,true
1,188,100,47,0.19569511809100057,1.2398419843320027e-11,7.7157063384808613e-13,0.062231368480701196,1.3169990477168113e-11,94.14144880980966,5.858551190190334,1.0114648986700647,0.15013796450249492,45010229.4173197,77.599933270399433,62.529941769151769,true
1,189,100,47.25,0.19569511809100057,1.2398419843320027e-11,7.7932903870995039e-13,0.062857126033672286,1.3177748882029977e-11,94.086022994620166,5.9139770053798291,1.0115733642845526,0.15083438761058759,45219011.812702805,77.968244897192989,62.390083104065354,true
1,190,100,47.5,0.19569511809100057,1.2398419843320027e-11,7.8711879971972723e-13,0.063485412630530341,1.3185538643039753e-11,94.030438793372895,5.9695612066271062,1.0116821398528235,0.15152936300800987,45427360.195345551,78.335909303160335,62.250314470381703,true
1,191,100,47.75,0.19569511809100057,1.2398419843320027e-11,7.9493976857159537e-13,0.064116216309604165,1.3193359611891622e-11,93.974697939294487,6.025302060705517,1.0117912219830372,0.15222288720374913,45635273.518668696,78.702924508340203,62.110636113839497,true
1,192,100,48,0.19569511809100057,1.2398419843320027e-11,8.0279179636558143e-13,0.06474952506130098,1.3201211639685607e-11,93.918802165460164,6.0811978345398314,1.0119006072836501,0.15291495675470626,45842750.750457093,79.06928855061517,61.971048277285526,true
1,193,100,48.25,0.19569511809100057,1.2398419843320027e-11,8.1067473361039514e-13,0.065385326828335089,1.3209094576930422e-11,93.862753204703125,6.1372467952968712,1.0120102923635923,0.15360556826557212,46049790.872822665,79.434999485695428,61.831551200676039,true
1,194,100,48.5,0.19569511809100057,1.2398419843320027e-11,8.1858843022627398e-13,0.066023609505957315,1.3217008273546301e-11,93.80655278952446,6.1934472104755347,1.012120273832444,0.15429471838870132,46256392.882166564,79.800055387101551,61.692145121078184,true
1,195,100,48.75,0.19569511809100057,1.2398419843320027e-11,8.2653273554784202e-13,0.066664360942185558,1.3224952578867868e-11,93.750202652003779,6.2497973479962221,1.0122305483006093,0.15498240382398332,46462555.78914056,80.164454346146215,61.552830272671699,true
1,196,100,49,0.19569511809100057,1.2398419843320027e-11,8.3450749832697714e-13,0.067307568938036078,1.3232927341647003e-11,93.69370452371038,6.3062954762896197,1.0123411123794923,0.15566862131870982,46668278.618607216,80.528194471915,61.413606886750649,true
1,197,100,49.25,0.19569511809100057,1.2398419843320027e-11,8.425125667356915e-13,0.067953221247755796,1.3240932410055718e-11,93.63706013561513,6.3629398643848694,1.0124519626816673,0.15635336766744046,46873560.409599699,80.891273891245945,61.274475191725458,true
1,198,100,49.5,0.19569511809100057,1.2398419843320027e-11,8.5054778836902167e-13,0.06860130557905543,1.3248967631689048e-11,93.580271218002892,6.4197287819971027,1.0125630958210512,0.15703663971186516,47078400.215280466,81.253690748708337,61.135435413124895,true
1,199,100,49.75,0.19569511809100057,1.2398419843320027e-11,8.5861301024793024e-13,0.069251809593343497,1.3257032853567957e-11,93.523339500385674,6.4766604996143293,1.0126745084130735,0.1577184343406636,47282797.102899149,81.615443206580466,60.996487773598453,true
1,200,100,50,0.19569511809100057,1.2398419843320027e-11,8.6670807882221839e-13,0.069904720905961254,1.3265127922142245e-11,93.46626671141631,6.5337332885836936,1.0127861970748449,0.15839874848936247,47486750.153749764,81.976529444826085,60.85763249291859,true
1,201,100,50.25,0.19569511809100057,1.2398419843320027e-11,8.7483283997344961e-13,0.070560027086418495,1.3273252683293475e-11,93.409054578802923,6.5909454211970777,1.0128981584253249,0.15907757914018966,47690258.463126987,82.336947661070369,60.718869787983373,true
1,202,100,50.5,0.19569511809100057,1.2398419843320027e-11,8.829871390178825e-13,0.071217715658630082,1.328140698233791e-11,93.351704829223962,6.648295170776036,1.0130103890854885,0.15975492332192595,47893321.140281707,82.696696070574518,60.580199872819136,true
1,203,100,50.75,0.19569511809100057,1.2398419843320027e-11,8.911708207094177e-13,0.071877774101153646,1.3289590664029445e-11,93.294219188243886,6.7057808117561084,1.0131228856784897,0.16043077810975448,48095937.308375888,83.055772906209512,60.441622958583245,true
1,204,100,51,0.19569511809100057,1.2398419843320027e-11,8.993837292425529e-13,0.072540189847427966,1.329780357256258e-11,93.236599380229563,6.7634006197704375,1.0132356448298272,0.16110514062510697,48298106.10443648,83.414176418429051,60.303139253567174,true
1,205,100,51.25,0.19569511809100057,1.2398419843320027e-11,9.0762570825534731e-13,0.07320495028601201,1.3306045551575374e-11,93.178847128267279,6.8211528717327186,1.013348663167505,0.16177800803550804,48499826.679308705,83.771904875241219,60.164748963199514,true
1,206,100,51.5,0.19569511809100057,1.2398419843320027e-11,9.1589660083240181e-13,0.073872042760825291,1.3314316444152429e-11,93.120964154080482,6.8790358459195131,1.0134619373221945,0.16244937755441685,48701098.197608657,84.128956562179582,60.026452290049285,true
1,207,100,51.75,0.19569511809100057,1.2398419843320027e-11,9.2419624950784379e-13,0.074541454571388679,1.3322616092827871e-11,93.062952177948162,6.9370478220518406,1.0135754639273935,0.16311924644106626,48901919.837675005,84.48532978227307,59.888249433829252,true
1,208,100,52,0.19569511809100057,1.2398419843320027e-11,9.3252449626832585e-13,0.075213172973066234,1.3330944339588352e-11,93.004812918623884,6.9951870813761223,1.0136892396195853,0.16378761200029959,49102290.791520111,84.84102285601503,59.750140591399514,true
1,209,100,52.25,0.19569511809100057,1.2398419843320027e-11,9.4088118255603499e-13,0.075887185177307845,1.3339301025876061e-11,92.946548093255558,7.053451906744435,1.0138032610383954,0.16445447158240525,49302210.264780417,85.196034121331351,59.612125956771138,true
1,210,100,52.5,0.19569511809100057,1.2398419843320027e-11,9.4926614927170993e-13,0.076563478351892714,1.3347685992591736e-11,92.888159417305943,7.1118405826940627,1.0139175248267469,0.16511982258294866,49501677.476666085,85.55036193354789,59.474205721109961,true
1,211,100,52.75,0.19569511809100057,1.2398419843320027e-11,9.5767923677767117e-13,0.077242039621173653,1.3356099080097698e-11,92.829648604473618,7.1703513955263789,1.0140320276310151,0.16578366244260245,49700691.659910075,85.904004665356453,59.336380072740482,true
1,212,100,53,0.19569511809100057,1.2398419843320027e-11,9.6612028490085987e-13,0.077922856066322238,1.3364540128220887e-11,92.771017366614984,7.2289826333850193,1.0141467661011807,0.16644598864697366,49899252.060716324,86.256960706780546,59.198649197149933,true
1,213,100,53.25,0.19569511809100057,1.2398419843320027e-11,9.7458913293588708e-13,0.078605914725574683,1.3373008976255913e-11,92.712267413666638,7.287732586333358,1.0142617368909814,0.16710679872642936,50097357.93870753,86.609228465139836,59.061013276992526,true
1,214,100,53.5,0.19569511809100057,1.2398419843320027e-11,9.8308561964809388e-13,0.079291202594478763,1.3381505462968121e-11,92.653400453568707,7.3465995464312872,1.0143769366580617,0.16776609025592001,50295008.566872112,86.960806365013767,58.923472492093651,true
1,215,100,53.75,0.19569511809100057,1.2398419843320027e-11,9.9160958327662099e-13,0.079978706626141288,1.3390029426596648e-11,92.594418192188698,7.4055818078112994,1.014492362064122,0.16842386085480043,50492203.231510602,87.311692848204515,58.786027019454444,true
1,216,100,54,0.19569511809100057,1.2398419843320027e-11,1.0001608615374875e-12,0.080668413731476457,1.3398580704857513e-11,92.535322333246171,7.4646776667538353,1.0146080097750665,0.16908010818664876,50688941.232181355,87.66188637369882,58.648677033256277,true
1,217,100,54.25,0.19569511809100057,1.2398419843320027e-11,1.0087392916266821e-12,0.081360310779455242,1.3407159134946709e-11,92.47611457823804,7.5238854217619577,1.0147238764611486,0.16973482995908357,50885221.881645702,88.011385417629228,58.511422704865446,true
1,218,100,54.5,0.19569511809100057,1.2398419843320027e-11,1.017344710223261e-12,0.082054384597355132,1.3415764553543288e-11,92.416796626364714,7.583203373635282,1.0148399587971162,0.17038802392357866,51081044.505812451,88.360188473234359,58.374264202838106,true
1,219,100,54.75,0.19569511809100057,1.2398419843320027e-11,1.0259769534924588e-12,0.082750621971011157,1.3424396796812486e-11,92.35737017445679,7.6426298255432137,1.0149562534623549,0.17103968787527615,51276408.443681836,88.708294050818267,58.237201692925034,true
1,220,100,55,0.19569511809100057,1.2398419843320027e-11,1.0346358570888071e-12,0.083449009645067337,1.3433055700408833e-11,92.297836916902554,7.702163083097453,1.015072757141029,0.17168981965279742,51471313.047288842,89.05570067770924,58.100235338076871,true
1,221,100,55.25,0.19569511809100057,1.2398419843320027e-11,1.0433212561592623e-12,0.084149534323229025,1.3441741099479289e-11,92.238198545576225,7.7618014544237788,1.0151894665222236,0.17233841713805206,51665757.681645952,89.402406898217478,57.963365298449148,true
1,222,100,55.5,0.19569511809100057,1.2398419843320027e-11,1.0520329853463462e-12,0.084852182668516143,1.3450452828666373e-11,92.178456749766866,7.821543250233133,1.0153063783000824,0.17298547825604549,51859741.724685431,89.748411273592254,57.826591731407703,true
1,223,100,55.75,0.19569511809100057,1.2398419843320027e-11,1.0607708787912927e-12,0.085556941303517056,1.3459190722111319e-11,92.118613216108059,7.8813867838919478,1.0154234891739458,0.17363100097468387,52053264.567200869,90.093712381978037,57.689914791534065,true
1,224,100,56,0.19569511809100057,1.2398419843320027e-11,1.0695347701372064e-12,0.086263796810643278,1.3467954613457233e-11,92.058669628508227,7.9413303714917705,1.0155407958484872,0.17427498330457802,52246325.612788409,90.438308818370047,57.553334630630928,true
1,225,100,56.25,0.19569511809100057,1.2398419843320027e-11,1.0783244925322283e-12,0.086972735732384787,1.3476744335852254e-11,91.998627668081852,8.001372331918148,1.015658295033848,0.17491742329884513,52438924.277787253,90.782199194568875,57.41685139772791,true
1,226,100,56.5,0.19569511809100057,1.2398419843320027e-11,1.0871398786327146e-12,0.087683744571566483,1.3485559721952741e-11,91.93848901308121,8.0615109869187851,1.0157759834457698,0.17555831905290889,52631059.991219789,91.125382139134487,57.280465239087199,true
1,227,100,56.75,0.19569511809100057,1.2398419843320027e-11,1.0959807606064206e-12,0.088396809791604927,1.3494400603926448e-11,91.878255338829021,8.1217446611709789,1.0158938578057282,0.17619766870429776,52822732.194731101,91.467856297339225,57.144176298209537,true
1,228,100,57,0.19569511809100057,1.2398419843320027e-11,1.1048469701356979e-12,0.089111917816766237,1.3503266813455725e-11,91.817928317651692,8.1820716823483099,1.0160119148410618,0.17683547043244191,53013940.342528082,91.809620331120399,57.007984715840081,true
1,229,100,57.25,0.19569511809100057,1.2398419843320027e-11,1.1137383384206972e-12,0.089829055032424387,1.3512158181740724e-11,91.757509618813401,8.2424903811865988,1.0161301512851024,0.17747172245846829,53204683.901318014,92.150672919031862,56.871890629974587,true
1,230,100,57.5,0.19569511809100057,1.2398419843320027e-11,1.1226546961825826e-12,0.090548207785320509,1.352107453950261e-11,91.69700090845086,8.3029990915491325,1.0162485638773018,0.17810642304499399,53394962.350246593,92.491012756195062,56.735894175865603,true
1,231,100,57.75,0.19569511809100057,1.2398419843320027e-11,1.1315958736667555e-12,0.091269362383822841,1.3530015716986782e-11,91.636403849508838,8.3635961504911602,1.0163671493633581,0.17873957049591854,53584775.180835702,92.830638554249163,56.599995486028725,true
1,232,100,58,0.19569511809100057,1.2398419843320027e-11,1.1405617006460853e-12,0.091992505098187391,1.3538981543966113e-11,91.575720101676353,8.4242798983236433,1.0164859044953409,0.17937116315621435,53774121.896920539,93.169549041300613,56.464194690249009,true
1,233,100,58.25,0.19569511809100057,1.2398419843320027e-11,1.1495520064241492e-12,0.092717622160819191,1.3547971849744177e-11,91.51495132132375,8.4850486786762556,1.0166048260318143,0.18000119941171533,53963002.014586292,93.50774296187204,56.32849191558757,true
1,234,100,58.5,0.19569511809100057,1.2398419843320027e-11,1.1585666198384853e-12,0.093444699766534634,1.3556986463158511e-11,91.454099161440325,8.5459008385596782,1.0167239107379591,0.18062967768890487,54151415.062104546,93.845219076850327,56.192887286388064,true
1,235,100,58.75,0.19569511809100057,1.2398419843320027e-11,1.1676053692638481e-12,0.094173724072824164,1.3566025212583874e-11,91.393165271572883,8.6068347284271223,1.0168431553856927,0.18125659645470191,54339360.579869173,94.181976163434044,56.057380924283521,true
1,236,100,59,0.19569511809100057,1.2398419843320027e-11,1.1766680826154783e-12,0.094904681200115915,1.3575087925935505e-11,91.332151297764867,8.667848702235128,1.0169625567537883,0.1818819542162457,54526838.120331764,94.5180130150803,55.921972948203091,true
1,237,100,59.25,0.19569511809100057,1.2398419843320027e-11,1.1857545873523762e-12,0.095637557232039747,1.3584174430672402e-11,91.271058882496391,8.7289411175036165,1.0170821116279927,0.18250574952067905,54713847.247936696,94.853328441450799,55.786663474378997,true
1,238,100,59.5,0.19569511809100057,1.2398419843320027e-11,1.1948647104805901e-12,0.096372338215692438,1.3593284553800616e-11,91.209889664624797,8.7901103353752106,1.0172018168011419,0.18312798095493091,54900387.539055921,95.187921268357371,55.651452616353495,true
1,239,100,59.75,0.19569511809100057,1.2398419843320027e-11,1.2039982785565078e-12,0.097109010161903292,1.3602418121876535e-11,91.148645279326189,8.8513547206738057,1.017321669073276,0.1837486471454968,55086458.581923172,95.52179033770679,55.516340484986024,true
1,240,100,60,0.19569511809100057,1.2398419843320027e-11,1.2131551176901583e-12,0.097847559045500257,1.3611574961010184e-11,91.087327358037612,8.9126726419623949,1.0174416652517526,0.18436774675821871,55272059.976567917,95.854934507444867,55.381327188460396,true
1,241,100,60.25,0.19569511809100057,1.2398419843320027e-11,1.2223350535485246e-12,0.098587970805577269,1.3620754896868551e-11,91.025937528399822,8.9740624716001811,1.0175618021513582,0.18498527849806345,55457191.334748991,96.187352651500134,55.246412832292044,true
1,242,100,60.5,0.19569511809100057,1.2398419843320027e-11,1.2315379113588601e-12,0.099330231345761646,1.3629957754678886e-11,90.964477414201099,9.0355225857989048,1.0176820765944181,0.18560124110889997,55641852.279887766,96.519043659726719,55.11159751933549,true
1,243,100,60.75,0.19569511809100057,1.2398419843320027e-11,1.2407635159120175e-12,0.10007432653448264,1.3639183359232044e-11,90.902948635321536,9.0970513646784692,1.0178024854109065,0.1862156333732754,55826042.447001062,96.850006437846758,54.976881349791718,true
1,244,100,61,0.19569511809100057,1.2398419843320027e-11,1.2500116915657848e-12,0.10082024220524048,1.3648431534885811e-11,90.841352807678192,9.1586471923218156,1.0179230254385523,0.18682845411219021,56009761.48263371,97.180239907391979,54.842264421215802,true
1,245,100,61.25,0.19569511809100057,1.2398419843320027e-11,1.2592822622482289e-12,0.10156796415687602,1.3657702105568256e-11,90.779691543170955,9.2203084568290468,1.0180436935229462,0.18743970218487219,56193009.044790804,97.50974300564512,54.707746828524527,true
1,246,100,61.5,0.19569511809100057,1.2398419843320027e-11,1.2685750514610465e-12,0.10231747815384108,1.3666994894781074e-11,90.717966449629188,9.2820335503708193,1.0181644865176445,0.18804937648854927,56375784.802869596,97.838514685580165,54.573328664004116,true
1,247,100,61.75,0.19569511809100057,1.2398419843320027e-11,1.2778898822829263e-12,0.10306876992646953,1.3676309725602953e-11,90.656179130759,9.3438208692410072,1.0182854012842728,0.18865747595822152,56558088.437591136,98.166553915802623,54.439010017318076,true
1,248,100,62,0.19569511809100057,1.2398419843320027e-11,1.2872265773729168e-12,0.10382182517124905,1.3685646420692943e-11,90.594331186091381,9.4056688139086155,1.0184064346926269,0.18926399956643217,56739919.640931636,98.493859680488868,54.30479097551504,true
1,249,100,62.25,0.19569511809100057,1.2398419843320027e-11,1.2965849589738023e-12,0.10457662955109327,1.3695004802293829e-11,90.53242421093104,9.4675757890689631,1.0185275836207734,0.18986894632303755,56921278.116053492,98.82043097932501,54.170671623036831,true
1,250,100,62.5,0.19569511809100057,1.2398419843320027e-11,1.305964848915487e-12,0.10533316869561485,1.3704384692235514e-11,90.470459796305875,9.529540203694129,1.0186488449551485,0.19047231527497632,57102163.577236101,99.14626682744526,54.036652041726434,true
1,251,100,62.75,0.19569511809100057,1.2398419843320027e-11,1.3153660686183864e-12,0.10609142820139894,1.3713785911938413e-11,90.408439528917341,9.5915604710826514,1.0187702155906548,0.19107410550603754,57282575.74980633,99.471366255369688,53.9027323108362,true
1,252,100,63,0.19569511809100057,1.2398419843320027e-11,1.3247884390968293e-12,0.10685139363227757,1.3723208282416855e-11,90.346364991091463,9.6536350089085357,1.0188916924307578,0.19167431613662836,57462514.370068878,99.795728308941634,53.768912507036077,true
1,253,100,63.25,0.19569511809100057,1.2398419843320027e-11,1.3342317809624641e-12,0.10761305051960443,1.3732651624282491e-11,90.28423776073052,9.7157622392694734,1.0190132723875793,0.19227294632354056,57641979.18523629,100.11935204926434,53.63519270442179,true
1,254,100,63.5,0.19569511809100057,1.2398419843320027e-11,1.3436959144276742e-12,0.10837638436253033,1.3742115757747701e-11,90.222059411265633,9.7779405887343707,1.0191349523819917,0.1928699952597161,57820969.953358635,100.44223655263733,53.50157297452337,true
1,255,100,63.75,0.19569511809100057,1.2398419843320027e-11,1.3531806593089998e-12,0.10914138062827912,1.3751600502629026e-11,90.159831511609866,9.8401684883901268,1.0192567293437085,0.1934654621740125,57999486.443253234,100.76438091049202,53.368053386313463,true
1,256,100,64,0.19569511809100057,1.2398419843320027e-11,1.3626858350305712e-12,0.10990802475242471,1.3761105678350597e-11,90.097555626112282,9.9024443738877128,1.0193786002113752,0.19405934633096725,58177528.434433952,101.08578422932716,53.234634006215941,true
1,257,100,64.25,0.19569511809100057,1.2398419843320027e-11,1.3722112606275434e-12,0.11067630213916801,1.377063110394757e-11,90.035233314512524,9.9647666854874757,1.0195005619326574,0.19465164703056109,58355095.717040308,101.40644563064359,53.101314898114452,true
1,258,100,64.5,0.19569511809100057,1.2398419843320027e-11,1.3817567547495438e-12,0.11144619816161504,1.378017659806957e-11,89.972866131896225,10.027133868103769,1.0196226114643283,0.19524236360798145,58532188.091766506,101.72636425087848,52.968096123361015,true
1,259,100,64.75,0.19569511809100057,1.2398419843320027e-11,1.3913221356641243e-12,0.11221769816205535,1.3789741978984151e-11,89.91045562865115,10.089544371348845,1.019744745772355,0.19583149543338485,58708805.369790219,102.04553924133923,52.834977740784851,true
1,260,100,65,0.19569511809100057,1.2398419843320027e-11,1.4009072212602201e-12,0.11299078745224099,1.3799327064580247e-11,89.848003350424008,10.151996649575993,1.0198669618319822,0.19641904191165827,58884947.372701049,102.36396976813695,52.701959806701126,true
1,261,100,65.25,0.19569511809100057,1.2398419843320027e-11,1.4105118290516181e-12,0.11376545131366626,1.3808931672371645e-11,89.785510838077982,10.214489161922016,1.0199892566278157,0.19700500248218095,59060613.932429127,102.68165501211932,52.569042374919789,true
1,262,100,65.5,0.19569511809100057,1.2398419843320027e-11,1.4201357761804308e-12,0.1145416749978479,1.3818555619500457e-11,89.722979627651057,10.277020372348938,1.0201116271539044,0.19758937661858456,59235804.891173191,102.99859416880322,52.436225496754524,true
1,263,100,65.75,0.19569511809100057,1.2398419843320027e-11,1.4297788794205775e-12,0.11531944372660588,1.3828198722740603e-11,89.660411250314965,10.339588749685038,1.02023407041382,0.19817216382851377,59410520.101328835,103.31478644830678,52.30350922103171,true
1,264,100,66,0.19569511809100057,1.2398419843320027e-11,1.4394409551812725e-12,0.1160987426923447,1.3837860798501299e-11,89.597807232334858,10.402192767665145,1.0203565834207358,0.19875336365338586,59584759.42541641,103.63023107528097,52.170893594099496,true
1,265,100,66.25,0.19569511809100057,1.2398419843320027e-11,1.4491218195105207e-12,0.11687955705833539,1.3847541662830547e-11,89.535169095029758,10.464830904970238,1.020479163197505,0.19933297566814992,59758522.73600886,103.9449272888411,52.038378659836901,true
1,266,100,66.5,0.19569511809100057,1.2398419843320027e-11,1.4588212880986206e-12,0.11766187195899797,1.3857241131418648e-11,89.472498354733673,10.52750164526633,1.020601806776736,0.19991099948104571,59931809.91565942,104.25887434249751,51.905964459662968,true
1,267,100,66.75,0.19569511809100057,1.2398419843320027e-11,1.4685391762816714e-12,0.1184456725001844,1.3866959019601698e-11,89.409796522757361,10.590203477242643,1.0207245112008672,0.20048743473336211,60104620.856829204,104.5720715040861,51.77365103254597,true
1,268,100,67,0.19569511809100057,1.2398419843320027e-11,1.4782752990450904e-12,0.11923094375946222,1.3876695142365117e-11,89.347065105350893,10.652934894649102,1.0208472735222409,0.2010622810991953,60276955.461814702,104.88451805569846,51.641438415012757,true
1,269,100,67.25,0.19569511809100057,1.2398419843320027e-11,1.4880294710271341e-12,0.12001767078639855,1.3886449314347161e-11,89.284305603666908,10.715694396333095,1.0209700908031747,0.20163553828520625,60448813.642675087,105.19621329361159,51.509326641158069,true
1,270,100,67.5,0.19569511809100057,1.2398419843320027e-11,1.4978015065224284e-12,0.12080583860284487,1.3896221349842454e-11,89.221519513724431,10.778480486275569,1.0210929601160323,0.20220720603037839,60620195.321159564,105.50715652821721,51.37731574265387,true
1,271,100,67.75,0.19569511809100057,1.2398419843320027e-11,1.5075912194855037e-12,0.12159543220322208,1.390601106280553e-11,89.158708326373585,10.841291673626413,1.021215878543293,0.20277728410577459,60791100.428634495,105.81734708395082,51.245405748758856,true
1,272,100,68,0.19569511809100057,1.2398419843320027e-11,1.517398423534337e-12,0.12238643655480623,1.3915818266854364e-11,89.095873527260849,10.904126472739151,1.0213388431776189,0.20334577231429415,60961528.90601059,106.12678429922033,51.113596686327952,true
1,273,100,68.25,0.19569511809100057,1.2398419843320027e-11,1.5272229319538993e-12,0.1231788365980146,1.3925642775273926e-11,89.033016596795065,10.96698340320494,1.0214618511219224,0.20391267049042924,61131480.703669846,106.43546752633431,50.981888579821863,true
1,274,100,68.5,0.19569511809100057,1.2398419843320027e-11,1.5370645576997123e-12,0.12397261724669262,1.3935484401019739e-11,88.970139010114096,11.029860989885909,1.0215848994894305,0.20447797850002178,61300955.781392679,106.74339613143012,50.850281451316597,true
1,275,100,68.75,0.19569511809100057,1.2398419843320027e-11,1.5469231134014084e-12,0.12476776338840095,1.3945342956721435e-11,88.907242237052216,11.09275776294778,1.0217079854037492,0.20504169624001917,61469954.108284704,107.05056949440142,50.718775320513203,true
1,276,100,69,0.19569511809100057,1.2398419843320027e-11,1.5567984113662978e-12,0.12556425988470327,1.3955218254686324e-11,88.844327742108177,11.155672257891823,1.0218311059989265,0.20560382363823052,61638475.662703626,107.35698700882557,50.587370204747451,true
1,277,100,69.25,0.19569511809100057,1.2398419843320027e-11,1.5666902635829424e-12,0.12636209157145439,1.3965110106902969e-11,88.781396984413846,11.218603015586149,1.0219542584195118,0.20616436065308308,61806520.432186261,107.66264808189067,50.456066118999495,true
1,278,100,69.5,0.19569511809100057,1.2398419843320027e-11,1.5765984817247341e-12,0.12716124325908901,1.397501832504476e-11,88.718451417703704,11.28154858229629,1.0220774398206183,0.20672330727337734,61974088.413375072,107.96755213432225,50.324863075903764,true
1,279,100,69.75,0.19569511809100057,1.2398419843320027e-11,1.5865228771534826e-12,0.12796169973291099,1.3984942720473508e-11,88.655492490284828,11.344507509715172,1.0222006473679794,0.20728066351804347,62141179.611945182,108.27169860030975,50.193761085758744,true
1,280,100,70,0.19569511809100057,1.2398419843320027e-11,1.5964632609230037e-12,0.12876344575338286,1.3994883104243031e-11,88.592521645007665,11.407478354992341,1.0223238782380075,0.2078364294358967,62307794.042531021,108.57508692743268,50.062760156536783,true
1,281,100,70.25,0.19569511809100057,1.2398419843320027e-11,1.6064194437827207e-12,0.12956646605641614,1.4004839287102747e-11,88.529540319237398,11.470459680762598,1.022447129617849,0.20839060510539312,62473931.728653155,108.87771657658649,49.931860293894097,true
1,282,100,70.5,0.19569511809100057,1.2398419843320027e-11,1.6163912361812621e-12,0.13037074535366175,1.4014811079501289e-11,88.466549944826085,11.533450055173921,1.0225703987054391,0.20894319063438532,62639592.702644952,109.17958702190819,49.801061501180726,true
1,283,100,70.75,0.19569511809100057,1.2398419843320027e-11,1.6263784482700752e-12,0.13117626833280124,1.4024798291590101e-11,88.403551948085237,11.596448051914763,1.0226936827095561,0.20949418615987811,62804777.005579442,109.48069775070167,49.670363779450398,true
1,284,100,71,0.19569511809100057,1.2398419843320027e-11,1.6363808899070379e-12,0.13198301965783818,1.4034800733227064e-11,88.340547749759324,11.659452250240674,1.0228169788498722,0.21004359184778423,62969484.687195994,109.78104826336289,49.539767127470718,true
1,285,100,71.25,0.19569511809100057,1.2398419843320027e-11,1.6463983706600796e-12,0.13279098396939024,1.4044818213980105e-11,88.27753876499969,11.722461235000303,1.0229402843570057,0.2105914078926803,63133715.80582723,110.08063807330468,49.409271541733119,true
1,286,100,71.5,0.19569511809100057,1.2398419843320027e-11,1.6564306998108075e-12,0.1336001458849817,1.4054850543130833e-11,88.214526403339292,11.785473596660703,1.0230635964725689,0.21113763451756248,63297470.428325698,110.37946670688143,49.278877016463014,true
1,287,100,71.75,0.19569511809100057,1.2398419843320027e-11,1.6664776863581348e-12,0.13441048999933594,1.4064897529678162e-11,88.151512068667969,11.848487931332036,1.0231869124492181,0.21168227197360251,63460748.629990809,110.67753370331336,49.148583543629925,true
1,288,100,72,0.19569511809100057,1.2398419843320027e-11,1.6765391390219202e-12,0.13522200088466915,1.4074958982341947e-11,88.088497159208345,11.911502840791648,1.0233102295507002,0.21222532053990392,63623550.494495682,110.97483861461086,49.018391112957609,true
1,289,100,72.25,0.19569511809100057,1.2398419843320027e-11,1.6866148662466088e-12,0.13603466309098386,1.4085034709566636e-11,88.025483067492544,11.974516932507454,1.0234335450518972,0.21276678052325831,63785876.113814138,111.27138100549838,48.888299711934323,true
1,290,100,72.5,0.19569511809100057,1.2398419843320027e-11,1.6967046762048779e-12,0.13684846114636309,1.4095124519524905e-11,87.962471180339264,12.037528819660739,1.0235568562388733,0.21330665225790157,63947725.588147566,111.56716045333822,48.758309325822992,true
1,291,100,72.75,0.19569511809100057,1.2398419843320027e-11,1.7068083768012897e-12,0.1376633795572649,1.4105228220121316e-11,87.899462878831685,12.100537121168323,1.0236801604089156,0.21384493610527075,64109099.025852062,111.86217654805405,48.628419937671552,true
1,292,100,73,0.19569511809100057,1.2398419843320027e-11,1.7169257756759492e-12,0.13847940280881743,1.4115345618995975e-11,87.836459538295927,12.163540461704075,1.0238034548705783,0.2143816324537608,64269996.543365523,112.15642889205434,48.498631528323116,true
1,293,100,73.25,0.19569511809100057,1.2398419843320027e-11,1.7270566802081656e-12,0.13929651536511425,1.4125476523528193e-11,87.773462528280149,12.226537471719855,1.0239267369437226,0.2149167417184816,64430418.265134744,112.44991710015559,48.368944076426438,true
1,294,100,73.5,0.19569511809100057,1.2398419843320027e-11,1.7372008975201204e-12,0.14011470166951015,1.4135620740840147e-11,87.710473212534211,12.289526787465793,1.0240500039595564,0.21545026434101544,64590364.323542766,112.74264079950524,48.239357558446109,true
1,295,100,73.75,0.19569511809100057,1.2398419843320027e-11,1.7473582344805389e-12,0.14093394614491733,1.4145778077800566e-11,87.647492948990021,12.352507051009979,1.0241732532606731,0.21598220078917454,64749834.858836174,113.03459962950465,48.109871948673039,true
1,296,100,74,0.19569511809100057,1.2398419843320027e-11,1.7575284977083658e-12,0.14175423319410177,1.4155948341028393e-11,87.584523089742461,12.415476910257544,1.0242964822010894,0.21651255155675878,64908830.019052438,113.32579324173172,47.980487219234796,true
1,297,100,74.25,0.19569511809100057,1.2398419843320027e-11,1.7677114935764494e-12,0.1425755471999805,1.4166131336896476e-11,87.521564981030878,12.478435018969128,1.0244196881462804,0.21704131716331418,65067349.959947549,113.61622129986341,47.851203340106061,true
1,298,100,74.5,0.19569511809100057,1.2398419843320027e-11,1.7779070282152278e-12,0.14339787252591885,1.4176326871535254e-11,87.458619963221224,12.541380036778778,1.0245428684732154,0.21756849815389143,65225394.844923571,113.9058834795983,47.722020279119015,true
1,299,100,74.75,0.19569511809100057,1.2398419843320027e-11,1.7881149075164177e-12,0.14422119351602788,1.4186534750836444e-11,87.395689370788801,12.604310629211195,1.0246660205703915,0.21809409509880459,65382964.844956383,114.19477946857864,47.592938001973828,true
1,300,100,75,0.19569511809100057,1.2398419843320027e-11,1.7983349371367111e-12,0.14504549449546275,1.4196754780456738e-11,87.332774532301556,12.667225467698437,1.0247891418378658,0.21861810859339054,65540060.138523474,114.48290896631258,47.463956472249194,true
1,301,100,75.25,0.19569511809100057,1.2398419843320027e-11,1.808566922501476e-12,0.145870759770721,1.4206986765821502e-11,87.269876770403982,12.730123229596025,1.0249122296872879,0.21914053925776864,65696680.911531955,114.77027168409623,47.335075651412701,true
1,302,100,75.5,0.19569511809100057,1.2398419843320027e-11,1.8188106688084604e-12,0.14669697362994141,1.4217230512128487e-11,87.206997401801544,12.793002598198452,1.0250352815419292,0.2196613877366006,65852827.357246548,115.05686734493545,47.206295498831487,true
1,303,100,75.75,0.19569511809100057,1.2398419843320027e-11,1.8290659810315006e-12,0.14752412034320309,1.4227485824351527e-11,87.14413773724587,12.855862262754126,1.0251582948367131,0.22018065469885129,66008499.676217876,115.34269568346768,47.077615971782706,true
1,304,100,76,0.19569511809100057,1.2398419843320027e-11,1.8393326639242349e-12,0.14835218416282486,1.4237752507244261e-11,87.081299081520271,12.918700918479729,1.0252812670182421,0.22069834083754944,66163698.076210722,115.62775644588365,46.949037025464101,true
1,305,100,76.25,0.19569511809100057,1.2398419843320027e-11,1.8496105220238192e-12,0.14918114932366525,1.4248030365343846e-11,87.018482733425998,12.981517266574009,1.0254041955448256,0.22121444686954905,66318422.772132516,115.91204938984882,46.820558613004572,true
1,306,100,76.5,0.19569511809100057,1.2398419843320027e-11,1.8598993596546512e-12,0.15001100004342252,1.4258319202974677e-11,86.95568998576897,13.044310014231025,1.0255270778865055,0.22172897353529147,66472673.985961981,116.19557428442501,46.692180685474717,true
1,307,100,76.75,0.19569511809100057,1.2398419843320027e-11,1.8701989809320935e-12,0.15084172052293521,1.426861882425212e-11,86.892922125347212,13.107077874652795,1.0256499115250812,0.22224192159856762,66626451.946677878,116.47833090999183,46.563903191897538,true
1,308,100,77,0.19569511809100057,1.2398419843320027e-11,1.8805091897662038e-12,0.15167329494648282,1.427892903308623e-11,86.83018043293859,13.169819567061417,1.0257726939541325,0.2227532918462809,66779756.890187912,116.76031905816787,46.435726079258906,true
1,309,100,77.25,0.19569511809100057,1.2398419843320027e-11,1.8908297898654666e-12,0.15250570748208697,1.4289249633185494e-11,86.7674661832894,13.232533816710605,1.0258954226790433,0.22326308508821044,66932589.059257753,117.04153853173202,46.307649292518313,true
1,310,100,77.5,0.19569511809100057,1.2398419843320027e-11,1.9011605847405338e-12,0.15333894228181294,1.429958042806056e-11,86.704780645103256,13.295219354896741,1.0260180952170228,0.22377130215677546,67084948.703440413,117.32198914454469,46.179672774619419,true
1,311,100,77.75,0.19569511809100057,1.2398419843320027e-11,1.911501377707962e-12,0.15417298348207117,1.4309921221027988e-11,86.642125081030713,13.357874918969294,1.0261407090971251,0.22427794390679945,67236836.079005525,117.60167072146901,46.051796466500754,true
1,312,100,78,0.19569511809100057,1.2398419843320027e-11,1.9218519718939597e-12,0.15500781520391954,1.4320271815213986e-11,86.579500747659225,13.420499252340775,1.0262632618602701,0.2247830112152753,67388251.448868945,117.88058309829174,45.924020307106296,true
1,313,100,78.25,0.19569511809100057,1.2398419843320027e-11,1.9322121702381332e-12,0.15584342155336536,1.4330632013558159e-11,86.516908895503889,13.483091104496118,1.0263857510592609,0.22528650498113109,67539195.082522526,118.15872612164452,45.796344233396205,true
1,314,100,78.5,0.19569511809100057,1.2398419843320027e-11,1.9425817754972396e-12,0.15667978662166829,1.4341001618817266e-11,86.454350768998466,13.545649231001541,1.0265081742588011,0.22578842612499636,67689667.255964071,118.43609964892468,45.668768180357432,true
1,315,100,78.75,0.19569511809100057,1.2398419843320027e-11,1.952960590248943e-12,0.15751689448564299,1.435138043356897e-11,86.391827606487112,13.60817239351289,1.026630529035512,0.22628877558896895,67839668.251627401,118.71270354821637,45.541292081014447,true
1,316,100,79,0.19569511809100057,1.2398419843320027e-11,1.9633484168955703e-12,0.1583547292079624,1.4361768260215597e-11,86.329340640216572,13.670659359783436,1.0267528129779466,0.22678755433638251,67989198.358312666,118.98853769821149,45.413915866439851,true
1,317,100,79.25,0.19569511809100057,1.2398419843320027e-11,1.9737450576678776e-12,0.15919327483746121,1.4372164900987904e-11,86.266891096328791,13.733108903671205,1.0268750236866051,0.22728476335157488,68138257.871116951,119.26360198813052,45.286639465765091,true
1,318,100,79.5,0.19569511809100057,1.2398419843320027e-11,1.984150314628809e-12,0.16003251540943922,1.4382570157948836e-11,86.204480194854284,13.795519805145714,1.0269971587739473,0.22778040363965663,68286847.091364801,119.5378963176435,45.159462806191172,true
1,319,100,79.75,0.19569511809100057,1.2398419843320027e-11,1.9945639896772717e-12,0.16087243494596573,1.4392983832997298e-11,86.142109149705689,13.857890850294309,1.0271192158644054,0.22827447622628086,68434966.326539308,119.81142059679098,45.032385812999316,true
1,320,100,80,0.19569511809100057,1.2398419843320027e-11,2.004985884551904e-12,0.16171301745618355,1.440340572787193e-11,86.079779168672104,13.920220831327898,1.0272411925943952,0.22876698215741331,68582615.890213087,120.08417474590485,44.905408409561623,true
1,321,100,80.25,0.19569511809100057,1.2398419843320027e-11,2.0154158008348501e-12,0.1625542469366133,1.4413835644154876e-11,86.017491453413754,13.982508546586244,1.0273630866123262,0.22925792249910321,68729796.101979658,120.35615869552933,44.778530517351832,true
1,322,100,80.5,0.19569511809100057,1.2398419843320027e-11,2.0258535399555389e-12,0.16339610737145835,1.4424273383275565e-11,85.955247199457233,14.04475280054276,1.0274848955786113,0.22974729833725505,68876507.287385002,120.62737238634179,44.651752055955924,true
1,323,100,80.75,0.19569511809100057,1.2398419843320027e-11,2.0362989031944616e-12,0.16423858273290939,1.4434718746514488e-11,85.893047596191224,14.106952403808776,1.0276066171656748,0.2302351107774008,69022749.777859271,120.89781576907379,44.525072943082932,true
1,324,100,81,0.19569511809100057,1.2398419843320027e-11,2.0467516916869602e-12,0.16508165698145003,1.4445171535006987e-11,85.830893826862606,14.169106173137392,1.0277282490579605,0.23072136094447301,69168523.910648763,121.16748880443194,44.3984930945755,true
1,325,100,81.25,0.19569511809100057,1.2398419843320027e-11,2.0572117064270092e-12,0.1659253140661619,1.4455631549747036e-11,85.768787068573218,14.231212931426777,1.0278497889519373,0.23120604998257882,69313830.028748155,121.43639146301899,44.272012424420652,true
1,326,100,81.5,0.19569511809100057,1.2398419843320027e-11,2.0676787482710055e-12,0.16676953792503016,1.4466098591591032e-11,85.706728492276952,14.293271507723045,1.0279712345561058,0.23168917905477443,69458668.480832949,121.70452372525477,44.145630844760447,true
1,327,100,81.75,0.19569511809100057,1.2398419843320027e-11,2.0781526179415599e-12,0.16761431248524941,1.4476572461261586e-11,85.644719262777372,14.355280737222625,1.0280925835910024,0.23217074934284035,69603039.621191993,121.97188558129727,44.019348265902707,true
1,328,100,82,0.19569511809100057,1.2398419843320027e-11,2.0886331160312921e-12,0.16845962166352979,1.4487052959351319e-11,85.582760538725779,14.417239461274216,1.0282138337892028,0.23265076204705798,69746943.809660628,122.23847703096371,43.89316459633158,true
1,329,100,82.25,0.19569511809100057,1.2398419843320027e-11,2.0991200430066254e-12,0.16930544936640304,1.4497539886326653e-11,85.520853472619791,14.479146527380204,1.0283349828953257,0.23312921838598602,69890381.411553547,122.50429808365172,43.767079742718344,true
1,330,100,82.5,0.19569511809100057,1.2398419843320027e-11,2.1096131992115868e-12,0.17015177949052887,1.4508033042531613e-11,85.45899921080229,14.541000789197712,1.0284560286660338,0.23360611959623886,70033352.797598422,122.76934875826059,43.641093609932,true
1,331,100,82.75,0.19569511809100057,1.2398419843320027e-11,2.1201123848716087e-12,0.17099859592300182,1.4518532228191635e-11,85.397198893460867,14.602801106539133,1.0285769688700357,0.23408146693226478,70175858.343869373,123.03362908311239,43.515206101049891,true
1,332,100,83,0.19569511809100057,1.2398419843320027e-11,2.1306174000973292e-12,0.17184588254165753,1.4529037243417355e-11,85.33545365462777,14.664546345372225,1.0286978012880856,0.23455526166612528,70317898.431720868,123.29713909587338,43.389417117368453,true
1,333,100,83.25,0.19569511809100057,1.2398419843320027e-11,2.1411280448884009e-12,0.17269362321538012,1.4539547888208427e-11,85.273764622180195,14.726235377819799,1.0288185237129832,0.23502750508727557,70459473.447721854,123.55987884347545,43.263726558413808,true
1,334,100,83.5,0.19569511809100057,1.2398419843320027e-11,2.1516441191372987e-12,0.17354180180440923,1.4550063962457324e-11,85.212132917841046,14.787867082158948,1.0289391339495713,0.23549819850234582,70600583.783590168,123.82184838203749,43.138134321952364,true
1,335,100,83.75,0.19569511809100057,1.2398419843320027e-11,2.1621654226331273e-12,0.17439040216064716,1.4560585265953153e-11,85.150559657180168,14.849440342819829,1.0290596298147339,0.23596734323492283,70741229.836127192,124.08304777678701,43.012640304001458,true
1,336,100,84,0.19569511809100057,1.2398419843320027e-11,2.1726917550654343e-12,0.17523940812796632,1.457111159838546e-11,85.089045949615965,14.910954050384033,1.0291800091373939,0.23643494062533282,70881412.007152587,124.34347710198165,42.887244398840018,true
1,337,100,84.25,0.19569511809100057,1.2398419843320027e-11,2.1832229160280228e-12,0.17608880354251685,1.4581642759348049e-11,85.027592898417467,14.972407101582535,1.0293002697585072,0.23690099203042556,71021130.703439683,124.60313644083111,42.761946499019082,true
1,338,100,84.5,0.19569511809100057,1.2398419843320027e-11,2.1937587050227685e-12,0.17693857223303447,1.4592178548342796e-11,84.966201600706782,15.033798399293223,1.0294204095310597,0.23736549882335845,71160386.336650729,124.86202588541876,42.636746495372456,true
1,339,100,84.75,0.19569511809100057,1.2398419843320027e-11,2.2042989214634369e-12,0.1777886980211483,1.4602718764783463e-11,84.904873147461984,15.095126852538021,1.0295404263200607,0.23782846239338237,71299179.32327266,125.12014553662365,42.511644277027258,true
1,340,100,85,0.19569511809100057,1.2398419843320027e-11,2.2148433646795004e-12,0.17863916472168873,1.4613263207999526e-11,84.843608623520439,15.15639137647956,1.0296603180025359,0.23828988414562821,71437510.084553108,125.37749550404253,42.386639731414469,true
1,341,100,85.25,0.19569511809100057,1.2398419843320027e-11,2.2253918339199586e-12,0.17948995614299565,1.4623811677239987e-11,84.782409107582509,15.217590892417498,1.0297800824675218,0.23874976550089344,71575379.046436444,125.63407590591189,42.261732744279556,true
1,342,100,85.5,0.19569511809100057,1.2398419843320027e-11,2.2359441283571624e-12,0.18034105608722678,1.4634363971677188e-11,84.721275672215569,15.278724327784431,1.0298997176160563,0.23920810789543132,71712786.639500558,125.88988686903028,42.13692319969288,true
1,343,100,85.75,0.19569511809100057,1.2398419843320027e-11,2.246500047090638e-12,0.18119244835066614,1.4644919890410664e-11,84.660209383858614,15.339790616141384,1.0300192213611701,0.23966491278073937,71849733.298893467,126.14492852868067,42.012210980060352,true
1,344,100,86,0.19569511809100057,1.2398419843320027e-11,2.2570593891509076e-12,0.18204411672403217,1.4655479232470935e-11,84.599211302827086,15.400788697172915,1.030138591627878,0.24012018162334961,71986219.464270413,126.39920102855284,41.887595966133823,true
1,345,100,86.25,0.19569511809100057,1.2398419843320027e-11,2.2676219535033194e-12,0.18289604499278672,1.4666041796823344e-11,84.538282483318127,15.461717516681869,1.0302578263531674,0.24057391590461991,72122245.5797313,126.65270452066601,41.763078037021685,true
1,346,100,86.5,0.19569511809100057,1.2398419843320027e-11,2.2781875390518738e-12,0.18374821693744361,1.46766073823719e-11,84.477423973416307,15.522576026583698,1.0303769234859883,0.2410261171205253,72257812.093758166,126.90543916529163,41.638657070199258,true
1,347,100,86.75,0.19569511809100057,1.2398419843320027e-11,2.2887559446430521e-12,0.18460061633387737,1.4687175787963079e-11,84.416636815099537,15.583363184900458,1.0304958809872404,0.24147678678145171,72392919.459153309,127.15740513087616,41.51433294151925,true
1,348,100,87,0.19569511809100057,1.2398419843320027e-11,2.2993269690696457e-12,0.18545322695363217,1.4697746812389673e-11,84.355922044245617,15.644077955754385,1.0306146968297618,0.24192592641198932,72527568.132977396,127.4086025939641,41.390105525222246,true
1,349,100,87.25,0.19569511809100057,1.2398419843320027e-11,2.309900411074588e-12,0.18630603256423095,1.4708320254394615e-11,84.295280690638847,15.704719309361149,1.0307333689983145,0.24237353755072769,72661758.576487958,127.65903173912118,41.265974693947058,true
1,350,100,87.5,0.19569511809100057,1.2398419843320027e-11,2.3204760693547835e-12,0.18715901692948403,1.4718895912674809e-11,84.234713777977305,15.765286222022697,1.0308518954895716,0.24281962175005134,72795491.255078152,127.90869275885748,41.141940318741206,true
1,351,100,87.75,0.19569511809100057,1.2398419843320027e-11,2.3310537425649432e-12,0.18801216380979868,1.4729473585884971e-11,84.17422232388023,15.825777676119777,1.0309702743121019,0.24326418057593682,72928766.638215959,128.15758585355113,41.018002269071182,true
1,352,100,88,0.19569511809100057,1.2398419843320027e-11,2.3416332293214171e-12,0.1888654569624881,1.4740053072641444e-11,84.113807339895885,15.88619266010412,1.0310885034863546,0.24370721560775069,73061585.199383542,128.40571123137173,40.894160412832939,true
1,353,100,88.25,0.19569511809100057,1.2398419843320027e-11,2.3522143282060275e-12,0.18971888014208074,1.4750634171526054e-11,84.053469831509801,15.946530168490206,1.031206581044644,0.24414872843804777,73193947.416016847,128.65306910820405,40.770414616362103,true
1,354,100,88.5,0.19569511809100057,1.2398419843320027e-11,2.362796837769903e-12,0.1905724171006293,1.4761216681089931e-11,83.993210798153257,16.00678920184674,1.0313245050311315,0.24458872067237145,73325853.769445643,128.89965970757214,40.646764744444397,true
1,355,100,88.75,0.19569511809100057,1.2398419843320027e-11,2.3733805565373163e-12,0.19142605158802048,1.4771800399857344e-11,83.933031233212191,16.066968766787813,1.0314422735018096,0.24502719392905431,73457304.744833872,129.14548326056325,40.523210660325852,true
1,356,100,89,0.19569511809100057,1.2398419843320027e-11,2.3839652830095185e-12,0.19227976735228419,1.4782385126329543e-11,83.872932124036367,16.12706787596364,1.0315598845244829,0.24546414983902007,73588300.831120133,129.39054000575209,40.399752225723098,true
1,357,100,89.25,0.19569511809100057,1.2398419843320027e-11,2.3945508156685749e-12,0.19313354813990283,1.4792970658988602e-11,83.812914451948956,16.187085548051041,1.0316773361787497,0.2458995900455862,73718842.520958617,129.63483018912538,40.276389300833664,true
1,358,100,89.5,0.19569511809100057,1.2398419843320027e-11,2.4051369529812028e-12,0.19398737769612096,1.4803556796301231e-11,83.752979192256404,16.247020807743599,1.0317946265559832,0.24633351620426794,73848930.310660318,129.87835406400626,40.153121744346109,true
1,359,100,89.75,0.19569511809100057,1.2398419843320027e-11,2.4157234934026063e-12,0.1948412397652545,1.4814143336722634e-11,83.693127314258575,16.306872685741425,1.0319117537593108,0.24676592998258326,73978564.700134531,130.12111189097925,40.029949413450318,true
1,360,100,90,0.19569511809100057,1.2398419843320027e-11,2.4263102353803167e-12,0.19569511809100051,1.4824730078700342e-11,83.633359781259315,16.366640218740677,1.0320287159035937,0.24719683305985862,74107746.192830682,130.36310393781503,39.906872163847595,true
1,361,100,90.25,0.19569511809100057,1.2398419843320027e-11,2.4368969773580271e-12,0.19654899641674653,1.4835316820678053e-11,83.573677550577258,16.426322449422742,1.0321455111154063,0.24762622712703594,74236475.295680389,130.60433047939577,39.783889849760854,true
1,362,100,90.5,0.19569511809100057,1.2398419843320027e-11,2.4474835177794318e-12,0.19740285848588018,1.484590336109946e-11,83.514081573556894,16.485918426443103,1.0322621375330139,0.24805411388648063,74364752.519039959,130.8447917976404,39.661002323944736,true
1,363,100,90.75,0.19569511809100057,1.2398419843320027e-11,2.4580696550920589e-12,0.19825668804209823,1.4856489498412085e-11,83.454572795580106,16.545427204419902,1.0323785933063501,0.24848049505179073,74492578.376633182,131.08448818143003,39.538209437695713,true
1,364,100,91,0.19569511809100057,1.2398419843320027e-11,2.4686551877511153e-12,0.19911046882971686,1.4867075031071141e-11,83.395152156077785,16.604847843922222,1.0324948765969946,0.24890537234760657,74619953.385494202,131.32341992653389,39.415511040862157,true
1,365,100,91.25,0.19569511809100057,1.2398419843320027e-11,2.4792399142233171e-12,0.19996418459398055,1.4877659757543344e-11,83.335820588541949,16.664179411458047,1.0326109855781491,0.24932874750942241,74746878.065911129,131.56158733553505,39.292906981854344,true
1,366,100,91.5,0.19569511809100057,1.2398419843320027e-11,2.4898236329907312e-12,0.20081781908137181,1.4888243476310759e-11,83.276579020538037,16.723420979461967,1.0327269184346133,0.24975062228339831,74873352.941369548,131.79899071775679,39.170397107654551,true
1,367,100,91.75,0.19569511809100057,1.2398419843320027e-11,2.5004061425546067e-12,0.20167135603992037,1.4898825985874633e-11,83.217428373717453,16.782571626282543,1.0328426733627605,0.2501709984261733,74999378.538496628,132.03563038918867,39.047981263826941,true
1,368,100,92,0.19569511809100057,1.2398419843320027e-11,2.5109872414392166e-12,0.20252477921951295,1.4909407084759243e-11,83.158369563830547,16.841630436169449,1.0329582485705118,0.25058987770467989,75124955.387005374,132.2715066724133,38.925659294527655,true
1,369,100,92.25,0.19569511809100057,1.2398419843320027e-11,2.5215667281956902e-12,0.20337807237220235,1.4919986571515716e-11,83.099403500739712,16.900596499260288,1.033073642277311,0.25100726189595912,75250084.019639328,132.50661989653292,38.803431042514624,true
1,370,100,92.5,0.19569511809100057,1.2398419843320027e-11,2.5321444014058503e-12,0.20423121925251703,1.4930564244725878e-11,83.040531088432829,16.959468911567178,1.033188852714098,0.25142315278697724,75374764.972117454,132.74097039709667,38.681296349157513,true
1,371,100,92.75,0.19569511809100057,1.2398419843320027e-11,2.5427200596860466e-12,0.20508420361777019,1.4941139903006072e-11,82.981753225036954,17.018246774963039,1.0333038781232817,0.25183755217444315,75498998.78307955,132.97455851602737,38.559255054447576,true
1,372,100,93,0.19569511809100057,1.2398419843320027e-11,2.5532935016909877e-12,0.20593700922836886,1.4951713345011015e-11,82.923070802832427,17.07692919716758,1.0334187167587137,0.25225046186462646,75622785.994031638,133.20738460154931,38.43730699700761,true
1,373,100,93.25,0.19569511809100057,1.2398419843320027e-11,2.5638645261175817e-12,0.20678961984812369,1.4962284369437608e-11,82.864484708266843,17.135515291733157,1.0335333668856586,0.25266188367317804,75746127.149292111,133.43944900811562,38.315452014101567,true
1,374,100,93.5,0.19569511809100057,1.2398419843320027e-11,2.5744329317087599e-12,0.20764201924455744,1.4972852775028787e-11,82.805995821969802,17.194004178030195,1.0336478267807678,0.25307181942494961,75869022.795937791,133.6707520963364,38.193689941644514,true
1,375,100,93.75,0.19569511809100057,1.2398419843320027e-11,2.5849985172573144e-12,0.20849419118921433,1.498341836057734e-11,82.747605018767501,17.252394981232502,1.0337620947320487,0.25348027095381642,75991473.483750626,133.90129423290654,38.072020614212278,true
1,376,100,94,0.19569511809100057,1.2398419843320027e-11,2.595561081609727e-12,0.20934611945796894,1.4993980924929752e-11,82.689313167697748,17.310686832302256,1.0338761690388372,0.25388724010249936,76113479.76516445,134.13107579053425,37.950443865051213,true
1,377,100,94.25,0.19569511809100057,1.2398419843320027e-11,2.6061204236699962e-12,0.21019778783133497,1.5004540266990024e-11,82.631121132025228,17.368878867974775,1.0339900480117661,0.25429272872238928,76235042.19521229,134.36009714786951,37.828959526087885,true
1,378,100,94.5,0.19569511809100057,1.2398419843320027e-11,2.616676342403471e-12,0.21104918009477425,1.5015096185723499e-11,82.573029769256934,17.426970230743063,1.0341037299727363,0.25469673867337189,76356161.331473812,134.58835868943294,37.707567427938692,true
1,379,100,94.75,0.19569511809100057,1.2398419843320027e-11,2.6272286368406756e-12,0.21190028003900543,1.5025648480160704e-11,82.515039931157929,17.484960068842078,1.0342172132548848,0.25509927182365388,76476837.734023347,134.81586080554473,37.586267399919514,true
1,380,100,95,0.19569511809100057,1.2398419843320027e-11,2.6377771060811338e-12,0.21275107146031236,1.5036196949401161e-11,82.457152463767187,17.542847536232806,1.034330496202555,0.25550033004958983,76597071.965377793,135.04260389225414,37.465059270055299,true
1,381,100,95.25,0.19569511809100057,1.2398419843320027e-11,2.6483215492971968e-12,0.21360153816085276,1.5046741392617224e-11,82.399368207413914,17.600631792586082,1.0344435771712635,0.25589991523551059,76716864.590445369,135.2685883512687,37.34394286508963,true
1,382,100,95.5,0.19569511809100057,1.2398419843320027e-11,2.6588617657378653e-12,0.21445166394896659,1.5057281609057891e-11,82.341687996733782,17.658312003266211,1.0345564545276691,0.25629802927355266,76836216.176474303,135.49381458988429,37.222918010494197,true
1,383,100,95.75,0.19569511809100057,1.2398419843320027e-11,2.6693975547326114e-12,0.21530143263948423,1.5067817398052639e-11,82.284112660685651,17.715887339314346,1.0346691266495398,0.25669467406348845,76955127.293002054,135.71828302091492,37.101984530478347,true
1,384,100,96,0.19569511809100057,1.2398419843320027e-11,2.6799287156952003e-12,0.21615082805403482,1.5078348559015228e-11,82.226643022568339,17.773356977431668,1.0347815919257199,0.2570898515125577,77073598.511804685,135.94199406262322,36.981142247998498,true
1,385,100,96.25,0.19569511809100057,1.2398419843320027e-11,2.6904550481275068e-12,0.21699983402135395,1.5088874891447534e-11,82.169279900037651,17.830720099962342,1.034893848756097,0.25748356353530039,77191630.406846866,136.16494813865066,36.860390984767569,true
1,386,100,96.5,0.19569511809100057,1.2398419843320027e-11,2.7009763516233351e-12,0.21784843437759183,1.5099396194943363e-11,82.112024105123723,17.887975894876281,1.0350058955515677,0.25787581205338983,77309223.554231763,136.38714567794864,36.739730561264352,true
1,387,100,96.75,0.19569511809100057,1.2398419843320027e-11,2.7114924258722329e-12,0.21869661296662093,1.510991226919226e-11,82.054876444248322,17.945123555751675,1.0351177307340043,0.25826659899546789,77426378.532151654,136.60858711470934,36.619160796742904,true
1,388,100,97,0.19569511809100057,1.2398419843320027e-11,2.722003070663305e-12,0.21954435364034355,1.512042291398333e-11,81.997837718242636,18.002162281757364,1.0352293527362186,0.25865592629698064,77543095.920838669,136.82927288829708,36.498681509241791,true
1,389,100,97.25,0.19569511809100057,1.2398419843320027e-11,2.7325080858890259e-12,0.22039164025899932,1.5130927929209052e-11,81.940908722365023,18.059091277634973,1.0353407600019293,0.25904379590001508,77659376.302515849,137.04920344317978,36.378292515593415,true
1,390,100,97.5,0.19569511809100057,1.2398419843320027e-11,2.743007271549047e-12,0.22123845669147219,1.5141427114869074e-11,81.884090246319118,18.115909753680874,1.035451950985725,0.25943020975313719,77775220.261348575,137.26837922886085,36.257993631433251,true
1,391,100,97.75,0.19569511809100057,1.2398419843320027e-11,2.7535004277540088e-12,0.22208478681559807,1.5151920271074034e-11,81.827383074272021,18.172616925727979,1.0355629241530284,0.25981516981123132,77890628.383396432,137.48680069981131,36.137784671209054,true
1,392,100,98,0.19569511809100057,1.2398419843320027e-11,2.763987354729342e-12,0.22293061451847129,1.5162407198049369e-11,81.770787984872698,18.229212015127299,1.0356736779800622,0.26019867803533986,78005601.256565154,137.70446831540201,36.017665448189966,true
1,393,100,98.25,0.19569511809100057,1.2398419843320027e-11,2.7744678528190743e-12,0.2237759236967517,1.51728876961391e-11,81.714305751270615,18.285694248729378,1.0357842109538102,0.2605807363925049,78120139.47055909,137.9213825398364,35.897635774475738,true
1,394,100,98.5,0.19569511809100057,1.2398419843320027e-11,2.7849417224896286e-12,0.22462069825697095,1.5183361565809654e-11,81.657937141134525,18.342062858865479,1.0358945215719824,0.26096134685561001,78234243.616833895,138.13754384208318,35.777695461005791,true
1,395,100,98.75,0.19569511809100057,1.2398419843320027e-11,2.7954087643336249e-12,0.22546492211583918,1.5193828607653651e-11,81.601682916671308,18.398317083328699,1.0360046083429768,0.26134051140322451,78347914.288549706,138.35295269580968,35.657844317568234,true
1,396,100,99,0.19569511809100057,1.2398419843320027e-11,2.8058687790736732e-12,0.226308579200551,1.5204288622393699e-11,81.545543834645201,18.454456165354806,1.0361144697858431,0.26171823201944688,78461152.080524281,138.56760957931519,35.53808215280894,true
1,397,100,99.25,0.19569511809100057,1.2398419843320027e-11,2.8163215675661722e-12,0.22715165344909169,1.52147414108862e-11,81.489520646397025,18.510479353602975,1.0362241044302436,0.26209451069375117,78573957.589186952,138.78151497546469,35.418408774240476,true
1,398,100,99.5,0.19569511809100057,1.2398419843320027e-11,2.8267669308050961e-12,0.22799412881054282,1.5225186774125124e-11,81.433614097863639,18.566385902136357,1.0363335108164167,0.26246934942083322,78686331.412532464,138.99466937162273,35.298823988251087,true
1,399,100,99.75,0.19569511809100057,1.2398419843320027e-11,2.8372046699257841e-12,0.22883598924538778,1.5235624513245809e-11,81.377824929597566,18.622175070402438,1.0364426874951369,0.26284275020045844,78798274.150075436,139.20707325958784,35.179327600113609,true
1,400,100,100,0.19569511809100057,1.2398419843320027e-11,2.8476345862087297e-12,0.22967721872581751,1.5246054429528757e-11,81.322153876786686,18.677846123213317,1.0365516330276776,0.2632147150373107,78909786.402804941,139.41872713552692,35.059919413994272,true
1,401,100,100.25,0.19569511809100057,1.2398419843320027e-11,2.8580564810833617e-12,0.2305178012360353,1.5256476324403388e-11,81.266601669274195,18.733398330725805,1.0366603459857715,0.26358524594084209,79020868.773139581,139.62963149991012,34.940599232961603,true
1,402,100,100.5,0.19569511809100057,1.2398419843320027e-11,2.8684701561318251e-12,0.23135772077256189,1.5266889999451851e-11,81.211169031578692,18.788830968421308,1.0367688249515705,0.26395434492512404,79131521.864882767,139.83978685744597,34.821366858995155,true
1,403,100,100.75,0.19569511809100057,1.2398419843320027e-11,2.8788754130927566e-12,0.2321969613445399,1.5277295256412784e-11,81.155856682914319,18.844143317085678,1.0368770685176083,0.26432201400869881,79241746.283178255,140.04919371701664,34.702222092994297,true
1,404,100,101,0.19569511809100057,1.2398419843320027e-11,2.8892720538650634e-12,0.23303550697403866,1.528769189718509e-11,81.100665337211154,18.899334662788846,1.036985075286758,0.26468825521443357,79351542.63446635,140.25785259161373,34.583164734786934,true
1,405,100,101.25,0.19569511809100057,1.2398419843320027e-11,2.8996598805116911e-12,0.23387334169635809,1.5298079723831718e-11,81.04559570313566,18.954404296864336,1.0370928438721942,0.26505307056937333,79460911.52643989,140.46576399827418,34.464194583138102,true
1,406,100,101.5,0.19569511809100057,1.2398419843320027e-11,2.9100386952633942e-12,0.2347104495603328,1.5308458538583422e-11,80.990648484111347,19.009351515888657,1.0372003728973518,0.26541646210459707,79569853.568001017,140.6729284580164,34.345311435758695,true
1,407,100,101.75,0.19569511809100057,1.2398419843320027e-11,2.9204083005225014e-12,0.23554681462863575,1.5318828143842528e-11,80.935824378339461,19.064175621660542,1.0373076609958845,0.26577843185507377,79678369.369218066,140.87934649577699,34.226515089313999,true
1,408,100,102,0.19569511809100057,1.2398419843320027e-11,2.9307684988666745e-12,0.23638242097808157,1.5329188342186703e-11,80.881124078819937,19.118875921180059,1.0374147068116253,0.26613898185951945,79786459.541282743,141.08501864034736,34.107805339432282,true
1,409,100,102.25,0.19569511809100057,1.2398419843320027e-11,2.9411190930526718e-12,0.23721725269992988,1.53395389363727e-11,80.826548273372353,19.173451726627651,1.037521508998545,0.26649811416025604,79894124.696467757,141.28994542431087,33.989181980713255,true
1,410,100,102.5,0.19569511809100057,1.2398419843320027e-11,2.9514598860201003e-12,0.23805129390018814,1.5349879729340128e-11,80.772097644657052,19.227902355342952,1.0376280662207107,0.26685583080307052,80001365.448084623,141.49412738398041,33.870644806736578,true
1,411,100,102.75,0.19569511809100057,1.2398419843320027e-11,2.961790680895168e-12,0.23888452869991417,1.5360210524215193e-11,80.717772870196413,19.282227129803591,1.037734377152244,0.26721213383707548,80108182.410441831,141.6975650593358,33.752193610070293,true
1,412,100,103,0.19569511809100057,1.2398419843320027e-11,2.9721112809944308e-12,0.23971694123551829,1.5370531124314458e-11,80.663574622396197,19.336425377603796,1.0378404404772799,0.26756702531457072,80214576.19880338,141.90025899396198,33.633828182279224,true
1,413,100,103.25,0.19569511809100057,1.2398419843320027e-11,2.9824214898285403e-12,0.24054851565906585,1.5380841333148566e-11,80.609503568567021,19.390496431432972,1.0379462548899241,0.26792050729090594,80320547.429347619,142.10220973498716,33.51554831393328,true
1,414,100,103.5,0.19569511809100057,1.2398419843320027e-11,2.9927211111059826e-12,0.24137923613857853,1.539114095442601e-11,80.555560370945926,19.444439629054074,1.0380518190942107,0.26827258182434438,80426096.719126329,142.30341783302143,33.397353794615803,true
1,415,100,103.75,0.19569511809100057,1.2398419843320027e-11,3.0030099487368141e-12,0.24220908685833578,1.5401429792056841e-11,80.501745686718053,19.498254313281951,1.0381571318040608,0.26862325097592743,80531224.686024189,142.5038838420956,33.279244412931838,true
1,416,100,104,0.19569511809100057,1.2398419843320027e-11,3.0132878068363997e-12,0.24303805201917625,1.5411707650156425e-11,80.448060168038438,19.551939831961555,1.0382621917432386,0.26897251680934053,80635931.948718518,142.70360831960042,33.161219956516327,true
1,417,100,104.25,0.19569511809100057,1.2398419843320027e-11,3.0235544897291336e-12,0.24386611583879803,1.542197433304916e-11,80.394504462053987,19.60549553794602,1.0383669976453094,0.26932038139077957,80740219.126639262,142.902591826226,33.043280212042355,true
1,418,100,104.5,0.19569511809100057,1.2398419843320027e-11,3.033809801952174e-12,0.2446932625520597,1.5432229645272202e-11,80.341079210925244,19.658920789074752,1.038471548253596,0.26966684678881947,80844086.839929596,143.10083492590144,32.925424965229226,true
1,419,100,104.75,0.19569511809100057,1.2398419843320027e-11,3.0440535482591578e-12,0.24551947641128005,1.5442473391579185e-11,80.287785051848715,19.712214948151292,1.0385758423211366,0.27001191507428213,80947535.709406286,143.29833818573516,32.807654000850597,true
1,420,100,105,0.19569511809100057,1.2398419843320027e-11,3.0542855336239231e-12,0.24634474168653833,1.545270537694395e-11,80.234622617078827,19.765377382921169,1.0386798786106395,0.27035558832010714,81050566.35652101,143.49510217595494,32.689967102742528,true
1,421,100,105.25,0.19569511809100057,1.2398419843320027e-11,3.0645055632442163e-12,0.2471690426659732,1.5462925406564243e-11,80.181592533950351,19.818407466049649,1.0387836558944414,0.27069786860122219,81153179.403321415,143.69112746984879,32.572364053811562,true
1,422,100,105.5,0.19569511809100057,1.2398419843320027e-11,3.0747134425454062e-12,0.24799236365608224,1.5473133285865434e-11,80.128695424900599,19.871304575099401,1.0388871729544631,0.27103875799441501,81255375.472412825,143.88641464370576,32.454844636042587,true
1,423,100,105.75,0.19569511809100057,1.2398419843320027e-11,3.0849089771841844e-12,0.24881468898202055,1.5483328820504211e-11,80.075931907491935,19.924068092508062,1.0389904285821649,0.27137825857820669,81357155.186920166,144.0809642767573,32.3374086305069,true
1,424,100,106,0.19569511809100057,1.2398419843320027e-11,3.0950919730522686e-12,0.24963600298789934,1.5493511816372296e-11,80.023302594434242,19.976697405565758,1.0390934215785037,0.27171637243272534,81458519.170450166,144.27477695111878,32.220055817369989,true
1,425,100,106.25,0.19569511809100057,1.2398419843320027e-11,3.1052622362800953e-12,0.25045629003708375,1.5503682079600121e-11,79.970808093607474,20.029191906392523,1.039196150753888,0.27205310163958107,81559468.047053844,144.4678532517313,32.102785975899465,true
1,426,100,106.5,0.19569511809100057,1.2398419843320027e-11,3.1154195732405136e-12,0.25127553451249091,1.551383941656054e-11,79.918449008084352,20.081550991915645,1.0392986149281338,0.27238844828174241,81660002.441189438,144.66019376630382,31.985598884472836,true
1,427,100,106.75,0.19569511809100057,1.2398419843320027e-11,3.1255637905524681e-12,0.2520937208168868,1.5523983633872494e-11,79.866225936153029,20.133774063846968,1.0394008129304206,0.27272241444341261,81760122.977685362,144.85179908525578,31.868494320585288,true
1,428,100,107,0.19569511809100057,1.2398419843320027e-11,3.135694695084685e-12,0.25291083337318365,1.553411453840471e-11,79.814139471339914,20.18586052866009,1.0395027435992461,0.27305500220990836,81859830.28170386,145.04266980165968,31.751472060857399,true
1,429,100,107.25,0.19569511809100057,1.2398419843320027e-11,3.1458120939593451e-12,0.25372685662473621,1.5544231937279372e-11,79.762190202432478,20.237809797567525,1.0396044057823819,0.27338621366753829,81959124.978704497,145.23280651118429,31.634531881042818,true
1,430,100,107.5,0.19569511809100057,1.2398419843320027e-11,3.1559157945557567e-12,0.25454177503563802,1.5554335637875782e-11,79.710378713502209,20.289621286497791,1.0397057983368287,0.27371605090348322,82058007.694408357,145.42220981203786,31.517673556035952,true
1,431,100,107.75,0.19569511809100057,1.2398419843320027e-11,3.1660056045140252e-12,0.2553555730910172,1.5564425447834053e-11,79.658705583927571,20.341294416072436,1.039806920128771,0.27404451600567725,82156479.054762319,145.61088030491197,31.400896859879495,true
1,432,100,108,0.19569511809100057,1.2398419843320027e-11,3.176081331738714e-12,0.25616823529733196,1.5574501175058742e-11,79.607171388416972,20.392828611583028,1.0399077700335329,0.27437161106268937,82254539.685903639,145.79881859292541,31.284201565772051,true
1,433,100,108.25,0.19569511809100057,1.2398419843320027e-11,3.1861427844024994e-12,0.25697974618266517,1.5584562627722525e-11,79.555776697031945,20.444223302968055,1.0400083469355312,0.27469733816360681,82352190.214124888,145.98602528156849,31.167587446075583,true
1,434,100,108.5,0.19569511809100057,1.2398419843320027e-11,3.1961897709498267e-12,0.25779009029701938,1.5594609614269854e-11,79.50452207521019,20.495477924789807,1.0401086497282324,0.27502169939791887,82449431.265839219,146.17250097864752,31.051054272322951,true
1,435,100,108.75,0.19569511809100057,1.2398419843320027e-11,3.2062221001005542e-12,0.25859925221261082,1.5604641943420582e-11,79.453408083788815,20.546591916211192,1.0402086773141055,0.27534469685540169,82546263.467545748,146.35824629422993,30.9346018152253,true
1,436,100,109,0.19569511809100057,1.2398419843320027e-11,3.2162395808535963e-12,0.25940721652416293,1.5614659424173623e-11,79.402435279027486,20.597564720972514,1.0403084286045774,0.27566633262600437,82642687.445795447,146.54326184058928,30.818229844679454,true
1,437,100,109.25,0.19569511809100057,1.2398419843320027e-11,3.2262420224905591e-12,0.26021396784919987,1.5624661865810586e-11,79.351604212631798,20.648395787368202,1.0404079025199875,0.27598660879973563,82738703.82715717,146.72754823215081,30.701938129775272,true
1,438,100,109.5,0.19569511809100057,1.2398419843320027e-11,3.2362292345793725e-12,0.26101949082833936,1.5634649077899399e-11,79.300915431776502,20.699084568223501,1.040507097989541,0.27630552746655218,82834313.238184184,146.91110608543727,30.585726438802912,true
1,439,100,109.75,0.19569511809100057,1.2398419843320027e-11,3.2462010269779135e-12,0.26182377012558494,1.564462087029794e-11,79.250369479128892,20.749630520871115,1.040606013951265,0.27662309071624641,82929516.305380493,147.09393601901508,30.469594539260164,true
1,440,100,110,0.19569511809100057,1.2398419843320027e-11,3.2561572098376301e-12,0.2626267904286182,1.5654577053157655e-11,79.199966892872155,20.800033107127842,1.0407046493519609,0.27693930063833733,83024313.655168116,147.27603865344057,30.353542197859579,true
1,441,100,110.25,0.19569511809100057,1.2398419843320027e-11,3.2660975936071518e-12,0.26342853644909014,1.5664517436927179e-11,79.149708206728874,20.850291793271122,1.0408030031471602,0.27725415932196046,83118705.913854137,147.45741461120693,30.237569180535722,true
1,442,100,110.5,0.19569511809100057,1.2398419843320027e-11,3.2760219890358995e-12,0.26422899292291202,1.5674441832355927e-11,79.099593949984367,20.900406050015633,1.0409010743010767,0.27756766885576017,83212693.707598388,147.63806451669112,30.121675252452224,true
1,443,100,110.75,0.19569511809100057,1.2398419843320027e-11,3.2859302071776922e-12,0.26502814461054675,1.5684350050497717e-11,79.049624647510214,20.950375352489782,1.0409988617865626,0.27787983132778149,83306277.662381023,147.81798899610121,30.005860178008941,true
1,444,100,111,0.19569511809100057,1.2398419843320027e-11,3.2958220593943362e-12,0.26582597629729782,1.5694241902714363e-11,78.999800819787836,21.000199180212167,1.0410963645850615,0.27819064882536387,83399458.403970644,147.99718867742402,29.89012372084898,true
1,445,100,111.25,0.19569511809100057,1.2398419843320027e-11,3.3056973573592256e-12,0.26662247279360013,1.5704117200679251e-11,78.950122982931859,21.049877017068138,1.0411935816865618,0.27850012343503644,83492236.557892978,148.17566419037314,29.774465643865657,true
1,446,100,111.5,0.19569511809100057,1.2398419843320027e-11,3.3155559130609215e-12,0.26741761893530847,1.5713975756380948e-11,78.900591648713856,21.099408351286144,1.0412905120895519,0.27880825724241204,83584612.749399006,148.35341616633701,29.658885709209528,true
1,447,100,111.75,0.19569511809100057,1.2398419843320027e-11,3.3253975388067347e-12,0.26821139958398649,1.5723817382126761e-11,78.851207324585772,21.148792675414235,1.0413871548009728,0.27911505233208472,83676587.603434309,148.53044523832773,29.543383678295235,true
1,448,100,112,0.19569511809100057,1.2398419843320027e-11,3.3352220472262974e-12,0.2690037996271949,1.5733641890546323e-11,78.801970513703566,21.198029486296434,1.0414835088361729,0.27942051078752633,83768161.74460803,148.70675204092964,29.427959311808468,true
1,449,100,112.25,0.19569511809100057,1.2398419843320027e-11,3.3450292512751299e-12,0.26979480397877897,1.5743449094595156e-11,78.75288171495086,21.247118285049133,1.0415795732188615,0.27972463469098474,83859335.797162384,148.88233721024872,29.312612369712706,true
1,450,100,112.5,0.19569511809100057,1.2398419843320027e-11,3.3548189642382052e-12,0.27058439757915614,1.5753238807558233e-11,78.703941422962501,21.296058577037503,1.0416753469810622,0.28002742612338327,83950110.384942487,149.05720138386189,29.197342611256069,true
1,451,100,112.75,0.19569511809100057,1.2398419843320027e-11,3.3645909997334997e-12,0.27137256539560251,1.5763010843053525e-11,78.655150128148179,21.344849871851824,1.0417708291630672,0.28032888716422016,84040486.131366208,149.23134520076692,29.082149794978047,true
1,452,100,113,0.19569511809100057,1.2398419843320027e-11,3.3743451717155442e-12,0.27215929242253889,1.5772765015035572e-11,78.606508316716116,21.393491683283877,1.0418660188133908,0.28062901989146966,84130463.659394577,149.40476930133238,28.967033678716188,true
1,453,100,113.25,0.19569511809100057,1.2398419843320027e-11,3.3840812944789622e-12,0.27294456368181663,1.578250113779899e-11,78.558016470696714,21.441983529303279,1.041960914988723,0.28092782638148406,84220043.591502354,149.57747432724813,28.851994019612803,true
1,454,100,113.5,0.19569511809100057,1.2398419843320027e-11,3.3937991826620135e-12,0.27372836422300312,1.579221902598204e-11,78.509675067966143,21.490324932033861,1.0420555167538834,0.281225308708896,84309226.549648747,149.74946092147593,28.737030574121544,true
1,455,100,113.75,0.19569511809100057,1.2398419843320027e-11,3.4034986512501129e-12,0.27451067912366567,1.580191849457014e-11,78.461484582270032,21.538515417729968,1.042149823181775,0.28152146894652208,84398013.155248523,149.9207297282004,28.622143098013982,true
1,456,100,114,0.19569511809100057,1.2398419843320027e-11,3.4131795155793619e-12,0.27529149348965642,1.581159935889939e-11,78.413445483247145,21.586554516752855,1.0422438333533377,0.28181630916526745,84486404.029143453,150.09128139278047,28.507331346386188,true
1,457,100,114.25,0.19569511809100057,1.2398419843320027e-11,3.4228415913400568e-12,0.27607079245539523,1.5821261434660084e-11,78.365558236452998,21.634441763547002,1.042337546357502,0.28210983143403096,84574399.791573808,150.26111656170079,28.392595073665184,true
1,458,100,114.5,0.19569511809100057,1.2398419843320027e-11,3.4324846945802034e-12,0.27684856118415319,1.583090453790023e-11,78.317823303383534,21.682176696616473,1.0424309612911431,0.28240203781961143,84662001.06215027,150.43023588252365,28.277934033615406,true
1,459,100,114.75,0.19569511809100057,1.2398419843320027e-11,3.4421086417090166e-12,0.27762478486833486,1.5840528485029044e-11,78.27024114149873,21.729758858501274,1.0425240772590336,0.28269293038661486,84749208.459826156,150.59864000384127,28.163347979345104,true
1,460,100,115,0.19569511809100057,1.2398419843320027e-11,3.4517132495004135e-12,0.27839944872976008,1.5850133092820439e-11,78.222812204246281,21.777187795753715,1.0426168933737991,0.28298251119736201,84836022.602869675,150.76632957522818,28.048836663312745,true
1,461,100,115.25,0.19569511809100057,1.2398419843320027e-11,3.4612983350965097e-12,0.27917253801994574,1.5859718178416537e-11,78.175536941085213,21.824463058914784,1.0427094087558701,0.28327078231179742,84922444.108836666,150.9333052471942,27.934399837333267,true
1,462,100,115.5,0.19569511809100057,1.2398419843320027e-11,3.4708637160110894e-12,0.27994403802038598,1.5869283559331115e-11,78.128415797509476,21.871584202490521,1.0428016225334364,0.28355774578739901,85008473.594543487,151.09956767113727,27.820037252584445,true
1,463,100,115.75,0.19569511809100057,1.2398419843320027e-11,3.4804092101330906e-12,0.28071393404283307,1.5878829053453116e-11,78.081449215071572,21.918550784928424,1.0428935338424017,0.28384340367908867,85094111.676040232,151.26511749929702,27.705748659613061,true
1,464,100,116,0.19569511809100057,1.2398419843320027e-11,3.489934635730063e-12,0.28148221142957636,1.588835447905009e-11,78.034637631406156,21.965362368593844,1.0429851418263358,0.28412775803914325,85179358.968584016,151.42995538470845,27.591533808341147,true
1,465,100,116.25,0.19569511809100057,1.2398419843320027e-11,3.4994398114516336e-12,0.28224885555372192,1.5897859654771661e-11,77.98798148025358,22.012018519746427,1.0430764456364308,0.28441081091710707,85264216.086612761,151.59408198115582,27.477392448072134,true
1,466,100,116.5,0.19569511809100057,1.2398419843320027e-11,3.50892455633296e-12,0.28301385181947075,1.5907344399652986e-11,77.941481191483433,22.05851880851656,1.043167444431452,0.28469256435970502,85348683.643719167,151.75749794312702,27.363324327496919,true
1,467,100,116.75,0.19569511809100057,1.2398419843320027e-11,3.518388689798169e-12,0.28377718566239657,1.5916808533118196e-11,77.895137191118209,22.104862808881798,1.0432581373776948,0.2849730204107559,85432762.252624676,151.92020392576825,27.249329194700046,true
1,468,100,117,0.19569511809100057,1.2398419843320027e-11,3.5278320316638045e-12,0.2845388425497235,1.592625187498383e-11,77.848949901356576,22.151050098643417,1.043348523648937,0.28525218111108747,85516452.525154084,152.0822005848386,27.13540679716559,true
1,469,100,117.25,0.19569511809100057,1.2398419843320027e-11,3.5372544021422482e-12,0.2852988079806022,1.5935674245462275e-11,77.802919740597162,22.197080259402835,1.0434386024263926,0.28553004849845193,85599755.072210118,152.24348857666564,27.02155688178329,true
1,470,100,117.5,0.19569511809100057,1.2398419843320027e-11,3.5466556218451473e-12,0.28605706748638626,1.5945075465165173e-11,77.757047123461774,22.242952876538222,1.0435283728986671,0.28580662460744211,85682670.503748357,152.40406855810045,26.90777919485442,true
1,471,100,117.75,0.19569511809100057,1.2398419843320027e-11,3.5560355117868315e-12,0.28681360663090777,1.5954455355106857e-11,77.711332460818966,22.288667539181031,1.0436178342617108,0.28608191146940842,85765199.428752348,152.56394118647378,26.794073482097673,true
1,472,100,118,0.19569511809100057,1.2398419843320027e-11,3.5653938933877176e-12,0.28756841101075203,1.5963813736707746e-11,77.665776159807436,22.334223840192568,1.0437069857187733,0.28635591111237724,85847342.455209091,152.72310711955188,26.680439488655104,true
1,473,100,118.25,0.19569511809100057,1.2398419843320027e-11,3.5747305884777077e-12,0.28832146625553157,1.5973150431797734e-11,77.620378623859352,22.379621376140648,1.0437958264803573,0.28662862556096924,85929100.190084592,152.88156701549278,26.566876959097911,true
1,474,100,118.5,0.19569511809100057,1.2398419843320027e-11,3.5840454192995878e-12,0.28907275802816002,1.5982465262619615e-11,77.575140252723799,22.424859747276201,1.0438843557641735,0.28690005683631886,86010473.239299729,153.03932153280331,26.453385637432202,true
1,475,100,118.75,0.19569511809100057,1.2398419843320027e-11,3.5933382085124049e-12,0.28982227202512506,1.5991758051832431e-11,77.530061442489995,22.469938557509998,1.0439725727950944,0.28717020695599493,86091462.207706422,153.19637133029562,26.33996526710477,true
1,476,100,119,0.19569511809100057,1.2398419843320027e-11,3.6026087791948492e-12,0.29056999397676059,1.6001028622514876e-11,77.485142585610674,22.514857414389329,1.0440604768051096,0.28743907793392137,86172067.699063852,153.35271706704467,26.22661559100878,true
1,477,100,119.25,0.19569511809100057,1.2398419843320027e-11,3.6118569548486171e-12,0.29131590964751847,1.6010276798168644e-11,77.440384070925219,22.559615929074781,1.044148067033279,0.28770667178029957,86252290.316015244,153.5083594023456,26.113336351489423,true
1,478,100,119.5,0.19569511809100057,1.2398419843320027e-11,3.6210825594017736e-12,0.2920600048362394,1.6019502402721799e-11,77.395786283682995,22.604213716317005,1.0442353427256887,0.28797299050153019,86332130.660064384,153.66329899567165,26.000127290349564,true
1,479,100,119.75,0.19569511809100057,1.2398419843320027e-11,3.6302854172121095e-12,0.29280226537642384,1.6028705260532138e-11,77.351349605566412,22.648650394433592,1.0443223031354048,0.28823803610013771,86411589.331553012,153.81753650663222,25.886988148855281,true
1,480,100,120,0.19569511809100057,1.2398419843320027e-11,3.6394653530704748e-12,0.29354267713650073,1.6037885196390501e-11,77.307074414714137,22.692925585285867,1.0444089475224281,0.28850181057469365,86490666.929637805,153.97107259493117,25.773918667741437,true
1,481,100,120.25,0.19569511809100057,1.2398419843320027e-11,3.6486221922041268e-12,0.29428122602009782,1.6047042035524154e-11,77.262961085744109,22.737038914255884,1.0444952751536498,0.28876431591974183,86569364.052267939,154.12390792032568,25.660918587217147,true
1,482,100,120.5,0.19569511809100057,1.2398419843320027e-11,3.6577557602800443e-12,0.29501789796630867,1.6056175603600071e-11,77.219009989776694,22.780990010223309,1.0445812853028056,0.28902555412572417,86647681.296162888,154.276043142585,25.547987646971286,true
1,483,100,120.75,0.19569511809100057,1.2398419843320027e-11,3.6668658834082576e-12,0.29575267894996132,1.6065285726728285e-11,77.175221494457546,22.824778505542454,1.0446669772504307,0.2892855271789071,86725619.25679037,154.42747892144982,25.435125586177858,true
1,484,100,121,0.19569511809100057,1.2398419843320027e-11,3.6759523881451561e-12,0.29648555498188517,1.6074372231465181e-11,77.131595963980658,22.868404036019342,1.0447523502838152,0.28954423706130861,86803178.528344408,154.57821591659189,25.322332143501367,true
1,485,100,121.25,0.19569511809100057,1.2398419843320027e-11,3.6850151014967853e-12,0.29721651210917688,1.6083434944816813e-11,77.088133759111258,22.911866240888735,1.0448374036969592,0.28980168575062609,86880359.703723773,154.72825478757355,25.209607057102232,true
1,486,100,121.5,0.19569511809100057,1.2398419843320027e-11,3.6940538509221487e-12,0.29794553641546645,1.6092473694242176e-11,77.044835237208645,22.955164762791359,1.0449221367905284,0.29005787522016546,86957163.374510691,154.8775961938081,25.09695006464198,true
1,487,100,121.75,0.19569511809100057,1.2398419843320027e-11,3.703068464336485e-12,0.29867261402118189,1.6101488307656511e-11,77.001700752248979,22.998299247751014,1.0450065488718081,0.29031280743877003,87033590.130949557,155.02624079452005,24.984360903288579,true
1,488,100,122,0.19569511809100057,1.2398419843320027e-11,3.7120587701145481e-12,0.29939773108381362,1.6110478613434575e-11,76.958730654848125,23.041269345151868,1.0450906392546604,0.29056648437075105,87109640.561926037,155.1741892487058,24.871839309721654,true
1,489,100,122.25,0.19569511809100057,1.2398419843320027e-11,3.7210245970938783e-12,0.3001208737981782,1.6119444440413906e-11,76.915925292284257,23.084074707715743,1.0451744072594791,0.290818907975818,87185315.254946277,155.32144221509461,24.759385020137596,true
1,490,100,122.5,0.19569511809100057,1.2398419843320027e-11,3.7299657745780515e-12,0.30084202839668062,1.6128385617898077e-11,76.87328500852054,23.12671499147946,1.0452578522131448,0.29107008020901076,87260614.796116486,155.46800035210978,24.646997770254792,true
1,491,100,122.75,0.19569511809100057,1.2398419843320027e-11,3.738882132339937e-12,0.3015611811495767,1.6137301975659964e-11,76.830810144227797,23.16918985577221,1.0453409734489816,0.29132000302063132,87335539.770122483,155.61386431783012,24.534677295318691,true
1,492,100,123,0.19569511809100057,1.2398419843320027e-11,3.7477735006249365e-12,0.30227831836523489,1.6146193343944962e-11,76.788501036806906,23.21149896319309,1.0454237703067122,0.29156867835617734,87410090.760209799,155.75903476995188,24.422423330106799,true
1,493,100,123.25,0.19569511809100057,1.2398419843320027e-11,3.756639710154213e-12,0.30299342639039611,1.6155059553474241e-11,76.746358020411478,23.253641979588526,1.0455062421324142,0.29181610815627512,87484268.34816356,155.90351236575066,24.310235608933844,true
1,494,100,123.5,0.19569511809100057,1.2398419843320027e-11,3.7654805921279198e-12,0.30370649161043461,1.6163900435447948e-11,76.704381425970055,23.295618574029948,1.0455883882784769,0.29206229435661452,87558073.114289001,156.04729776204368,24.198113865656591,true
1,495,100,123.75,0.19569511809100057,1.2398419843320027e-11,3.7742959782284062e-12,0.30441750044961635,1.6172715821548434e-11,76.662571581208667,23.33742841879133,1.0456702081035565,0.29230723888788357,87631505.637391806,156.19039161515266,24.086057833678939,true
1,496,100,124,0.19569511809100057,1.2398419843320027e-11,3.7830857006234273e-12,0.3051264393713578,1.6181505543943455e-11,76.62092881067305,23.37907118932695,1.0457517009725326,0.29255094367570467,87704566.494759053,156.33279458086636,23.97406724595675,true
1,497,100,124.25,0.19569511809100057,1.2398419843320027e-11,3.7918495919693417e-12,0.30583329487848404,1.6190269435289368e-11,76.579453435750864,23.420546564249133,1.0458328662564651,0.29279341064057063,87777256.262140021,156.47450731440398,23.862141835002689,true
1,498,100,124.5,0.19569511809100057,1.2398419843320027e-11,3.8005874854142877e-12,0.30653805351348495,1.6199007328734314e-11,76.538145774693959,23.461854225306045,1.045913703332551,0.29303464169778171,87849575.513727278,156.61553047037845,23.750281332891138,true
1,499,100,124.75,0.19569511809100057,1.2398419843320027e-11,3.8092992146013723e-12,0.30724070185877211,1.62077190579214e-11,76.497006142640373,23.502993857359627,1.0459942115840806,0.29327463875738369,87921524.822138116,156.75586470276019,23.638485471262889,true
1,500,100,125,0.19569511809100057,1.2398419843320027e-11,3.817984613671827e-12,0.30794122653693373,1.6216404456991854e-11,76.456034851636502,23.543965148363498,1.046074390400394,0.29351340372410617,87993104.758396149,156.89551066484111,23.52675398133,true
1,501,100,125.25,0.19569511809100057,1.2398419843320027e-11,3.8266435172681747e-12,0.3086396142109899,1.6225063360588203e-11,76.415232210658999,23.584767789341001,1.046154239176839,0.29375093849730149,88064315.891912848,157.03446900919863,23.415086593880446,true
1,502,100,125.5,0.19569511809100057,1.2398419843320027e-11,3.8352757605373736e-12,0.30933585158464599,1.6233695603857401e-11,76.374598525636713,23.625401474363279,1.0462337573147282,0.29398724497088441,88135158.790469572,157.17274038766047,23.303483039282771,true
1,503,100,125.75,0.19569511809100057,1.2398419843320027e-11,3.8438811791339517e-12,0.31002992540254581,1.6242301022453977e-11,76.334134099472578,23.665865900527418,1.0463129442212951,0.29422232503327295,88205634.020199835,157.31032545126922,23.191943047490827,true
1,504,100,126,0.19569511809100057,1.2398419843320027e-11,3.8524596092231459e-12,0.31072182245052454,1.6250879452543171e-11,76.293839232065324,23.706160767934673,1.0463917993096521,0.29445618056732892,88275742.145571366,157.44722485024755,23.080466348048258,true
1,505,100,126.25,0.19569511809100057,1.2398419843320027e-11,3.861010887484013e-12,0.31141152955585977,1.625943073080404e-11,76.253714220331233,23.746285779668767,1.0464703219987492,0.29468881345029968,88345483.729368806,157.58343923396322,22.969052670093163,true
1,506,100,126.5,0.19569511809100057,1.2398419843320027e-11,3.8695348511125401e-12,0.31209903358752233,1.6267954694432568e-11,76.213759358225758,23.786240641774238,1.0465485117133297,0.29492022555376052,88414859.332676277,157.7189692508949,22.857701742362568,true
1,507,100,126.75,0.19569511809100057,1.2398419843320027e-11,3.8780313378247469e-12,0.31278432145642637,1.6276451181144774e-11,76.173974936765106,23.826025063234898,1.046626367883889,0.29515041874355796,88483869.514860511,157.85381554859799,22.74641329319692,true
1,508,100,127,0.19569511809100057,1.2398419843320027e-11,3.8865001858597745e-12,0.31346738011567887,1.6284920029179802e-11,76.134361244047696,23.865638755952304,1.0467038899466325,0.29537939487975234,88552514.833553568,157.98797877367045,22.63518705054457,true
1,509,100,127.25,0.19569511809100057,1.2398419843320027e-11,3.8949412339829624e-12,0.31414819656082738,1.6293361077302989e-11,76.094918565275634,23.905081434724366,1.0467810773434336,0.29560715581656305,88620795.84463644,158.1214595717195,22.524022741966185,true
1,510,100,127.5,0.19569511809100057,1.2398419843320027e-11,3.9033543214889244e-12,0.31482675783010838,1.6301774164808953e-11,76.055647182776013,23.944352817223987,1.0468579295217924,0.29583370340231246,88688713.102222219,158.25425858732797,22.412920094639063,true
1,511,100,127.75,0.19569511809100057,1.2398419843320027e-11,3.9117392882045992e-12,0.31550305100469322,1.6310159131524627e-11,76.016547376022189,23.983452623977808,1.0469344459347925,0.29605903947937184,88756267.158639923,158.3863764640212,22.30187883536161,true
1,512,100,128,0.19569511809100057,1.2398419843320027e-11,3.9200959744923081e-12,0.31617706320893485,1.6318515817812334e-11,75.977619421654992,24.022380578345008,1.0470106260410619,0.29628316588410725,88823458.564418256,158.51781384423438,22.190898690557482,true
1,513,100,128.25,0.19569511809100057,1.2398419843320027e-11,3.9284242212527906e-12,0.31684878161061242,1.6326844064572818e-11,75.938863593503825,24.061136406496178,1.0470864693047295,0.29650608444682597,88890287.868269533,158.64857136927955,22.079979386280009,true
1,514,100,128.5,0.19569511809100057,1.2398419843320027e-11,3.9367238699282314e-12,0.31751819342117571,1.6335143713248257e-11,75.9002801626077,24.0997198373923,1.0471619751953851,0.29672779699172386,88956755.617073894,158.77864967931359,21.96912064821635,true
1,515,100,128.75,0.19569511809100057,1.2398419843320027e-11,3.9449947625052875e-12,0.31818528589598916,1.6343414605825315e-11,75.861869397236205,24.138130602763788,1.0472371431880385,0.29694830533683314,89022862.35586372,158.90804941330586,21.858322201691678,true
1,516,100,129,0.19569511809100057,1.2398419843320027e-11,3.9532367415180811e-12,0.31885004633457309,1.6351656584838109e-11,75.823631562910421,24.176368437089582,1.0473119727630777,0.29716761129397051,89088608.627807975,159.03677120900656,21.747583771673423,true
1,517,100,129.25,0.19569511809100057,1.2398419843320027e-11,3.9614496500512158e-12,0.31951246208084738,1.6359869493371241e-11,75.785566922423612,24.214433077576395,1.0473864634062293,0.29738571666868668,89153994.974197149,159.16481570291486,21.636905082775307,true
1,518,100,129.5,0.19569511809100057,1.2398419843320027e-11,3.9696333317427517e-12,0.32017252052337103,1.6368053175062777e-11,75.747675735862046,24.25232426413795,1.0474606146085172,0.29760262326021503,89219021.934427842,159.29218353024783,21.526285859261495,true
1,519,100,129.75,0.19569511809100057,1.2398419843320027e-11,3.9777876307871846e-12,0.32083020909558257,1.6376207474107212e-11,75.70995826062564,24.290041739374356,1.047534425866222,0.29781833286142273,89283690.045988098,159.41887532490912,21.415725825050675,true
1,520,100,130,0.19569511809100057,1.2398419843320027e-11,3.9859123919384154e-12,0.3214855152760398,1.6384332235258444e-11,75.672414751448414,24.327585248551586,1.0476078966808418,0.29803284725876034,89347999.844442323,159.54489171945812,21.305224703720004,true
1,521,100,130.25,0.19569511809100057,1.2398419843320027e-11,3.9940074605127042e-12,0.3221384265886576,1.6392427303832732e-11,75.635045460419022,24.364954539580975,1.0476810265590515,0.29824616823221395,89411951.86341694,159.67023334507951,21.19478221850915,true
1,522,100,130.5,0.19569511809100057,1.2398419843320027e-11,4.0020726823916117e-12,0.32278893060294561,1.6400492525711639e-11,75.597850637001187,24.40214936299882,1.0477538150126628,0.29845829755525627,89475546.634585664,159.79490083155272,21.084398092324268,true
1,523,100,130.75,0.19569511809100057,1.2398419843320027e-11,4.0101079040249431e-12,0.32343701493424531,1.640852774734497e-11,75.560830528053856,24.439169471946137,1.0478262615585847,0.29866923699479964,89538784.687655523,159.9188948072219,20.974072047741828,true
1,524,100,131,0.19569511809100057,1.2398419843320027e-11,4.0181129724336574e-12,0.32408266724396506,1.6416532815753682e-11,75.523985377851631,24.476014622148373,1.0478983657187839,0.29887898831114817,89601666.55035238,160.04221589896608,20.863803807012626,true
1,525,100,131.25,0.19569511809100057,1.2398419843320027e-11,4.0260877352127925e-12,0.32472587523981555,1.6424507578532819e-11,75.487315428104679,24.512684571895324,1.0479701270202451,0.29908755325795183,89664192.748407289,160.16486473216935,20.753593092065511,true
1,526,100,131.5,0.19569511809100057,1.2398419843320027e-11,4.0340320405343605e-12,0.32536662667604382,1.6432451883854386e-11,75.450820917978916,24.549179082021084,1.0480415449949323,0.29929493358215997,89726363.805542484,160.28684193069176,20.643439624511291,true
1,527,100,131.75,0.19569511809100057,1.2398419843320027e-11,4.0419457371502388e-12,0.32600490935366599,1.6440365580470267e-11,75.414502084115938,24.585497915884066,1.0481126191797498,0.29950113102397585,89788180.243457779,160.40814811683984,20.5333431256465,true
1,528,100,132,0.19569511809100057,1.2398419843320027e-11,4.0498286743950527e-12,0.32664071112070009,1.644824851771508e-11,75.37835916065282,24.621640839347176,1.0481833491165025,0.29970614731681217,89849642.581817225,160.52878391133802,20.423303316457073,true
1,529,100,132.25,0.19569511809100057,1.2398419843320027e-11,4.0576807021890379e-12,0.32727401987239685,1.6456100545509065e-11,75.342392379242028,24.657607620757975,1.0482537343518579,0.29990998418724579,89910751.338235542,160.64874993329971,20.313319917622191,true
1,530,100,132.5,0.19569511809100057,1.2398419843320027e-11,4.0655016710409074e-12,0.32790482355147077,1.6463921514360934e-11,75.306601969070954,24.693398030929053,1.0483237744373075,0.30011264335497467,89971507.028265223,160.76804680019904,20.203392649517816,true
1,531,100,132.75,0.19569511809100057,1.2398419843320027e-11,4.0732914320506843e-12,0.32853311014832887,1.6471711275370712e-11,75.270988156881657,24.72901184311835,1.0483934689291279,0.30031412653277373,90031910.16538325,160.88667512784247,20.093521232220489,true
1,532,100,133,0.19569511809100057,1.2398419843320027e-11,4.0810498369125476e-12,0.32915886770129987,1.6479469680232573e-11,75.235551166990263,24.76444883300973,1.0484628173883439,0.30051443542645229,90091961.260978416,161.00463553034092,19.983705385510845,true
1,533,100,133.25,0.19569511809100057,1.2398419843320027e-11,4.0887767379176551e-12,0.32978208429686229,1.6487196581237682e-11,75.2002912213065,24.799708778693496,1.0485318193806885,0.30071357173481195,90151660.8243386,161.12192862008226,19.87394482887721,true
1,534,100,133.5,0.19569511809100057,1.2398419843320027e-11,4.0964719879569472e-12,0.33040274806987024,1.6494891831276975e-11,75.165208539352918,24.834791460647082,1.0486004744765671,0.300911537149604,90211009.362638101,161.23855500770333,19.764239281519199,true
1,535,100,133.75,0.19569511809100057,1.2398419843320027e-11,4.1041354405239572e-12,0.33102084720378039,1.6502555283843983e-11,75.130303338284165,24.869696661715835,1.0486687822510183,0.30110833335548876,90270007.380925357,161.35451530206316,19.654588462351175,true
1,536,100,134,0.19569511809100057,1.2398419843320027e-11,4.1117669497175944e-12,0.33163636993087603,1.6510186793037622e-11,75.095575832906178,24.904424167093822,1.048736742283678,0.30130396202999388,90328655.382110536,161.46981011021563,19.544992090005774,true
1,537,100,134.25,0.19569511809100057,1.2398419843320027e-11,4.1193663702449235e-12,0.33224930453249168,1.6517786213564951e-11,75.061026235695167,24.938973764304833,1.04880435415874,0.301498424843475,90386953.866953641,161.58444003738276,19.435449882837382,true
1,538,100,134.5,0.19569511809100057,1.2398419843320027e-11,4.1269335574239332e-12,0.33285963933923618,1.6525353400743958e-11,75.026654756816626,24.973345243183374,1.0488716174649211,0.30169172345907458,90444903.334052235,161.69840568692817,19.325961558925446,true
1,539,100,134.75,0.19569511809100057,1.2398419843320027e-11,4.1344683671862869e-12,0.33346736273121447,1.6532888210506312e-11,74.992461604144182,25.007538395855825,1.0489385317954223,0.30188385953268365,90502504.279829964,161.81170766033068,19.216526836078021,true
1,540,100,135,0.19569511809100057,1.2398419843320027e-11,4.1419706560800674e-12,0.33407246313824923,1.6540390499400095e-11,74.958446983278336,25.041553016721661,1.0490050967478939,0.3020748347129017,90559757.19852452,161.92434655715809,19.107145431835011,true
1,541,100,135.25,0.19569511809100057,1.2398419843320027e-11,4.1494402812725097e-12,0.33467492904010099,1.6547860124592538e-11,74.924611097565204,25.075388902434796,1.0490713119243975,0.30226465064099911,90616662.582176402,162.03632297504154,18.997817063471537,true
1,542,100,135.5,0.19569511809100057,1.2398419843320027e-11,4.1568771005527161e-12,0.3352747489666873,1.6555296943872743e-11,74.890954148115043,25.109045851884957,1.0491371769313698,0.30245330895087869,90673220.920617327,162.14763750964957,18.888541448001241,true
1,543,100,135.75,0.19569511809100057,1.2398419843320027e-11,4.1642809723343687e-12,0.33587191149830148,1.6562700815654394e-11,74.857476333820756,25.142523666179247,1.0492026913795873,0.30264081126903813,90729432.701459035,162.25829075466285,18.779318302179522,true
1,544,100,136,0.19569511809100057,1.2398419843320027e-11,4.1716517556584208e-12,0.33646640526582972,1.6570071598978448e-11,74.824177851376305,25.175822148623695,1.0492678548841294,0.30282715921453279,90785298.410082132,162.36828330174876,18.670147342506816,true
1,545,100,136.25,0.19569511809100057,1.2398419843320027e-11,4.1789893101957807e-12,0.33705821895096744,1.6577409153515806e-11,74.791058895294967,25.208941104705033,1.0493326670643432,0.30301235439893942,90840818.529625162,162.47761574053649,18.56102828523176,true
1,546,100,136.5,0.19569511809100057,1.2398419843320027e-11,4.1862934962499904e-12,0.33764734128643542,1.6584713339570016e-11,74.758119657927551,25.241880342072445,1.0493971275438077,0.3031963984263194,90895993.540973619,162.58628865859239,18.45196084635435,true
1,547,100,136.75,0.19569511809100057,1.2398419843320027e-11,4.1935641747598734e-12,0.33823376105619346,1.6591984018079899e-11,74.725360329480523,25.274639670519477,1.0494612359502979,0.30337929289318338,90950823.922749385,162.69430264139496,18.342944741629175,true
1,548,100,137,0.19569511809100057,1.2398419843320027e-11,4.2008012073021924e-12,0.33881746709565447,1.6599221050622218e-11,74.692781098033947,25.307218901966046,1.0495249919157505,0.30356103938845602,91005310.151300043,162.80165827231099,18.233979686568393,true
1,549,100,137.25,0.19569511809100057,1.2398419843320027e-11,4.2080044560942806e-12,0.33939844829189691,1.6606424299414306e-11,74.660382149559467,25.339617850440526,1.0495883950762279,0.3037416394934408,91059452.700688496,162.90835613257107,18.125065396444935,true
1,550,100,137.5,0.19569511809100057,1.2398419843320027e-11,4.2151737839966622e-12,0.33997669358387611,1.6613593627316688e-11,74.628163667938068,25.371836332061935,1.0496514450718839,0.30392109478178569,91113252.042682514,163.01439680124585,18.016201586295495,true
1,551,100,137.75,0.19569511809100057,1.2398419843320027e-11,4.2223090545156705e-12,0.34055219196263548,1.6620728897835695e-11,74.596125834977741,25.403874165022255,1.0497141415469295,0.30409940681944897,91166708.646744564,163.11978085522213,17.907387970923544,true
1,552,100,138,0.19569511809100057,1.2398419843320027e-11,4.229410131806038e-12,0.34112493247151521,1.6627829975126064e-11,74.564268830431246,25.435731169568761,1.0497764841495971,0.304276577164666,91219822.980021894,163.22450886917957,17.798624264902397,true
1,553,100,138.25,0.19569511809100057,1.2398419843320027e-11,4.2364768806734904e-12,0.34169490420636167,1.6634896723993515e-11,74.532592832013421,25.467407167986586,1.0498384725321073,0.30445260736791596,91272595.507336438,163.32858141556724,17.689910182578043,true
1,554,100,138.5,0.19569511809100057,1.2398419843320027e-11,4.2435091665773161e-12,0.34226209631573479,1.6641929009897341e-11,74.501098015418748,25.498901984581252,1.0499001063506348,0.30462749897188862,91325026.691174969,163.43199906458051,17.581245438072244,true
1,555,100,138.75,0.19569511809100057,1.2398419843320027e-11,4.2505068556329271e-12,0.34282649800111414,1.6648926698952954e-11,74.469784554338631,25.530215445661373,1.0499613852652738,0.3048012535114526,91377116.991679505,163.53476238413833,17.472629745285335,true
1,556,100,139,0.19569511809100057,1.2398419843320027e-11,4.2574698146144113e-12,0.34338809851710539,1.6655889657934437e-11,74.438652620478535,25.561347379521468,1.0500223089400054,0.30497387251362307,91428866.866637692,163.63687193986047,17.364062817899086,true
1,557,100,139.25,0.19569511809100057,1.2398419843320027e-11,4.2643979109570669e-12,0.34394688717164412,1.6662817754277093e-11,74.407702383575185,25.592297616424812,1.0500828770426629,0.30514535749753025,91480276.771473318,163.73832829504499,17.255544369379638,true
1,558,100,139.5,0.19569511809100057,1.2398419843320027e-11,4.2712910127599248e-12,0.34450285332619984,1.6669710856079951e-11,74.376934011413553,25.62306598858645,1.0501430892448993,0.30531570997438856,91531347.159237057,163.83913201064607,17.147074112980278,true
1,559,100,139.75,0.19569511809100057,1.2398419843320027e-11,4.2781489887882653e-12,0.34505598639597851,1.6676568832108293e-11,74.346347669843709,25.653652330156284,1.050202945222154,0.30548493144746547,91582078.480597168,163.93928364525189,17.038651761744177,true
1,560,100,140,0.19569511809100057,1.2398419843320027e-11,4.2849717084761087e-12,0.34560627585012371,1.6683391551796134e-11,74.315943522797738,25.684056477202255,1.0502624446536202,0.30565302341205136,91632471.183830425,164.03878375506281,16.93027702850727,true
1,561,100,140.25,0.19569511809100057,1.2398419843320027e-11,4.2917590419287074e-12,0.34615371121191746,1.6690178885248732e-11,74.285721732306357,25.71427826769364,1.0503215872222116,0.3058199873554297,91682525.714813188,164.13763289386984,16.821949625900878,true
1,562,100,140.5,0.19569511809100057,1.2398419843320027e-11,4.2985108599250151e-12,0.34669828205897951,1.6696930703245042e-11,74.255682458515565,25.744317541484442,1.0503803726145302,0.3059858247568471,91732242.517012447,164.23583161303281,16.713669266354508,true
1,563,100,140.75,0.19569511809100057,1.2398419843320027e-11,4.3052270339201511e-12,0.34723997802346601,1.6703646877240177e-11,74.225825859703079,25.774174140296918,1.0504388005208343,0.30615053708748469,91781622.031477198,164.3333804614596,16.605435662098472,true
1,564,100,141,0.19569511809100057,1.2398419843320027e-11,4.3119074360478429e-12,0.34777878879226665,1.6710327279367871e-11,74.196152092294881,25.803847907705112,1.0504968706350057,0.30631412581042877,91830664.696829677,164.43027998558475,16.497248525166558,true
1,565,100,141.25,0.19569511809100057,1.2398419843320027e-11,4.3185519391228637e-12,0.34831470410720095,1.6716971782442889e-11,74.166661310881366,25.833338689118634,1.0505545826545188,0.30647659238064262,91879370.949256927,164.52653072934862,16.3891075673987,true
1,566,100,141.5,0.19569511809100057,1.2398419843320027e-11,4.3251604166434539e-12,0.34884771376521401,1.672358025996348e-11,74.137353668233601,25.862646331766395,1.0506119362804081,0.30663793824493846,91927741.222502306,164.622133234177,16.281012500443481,true
1,567,100,141.75,0.19569511809100057,1.2398419843320027e-11,4.3317327427937258e-12,0.34937780761857007,1.6730152586113752e-11,74.108229315319448,25.891770684680555,1.0506689312172366,0.30679816484194955,91975775.947857231,164.7170880389603,16.172963035760816,true
1,568,100,142,0.19569511809100057,1.2398419843320027e-11,4.3382687924460634e-12,0.3499049755750463,1.6736688635766091e-11,74.079288401319488,25.920711598680509,1.0507255671730655,0.30695727360210318,92023475.554153025,164.81139568003348,16.064958884624442,true
1,569,100,142.25,0.19569511809100057,1.2398419843320027e-11,4.3447684411635044e-12,0.35042920759812485,1.674318828448353e-11,74.050531073642972,25.949468926357032,1.0507818438594219,0.30711526594759359,92070840.467752784,164.90505669115598,15.956999758124413,true
1,570,100,142.5,0.19569511809100057,1.2398419843320027e-11,4.3512315652021045e-12,0.35095049370718356,1.6749651408522131e-11,74.021957477943559,25.978042522056441,1.0508377609912687,0.30727214329235492,92117871.1125433,164.99807160349161,15.849085367169666,true
1,571,100,142.75,0.19569511809100057,1.2398419843320027e-11,4.3576580415132993e-12,0.35146882397768631,1.6756077884833327e-11,73.993567758135043,26.006432241864964,1.0508933182869737,0.30742790704203571,92164567.909927398,165.09044094558919,15.74121542249042,true
1,572,100,143,0.19569511809100057,1.2398419843320027e-11,4.3640477477462435e-12,0.35198418854137198,1.676246759106627e-11,73.96536205640686,26.034637943593147,1.0509485154682789,0.30758255859397249,92210931.278816029,165.18216524336273,15.633389634640659,true
1,573,100,143.25,0.19569511809100057,1.2398419843320027e-11,4.3704005622501413e-12,0.35249657758644215,1.6768820405570168e-11,73.937340513239633,26.062659486760364,1.0510033522602711,0.30773609933716395,92256961.635620549,165.27324502007227,15.525607714000568,true
1,574,100,143.5,0.19569511809100057,1.2398419843320027e-11,4.3767163640765597e-12,0.3530059813577478,1.6775136207396587e-11,73.909503267420547,26.090496732579453,1.0510578283913501,0.30788853065224642,92302659.394245297,165.36368079630478,15.417869370778831,true
1,575,100,143.75,0.19569511809100057,1.2398419843320027e-11,4.3829950329817393e-12,0.35351239015697572,1.6781414876301765e-11,73.881850456058501,26.118149543941495,1.0511119435932004,0.30803985391146871,92348024.966080114,165.45347308995505,15.310174315015109,true
1,576,100,144,0.19569511809100057,1.2398419843320027e-11,4.3892364494288721e-12,0.3540157943428322,1.6787656292748898e-11,73.85438221459944,26.14561778540056,1.0511656976007613,0.30819007047866681,92393058.759992763,165.54262241620708,15.202522256582339,true
1,577,100,144.25,0.19569511809100057,1.2398419843320027e-11,4.395440494590387e-12,0.35451618433122717,1.6793860337910414e-11,73.827098676841246,26.172901323158747,1.0512190901521965,0.30833918170924096,92437761.182321995,165.63112928751539,15.094912905189,true
1,578,100,144.5,0.19569511809100057,1.2398419843320027e-11,4.401607050350207e-12,0.35501355059545658,1.6800026893670235e-11,73.799999974948818,26.200000025051182,1.051272120988866,0.30848718895013072,92482132.636870131,165.71899421358677,14.987345970381494,true
1,579,100,144.75,0.19569511809100057,1.2398419843320027e-11,4.4077359993059988e-12,0.35550788366638364,1.6806155842626024e-11,73.773086239468824,26.226913760531176,1.0513247898552964,0.30863409353979188,92526173.52489613,165.80621770136185,14.879821161546325,true
1,580,100,145,0.19569511809100057,1.2398419843320027e-11,4.413827224771409e-12,0.35599917413261933,1.6812247068091436e-11,73.746357599344535,26.253642400655465,1.0513770964991518,0.30877989680817292,92569884.245108515,165.89280025499727,14.772338187912421,true
1,581,100,145.25,0.19569511809100057,1.2398419843320027e-11,4.4198806107782844e-12,0.35648741264070122,1.6818300454098311e-11,73.719814181930374,26.280185818069629,1.0514290406712057,0.30892460007669253,92613265.19365865,165.9787423758477,14.66489675855331,true
1,582,100,145.5,0.19569511809100057,1.2398419843320027e-11,4.4258960420788834e-12,0.35697258989527209,1.6824315885398912e-11,73.693456113006505,26.306543886993499,1.0514806221253128,0.30906820465821633,92656316.764133722,166.06404456244817,14.557496582389291,true
1,583,100,145.75,0.19569511809100057,1.2398419843320027e-11,4.4318734041480629e-12,0.35745469665925622,1.6830293247468089e-11,73.667283516793248,26.332716483206756,1.0515318406183798,0.30921071185703503,92699039.347550273,166.14870731049677,14.450137368189671,true
1,584,100,146,0.19569511809100057,1.2398419843320027e-11,4.4378125831854671e-12,0.35793372375403587,1.6836232426505494e-11,73.641296515965394,26.358703484034603,1.0515826959103383,0.30935212296884229,92741433.332347482,166.23273111283692,14.342818824574834,true
1,585,100,146.25,0.19569511809100057,1.2398419843320027e-11,4.4437134661176872e-12,0.3584096620596256,1.6842133309437715e-11,73.615495231666443,26.384504768333549,1.0516331877641161,0.30949243928071302,92783499.104380712,166.31611645944062,14.235540660018449,true
1,586,100,146.5,0.19569511809100057,1.2398419843320027e-11,4.4495759406004169e-12,0.3588825025148461,1.6847995783920444e-11,73.58987978352269,26.410120216477303,1.0516833159456105,0.30963166207108195,92825237.046915025,166.3988638373913,14.128302582849505,true
1,587,100,146.75,0.19569511809100057,1.2398419843320027e-11,4.4553998950205946e-12,0.35935223611749667,1.6853819738340619e-11,73.564450289657245,26.435549710342759,1.0517330802236604,0.30976979260972259,92866647.540618971,166.48097373086711,14.0211043012544,true
1,588,100,147,0.19569511809100057,1.2398419843320027e-11,4.4611852184985235e-12,0.35981885392452684,1.685960506181855e-11,73.539206866703907,26.460793133296093,1.0517824803700191,0.30990683215772619,92907730.963558182,166.562446621124,13.913945523279027,true
1,589,100,147.25,0.19569511809100057,1.2398419843320027e-11,4.4669318008899822e-12,0.36028234705220591,1.686535164421001e-11,73.51414962982102,26.485850370178973,1.0518315161593275,0.31004278196748147,92948487.691189349,166.64328298647979,13.806825956830757,true
1,590,100,147.5,0.19569511809100057,1.2398419843320027e-11,4.4726395327883259e-12,0.36074270667629293,1.6871059376108352e-11,73.489278692705128,26.510721307294869,1.0518801873690868,0.31017764328265446,92988918.096354172,166.72348330229735,13.6997453096805,true
1,591,100,147.75,0.19569511809100057,1.2398419843320027e-11,4.4783083055265669e-12,0.36119992403220424,1.6876728148846594e-11,73.464594167604531,26.535405832395469,1.0519284937796325,0.3103114173381683,93029022.549273297,166.8030480409688,13.592703289464671,true
1,592,100,148,0.19569511809100057,1.2398419843320027e-11,4.4839380111794442e-12,0.36165399041518048,1.6882357854499472e-11,73.440096165332804,26.5599038346672,1.0519764351741081,0.31044410536018346,93068801.417540371,166.88197767189962,13.485699603687115,true
1,593,100,148.25,0.19569511809100057,1.2398419843320027e-11,4.4895285425654781e-12,0.36210489718045236,1.6887948385885505e-11,73.41578479528215,26.584215204717857,1.0520240113384383,0.31057570856607897,93108255.066116467,166.96027266149244,13.378733959721117,true
1,594,100,148.5,0.19569511809100057,1.2398419843320027e-11,4.4950797932490064e-12,0.36255263574340468,1.6893499636569031e-11,73.39166016543669,26.608339834563317,1.0520712220613033,0.3107062281644325,93147383.857324049,167.037933473132,13.271806064811292,true
1,595,100,148.75,0.19569511809100057,1.2398419843320027e-11,4.5005916575422212e-12,0.36299719757974103,1.6899011500862248e-11,73.367722382385594,26.63227761761441,1.0521180671341137,0.31083566535500196,93186188.150841475,167.11496056716928,13.164915626075459,true
1,596,100,149,0.19569511809100057,1.2398419843320027e-11,4.50606403050717e-12,0.36343857422564457,1.6904483873827196e-11,73.343971551336153,26.65602844866385,1.0521645463509834,0.31096402132870743,93224668.303697631,167.19135440090636,13.058062350506576,true
1,597,100,149.25,0.19569511809100057,1.2398419843320027e-11,4.5114968079577607e-12,0.36387675727794039,1.6909916651277786e-11,73.320407776126729,26.679592223873279,1.0522106595087062,0.31109129726761153,93262824.670265943,167.26711542858138,12.951245944974529,true
1,598,100,149.5,0.19569511809100057,1.2398419843320027e-11,4.5168898864617406e-12,0.36431173839425463,1.6915309729781767e-11,73.29703115923958,26.702968840760416,1.0522564064067292,0.31121749434490265,93300657.602259457,167.34224410135334,12.844466116228029,true
1,599,100,149.75,0.19569511809100057,1.2398419843320027e-11,4.522243163342669e-12,0.36474350929317384,1.6920663006662694e-11,73.273841801813631,26.726158198186365,1.0523017868471285,0.31134261372487659,93338167.448725283,167.41674086728764,12.7377225708964,true
1,600,100,150,0.19569511809100057,1.2398419843320027e-11,4.5275565366818729e-12,0.3651720617544027,1.6925976380001898e-11,73.250839803657072,26.749160196342924,1.0523468006345842,0.31146665656291911,93375354.556039348,167.49060617134114,12.631015015491352,true
1,601,100,150.25,0.19569511809100057,1.2398419843320027e-11,4.5328299053203802e-12,0.36559738761891991,1.6931249748640405e-11,73.228025263259909,26.771974736740095,1.0523914475763563,0.31158962400548867,93412219.267901257,167.56384045534787,12.524343156408813,true
1,602,100,150.5,0.19569511809100057,1.2398419843320027e-11,4.5380631688608549e-12,0.36601947878913421,1.6936483012180881e-11,73.205398277806339,26.794601722193658,1.0524357274822602,0.31171151719009932,93448761.925329134,167.63644415800456,12.417706699930593,true
1,603,100,150.75,0.19569511809100057,1.2398419843320027e-11,4.5432562276695021e-12,0.36643832722903802,1.6941676070989529e-11,73.182958943187145,26.817041056812862,1.0524796401646421,0.3118323372453044,93484982.866654754,167.70841771485669,12.311105352226216,true
1,604,100,151,0.19569511809100057,1.2398419843320027e-11,4.5484089828779686e-12,0.36685392496436092,1.6946828826197994e-11,73.160707354011791,26.839292645988213,1.0525231854383559,0.31195208529067936,93520882.427518412,167.77976155828426,12.204538819354578,true
1,605,100,151.25,0.19569511809100057,1.2398419843320027e-11,4.553521336385222e-12,0.36726626408272106,1.6951941179705249e-11,73.138643603620636,26.861356396379357,1.0525663631207391,0.31207076243680593,93556460.940864116,167.85047611748806,12.098006807265621,true
1,606,100,151.5,0.19569511809100057,1.2398419843320027e-11,4.5585931908594205e-12,0.36767533673377595,1.6957013034179445e-11,73.116767784096879,26.883232215903124,1.0526091730315896,0.31218836978525588,93591718.736934796,167.92056181847605,11.99150902180207,true
1,607,100,151.75,0.19569511809100057,1.2398419843320027e-11,4.5636244497397677e-12,0.36808113512937213,1.6962044293059793e-11,73.095079986278392,26.904920013721608,1.0526516149931417,0.31230490842857545,93626656.143267557,167.99001908404955,11.885045168701016,true
1,608,100,152,0.19569511809100057,1.2398419843320027e-11,4.5686150172383449e-12,0.36848365154369295,1.6967034860558372e-11,73.073580299769617,26.926419700230376,1.0526936888300442,0.3124203794502694,93661273.484688953,168.05884833379019,11.778614953595616,true
1,609,100,152.25,0.19569511809100057,1.2398419843320027e-11,4.5735647983419404e-12,0.36888287831340605,1.6971984641661969e-11,73.052268812953173,26.947731187046827,1.0527353943693367,0.31253478392478617,93695571.08331053,168.12704998404649,11.672218082016677,true
1,610,100,152.5,0.19569511809100057,1.2398419843320027e-11,4.578473698813859e-12,0.36927880783780942,1.6976893542133885e-11,73.031145613001385,26.968854386998618,1.0527767314404268,0.31264812291750277,93729549.258524284,168.19462444792072,11.565854259394223,true
1,611,100,152.75,0.19569511809100057,1.2398419843320027e-11,4.5833416251957109e-12,0.3696714325789755,1.6981761468515737e-11,73.010210785887864,26.989789214112136,1.0528176998750689,0.31276039748470891,93763208.326997906,168.26157213525613,11.459523191059137,true
1,612,100,153,0.19569511809100057,1.2398419843320027e-11,4.5881684848091937e-12,0.37006074506189512,1.6986588328129219e-11,72.989464416398789,27.010535583601214,1.0528582995073401,0.31287160867359409,93796548.602670893,168.32789345262407,11.353224582244691,true
1,613,100,153.25,0.19569511809100057,1.2398419843320027e-11,4.59295418575786e-12,0.3704467378746199,1.6991374029077886e-11,72.968906588144137,27.03109341185586,1.05289853017362,0.31298175752223156,93829570.396749794,168.39358880331127,11.246958138088058,true
1,614,100,153.5,0.19569511809100057,1.2398419843320027e-11,4.5976986369288598e-12,0.370829403668403,1.6996118480248886e-11,72.948537383568933,27.051462616431067,1.0529383917125676,0.31309084505956514,93862274.017704189,168.4586585873077,11.140723563631889,true
1,615,100,153.75,0.19569511809100057,1.2398419843320027e-11,4.602401747994684e-12,0.37120873515783936,1.7000821591314709e-11,72.928356883964156,27.071643116035847,1.0529778839651005,0.31319887230539489,93894659.771262467,168.52310320129371,11.034520563825764,true
1,616,100,154,0.19569511809100057,1.2398419843320027e-11,4.6070634294148765e-12,0.37158472512100427,1.7005483272734904e-11,72.908365169477804,27.091634830522203,1.0530170067743732,0.31330584027036323,93926727.960407585,168.58692303862824,10.928348843527731,true
1,617,100,154.25,0.19569511809100057,1.2398419843320027e-11,4.611683592437742e-12,0.37195736639959059,1.7010103435757767e-11,72.888562319125597,27.111437680874399,1.0530557599857553,0.31341174995594168,93958478.885373145,168.65011848933662,10.822208107505748,true
1,618,100,154.5,0.19569511809100057,1.2398419843320027e-11,4.6162621491020381e-12,0.37232665189904585,1.7014681992422065e-11,72.868948410801849,27.131051589198147,1.0530941434468115,0.31351660235441736,93989912.843639374,168.71268994009873,10.716098060439119,true
1,619,100,154.75,0.19569511809100057,1.2398419843320027e-11,4.6207990122386437e-12,0.37269257458870619,1.7019218855558669e-11,72.849523521289939,27.150476478710058,1.0531321570072809,0.31362039844887973,94021030.129929036,168.77463777423702,10.610018406919979,true
1,620,100,155,0.19569511809100057,1.2398419843320027e-11,4.6252940954722261e-12,0.37305512750193121,1.7023713938792252e-11,72.830287726272928,27.169712273727079,1.0531698005190553,0.31372313921320782,94051831.036203757,168.83596237170528,10.503968851454642,true
1,621,100,155.25,0.19569511809100057,1.2398419843320027e-11,4.6297473132228785e-12,0.37341430373623591,1.7028167156542903e-11,72.811241100343892,27.188758899656115,1.0532070738361594,0.31382482561205782,94082315.851660162,168.89666410907677,10.39794909846507,true
1,622,100,155.5,0.19569511809100057,1.2398419843320027e-11,4.6341585807077547e-12,0.37377009645342257,1.7032578424027781e-11,72.792383717016278,27.207616282983722,1.0532439768147313,0.31392545860084964,94112484.862725958,168.95674335953319,10.291958852290227,true
1,623,100,155.75,0.19569511809100057,1.2398419843320027e-11,4.6385278139426821e-12,0.37412249887971089,1.7036947657262708e-11,72.773715648734083,27.226284351265917,1.0532805093130015,0.31402503912575586,94142338.35305652,169.01620049285322,10.185997817187422,true
1,624,100,156,0.19569511809100057,1.2398419843320027e-11,4.6428549297437554e-12,0.37447150430586645,1.704127477306378e-11,72.755236966881938,27.244763033118065,1.0533166711912736,0.31412356812368847,94171876.603531018,169.07503587540162,10.080065697333724,true
1,625,100,156.25,0.19569511809100057,1.2398419843320027e-11,4.6471398457289295e-12,0.37481710608732915,1.7045559689048957e-11,72.736947741795078,27.263052258204922,1.0533524623119053,0.31422104652228749,94201099.892248914,169.13324987011839,9.9741621968272067,true
1,626,100,156.5,0.19569511809100057,1.2398419843320027e-11,4.6513824803195789e-12,0.3751592976443392,1.7049802323639605e-11,72.718848042769253,27.281151957230744,1.0533878825392879,0.31431747523990922,94230008.49452652,169.19084283650773,9.8682870196883616,true
1,627,100,156.75,0.19569511809100057,1.2398419843320027e-11,4.6555827527420563e-12,0.37549807246206246,1.7054002596062083e-11,72.700937938070496,27.299062061929501,1.0534229317398285,0.31441285518561446,94258602.68289341,169.24781513062769,9.7624398698613479,true
1,628,100,157,0.19569511809100057,1.2398419843320027e-11,4.6597405830292326e-12,0.37583342409071507,1.7058160426349258e-11,72.683217494944756,27.316782505055251,1.0534576097819297,0.31450718725915766,94286882.727089152,169.30416710507936,9.6566204512152645,true
1,629,100,157.25,0.19569511809100057,1.2398419843320027e-11,4.6638558920220081e-12,0.37616534614568509,1.7062275735342034e-11,72.665686779627492,27.334313220372508,1.053491916535972,0.31460047235097488,94314848.894059792,169.35989910899679,9.5508284675454718,true
1,630,100,157.5,0.19569511809100057,1.2398419843320027e-11,4.6679286013708345e-12,0.37649383230765515,1.706634844469086e-11,72.648345857353149,27.351654142646854,1.0535258518742947,0.3146927113421738,94342501.447954759,169.4150114880365,9.4450636225748283,true
1,631,100,157.75,0.19569511809100057,1.2398419843320027e-11,4.671958633537196e-12,0.37681887632272237,1.7070378476857223e-11,72.631194792364454,27.368805207635539,1.0535594156711783,0.31478390510452198,94369840.650123388,169.4695045843676,9.3393256199548844,true
1,632,100,158,0.19569511809100057,1.2398419843320027e-11,4.6759459117950884e-12,0.37714047200251705,1.7074365755115114e-11,72.614233647921736,27.38576635207826,1.053592607802825,0.31487405450043698,94396866.759111971,169.52337873666173,9.2336141632671982,true
1,633,100,158.25,0.19569511809100057,1.2398419843320027e-11,4.6798903602324826e-12,0.37745861322432117,1.7078310203552509e-11,72.597462486311997,27.402537513688006,1.0536254281473425,0.31496316038297539,94423580.030660421,169.57663428008303,9.127928956024455,true
1,634,100,158.5,0.19569511809100057,1.2398419843320027e-11,4.683791903752765e-12,0.37777329393118436,1.7082211747072792e-11,72.580881368857987,27.419118631142013,1.0536578765847249,0.31505122359582299,94449980.717699379,169.62927154627874,9.0222697016717319,true
1,635,100,158.75,0.19569511809100057,1.2398419843320027e-11,4.6876504680761715e-12,0.37808450813203959,1.7086070311396199e-11,72.564490355927148,27.435509644072848,1.0536899529968362,0.31513824497328408,94476069.070346981,169.6812908633695,8.9166361035876616,true
1,636,100,159,0.19569511809100057,1.2398419843320027e-11,4.691465979741199e-12,0.37839224990181708,1.7089885823061225e-11,72.548289506940421,27.451710493059579,1.0537216572673926,0.31522422534027211,94501845.335906059,169.73269255593991,8.8110278650855545,true
1,637,100,159.25,0.19569511809100057,1.2398419843320027e-11,4.6952383661060062e-12,0.37869651338155713,1.7093658209426034e-11,72.532278880380971,27.467721119619029,1.0537529892819451,0.31530916551229971,94527309.758861154,169.78347694502909,8.7054446894146409,true
1,638,100,159.5,0.19569511809100057,1.2398419843320027e-11,4.6989675553497938e-12,0.37899729277852173,1.7097387398669821e-11,72.516458533802805,27.483541466197192,1.0537839489278638,0.31539306629546876,94552462.580875531,169.83364434812165,8.5998862797611046,true
1,639,100,159.75,0.19569511809100057,1.2398419843320027e-11,4.7026534764741739e-12,0.37929458236630464,1.71010733197942e-11,72.500828523839303,27.499171476160701,1.0538145360943194,0.31547592848646178,94577304.040788591,169.88319507913869,8.4943523392493017,true
1,640,100,160,0.19569511809100057,1.2398419843320027e-11,4.7062960593045217e-12,0.3795883764849407,1.710471590262455e-11,72.485388906211611,27.514611093788393,1.0538447506722688,0.31555775287253141,94601834.374612749,169.93212944842864,8.38884257094284,true
1,641,100,160.25,0.19569511809100057,1.2398419843320027e-11,4.7098952344913103e-12,0.37987866954101329,1.7108315077811338e-11,72.470139735736936,27.529860264263068,1.0538745925544371,0.31563854023149285,94626053.815531135,169.98044776275856,8.2833566778456316,true
1,642,100,160.5,0.19569511809100057,1.2398419843320027e-11,4.7134509335114332e-12,0.38016545600776119,1.711187077683146e-11,72.455081066336774,27.544918933663226,1.0539040616353026,0.31571829133171353,94649962.593894497,170.02815032530555,8.177894362903066,true
1,643,100,160.75,0.19569511809100057,1.2398419843320027e-11,4.7169630886695069e-12,0.38044873042518351,1.7115382931989532e-11,72.440212951044998,27.559787048955009,1.0539331578110809,0.31579700693210505,94673560.937218815,170.07523743564815,8.0724553290029917,true
1,644,100,161,0.19569511809100057,1.2398419843320027e-11,4.7204316330991577e-12,0.38072848740014348,1.7118851476419185e-11,72.425535442015843,27.574464557984165,1.0539618809797082,0.31587468778211436,94696849.070182636,170.12170938975785,7.9670392789768485,true
1,645,100,161.25,0.19569511809100057,1.2398419843320027e-11,4.7238565007643012e-12,0.3810047216064717,1.7122276344084326e-11,72.411048590531749,27.588951409468251,1.0539902310408276,0.3159513346217156,94719827.214624614,170.16756647999074,7.8616459156006853,true
1,646,100,161.5,0.19569511809100057,1.2398419843320027e-11,4.7272376264603932e-12,0.38127742778506701,1.7125657469780421e-11,72.396752447011281,27.603247552988716,1.0540182078957725,0.31602694818140081,94742495.58954078,170.2128089950796,7.7562749415961596,true
1,647,100,161.75,0.19569511809100057,1.2398419843320027e-11,4.7305749458156747e-12,0.38154660074399688,1.7128994789135701e-11,72.382647061016641,27.617352938983359,1.0540458114475519,0.31610152918217316,94764854.411082417,170.2574372201255,7.6509260596316269,true
1,648,100,162,0.19569511809100057,1.2398419843320027e-11,4.7338683952923954e-12,0.38181223535859621,1.7132288238612422e-11,72.368732481261361,27.631267518738646,1.0540730416008359,0.31617507833553782,94786903.892553434,170.30145143659004,7.5455989723231145,true
1,649,100,162.25,0.19569511809100057,1.2398419843320027e-11,4.7371179121880248e-12,0.38207432657156476,1.713553775550805e-11,72.355008755617689,27.644991244382307,1.0540998982619407,0.31624759634349447,94808644.244408026,170.3448519222876,7.4402933822352804,true
1,650,100,162.5,0.19569511809100057,1.2398419843320027e-11,4.7403234346364454e-12,0.38233286939306371,1.713874327795647e-11,72.34147593112408,27.658524068875927,1.0541263813388146,0.31631908389852958,94830075.674248412,170.38763895137754,7.3350089918824892,true
1,651,100,162.75,0.19569511809100057,1.2398419843320027e-11,4.7434849016091311e-12,0.38258785890081048,1.7141904744929158e-11,72.328134053992287,27.67186594600771,1.0541524907410231,0.316389541683609,94851198.386822596,170.42981279435654,7.2297455037296814,true
1,652,100,163,0.19569511809100057,1.2398419843320027e-11,4.7466022529163065e-12,0.38283929024017227,1.7145022096236334e-11,72.314983169614706,27.685016830385294,1.0541782263797359,0.31645897037216997,94872012.584022015,170.47137371805138,7.1245026201934305,true
1,653,100,163.25,0.19569511809100057,1.2398419843320027e-11,4.749675429208097e-12,0.38308715862425879,1.7148095272528123e-11,72.302023322571273,27.69797667742872,1.0542035881677119,0.31652737062811442,94892518.464879423,170.51232198561146,7.0192800436428353,true
1,654,100,163.5,0.19569511809100057,1.2398419843320027e-11,4.7527043719756559e-12,0.38333145933401341,1.7151124215295684e-11,72.289254556636536,27.710745443363461,1.0542285760192867,0.31659474310580149,94912716.22556679,170.55265785650161,6.9140774764004522,true
1,655,100,163.75,0.19569511809100057,1.2398419843320027e-11,4.755689023552279e-12,0.38357218771830276,1.7154108866872306e-11,72.276676914786421,27.723323085213579,1.0542531898503584,0.31666108845004054,94932606.059393063,170.59238158649501,6.8088946207432803,true
1,656,100,164,0.19569511809100057,1.2398419843320027e-11,4.7586293271145026e-12,0.38380933919400534,1.7157049170434527e-11,72.264290439205041,27.735709560794966,1.0542774295783746,0.31672640729608437,94952188.156802267,170.63149342766616,6.7037311789036069,true
1,657,100,164.25,0.19569511809100057,1.2398419843320027e-11,4.7615252266831848e-12,0.38404290924609891,1.7159945070003212e-11,72.252095171291273,27.74790482870872,1.0543012951223201,0.31679070026962208,94971462.705371261,170.66999362838405,6.5985868530699756,true
1,658,100,164.5,0.19569511809100057,1.2398419843320027e-11,4.7643766671245722e-12,0.38427289342774634,1.71627965104446e-11,72.240091151665411,27.759908848334597,1.0543247864027026,0.31685396798677323,94990429.889808059,170.70788243330546,6.4934613453880621,true
1,659,100,164.75,0.19569511809100057,1.2398419843320027e-11,4.7671835941513504e-12,0.38449928736038047,1.7165603437471378e-11,72.228278420175414,27.77172157982459,1.0543479033415417,0.31691621105408069,95009089.891949624,170.74516008336829,6.3883543579615134,true
1,660,100,165,0.19569511809100057,1.2398419843320027e-11,4.7699459543236734e-12,0.38472208673378705,1.7168365797643699e-11,72.216657015903451,27.783342984096556,1.0543706458623554,0.31697743006850437,95027442.890760034,170.78182681578502,6.2832655928529118,true
1,661,100,165.25,0.19569511809100057,1.2398419843320027e-11,4.7726636950501865e-12,0.38494128730618715,1.7171083538370213e-11,72.205226977171975,27.794773022828018,1.0543930138901489,0.31703762561741511,95045489.062328637,170.81788286403639,6.1781947520845435,true
1,662,100,165.5,0.19569511809100057,1.2398419843320027e-11,4.7753367645890223e-12,0.38515688490431788,1.717375660790905e-11,72.193988341549982,27.806011658450025,1.0544150073514011,0.31709679827858872,95063228.579868287,170.85332845786496,6.0731415376393443,true
1,663,100,165.75,0.19569511809100057,1.2398419843320027e-11,4.7779651120487912e-12,0.38536887542351173,1.7176384955368817e-11,72.182941145858848,27.817058854141159,1.0544366261740548,0.31715494862019983,95080661.613713413,170.88816382326922,5.9681056514616859,true
1,664,100,166,0.19569511809100057,1.2398419843320027e-11,4.7805486873895454e-12,0.38557725482777477,1.7178968530709573e-11,72.172085426178455,27.827914573821541,1.0544578702875027,0.31721207720081601,95097788.331318393,170.92238918249714,5.8630867954582113,true
1,665,100,166.25,0.19569511809100057,1.2398419843320027e-11,4.7830874414237354e-12,0.3857820191498636,1.7181507284743762e-11,72.161421217852904,27.838578782147099,1.054478739622579,0.31726818456939204,95114608.897255719,170.95600475404063,5.7580846714987004,true
1,666,100,166.5,0.19569511809100057,1.2398419843320027e-11,4.7855813258171436e-12,0.38598316449136066,1.7184001169137169e-11,72.1509485554962,27.849051444503793,1.0544992341115451,0.31732327126526466,95131123.473214462,170.98901075262933,5.6530989814168686,true
1,667,100,166.75,0.19569511809100057,1.2398419843320027e-11,4.7880302930898066e-12,0.38618068702274855,1.7186450136409832e-11,72.14066747299799,27.859332527002017,1.054519353688081,0.31737733781814664,95147332.217998534,171.02140738922535,5.548129427011137,true
1,668,100,167,0.19569511809100057,1.2398419843320027e-11,4.790434296616916e-12,0.38637458298348298,1.7188854139936941e-11,72.13057800352891,27.869421996471083,1.0545390982872733,0.31743038474812152,95163235.287525058,171.0531948710171,5.4431757100455096,true
1,669,100,167.25,0.19569511809100057,1.2398419843320027e-11,4.7927932906297106e-12,0.38656484868206442,1.7191213133949738e-11,72.12068017954617,27.879319820453826,1.0545584678456048,0.31748241256563864,95178832.834822893,171.0843734014143,5.3382375322502771,true
1,670,100,167.5,0.19569511809100057,1.2398419843320027e-11,4.7951072302163465e-12,0.38675148049610825,1.7193527073536374e-11,72.110974032798694,27.889025967201309,1.0545774623009445,0.31753342177150773,95194125.010031015,171.11494318004222,5.2333145953228728,true
1,671,100,167.75,0.19569511809100057,1.2398419843320027e-11,4.7973760713227472e-12,0.38693447487241361,1.7195795914642773e-11,72.101459594332425,27.898540405667571,1.0545960815925366,0.31758341285689434,95209111.960397154,171.14490440273667,5.1284066009286162,true
1,672,100,168,0.19569511809100057,1.2398419843320027e-11,4.79959977075345e-12,0.38711382832703151,1.7198019614073476e-11,72.092136894495439,27.907863105504564,1.0546143256609919,0.31763238630331403,95223793.830276042,171.17425726153868,5.0235132507014431,true
1,673,100,168.25,0.19569511809100057,1.2398419843320027e-11,4.8017782861724211e-12,0.38728953744533057,1.7200198129492447e-11,72.083005962942849,27.916994037057147,1.0546321944482766,0.31768034258262873,95238170.761128336,171.20300194468948,4.9186342462447383,true
1,674,100,168.5,0.19569511809100057,1.2398419843320027e-11,4.8039115761038701e-12,0.38746159888206266,1.7202331419423898e-11,72.074066828641804,27.925933171358189,1.0546496878977032,0.31772728215704144,95252242.891518995,171.23113863662553,4.8137692891320052,true
1,675,100,168.75,0.19569511809100057,1.2398419843320027e-11,4.8059995999330292e-12,0.38763000936142578,1.7204419443253056e-11,72.065319519876226,27.934680480123767,1.0546668059539219,0.3177732054790916,95266010.357115939,171.25866751797381,4.7089180809076705,true
1,676,100,169,0.19569511809100057,1.2398419843320027e-11,4.8080423179069358e-12,0.38779476567712734,1.7206462161226963e-11,72.056764064251524,27.943235935748472,1.0546835485629098,0.31781811299165119,95279473.290688843,171.28558876554683,4.6040803230877971,true
1,677,100,169.25,0.19569511809100057,1.2398419843320027e-11,4.8100396911351847e-12,0.38795586469244464,1.720845953445521e-11,72.048400488699158,27.951599511300838,1.0546999156719636,0.31786200512791973,95292631.822107658,171.31190255233827,4.4992557171607706,true
1,678,100,169.5,0.19569511809100057,1.2398419843320027e-11,4.8119916815906675e-12,0.38811330334028443,1.7210411524910692e-11,72.0402288194812,27.959771180518807,1.0547159072296899,0.31790488231142067,95305486.078341529,171.33760904751833,4.3944439645881017,true
1,679,100,169.75,0.19569511809100057,1.2398419843320027e-11,4.8138982521103006e-12,0.388267078623242,1.7212318095430326e-11,72.032249082194596,27.967750917805404,1.0547315231859962,0.31794674495599706,95318036.183457464,171.36270841642929,4.2896447668050417,true
1,680,100,170,0.19569511809100057,1.2398419843320027e-11,4.8157593663957292e-12,0.38841718761365751,1.7214179209715757e-11,72.024461301775602,27.975538698224391,1.0547467634920837,0.31798759346580729,95330282.258619115,171.38720082058123,4.184857825221374,true
1,681,100,170.25,0.19569511809100057,1.2398419843320027e-11,4.8175749890140197e-12,0.38856362745367218,1.7215994832334045e-11,72.016865502503862,27.983134497496135,1.0547616281004386,0.31802742823532171,95342224.422085702,171.41108641764802,4.0800828412220715,true
1,682,100,170.5,0.19569511809100057,1.2398419843320027e-11,4.8193450853983348e-12,0.38870639535528256,1.7217764928718362e-11,72.009461708006526,27.99053829199347,1.0547761169648233,0.31806624964931846,95353862.789210811,171.43436536146288,3.9753195161679606,true
1,683,100,170.75,0.19569511809100057,1.2398419843320027e-11,4.8210696218485909e-12,0.38884548860039359,1.7219489465168619e-11,72.002249941262235,27.997750058737765,1.0547902300402701,0.31810405808287967,95365197.472441271,171.45703780201467,3.8705675513964732,true
1,684,100,171,0.19569511809100057,1.2398419843320027e-11,4.8227485655321006e-12,0.38898090454087042,1.7221168408852127e-11,71.995230224604953,28.004769775395051,1.0548039672830722,0.31814085390138863,95376228.581316188,171.47910388544389,3.7658266482222857,true
1,685,100,171.25,0.19569511809100057,1.2398419843320027e-11,4.8243818844841956e-12,0.38911264059858869,1.722280172780422e-11,71.988402579727847,28.011597420272157,1.0548173286507772,0.31817663746052544,95386956.222465798,171.50056375403895,3.6610965079379656,true
1,686,100,171.5,0.19569511809100057,1.2398419843320027e-11,4.8259695476088374e-12,0.38924069426548374,1.7224389390928863e-11,71.981767027686857,28.018232972313143,1.0548303141021798,0.318211409106264,95397380.499610469,171.52141754623241,3.5563768318147169,true
1,687,100,171.75,0.19569511809100057,1.2398419843320027e-11,4.827511524679209e-12,0.38936506310359842,1.7225931367999237e-11,71.975323588904345,28.024676411095655,1.0548429235973145,0.31824516917486889,95407501.513559774,171.54166539659755,3.4516673211029461,true
1,688,100,172,0.19569511809100057,1.2398419843320027e-11,4.8290077863382884e-12,0.3894857447451292,1.7227427629658315e-11,71.969072283172522,28.030927716827481,1.0548551570974485,0.31827791799289207,95417319.36221154,171.56130743584484,3.3469676770330001,true
1,689,100,172.25,0.19569511809100057,1.2398419843320027e-11,4.8304583040994124e-12,0.38960273689247171,1.7228878147419437e-11,71.963013129656815,28.036986870343178,1.0548670145650765,0.31830965587716969,95426834.140550852,171.58034379081843,3.2422776008157816,true
1,690,100,172.5,0.19569511809100057,1.2398419843320027e-11,4.831863050346813e-12,0.38971603731826404,1.723028289366684e-11,71.957146146899248,28.042853853100759,1.0548784959639121,0.31834038313481944,95436045.940649271,171.59877458449324,3.1375967936433633,true
1,691,100,172.75,0.19569511809100057,1.2398419843320027e-11,4.8332219983361462e-12,0.38982564386542945,1.7231641841656172e-11,71.9514713528214,28.048528647178603,1.0548896012588842,0.31837010006323724,95444954.851663843,171.61659993597149,3.0329249566896967,true
1,692,100,173,0.19569511809100057,1.2398419843320027e-11,4.8345351221950016e-12,0.38993155444721722,1.7232954965515029e-11,71.945988764727701,28.054011235272299,1.0549003304161286,0.31839880695009481,95453560.959836408,171.63381996047974,2.9282617911111739,true
1,693,100,173.25,0.19569511809100057,1.2398419843320027e-11,4.8358023969233928e-12,0.39003376704724257,1.7234222240243419e-11,71.94069839930826,28.05930160069174,1.0549106834029838,0.31842650407333689,95461864.348492682,171.65043476936606,2.8236069980473197,true
1,694,100,173.5,0.19569511809100057,1.2398419843320027e-11,4.8370237983942369e-12,0.39013227971952491,1.7235443641714263e-11,71.935600272641778,28.064399727358222,1.0549206601879841,0.31845319170117875,95469865.098041579,171.66644447009696,2.7189602786213869,true
1,695,100,173.75,0.19569511809100057,1.2398419843320027e-11,4.8381993033538092e-12,0.39022709058852495,1.7236619146673834e-11,71.930694400198306,28.069305599801691,1.0549302607408557,0.31847887009210357,95477563.285974413,171.68184916625489,2.6143213339409517,true
1,696,100,174,0.19569511809100057,1.2398419843320027e-11,4.8393288894221911e-12,0.39031819784918048,1.7237748732742218e-11,71.925980796841912,28.074019203158091,1.0549394850325104,0.31850353949485993,95484958.986864135,171.69664895753533,2.5096898650986001,true
1,697,100,174.25,0.19569511809100057,1.2398419843320027e-11,4.8404125350936918e-12,0.39040559976694056,1.7238832378413718e-11,71.92145947683322,28.07854052316678,1.0549483330350407,0.31852720014846014,95492052.272364825,171.71084393974456,2.4050655731724531,true
1,698,100,174.5,0.19569511809100057,1.2398419843320027e-11,4.8414502197372595e-12,0.39048929467779864,1.7239870063057286e-11,71.91713045383193,28.082869546168062,1.0549568047217153,0.31854985228217708,95498843.211210772,171.72443420479695,2.3004481592268533,true
1,699,100,174.75,0.19569511809100057,1.2398419843320027e-11,4.8424419235968743e-12,0.39056928098832422,1.7240861766916902e-11,71.912993740899154,28.087006259100843,1.0549649000669741,0.31857149611554297,95505331.869216084,171.73741984071276,2.1958373243129361,true
1,700,100,175,0.19569511809100057,1.2398419843320027e-11,4.8433876277919239e-12,0.39064555717569333,1.7241807471111951e-11,71.909049350499643,28.090950649500357,1.0549726190464244,0.31859213185834695,95511518.309273943,171.74980093161585,2.0912327694691966,true
1,701,100,175.25,0.19569511809100057,1.2398419843320027e-11,4.8442873143175652e-12,0.39071812178771731,1.7242707157637592e-11,71.905297294503981,28.094702705496026,1.054979961636836,0.31861175971063299,95517402.591356039,171.76157755773161,1.9866341957221529,true
1,702,100,175.5,0.19569511809100057,1.2398419843320027e-11,4.8451409660450609e-12,0.39078697344287044,1.7243560809365087e-11,71.901737584190656,28.098262415809348,1.0549869278161372,0.31863037986269871,95522984.772512153,171.77274979538487,1.8820413040869071,true
1,703,100,175.75,0.19569511809100057,1.2398419843320027e-11,4.8459485667221148e-12,0.39085211083031651,1.7244368410042142e-11,71.898370230247991,28.101629769752016,1.054993517563412,0.31864799249509285,95528264.906869441,171.78331771699789,1.7774537955677037,true
1,704,100,176,0.19569511809100057,1.2398419843320027e-11,4.8467101009731737e-12,0.39091353270993368,1.72451299442932e-11,71.895195242776012,28.104804757223988,1.0549997308588945,0.31866459777861422,95533243.045632094,171.79328139108867,1.6728713711585925,true
1,705,100,176.25,0.19569511809100057,1.2398419843320027e-11,4.8474255542997227e-12,0.39097123791233768,1.724584539761975e-11,71.892212631288245,28.107787368711758,1.0550055676839678,0.31868019587430985,95537919.237080812,171.80264088226923,1.5682937318439267,true
1,706,100,176.5,0.19569511809100057,1.2398419843320027e-11,4.8480949130805627e-12,0.39102522533890482,1.7246514756400589e-11,71.889422404713272,28.110577595286724,1.0550110280211586,0.31869478693347375,95542293.526572376,171.81139625124371,1.4637205785990204,true
1,707,100,176.75,0.19569511809100057,1.2398419843320027e-11,4.8487181645720657e-12,0.3910754939617922,1.7247138007892092e-11,71.886824571396431,28.113175428603562,1.0550161118541359,0.31870837109764516,95546365.956539199,171.81954755480714,1.3591516123906968,true
1,708,100,177,0.19569511809100057,1.2398419843320027e-11,4.849295296908423e-12,0.39112204282395774,1.724771514022845e-11,71.884419139101155,28.115580860898845,1.0550208191677068,0.31872094849860783,95550136.566489056,171.82709484584396,1.2545865341778306,true
1,709,100,177.25,0.19569511809100057,1.2398419843320027e-11,4.8498262991018681e-12,0.39116487103917835,1.7248246142421894e-11,71.882206115010334,28.117793884989663,1.0550251499478147,0.31873251925838841,95553605.393004596,171.83403817332635,1.1500250449119993,true
1,710,100,177.5,0.19569511809100057,1.2398419843320027e-11,4.8503111610428822e-12,0.39120397779206634,1.7248731004362909e-11,71.880185505727695,28.119814494272305,1.0550291041815365,0.31874308348925529,95556772.469743058,171.84037758231355,1.0454668455379712,true
1,711,100,177.75,0.19569511809100057,1.2398419843320027e-11,4.8507498735003931e-12,0.39123936233808548,1.7249169716820421e-11,71.878357317278784,28.121642682721209,1.0550326818570805,0.31875264129371789,95559637.827435985,171.8461131139502,0.94091163699434832,true
1,712,100,178,0.19569511809100057,1.2398419843320027e-11,4.8511424281219493e-12,0.39127102400356523,1.7249562271441975e-11,71.876721555112141,28.123278444887859,1.0550358829637843,0.31876119276452575,95562201.493888989,171.85124480546565,0.83635912021410541,true
1,713,100,178.25,0.19569511809100057,1.2398419843320027e-11,4.8514888174338756e-12,0.39129896218571292,1.7249908660753903e-11,71.875278224100214,28.124721775899783,1.0550387074921124,0.31876873798466726,95564463.493981361,171.85577269017284,0.73180899612512473,true
1,714,100,178.5,0.19569511809100057,1.2398419843320027e-11,4.8517890348414194e-12,0.39132317635262592,1.7250208878161446e-11,71.874027328540208,28.125972671459795,1.0550411554336558,0.31877527702736941,95566423.849666014,171.85969679746751,0.62726096565083589,true
1,715,100,178.75,0.19569511809100057,1.2398419843320027e-11,4.8520430746288743e-12,0.39134366604330145,1.7250462917948899e-11,71.872968872154829,28.127031127845168,1.0550432267811292,0.31878080995609687,95568082.579969153,171.8630171528275,0.52271472971069655,true
1,716,100,179,0.19569511809100057,1.2398419843320027e-11,4.8522509319596886e-12,0.39136043086764527,1.7250670775279715e-11,71.872102858093001,28.127897141906999,1.0550449215283701,0.31878533682455151,95569439.700990215,171.86573377781207,0.41816998922082976,true
1,717,100,179.25,0.19569511809100057,1.2398419843320027e-11,4.8524126028765575e-12,0.39137347050647925,1.7250832446196584e-11,71.871429288930315,28.128570711069681,1.0550462396703384,0.31878885767667181,95570495.225901619,171.86784669006133,0.31362644509455384,true
1,718,100,179.5,0.19569511809100057,1.2398419843320027e-11,4.8525280843015008e-12,0.39138278471154753,1.7250947927621528e-11,71.870948166669564,28.129051833330429,1.0550471812031148,0.31879137254663259,95571249.164948702,171.86935590329577,0.2090837982429139,true
1,719,100,179.75,0.19569511809100057,1.2398419843320027e-11,4.8525973740359192e-12,0.39138837330552112,1.7251017217355947e-11,71.870659492741069,28.129340507258934,1.0550477461239001,0.31879288145884471,95571701.525449678,171.87026142731617,0.10454174957530521,true
1,720,100,180,0.19569511809100057,1.2398419843320027e-11,4.8526204707606342e-12,0.39139023618200108,1.7251040314080661e-11,71.870563268002897,28.129436731997107,1.0550479344310151,0.31879338442795463,95571852.311795443,171.87056326800291,0,true
2,0,200,0,0.39139023618200114,6.1992099216600133e-12,0,0,6.1992099216600133e-12,200,0,1,0,0,0,90,false
2,1,200,0.25,0.39139023618200114,6.1992099216600133e-12,2.30967247153578e-17,3.7257529600115561e-06,6.1992330183847282e-12,199.99925485218424,0.00074514781576563098,1.000001458217898,0.0017077556666116542,511972.26895693631,0.87266262620702462,89.826076478745534,true
2,2,200,0.5,0.39139023618200114,6.1992099216600133e-12,9.2386459133070836e-17,1.4902940907078004e-05,6.1993023081191466e-12,199.99701945623744,0.0029805437625480364,1.0000058327786359,0.003415472911416305,1023933.0193459103,1.7453132538168006,89.652154507079658,true
2,3,200,0.75,0.39139023618200114,6.1992099216600133e-12,2.0786788407667797e-16,3.3531351043685177e-05,6.1994177895440899e-12,199.99329395465404,0.0067060453459764245,1.0000131234033591,0.0051231133167228054,1535870.7338328622,2.6179398849500273,89.478235634477443,true
2,4,200,1,0.39139023618200114,6.1992099216600133e-12,3.6953880094586109e-16,5.9610628711683741e-05,6.1995794604609588e-12,199.98807858490071,0.011921415099287546,1.0000233296273566,0.0068306384730557656,2047773.8975467547,3.4905305231631938,89.30432141019017,true
2,5,200,1.25,0.39139023618200114,6.1992099216600133e-12,5.7739613175981426e-16,9.3140277399285121e-05,6.1997873177917731e-12,199.98137367938082,0.018626320619187627,1.0000364508001318,0.0085380099832852545,2559630.9993176255,4.3630731741662441,89.130413383133188,true
2,6,200,1.5,0.39139023618200114,6.1992099216600133e-12,8.3143591921462073e-16,0.00013411965875031705,6.200041357579228e-12,199.97317966538407,0.026820334615937153,1.0000524860854991,0.010245189466716603,3071430.5329026794,5.2355558465399339,88.956513101769531,true
2,7,200,1.75,0.39139023618200114,6.1992099216600133e-12,1.1316533267586774e-15,0.00018254799257639033,6.2003415749867719e-12,199.96349706502224,0.03650293497777473,1.0000714344617114,0.011952138563197434,3583160.9982175473,6.1079665524528082,88.782622114004582,true
2,8,200,2,0.39139023618200114,6.1992099216600133e-12,1.4780426386850909e-15,0.00023842435687180331,6.2006879642986981e-12,199.95232649515037,0.047673504849627069,1.0000932947216137,0.013658818937217269,4094810.9025653126,6.9802933083776981,88.608741967068667,true
2,9,200,2.25,0.39139023618200114,6.1992099216600133e-12,1.8705972602413123e-15,0.00030174768783122725,6.2010805189202544e-12,199.93966866727391,0.060331332726091577,1.0001180654728241,0.015365192282001602,4606368.7618638892,7.8525241358076343,88.434874207406452,true
2,10,200,2.5,0.39139023618200114,6.1992099216600133e-12,2.3093097177525113e-15,0.00037251677986960773,6.2015192313777661e-12,199.92552438744144,0.074475612558552409,1.0001457451379454,0.017071220323586028,5117823.1018674104,8.7246470619710745,88.261020380566521,true
2,11,200,2.75,0.39139023618200114,6.1992099216600133e-12,2.7941716587664999e-15,0.00045073028564554264,6.2020040933187794e-12,199.90989455612336,0.090105443876651786,1.0001763319548009,0.018776864824903858,5629162.4593916675,9.5966501205463732,88.087182031088062,true
2,12,200,3,0.39139023618200114,6.1992099216600133e-12,3.3251738522105066e-15,0.00053638671608657147,6.2025350955122236e-12,199.89278016807623,0.10721983192376935,1.0002098239767001,0.020482087589843673,6140375.3835305311,10.468521352375372,87.913360702390349,true
2,13,200,3.25,0.39139023618200114,6.1992099216600133e-12,3.9023061885681583e-15,0.00062948444041772435,6.2031122278485817e-12,199.87418231219326,0.12581768780674119,1.0002462190727328,0.022186850467310785,6651450.4368735487,11.340248806176024,87.739557936661626,true
2,14,200,3.5,0.39139023618200114,6.1992099216600133e-12,4.5255576800718121e-15,0.0007300216861925473,6.2037354793400848e-12,199.85410217134037,0.14589782865961956,1.0002855149280876,0.023891115355271844,7162376.1967184898,12.211820539253958,87.565775274747082,true
2,15,200,3.75,0.39139023618200114,6.1992099216600133e-12,5.19491646091132e-15,0.00083799653932677836,6.2044048381209247e-12,199.83254102217853,0.16745897782146207,1.0003277090444016,0.025594844204786804,7673141.2562800916,13.083224618212903,87.392014256039189,true
2,16,200,4,0.39139023618200114,6.1992099216600133e-12,5.910369787460573e-15,0.00095340694413489143,6.2051202914474738e-12,199.80950023497186,0.19049976502814439,1.000372798740135,0.027297999024030621,8183734.225895741,13.954449119663822,87.218276418365932,true
2,17,200,4.25,0.39139023618200114,6.1992099216600133e-12,6.6719040385191332e-15,0.0010762507033690743,6.2058818256985327e-12,199.78498127338196,0.21501872661805463,1.0004207811509729,0.029000541882296688,8694143.7342256717,14.825482130932738,87.044563297881652,true
2,18,200,4.5,0.39139023618200114,6.1992099216600133e-12,7.4795047155732527e-15,0.0012065254782613337,6.2066894263755866e-12,199.75898569424825,0.24101430575175181,1.0004716532302571,0.030702434913991376,9204358.4294504933,15.696311750767093,86.870876428956009,true
2,19,200,4.75,0.39139023618200114,6.1992099216600133e-12,8.333156443069564e-15,0.0013442287885676448,6.207543078103083e-12,199.73151514735468,0.2684848526453088,1.0005254117494407,0.032403640322603441,9714366.9804611988,16.566926090040585,86.697217344065479,true
2,20,200,5,0.39139023618200114,6.1992099216600133e-12,9.2328429687100355e-15,0.0014893580126155305,6.2084427646287236e-12,199.70257137518246,0.29742862481755283,1.0005820532985732,0.034104120384666321,10224158.078047022,17.437313272456372,86.523587573683002,true
2,21,200,5.25,0.39139023618200114,6.1992099216600133e-12,1.0178547163759882e-14,0.0016419103873537306,6.2093884688237731e-12,199.67215621264913,0.32784378735086533,1.0006415742868102,0.035803837453694427,10733720.436075514,18.307461435248538,86.349988646168953,true
2,22,200,5.5,0.39139023618200114,6.1992099216600133e-12,1.1170251023374566e-14,0.001801883008404951,6.2103801726833879e-12,199.64027158683433,0.35972841316566656,1.0007039709429515,0.037502753964105351,11243042.792668387,19.177358729881767,86.176422087663241,true
2,23,200,5.75,0.39139023618200114,6.1992099216600133e-12,1.2207935666942192e-14,0.0019692728301210962,6.2114178573269556e-12,199.60691951669162,0.39308048330838913,1.000769239316003,0.03920083243511966,11752113.911370648,20.046993322749088,86.002889421976178,true
2,24,200,6,0.39139023618200114,6.1992099216600133e-12,1.3291581338442839e-14,0.0021440766656412313,6.2125015029984563e-12,199.5721021127471,0.42789788725291006,1.0008373752757684,0.040898035474640312,12260922.582313616,20.916353395867603,85.829392170481256,true
2,25,200,6.25,0.39139023618200114,6.1992099216600133e-12,1.4421167406824614e-14,0.0023262911869522461,6.2136310890668383e-12,199.53582157678466,0.46417842321534997,1.0009083745134641,0.042594325783110544,12769457.623371486,21.785427147572161,85.65593185200737,true
2,26,200,6.5,0.39139023618200114,6.1992099216600133e-12,1.5596672366397738e-14,0.0025159129249524253,6.2148065940264113e-12,199.49808020151781,0.50191979848219415,1.0009822325423618,0.044289666157350895,13277707.88131164,22.654202793206828,85.482509982731543,true
2,27,200,6.75,0.39139023618200114,6.1992099216600133e-12,1.6818073837241585e-14,0.0027129382695171051,6.2160279954972546e-12,199.45888037024852,0.54111962975148131,1.0010589446984557,0.045984019494367222,13785662.232936267,23.522668565814044,85.309128076073009,true
2,28,200,7,0.39139023618200114,6.1992099216600133e-12,1.8085348565633249e-14,0.0029173634695678101,6.2172952702256467e-12,199.41822455651277,0.58177544348724075,1.0011385061411568,0.04767734879514135,14293309.586218763,24.390812716821458,85.135787642586493,true
2,29,200,7.25,0.39139023618200114,6.1992099216600133e-12,1.9398472424488235e-14,0.0031291846331433391,6.2186083940845012e-12,199.37611532371324,0.62388467628677757,1.001220911854011,0.049369617168389952,14800638.881430624,25.258623516726292,84.962490189856837,true
2,30,200,7.5,0.39139023618200114,6.1992099216600133e-12,2.0757420413821375e-14,0.0033483977274741152,6.2199673420738345e-12,199.33255532473905,0.66744467526096463,1.001306156645444,0.051060787834301992,15307639.09226189,26.126089255777131,84.78923722239405,true
2,31,200,7.75,0.39139023618200114,6.1992099216600133e-12,2.2162166661221714e-14,0.003574998579058792,6.221372088321235e-12,199.28754730157277,0.71245269842723447,1.0013942351495297,0.05275082412824561,15814299.226932459,26.993198244653112,84.616030241528307,true
2,32,200,8,0.39139023618200114,6.1992099216600133e-12,2.3612684422345482e-14,0.0038089828737437755,6.222822606082359e-12,199.24109408488471,0.75890591511529792,1.0014851418267845,0.054439689504449079,16320608.329295591,27.859938815140364,84.442870745306436,true
2,33,200,8.25,0.39139023618200114,6.1992099216600133e-12,2.5108946081425746e-14,0.004050346156805433,6.2243188677414393e-12,199.19319859361457,0.80680140638542819,1.0015788709649858,0.056127347539652726,16826555.479932744,28.726299320805612,84.269760228387909,true
2,34,200,8.5,0.39139023618200114,6.1992099216600133e-12,2.6650923151797153e-14,0.0042990838330347449,6.2258608448118101e-12,199.14386383454087,0.85613616545914739,1.001675416680015,0.057813761936729637,17332129.797239017,29.592268137666938,84.096700181942367,true
2,35,200,8.75,0.39139023618200114,6.1992099216600133e-12,2.8238586276438984e-14,0.0045551911668249021,6.2274485079364519e-12,199.09309290183771,0.90690709816230064,1.0017747729167243,0.059498896528277979,17837320.438500121,30.457833664861496,83.92369209354699,true
2,36,200,9,0.39139023618200114,6.1992099216600133e-12,2.9871905228533573e-14,0.0048186632822613835,6.2290818268885468e-12,199.0408889766197,0.95911102338030196,1.0018769334498279,0.061182715280180627,18342116.60095951,31.322984325310202,83.750737447085044,true
2,37,200,9.25,0.39139023618200114,6.1992099216600133e-12,3.1550848912043026e-14,0.0050894951632149922,6.2307607705720566e-12,198.98725532647447,1.0127446735255183,1.001981891884816,0.062865182295134589,18846507.522876479,32.187708566379193,83.577837722644432,true
2,38,200,9.5,0.39139023618200114,6.1992099216600133e-12,3.327538536229945e-14,0.0053676816534370606,6.2324853070223126e-12,198.93219530498348,1.0678046950165181,1.0020896416588938,0.064546261816144548,19350482.484573517,33.051994860538116,83.404994396417649,true
2,39,200,9.75,0.39139023618200114,6.1992099216600133e-12,3.5045481746614778e-14,0.0056532174566578256,6.2342554034066277e-12,198.87571235123076,1.1242876487692381,1.0022001760419414,0.0662259182299859,19854030.809474483,33.915831706015034,83.232208940601694,true
2,40,200,10,0.39139023618200114,6.1992099216600133e-12,3.6861104364905469e-14,0.0059460971366871972,6.2360710260249191e-12,198.8178099893002,1.1821900106997971,1.0023134881374989,0.067904116070631834,20357141.865132019,34.779207627447938,83.059482823299078,true
2,41,200,10.25,0.39139023618200114,6.1992099216600133e-12,3.8722218650333639e-14,0.0062463151175181806,6.2379321403103468e-12,198.75849182776113,1.2415081722388583,1.0024295708837723,0.069580820022645484,20859805.064244505,35.642111176532779,82.886817508419369,true
2,42,200,10.5,0.39139023618200114,6.1992099216600133e-12,4.062878916996644e-14,0.0065538656834332422,6.23983871082998e-12,198.69776155914252,1.3022384408574652,1.0025484170546624,0.071255994924537602,21362009.865662653,36.504530932667905,82.714214455581413,true
2,43,200,10.75,0.39139023618200114,6.1992099216600133e-12,4.2580779625449547e-14,0.0068687429791129484,6.2417907012854627e-12,198.63562295939593,1.3643770406040774,1.0026700192608167,0.072929605772085876,21863745.775384612,37.366455503594793,82.541675120016279,true
2,44,200,11,0.39139023618200114,6.1992099216600133e-12,4.4578152853697802e-14,0.007190941009747375,6.2437880745137108e-12,198.57207988734723,1.4279201126527572,1.0027943699507009,0.074601617721617788,22365002.347540155,38.227873526035133,82.369200952471175,true
2,45,200,11.25,0.39139023618200114,6.1992099216600133e-12,4.6620870827604763e-14,0.0075204536411505665,6.2458307924876183e-12,198.50713628413757,1.4928637158624141,1.0029214614116946,0.076271996093257424,22865769.185364041,39.088773666324037,82.196793399113503,true
2,46,200,11.5,0.39139023618200114,6.1992099216600133e-12,4.8708894656764353e-14,0.0078572745998769424,6.2479188163167774e-12,198.44079617265325,1.5592038273467459,1.0030512857712057,0.077940706374130461,23366035.94215684,39.949144621039338,82.024453901436573,true
2,47,200,11.75,0.39139023618200114,6.1992099216600133e-12,5.08421845882127e-14,0.0082013974733409697,6.2500521062482263e-12,198.37306365694502,1.6269363430549761,1.0031838349978068,0.079607714221533163,23865792.322234984,40.808975117626943,81.852183896165116,true
2,48,200,12,0.39139023618200114,6.1992099216600133e-12,5.302070000718459e-14,0.0085528157099391787,6.2522306216671975e-12,198.30394292163695,1.6960570783630586,1.0033191009023934,0.081272985466059808,24365028.081868347,41.66825391502212,81.679984815162356,true
2,49,200,12.25,0.39139023618200114,6.1992099216600133e-12,5.5244399437887049e-14,0.0089115226191749611,6.2544543210979002e-12,198.23343823132473,1.7665617686752728,1.0034570751393594,0.082936486114690872,24863733.030206047,42.526969804266649,81.507858085337347,true
2,50,200,12.5,0.39139023618200114,6.1992099216600133e-12,5.7513240544287844e-14,0.0092775113717857537,6.2567231622043009e-12,198.16155392996401,1.8384460700359773,1.0035977492077963,0.084598182353838744,25361897.030189544,43.385111609121786,81.335805128553744,true
2,51,200,12.75,0.39139023618200114,6.1992099216600133e-12,5.9827180130923065e-14,0.0096507749998733152,6.259037101790936e-12,198.08829444024852,1.9117055597514945,1.003741114452708,0.08625804055235424,25859509.999453954,44.24266818667688,81.16382736153858,true
2,52,200,13,0.39139023618200114,6.1992099216600133e-12,6.2186174143718143e-14,0.010031306397036163,6.2613960958037315e-12,198.01366426297821,1.9863357370217845,1.0038871620662486,0.087916027264488758,26356561.911216103,45.09962842795376,80.991926195792487,true
2,53,200,13.25,0.39139023618200114,6.1992099216600133e-12,6.4590177670827831e-14,0.010419098318505076,6.2638000993308409e-12,197.93766797641808,2.0623320235819138,1.0040358830889771,0.089572109232815778,26853042.795150336,45.955981258506583,80.820103037500601,true
2,54,200,13.5,0.39139023618200114,6.1992099216600133e-12,6.703914494349029e-14,0.010814143381280863,6.2662490666035038e-12,197.86031023564701,2.1396897643530002,1.0041872684111317,0.091226253391107709,27348942.738251016,46.811715639017208,80.648359287444492,true
2,55,200,13.75,0.39139023618200114,6.1992099216600133e-12,6.9533029336898346e-14,0.011216434064274906,6.2687429509969113e-12,197.78159577189743,2.2184042281025604,1.004341308773921,0.092878426867169628,27844251.885682024,47.666820565886049,80.476696340914472,true
2,56,200,14,0.39139023618200114,6.1992099216600133e-12,7.2071783371088365e-14,0.01162596270845255,6.271281705031102e-12,197.70152939188591,2.2984706081141009,1.0044979947708359,0.09452859698562982,28338960.441613354,48.521285071818198,80.305115587623362,true
2,57,200,14.25,0.39139023618200114,6.1992099216600133e-12,7.4655358711842948e-14,0.012042721516978711,6.2738652803718562e-12,197.62011597713433,2.3798840228656641,1.0046573168489759,0.096176731270684296,28833058.670043908,49.375098226404958,80.133618411620773,true
2,58,200,14.5,0.39139023618200114,6.1992099216600133e-12,7.7283706171611908e-14,0.012466702555366445,6.2764936278316251e-12,197.53736048328273,2.4626395167172834,1.0048192653103956,0.097822797448797155,29326536.895611029,50.22824913670047,79.962206191208679,true
2,59,200,14.75,0.39139023618200114,6.1992099216600133e-12,7.9956775710448107e-14,0.012897897751627908,6.279166697370461e-12,197.45326793939293,2.5467320606070789,1.0049838303134664,0.09946676345135505,29819385.504386295,51.0807269477936,79.790880298857374,true
2,60,200,15,0.39139023618200114,6.1992099216600133e-12,8.2674516436960478e-14,0.013336298896428086,6.281884438096974e-12,197.36784344724413,2.6321565527558732,1.0051510018742555,0.10110859741727612,30311594.944657661,51.932520843374853,79.619642101122935,true
2,61,200,15.25,0.39139023618200114,6.1992099216600133e-12,8.5436876609283492e-14,0.013781897643241182,6.2846467982692971e-12,197.28109218061988,2.7189078193801315,1.0053207698679214,0.10274826769557281,30803155.727697767,52.78362004629836,79.448492958565097,true
2,62,200,15.5,0.39139023618200114,6.1992099216600133e-12,8.8243803636061503e-14,0.014234685508509403,6.2874537252960745e-12,197.19301938458702,2.8069806154129946,1.0054931240301239,0.1043857428478672,31294058.428518027,53.63401381913873,79.277434225666525,true
2,63,200,15.75,0.39139023618200114,6.1992099216600133e-12,9.1095244077449426e-14,0.014694653871804377,6.2903051657374627e-12,197.10363037476674,2.8963696252332647,1.0056680539584522,0.1060209916508594,31784293.68660862,54.483691464742947,79.106467250752942,true
2,64,200,16,0.39139023618200114,6.1992099216600133e-12,9.3991143646131773e-14,0.015161793975991539,6.2932010653061449e-12,197.01293053659776,2.9870694634022277,1.0058455491138651,0.10765398309875007,32273852.206664741,55.332642326776927,78.935593375913896,true
2,65,200,16.25,0.39139023618200114,6.1992099216600133e-12,9.693144720835525e-14,0.015636096927396696,6.2961413688683685e-12,196.92092532459202,3.0790746754079676,1.0060255988221498,0.10928468640561315,32762724.759297948,56.180855790267081,78.764813936924838,true
2,66,200,16.5,0.39139023618200114,6.1992099216600133e-12,9.9916098784978385e-14,0.016117553695975347,6.2991260204449916e-12,196.82762026158289,3.1723797384171073,1.0062081922753903,0.11091307100772188,33250902.181733478,57.028321282136297,78.594130263170342,true
2,67,200,16.75,0.39139023618200114,6.1992099216600133e-12,1.0294504155253727e-13,0.016606155115484592,6.3021549632125505e-12,196.73302093796624,3.2669790620337462,1.0063933185334553,0.11253910656582573,33738375.378492832,57.87502827173487,78.423543677567736,true
2,68,200,17,0.39139023618200114,6.1992099216600133e-12,1.0601821784432788e-13,0.017101891883657735,6.3052281395043409e-12,196.63713301093458,3.3628669890654286,1.0065809665254948,0.11416276296737966,34225135.32206212,58.720966271365825,78.253055496492451,true
2,69,200,17.25,0.39139023618200114,6.1992099216600133e-12,1.0913556915150323e-13,0.017604754562381249,6.3083454908115163e-12,196.53996220370411,3.4600377962958984,1.0067711250514546,0.11578401032872331,34711173.053545348,59.566124836804825,78.082667029703785,true
2,70,200,17.5,0.39139023618200114,6.1992099216600133e-12,1.1229703612418832e-13,0.018114733577874648,6.3115069577842012e-12,196.44151430473548,3.558485695264535,1.0069637827835993,0.1174028189972125,35196479.683303431,60.41049356781474,77.912379580272031,true
2,71,200,17.75,0.39139023618200114,6.1992099216600133e-12,1.1550255857260906e-13,0.018631819220872585,6.3147124802326227e-12,196.34179516694783,3.6582048330521664,1.0071589282680522,0.11901915955329995,35681046.391577974,61.25406210865431,77.742194444506552,true
2,72,200,18,0.39139023618200114,6.1992099216600133e-12,1.1875207546823874e-13,0.019156001646809778,6.3179619971282521e-12,196.24081070692682,3.7591892930731761,1.0073565499263437,0.12063300281256754,36164864.429100536,62.096820148581564,77.572112911884972,true
2,73,200,18.25,0.39139023618200114,6.1992099216600133e-12,1.2204552494495938e-13,0.01968727087600838,6.3212554466049727e-12,196.13856690412638,3.8614330958736285,1.007556636056975,0.12224431982770817,36647925.117686771,62.938757422351252,77.40213626498317,true
2,74,200,18.5,0.39139023618200114,6.1992099216600133e-12,1.2538284430024095e-13,0.020225616793868171,6.3245927659602542e-12,196.03506980006469,3.9649301999353073,1.0077591748369892,0.12385308189045879,37130219.850815929,63.779863710706763,77.232265779406518,true
2,75,200,18.75,0.39139023618200114,6.1992099216600133e-12,1.2876396999633307e-13,0.020771029151058801,6.3279738916563463e-12,195.93032549751467,4.0696745024853174,1.007964154323558,0.12545926053348155,37611740.094194829,64.62012884086613,77.062502723722332,true
2,76,200,19,0.39139023618200114,6.1992099216600133e-12,1.321888376614765e-13,0.021323497563715217,6.3313987593214898e-12,195.82434015968875,4.1756598403112628,1.0081715624555756,0.12706282753219683,38092477.386307359,65.459542687002397,76.892848359392985,true
2,77,200,19.25,0.39139023618200114,6.1992099216600133e-12,1.3565738209112788e-13,0.021883011513635239,6.3348673037511414e-12,195.71712000941838,4.2828799905816313,1.0083813870552645,0.12866375490656465,38572423.338948578,66.298095170717858,76.723303940710323,true
2,78,200,19.5,0.39139023618200114,6.1992099216600133e-12,1.3916953724920056e-13,0.022449560348479697,6.3383794589092142e-12,195.60867132832874,4.3913286716712463,1.008593615829791,0.13026201492281578,39051569.637743622,67.135776261512603,76.55387071473136,true
2,79,200,19.75,0.39139023618200114,6.1992099216600133e-12,1.4272523626932356e-13,0.023023133281975527,6.3419351579293372e-12,195.49900045600833,4.5009995439916741,1.0088082363728899,0.13185758009513351,39529908.042651951,67.972575977247061,76.384549921214614,true
2,80,200,20,0.39139023618200114,6.1992099216600133e-12,1.4632441145611256e-13,0.023603719394120804,6.3455343331161257e-12,195.38811378917379,4.6118862108262038,1.0090252361664989,0.13345042318728303,40007430.388455778,68.808484384598415,76.215342792557806,true
2,81,200,20.25,0.39139023618200114,6.1992099216600133e-12,1.499669942864604e-13,0.024191307631392892,6.3491769159464735e-12,195.27601778083059,4.7239822191694207,1.0092446025824016,0.13504051721419219,40484128.585233986,69.643491599511137,76.046250553736698,true
2,82,200,20.5,0.39139023618200114,6.1992099216600133e-12,1.5365291541084067e-13,0.024785886806958743,6.3528628370708537e-12,195.162718939429,4.8372810605709908,1.0094663228838781,0.13662783544347998,40959994.618820384,70.477587787641326,75.877274422244767,true
2,83,200,20.75,0.39139023618200114,6.1992099216600133e-12,1.5738210465462784e-13,0.025387445600887851,6.3565920263146413e-12,195.04822382801643,4.9517761719835649,1.0096903842273652,0.13821235139693533,41435020.551246978,71.310763164794992,75.708415608034315,true
2,84,200,21,0.39139023618200114,6.1992099216600133e-12,1.6115449101943471e-13,0.025995972560367991,6.3603644126794476e-12,194.93253906338538,5.0674609366146282,1.0099167736641232,0.13979403885194541,41909198.521172211,72.143007997360101,75.539675313458375,true
2,85,200,21.25,0.39139023618200114,6.1992099216600133e-12,1.6497000268446234e-13,0.026611456099922968,6.3641799243444759e-12,194.81567131521805,5.1843286847819474,1.0101454781419097,0.14137287184287231,42382520.744293682,72.974312602732482,75.371054733213924,true
2,86,200,21.5,0.39139023618200114,6.1992099216600133e-12,1.6882856700786888e-13,0.02723388450163344,6.3680384886678824e-12,194.69762730522737,5.3023726947726342,1.0103764845066603,0.14294882466238049,42854979.513746068,73.80466734973551,75.202555054286123,true
2,87,200,21.75,0.39139023618200114,6.1992099216600133e-12,1.7273011052815152e-13,0.027863245915359835,6.3719400321881648e-12,194.57841380629458,5.4215861937054326,1.0106097795041773,0.1445218718627124,43326567.20048359,74.63406265903339,75.034177455893669,true
2,88,200,22,0.39139023618200114,6.1992099216600133e-12,1.7667455896554539e-13,0.028499528358968008,6.3758844806255583e-12,194.45803764160385,5.541962358396157,1.0108453497818222,0.1460919882569145,43797276.253647529,75.462489003538323,74.865923109435343,true
2,89,200,22.25,0.39139023618200114,6.1992099216600133e-12,1.806618372234383e-13,0.029142719718557458,6.3798717588834514e-12,194.33650568377394,5.663494316226072,1.0110831818902157,0.14765914892001286,44267099.200918704,76.289936908811143,74.697793178437593,true
2,90,200,22.5,0.39139023618200114,6.1992099216600133e-12,1.8469186938979965e-13,0.029792807748691821,6.383901791049813e-12,194.21382485398706,5.7861751460129422,1.0113232622849422,0.14922332919013789,44736028.648854591,77.116396953455791,74.529788818503206,true
2,91,200,22.75,0.39139023618200114,6.1992099216600133e-12,1.8876457873862608e-13,0.03044978007263207,6.3879745003986393e-12,194.09000212111533,5.9099978788846546,1.011565577328259,0.15078450466959953,45204057.283211723,77.941859769507104,74.361911177261263,true
2,92,200,23,0.39139023618200114,6.1992099216600133e-12,1.928798877314022e-13,0.031113624182572151,6.3920898093914156e-12,193.96504450084484,6.0349554991551697,1.0118101132908111,0.15234265122591203,45671177.869252883,78.766316042812491,74.194161394318073,true
2,93,200,23.25,0.39139023618200114,6.1992099216600133e-12,1.9703771801857726e-13,0.031784327439877184,6.3962476396785904e-12,193.83895905479739,6.1610409452026262,1.0120568563533492,0.15389774499276931,46137383.252039507,79.58975651340694,74.02654060120922,true
2,94,200,23.5,0.39139023618200114,6.1992099216600133e-12,2.0123799044105567e-13,0.0324618770753239,6.4004479121010686e-12,193.71175288965065,6.2882471103493591,1.0123057926084522,0.15544976237096966,46602666.356708907,80.412171975881606,73.859049921352891,true
2,95,200,23.75,0.39139023618200114,6.1992099216600133e-12,2.054806250317052e-13,0.033146260189343926,6.4046905466917188e-12,193.58343315625626,6.4165668437437384,1.0125569080622523,0.15699868002929188,47067020.188736923,81.233553279745919,73.691690470004175,true
2,96,200,24,0.39139023618200114,6.1992099216600133e-12,2.0976554101687868e-13,0.033837463752269266,6.4089754626768921e-12,193.45400704875647,6.5459929512435391,1.0128101886361647,0.15854447490532142,47530437.834185623,82.053891329783085,73.524463354210624,true
2,97,200,24.25,0.39139023618200114,6.1992099216600133e-12,2.1409265681795241e-13,0.034535474604580424,6.4133025784779653e-12,193.32348180369928,6.676518196300723,1.0130656201686179,0.16008712420622784,47992912.459936343,82.87317708639911,73.357369672768797,true
2,98,200,24.5,0.39139023618200114,6.1992099216600133e-12,2.1846189005287904e-13,0.035240279457156971,6.4176718117128927e-12,193.1918646991526,6.8081353008473968,1.0133231884167884,0.16162660540949261,48454437.313907884,83.691401565965236,73.190410516182027,true
2,99,200,24.75,0.39139023618200114,6.1992099216600133e-12,2.2287315753775597e-13,0.035951864891530468,6.4220830791977689e-12,193.0591630538172,6.9408369461827872,1.0135828790583361,0.1631628962635889,48915005.725260332,84.508555841153765,73.023586966619305,true
2,100,200,25,0.39139023618200114,6.1992099216600133e-12,2.2732637528840869e-13,0.036670217360139923,6.4265362969484222e-12,192.92538422613899,7.0746157738610265,1.0138446776931418,0.16469597478861225,49374611.104584098,85.324631041267224,72.85690009787541,true
2,101,200,25.25,0.39139023618200114,6.1992099216600133e-12,2.3182145852199054e-13,0.037395323186589849,6.4310313801820037e-12,192.79053561342039,7.2094643865796151,1.0141085698450456,0.16622581927686375,49833246.944074765,86.13961835256093,72.690350975331739,true
2,102,200,25.5,0.39139023618200114,6.1992099216600133e-12,2.363583216585963e-13,0.038127168565910523,6.4355682433186094e-12,192.65462465093171,7.345375349068294,1.0143745409635865,0.1677524082933845,50290906.817693323,86.953509018559103,72.523940655918921,true
2,103,200,25.75,0.39139023618200114,6.1992099216600133e-12,2.4093687832289175e-13,0.038865739564820881,6.4401467999829054e-12,192.51765881102179,7.482341188978217,1.0146425764257425,0.16927572067644275,50747584.381312199,87.766294340363871,72.357670188079993,true
2,104,200,26,0.39139023618200114,6.1992099216600133e-12,2.4555704134575752e-13,0.039611022121993682,6.4447669630057709e-12,192.37964560222881,7.6203543977711901,1.0149126615376711,0.17079573553797364,51203273.372847073,88.577965676958073,72.191540611734979,true
2,105,200,26.25,0.39139023618200114,6.1992099216600133e-12,2.5021872276594994e-13,0.040363002048323417,6.4494286444259634e-12,192.24059256839112,7.7594074316088779,1.015184781536449,0.17231243226397194,51657967.612374656,89.388514445501102,72.025552958246479,true
2,106,200,26.5,0.39139023618200114,6.1992099216600133e-12,2.5492183383177376e-13,0.041121665027196115,6.4541317554917869e-12,192.10050728775835,7.8994927122416465,1.0154589215918113,0.17382579051483754,52111661.002236232,90.197932121618095,71.859708250386518,true
2,107,200,26.75,0.39139023618200114,6.1992099216600133e-12,2.5966628500277432e-13,0.041886996614762376,6.4588762066627874e-12,191.9593973721029,8.0406026278971012,1.0157350668078913,0.17533579022567547,52564347.527127624,91.006210239682474,71.694007502304302,true
2,108,200,27,0.39139023618200114,6.1992099216600133e-12,2.6445198595143998e-13,0.042658982240211911,6.4636619076114529e-12,191.81727046583214,8.1827295341678585,1.0160132022249571,0.17684241160654843,53016021.254174881,91.81334039309175,71.528451719495294,true
2,109,200,27.25,0.39139023618200114,6.1992099216600133e-12,2.6927884556492335e-13,0.043437607206051242,6.4684887672249366e-12,191.67413424510136,8.3258657548986488,1.0162933128211471,0.17834563514268514,53466676.332996763,92.619314234536489,71.363041898771328,true
2,110,200,27.5,0.39139023618200114,6.1992099216600133e-12,2.7414677194677478e-13,0.044222856688383327,6.4733566936067884e-12,191.52999641692764,8.4700035830723621,1.0165753835142055,0.17984544159464175,53916306.995753087,93.424123476262778,71.19777902823175,true
2,111,200,27.75,0.39139023618200114,6.1992099216600133e-12,2.7905567241869324e-13,0.045014715737189973,6.4782655940787062e-12,191.38486471830495,8.615135281695057,1.0168593991632127,0.1813418119984197,54364907.557180136,94.227759890327746,71.032664087235773,true
2,112,200,28,0.39139023618200114,6.1992099216600133e-12,2.8400545352228956e-13,0.045813169276616314,6.4832153751823025e-12,191.23874691532043,8.7612530846795611,1.0171453445703151,0.18283472766553766,54812472.414612137,95.03021530884844,70.867698046375878,true
2,113,200,28.25,0.39139023618200114,6.1992099216600133e-12,2.8899602102086681e-13,0.046618202105257953,6.4882059426808797e-12,191.09165080227228,8.9083491977277074,1.0174332044824519,0.18432417018306022,55258996.047989935,95.831481624243992,70.702881867452447,true
2,114,200,28.5,0.39139023618200114,6.1992099216600133e-12,2.940272799012132e-13,0.047429798896450194,6.4932372015612262e-12,190.94358420078916,9.0564157992108356,1.0177229635930778,0.18581012141358205,55704473.0198562,96.631550789470921,70.53821650344922,true
2,115,200,28.75,0.39139023618200114,6.1992099216600133e-12,2.9909913437541234e-13,0.048247944198560086,6.4983090560354255e-12,190.79455495895141,9.2054450410485931,1.0180146065438822,0.18729256349516915,56148897.975337833,97.430414818251862,70.373702898510146,true
2,116,200,29,0.39139023618200114,6.1992099216600133e-12,3.0421148788266582e-13,0.049072622435280371,6.5034214095426788e-12,190.64457095041431,9.3554290495857,1.0183081179265066,0.18877147884125664,56592265.642115317,98.22806578529736,70.209341987917085,true
2,117,200,29.25,0.39139023618200114,6.1992099216600133e-12,3.0936424309113179e-13,0.049903817905926115,6.5085741647511454e-12,190.49364007353336,9.5063599264666383,1.0186034822842545,0.19024685014050433,57034570.830379434,99.024495826521147,70.04513469806875,true
2,118,200,29.5,0.39139023618200114,6.1992099216600133e-12,3.1455730189977934e-13,0.05074151478573382,6.5137672235597926e-12,190.34177025049192,9.6582297495080844,1.0189006841138,0.19171866035661025,57475808.432775341,99.819697139248504,69.881081946460668,true
2,119,200,29.75,0.39139023618200114,6.1992099216600133e-12,3.1979056544025404e-13,0.051585697126162344,6.5190004871002673e-12,190.18896942643119,9.8110305735688286,1.0191997078668897,0.1931868927280817,57915973.424333937,100.61366198241799,69.717184641666151,true
2,120,200,30,0.39139023618200114,6.1992099216600133e-12,3.2506393407876148e-13,0.052436348855196768,6.5242738557387745e-12,190.03524556858281,9.9647544314171945,1.0195005379520401,0.19465153076796607,58355060.862391174,101.4063826767764,69.553443683318505,true
2,121,200,30.25,0.39139023618200114,6.1992099216600133e-12,3.303773074179647e-13,0.053293453777654438,6.5295872290779777e-12,189.88060666540429,10.119393334595706,1.01980315873623,0.19611255826354052,58793065.886495024,102.19785160506707,69.38985996209415,true
2,122,200,30.5,0.39139023618200114,6.1992099216600133e-12,3.3573058429889359e-13,0.054156995575492993,6.5349405059589069e-12,189.72506072571719,10.274939274282804,1.0201075545465863,0.19756995927596074,59229983.718300171,102.98806121221136,69.226434359696825,true
2,123,200,30.75,0.39139023618200114,6.1992099216600133e-12,3.4112366280287377e-13,0.055026957808121509,6.5403335844628867e-12,189.56861577784835,10.431384222151658,1.0204137096720658,0.19902371813987119,59665809.661451168,103.77700400548366,69.063167748842886,true
2,124,200,31,0.39139023618200114,6.1992099216600133e-12,3.4655644025346389e-13,0.055903323912713,6.5457663619134775e-12,189.41127986877439,10.588720131225628,1.0207216083651276,0.20047381946297463,60100539.101453401,104.5646725546793,68.900060993247649,true
2,125,200,31.25,0.39139023618200114,6.1992099216600133e-12,3.5202881321841281e-13,0.056786077204520148,6.5512387348784263e-12,189.25306106326943,10.746938936730583,1.0210312348434027,0.20192024812556369,60534167.50553263,105.35105949227641,68.737114947612724,true
2,126,200,31.5,0.39139023618200114,6.1992099216600133e-12,3.575406775116272e-13,0.057675200877192682,6.5567505991716403e-12,189.09396744305639,10.906032556943613,1.0213425732913537,0.2033629892800137,60966690.42248296,106.13615751359045,68.574330457614423,true
2,127,200,31.75,0.39139023618200114,6.1992099216600133e-12,3.6309192819515664e-13,0.05857067800309762,6.5623018498551702e-12,188.93400710596177,11.065992894038244,1.0216556078619299,0.20480202835023792,61398103.482503511,106.91995937692262,68.411708359893296,true
2,128,200,32,0.39139023618200114,6.1992099216600133e-12,3.6868245958118947e-13,0.059472491533641168,6.5678923812412025e-12,188.77318816507417,11.226811834925826,1.0219703226782124,0.20623735103110516,61828402.397023849,107.70245790370123,68.249249482044377,true
2,129,200,32.25,0.39139023618200114,6.1992099216600133e-12,3.7431216523406677e-13,0.06038062429959367,6.5735220868940797e-12,188.61151874790687,11.388481252093134,1.0222867018350552,0.20766894328782054,62257582.958518319,108.48364597861683,68.086954642608816,true
2,130,200,32.5,0.39139023618200114,6.1992099216600133e-12,3.7998093797230842e-13,0.061295059011416381,6.5791908596323216e-12,188.44900699556408,11.550993004435918,1.0226047294007141,0.20909679135527068,62685641.04030975,109.26351654975049,67.92482465106626,true
2,131,200,32.75,0.39139023618200114,6.1992099216600133e-12,3.8568866987065255e-13,0.062215778259590467,6.5848985915306661e-12,188.2856610619117,11.714338938088304,1.0229243894184719,0.21052088173733183,63112572.596362017,110.04206262869552,67.762860307828447,true
2,132,200,33,0.39139023618200114,6.1992099216600133e-12,3.9143525226211106e-13,0.063142764514948574,6.5906451739221239e-12,188.12148911275204,11.878510887247964,1.0232456659082523,0.21194120120614374,63538373.661062397,110.81927729067279,67.601062404233488,true
2,133,200,33.25,0.39139023618200114,6.1992099216600133e-12,3.9722057574003905e-13,0.064076000129008701,6.5964304974000521e-12,187.95649932500308,12.043500674996922,1.0235685428682257,0.21335773680134859,63963040.348993354,111.59515367463925,67.439431722541514,true
2,134,200,33.5,0.39139023618200114,6.1992099216600133e-12,4.0304453016021697e-13,0.06501546733430999,6.6022544518202305e-12,187.79069988588222,12.209300114117784,1.0238930042764074,0.21477047582929559,64386568.854694113,112.36968498339033,67.277969035930965,true
2,135,200,33.75,0.39139023618200114,6.1992099216600133e-12,4.0890700464294757e-13,0.065961148244751036,6.6081169263029611e-12,187.62409899209462,12.375901007905394,1.0242190340922457,0.21617940586221182,64808955.452412091,113.14286448365537,67.116675108496068,true
2,136,200,34,0.39139023618200114,6.1992099216600133e-12,4.1480788757516708e-13,0.066913024855930439,6.6140178092351804e-12,187.45670484902629,12.543295150973712,1.0245466162582006,0.21758451473734022,65230196.495844454,113.914685506187,66.955550695245222,true
2,137,200,34.25,0.39139023618200114,6.1992099216600133e-12,4.2074706661257077e-13,0.067871079045489696,6.6199569882725837e-12,187.28852566994212,12.71147433005787,1.024875734701314,0.21898579055604514,65650288.417869963,114.68514144584368,66.794596542100209,true
2,138,200,34.5,0.39139023618200114,6.1992099216600133e-12,4.2672442868175057e-13,0.068835292573457982,6.625934350341764e-12,187.11956967518881,12.880430324811179,1.0252063733347683,0.22038322168288549,66069227.730271138,115.45422576166632,66.633813385896673,true
2,139,200,34.75,0.39139023618200114,6.1992099216600133e-12,4.3273985998234909e-13,0.069805647082599648,6.6319497816423622e-12,186.94984509140286,13.050154908597142,1.0255385160594377,0.22177679674465661,66487011.023447007,116.221931976948,66.473201954385061,true
2,140,200,35,0.39139023618200114,6.1992099216600133e-12,4.3879324598922547e-13,0.070782124098763569,6.6380031676492385e-12,186.77936015072382,13.220639849276189,1.0258721467654268,0.2231665046294016,66903634.966116682,116.9882536792976,66.312762966232967,true
2,141,200,35.25,0.39139023618200114,6.1992099216600133e-12,4.4488447145463571e-13,0.071764705031234902,6.6440943931146487e-12,186.60812309001284,13.391876909987149,1.0262072493336007,0.22455233448539128,67319096.305013612,117.75318452069713,66.152497131028142,true
2,142,200,35.5,0.39139023618200114,6.1992099216600133e-12,4.5101342041042732e-13,0.072753371173089068,6.6502233420704405e-12,186.43614215007668,13.563857849923325,1.026543807637103,0.22593427572007602,67733391.864571303,118.51671821755259,65.992405149282447,true
2,143,200,35.75,0.39139023618200114,6.1992099216600133e-12,4.5717997617024687e-13,0.073748103701547829,6.6563898978302604e-12,186.26342557489696,13.736574425103038,1.0268818055428637,0.22731231799900678,68146518.54659988,119.27884855073864,65.832487712436745,true
2,144,200,36,0.39139023618200114,6.1992099216600133e-12,4.6338402133176164e-13,0.074748883678337749,6.6625939429917745e-12,186.08998161086541,13.91001838913459,1.0272212269130969,0.22868645124472836,68558473.329954281,120.03956936563708,65.672745502866732,true
2,145,200,36.25,0.39139023618200114,6.1992099216600133e-12,4.6962543777889485e-13,0.075755692050050699,6.6688353594389081e-12,185.91581850602449,14.084181493975509,1.0275620556067862,0.23005666563564442,68969253.270193979,120.79887457216904,65.513179193889485,true
2,146,200,36.5,0.39139023618200114,6.1992099216600133e-12,4.759041066840739e-13,0.076768509648506497,6.675114028344087e-12,185.74094450931401,14.259055490685983,1.0279042754811591,0.23142295160485452,69378855.499234378,121.55675814482095,65.353789449771156,true
2,147,200,36.75,0.39139023618200114,6.1992099216600133e-12,4.8221990851049315e-13,0.077787317191117991,6.6814298301705061e-12,185.56536786982355,14.43463213017646,1.0282478703931504,0.23278529983896509,69787277.224990353,122.31321412266456,65.194576925735291,true
2,148,200,37,0.39139023618200114,6.1992099216600133e-12,4.8857272301439047e-13,0.078812095281258251,6.6877826446744039e-12,185.38909683605075,14.610903163949244,1.0285928242008522,0.23414370127687359,70194515.731011674,123.06823660937074,65.035542267972062,true
2,149,200,37.25,0.39139023618200114,6.1992099216600133e-12,4.9496242924733448e-13,0.079842824408629526,6.6941723509073473e-12,185.212139655166,14.787860344833991,1.0289391207649552,0.23549814710852601,70600568.376110613,123.82181977321696,64.876686113648603,true
2,150,200,37.5,0.39139023618200114,6.1992099216600133e-12,5.0138890555852954e-13,0.08087948494963508,6.7005988272185429e-12,185.03450457228286,14.965495427717135,1.0292867439501743,0.23684862877365095,71005432.593982339,124.57395784708935,64.718009090919708,true
2,151,200,37.75,0.39139023618200114,6.1992099216600133e-12,5.0785202959712982e-13,0.081922057167752457,6.7070619512571431e-12,184.85619982973498,15.143800170265022,1.0296356776266653,0.23819513796046701,71409105.892817512,125.32464512847805,64.559511818939853,true
2,152,200,38,0.39139023618200114,6.1992099216600133e-12,5.1435167831457066e-13,0.082970521213909548,6.713561599974584e-12,184.6772336663592,15.322766333640788,1.0299859056714264,0.23953766660436779,71811585.85490793,126.0738759794672,64.401194907875677,true
2,153,200,38.25,0.39139023618200114,6.1992099216600133e-12,5.2088772796690866e-13,0.084024857126862112,6.7200976496269216e-12,184.49761431678522,15.502385683214786,1.0303374119696895,0.24087620688658193,72212870.136244923,126.82164482671863,64.243058958919534,true
2,154,200,38.5,0.39139023618200114,6.1992099216600133e-12,5.2746005411718051e-13,0.08508504483357425,6.7266699757771936e-12,184.31735001073133,15.682649989268672,1.0306901804162976,0.24221075123281133,72612956.466111034,127.56794616144984,64.085104564303634,true
2,155,200,38.75,0.39139023618200114,6.1992099216600133e-12,5.3406853163777002e-13,0.086151064149600234,6.733278453297783e-12,184.13644897230716,15.863551027692827,1.0310441949170697,0.24354129231184596,73011842.646664798,128.31277453940606,63.927332307315119,true
2,156,200,39,0.39139023618200114,6.1992099216600133e-12,5.4071303471279116e-13,0.087222894779468929,6.7399229563728045e-12,183.95491941932272,16.045080580677272,1.0313994393901527,0.24486782303415786,73409526.552519202,129.05612458082666,63.769742762311949,true
2,157,200,39.25,0.39139023618200114,6.1992099216600133e-12,5.4739343684048332e-13,0.088300516317070171,6.7466033585004964e-12,183.77276956260408,16.227230437395903,1.0317558977673607,0.24619033655047276,73806006.130313471,129.79799097040566,63.612336494739402,true
2,158,200,39.5,0.39139023618200114,6.1992099216600133e-12,5.5410961083561903e-13,0.089383908246043156,6.7533195324956323e-12,183.59000760531606,16.409992394683936,1.0321135539955009,0.24750882625032136,74201279.398278758,130.53836845724658,63.455114061147505,true
2,159,200,39.75,0.39139023618200114,6.1992099216600133e-12,5.6086142883192743e-13,0.090473049940167374,6.7600713504919409e-12,183.4066417422913,16.593358257708704,1.0324723920376859,0.24882328576057139,74595344.445798099,131.27725185481162,63.298076009209012,true
2,160,200,40,0.39139023618200114,6.1992099216600133e-12,5.6764876228452561e-13,0.091567920663754784,6.7668586839445388e-12,183.2226801593666,16.7773198406334,1.0328323958746324,0.25013370894393833,74988199.432959855,132.01463604086518,63.141222877738514,true
2,161,200,40.25,0.39139023618200114,6.1992099216600133e-12,5.7447148197236891e-13,0.092668499572045135,6.7736814036323822e-12,183.03813103272591,16.9618689672741,1.0331935495059479,0.25144008989747824,75379842.590105966,132.75051595741212,62.984555196711796,true
2,162,200,40.5,0.39139023618200114,6.1992099216600133e-12,5.8132945800070878e-13,0.093774765711602398,6.7805393796607218e-12,182.8530025282503,17.14699747174971,1.0335558369514015,0.25274242295106208,75770272.217374519,133.48488661062976,62.828073487286268,true
2,163,200,40.75,0.39139023618200114,6.1992099216600133e-12,5.8822255980356766e-13,0.094886698020713978,6.7874324814635813e-12,182.66730280087506,17.332697199124951,1.033919242252183,0.25404070266583151,76159486.68423678,134.21774307079534,62.671778261821963,true
2,164,200,41,0.39139023618200114,6.1992099216600133e-12,5.9515065614622278e-13,0.096004275329791444,6.7943605778062361e-12,182.48103999395377,17.518960006046221,1.0342837494721473,0.25533492383263734,76547484.429029122,134.94908047220724,62.515670023903361,true
2,165,200,41.25,0.39139023618200114,6.1992099216600133e-12,6.0211361512770695e-13,0.097127476361773865,6.8013235367877203e-12,182.29422223862957,17.705777761370442,1.034649342699044,0.25662508147046204,76934263.958480075,135.67889401310137,62.359749268361654,true
2,166,200,41.5,0.39139023618200114,6.1992099216600133e-12,6.0911130418331838e-13,0.098256279732532703,6.8083212258433313e-12,182.10685765321335,17.893142346786647,1.035016006045735,0.25791117082482456,77319823.847232044,136.40717895556179,62.204016481297963,true
2,167,200,41.75,0.39139023618200114,6.1992099216600133e-12,6.1614359008714337e-13,0.09939066395127874,6.815353511747157e-12,181.91895434256963,18.081045657430355,1.0353837236513961,0.25919318736616992,77704162.73735863,137.13393062542644,62.048472140107194,true
2,168,200,42,0.39139023618200114,6.1992099216600133e-12,6.2321033895459602e-13,0.10053060742097178,6.8224202606146095e-12,181.73052039750911,18.26947960249089,1.0357524796827058,0.26047112678824458,78087279.337877482,137.85914441218728,61.893116713502344,true
2,169,200,42.25,0.39139023618200114,6.1992099216600133e-12,6.3031141624496387e-13,0.10167608843873127,6.8295213379049769e-12,181.54156389418887,18.458436105811131,1.0361222583350189,0.26174498500645516,78469172.424258336,138.58281576888538,61.737950661539728,true
2,170,200,42.5,0.39139023618200114,6.1992099216600133e-12,6.374466867639716e-13,0.10282708519624986,6.8366566084239845e-12,181.35209289351982,18.647907106480183,1.0364930438335265,0.26301475815621445,78849840.837927073,139.30494021200121,61.582974435644608,true
2,171,200,42.75,0.39139023618200114,6.1992099216600133e-12,6.4461601466635377e-13,0.10398357578020841,6.8438259363263668e-12,181.16211544058143,18.837884559418562,1.0368648204344004,0.26428044259127303,79229283.485765636,140.02551332133908,61.428188478637672,true
2,172,200,43,0.39139023618200114,6.1992099216600133e-12,6.5181926345844143e-13,0.10514553817269322,6.851029185118455e-12,180.97163956404395,19.028360435956056,1.0372375724259255,0.26554203488203848,79607499.339608058,140.74453073990722,61.273593224762031,true
2,173,200,43.25,0.39139023618200114,6.1992099216600133e-12,6.5905629600076067e-13,0.10631295025161525,6.858266217660774e-12,180.78067327559785,19.219326724402144,1.0376112841296141,0.26679953181388089,79984487.435732543,141.46198817379263,61.119189099710759,true
2,174,200,43.5,0.39139023618200114,6.1992099216600133e-12,6.6632697451064373e-13,0.1074857897911313,6.8655368961706571e-12,180.58922456939104,19.410775430608968,1.0379859399013092,0.26805293038542705,80360246.874350056,142.17788139203097,60.964976520655163,true
2,175,200,43.75,0.39139023618200114,6.1992099216600133e-12,6.7363116056485296e-13,0.10866403446206727,6.8728410822248659e-12,180.39730142147312,19.602698578526891,1.038361524132271,0.26930222780684321,80734776.819089472,142.89220622647164,60.810955896273576,true
2,176,200,44,0.39139023618200114,6.1992099216600133e-12,6.8096871510221402e-13,0.10984766183234289,6.8801786367622275e-12,180.20491178924755,19.795088210752446,1.0387380212502497,0.27054742149810551,81108076.496479094,143.60495857163798,60.657127626780706,true
2,177,200,44.25,0.39139023618200114,6.1992099216600133e-12,6.8833949842626565e-13,0.11103664936739928,6.8875494200862787e-12,180.01206361093108,19.987936389068928,1.0391154157205424,0.27178850908726149,81480145.195425451,144.31613438458268,60.503492103957711,true
2,178,200,44.5,0.39139023618200114,6.1992099216600133e-12,6.9574337020791769e-13,0.11223097443062757,6.8949532918679306e-12,179.81876480502069,20.181235194979312,1.0394936920470372,0.27302548840868018,81850982.266688734,145.02572968473865,60.350049711182535,true
2,179,200,44.75,0.39139023618200114,6.1992099216600133e-12,7.0318018948812451e-13,0.11343061428380025,6.9023901111481378e-12,179.62502326976826,20.37497673023173,1.0398728347732409,0.27425835750129329,82220587.122355461,145.73374055376499,60.196800823461089,true
2,180,200,45,0.39139023618200114,6.1992099216600133e-12,7.1064981468056644e-13,0.11463554608750366,6.90985973634058e-12,179.43084688266271,20.569153117337294,1.0402528284832919,0.27548711460682673,82588959.23530829,146.44016313538847,60.043745807458869,true
2,181,200,45.25,0.39139023618200114,6.1992099216600133e-12,7.1815210357434742e-13,0.11584574690157322,6.9173620252343606e-12,179.23624349991957,20.763756500080429,1.0406336578029602,0.27671175816802418,82956098.138693541,147.14499363524052,59.890885021533009,true
2,182,200,45.5,0.39139023618200114,6.1992099216600133e-12,7.2568691333670101e-13,0.11706119368552984,6.9248968349967143e-12,179.04122095597847,20.958779044021536,1.0410153074006299,0.27793228682686166,83322003.425385877,147.84822832068951,59.738218815764974,true
2,183,200,45.75,0.39139023618200114,6.1992099216600133e-12,7.3325410051571033e-13,0.11828186329901874,6.9324640221757239e-12,178.84578706300789,21.154212936992113,1.0413977619882684,0.27914869942275533,83686674.747451007,148.54986352066894,59.585747531993732,true
2,184,200,46,0.39139023618200114,6.1992099216600133e-12,7.4085352104303991e-13,0.11950773250225014,6.9400634427030531e-12,178.64994961041774,21.350050389582268,1.0417810063223811,0.28036099499076089,84050111.815605894,149.24989562550081,59.433471503849368,true
2,185,200,46.25,0.39139023618200114,6.1992099216600133e-12,7.4848503023667662e-13,0.12073877795644136,6.9476949518966895e-12,178.45371636437943,21.546283635620576,1.0421650252049497,0.28156917275976751,84412314.398677349,149.94832108671514,59.281391056787271,true
2,186,200,46.5,0.39139023618200114,6.1992099216600133e-12,7.5614848280368672e-13,0.12197497622426159,6.9553584044637003e-12,178.25709506735362,21.742904932646393,1.0425498034843563,0.28277323215068456,84773282.323058352,150.64513641686477,59.129506508122724,true
2,187,200,46.75,0.39139023618200114,6.1992099216600133e-12,7.6384373284297895e-13,0.12321630377027759,6.9630536545029923e-12,178.06009343762554,21.939906562374475,1.0429353260562939,0.28397317277462242,85133015.472162738,151.34033818933622,58.977818167066033,true
2,188,200,47,0.39139023618200114,6.1992099216600133e-12,7.7157063384808613e-13,0.12446273696140239,6.9707805555080998e-12,177.86271916884789,22.137280831152097,1.0433215778646596,0.2851689944310688,85491513.785878435,152.03392303815636,58.826326334757951,true
2,189,200,47.25,0.39139023618200114,6.1992099216600133e-12,7.7932903870995039e-13,0.12571425206734457,6.978538960369964e-12,177.6649799295916,22.335020070408394,1.0437085439024343,0.28636069710605888,85848777.260018885,152.725887657795,58.675031304305904,true
2,190,200,47.5,0.39139023618200114,6.1992099216600133e-12,7.8711879971972723e-13,0.12697082526106068,6.9863287213797401e-12,177.46688336290373,22.533116637096285,1.0440962092125485,0.28754828097034157,86204805.945773318,153.41622880296322,58.52393336082018,true
2,191,200,47.75,0.39139023618200114,6.1992099216600133e-12,7.9493976857159537e-13,0.12823243261920833,6.9941496902316087e-12,177.26843708587336,22.731562914126627,1.0444845588887302,0.28873174637754184,86559599.949155867,154.10494328840801,58.37303278145086,true
2,192,200,48,0.39139023618200114,6.1992099216600133e-12,8.0279179636558143e-13,0.12949905012260196,7.0020017180255948e-12,177.06964868920511,22.93035131079489,1.0448735780763414,0.28991109386231845,86913159.430453166,154.79202798870293,58.222329835425221,true
2,193,200,48.25,0.39139023618200114,6.1992099216600133e-12,8.1067473361039514e-13,0.13077065365667018,7.0098846552704086e-12,176.87052573679978,23.129474263200215,1.0452632519731972,0.29108632413851993,87265484.603671625,155.4774798380347,58.071824784085187,true
2,194,200,48.5,0.39139023618200114,6.1992099216600133e-12,8.1858843022627398e-13,0.13204721901191463,7.0177983518862869e-12,176.67107576534318,23.328924234656835,1.0456535658303718,0.29225743809733568,87616575.735983104,156.16129582998619,57.921517880925613,true
2,195,200,48.75,0.39139023618200114,6.1992099216600133e-12,8.2653273554784202e-13,0.13332872188437112,7.025742657207855e-12,176.47130628390195,23.52869371609804,1.0460445049529878,0.29342443680544655,87966433.147170484,156.84347301731569,57.771409371632615,true
2,196,200,49,0.39139023618200114,6.1992099216600133e-12,8.3450749832697714e-13,0.13461513787607216,7.03371741998699e-12,176.27122477352748,23.728775226472511,1.0464360547009934,0.29458732150317174,88315057.209072113,157.52400851173223,57.621499494122467,true
2,197,200,49.25,0.39139023618200114,6.1992099216600133e-12,8.425125667356915e-13,0.13590644249551159,7.0417224883957044e-12,176.07083868686684,23.929161313133164,1.0468282004899219,0.29574609360261572,88662448.34502624,158.20289948366761,57.47178847858082,true
2,198,200,49.5,0.39139023618200114,6.1992099216600133e-12,8.5054778836902167e-13,0.13720261115811086,7.0497577100290349e-12,175.87015544778151,24.129844552218479,1.0472209277916389,0.2969007546858119,89008607.029314563,158.88014316204448,57.322276547502199,true
2,199,200,49.75,0.39139023618200114,6.1992099216600133e-12,8.5861301024793024e-13,0.13850361918668699,7.0578229319079432e-12,175.66918245097369,24.330817549026303,1.0476142221350728,0.29805130650286715,89353533.786605924,159.5557368340414,57.172963915729994,true
2,200,200,50,0.39139023618200114,6.1992099216600133e-12,8.6670807882221839e-13,0.13980944181192251,7.0659180004822321e-12,175.4679270616198,24.532072938380196,1.0480080691069336,0.29919775097010476,89697229.191399589,160.22967784485394,57.023850790496681,true
2,201,200,50.25,0.39139023618200114,6.1992099216600133e-12,8.7483283997344961e-13,0.14112005417283699,7.0740427616334629e-12,175.26639661501162,24.733603384988374,1.0484024543524126,0.30034009016820779,90039693.86746864,160.90196359745275,56.874937371464377,true
2,202,200,50.5,0.39139023618200114,6.1992099216600133e-12,8.829871390178825e-13,0.14243543131726016,7.0821970606778958e-12,175.06459841620492,24.935401583795088,1.0487973635758729,0.30147832634036165,90380928.487303168,161.57259155233808,56.726223850765834,true
2,203,200,50.75,0.39139023618200114,6.1992099216600133e-12,8.911708207094177e-13,0.14375554820230729,7.0903807423694309e-12,174.86253973967524,25.137460260324762,1.0491927825415208,0.30261246189039925,90720933.771554112,162.24155922729108,56.577710413045473,true
2,204,200,51,0.39139023618200114,6.1992099216600133e-12,8.993837292425529e-13,0.14508037969485593,7.0985936509025664e-12,174.66022782898133,25.339772171018659,1.0495886970740655,0.30374249938094466,91059710.488476872,162.90886419712211,56.429397235501092,true
2,205,200,51.25,0.39139023618200114,6.1992099216600133e-12,9.0762570825534731e-13,0.14640990057202402,7.1068356299153608e-12,174.45766989643585,25.542330103564158,1.0499850930593631,0.30486844153155979,91397259.453375593,163.57450409341538,56.281284487925568,true
2,206,200,51.5,0.39139023618200114,6.1992099216600133e-12,9.1589660083240181e-13,0.14774408552165058,7.1151065224924153e-12,174.25487312278315,25.745126877216844,1.0503819564450474,0.30599029121689186,91733581.52804783,164.23847660427114,56.13337233274892,true
2,207,200,51.75,0.39139023618200114,6.1992099216600133e-12,9.2419624950784379e-13,0.14908290914277736,7.1234061711678569e-12,174.05184465688484,25.948155343115165,1.0507792732411454,0.30710805146482317,92068677.62022984,164.90077947404419,55.98566092508073,true
2,208,200,52,0.39139023618200114,6.1992099216600133e-12,9.3252449626832585e-13,0.15042634594613247,7.1317344179283393e-12,173.84859161541212,26.151408384587885,1.051177029520679,0.30822172545462262,92402548.683042482,165.56141050307994,55.838150412752725,true
2,209,200,52.25,0.39139023618200114,6.1992099216600133e-12,9.4088118255603499e-13,0.15177437035461569,7.1400911042160483e-12,173.64512108254564,26.354878917454364,1.0515752114202526,0.30933131651510071,92735195.714438036,166.22036754744727,55.69084093636166,true
2,210,200,52.5,0.39139023618200114,6.1992099216600133e-12,9.4926614927170993e-13,0.15312695670378543,7.148476070931723e-12,173.44144010968245,26.558559890317539,1.051973805140626,0.31043682812276657,93066619.756647721,166.87764851866854,55.54373262931243,true
2,211,200,52.75,0.39139023618200114,6.1992099216600133e-12,9.5767923677767117e-13,0.15448407924234731,7.1568891584376842e-12,173.23755571515019,26.762444284849817,1.0523727969472751,0.31153826389998851,93396821.895630226,167.53325138344692,55.396825617861488,true
2,212,200,53,0.39139023618200114,6.1992099216600133e-12,9.6612028490085987e-13,0.15584571213264448,7.1653302065608729e-12,173.03347488392816,26.966525116071836,1.0527721731709361,0.31263562761315861,93725803.260521486,168.18717416339084,55.250120021160313,true
2,213,200,53.25,0.39139023618200114,6.1992099216600133e-12,9.7458913293588708e-13,0.15721182945114937,7.1737990545959005e-12,172.82920456737588,27.170795432624107,1.053171920208138,0.31372892317085976,94053565.023085207,168.83941493473586,55.103615951299368,true
2,214,200,53.5,0.39139023618200114,6.1992099216600133e-12,9.8308561964809388e-13,0.15858240518895753,7.1822955413081074e-12,172.62475168296834,27.375248317031662,1.0535720245217197,0.31481815462203866,94380108.39716503,169.48997182806383,54.957313513351977,true
2,215,200,53.75,0.39139023618200114,6.1992099216600133e-12,9.9160958327662099e-13,0.15995741325228258,7.1908195049366345e-12,172.42012311403835,27.579876885961664,1.0539724726413353,0.31590332615418165,94705434.638137802,170.13884302801964,54.81121280541862,true
2,216,200,54,0.39139023618200114,6.1992099216600133e-12,1.0001608615374875e-12,0.16133682746295291,7.1993707831975007e-12,172.21532570952598,27.78467429047403,1.054373251163943,0.31698444209149601,95029545.042368248,170.78602677302513,54.665313918671337,true
2,217,200,54.25,0.39139023618200114,6.1992099216600133e-12,1.0087392916266821e-12,0.16272062155891048,7.2079492132866958e-12,172.01036628373481,27.989633716265185,1.0547743467542836,0.31806150689309609,95352440.946665227,171.43152135499102,54.519616937398297,true
2,218,200,54.5,0.39139023618200114,6.1992099216600133e-12,1.017344710223261e-12,0.16410876919471026,7.2165546318832746e-12,171.80525161609512,28.194748383904873,1.055175746145343,0.31913452515119412,95674123.727739304,172.07532511902599,54.374121939048649,true
2,219,200,54.75,0.39139023618200114,6.1992099216600133e-12,1.0259769534924588e-12,0.16550124394202231,7.2251868751524719e-12,171.59998845093378,28.400011549066207,1.0555774361388028,0.32020350158929778,95994594.80166249,172.71743646314377,54.228828994277336,true
2,220,200,55,0.39139023618200114,6.1992099216600133e-12,1.0346358570888071e-12,0.16689801929013467,7.2338457787488204e-12,171.39458349725118,28.605416502748824,1.0559794036054768,0.3212684410604118,96313855.623328984,173.35785383796761,54.083738166990322,true
2,221,200,55.25,0.39139023618200114,6.1992099216600133e-12,1.0433212561592623e-12,0.16829906864645805,7.242531177819276e-12,171.18904342850462,28.810956571495382,1.0563816354857347,0.32232934854524692,96631907.685918301,173.99657574643305,53.938849514389787,true
2,222,200,55.5,0.39139023618200114,6.1992099216600133e-12,1.0520329853463462e-12,0.16970436533703229,7.2512429070063597e-12,170.98337488239866,29.016625117601333,1.056784118789913,0.32338622915043463,96948752.520360053,174.63360074348785,53.794163087019513,true
2,223,200,55.75,0.39139023618200114,6.1992099216600133e-12,1.0607708787912927e-12,0.17111388260703411,7.2599808004513058e-12,170.77758446068199,29.222415539317996,1.0571868405987113,0.32443908810674804,97264391.694800556,175.26892743579032,53.649678928810481,true
2,224,200,56,0.39139023618200114,6.1992099216600133e-12,1.0695347701372064e-12,0.17252759362128656,7.2687446917972201e-12,170.5716787289509,29.428321271049089,1.0575897880635785,0.32548793076732996,97578826.81407167,175.90255448140556,53.505397077126474,true
2,225,200,56.25,0.39139023618200114,6.1992099216600133e-12,1.0783244925322283e-12,0.17394547146476957,7.2775344141922412e-12,170.36566421645935,29.634335783540649,1.0579929484070836,0.32653276260592723,97892059.519161403,176.53448058949937,53.361317562809901,true
2,226,200,56.5,0.39139023618200114,6.1992099216600133e-12,1.0871398786327146e-12,0.17536748914313297,7.2863498002927277e-12,170.15954741593552,29.84045258406449,1.058396308923274,0.32757358921513346,98204091.486687154,177.16470452003057,53.217440410227653,true
2,227,200,56.75,0.39139023618200114,6.1992099216600133e-12,1.0959807606064206e-12,0.17679361958320985,7.2951906822664345e-12,169.95333478340481,30.046665216595176,1.0587998569780235,0.32861041630463744,98514924.428370535,177.79322508344131,53.073765637317173,true
2,228,200,57,0.39139023618200114,6.1992099216600133e-12,1.1048469701356979e-12,0.17822383563353247,7.3040568917957118e-12,169.74703273801939,30.252967261980618,1.0592035800093647,0.32964324969948072,98824560.090515092,178.42004114034555,52.930293255632478,true
2,229,200,57.25,0.39139023618200114,6.1992099216600133e-12,1.1137383384206972e-12,0.17965811006484877,7.3129482600807104e-12,169.54064766189376,30.459352338106253,1.0596074655278109,0.33067209533832187,99133000.253485858,179.04515160121562,52.787023270390421,true
2,230,200,57.5,0.39139023618200114,6.1992099216600133e-12,1.1226546961825826e-12,0.18109641557064102,7.3218646178425967e-12,169.33418589994702,30.66581410005298,1.0600115011166653,0.33169695927170895,99440246.731191516,179.66855542606751,52.643955680516903,true
2,231,200,57.75,0.39139023618200114,6.1992099216600133e-12,1.1315958736667555e-12,0.18253872476764568,7.3308057953267692e-12,169.12765375975113,30.872346240248881,1.0604156744323177,0.33271784766036078,99746301.37056911,180.29025162414399,52.5010904786933,true
2,232,200,58,0.39139023618200114,6.1992099216600133e-12,1.1405617006460853e-12,0.18398501019637478,7.3397716223060994e-12,168.92105751138536,31.078942488614643,1.0608199732045285,0.33373476677345582,100051166.05107105,180.91023925359636,52.358427651402771,true
2,233,200,58.25,0.39139023618200114,6.1992099216600133e-12,1.1495520064241492e-12,0.18543524432163838,7.3487619280841633e-12,168.71440338729712,31.285596612702889,1.0612243852367029,0.33474772298692967,100354842.68415475,181.52851742116459,52.215967178976875,true
2,234,200,58.5,0.39139023618200114,6.1992099216600133e-12,1.1585666198384853e-12,0.18688939953306927,7.357776541498498e-12,168.5076975821685,31.492302417831503,1.0616288984061504,0.33575672278178176,100657333.21277495,182.14508528185621,52.073709035641961,true
2,235,200,58.75,0.39139023618200114,6.1992099216600133e-12,1.1676053692638481e-12,0.18834744814564833,7.3668152909238605e-12,168.30094625278923,31.699053747210773,1.0620335006643338,0.33676177274239066,100958639.61087869,182.75994203862325,51.931653189565871,true
2,236,200,59,0.39139023618200114,6.1992099216600133e-12,1.1766680826154783e-12,0.18980936240023183,7.3758780042754913e-12,168.09415551793529,31.905844482064712,1.0624381800371074,0.3377628795548383,101258763.88290292,183.37308694203836,51.789799602904488,true
2,237,200,59.25,0.39139023618200114,6.1992099216600133e-12,1.1857545873523762e-12,0.19127511446407949,7.3849645090123891e-12,167.88733145825367,32.112668541746324,1.062842924624942,0.33876005000524329,101557708.0632748,183.98451928996892,51.648148231848438,true
2,238,200,59.5,0.39139023618200114,6.1992099216600133e-12,1.1948647104805901e-12,0.19274467643138488,7.3940746321406032e-12,167.68048011615286,32.31951988384715,1.0632477226031392,0.33975329097810464,101855474.21591522,184.5942384272507,51.506699026669772,true
2,239,200,59.75,0.39139023618200114,6.1992099216600133e-12,1.2039982785565078e-12,0.19421802032380658,7.4032082002165215e-12,167.4736074956991,32.526392504300894,1.0636525622220341,0.3407426094546534,102152064.43374458,185.20224374535954,51.365451931768575,true
2,240,200,60,0.39139023618200114,6.1992099216600133e-12,1.2131551176901583e-12,0.19569511809100051,7.412365039350171e-12,167.26671956251863,32.733280437481355,1.0640574318071876,0.34172801251121543,102447480.83819203,185.80853468208213,51.224406885719858,true
2,241,200,60.25,0.39139023618200114,6.1992099216600133e-12,1.2223350535485246e-12,0.19717594161115454,7.4215449752085379e-12,167.0598222437053,32.940177756294695,1.0644623197595664,0.34270950731758287,102741725.57870716,186.41311072118594,51.083563821320141,true
2,242,200,60.5,0.39139023618200114,6.1992099216600133e-12,1.2315379113588601e-12,0.19866046269152329,7.430747833018873e-12,166.85292142773397,33.147078572266018,1.0648672145557128,0.34368710113539647,103034800.83227509,187.01597139208735,50.942922665634256,true
2,243,200,60.75,0.39139023618200114,6.1992099216600133e-12,1.2407635159120175e-12,0.20014865306896529,7.4399734375720312e-12,166.64602296437957,33.353977035620424,1.0652721047479026,0.34466080131653715,103326708.8029343,187.61711626951958,50.802483340042045,true
2,244,200,61,0.39139023618200114,6.1992099216600133e-12,1.2500116915657848e-12,0.20164048441048096,7.4492216132257978e-12,166.43913266464142,33.560867335358594,1.0656769789642939,0.34563061530152872,103617451.72129771,188.21654497319915,50.662245760285082,true
2,245,200,61.25,0.39139023618200114,6.1992099216600133e-12,1.2592822622482289e-12,0.20313592831375205,7.458492183908243e-12,166.23225630067321,33.7677436993268,1.0660818259090641,0.34659655061795008,103907031.84407668,188.81425716749129,50.522209836513355,true
2,246,200,61.5,0.39139023618200114,6.1992099216600133e-12,1.2685750514610465e-12,0.20463495630768216,7.4677849731210604e-12,166.02539960571835,33.974600394281637,1.066486634362535,0.34755861487885831,104195451.4536083,189.41025256107494,50.382375473331962,true
2,247,200,61.75,0.39139023618200114,6.1992099216600133e-12,1.2778898822829263e-12,0.20613753985293906,7.4770998039429398e-12,165.81856827405059,34.181431725949402,1.0668913931812913,0.34851681578122212,104482712.85738577,190.00453090660662,50.242742569847799,true
2,248,200,62,0.39139023618200114,6.1992099216600133e-12,1.2872265773729168e-12,0.2076436503424981,7.4864364990329299e-12,165.61176796091982,34.388232039080172,1.0672960912982852,0.3494711611043661,104768818.38759191,190.59709200038338,50.103311019716074,true
2,249,200,62.25,0.39139023618200114,6.1992099216600133e-12,1.2965849589738023e-12,0.20915325910218655,7.4957948806338156e-12,165.40500428250331,34.594995717496694,1.0677007177229316,0.35042165870842595,105053770.40063612,191.18793568200536,49.964080711186952,true
2,250,200,62.5,0.39139023618200114,6.1992099216600133e-12,1.305964848915487e-12,0.2106663373912297,7.5051747705755005e-12,165.19828281586186,34.801717184138141,1.0681052615411952,0.35136831653281397,105337571.27669434,191.77706183403745,49.825051527152048,true
2,251,200,62.75,0.39139023618200114,6.1992099216600133e-12,1.3153660686183864e-12,0.21218285640279788,7.5145759902784001e-12,164.99160909890128,35.008390901098721,1.0685097119156644,0.35231114259469609,105620223.41925244,192.36447038167017,49.686223345190996,true
2,252,200,63,0.39139023618200114,6.1992099216600133e-12,1.3247884390968293e-12,0.21370278726455513,7.5239983607568422e-12,164.7849886303386,35.21501136966139,1.0689140580856182,0.35325014498747975,105901729.25465293,192.95016129238047,49.547596037617716,true
2,253,200,63.25,0.39139023618200114,6.1992099216600133e-12,1.3342317809624641e-12,0.21522610103920886,7.5334417026224776e-12,164.57842686967359,35.421573130326415,1.0693182893670823,0.35418533187931284,106182091.23164496,193.53413457559122,49.409169471526909,true
2,254,200,63.5,0.39139023618200114,6.1992099216600133e-12,1.3436959144276742e-12,0.21675276872506066,7.5429058360876875e-12,164.37192923716478,35.628070762835215,1.0697223951528756,0.35511671151159407,106461311.82093768,194.116390282331,49.270943508840276,true
2,255,200,63.75,0.39139023618200114,6.1992099216600133e-12,1.3531806593089998e-12,0.21828276125655824,7.5523905809690131e-12,164.16550111381079,35.834498886189209,1.0701263649126462,0.35604429219749417,106739393.51475699,194.69692850489264,49.132918006352803,true
2,256,200,64,0.39139023618200114,6.1992099216600133e-12,1.3626858350305712e-12,0.21981604950484943,7.561895756690584e-12,163.95914784133595,36.040852158664038,1.0705301881929006,0.35696808232048943,107016338.82640587,195.275749376492,48.995092815778833,true
2,257,200,64.25,0.39139023618200114,6.1992099216600133e-12,1.3722112606275434e-12,0.22135260427833603,7.5714211822875565e-12,163.7528747221811,36.247125277818895,1.0709338546170206,0.35788809033290558,107292150.28982781,195.8528530709263,48.857467783798207,true
2,258,200,64.5,0.39139023618200114,6.1992099216600133e-12,1.3817567547495438e-12,0.22289239632323007,7.5809666764095572e-12,163.54668701949865,36.453312980501352,1.0713373538852742,0.3588043247544736,107566830.45917389,196.42823980223136,48.720042752102174,true
2,259,200,64.75,0.39139023618200114,6.1992099216600133e-12,1.3913221356641243e-12,0.22443539632411069,7.5905320573241382e-12,163.34058995715245,36.659410042847561,1.0717406757748147,0.35971679417089786,107840381.90837353,197.00190982433975,48.582817557439334,true
2,260,200,65,0.39139023618200114,6.1992099216600133e-12,1.4009072212602201e-12,0.22598157490448198,7.6001171429202335e-12,163.13458871972225,36.865411280277762,1.0721438101396725,0.36062550723243425,108112807.23070824,197.57386343073762,48.445792031661398,true
2,261,200,65.25,0.39139023618200114,6.1992099216600133e-12,1.4105118290516181e-12,0.22753090262733253,7.6097217507116316e-12,162.9286884525124,37.071311547487596,1.0725467469107386,0.36153047265248145,108384109.03838919,198.14410095412217,48.308966001768866,true
2,262,200,65.5,0.39139023618200114,6.1992099216600133e-12,1.4201357761804308e-12,0.2290833499956958,7.6193456978404437e-12,162.72289426156524,37.277105738434756,1.072949476095737,0.36243169920618357,108654289.96213841,198.71262276605839,48.172339289956682,true
2,263,200,65.75,0.39139023618200114,6.1992099216600133e-12,1.4297788794205775e-12,0.23063888745321176,7.6289888010805902e-12,162.51721121367854,37.482788786321457,1.0733519877791922,0.36332919572904404,108923352.65077321,199.27942927663591,48.035911713659637,true
2,264,200,66,0.39139023618200114,6.1992099216600133e-12,1.4394409551812725e-12,0.2321974853846894,7.6386508768412859e-12,162.31164433642749,37.688355663572523,1.0737542721223845,0.36422297111555196,109191299.77079433,199.84452093412577,47.899683085597779,true
2,265,200,66.25,0.39139023618200114,6.1992099216600133e-12,1.4491218195105207e-12,0.23375911411667077,7.6483317411705342e-12,162.10619861819066,37.893801381809332,1.074156319363301,0.36511303431781988,109458134.00597757,200.40789822463725,47.763653213821598,true
2,266,200,66.5,0.39139023618200114,6.1992099216600133e-12,1.4588212880986206e-12,0.23532374391799593,7.6580312097586343e-12,161.90087900818048,38.099120991819511,1.0745581198165743,0.36599939434423406,109723858.05696923,200.96956167177439,47.627821901757258,true
2,267,200,66.75,0.39139023618200114,6.1992099216600133e-12,1.4685391762816714e-12,0.23689134500036879,7.6677490979416844e-12,161.69569041647742,38.304309583522574,1.0749596638734169,0.36688206025811537,109988474.64088452,201.52951183629295,47.49218894825146,true
2,268,200,67,0.39139023618200114,6.1992099216600133e-12,1.4782752990450904e-12,0.23846188751892444,7.6774852207051033e-12,161.49063771406844,38.509362285931566,1.0753609420015451,0.36776104117639419,110251986.49091043,202.08774931575721,47.356754147616428,true
2,269,200,67.25,0.39139023618200114,6.1992099216600133e-12,1.4880294710271341e-12,0.2400353415727971,7.6872393926871474e-12,161.28572573288943,38.714274267110582,1.0757619447450959,0.36863634626829517,110514396.35591133,202.64427474419693,47.22151728967458,true
2,270,200,67.5,0.39139023618200114,6.1992099216600133e-12,1.4978015065224284e-12,0.24161167720568974,7.697011428182441e-12,161.0809592658714,38.919040734128586,1.0761626627245375,0.36950798475403535,110775707.00003879,203.19908879176441,47.086478159803129,true
2,271,200,67.75,0.39139023618200114,6.1992099216600133e-12,1.5075912194855037e-12,0.24319086440644416,7.7068011411455163e-12,160.87634306699084,39.123656933009165,1.0765630866365703,0.37037596590353417,111035921.2023447,203.75219216439226,46.951636538978562,true
2,272,200,68,0.39139023618200114,6.1992099216600133e-12,1.517398423534337e-12,0.24477287310961246,7.7166083451943509e-12,160.67188185132338,39.328118148676623,1.0769632072540209,0.37124029903513472,111295041.75639807,204.30358560345033,46.816992203820924,true
2,273,200,68.25,0.39139023618200114,6.1992099216600133e-12,1.5272229319538993e-12,0.24635767319602919,7.7264328536139128e-12,160.46758029510175,39.532419704898246,1.0773630154257305,0.37210099351433817,111553071.4699055,204.8532698854041,46.682544926638002,true
2,274,200,68.5,0.39139023618200114,6.1992099216600133e-12,1.5370645576997123e-12,0.24794523449338524,7.736274479359726e-12,160.26344303577699,39.736556964223013,1.0777625020764339,0.37295805875254928,111810013.16433516,205.4012458214726,46.548294475469291,true
2,275,200,68.75,0.39139023618200114,6.1992099216600133e-12,1.5469231134014084e-12,0.24953552677680191,7.7461330350614214e-12,160.05947467208347,39.940525327916532,1.0781616582066322,0.37381150420583448,112065869.67454445,205.94751425728697,46.414240614129902,true
2,276,200,69,0.39139023618200114,6.1992099216600133e-12,1.5567984113662978e-12,0.25112851976940653,7.7560083330263108e-12,159.85567976410744,40.144320235892572,1.0785604748924593,0.37466133937369217,112320643.84841135,206.49207607254939,46.28038310225422,true
2,277,200,69.25,0.39139023618200114,6.1992099216600133e-12,1.5666902635829424e-12,0.25272418314290879,7.7659001852429553e-12,159.652062833359,40.347937166641003,1.0789589432855409,0.37550757379783462,112574338.54646924,207.03493218069238,46.146721695339409,true
2,278,200,69.5,0.39139023618200114,6.1992099216600133e-12,1.5765984817247341e-12,0.25432248651817801,7.7758084033847472e-12,159.4486283628477,40.551371637152307,1.0793570546128457,0.37635021706098243,112826956.64154546,207.57608352853839,46.01325614478889,true
2,279,200,69.75,0.39139023618200114,6.1992099216600133e-12,1.5865228771534826e-12,0.25592339946582199,7.7857327988134952e-12,159.24538079716118,40.754619202838818,1.0797548001765329,0.37718927878567071,113078501.01840347,208.11553109596028,45.87998619795539,true
2,280,200,70,0.39139023618200114,6.1992099216600133e-12,1.5964632609230037e-12,0.25752689150676572,7.7956731825830174e-12,159.04232454254753,40.95767545745246,1.0801521713537903,0.3780247686330675,113328974.57338861,208.65327589554198,45.746911598184056,true
2,281,200,70.25,0.39139023618200114,6.1992099216600133e-12,1.6064194437827207e-12,0.25913293211283228,7.805629365442734e-12,158.83946396700057,41.160536032999438,1.080549159596667,0.37885669630180435,113578380.21407744,209.18931897223973,45.614032084855303,true
2,282,200,70.5,0.39139023618200114,6.1992099216600133e-12,1.6163912361812621e-12,0.2607414907073235,7.8156011578412754e-12,158.63680340034853,41.363196599651481,1.0809457564319007,0.37968507152681835,113826720.85893069,209.72366140304393,45.481347393427463,true
2,283,200,70.75,0.39139023618200114,6.1992099216600133e-12,1.6263784482700752e-12,0.26235253666560249,7.8255883699300879e-12,158.43434713434576,41.565652865654236,1.0813419534607374,0.38050990407820739,114073999.43695001,210.25630429664176,45.348857255479246,true
2,284,200,71,0.39139023618200114,6.1992099216600133e-12,1.6363808899070379e-12,0.26396603931567636,7.8355908115670511e-12,158.2320994227677,41.767900577232304,1.0817377423587464,0.38133120376009622,114320218.88733809,210.78724879308027,45.216561398752162,true
2,285,200,71.25,0.39139023618200114,6.1992099216600133e-12,1.6463983706600796e-12,0.26558196793878047,7.845608292320092e-12,158.03006448150856,41.969935518491432,1.0821331148756286,0.382148980409515,114565382.15916234,211.31649606343004,45.084459547192502,true
2,286,200,71.5,0.39139023618200114,6.1992099216600133e-12,1.6564306998108075e-12,0.26720029176996341,7.85564062147082e-12,157.82824648868237,42.17175351131764,1.0825280628350187,0.38296324389529013,114809492.21102253,211.84404730944993,44.952551420993395,true
2,287,200,71.75,0.39139023618200114,6.1992099216600133e-12,1.6664776863581348e-12,0.26882097999867188,7.8656876080181489e-12,157.62664958472658,42.373350415273435,1.0829225781342828,0.38377400411694623,115052552.01072143,212.36990376325204,44.820836736636473,true
2,288,200,72,0.39139023618200114,6.1992099216600133e-12,1.6765391390219202e-12,0.2704440017693383,7.8757490606819339e-12,157.42527787250867,42.574722127491313,1.0833166527443094,0.38458127100362149,115294564.53493981,212.8940666869679,44.689315206933443,true
2,289,200,72.25,0.39139023618200114,6.1992099216600133e-12,1.6866148662466088e-12,0.27206932618196772,7.8858247879066226e-12,157.2241354174358,42.775864582564203,1.0837102787092956,0.38538505451299282,115535532.7689141,213.41653737241532,44.557986541067493,true
2,290,200,72.5,0.39139023618200114,6.1992099216600133e-12,1.6967046762048779e-12,0.27369692229272619,7.895914597864892e-12,157.02322624756661,42.976773752433395,1.0841034481465266,0.38618536463021497,115775459.7061184,213.93731714076566,44.42685044463434,true
2,291,200,72.75,0.39139023618200114,6.1992099216600133e-12,1.7068083768012897e-12,0.27532675911452981,7.9060182984613024e-12,156.82255435372633,43.177445646273675,1.0844961532461528,0.38698221136687005,116014348.34794952,214.4564073422126,44.295906619683329,true
2,292,200,73,0.39139023618200114,6.1992099216600133e-12,1.7169257756759492e-12,0.27695880561763486,7.916135697335962e-12,156.6221236896242,43.377876310375797,1.0848883862709582,0.3877756047599295,116252201.70341577,214.97380935564135,44.165154764758057,true
2,293,200,73.25,0.39139023618200114,6.1992099216600133e-12,1.7270566802081656e-12,0.27859303073022851,7.9262666018681797e-12,156.42193817197349,43.578061828026513,1.0852801395561258,0.38856555487072808,116489022.78882945,215.48952458829893,44.034594574937003,true
2,294,200,73.5,0.39139023618200114,6.1992099216600133e-12,1.7372008975201204e-12,0.2802294033390203,7.9364108191801339e-12,156.22200168061408,43.777998319385915,1.0856714055089984,0.38935207178394882,116724814.62750246,216.00355447546514,43.904225741873837,true
2,295,200,73.75,0.39139023618200114,6.1992099216600133e-12,1.7473582344805389e-12,0.28186789228983467,7.9465681561405529e-12,156.02231805863761,43.977681941362384,1.0860621766088339,0.39013516560661993,116959580.24944565,216.51590048012483,43.774047953837574,true
2,296,200,74,0.39139023618200114,6.1992099216600133e-12,1.7575284977083658e-12,0.28350846638820354,7.9567384193683793e-12,155.82289111251487,44.177108887485126,1.0864524454065538,0.39091484646712416,117193322.69107176,217.02656409264088,43.644060895752503,true
2,297,200,74.25,0.39139023618200114,6.1992099216600133e-12,1.7677114935764494e-12,0.285151094399961,7.9669214152364627e-12,155.62372461222569,44.376275387774307,1.0868422045244925,0.39169112451421834,117426044.99490157,217.53554683042833,43.514264249237883,true
2,298,200,74.5,0.39139023618200114,6.1992099216600133e-12,1.7779070282152278e-12,0.28679574505183769,7.9771169498752404e-12,155.42482229139102,44.575177708608962,1.0872314466561357,0.39246400991606589,117657750.20927377,218.04285023762938,43.384657692647409,true
2,299,200,74.75,0.39139023618200114,6.1992099216600133e-12,1.7881149075164177e-12,0.28844238703205577,7.9873248291764308e-12,155.22618784740749,44.773812152592505,1.0876201645658587,0.39323351285928021,117888441.38805822,218.54847588478972,43.255240901108593,true
2,300,200,75,0.39139023618200114,6.1992099216600133e-12,1.7983349371367111e-12,0.2900909889909255,7.9975448587967244e-12,155.02782494158387,44.972175058416134,1.0880083510886589,0.39399964354797923,118118121.59037253,219.05242536853544,43.126013546561722,true
2,301,200,75.25,0.39139023618200114,6.1992099216600133e-12,1.808566922501476e-12,0.29174151954144201,8.0077768441614889e-12,154.82973719927995,45.17026280072006,1.0883959991298844,0.39476241220285174,118346793.88030212,219.55470031125154,42.996975297798755,true
2,302,200,75.5,0.39139023618200114,6.1992099216600133e-12,1.8188106688084604e-12,0.29339394725988283,8.0180205904684735e-12,154.63192821004736,45.36807178995263,1.0887831016649576,0.39552182906023553,118574461.32662384,220.05530236076143,42.868125820501966,true
2,303,200,75.75,0.39139023618200114,6.1992099216600133e-12,1.8290659810315006e-12,0.29504824068640617,8.0282759026915135e-12,154.43440152777265,45.565598472227357,1.0891696517390965,0.39627790437120602,118801127.0025328,220.5542331900073,42.739464777282308,true
2,304,200,76,0.39139023618200114,6.1992099216600133e-12,1.8393326639242349e-12,0.29670436832564973,8.0385425855842478e-12,154.23716067082199,45.762839329177993,1.0895556424670296,0.39703064840067692,119026793.98537271,221.05149449673181,42.610991827717584,true
2,305,200,76.25,0.39139023618200114,6.1992099216600133e-12,1.8496105220238192e-12,0.29836229864733049,8.0488204436838329e-12,154.0402091221884,45.959790877811614,1.0899410670327103,0.39778007142651117,119251465.35636935,221.54708800316124,42.482706628390488,true
2,306,200,76.5,0.39139023618200114,6.1992099216600133e-12,1.8598993596546512e-12,0.30002200008684504,8.059109281314664e-12,153.84355032964015,46.156449670359848,1.090325918689024,0.39852618373864418,119475144.20036776,222.04101545568929,42.354608832926196,true
2,307,200,76.75,0.39139023618200114,6.1992099216600133e-12,1.8701989809320935e-12,0.30168344104587042,8.0694089025921068e-12,153.64718770587183,46.352812294128164,1.0907101907574939,0.39926899563821755,119697833.60557252,222.53327862456271,42.226698092029991,true
2,308,200,77,0.39139023618200114,6.1992099216600133e-12,1.8805091897662038e-12,0.30334658989296565,8.0797191114262163e-12,153.45112462865654,46.548875371343449,1.0910938766279832,0.40000851743672367,119919536.66329125,223.02387930356747,42.098974053524444,true
2,309,200,77.25,0.39139023618200114,6.1992099216600133e-12,1.8908297898654666e-12,0.30501141496417394,8.0900397115254806e-12,153.25536444100032,46.744635558999661,1.0914769697583921,0.40074475945516136,120140256.46768157,223.51281930971692,41.971436362386541,true
2,310,200,77.5,0.39139023618200114,6.1992099216600133e-12,1.9011605847405338e-12,0.30667788456362588,8.1003705064005463e-12,153.05991045129792,46.940089548702069,1.0918594636743539,0.40147773202320325,120359996.11550142,224.0001004829407,41.844084660784432,true
2,311,200,77.75,0.39139023618200114,6.1992099216600133e-12,1.911501377707962e-12,0.30834596696414235,8.1107112993679745e-12,152.86476593349056,47.13523406650944,1.0922413519689251,0.40220744547837317,120578758.70586248,224.48572468577512,41.716918588114019,true
2,312,200,78,0.39139023618200114,6.1992099216600133e-12,1.9218519718939597e-12,0.31001563040783908,8.121061893553973e-12,152.66993412722505,47.330065872774945,1.0926226283022753,0.402933910165234,120796547.33998668,224.96969380305495,41.589937781035296,true
2,313,200,78.25,0.39139023618200114,6.1992099216600133e-12,1.9322121702381332e-12,0.31168684310673073,8.1314220918981461e-12,152.47541823801475,47.52458176198526,1.0930032864013712,0.40365713643458745,121013365.12096633,225.45200974160645,41.463141873508512,true
2,314,200,78.5,0.39139023618200114,6.1992099216600133e-12,1.9425817754972396e-12,0.31335957324333658,8.1417916971572524e-12,152.28122143740177,47.718778562598246,1.0933833200596597,0.40437713464268399,121229215.15352719,225.93267442994153,41.336530496829965,true
2,315,200,78.75,0.39139023618200114,6.1992099216600133e-12,1.952960590248943e-12,0.31503378897128598,8.1521705119089563e-12,152.08734686312081,47.912653136879179,1.0937627231367473,0.40509391515044246,121444100.54379459,226.41168981795371,41.210103279667742,true
2,316,200,79,0.39139023618200114,6.1992099216600133e-12,1.9633484168955703e-12,0.31670945841592479,8.162558338555584e-12,151.89379761926463,48.106202380735375,1.0941414895580759,0.40580748832268199,121658024.39906313,226.88905787661528,41.083859848097042,true
2,317,200,79.25,0.39139023618200114,6.1992099216600133e-12,1.9737450576678776e-12,0.31838654967492241,8.1729549793278912e-12,151.7005767764503,48.299423223549681,1.0945196133145978,0.40651786452736305,121870989.82756917,227.36478059767552,40.957799825635355,true
2,318,200,79.5,0.39139023618200114,6.1992099216600133e-12,1.984150314628809e-12,0.32006503081887844,8.1833602362888227e-12,151.50768737198774,48.49231262801225,1.0948970884624458,0.40722505413483889,122082999.93826641,227.83885999336087,40.831922833277474,true
2,319,200,79.75,0.39139023618200114,6.1992099216600133e-12,1.9945639896772717e-12,0.32174486989193146,8.1937739113372845e-12,151.31513241004853,48.684867589951452,1.0952739091226027,0.4079290675171186,122294057.84060495,228.31129809607623,40.706228489530041,true
2,320,200,80,0.39139023618200114,6.1992099216600133e-12,2.004985884551904e-12,0.3234260349123671,8.2041958062119165e-12,151.12291486183688,48.877085138163139,1.0956500694805673,0.40862991504713886,122504166.64431295,228.78209695810756,40.580716410446165,true
2,321,200,80.25,0.39139023618200114,6.1992099216600133e-12,2.0154158008348501e-12,0.3251084938732266,8.214625722494863e-12,150.93103766576115,49.068962334238847,1.0960255637860172,0.40932760709804705,122713329.45918177,229.25125865132642,40.45538620965948,true
2,322,200,80.5,0.39139023618200114,6.1992099216600133e-12,2.0258535399555389e-12,0.3267922147429167,8.2250634616155517e-12,150.73950372760712,49.260496272392885,1.0964003863524723,0.41002215404249365,122921549.3948538,229.71878526689537,40.330237498418228,true
2,323,200,80.75,0.39139023618200114,6.1992099216600133e-12,2.0362989031944616e-12,0.32847716546581879,8.2355088248544744e-12,150.54831592071196,49.451684079288057,1.0967745315569513,0.41071356625193539,123128829.56061356,230.18467891497525,40.205269885618975,true
2,324,200,81,0.39139023618200114,6.1992099216600133e-12,2.0467516916869602e-12,0.33016331396290005,8.2459616133469734e-12,150.3574770861394,49.642522913860603,1.0971479938396316,0.41140185409594793,123335173.0651816,230.64894172443397,40.08048297784002,true
2,325,200,81.25,0.39139023618200114,6.1992099216600133e-12,2.0572117064270092e-12,0.3318506281323238,8.2564216280870225e-12,150.16699003285623,49.833009967143752,1.0975207677035019,0.41208702794154883,123540583.0165116,231.11157584255642,39.95587637937475,true
2,326,200,81.5,0.39139023618200114,6.1992099216600133e-12,2.0676787482710055e-12,0.33353907585006032,8.2668886699310184e-12,149.9768575379095,50.02314246209049,1.0978928477140175,0.41276909815252955,123745062.5215901,231.57258343475647,39.831449692264592,true
2,327,200,81.75,0.39139023618200114,6.1992099216600133e-12,2.0781526179415599e-12,0.33522862497049882,8.2773625396015727e-12,149.78708234660479,50.212917653395202,1.0982642284987487,0.41344807508879844,123948614.68623945,232.03196668428978,39.707202516331805,true
2,328,200,82,0.39139023618200114,6.1992099216600133e-12,2.0886331160312921e-12,0.33691924332705958,8.2878430376913054e-12,149.5976671726855,50.402332827314503,1.0986349047470323,0.41412396910573246,124151242.6149236,232.48972779196893,39.583134449211954,true
2,329,200,82.25,0.39139023618200114,6.1992099216600133e-12,2.0991200430066254e-12,0.33861089873280609,8.2983299646666395e-12,149.40861469851299,50.591385301487016,1.0990048712096181,0.41479679055353874,124352949.41055655,232.94586897587948,39.459245086386268,true
2,330,200,82.5,0.39139023618200114,6.1992099216600133e-12,2.1096131992115868e-12,0.34030355898105774,8.3088231208715996e-12,149.21992757524757,50.780072424752433,1.0993741226983149,0.41546654977662589,124553738.17431402,233.40039247109794,39.335534021213597,true
2,331,200,82.75,0.39139023618200114,6.1992099216600133e-12,2.1201123848716087e-12,0.34199719184600363,8.3193223065316215e-12,149.03160842303038,50.968391576969616,1.0997426540856343,0.41613325711298454,124753612.00544763,233.85330052941103,39.212000844962276,true
2,332,200,83,0.39139023618200114,6.1992099216600133e-12,2.1306174000973292e-12,0.34369176508331506,8.3298273217573421e-12,148.84365983116601,51.156340168833978,1.1001104603044336,0.41679692289357767,124952574.00110212,234.30459541903681,39.08864514684165,true
2,333,200,83.25,0.39139023618200114,6.1992099216600133e-12,2.1411280448884009e-12,0.34538724643076024,8.3403379665484138e-12,148.65608435830592,51.343915641694096,1.100477536347557,0.41745755744173924,125150627.2561352,234.75427942434735,38.965466514033388,true
2,334,200,83.5,0.39139023618200114,6.1992099216600133e-12,2.1516441191372987e-12,0.34708360360881846,8.3508540407973112e-12,148.46888453263239,51.53111546736762,1.1008438772674749,0.41811517107258356,125347774.86294033,235.20235484559254,38.84246453172252,true
2,335,200,83.75,0.39139023618200114,6.1992099216600133e-12,2.1621654226331273e-12,0.34878080432129432,8.3613753442931402e-12,148.28206285204354,51.717937147956469,1.101209478175923,0.41876977409242261,125544019.91127209,235.64882399862634,38.719638783128325,true
2,336,200,84,0.39139023618200114,6.1992099216600133e-12,2.1726917550654343e-12,0.35047881625593263,8.3719016767254479e-12,148.09562178433868,51.904378215661325,1.101574334243538,0.41942137679819286,125739365.48807441,236.09368921463374,38.596988849534846,true
2,337,200,84.25,0.39139023618200114,6.1992099216600133e-12,2.1832229160280228e-12,0.35217760708503371,8.3824328376880352e-12,147.90956376740434,52.090436232595664,1.1019384406994954,0.42006998947689095,125933814.67731127,236.53695283986016,38.47451431032129,true
2,338,200,84.5,0.39139023618200114,6.1992099216600133e-12,2.1937587050227685e-12,0.35387714446606894,8.3929686266827826e-12,147.72389120940096,52.276108790599032,1.1023017928311427,0.42071562240501875,126127370.55980045,236.97861723534177,38.352214742992075,true
2,339,200,84.75,0.39139023618200114,6.1992099216600133e-12,2.2042989214634369e-12,0.3555773960422966,8.4035088431234498e-12,147.53860648895005,52.461393511049948,1.1026643859836338,0.42135828584803686,126320036.21304959,237.41868477663795,38.230089723206689,true
2,340,200,85,0.39139023618200114,6.1992099216600133e-12,2.2148433646795004e-12,0.35727832944337745,8.4140532863395132e-12,147.35371195532193,52.646288044678066,1.1030262155595612,0.42199799005982658,126511814.71109498,237.85715785356504,38.108138824809338,true
2,341,200,85.25,0.39139023618200114,6.1992099216600133e-12,2.2253918339199586e-12,0.3589799122859913,8.4246017555799719e-12,147.16920992862393,52.830790071376065,1.103387277018588,0.42263474528216133,126702709.12434305,238.29403886993211,37.9863616198583,true
2,342,200,85.5,0.39139023618200114,6.1992099216600133e-12,2.2359441283571624e-12,0.36068211217445356,8.4351540500171749e-12,146.985102699989,53.014897300011015,1.1037475658770792,0.42326856174418609,126892722.51941432,238.72933024327801,37.864757678655025,true
2,343,200,85.75,0.39139023618200114,6.1992099216600133e-12,2.246500047090638e-12,0.36238489670133228,8.4457099687506504e-12,146.80139253176472,53.198607468235288,1.1041070777077309,0.42389944966190585,127081857.95899002,239.16303440461022,37.743326569773039,true
2,344,200,86,0.39139023618200114,6.1992099216600133e-12,2.2570593891509076e-12,0.36408823344806435,8.4562693108109217e-12,146.6180816577029,53.381918342297091,1.1044658081391998,0.42452741923768195,127270118.50166115,239.59515379814553,37.622067860086581,true
2,345,200,86.25,0.39139023618200114,6.1992099216600133e-12,2.2676219535033194e-12,0.36579208998557344,8.4668318751633327e-12,146.43517228314931,53.564827716850701,1.1048237528557321,0.42515248065973721,127457507.20178008,240.02569088105213,37.500981114799075,true
2,346,200,86.5,0.39139023618200114,6.1992099216600133e-12,2.2781875390518738e-12,0.36749643387488723,8.4773974607118867e-12,146.25266658523373,53.747333414766274,1.1051809075967907,0.42577464410166915,127644027.10931459,240.45464812319344,37.380065897471155,true
2,347,200,86.75,0.39139023618200114,6.1992099216600133e-12,2.2887559446430521e-12,0.36920123266775473,8.4879658663030657e-12,146.07056671306054,53.929433286939449,1.1055372681566835,0.42639391972197177,127829681.2697046,240.8820280068739,37.259321770048714,true
2,348,200,87,0.39139023618200114,6.1992099216600133e-12,2.2993269690696457e-12,0.37090645390726434,8.4985368907296593e-12,145.88887478789934,54.111125212100653,1.1058928303841895,0.4270103176635649,128014472.72372094,241.30783302658585,37.138748292890533,true
2,349,200,87.25,0.39139023618200114,6.1992099216600133e-12,2.309900411074588e-12,0.3726120651284619,8.5091103327346017e-12,145.70759290337588,54.292407096624103,1.1062475901821853,0.42762384805333192,128198404.50732689,241.73206568875878,37.018345024795728,true
2,350,200,87.5,0.39139023618200114,6.1992099216600133e-12,2.3204760693547835e-12,0.37431803385896806,8.5196859910147972e-12,145.5267231256633,54.473276874336698,1.1066015435072709,0.42823452100166609,128381479.6515421,242.15472851150966,36.898111523030963,true
2,351,200,87.75,0.39139023618200114,6.1992099216600133e-12,2.3310537425649432e-12,0.37602432761959736,8.5302636642249561e-12,145.34626749367334,54.653732506326655,1.1069546863693955,0.42884234660202336,128563701.18230852,242.57582402439544,36.778047343357414,true
2,352,200,88,0.39139023618200114,6.1992099216600133e-12,2.3416332293214171e-12,0.37773091392497621,8.5408431509814312e-12,145.16622801924797,54.833771980752019,1.1073070148314827,0.42944733493048409,128745072.12035908,242.99535476816709,36.65815204005748,true
2,353,200,88.25,0.39139023618200114,6.1992099216600133e-12,2.3522143282060275e-12,0.37943776028416148,8.5514242498660407e-12,144.98660668735093,55.013393312649065,1.1076585250090552,0.43004949604532283,128925595.48108861,243.41332329452507,36.538425165961328,true
2,354,200,88.5,0.39139023618200114,6.1992099216600133e-12,2.362796837769903e-12,0.38114483420125861,8.5620067594299163e-12,144.80740545625954,55.192594543740462,1.10800921306986,0.4306488399865841,129105274.27442673,243.82973216587686,36.418866272473096,true
2,355,200,88.75,0.39139023618200114,6.1992099216600133e-12,2.3733805565373163e-12,0.38285210317604096,8.5725904781973303e-12,144.62862625775639,55.371373742243613,1.1083590752334929,0.43124537677566771,129284111.50471354,244.24458395509612,36.299474909596917,true
2,356,200,89,0.39139023618200114,6.1992099216600133e-12,2.3839652830095185e-12,0.38455953470456838,8.5831752046695317e-12,144.4502709973213,55.549729002678696,1.1087081077710228,0.43183911641492068,129462110.17057721,244.65788124528333,36.180250625962721,true
2,357,200,89.25,0.39139023618200114,6.1992099216600133e-12,2.3945508156685749e-12,0.38626709627980566,8.593760737328589e-12,144.27234155432325,55.727658445676767,1.1090563070046167,0.43243006888723595,129639273.2648138,245.0696266295285,36.061192968851799,true
2,358,200,89.5,0.39139023618200114,6.1992099216600133e-12,2.4051369529812028e-12,0.38797475539224191,8.6043468746412161e-12,144.09483978221201,55.905160217787994,1.1094036693071634,0.43301824415566037,129815603.77426955,245.47982271067528,35.942301484222064,true
2,359,200,89.75,0.39139023618200114,6.1992099216600133e-12,2.4157234934026063e-12,0.389682479530509,8.6149334150626191e-12,143.9177675087104,56.082232491289602,1.1097501911018988,0.43360365216300739,129991104.67972501,245.88847210108676,35.823575716733203,true
2,360,200,90,0.39139023618200114,6.1992099216600133e-12,2.4263102353803167e-12,0.39139023618200103,8.6255201570403304e-12,143.74112653600579,56.258873463994199,1.1100958688620299,0.43418630283147935,130165778.95578155,246.2955774224134,35.705015209771453,true
2,361,200,90.25,0.39139023618200114,6.1992099216600133e-12,2.4368969773580271e-12,0.39309799283349306,8.63610689901804e-12,143.56491864094198,56.435081359058032,1.1104406991103608,0.43476620606229543,130339629.57075004,246.70114130536214,35.586619505474296,true
2,362,200,90.5,0.39139023618200114,6.1992099216600133e-12,2.4474835177794318e-12,0.39480571697176037,8.6466934394394447e-12,143.38914557521079,56.610854424789217,1.1107846784189157,0.43534337173532722,130512659.48654148,247.10516638946751,35.468388144754726,true
2,363,200,90.75,0.39139023618200114,6.1992099216600133e-12,2.4580696550920589e-12,0.39651337608419646,8.6572795767520717e-12,143.21380906554373,56.786190934456258,1.1111278034085652,0.43591780970874106,130684871.65855974,247.50765532286451,35.350320667325569,true
2,364,200,91,0.39139023618200114,6.1992099216600133e-12,2.4686551877511153e-12,0.39822093765943373,8.667865109411129e-12,143.03891081390333,56.961089186096686,1.111470070748652,0.43648952981864741,130856269.03559661,247.90861076206295,35.232416611723288,true
2,365,200,91.25,0.39139023618200114,6.1992099216600133e-12,2.4792399142233171e-12,0.3999283691879611,8.6784498358833304e-12,142.86445249767422,57.135547502325778,1.1118114771566161,0.43705854187875726,131026854.55972858,248.30803537172358,35.114675515331669,true
2,366,200,91.5,0.39139023618200114,6.1992099216600133e-12,2.4898236329907312e-12,0.40163563816274361,8.6890335546507444e-12,142.6904357698545,57.30956423014549,1.1121520193976211,0.43762485568004433,131196631.16621575,248.70593182443622,34.997096914405383,true
2,367,200,91.75,0.39139023618200114,6.1992099216600133e-12,2.5004061425546067e-12,0.40334271207984074,8.69961606421462e-12,142.51686225924644,57.483137740753556,1.1124916942841803,0.43818848099041557,131365601.78340296,249.10230280049925,34.879680344093153,true
2,368,200,92,0.39139023618200114,6.1992099216600133e-12,2.5109872414392166e-12,0.4050495584390259,8.7101971630992295e-12,142.34373357064706,57.656266429352947,1.1128304986757842,0.43874942755438667,131533769.33262251,249.49715098770073,34.762425338460801,true
2,369,200,92.25,0.39139023618200114,6.1992099216600133e-12,2.5215667281956902e-12,0.40675614474440469,8.720776649855703e-12,142.17105128503863,57.828948714961371,1.1131684294785278,0.43930770509276473,131701136.72809906,249.89047908110177,34.645331430514027,true
2,370,200,92.5,0.39139023618200114,6.1992099216600133e-12,2.5321444014058503e-12,0.40846243850503405,8.7313543230658635e-12,141.99881695977876,58.001183040221221,1.1135054836447382,0.43986332330233796,131867706.87685658,250.28228978282095,34.528398152220966,true
2,371,200,92.75,0.39139023618200114,6.1992099216600133e-12,2.5427200596860466e-12,0.41016840723554038,8.7419299813460591e-12,141.82703212879028,58.172967871209721,1.1138416581726036,0.44041629185557063,132033482.67862689,250.67258580182093,34.411625034534524,true
2,372,200,93,0.39139023618200114,6.1992099216600133e-12,2.5532935016909877e-12,0.41187401845673771,8.7525034233510014e-12,141.65569830275078,58.344301697249229,1.1141769501058014,0.44096662040030521,132198467.02576044,251.06136985369636,34.295011607414558,true
2,373,200,93.25,0.39139023618200114,6.1992099216600133e-12,2.5638645261175817e-12,0.41357923969624738,8.763074447777595e-12,141.48481696928175,58.515183030718255,1.1145113565331293,0.44151431855947021,132362662.8031386,251.448644660464,34.17855739984968,true
2,374,200,93.5,0.39139023618200114,6.1992099216600133e-12,2.5744329317087599e-12,0.41528403848911488,8.773642853368774e-12,141.31438959313766,58.685610406862345,1.1148448745881339,0.4420593959307948,132526072.88808817,251.83441295035399,34.062261939878987,true
2,375,200,93.75,0.39139023618200114,6.1992099216600133e-12,2.5849985172573144e-12,0.41698838237842867,8.784208438917328e-12,141.14441761639432,58.855582383605665,1.1151775014487433,0.44260186208652863,132688700.15029743,252.21867745760312,33.946124754613507,true
2,376,200,94,0.39139023618200114,6.1992099216600133e-12,2.595561081609727e-12,0.41869223891593788,8.7947710032697406e-12,140.97490245863722,59.025097541362776,1.1155092343368982,0.44314172657316819,132850547.45173401,252.60144092224988,33.830145370257455,true
2,377,200,94.25,0.39139023618200114,6.1992099216600133e-12,2.6061204236699962e-12,0.42039557566266994,8.8053303453300103e-12,140.80584551714912,59.194154482850877,1.1158400705181843,0.44367899891118923,133011617.64656474,252.98270608993073,33.714323312129203,true
2,378,200,94.5,0.39139023618200114,6.1992099216600133e-12,2.616676342403471e-12,0.42209836018954849,8.8158862640634842e-12,140.63724816709754,59.362751832902461,1.116170007301466,0.44421368859478488,133171913.58107713,253.36247571167868,33.598658104682123,true
2,379,200,94.75,0.39139023618200114,6.1992099216600133e-12,2.6272286368406756e-12,0.42380056007801087,8.8264385585006889e-12,140.46911176172165,59.530888238278344,1.1164990420385204,0.44474580509160938,133331438.09360249,253.74075254372306,33.48314927152515,true
2,380,200,95,0.39139023618200114,6.1992099216600133e-12,2.6377771060811338e-12,0.42550214292062472,8.8369870277411475e-12,140.30143763251886,59.698562367481152,1.1168271721236718,0.44527535784252792,133490194.01444103,254.11753934729131,33.367796335443167,true
2,381,200,95.25,0.39139023618200114,6.1992099216600133e-12,2.6483215492971968e-12,0.42720307632170551,8.8475314709572109e-12,140.13422708943074,59.865772910569277,1.1171543949934288,0.4458023562613716,133648184.16578828,254.492838888412,33.252598818417177,true
2,382,200,95.5,0.39139023618200114,6.1992099216600133e-12,2.6588617657378653e-12,0.42890332789793317,8.8580716873978781e-12,139.96748142102868,60.032518578971327,1.1174807081261198,0.44632680973469879,133805411.36166368,254.86665393772012,33.137556241644177,true
2,383,200,95.75,0.39139023618200114,6.1992099216600133e-12,2.6693975547326114e-12,0.43060286527896846,8.8686074763926255e-12,139.80120189469903,60.198798105300959,1.1178061090415317,0.44684872762156086,133961878.40784022,255.23898727026355,33.02266812555699,true
2,384,200,96,0.39139023618200114,6.1992099216600133e-12,2.6799287156952003e-12,0.43230165610806964,8.8791386373552144e-12,139.63538975682764,60.364610243172365,1.1181305953005485,0.44736811925327463,134117588.10177633,255.60984166531142,32.907933989843706,true
2,385,200,96.25,0.39139023618200114,6.1992099216600133e-12,2.6904550481275068e-12,0.4339996680427079,8.8896649697875205e-12,139.47004623298389,60.529953767016117,1.1184541645047903,0.44788499393319936,134272543.23254892,255.97921990616396,32.79335335346704,true
2,386,200,96.5,0.39139023618200114,6.1992099216600133e-12,2.7009763516233351e-12,0.43569686875518365,8.9001862732833479e-12,139.30517252810432,60.694827471895685,1.1187768142962553,0.44839936093651911,134426746.58078825,256.34712477996425,32.678925734683403,true
2,387,200,96.75,0.39139023618200114,6.1992099216600133e-12,2.7114924258722329e-12,0.43739322593324187,8.9107023475322469e-12,139.14076982667567,60.859230173324342,1.1190985423569608,0.4489112295100306,134580200.91861421,256.71355907751138,32.564650651061818,true
2,388,200,97,0.39139023618200114,6.1992099216600133e-12,2.722003070663305e-12,0.43908870728068711,8.9212129923233186e-12,138.97683929291719,61.023160707082809,1.1194193464085869,0.44942060887193624,134732909.00957438,257.07852559307543,32.450527619502601,true
2,389,200,97.25,0.39139023618200114,6.1992099216600133e-12,2.7325080858890259e-12,0.44078328051799864,8.9317180075490392e-12,138.81338207096272,61.18661792903729,1.1197392242121189,0.44992750821164235,134884873.60858345,257.44202712421395,32.336556156255831,true
2,390,200,97.5,0.39139023618200114,6.1992099216600133e-12,2.743007271549047e-12,0.44247691338294437,8.9422171932090611e-12,138.65039928504189,61.349600714958122,1.1200581735674946,0.45043193668956172,135036097.46186408,257.80406647159009,32.222735776939686,true
2,391,200,97.75,0.39139023618200114,6.1992099216600133e-12,2.7535004277540088e-12,0.44416957363119614,8.9527103494140212e-12,138.48789203966075,61.512107960339243,1.1203761923132496,0.45093390343692208,135186583.3068895,258.1646464387926,32.109065996558421,true
2,392,200,98,0.39139023618200114,6.1992099216600133e-12,2.763987354729342e-12,0.44586122903694259,8.9631972763893553e-12,138.32586141978214,61.674138580217864,1.1206932783261647,0.45143341755557898,135336333.87232739,258.52376983215703,31.995546329520355,true
2,393,200,98.25,0.39139023618200114,6.1992099216600133e-12,2.7744678528190743e-12,0.4475518473935034,8.973677774479088e-12,138.16430849100487,61.835691508995133,1.1210094295209148,0.45193048811783387,135485351.87798521,258.88143946058887,31.882176289655437,true
2,394,200,98.5,0.39139023618200114,6.1992099216600133e-12,2.7849417224896286e-12,0.4492413965139419,8.9841516441496423e-12,138.00323429974281,61.996765700257178,1.1213246438497193,0.45242512416625613,135633640.03475714,259.23765813538813,31.768955390232801,true
2,395,200,98.75,0.39139023618200114,6.1992099216600133e-12,2.7954087643336249e-12,0.45092984423167837,8.9946186859936382e-12,137.84263987340304,62.157360126596963,1.1216389193019924,0.45291733471351092,135781201.04457217,259.59242867007583,31.655883143977999,true
2,396,200,99,0.39139023618200114,6.1992099216600133e-12,2.8058687790736732e-12,0.452617158401102,9.0050787007336857e-12,137.68252622056337,62.317473779436625,1.1219522539039968,0.45340712874219125,135928037.60034397,259.9457538802215,31.542959063090112,true
2,397,200,99.25,0.39139023618200114,6.1992099216600133e-12,2.8163215675661722e-12,0.45430330689818338,9.0155314892261863e-12,137.52289433114942,62.477105668850598,1.1222646457184964,0.45389451520465368,136074152.38592151,260.29763658327289,31.430182659258566,true
2,398,200,99.5,0.39139023618200114,6.1992099216600133e-12,2.8267669308050961e-12,0.45598825762108564,9.025976852465109e-12,137.36374517661056,62.63625482338945,1.122576092844412,0.45437950302286079,136219548.07604188,260.64807959838708,31.317553443679895,true
2,399,200,99.75,0.39139023618200114,6.1992099216600133e-12,2.8372046699257841e-12,0.45767197849077557,9.0364145915857977e-12,137.20507971009587,62.794920289904134,1.1228865934164776,0.45486210108822528,136364227.33628353,260.99708574626271,31.205070927074193,true
2,400,200,100,0.39139023618200114,6.1992099216600133e-12,2.8476345862087297e-12,0.45935443745163501,9.0468445078687426e-12,137.04689886662868,62.953101133371327,1.123196145604898,0.45534231826146138,136508192.8230218,261.34465784897463,31.092734619701421,true
2,401,200,100.25,0.39139023618200114,6.1992099216600133e-12,2.8580564810833617e-12,0.46103560247207059,9.0572664027433746e-12,136.88920356328089,63.11079643671912,1.1235047476150084,0.45582016337243825,136651447.18338484,261.69079872980939,30.980544031377509,true
2,402,200,100.5,0.39139023618200114,6.1992099216600133e-12,2.8684701561318251e-12,0.46271544154512378,9.067680077791838e-12,136.73199469934639,63.268005300653599,1.1238123976869345,0.45629564522003851,136793993.05521131,262.03551121310267,30.868498671490286,true
2,403,200,100.75,0.39139023618200114,6.1992099216600133e-12,2.8788754130927566e-12,0.46439392268907981,9.0780853347527695e-12,136.5752731565139,63.424726843486084,1.1241190940952546,0.45676877257202192,136935833.06700942,262.37879812407812,30.756598049015206,true
2,404,200,101,0.39139023618200114,6.1992099216600133e-12,2.8892720538650634e-12,0.46607101394807732,9.0884819755250767e-12,136.41903979903884,63.580960200961158,1.124424835148663,0.45723955416489154,137076969.83791697,262.72066228868778,30.64484167253088,true
2,405,200,101.25,0.39139023618200114,6.1992099216600133e-12,2.8996598805116911e-12,0.46774668339271619,9.0988698021717044e-12,136.2632954739147,63.736704526085305,1.1247296191896348,0.45770799870376538,137217405.97766265,263.06110653345416,30.533229050234436,true
2,406,200,101.5,0.39139023618200114,6.1992099216600133e-12,2.9100386952633942e-12,0.46942089912066559,9.1092486169234083e-12,136.10804101104353,63.891958988956468,1.1250334445940919,0.45817411486225129,137357144.08652866,263.40013368531356,30.421759689956669,true
2,407,200,101.75,0.39139023618200114,6.1992099216600133e-12,2.9204083005225014e-12,0.4710936292572715,9.1196182221825146e-12,135.95327722340579,64.046722776594194,1.1253363097710718,0.45863791128232617,137496186.7553145,263.73774657146134,30.310433099177072,true
2,408,200,102,0.39139023618200114,6.1992099216600133e-12,2.9307684988666745e-12,0.47276484195616314,9.1299784205266878e-12,135.79900490722946,64.20099509277054,1.1256382131623948,0.45909939657421894,137634536.56530187,264.07394801919833,30.199248785038598,true
2,409,200,102.25,0.39139023618200114,6.1992099216600133e-12,2.9411190930526718e-12,0.47443450539985976,9.1403290147126846e-12,135.64522484215797,64.354775157842013,1.1259391532423368,0.4595585793162979,137772196.08822089,264.40874085577866,30.088206254362262,true
2,410,200,102.5,0.39139023618200114,6.1992099216600133e-12,2.9514598860201003e-12,0.47610258780037629,9.1506698076801144e-12,135.4919377914182,64.508062208581805,1.1262391285173003,0.46001546805496102,137909167.88621724,264.7421279082601,29.977305013661649,true
2,411,200,102.75,0.39139023618200114,6.1992099216600133e-12,2.961790680895168e-12,0.47776905739982833,9.1610006025551817e-12,135.33914450198665,64.660855498013333,1.1265381375254884,0.46047007130453088,138045454.51182058,265.07411200335412,29.866544569157085,true
2,412,200,103,0.39139023618200114,6.1992099216600133e-12,2.9721112809944308e-12,0.47943388247103658,9.1713212026544444e-12,135.18684570475591,64.81315429524409,1.1268361788365804,0.4609223975471522,138181058.50791392,265.40469596727934,29.755924426789779,true
2,413,200,103.25,0.39139023618200114,6.1992099216600133e-12,2.9824214898285403e-12,0.4810970313181317,9.1816314114885539e-12,135.03504211469931,64.964957885300706,1.127133251051408,0.46137245523269516,138315982.40770465,265.73388262561497,29.645444092235703,true
2,414,200,103.5,0.39139023618200114,6.1992099216600133e-12,2.9927211111059826e-12,0.48275847227715707,9.1919310327659967e-12,134.88373443103552,65.116265568964479,1.1274293528016346,0.4618202527786594,138450228.73469564,266.06167480315662,29.535103070919309,true
2,415,200,103.75,0.39139023618200114,6.1992099216600133e-12,3.0030099487368141e-12,0.48441817371667156,9.2022198703968278e-12,134.73292333739215,65.267076662607835,1.1277244827494344,0.4622657985700836,138583800.00265825,266.38807532377336,29.424900868027105,true
2,416,200,104,0.39139023618200114,6.1992099216600133e-12,3.0132878068363997e-12,0.4860761040383525,9.212497728496413e-12,134.58260950196831,65.417390498031708,1.1280186395871741,0.46270910095945877,138716698.7156063,266.71308701026595,29.31483698852103,true
2,417,200,104.25,0.39139023618200114,6.1992099216600133e-12,3.0235544897291336e-12,0.48773223167759605,9.2227644113891472e-12,134.43279357769649,65.567206422303499,1.1283118220370969,0.46315016826664251,138848927.36777034,267.03671268422681,29.204910937151617,true
2,418,200,104.5,0.39139023618200114,6.1992099216600133e-12,3.033809801952174e-12,0.4893865251041194,9.2330197236121872e-12,134.28347620240388,65.716523797596125,1.1286040288510062,0.46358900877878045,138980488.44357416,267.35895516590148,29.095122218471101,true
2,419,200,104.75,0.39139023618200114,6.1992099216600133e-12,3.0440535482591578e-12,0.4910389528225601,9.2432634699191719e-12,134.13465799897239,65.865342001027628,1.1288952588099523,0.46402563075022724,139111384.417611,267.67981727405129,28.985470336846223,true
2,420,200,105,0.39139023618200114,6.1992099216600133e-12,3.0542855336239231e-12,0.49268948337307666,9.2534954552839364e-12,133.98633957549816,66.013660424501822,1.129185510723921,0.46446004240247341,139241617.75462171,267.99930182581767,28.875954796470914,true
2,421,200,105.25,0.39139023618200114,6.1992099216600133e-12,3.0645055632442163e-12,0.4943380853319464,9.2637154849042299e-12,133.83852152545037,66.161478474549625,1.1294747834315217,0.46489225192407435,139371190.90947348,268.31741163658768,28.766575101378937,true
2,422,200,105.5,0.39139023618200114,6.1992099216600133e-12,3.0747134425454062e-12,0.49598472731216448,9.2739233642054203e-12,133.69120442782861,66.308795572171391,1.129763075799681,0.46532226747058264,139500106.32713941,268.63414951986118,28.657330755456105,true
2,423,200,105.75,0.39139023618200114,6.1992099216600133e-12,3.0849089771841844e-12,0.49762937796404111,9.2841188988441981e-12,133.54438884732008,66.455611152679921,1.1300503867233331,0.46575009716448373,139628366.44267941,268.94951828711908,28.548221262452554,true
2,424,200,106,0.39139023618200114,6.1992099216600133e-12,3.0950919730522686e-12,0.49927200597579868,9.2943018947122814e-12,133.39807533445563,66.601924665544374,1.1303367151251162,0.46617574909513443,139755973.68122163,269.26352074769352,28.439246125994774,true
2,425,200,106.25,0.39139023618200114,6.1992099216600133e-12,3.1052622362800953e-12,0.5009125800741675,9.3044721579401078e-12,133.25226442576491,66.747735574235108,1.1306220599550683,0.46659923131870429,139882930.45794493,269.57615970863873,28.330404849597461,true
2,426,200,106.5,0.39139023618200114,6.1992099216600133e-12,3.1154195732405136e-12,0.50255106902498181,9.3146294949005268e-12,133.10695664393072,66.893043356069285,1.1309064201903241,0.46702055185812086,140009239.17806253,269.88743797460393,28.22169693667524,true
2,427,200,106.75,0.39139023618200114,6.1992099216600133e-12,3.1255637905524681e-12,0.5041874416337736,9.324773712212481e-12,132.96215249794261,67.037847502057375,1.131189794834816,0.46743971870301659,140134902.23680592,270.19735834770711,28.113121890554211,true
2,428,200,107,0.39139023618200114,6.1992099216600133e-12,3.135694695084685e-12,0.5058216667463673,9.3349046167446987e-12,132.81785248324957,67.182147516750433,1.1314721829189749,0.46785673980967957,140259922.01941028,270.5059236274106,28.004679214483335,true
2,429,200,107.25,0.39139023618200114,6.1992099216600133e-12,3.1458120939593451e-12,0.50745371324947242,9.3450220156193583e-12,132.67405708191154,67.325942918088472,1.1317535834994328,0.46827162310100678,140384300.9011004,270.81313661039758,27.896368411645653,true
2,430,200,107.5,0.39139023618200114,6.1992099216600133e-12,3.1559157945557567e-12,0.50908355007127604,9.3551257162157703e-12,132.53076676275063,67.469233237249369,1.1320339956587278,0.46868437646646022,140508041.24707747,271.11900009045019,27.788188985169395,true
2,431,200,107.75,0.39139023618200114,6.1992099216600133e-12,3.1660056045140252e-12,0.51071114618203439,9.3652155261740381e-12,132.38798198150107,67.612018018498929,1.1323134185050101,0.46909500776202567,140631145.41250676,271.42351685832892,27.680140438138867,true
2,432,200,108,0.39139023618200114,6.1992099216600133e-12,3.176081331738714e-12,0.51233647059466392,9.3752912533987269e-12,132.24570318095829,67.754296819041699,1.1325918511717508,0.46950352481017404,140753615.74250606,271.7266897016533,27.572222273605242,true
2,433,200,108.25,0.39139023618200114,6.1992099216600133e-12,3.1861427844024994e-12,0.51395949236533034,9.3853527060625119e-12,132.10393079112742,67.896069208872575,1.1328692928174506,0.46990993539982617,140875454.57213509,272.0285214047841,27.464433994597147,true
2,434,200,108.5,0.39139023618200114,6.1992099216600133e-12,3.1961897709498267e-12,0.51558018059403876,9.3953996926098407e-12,131.96266522937049,68.037334770629514,1.1331457426253528,0.47031424728631854,140996664.22638527,272.32901474870641,27.356775104131138,true
2,435,200,108.75,0.39139023618200114,6.1992099216600133e-12,3.2062221001005542e-12,0.51719850442522164,9.4054320217605671e-12,131.82190690055313,68.178093099446883,1.1334211998031549,0.4707164681913738,141117247.02017078,272.62817251091434,27.249245105222023,true
2,436,200,109,0.39139023618200114,6.1992099216600133e-12,3.2162395808535963e-12,0.51881443304832586,9.4154495025136096e-12,131.68165619719019,68.318343802809792,1.1336956635827244,0.47111660580307196,141237205.25832,272.9259974652972,27.141843500892985,true
2,437,200,109.25,0.39139023618200114,6.1992099216600133e-12,3.2262420224905591e-12,0.52042793569839974,9.4254519441505728e-12,131.54191349959061,68.458086500409394,1.1339691332198154,0.47151466777582512,141356541.23556802,273.22249238202642,27.034569794185639,true
2,438,200,109.5,0.39139023618200114,6.1992099216600133e-12,3.2362292345793725e-12,0.52203898165667872,9.4354391562393853e-12,131.40267917600113,68.597320823998885,1.1342416079937871,0.47191066173035368,141475257.23654926,273.51766002744432,26.927423488169843,true
2,439,200,109.75,0.39139023618200114,6.1992099216600133e-12,3.2462010269779135e-12,0.52364754025116989,9.4454109486379267e-12,131.26395358274948,68.736046417250506,1.1345130872073232,0.47230459525366653,141593355.53579181,273.81150316395349,26.820404085953495,true
2,440,200,110,0.39139023618200114,6.1992099216600133e-12,3.2561572098376301e-12,0.52525358085723639,9.4553671314976433e-12,131.12573706438653,68.874262935613473,1.1347835701861551,0.47269647589904185,141710838.39771152,274.10402454990844,26.713511090692009,true
2,441,200,110.25,0.39139023618200114,6.1992099216600133e-12,3.2660975936071518e-12,0.52685707289818029,9.4653075152671655e-12,130.98802995382738,69.011970046172635,1.1350530562787835,0.47308631118601113,141827708.07660717,274.39522693950721,26.606744005597832,true
2,442,200,110.5,0.39139023618200114,6.1992099216600133e-12,3.2760219890358995e-12,0.52845798584582404,9.4752319106959135e-12,130.85083257249181,69.149167427508175,1.1353215448562057,0.47347410860034572,141943966.81665659,274.68511308268535,26.50010233394967,true
2,443,200,110.75,0.39139023618200114,6.1992099216600133e-12,3.2859302071776922e-12,0.53005628922109349,9.4851401288377054e-12,130.71414523044382,69.285854769556167,1.135589035311642,0.4738598755940448,142059616.85191289,274.97368572501045,26.393585579101675,true
2,444,200,111,0.39139023618200114,6.1992099216600133e-12,3.2958220593943362e-12,0.53165195259459563,9.4950319810543499e-12,130.57796822653017,69.422031773469826,1.1358555270602637,0.47424361958532574,142174660.40630174,275.2609476075782,26.287193244492443,true
2,445,200,111.25,0.39139023618200114,6.1992099216600133e-12,3.3056973573592256e-12,0.53324494558720026,9.5049072790192393e-12,130.4423018485179,69.557698151482086,1.1361210195389246,0.47462534795861772,142289099.69361928,275.54690146690956,26.180924833653854,true
2,446,200,111.5,0.39139023618200114,6.1992099216600133e-12,3.3155559130609215e-12,0.53483523787061693,9.5147658347209347e-12,130.30714637323146,69.692853626768539,1.1363855122058928,0.47500506806455606,142402936.91753057,275.83155003484922,26.074779850219837,true
2,447,200,111.75,0.39139023618200114,6.1992099216600133e-12,3.3253975388067347e-12,0.53642279916797297,9.5246074604667479e-12,130.17250206668831,69.82749793331169,1.1366490045405853,0.47538278721997851,142516174.27156836,276.11489603846496,25.968757797934931,true
2,448,200,112,0.39139023618200114,6.1992099216600133e-12,3.3352220472262974e-12,0.53800759925438979,9.5344319688863098e-12,130.03836918423417,69.961630815765844,1.1369114960433029,0.47575851270792557,142628813.93913326,276.39694219994885,25.862858180662776,true
2,449,200,112.25,0.39139023618200114,6.1992099216600133e-12,3.3450292512751299e-12,0.53958960795755795,9.5442391729351428e-12,129.90474797067702,70.095252029322978,1.137172986234968,0.47613225177764051,142740858.09349373,276.67769123651868,25.757080502394412,true
2,450,200,112.5,0.39139023618200114,6.1992099216600133e-12,3.3548189642382052e-12,0.54116879515831229,9.5540288858982181e-12,129.77163866042042,70.228361339579592,1.1374334746568648,0.47650401164457235,142852308.89778697,276.95714586032159,25.65142426725647,true
2,451,200,112.75,0.39139023618200114,6.1992099216600133e-12,3.3645909997334997e-12,0.54274513079120501,9.5638009213935134e-12,129.63904147759581,70.360958522404189,1.1376929608703787,0.476873799490381,142963168.50502047,277.23530877833815,25.545888979519237,true
2,452,200,113,0.39139023618200114,6.1992099216600133e-12,3.3743451717155442e-12,0.54431858484507778,9.5735550933755574e-12,129.50695663619402,70.493043363805981,1.1379514444567405,0.47724162246294405,143073439.058074,277.51218269228764,25.440474143604561,true
2,453,200,113.25,0.39139023618200114,6.1992099216600133e-12,3.3840812944789622e-12,0.54588912736363326,9.5832912161389763e-12,129.37538434019584,70.624615659804164,1.1382089250167691,0.47760748767636513,143183122.68970221,277.78777029853501,25.335179264093696,true
2,454,200,113.5,0.39139023618200114,6.1992099216600133e-12,3.3937991826620135e-12,0.54745672844600624,9.5930091043220264e-12,129.24432478370164,70.755675216298371,1.13846540217062,0.47797140221098455,143292221.52253771,278.06207428799814,25.230003845734906,true
2,455,200,113.75,0.39139023618200114,6.1992099216600133e-12,3.4034986512501129e-12,0.54902135824733134,9.6027085729101265e-12,129.11377815106027,70.886221848939712,1.1387208755575311,0.47833337311339114,143400737.66909465,278.33509734605724,25.124947393451052,true
2,456,200,114,0.39139023618200114,6.1992099216600133e-12,3.4131795155793619e-12,0.55058298697931285,9.6123894372393748e-12,128.98374461699694,71.016255383003042,1.1389753448355744,0.47869340739643657,143508673.23177311,278.60684215246431,25.020009412346973,true
2,457,200,114.25,0.39139023618200114,6.1992099216600133e-12,3.4228415913400568e-12,0.55214158491079046,9.6220515130000705e-12,128.85422434674027,71.145775653259733,1.1392288096814049,0.47905151203925117,143616030.30286369,278.87731138125451,24.915189407716809,true
2,458,200,114.5,0.39139023618200114,6.1992099216600133e-12,3.4324846945802034e-12,0.55369712236830637,9.6316946162402171e-12,128.72521749614833,71.274782503851682,1.1394812697900163,0.47940769398726041,143722810.96455261,279.14650770065822,24.81048688505113,true
2,459,200,114.75,0.39139023618200114,6.1992099216600133e-12,3.4421086417090166e-12,0.55524956973666972,9.6413185633690307e-12,128.59672421183399,71.403275788165999,1.1397327248744942,0.47976196015220496,143829017.28892758,279.41443377301442,24.705901350043973,true
2,460,200,115,0.39139023618200114,6.1992099216600133e-12,3.4517132495004135e-12,0.55679889745952016,9.6509231711604272e-12,128.46874463128941,71.531255368710589,1.1399831746657734,0.48011431741216082,143934651.33798388,279.68109225468493,24.601432308599819,true
2,461,200,115.25,0.39139023618200114,6.1992099216600133e-12,3.4612983350965097e-12,0.55834507603989147,9.6605082567565225e-12,128.34127888300927,71.658721116990733,1.1402326189123957,0.48046477261156129,144039715.16363105,279.94648579596981,24.497079266840284,true
2,462,200,115.5,0.39139023618200114,6.1992099216600133e-12,3.4708637160110894e-12,0.55988807604077195,9.6700736376711019e-12,128.21432708661365,71.78567291338635,1.1404810573802708,0.48081333256122089,144144210.80769986,280.21061704102391,24.392841731110916,true
2,463,200,115.75,0.39139023618200114,6.1992099216600133e-12,3.4804092101330906e-12,0.56142786808566614,9.6796191317931043e-12,128.0878893529696,71.912110647030403,1.140728489852437,0.48116000403836112,144248140.30195022,280.47348862777443,24.288719207987633,true
2,464,200,116,0.39139023618200114,6.1992099216600133e-12,3.489934635730063e-12,0.56296442285915271,9.6891445573900767e-12,127.9619657843121,72.038034215687901,1.1409749161288258,0.48150479378663608,144351505.66807875,280.73510318783951,24.18471120428325,true
2,465,200,116.25,0.39139023618200114,6.1992099216600133e-12,3.4994398114516336e-12,0.56449771110744384,9.6986497331116476e-12,127.83655647436403,72.163443525635969,1.1412203360260258,0.48184770851616199,144454308.91772774,280.99546334644765,24.080817227053792,true
2,466,200,116.5,0.39139023618200114,6.1992099216600133e-12,3.50892455633296e-12,0.5660277036389415,9.7081344779929732e-12,127.71166150845526,72.288338491544735,1.1414647493770507,0.48218875490354551,144556552.05249345,281.25457172235866,23.977036783604632,true
2,467,200,116.75,0.39139023618200114,6.1992099216600133e-12,3.518388689798169e-12,0.56755437132479314,9.7175986114581831e-12,127.58728096364101,72.412719036358993,1.1417081560311071,0.48252793959191581,144658237.06393597,281.51243092778526,23.873369381496669,true
2,468,200,117,0.39139023618200114,6.1992099216600133e-12,3.5278320316638045e-12,0.56907768509944701,9.7270419533238169e-12,127.46341490881895,72.536585091181053,1.1419505558533658,0.48286526919095651,144759365.93358853,281.76904356831551,23.769814528552217,true
2,469,200,117.25,0.39139023618200114,6.1992099216600133e-12,3.5372544021422482e-12,0.5705976159612044,9.7364643238022622e-12,127.34006340484618,72.659936595153823,1.1421919487247325,0.48320075027693904,144859940.63296774,282.02441224283689,23.66637173286097,true
2,470,200,117.5,0.39139023618200114,6.1992099216600133e-12,3.5466556218451473e-12,0.57211413497277253,9.7458655435051602e-12,127.21722650465439,72.782773495345609,1.1424323345416221,0.48353438939275861,144959963.12358424,282.27853954346068,23.563040502785679,true
2,471,200,117.75,0.39139023618200114,6.1992099216600133e-12,3.5560355117868315e-12,0.57362721326181554,9.7552454334468451e-12,127.09490425336499,72.905095746635013,1.1426717132157345,0.48386619304796946,145059435.35695326,282.53142805544769,23.459820346967806,true
2,472,200,118,0.39139023618200114,6.1992099216600133e-12,3.5653938933877176e-12,0.57513682202150407,9.7646038150477308e-12,126.97309668840283,73.026903311597167,1.1429100846738309,0.48419616771882296,145158359.2746062,282.78308035713502,23.356710774333081,true
2,473,200,118.25,0.39139023618200114,6.1992099216600133e-12,3.5747305884777077e-12,0.57664293251106313,9.773940510137721e-12,126.85180383960946,73.14819616039054,1.1431474488575131,0.48452431984830635,145256736.80810195,283.03349901986365,23.253711294096927,true
2,474,200,118.5,0.39139023618200114,6.1992099216600133e-12,3.5840454192995878e-12,0.57814551605632003,9.7832553409596019e-12,126.73102572935518,73.268974270644819,1.1433838057230032,0.48485065584618248,145354569.87903911,283.28268660790678,23.150821415769737,true
2,475,200,118.75,0.39139023618200114,6.1992099216600133e-12,3.5933382085124049e-12,0.57964454405025012,9.7925481301724178e-12,126.61076237265046,73.389237627349544,1.1436191552409267,0.48517518208903132,145451860.39906827,283.53064567839976,23.048040649162118,true
2,476,200,119,0.39139023618200114,6.1992099216600133e-12,3.6026087791948492e-12,0.58113998795352118,9.8018187008548629e-12,126.49101377725648,73.508986222743516,1.1438534973960952,0.48549790492029166,145548610.26990452,283.77737878127016,22.94536850438999,true
2,477,200,119.25,0.39139023618200114,6.1992099216600133e-12,3.6118569548486171e-12,0.58263181929503693,9.8110668765086312e-12,126.37177994379479,73.628220056205208,1.1440868321872926,0.48581883065030484,145644821.38334063,284.02288845916922,22.842804491879576,true
2,478,200,119.5,0.39139023618200114,6.1992099216600133e-12,3.6210825594017736e-12,0.58412000967247879,9.8202924810617861e-12,126.25306086585609,73.746939134143915,1.1443191596270612,0.48613796555635941,145740495.62126032,284.26717724740467,22.740348122372307,true
2,479,200,119.75,0.39139023618200114,6.1992099216600133e-12,3.6302854172121095e-12,0.58560453075284769,9.8294953388721228e-12,126.13485653010821,73.865143469891791,1.1445504797414918,0.48645531588273599,145835634.85565186,284.51024767387327,22.637998906929603,true
2,480,200,120,0.39139023618200114,6.1992099216600133e-12,3.6394653530704748e-12,0.58708535427300146,9.8386752747304881e-12,126.01716691640337,73.982833083596631,1.1447807925700122,0.48677088784075456,145930240.94862214,284.75210225899531,22.535756356937586,true
2,481,200,120.25,0.39139023618200114,6.1992099216600133e-12,3.6486221922041268e-12,0.58856245204019564,9.8478321138641408e-12,125.89999199788424,74.100008002115757,1.1450100981651814,0.48708468760882129,146024315.75241068,284.99274351564981,22.433619984111626,true
2,482,200,120.5,0.39139023618200114,6.1992099216600133e-12,3.6577557602800443e-12,0.59003579593261735,9.8569656819400575e-12,125.7833317410897,74.216668258910303,1.1452383965924806,0.4873967213324778,146117861.10940456,285.23217394911006,22.331589300500895,true
2,483,200,120.75,0.39139023618200114,6.1992099216600133e-12,3.6668658834082576e-12,0.59150535789992265,9.8660758050682716e-12,125.66718610605925,74.332813893940752,1.1454656879301111,0.48770699512444993,146210878.85215285,285.47039605698075,22.229663818492714,true
2,484,200,121,0.39139023618200114,6.1992099216600133e-12,3.6759523881451561e-12,0.59297110996377034,9.8751623098051694e-12,125.5515550464369,74.448444953563097,1.1456919722687888,0.48801551506469892,146303370.80338213,285.70741232913565,22.127843050816843,true
2,485,200,121.25,0.39139023618200114,6.1992099216600133e-12,3.6850151014967853e-12,0.59443302421835376,9.8842250231567986e-12,125.43643850957423,74.563561490425769,1.1459172497115446,0.48832228720047199,146395338.77601144,285.94322524765585,22.026126510549712,true
2,486,200,121.5,0.39139023618200114,6.1992099216600133e-12,3.6940538509221487e-12,0.5958910728309329,9.8932637725821627e-12,125.32183643663242,74.678163563367576,1.1461415203735228,0.4886273175463553,146486784.5731684,286.17783728676994,21.924513711118475,true
2,487,200,121.75,0.39139023618200114,6.1992099216600133e-12,3.703068464336485e-12,0.59734522804236379,9.9022783859964974e-12,125.20774876268371,74.792251237316293,1.1463647843817839,0.48893061208432664,146577709.98820478,286.41125091279332,21.823004166305068,true
2,488,200,122,0.39139023618200114,6.1992099216600133e-12,3.7120587701145481e-12,0.59879546216762725,9.9112686917745613e-12,125.09417541681188,74.905824583188121,1.1465870418751076,0.48923217676380909,146668116.8047128,286.64346858406992,21.7215973902501,true
2,489,200,122.25,0.39139023618200114,6.1992099216600133e-12,3.7210245970938783e-12,0.6002417475963564,9.9202345187538916e-12,124.98111632221197,75.018883677788025,1.1468082930037977,0.48953201750172637,146758006.79654157,286.87449275091404,21.620292897456629,true
2,490,200,122.5,0.39139023618200114,6.1992099216600133e-12,3.7299657745780515e-12,0.60168405679336123,9.929175696238064e-12,124.86857139628923,75.131428603710773,1.1470285379294876,0.48983014018255838,146847381.72781375,287.1043258555531,21.519090202793965,true
2,491,200,122.75,0.39139023618200114,6.1992099216600133e-12,3.738882132339937e-12,0.60312236229915339,9.9380920539999503e-12,124.75654055075719,75.243459449242806,1.1472477768249498,0.49012655065839644,146936243.3529422,287.33297033207123,21.417988821501247,true
2,492,200,123,0.39139023618200114,6.1992099216600133e-12,3.7477735006249365e-12,0.60455663673046978,9.9469834222849489e-12,124.64502369173498,75.354976308265023,1.1474660098739047,0.49042125474900228,147024593.41664755,287.56042860635375,21.31698826919099,true
2,493,200,123.25,0.39139023618200114,6.1992099216600133e-12,3.756639710154213e-12,0.60598685278079223,9.9558496318142263e-12,124.53402071984385,75.465979280156148,1.1476832372708317,0.49071425824186377,147112433.6539751,287.78670309603206,21.216088061852584,true
2,494,200,123.5,0.39139023618200114,6.1992099216600133e-12,3.7654805921279198e-12,0.60741298322086923,9.9646905137879331e-12,124.42353153030285,75.576468469697147,1.1478994592207816,0.49100556689225522,147199765.79031262,288.01179621043013,21.115287715855583,true
2,495,200,123.75,0.39139023618200114,6.1992099216600133e-12,3.7742959782284062e-12,0.6088350008992327,9.9735058998884195e-12,124.31355601302383,75.686443986976172,1.148114675939192,0.49129518642329528,147286591.54140791,288.23571035051094,21.014586747953075,true
2,496,200,124,0.39139023618200114,6.1992099216600133e-12,3.7830857006234273e-12,0.61025287874271561,9.9822956222834406e-12,124.20409405270549,75.795905947294514,1.1483288876517017,0.49158312252600755,147372912.61338696,288.45844790882398,20.913984675284819,true
2,497,200,124.25,0.39139023618200114,6.1992099216600133e-12,3.7918495919693417e-12,0.61166658975696808,9.9910595136293549e-12,124.09514552892672,75.904854471073278,1.1485420945939691,0.49186938085938087,147458730.70277193,288.6800112694541,20.813481015380308,true
2,498,200,124.5,0.39139023618200114,6.1992099216600133e-12,3.8005874854142877e-12,0.61307610702696991,9.999797407074301e-12,123.98671031623935,76.013289683760647,1.1487542970114897,0.49215396705043024,147544047.49649948,288.90040280796984,20.713075286161896,true
2,499,200,124.75,0.39139023618200114,6.1992099216600133e-12,3.8092992146013723e-12,0.61448140371754423,1.0008509136261386e-11,123.87878828425967,76.12121171574033,1.1489654951594186,0.49243688669425922,147628864.67193946,289.11962489137397,20.612767005947624,true
2,500,200,125,0.39139023618200114,6.1992099216600133e-12,3.817984613671827e-12,0.61588245307386746,1.0017194535331841e-11,123.77137929775968,76.22862070224032,1.1491756893023901,0.49271814535412151,147713183.89691338,289.33767987805345,20.51255569345415,true
2,501,200,125.25,0.39139023618200114,6.1992099216600133e-12,3.8266435172681747e-12,0.6172792284219798,1.0025853438928188e-11,123.66448321675723,76.335516783242767,1.1493848797143424,0.49299774856148459,147797006.82971343,289.55457011773149,20.412440867799479,true
2,502,200,125.5,0.39139023618200114,6.1992099216600133e-12,3.8352757605373736e-12,0.61867170316929199,1.0034485682197388e-11,123.55809989660554,76.44190010339446,1.1495930666783425,0.49327570181609254,147880335.11912143,289.77029795141891,20.312422048505645,true
2,503,200,125.75,0.39139023618200114,6.1992099216600133e-12,3.8438811791339517e-12,0.62005985080509163,1.0043091100793965e-11,123.45222918808193,76.54777081191807,1.1498002504864115,0.49355201058603049,147963170.40442809,289.98486571136743,20.212498755501347,true
2,504,200,126,0.39139023618200114,6.1992099216600133e-12,3.8524596092231459e-12,0.62144364490104909,1.0051669530883159e-11,123.34687093747577,76.653129062524229,1.1500064314393539,0.49382668030778903,148045514.31545228,290.19827572102287,20.112670509124428,true
2,505,200,126.25,0.39139023618200114,6.1992099216600133e-12,3.861010887484013e-12,0.62282305911171953,1.0060220809144026e-11,123.24202498667567,76.757975013324327,1.1502116098465858,0.4940997163863291,148127368.47256047,290.41053029497954,20.012936830124371,true
2,506,200,126.5,0.39139023618200114,6.1992099216600133e-12,3.8695348511125401e-12,0.62419806717504467,1.0068744772772553e-11,123.13769117325603,76.86230882674397,1.1504157860259663,0.49437112419514762,148208734.48668659,290.62163173893481,19.91329723966464,true
2,507,200,126.75,0.39139023618200114,6.1992099216600133e-12,3.8780313378247469e-12,0.62556864291285275,1.0077241259484761e-11,123.03386933056267,76.966130669437334,1.1506189603036292,0.49464090907634334,148289613.95935148,290.83158234964543,19.81375125932496,true
2,508,200,127,0.39139023618200114,6.1992099216600133e-12,3.8865001858597745e-12,0.62693476023135775,1.0085710107519789e-11,122.93055928779779,77.069440712202208,1.1508211330138178,0.49490907634068332,148370008.48268309,291.04038441488302,19.714298411103542,true
2,509,200,127.25,0.39139023618200114,6.1992099216600133e-12,3.8949412339829624e-12,0.62829639312165475,1.0094151155642976e-11,122.82776087010433,77.172239129895672,1.1510223044987187,0.49517563126766995,148449919.63943642,291.2480402133915,19.614938217419247,true
2,510,200,127.5,0.39139023618200114,6.1992099216600133e-12,3.9033543214889244e-12,0.62965351566021677,1.0102564243148938e-11,122.7254738986493,77.274526101350702,1.1512224751082993,0.49544057910560746,148529349.00301349,291.45455201484458,19.515670201113561,true
2,511,200,127.75,0.39139023618200114,6.1992099216600133e-12,3.9117392882045992e-12,0.63100610200938645,1.0110949209864613e-11,122.6236981907067,77.376301809293295,1.1514216452001456,0.49570392507167071,148608298.13748398,291.65992207980406,19.416493885452699,true
2,512,200,128,0.39139023618200114,6.1992099216600133e-12,3.9200959744923081e-12,0.6323541264178697,1.0119305896152321e-11,122.52243355973947,77.477566440260532,1.1516198151393013,0.49596567435197209,148686768.59760526,291.86415265967906,19.317408794129395,true
2,513,200,128.25,0.39139023618200114,6.1992099216600133e-12,3.9284242212527906e-12,0.63369756322122484,1.0127634142912805e-11,122.42167981548081,77.578320184519185,1.1518169852981093,0.49622583210163046,148764761.92884311,292.06724599668502,19.218414451264859,true
2,514,200,128.5,0.39139023618200114,6.1992099216600133e-12,3.9367238699282314e-12,0.63503638684235142,1.0135933791588244e-11,122.32143676401483,77.678563235985166,1.1520131560560538,0.49648440344483974,148842279.66739216,292.2692043238045,19.119510381410464,true
2,515,200,128.75,0.39139023618200114,6.1992099216600133e-12,3.9449947625052875e-12,0.63637057179197831,1.0144204684165302e-11,122.2217042078564,77.778295792143595,1.1522083277996031,0.49674139347493806,148919323.34019685,292.47002986474791,19.020696109549437,true
2,516,200,129,0.39139023618200114,6.1992099216600133e-12,3.9532367415180811e-12,0.63770009266914618,1.0152446663178094e-11,122.12248194603033,77.877518053969666,1.1524025009220562,0.49699680725447681,148995894.46497184,292.66972483391498,18.921971161098554,true
2,517,200,129.25,0.39139023618200114,6.1992099216600133e-12,3.9614496500512158e-12,0.63902492416169476,1.0160659571711229e-11,122.02376977414981,77.976230225850188,1.152595675823388,0.49725064981529099,149071994.55022332,292.86829143635686,18.823335061909606,true
2,518,200,129.5,0.39139023618200114,6.1992099216600133e-12,3.9696333317427517e-12,0.64034504104674206,1.0168843253402764e-11,121.92556748449422,78.074432515505777,1.1527878529100977,0.497502926158568,149147625.09526959,293.06573186773875,18.724787338270968,true
2,519,200,129.75,0.39139023618200114,6.1992099216600133e-12,3.9777876307871846e-12,0.64166041819116515,1.0176997552447199e-11,121.82787486608619,78.172125133913809,1.1529790325950573,0.49775364125491911,149222787.59026241,293.26204831430374,18.626327516908965,true
2,520,200,130,0.39139023618200114,6.1992099216600133e-12,3.9859123919384154e-12,0.6429710305520796,1.0185122313598429e-11,121.73069170476791,78.269308295232094,1.1531692152973638,0.49800280004444897,149297483.51620787,293.45724295283628,18.527955124989202,true
2,521,200,130.25,0.39139023618200114,6.1992099216600133e-12,3.9940074605127042e-12,0.6442768531773152,1.0193217382172718e-11,121.63401778327682,78.365982216723182,1.1533584014421889,0.49825040743682719,149371714.3449879,293.65131795062666,18.429669690117905,true
2,522,200,130.5,0.39139023618200114,6.1992099216600133e-12,4.0020726823916117e-12,0.64557786120589122,1.0201282604051626e-11,121.53785288132072,78.462147118679283,1.153546591460634,0.49849646831135824,149445481.53938121,293.84427546543668,18.331470740343107,true
2,523,200,130.75,0.39139023618200114,6.1992099216600133e-12,4.0101079040249431e-12,0.64687402986849063,1.0209317825684956e-11,121.44219677565187,78.557803224348135,1.153733785789584,0.49874098751705348,149518786.55308479,294.03611764546486,18.233357804155762,true
2,524,200,131,0.39139023618200114,6.1992099216600133e-12,4.0181129724336574e-12,0.64816533448793012,1.0217322894093671e-11,121.34704924014081,78.652950759859195,1.1539199848715629,0.49898396987270216,149591630.83073533,294.22684662931283,18.135330410490912,true
2,525,200,131.25,0.39139023618200114,6.1992099216600133e-12,4.0260877352127925e-12,0.64945175047963111,1.0225297656872806e-11,121.25241004584922,78.747589954150783,1.1541051891545924,0.49922542016694277,149664015.80793053,294.41646454595241,18.037388088728608,true
2,526,200,131.5,0.39139023618200114,6.1992099216600133e-12,4.0340320405343605e-12,0.65073325335208765,1.0233241962194373e-11,121.15827896110218,78.841721038897816,1.1542893990920482,0.49946534315833552,149735942.91125089,294.60497351469269,17.939530368694946,true
2,527,200,131.75,0.39139023618200114,6.1992099216600133e-12,4.0419457371502388e-12,0.65200981870733199,1.0241155658810252e-11,121.06465575155988,78.935344248440117,1.1544726151425226,0.49970374357543307,149807413.5582808,294.79237564514818,17.841756780662941,true
2,528,200,132,0.39139023618200114,6.1992099216600133e-12,4.0498286743950527e-12,0.65328142224140018,1.0249038596055067e-11,120.97154018028847,79.028459819711529,1.1546548377696835,0.49994062611685347,149878429.1576305,294.97867303720744,17.744066855353299,true
2,529,200,132.25,0.39139023618200114,6.1992099216600133e-12,4.0576807021890379e-12,0.6545480397447937,1.0256890623849052e-11,120.87893200783041,79.121067992169586,1.1548360674421372,0.50017599545135205,149948991.10895765,295.16386778100161,17.646460123935295,true
2,530,200,132.5,0.39139023618200114,6.1992099216600133e-12,4.0655016710409074e-12,0.65580964710294154,1.0264711592700921e-11,120.78683099227408,79.213169007725924,1.1550163046332931,0.50040985621789369,150019100.80298895,295.3479619568746,17.54893611802736,true
2,531,200,132.75,0.39139023618200114,6.1992099216600133e-12,4.0732914320506843e-12,0.65706622029665773,1.0272501353710698e-11,120.6952368893229,79.304763110677101,1.1551955498212279,0.50064221302572487,150088759.62154168,295.53095763535288,17.451494369697855,true
2,532,200,133,0.39139023618200114,6.1992099216600133e-12,4.0810498369125476e-12,0.65831773540259975,1.0280259758572561e-11,120.60414945236342,79.395850547636584,1.1553738034885517,0.50087307045444707,150157968.93754587,295.71285687711605,17.354134411465559,true
2,533,200,133.25,0.39139023618200114,6.1992099216600133e-12,4.0887767379176551e-12,0.65956416859372458,1.0287986659577669e-11,120.51356843253326,79.486431567466738,1.1555510661222763,0.50110243305408808,150226730.11506552,295.89366173296827,17.256855776300235,true
2,534,200,133.5,0.39139023618200114,6.1992099216600133e-12,4.0964719879569472e-12,0.66080549613974049,1.0295681909616961e-11,120.42349357878808,79.576506421211917,1.1557273382136832,0.50133030534517575,150295044.50932077,296.0733742438095,17.159657997623125,true
2,535,200,133.75,0.39139023618200114,6.1992099216600133e-12,4.1041354405239572e-12,0.66204169440756078,1.030334536218397e-11,120.33392463796797,79.666075362032032,1.1559026202581941,0.50155669181881035,150362913.46670964,296.25199644060791,17.062540609307316,true
2,536,200,134,0.39139023618200114,6.1992099216600133e-12,4.1117669497175944e-12,0.66327273986175206,1.0310976871377608e-11,120.24486135486332,79.755138645136682,1.1560769127552415,0.50178159693673718,150430338.3248297,296.42953034437255,16.965503145678149,true
2,537,200,134.25,0.39139023618200114,6.1992099216600133e-12,4.1193663702449235e-12,0.66449860906498337,1.0318576291904938e-11,120.15630347227994,79.843696527720056,1.1562502162081418,0.50200502513141965,150497320.41250008,296.60597796612615,16.868545141513486,true
2,538,200,134.5,0.39139023618200114,6.1992099216600133e-12,4.1269335574239332e-12,0.66571927867847236,1.0326143479083946e-11,120.06825073110369,79.931749268896311,1.1564225311239691,0.50222698080611172,150563861.04978305,296.78134130687926,16.771666132043947,true
2,539,200,134.75,0.39139023618200114,6.1992099216600133e-12,4.1344683671862869e-12,0.66693472546242893,1.03336782888463e-11,119.98070287036431,80.019297129635689,1.1565938580134292,0.50244746833493126,150629961.54800621,296.95562235760389,16.674865652953152,true
2,540,200,135,0.39139023618200114,6.1992099216600133e-12,4.1419706560800674e-12,0.66814492627649846,1.0341180577740082e-11,119.89365962729883,80.106340372701169,1.1567641973907363,0.50266649206293279,150695623.20978412,297.12882309920815,16.578143240377795,true
2,541,200,135.25,0.39139023618200114,6.1992099216600133e-12,4.1494402812725097e-12,0.66934985808020198,1.0348650202932523e-11,119.80712073741419,80.192879262585805,1.1569335497734907,0.50288405630618016,150760847.32904014,297.30094550251147,16.481498430907752,true
2,542,200,135.5,0.39139023618200114,6.1992099216600133e-12,4.1568771005527161e-12,0.67054949793337459,1.035608702221273e-11,119.72108593454948,80.278914065450522,1.1571019156825564,0.50310016535181923,150825635.19102833,297.47199152821986,16.384930761586137,true
2,543,200,135.75,0.39139023618200114,6.1992099216600133e-12,4.1642809723343687e-12,0.67174382299660296,1.0363490893994382e-11,119.63555495093725,80.364445049062752,1.1572692956419406,0.50331482345815193,150889988.07235542,297.64196312690194,16.288439769909214,true
2,544,200,136,0.39139023618200114,6.1992099216600133e-12,4.1716517556584208e-12,0.67293281053165943,1.0370861677318435e-11,119.55052751726464,80.449472482735359,1.157435690178676,0.50352803485470721,150953907.24100235,297.81086223896551,16.192024993826379,true
2,545,200,136.25,0.39139023618200114,6.1992099216600133e-12,4.1789893101957807e-12,0.67411643790193487,1.0378199231855793e-11,119.4660033627335,80.533996637266497,1.1576010998227011,0.50373980374231542,151017393.95634633,297.97869079463379,16.095685971740025,true
2,546,200,136.5,0.39139023618200114,6.1992099216600133e-12,4.1862934962499904e-12,0.67529468257287084,1.0385503417910003e-11,119.38198221512025,80.618017784879754,1.1577655251067442,0.50395013429318025,151080449.46918261,298.14545071392325,15.999422242505309,true
2,547,200,136.75,0.39139023618200114,6.1992099216600133e-12,4.1935641747598734e-12,0.67646752211238692,1.0392774096419886e-11,119.29846380083491,80.701536199165091,1.1579289665662076,0.50415903065095147,151143075.02174607,298.31114390662128,15.90323334543001,true
2,548,200,137,0.39139023618200114,6.1992099216600133e-12,4.2008012073021924e-12,0.67763493419130894,1.0400011128962205e-11,119.21544784497972,80.784552155020279,1.1580914247390528,0.50436649693079783,151205271.84773335,298.47577227226384,15.807118820274161,true
2,549,200,137.25,0.39139023618200114,6.1992099216600133e-12,4.2080044560942806e-12,0.67879689658379383,1.0407214377754293e-11,119.13293407140712,80.867065928592879,1.1582529001656872,0.50457253721947914,151267041.17232415,298.63933770011431,15.711078207249793,true
2,550,200,137.5,0.39139023618200114,6.1992099216600133e-12,4.2151737839966622e-12,0.67995338716775222,1.0414383705656675e-11,119.05092220277713,80.94907779722287,1.1584133933888512,0.50477715557541925,151328384.21220335,298.80184206914254,15.615111047020527,true
2,551,200,137.75,0.39139023618200114,6.1992099216600133e-12,4.2223090545156705e-12,0.68110438392527095,1.0421518976175684e-11,118.96941196061414,81.030588039385862,1.1585729049535083,0.50498035602877811,151389302.1755825,298.96328724800384,15.519216880701128,true
2,552,200,138,0.39139023618200114,6.1992099216600133e-12,4.229410131806038e-12,0.68224986494303042,1.0428620053466051e-11,118.88840306536332,81.11159693463668,1.1587314354067337,0.50518214258152372,151449796.26222146,299.12367509501905,15.423395249857105,true
2,553,200,138.25,0.39139023618200114,6.1992099216600133e-12,4.2364768806734904e-12,0.68338980841272334,1.0435686802333504e-11,118.80789523644616,81.192104763553843,1.1588889852976056,0.5053825192075051,151509867.66345015,299.28300745815443,15.327645696504087,true
2,554,200,138.5,0.39139023618200114,6.1992099216600133e-12,4.2435091665773161e-12,0.68452419263146957,1.0442719088237329e-11,118.7278881923157,81.272111807684297,1.1590455551770977,0.50558148985252338,151569517.56219006,299.44128617500257,15.231967763107351,true
2,555,200,138.75,0.39139023618200114,6.1992099216600133e-12,4.2505068556329271e-12,0.68565299600222829,1.044971677729294e-11,118.64838165051118,81.351618349488817,1.1592011455979723,0.50577905843440396,151628747.13297561,299.59851307276267,15.136360992581185,true
2,556,200,139,0.39139023618200114,6.1992099216600133e-12,4.2574698146144113e-12,0.68677619703421078,1.0456679736274424e-11,118.56937532771198,81.430624672288019,1.1593557571146735,0.50597522884306878,151687557.54197609,299.75468996822275,15.040824928288172,true
2,557,200,139.25,0.39139023618200114,6.1992099216600133e-12,4.2643979109570669e-12,0.68789377434328824,1.0463607832617079e-11,118.49086893979116,81.509131060208844,1.1595093902832241,0.50617000494060738,151745949.94701684,299.90981866774041,14.945359114038592,true
2,558,200,139.5,0.39139023618200114,6.1992099216600133e-12,4.2712910127599248e-12,0.68900570665239969,1.0470500934419937e-11,118.41286220186841,81.587137798131593,1.1596620456611211,0.50636339056134827,151803925.49760059,300.06390096722521,14.849963094089597,true
2,559,200,139.75,0.39139023618200114,6.1992099216600133e-12,4.2781489887882653e-12,0.69011197279195702,1.0477358910448279e-11,118.33535482836251,81.664645171637488,1.1598137238072326,0.50655538951193102,151861485.33492923,300.21693865212148,14.754636413144445,true
2,560,200,140,0.39139023618200114,6.1992099216600133e-12,4.2849717084761087e-12,0.69121255170024742,1.0484181630136121e-11,118.25834653304314,81.741653466956862,1.1599644252816976,0.50674600557137617,151918630.59192455,300.36893349739046,14.659378616351677,true
2,561,200,140.25,0.39139023618200114,6.1992099216600133e-12,4.2917590419287074e-12,0.69230742242383492,1.0490968963588721e-11,118.1818370290823,81.818162970917697,1.1601141506458248,0.50693524249115707,151975362.39325002,300.51988726749386,14.564189249304222,true
2,562,200,140.5,0.39139023618200114,6.1992099216600133e-12,4.2985108599250151e-12,0.69339656411795902,1.0497720781585029e-11,118.10582602910512,81.894173970894883,1.1602629004619922,0.50712310399527083,152031681.85533187,300.66980171637715,14.469067858038516,true
2,563,200,140.75,0.39139023618200114,6.1992099216600133e-12,4.3052270339201511e-12,0.69447995604693202,1.0504436955580164e-11,118.03031324524005,81.969686754759948,1.1604106752935508,0.50730959378030793,152087590.08638003,300.81867858745329,14.374013989033498,true
2,564,200,141,0.39139023618200114,6.1992099216600133e-12,4.3119074360478429e-12,0.69555757758453329,1.0511117357707856e-11,117.95529838916889,82.044701610831112,1.160557475704725,0.5074947155155235,152143088.18640953,300.96651961358708,14.279027189209627,true
2,565,200,141.25,0.39139023618200114,6.1992099216600133e-12,4.3185519391228637e-12,0.69662940821440189,1.0517761860782876e-11,117.88078117217577,82.119218827824227,1.1607033022605178,0.50767847284290712,152198177.24726138,301.11332651707949,14.184107005927871,true
2,566,200,141.5,0.39139023618200114,6.1992099216600133e-12,4.3251604166434539e-12,0.69769542753042801,1.0524370338303466e-11,117.8067613051961,82.193238694803895,1.1608481555266144,0.50786086937725272,152252858.35262352,301.2591010096528,14.089252986988548,true
2,567,200,141.75,0.39139023618200114,6.1992099216600133e-12,4.3317327427937258e-12,0.69875561523714014,1.0530942664453738e-11,117.73323849886478,82.266761501135221,1.1609920360692882,0.50804190870622867,152307132.57805189,301.40384479243505,13.994464680630305,true
2,568,200,142,0.39139023618200114,6.1992099216600133e-12,4.3382687924460634e-12,0.69980995115009259,1.0537478714106077e-11,117.66021246356387,82.339787536436134,1.1611349444553076,0.50822159439044678,152361000.99099106,301.54755955594629,13.899741635528894,true
2,569,200,142.25,0.39139023618200114,6.1992099216600133e-12,4.3447684411635044e-12,0.7008584151962497,1.0543978362823517e-11,117.58768290946982,82.412317090530181,1.1612768812518428,0.50839992996353256,152414464.65079528,301.69024698008383,13.805083400795956,true
2,570,200,142.5,0.39139023618200114,6.1992099216600133e-12,4.3512315652021045e-12,0.70190098741436713,1.0550441486862118e-11,117.51564954660043,82.484350453399571,1.161417847026375,0.50857691893219303,152467524.60874888,301.83190873410865,13.710489525977854,true
2,571,200,142.75,0.39139023618200114,6.1992099216600133e-12,4.3576580415132993e-12,0.70293764795537261,1.0556867963173313e-11,117.44411208486081,82.555887915139195,1.1615578423466058,0.5087525647762865,152520181.90808716,301.97254647663129,13.615959561054323,true
2,572,200,143,0.39139023618200114,6.1992099216600133e-12,4.3640477477462435e-12,0.70396837708274396,1.0563257669406257e-11,117.37307023408927,82.626929765910731,1.1616968677803672,0.50892687094889111,152572437.58401686,302.11216185559942,13.521493056437198,true
2,573,200,143.25,0.39139023618200114,6.1992099216600133e-12,4.3704005622501413e-12,0.7049931551728843,1.0569610483910155e-11,117.30252370410264,82.69747629589736,1.1618349238955334,0.50909984087637261,152624292.66373661,302.25075650828381,13.427089562969082,true
2,574,200,143.5,0.39139023618200114,6.1992099216600133e-12,4.3767163640765597e-12,0.7060119627154956,1.0575926285736574e-11,117.23247220474103,82.767527795258971,1.1619720112599339,0.5092714779584524,152675748.16645727,302.38833206126634,13.332748631921893,true
2,575,200,143.75,0.39139023618200114,6.1992099216600133e-12,4.3829950329817393e-12,0.70702478031395144,1.0582204954641752e-11,117.16291544591199,82.837084554088008,1.1621081304412646,0.50944178556827657,152726805.10342255,302.52489013042731,13.238469814995495,true
2,576,200,144,0.39139023618200114,6.1992099216600133e-12,4.3892364494288721e-12,0.7080315886856644,1.0588446371088885e-11,117.09385313763465,82.906146862365347,1.1622432820070041,0.50961076705248176,152777464.47792894,302.66043232093324,13.144252664316255,true
2,577,200,144.25,0.39139023618200114,6.1992099216600133e-12,4.395440494590387e-12,0.70903236866245434,1.0594650416250401e-11,117.02528499008282,82.974715009917176,1.1623774665243285,0.50977842573126331,152827727.28534588,302.79496022722515,13.050096732435463,true
2,578,200,144.5,0.39139023618200114,6.1992099216600133e-12,4.401607050350207e-12,0.71002710119091317,1.060081697201022e-11,116.95721071362794,83.042789286372056,1.1625106845600266,0.50994476489844243,152877594.51313618,302.92847543300667,12.956001572327908,true
2,579,200,144.75,0.39139023618200114,6.1992099216600133e-12,4.4077359993059988e-12,0.71101576733276728,1.0606945920966011e-11,116.8896300188816,83.110369981118396,1.1626429366804172,0.51010978782153249,152927067.1408757,303.06097951123326,12.861966737390242,true
2,580,200,145,0.39139023618200114,6.1992099216600133e-12,4.413827224771409e-12,0.71199834826523867,1.0613037146431423e-11,116.82254261673748,83.177457383262521,1.1627742234512672,0.51027349774180508,152976146.14027318,303.19247402410042,12.767991781439422,true
2,581,200,145.25,0.39139023618200114,6.1992099216600133e-12,4.4198806107782844e-12,0.71297482528140244,1.0619090532438298e-11,116.75594821841273,83.244051781587274,1.1629045454377109,0.51043589787435728,153024832.47519055,303.32296052303349,12.674076258711075,true
2,582,200,145.5,0.39139023618200114,6.1992099216600133e-12,4.4258960420788834e-12,0.71394517979054417,1.0625105963738897e-11,116.68984653548917,83.310153464510833,1.1630339032041683,0.51059699140817627,153073127.10166204,303.45244054867686,12.580219723857791,true
2,583,200,145.75,0.39139023618200114,6.1992099216600133e-12,4.4318734041480629e-12,0.71490939331851244,1.0631083325808075e-11,116.6242372799539,83.375762720046097,1.1631622973142666,0.51075678150620529,153121030.96791422,303.58091563088368,12.486421731947496,true
2,584,200,146,0.39139023618200114,6.1992099216600133e-12,4.4378125831854671e-12,0.71586744750807174,1.063702250484548e-11,116.55912016423936,83.44087983576064,1.1632897283307617,0.5109152713054087,153168545.01438534,303.70838728870586,12.392681838461675,true
2,585,200,146.25,0.39139023618200114,6.1992099216600133e-12,4.4437134661176872e-12,0.7168193241192512,1.0642923387777701e-11,116.49449490126307,83.505505098736933,1.1634161968154597,0.51107246391683736,153215670.17374498,303.83485703038423,12.298999599293632,true
2,586,200,146.5,0.39139023618200114,6.1992099216600133e-12,4.4495759406004169e-12,0.7177650050296922,1.0648785862260431e-11,116.43036120446693,83.569638795533066,1.1635417033291411,0.51122836242569225,153262407.37091312,303.96032635333898,12.205374570746695,true
2,587,200,146.75,0.39139023618200114,6.1992099216600133e-12,4.4553998950205946e-12,0.71870447223499334,1.0654609816680608e-11,116.36671878785604,83.633281212143956,1.1636662484314837,0.51138296989138943,153308757.52307963,304.08479674416043,12.111806309532383,true
2,588,200,147,0.39139023618200114,6.1992099216600133e-12,4.4611852184985235e-12,0.71963770784905368,1.0660395140158537e-11,116.30356736603707,83.696432633962928,1.1637898326809886,0.51153628934762396,153354721.5397234,304.20826967859966,12.018294372768576,true
2,589,200,147.25,0.39139023618200114,6.1992099216600133e-12,4.4669318008899822e-12,0.72056469410441182,1.0666141722549996e-11,116.24090665425632,83.759093345743679,1.1639124566349044,0.51168832380243268,153400300.32263121,304.33074662156019,11.924838317977597,true
2,590,200,147.5,0.39139023618200114,6.1992099216600133e-12,4.4726395327883259e-12,0.72148541335258587,1.0671849454448338e-11,116.17873636843707,83.821263631562928,1.164034120849156,0.51183907623825797,153445494.76591676,304.45222902708872,11.831437703084328,true
2,591,200,147.75,0.39139023618200114,6.1992099216600133e-12,4.4783083055265669e-12,0.72239984806440849,1.0677518227186581e-11,116.11705622521693,83.882943774783072,1.1641548258782692,0.51198854961201101,153490305.75603974,304.57271833836722,11.738092086414277,true
2,592,200,148,0.39139023618200114,6.1992099216600133e-12,4.4839380111794442e-12,0.72330798083036096,1.0683147932839458e-11,116.05586594198429,83.944134058015706,1.1642745722753016,0.51213674685513311,153534734.17182413,304.6922159877044,11.644801026691546,true
2,593,200,148.25,0.39139023618200114,6.1992099216600133e-12,4.4895285425654781e-12,0.72420979436090471,1.0688738464225491e-11,115.99516523691479,84.004834763085213,1.1643933605917696,0.51228367087365922,153578780.88447732,304.81072339652775,11.551564083036899,true
2,594,200,148.5,0.39139023618200114,6.1992099216600133e-12,4.4950797932490064e-12,0.72510527148680937,1.069428971490902e-11,115.9349538290071,84.0650461709929,1.1645111913775787,0.51242932454827872,153622446.75760821,304.92824197537601,11.458380814965714,true
2,595,200,148.75,0.39139023618200114,6.1992099216600133e-12,4.5005916575422212e-12,0.72599439515948205,1.0699801579202234e-11,115.87523143811831,84.124768561881694,1.1646280651809553,0.51257371073439761,153665732.64724603,305.0447731238915,11.365250782385871,true
2,596,200,149,0.39139023618200114,6.1992099216600133e-12,4.50606403050717e-12,0.72687714845128915,1.0705273952167182e-11,115.81599778499906,84.184002215000945,1.1647439825483765,0.51271683226219888,153708639.4018583,305.16031823081244,11.272173545595763,true
2,597,200,149.25,0.39139023618200114,6.1992099216600133e-12,4.5114968079577607e-12,0.72775351455588078,1.0710706729617774e-11,115.75725259132813,84.242747408671875,1.1648589440245036,0.51285869193670364,153751167.86236915,305.27487867396616,11.179148665282096,true
2,598,200,149.5,0.39139023618200114,6.1992099216600133e-12,4.5168898864617406e-12,0.72862347678850925,1.0716099808121754e-11,115.69899557974665,84.301004420253349,1.1649729501521144,0.51299929253783139,153793318.86217752,305.38845582026215,11.086175702517799,true
2,599,200,149.75,0.39139023618200114,6.1992099216600133e-12,4.522243163342669e-12,0.72948701858634768,1.0721453085002682e-11,115.64122647389195,84.358773526108052,1.1650860014720368,0.51313863682046035,153835093.22717512,305.50105102568489,10.993254218759862,true
2,600,200,150,0.39139023618200114,6.1992099216600133e-12,4.5275565366818729e-12,0.7303441235088054,1.0726766458341886e-11,115.58394499843097,84.416055001569035,1.1651980985230845,0.51327672751448628,153876491.77576408,305.61266563528761,10.900383775847091,true
2,601,200,150.25,0.39139023618200114,6.1992099216600133e-12,4.5328299053203802e-12,0.73119477523783982,1.0732039826980393e-11,115.52715087909334,84.472849120906659,1.165309241841991,0.5134135673248823,153917515.31887496,305.72330098318588,10.807563935997965,true
2,602,200,150.5,0.39139023618200114,6.1992099216600133e-12,4.5380631688608549e-12,0.73203895757826842,1.0737273090520868e-11,115.47084384270399,84.529156157296015,1.1654194319633466,0.51354915893175734,153958164.6599842,305.83295839255095,10.714794261808322,true
2,603,200,150.75,0.39139023618200114,6.1992099216600133e-12,4.5432562276695021e-12,0.73287665445807604,1.0742466149329515e-11,115.41502361721537,84.584976382784632,1.1655286694195353,0.51368350499041482,153998440.59513173,305.94163917560417,10.622074316249142,true
2,604,200,151,0.39139023618200114,6.1992099216600133e-12,4.5484089828779686e-12,0.73370784992872184,1.0747618904537981e-11,115.35968993173942,84.640310068260575,1.1656369547406715,0.51381660813141072,154038343.91293842,306.0493446336111,10.529403662664238,true
2,605,200,151.25,0.39139023618200114,6.1992099216600133e-12,4.553521336385222e-12,0.73453252816544212,1.0752731258045236e-11,115.30484251657904,84.695157483420957,1.1657442884545395,0.5139484709606108,154077875.39462313,306.15607605687541,10.436781864767909,true
2,606,200,151.5,0.39139023618200114,6.1992099216600133e-12,4.5585931908594205e-12,0.7353506734675519,1.0757803112519434e-11,115.25048110325908,84.749518896740923,1.165850671086532,0.5140790960592484,154117035.81402019,306.26183472473372,10.344208486642652,true
2,607,200,151.75,0.39139023618200114,6.1992099216600133e-12,4.5636244497397677e-12,0.73616227025874426,1.0762834371399781e-11,115.19660542455719,84.803394575442809,1.16595610315959,0.51420848598398106,154155825.93759623,306.36662190554989,10.251683092736737,true
2,608,200,152,0.39139023618200114,6.1992099216600133e-12,4.5686150172383449e-12,0.73696730308738589,1.0767824938898359e-11,115.14321521453425,84.856784785465749,1.1660605851941435,0.51433664326694661,154194246.52446708,306.47043885671042,10.15920524786187,true
2,609,200,152.25,0.39139023618200114,6.1992099216600133e-12,4.5735647983419404e-12,0.7377657566268121,1.0772774720001954e-11,115.09031020856415,84.909689791435852,1.1661641177080526,0.51446357041581992,154232298.32641473,306.57328682461855,10.066774517190751,true
2,610,200,152.5,0.39139023618200114,6.1992099216600133e-12,4.578473698813859e-12,0.73855761567561884,1.0777683620473872e-11,115.0378901433636,84.962109856636403,1.1662667012165502,0.51458926991386744,154269982.08790377,306.67516704468989,9.9743904662546257,true
2,611,200,152.75,0.39139023618200114,6.1992099216600133e-12,4.5833416251957109e-12,0.739342865157951,1.0782551546855723e-11,114.98595475702132,85.014045242978682,1.1663683362321837,0.51471374422000382,154307298.54609823,306.7760807413477,9.8820526609408663,true
2,612,200,153,0.39139023618200114,6.1992099216600133e-12,4.5881684848091937e-12,0.74012149012379025,1.0787378406469206e-11,114.93450378902695,85.065496210973052,1.1664690232647592,0.51483699576884534,154344248.43087775,306.87602912801793,9.7897606674904711,true
2,613,200,153.25,0.39139023618200114,6.1992099216600133e-12,4.59295418575786e-12,0.7408934757492398,1.0792164107417872e-11,114.88353698029954,85.116463019700461,1.1665687628212855,0.51495902697076512,154380832.46485397,306.97501340712523,9.6975140524955314,true
2,614,200,153.5,0.39139023618200114,6.1992099216600133e-12,4.5976986369288598e-12,0.741658807336806,1.0796908558588873e-11,114.83305407321582,85.16694592678418,1.1666675554059189,0.51507984021194675,154417051.36338675,307.07303477008821,9.6053123828967681,true
2,615,200,153.75,0.39139023618200114,6.1992099216600133e-12,4.602401747994684e-12,0.74241747031567873,1.0801611669654697e-11,114.7830548116379,85.216945188362104,1.1667654015199085,0.51519943785443778,154452905.83460015,307.17009439731538,9.5131552259809204,true
2,616,200,154,0.39139023618200114,6.1992099216600133e-12,4.6070634294148765e-12,0.74316945024200853,1.0806273351074891e-11,114.7335389409409,85.266461059059097,1.1668623016615427,0.51531782223620315,154488396.57939839,307.26619345820154,9.4210421493782359,true
2,617,200,154.25,0.39139023618200114,6.1992099216600133e-12,4.611683592437742e-12,0.74391473279918119,1.0810893514097755e-11,114.68450620803993,85.315493791960066,1.1669582563260965,0.51543499567117701,154523524.29148152,307.36133311112309,9.3289727210598539,true
2,618,200,154.5,0.39139023618200114,6.1992099216600133e-12,4.6162621491020381e-12,0.74465330379809169,1.0815472070762052e-11,114.63595636141699,85.364043638583013,1.1670532660057782,0.51555096044931603,154558289.65736124,307.45551450343481,9.2369465093351835,true
2,619,200,154.75,0.39139023618200114,6.1992099216600133e-12,4.6207990122386437e-12,0.74538514917741239,1.0820008933898656e-11,114.58788915114728,85.41211084885272,1.1671473311896787,0.51566571883665036,154592693.35637632,307.54873877146628,9.1449630828493156,true
2,620,200,155,0.39139023618200114,6.1992099216600133e-12,4.6252940954722261e-12,0.74611025500386241,1.0824504017132239e-11,114.54030432892543,85.45969567107457,1.167240452363719,0.51577927307533566,154626736.06070811,307.64100704051788,9.0530220105803281,true
2,621,200,155.25,0.39139023618200114,6.1992099216600133e-12,4.6297473132228785e-12,0.74682860747247182,1.0828957234882892e-11,114.49320164809117,85.506798351908827,1.1673326300106017,0.51589162538370292,154660418.43539548,307.73232042485802,8.961122861836655,true
2,622,200,155.5,0.39139023618200114,6.1992099216600133e-12,4.6341585807077547e-12,0.74754019290684515,1.0833368502367768e-11,114.44658086365472,85.553419136345283,1.1674238646097597,0.51600277795631055,154693741.13835055,307.82268002771917,8.8692652062543935,true
2,623,200,155.75,0.39139023618200114,6.1992099216600133e-12,4.6385278139426821e-12,0.74824499775942177,1.0837737735602695e-11,114.40044173232191,85.599558267678091,1.1675141566373075,0.51611273296399296,154726704.82037309,307.91208694129529,8.7774486137945544,true
2,624,200,156,0.39139023618200114,6.1992099216600133e-12,4.6428549297437554e-12,0.74894300861173291,1.0842064851403769e-11,114.35478401251906,85.645215987480938,1.1676035065659933,0.51622149255391059,154759310.12516555,308.00054224673841,8.6856726547404133,true
2,625,200,156.25,0.39139023618200114,6.1992099216600133e-12,4.6471398457289295e-12,0.74963421217465831,1.0846349767388944e-11,114.30960746441718,85.690392535582816,1.1676919148651508,0.51632905884959934,154791557.68934804,308.08804701415596,8.5939368996946826,true
2,626,200,156.5,0.39139023618200114,6.1992099216600133e-12,4.6513824803195789e-12,0.75031859528867839,1.0850592401979591e-11,114.26491184995619,85.735088150043808,1.1677793820006517,0.51643543395101921,154823448.14247271,308.17460230260775,8.5022409195768187,true
2,627,200,156.75,0.39139023618200114,6.1992099216600133e-12,4.6555827527420563e-12,0.75099614492412492,1.085479267440207e-11,114.22069693286875,85.779303067131252,1.1678659084348597,0.51654061993460199,154854982.10703814,308.26020916010333,8.4105842856202155,true
2,628,200,157,0.39139023618200114,6.1992099216600133e-12,4.6597405830292326e-12,0.75166684818143015,1.0858950504689245e-11,114.17696247870352,85.823037521296484,1.167951494626585,0.51664461885329949,154886160.19850379,308.34486862359938,8.3189665693693744,true
2,629,200,157.25,0.39139023618200114,6.1992099216600133e-12,4.6638558920220081e-12,0.75233069229137017,1.0863065813682021e-11,114.13370825484853,85.866291745151472,1.1680361410310371,0.51674743273663093,154916983.02530426,308.42858171899724,8.2273873426771456,true
2,630,200,157.5,0.39139023618200114,6.1992099216600133e-12,4.6679286013708345e-12,0.7529876646153103,1.0867138523030847e-11,114.09093403055381,85.909065969446189,1.1681198480997832,0.51684906359072935,154947451.18886307,308.5113494611403,8.1358461777018771,true
2,631,200,157.75,0.39139023618200114,6.1992099216600133e-12,4.671958633537196e-12,0.75363775264544475,1.0871168555197209e-11,114.04863957695403,85.951360423045969,1.1682026162807013,0.51694951339838846,154977565.2836068,308.59317285381201,8.0443426469045125,true
2,632,200,158,0.39139023618200114,6.1992099216600133e-12,4.6759459117950884e-12,0.75428094400503409,1.0875155833455101e-11,114.00682466709054,85.993175332909459,1.1682844460179382,0.51704878411910848,155007325.89697888,308.67405288973328,7.9528763230458246,true
2,633,200,158.25,0.39139023618200114,6.1992099216600133e-12,4.6798903602324826e-12,0.75491722644864234,1.0879100281892496e-11,113.96548907593335,86.034510924066652,1.168365337751867,0.51714687768914114,155036733.60945299,308.75399055056084,7.861446779183427,true
2,634,200,158.5,0.39139023618200114,6.1992099216600133e-12,4.683791903752765e-12,0.75554658786236872,1.0883001825412778e-11,113.92463258040269,86.075367419597313,1.1684452919190436,0.51724379602153525,155065788.99454668,308.83298680688455,7.7700535886689588,true
2,635,200,158.75,0.39139023618200114,6.1992099216600133e-12,4.6876504680761715e-12,0.75616901626407917,1.0886860389736186e-11,113.88425495939028,86.115745040609724,1.1685243089521662,0.51733954100618118,155094492.61883485,308.91104261822619,7.6786963251451317,true
2,636,200,159,0.39139023618200114,6.1992099216600133e-12,4.691465979741199e-12,0.75678449980363416,1.0890675901401211e-11,113.84435599378018,86.155644006219816,1.1686023892800339,0.51743411450985466,155122845.0419628,308.98815893303674,7.5873745625427809,true
2,637,200,159.25,0.39139023618200114,6.1992099216600133e-12,4.6952383661060062e-12,0.75739302676311426,1.0894448287766019e-11,113.80493546646964,86.195064533530356,1.1686795333275064,0.51752751837626032,155150846.81665924,309.06433668869556,7.4960878750779791,true
2,638,200,159.5,0.39139023618200114,6.1992099216600133e-12,4.6989675553497938e-12,0.75799458555704347,1.0898177477009808e-11,113.76599316238929,86.234006837610707,1.1687557415154637,0.51761975442607511,155178498.48874944,309.13957681150788,7.4048358372489949,true
2,639,200,159.75,0.39139023618200114,6.1992099216600133e-12,4.7026534764741739e-12,0.75858916473260929,1.0901863398134186e-11,113.72752886852324,86.272471131476763,1.1688310142607679,0.5177108244569909,155205800.59716782,309.2138802167035,7.3136180238333921,true
2,640,200,160,0.39139023618200114,6.1992099216600133e-12,4.7062960593045217e-12,0.75917675296988141,1.0905505980964535e-11,113.6895423739289,86.310457626071099,1.1689053519762229,0.51780073024375628,155232753.67397064,309.28724780843538,7.2224340098850073,true
2,641,200,160.25,0.39139023618200114,6.1992099216600133e-12,4.7098952344913103e-12,0.75975733908202658,1.0909105156151324e-11,113.65203346975642,86.347966530243582,1.1689787550705377,0.51788947353821879,155259358.24434856,309.35968047977781,7.1312833707309133,true
2,642,200,160.5,0.39139023618200114,6.1992099216600133e-12,4.7134509335114332e-12,0.76033091201552239,1.0912660855171447e-11,113.61500194926782,86.384998050732179,1.1690512239482889,0.51797705606936573,155285614.82663897,309.43117911272543,7.0401656819684701,true
2,643,200,160.75,0.39139023618200114,6.1992099216600133e-12,4.7169630886695069e-12,0.76089746085036702,1.091617301032952e-11,113.57844760785596,86.421552392144037,1.1691227590098823,0.51806347954336496,155311523.93233809,309.50174457819139,6.9490805194622096,true
2,644,200,161,0.39139023618200114,6.1992099216600133e-12,4.7204316330991577e-12,0.76145697480028696,1.0919641554759172e-11,113.54237024306309,86.45762975693691,1.1691933606515177,0.51814874564360558,155337086.06611332,309.5713777360067,6.8580274593408603,true
2,645,200,161.25,0.39139023618200114,6.1992099216600133e-12,4.7238565007643012e-12,0.76200944321294339,1.0923066422424314e-11,113.5067696545991,86.493230345400903,1.1692630292651534,0.51823285603073665,155362301.72581467,309.64007943491822,6.7670060779942522,true
2,646,200,161.5,0.39139023618200114,6.1992099216600133e-12,4.7272376264603932e-12,0.76255485557013403,1.0926447548120407e-11,113.4716456443598,86.528354355640204,1.1693317652384696,0.51831581234270763,155387171.40248707,309.70785051258861,6.6760159520702231,true
2,647,200,161.75,0.39139023618200114,6.1992099216600133e-12,4.7305749458156747e-12,0.76309320148799376,1.0929784867475688e-11,113.43699801644431,86.563001983555694,1.1693995689548344,0.51839761619480684,155411695.58038175,309.77469179559398,6.5850566584715766,true
2,648,200,162,0.39139023618200114,6.1992099216600133e-12,4.7338683952923954e-12,0.76362447071719242,1.0933078316952409e-11,113.40282657717283,86.597173422827169,1.1694664407932702,0.51847826917969897,155435874.73696759,309.84060409942413,6.4941277743529557,true
2,649,200,162.25,0.39139023618200114,6.1992099216600133e-12,4.7371179121880248e-12,0.76414865314312952,1.0936327833848038e-11,113.36913113510369,86.630868864896314,1.1695323811284186,0.51855777286746441,155459709.34294286,309.90558822848067,6.4032288771177113,true
2,650,200,162.5,0.39139023618200114,6.1992099216600133e-12,4.7403234346364454e-12,0.76466573878612742,1.0939533356296459e-11,113.33591150105025,86.664088498949752,1.169597390330509,0.5186361288056347,155483199.86224583,309.96964497607649,6.3123595444148268,true
2,651,200,162.75,0.39139023618200114,6.1992099216600133e-12,4.7434849016091311e-12,0.76517571780162097,1.0942694823269144e-11,113.30316748809761,86.696832511902386,1.1696614687653244,0.51871333851923129,155506346.75206643,310.03277512443492,6.2215193541357214,true
2,652,200,163,0.39139023618200114,6.1992099216600133e-12,4.7466022529163065e-12,0.76567858048034454,1.0945812174576321e-11,113.27089891161899,86.729101088381015,1.1697246167941704,0.51878940351080072,155529150.46285677,310.09497944468887,6.1307078844111516,true
2,653,200,163.25,0.39139023618200114,6.1992099216600133e-12,4.749675429208097e-12,0.76617431724851759,1.0948885350868109e-11,113.23910558929167,86.760894410708332,1.169786834773844,0.51886432526045045,155551611.43834195,310.15625869688006,6.0399247136080296,true
2,654,200,163.5,0.39139023618200114,6.1992099216600133e-12,4.7527043719756559e-12,0.76666291866802683,1.0951914293635669e-11,113.207787341113,86.792212658886996,1.1698481230566014,0.51893810522588468,155573730.11553061,310.21661362995849,5.9491694203262222,true
2,655,200,163.75,0.39139023618200114,6.1992099216600133e-12,4.755689023552279e-12,0.76714437543660552,1.0954898945212292e-11,113.17694398941586,86.823056010584139,1.1699084819901282,0.51901074484243914,155595506.92472565,310.27604498178169,5.8584415833954155,true
2,656,200,164,0.39139023618200114,6.1992099216600133e-12,4.7586293271145026e-12,0.76761867838801068,1.0957839248774516e-11,113.14657535888401,86.853424641115993,1.1699679119175102,0.51908224552311522,155616942.28953421,310.33455347911399,5.7677407818718756,true
2,657,200,164.25,0.39139023618200114,6.1992099216600133e-12,4.7615252266831848e-12,0.76808581849219781,1.0960735148343199e-11,113.11668127656698,86.883318723433021,1.1700264131772027,0.51915260865861401,155638036.62687796,310.39213983762619,5.6770665950352752,true
2,658,200,164.5,0.39139023618200114,6.1992099216600133e-12,4.7643766671245722e-12,0.76854578685549269,1.0963586588784585e-11,113.08726157189501,86.912738428104987,1.1700839861030026,0.51922183561736968,155658790.34700319,310.44880476189485,5.5864186023854661,true
2,659,200,164.75,0.39139023618200114,6.1992099216600133e-12,4.7671835941513504e-12,0.76899857472076094,1.0966393515811364e-11,113.05831607669346,86.941683923306542,1.1701406310240192,0.51928992774558236,155679203.85349053,310.50454894540206,5.4957963836392176,true
2,660,200,165,0.39139023618200114,6.1992099216600133e-12,4.7699459543236734e-12,0.7694441734675741,1.0969155875983686e-11,113.02984462519699,86.970155374803014,1.1701963482646474,0.51935688636725041,155699277.54326469,310.55937307053466,5.4051995187270387,true
2,661,200,165.25,0.39139023618200114,6.1992099216600133e-12,4.7726636950501865e-12,0.7698825746123743,1.09718736167102e-11,113.00184705406369,86.998152945936312,1.1702511381445393,0.51942271278420205,155719011.80660397,310.61327780858426,5.314627587789861,true
2,662,200,165.5,0.39139023618200114,6.1992099216600133e-12,4.7753367645890223e-12,0.77031376980863575,1.0974546686249036e-11,112.97432320238873,87.025676797611268,1.1703050009785778,0.51948740827612749,155738407.0271498,310.66626381974652,5.2240801711758467,true
2,663,200,165.75,0.39139023618200114,6.1992099216600133e-12,4.7779651120487912e-12,0.77073775084702345,1.0977175033708804e-11,112.94727291171772,87.052727088282282,1.1703579370768504,0.51955097410060913,155757463.58191594,310.71833175312094,5.1335568494370767,true
2,664,200,166,0.39139023618200114,6.1992099216600133e-12,4.7805486873895454e-12,0.77115450965554955,1.097975860904956e-11,112.92069602606018,87.079303973939815,1.170409946744623,0.51961341149315188,155776181.84129745,310.76948224671082,5.0430572033262644,true
2,665,200,166.25,0.39139023618200114,6.1992099216600133e-12,4.7830874414237354e-12,0.7715640382997272,1.0982297363083749e-11,112.89459239190225,87.10540760809775,1.1704610302823142,0.51967472166721385,155794562.1690799,310.81971592742264,4.9525808137935092,true
2,666,200,166.5,0.39139023618200114,6.1992099216600133e-12,4.7855813258171436e-12,0.77196632898272133,1.0984791247477156e-11,112.86896185821951,87.131038141780493,1.1705111879854722,0.51973490581423443,155812604.92244783,310.8690334110658,4.8621272619829758,true
2,667,200,166.75,0.39139023618200114,6.1992099216600133e-12,4.7880302930898066e-12,0.7723613740454971,1.098724021474982e-11,112.84380427648945,87.15619572351055,1.1705604201447475,0.51979396510366438,155830310.45199376,310.91743530235289,4.7716961292295617,true
2,668,200,167,0.39139023618200114,6.1992099216600133e-12,4.790434296616916e-12,0.77274916596696597,1.0989644218276929e-11,112.81911950070372,87.180880499296279,1.170608727045872,0.51985190068299314,155847679.10172638,310.96492219489903,4.6812869970556443,true
2,669,200,167.25,0.39139023618200114,6.1992099216600133e-12,4.7927932906297106e-12,0.77312969736412884,1.0992003212289725e-11,112.79490738737998,87.205092612620021,1.1706561089696332,0.51990871367777736,155864711.20907909,311.01149467122212,4.5908994471676818,true
2,670,200,167.5,0.39139023618200114,6.1992099216600133e-12,4.7951072302163465e-12,0.77350296099221649,1.0994317151876361e-11,112.77116779557367,87.228832204426325,1.1707025661918529,0.51996440519166798,155881407.10491809,311.05715330274217,4.5005330614529511,true
2,671,200,167.75,0.39139023618200114,6.1992099216600133e-12,4.7973760713227472e-12,0.77386894974482723,1.099658599298276e-11,112.74790058688956,87.252099413110443,1.1707480989833636,0.5200189763064369,155897767.11355048,311.10189864978196,4.4101874219761736,true
2,672,200,168,0.39139023618200114,6.1992099216600133e-12,4.79959977075345e-12,0.77422765665406301,1.0998809692413463e-11,112.72510562549289,87.274894374507113,1.1707927076099878,0.52007242808200338,155913791.55273202,311.14573126156625,4.3198621109761426,true
2,673,200,168.25,0.39139023618200114,6.1992099216600133e-12,4.8017782861724211e-12,0.77457907489066113,1.1000988207832434e-11,112.70278277812037,87.297217221879635,1.1708363923325147,0.52012476155646026,155929480.73367512,311.18865167622209,4.2295567108624281,true
2,674,200,168.5,0.39139023618200114,6.1992099216600133e-12,4.8039115761038701e-12,0.77492319776412533,1.1003121497763883e-11,112.68093191409096,87.319068085909038,1.1708791534066809,0.52017597774609825,155944834.96105608,311.23066042077886,4.1392708042119422,true
2,675,200,168.75,0.39139023618200114,6.1992099216600133e-12,4.8059995999330292e-12,0.77526001872285155,1.1005209521593042e-11,112.65955290531635,87.340447094683654,1.1709209910831491,0.52022607764543205,155959854.53302294,311.27175801116789,4.0490039737656263,true
2,676,200,169,0.39139023618200114,6.1992099216600133e-12,4.8080423179069358e-12,0.77558953135425468,1.100725223956695e-11,112.63864562631127,87.361354373688727,1.1709619056074876,0.52027506222722308,155974539.74120218,311.31194495222297,3.9587558024250469,true
2,677,200,169.25,0.39139023618200114,6.1992099216600133e-12,4.8100396911351847e-12,0.77591172938488928,1.1009249612795197e-11,112.61820995420344,87.381790045796564,1.1710018972201517,0.5203229324425046,155988890.87070641,311.35122173767985,3.8685258732489829,true
2,678,200,169.5,0.39139023618200114,6.1992099216600133e-12,4.8119916815906675e-12,0.77622660668056886,1.1011201603250681e-11,112.59824576874351,87.40175423125649,1.1710409661564634,0.52036968922060378,156002908.20014092,311.38958885017666,3.7783137694500946,true
2,679,200,169.75,0.39139023618200114,6.1992099216600133e-12,4.8138982521103006e-12,0.776534157246484,1.1013108173770313e-11,112.5787529523144,87.421247047685597,1.1710791126465936,0.52041533346916535,156016592.00161076,311.42704676125385,3.6881190743914449,true
2,680,200,170,0.39139023618200114,6.1992099216600133e-12,4.8157593663957292e-12,0.77683437522731502,1.1014969288055743e-11,112.55973138994089,87.440268610059107,1.1711163369155433,0.52045986607417327,156029942.54072723,311.46359593135406,3.597941371583167,true
2,681,200,170.25,0.39139023618200114,6.1992099216600133e-12,4.8175749890140197e-12,0.77712725490734436,1.1016784910674032e-11,112.54118096929842,87.458819030701576,1.171152639183126,0.5205032878999728,156042960.0766145,311.49923680982249,3.5077802446790076,true
2,682,200,170.5,0.39139023618200114,6.1992099216600133e-12,4.8193450853983348e-12,0.77741279071056513,1.1018555007058349e-11,112.52310158072228,87.476898419277717,1.1711880196639501,0.52054559978929105,156055644.86191586,311.53396983490683,3.4176352774728946,true
2,683,200,170.75,0.39139023618200114,6.1992099216600133e-12,4.8210696218485909e-12,0.77769097720078717,1.1020279543508604e-11,112.50549311721593,87.494506882784066,1.1712224785674028,0.52058680256325807,156067997.14279982,311.56779543375728,3.3275060538955556,true
2,684,200,171,0.39139023618200114,6.1992099216600133e-12,4.8227485655321006e-12,0.77796180908174084,1.1021958487192114e-11,112.48835547445951,87.51164452554049,1.1712560160976331,0.52062689702142717,156080017.15896654,311.60071402242698,3.2373921580110587,true
2,685,200,171.25,0.39139023618200114,6.1992099216600133e-12,4.8243818844841956e-12,0.77822528119717738,1.1023591806144209e-11,112.47168855081819,87.528311449181814,1.1712886324535352,0.52066588394179392,156091705.14365312,311.63272600587175,3.1472931740133498,true
2,686,200,171.5,0.39139023618200114,6.1992099216600133e-12,4.8259695476088374e-12,0.77848138853096749,1.102517946926885e-11,112.45549224734972,87.544507752650276,1.1713203278287341,0.52070376408081598,156103061.32363993,311.66383177795029,3.0572086862228698,true
2,687,200,171.75,0.39139023618200114,6.1992099216600133e-12,4.827511524679209e-12,0.77873012620719684,1.1026721446339222e-11,112.43976646781258,87.560233532187425,1.1713511024115701,0.52074053817343091,156114085.91925567,311.69403172142461,2.9671382790830334,true
2,688,200,172,0.39139023618200114,6.1992099216600133e-12,4.8290077863382884e-12,0.77897148949025841,1.1028217707998302e-11,112.42451111867311,87.575488881326891,1.1713809563850837,0.52077620693307503,156124779.14438319,311.72332620795976,2.8770815371568368,true
2,689,200,172.25,0.39139023618200114,6.1992099216600133e-12,4.8304583040994124e-12,0.77920547378494343,1.1029668225759426e-11,112.40972610911294,87.590273890887062,1.1714098899270022,0.52081077105170026,156135141.20646447,311.75171559812418,2.7870380451233667,true
2,690,200,172.5,0.39139023618200114,6.1992099216600133e-12,4.831863050346813e-12,0.77943207463652808,1.1031072972006827e-11,112.39541135103603,87.604588648963968,1.1714379032097253,0.5208442311997914,156145172.30650574,311.7792002413899,2.6970073877743146,true
2,691,200,172.75,0.39139023618200114,6.1992099216600133e-12,4.8332219983361462e-12,0.7796512877308589,1.1032431919996159e-11,112.38156675907538,87.618433240924617,1.1714649964003119,0.52087658802638304,156154872.63908273,311.80578047613255,2.606989150010564,true
2,692,200,173,0.39139023618200114,6.1992099216600133e-12,4.8345351221950016e-12,0.77986310889443444,1.1033745043855016e-11,112.36819225059978,87.631807749400224,1.1714911696604673,0.52090784215907482,156164242.39234507,311.83145662963148,2.5169829168386468,true
2,693,200,173.25,0.39139023618200114,6.1992099216600133e-12,4.8358023969233928e-12,0.78006753409448515,1.1035012318583405e-11,112.35528774571992,87.64471225428008,1.1715164231465311,0.52093799420404718,156173281.74802107,311.85622901807017,2.4269882733673218,true
2,694,200,173.5,0.39139023618200114,6.1992099216600133e-12,4.8370237983942369e-12,0.78026455943904982,1.1036233720054249e-11,112.34285316729482,87.65714683270518,1.1715407570094643,0.52096704474607669,156181990.88142231,311.88009794653613,2.3370048048040695,true
2,695,200,173.75,0.39139023618200114,6.1992099216600133e-12,4.8381993033538092e-12,0.7804541811770499,1.1037409225013822e-11,112.33088844093756,87.669111559062443,1.1715641713948384,0.52099499434855001,156190369.96144792,311.90306370902113,2.2470320964515724,true
2,696,200,174,0.39139023618200114,6.1992099216600133e-12,4.8393288894221911e-12,0.78063639569836096,1.1038538811082205e-11,112.31939349502095,87.680606504979053,1.1715866664428243,0.5210218435534778,156198419.15058857,311.92512658842122,2.1570697337042866,true
2,697,200,174.25,0.39139023618200114,6.1992099216600133e-12,4.8404125350936918e-12,0.78081119953388112,1.1039622456753705e-11,112.30836826068314,87.691631739316861,1.1716082422881815,0.52104759288150848,156206138.60493073,311.94628685653731,2.0671173020448745,true
2,698,200,174.5,0.39139023618200114,6.1992099216600133e-12,4.8414502197372595e-12,0.78097858935559727,1.1040660141397273e-11,112.29781267183287,87.702187328167128,1.1716288990602473,0.5210722428319402,156213528.47416022,311.96654477407492,1.9771743870407663,true
2,699,200,174.75,0.39139023618200114,6.1992099216600133e-12,4.8424419235968743e-12,0.78113856197664844,1.1041651845256888e-11,112.28772666515437,87.712273334845634,1.1716486368829273,0.52109579388273475,156220588.90156642,311.98590059064429,1.88724057434063,true
2,700,200,175,0.39139023618200114,6.1992099216600133e-12,4.8433876277919239e-12,0.78129111435138665,1.1042597549451938e-11,112.27811018011231,87.721889819887693,1.1716674558746867,0.52111824649052729,156227320.02404505,312.00435454476099,1.7973154496708363,true
2,701,200,175.25,0.39139023618200114,6.1992099216600133e-12,4.8442873143175652e-12,0.78143624357543462,1.1043497235977578e-11,112.26896315895631,87.731036841043689,1.1716853561485396,0.52113960109063995,156233721.97210243,312.02190686384546,1.707398598832002,true
2,702,200,175.5,0.39139023618200114,6.1992099216600133e-12,4.8451409660450609e-12,0.78157394688574089,1.1044350887705074e-11,112.26028554672548,87.739714453274516,1.1717023378120421,0.52115985809709009,156239794.86985785,312.03855776422375,1.6174896076954524,true
2,703,200,175.75,0.39139023618200114,6.1992099216600133e-12,4.8459485667221148e-12,0.78170422166063303,1.1045158488382129e-11,112.25207729125236,87.747922708747637,1.1717184009672836,0.52117901790260279,156245538.8350473,312.0543074511271,1.5275880621996698,true
2,704,200,176,0.39139023618200114,6.1992099216600133e-12,4.8467101009731737e-12,0.78182706541986735,1.1045920022633187e-11,112.24433834316703,87.75566165683297,1.1717335457108782,0.52119708087861949,156250953.97902614,312.06915611869249,1.4376935483468469,true
2,705,200,176.25,0.39139023618200114,6.1992099216600133e-12,4.8474255542997227e-12,0.78194247582467535,1.1046635475959737e-11,112.23706865590084,87.762931344099158,1.1717477721339586,0.52121404737530674,156256040.40677166,312.08310394996261,1.3478056521992841,true
2,706,200,176.5,0.39139023618200114,6.1992099216600133e-12,4.8480949130805627e-12,0.78205045067780965,1.1047304834740576e-11,112.23026818568982,87.769731814310177,1.1717610803221687,0.52122991772156613,156260798.21688607,312.09615111688589,1.2579239598759315,true
2,707,200,176.75,0.39139023618200114,6.1992099216600133e-12,4.8487181645720657e-12,0.7821509879235844,1.1047928086232079e-11,112.22393689157815,87.776063108421852,1.1717734703556573,0.52124469222504111,156265227.50159857,312.10829778031695,1.168048057548835,true
2,708,200,177,0.39139023618200114,6.1992099216600133e-12,4.849295296908423e-12,0.78224408564791548,1.1048505218568437e-11,112.2180747354211,87.781925264578902,1.1717849423090716,0.52125837117212548,156269328.34676784,312.11954409001623,1.0781775314395776,true
2,709,200,177.25,0.39139023618200114,6.1992099216600133e-12,4.8498262991018681e-12,0.7823297420783567,1.1049036220761881e-11,112.21268168188789,87.787318318112114,1.171795496251552,0.52127095482797059,156273100.83188426,312.12989018465044,0.98831196781581199,true
2,710,200,177.5,0.39139023618200114,6.1992099216600133e-12,4.8503111610428822e-12,0.78240795558413267,1.1049521082702895e-11,112.20775769846459,87.79224230153541,1.1718051322467271,0.52128244343649055,156276545.03007147,312.13933619179272,0.89845095298765498,true
2,711,200,177.75,0.39139023618200114,6.1992099216600133e-12,4.8507498735003931e-12,0.78247872467617097,1.1049959795160406e-11,112.20330275545628,87.796697244543722,1.171813850352708,0.52129283722037045,156279661.00808874,312.14788222792231,0.80859407330421573,true
2,712,200,178,0.39139023618200114,6.1992099216600133e-12,4.8511424281219493e-12,0.78254204800713045,1.1050352349781962e-11,112.19931682598937,87.800683174010629,1.1718216506220853,0.52130213638106992,156282448.82633218,312.15552839842513,0.71874091515002936,true
2,713,200,178.25,0.39139023618200114,6.1992099216600133e-12,4.8514888174338756e-12,0.78259792437142583,1.105069873909389e-11,112.19579988601377,87.804200113986226,1.1718285331019238,0.52131034109882901,156284908.53883636,312.16227479759357,0.62889106494149416,true
2,714,200,178.5,0.39139023618200114,6.1992099216600133e-12,4.8517890348414194e-12,0.78264635270525185,1.1050998956501433e-11,112.19275191430445,87.807248085695548,1.1718344978337598,0.52131745153267262,156287040.19327578,312.16812150862654,0.53904410912339373,true
2,715,200,178.75,0.39139023618200114,6.1992099216600133e-12,4.8520430746288743e-12,0.7826873320866029,1.1051252996288888e-11,112.19017289246322,87.809827107536776,1.1718395448535974,0.52132346782041461,156288843.830966,312.17306860362982,0.44919963416528308,true
2,716,200,179,0.39139023618200114,6.1992099216600133e-12,4.8522509319596886e-12,0.78272086173529054,1.1051460853619702e-11,112.18806280492007,87.811937195079935,1.1718436741919069,0.52132839007866028,156290319.48686439,312.17711614361582,0.35935722655801106,true
2,717,200,179.25,0.39139023618200114,6.1992099216600133e-12,4.8524126028765575e-12,0.7827469410129585,1.1051622524536571e-11,112.18642163893423,87.813578361065765,1.1718468858736211,0.52133221840281074,156291467.18957147,312.18026417850365,0.26951647281014918,true
2,718,200,179.5,0.39139023618200114,6.1992099216600133e-12,4.8525280843015008e-12,0.78276556942309505,1.1051738005961515e-11,112.18524938459532,87.814750615404677,1.1718491799181339,0.52133495286706388,156292286.96133122,312.18251274711929,0.17967695944442133,true
2,719,200,179.75,0.39139023618200114,6.1992099216600133e-12,4.8525973740359192e-12,0.78277674661104224,1.1051807295695933e-11,112.18454603482387,87.815453965176133,1.1718505563392996,0.52133659352441741,156292778.81803197,312.18386187719551,0.089838272994213611,true
2,720,200,180,0.39139023618200114,6.1992099216600133e-12,4.8526204707606342e-12,0.78278047236400217,1.1051830392420647e-11,112.18431158537206,87.815688414627942,1.1718510151454313,0.52133714040666868,156292942.76920632,312.18431158537203,0,true
3,0,500,0,0.97847559045500276,2.4796839686640054e-12,0,0,2.4796839686640054e-12,500,0,1,0,0,0,90,false
3,1,500,0.25,0.97847559045500276,2.4796839686640054e-12,2.30967247153578e-17,9.3143824000288896e-06,2.4797070653887208e-12,499.99534285217845,0.0046571478215587415,1.0000091138109291,0.0042693527233671758,1279919.7470072396,2.1816546447807634,89.752691694688266,true
3,2,500,0.5,0.97847559045500276,2.4796839686640054e-12,9.2386459133070836e-17,3.7257352267695007e-05,2.4797763551231384e-12,499.98137201789547,0.018627982104556198,1.0000364540515774,0.0085383907532450287,2559745.1512797987,4.3632677684957297,89.50539025009158,true
3,3,500,0.75,0.97847559045500276,2.4796839686640054e-12,2.0786788407667797e-16,8.3828377609212939e-05,2.479891836548082e-12,499.95808932449933,0.041910675500674739,1.0000820171459137,0.01280679950641537,3839381.9031414506,6.5447978511150113,89.258102525650457,true
3,4,500,1,0.97847559045500276,2.4796839686640054e-12,3.6953880094586109e-16,0.00014902657177920934,2.4800535074649513e-12,499.92549781691531,0.074502183084669493,1.0001457971351679,0.017074264620077533,5118735.7589954799,8.7262033746825747,89.010835378266009,true
3,5,500,1.25,0.97847559045500276,2.4796839686640054e-12,5.7739613175981426e-16,0.00023285069349821282,2.4802613647957652e-12,499.88360175666259,0.11639824333742332,1.000227785679755,0.021340472061899637,6397712.5743172206,10.907442824358302,88.763595661019394,true
3,6,500,1.5,0.97847559045500276,2.4796839686640054e-12,8.3143591921462073e-16,0.00033529914687579262,2.4805154045832202e-12,499.83240662047928,0.16759337952072098,1.0003279720619658,0.025605108239715971,7676218.3365405044,13.088474689466127,88.516390221908907,true
3,7,500,1.75,0.97847559045500276,2.4796839686640054e-12,1.1316533267586774e-15,0.00045636998144097583,2.480815621990764e-12,499.77191909855628,0.22808090144372897,1.0004463431894233,0.029867860110929241,8954159.197855629,15.269257464550366,88.269225902583273,true
3,8,500,2,0.97847559045500276,2.4796839686640054e-12,1.4780426386850909e-15,0.00059606089217950826,2.4811620113026906e-12,499.70214709238007,0.29785290761989991,1.0005828835993043,0.034128415291472224,10231441.507875245,17.449749650442175,88.022109537075963,true
3,9,500,2.25,0.97847559045500276,2.4796839686640054e-12,1.8705972602413123e-15,0.00075436921957806804,2.4815545659242469e-12,499.62309971218696,0.37690028781305773,1.000737575463321,0.038386462164250686,11507971.846144713,19.629909755338186,87.775047950545613,true
3,10,500,2.5,0.97847559045500276,2.4796839686640054e-12,2.3093097177525113e-15,0.00093129194967401933,2.4819932783817578e-12,499.53478727402955,0.46521272597042751,1.0009103985934622,0.042641689986949095,12783657.054461457,21.80969629589325,87.528047958020366,true
3,11,500,2.75,0.97847559045500276,2.4796839686640054e-12,2.7941716587664999e-15,0.0011268257141138565,2.4824781403227719e-12,499.43722129645755,0.56277870354242099,1.0011013304484884,0.046893788999201144,14058404.269003872,23.989067798329298,87.281116363145799,true
3,12,500,3,0.97847559045500276,2.4796839686640054e-12,3.3251738522105066e-15,0.0013409667902164286,2.4830091425162157e-12,499.33041449681474,0.66958550318523269,1.0013103461411785,0.051142450528935686,15332120.95221303,26.167982799562189,87.034259956939309,true
3,13,500,3.25,0.97847559045500276,2.4796839686640054e-12,3.9023061885681583e-15,0.0015737111010443109,2.4835862748525734e-12,499.21438078715431,0.78561921284570635,1.0015374184463239,0.055387367097903671,16604714.924428869,28.346399848348426,86.787485516549154,true
3,14,500,3.5,0.97847559045500276,2.4796839686640054e-12,4.5255576800718121e-15,0.0018250542154813682,2.4842095263440773e-12,499.08913526977494,0.91086473022505365,1.0017825178094633,0.059628232526255417,17876094.395241663,30.524277506453775,86.540799804019869,true
3,15,500,3.75,0.97847559045500276,2.4796839686640054e-12,5.19491646091132e-15,0.0020949913483169461,2.4848788851249168e-12,498.95469423238103,1.0453057676189652,1.0020456123563539,0.063864742036102151,19146167.994538989,32.701574349845316,86.294209565066126,true
3,16,500,4,0.97847559045500276,2.4796839686640054e-12,5.910369787460573e-15,0.0023835173603372287,2.4855943384514659e-12,498.8110751428685,1.1889248571315048,1.0023266679031768,0.068096592353991681,20414844.803227171,34.87824896990908,86.047721527851849,true
3,17,500,4.25,0.97847559045500276,2.4796839686640054e-12,6.6719040385191332e-15,0.0026906267584226855,2.4863558727025244e-12,498.65829664374087,1.3417033562591265,1.0026256479674622,0.072323481812204327,21682034.383599028,37.054259974694602,85.801342401779195,true
3,18,500,4.5,0.97847559045500276,2.4796839686640054e-12,7.4795047155732527e-15,0.003016313695653334,2.4871634733795787e-12,498.49637854615764,1.5036214538423642,1.0029425137797385,0.076545110448819453,22947646.809333067,39.229565990188597,85.555078876284242,true
3,19,500,4.75,0.97847559045500276,2.4796839686640054e-12,8.333156443069564e-15,0.0033605719714191119,2.4880171251070751e-12,498.32534182361968,1.6746581763803043,1.0032772242958881,0.080761180106441691,24211592.695090856,41.40412566161892,85.308937619643913,true
3,20,500,5,0.97847559045500276,2.4796839686640054e-12,9.2328429687100355e-15,0.0037233950315388258,2.4889168116327153e-12,498.14520860529416,1.8547913947058243,1.0036297362102113,0.084971394529561942,25473783.225705128,43.577897654790782,85.062925277790328,true
3,21,500,5.25,0.97847559045500276,2.4796839686640054e-12,1.0178547163759882e-14,0.0041047759683843265,2.4898625158277653e-12,497.95600216898401,2.0439978310159792,1.0040000039691843,0.089175459460439241,26734130.184924435,45.750840657456628,84.817048473136666,true
3,22,500,5.5,0.97847559045500276,2.4796839686640054e-12,1.1170251023374566e-14,0.0045047075210123775,2.4908542196873801e-12,497.75774693374541,2.2422530662546185,1.0043879797859061,0.093373082733467519,27992545.983703587,47.92291338072117,84.57131380341265,true
3,23,500,5.75,0.97847559045500276,2.4796839686640054e-12,1.2207935666942192e-14,0.0049231820753027396,2.4918919043309477e-12,497.55046845215787,2.4495315478421449,1.004793613655226,0.097563974367942938,29248943.688014608,50.094074560483115,84.32572784051186,true
3,24,500,6,0.97847559045500276,2.4796839686640054e-12,1.3291581338442839e-14,0.0053601916641030775,2.4929755500024484e-12,497.3341934022518,2.665806597748178,1.0052168533695409,0.10174784665917608,30503237.046161484,52.264282958914855,84.080297129350313,true
3,25,500,6.25,0.97847559045500276,2.4796839686640054e-12,1.4421167406824614e-14,0.0058157279673806154,2.49410513607083e-12,497.10894957909767,2.8910504209023582,1.0056576445352552,0.10592441426788632,31755340.515579909,54.433497365981637,83.835028186737219,true
3,26,500,6.5,0.97847559045500276,2.4796839686640054e-12,1.5596672366397738e-14,0.0062897823123810627,2.495280641030403e-12,496.87476588606137,3.1252341139386304,1.0061159305898923,0.11009339430782358,33005169.289105639,56.601676601001216,83.589927500257133,true
3,27,500,6.75,0.97847559045500276,2.4796839686640054e-12,1.6818073837241585e-14,0.0067823456737927624,2.4965020425012472e-12,496.63167232573312,3.3683276742668999,1.0065916528198484,0.11425450643154243,34252639.320688918,58.768779514245409,83.345001527167526,true
3,28,500,7,0.97847559045500276,2.4796839686640054e-12,1.8085348565633249e-14,0.0072934086739195256,2.4977693172296388e-12,496.37969999053149,3.6203000094685138,1.0070847503787779,0.11840747291430505,35497667.350547932,60.934764988584647,83.100256693306747,true
3,29,500,7.25,0.97847559045500276,2.4796839686640054e-12,1.9398472424488235e-14,0.0078229615828583465,2.4990824410884938e-12,496.11888105299175,3.8811189470082241,1.0075951603066,0.12255201873602738,36740170.929735698,63.099591941176492,82.855699392018366,true
3,30,500,7.5,0.97847559045500276,2.4796839686640054e-12,2.0757420413821375e-14,0.0083709943186852879,2.5004413890778266e-12,495.84924875574131,4.1507512442586787,1.0081228175491157,0.12668787166124729,37980068.444113865,65.263219325199145,82.611335983088139,true
3,31,500,7.75,0.97847559045500276,2.4796839686640054e-12,2.2162166661221714e-14,0.0089374964476469799,2.5018461353252271e-12,495.57083740116963,4.4291625988303922,1.0086676549782236,0.130814762317046,39217279.137712993,67.425606131631056,82.367172791696532,true
3,32,500,8,0.97847559045500276,2.4796839686640054e-12,2.3612684422345482e-14,0.0095224571843594372,2.5032966530863507e-12,495.2836823407979,4.7163176592021285,1.0092296034127224,0.13493242426889285,40451723.135470241,69.586711391077188,82.12321610738563,true
3,33,500,8.25,0.97847559045500276,2.4796839686640054e-12,2.5108946081425746e-14,0.010125865392013583,2.504792914745431e-12,494.98781996435468,5.0121800356453097,1.0098085916396897,0.13904059409436539,41683321.465330087,71.746494175642823,81.879472183042211,true
3,34,500,8.5,0.97847559045500276,2.4796839686640054e-12,2.6650923151797153e-14,0.010747709582586864,2.5063348918158026e-12,494.68328768856406,5.3167123114359534,1.0104045464364233,0.14313901145470265,42911996.079695463,73.904913600855849,81.635947233896246,true
3,35,500,8.75,0.97847559045500276,2.4796839686640054e-12,2.8238586276438984e-14,0.011387977917062255,2.5079225549404444e-12,494.37012394565159,5.6298760543484097,1.011017392592934,0.14722741916416276,44137669.876220658,76.061928827637757,81.39264743653554,true
3,36,500,9,0.97847559045500276,2.4796839686640054e-12,2.9871905228533573e-14,0.012046658205653458,2.509555873892539e-12,494.04836817157616,5.9516318284238192,1.0116470529349755,0.15130556325714395,45360266.71793367,78.217499064324173,81.149578927937128,true
3,37,500,9.25,0.97847559045500276,2.4796839686640054e-12,3.1550848912043026e-14,0.012723737908037479,2.5112348175760483e-12,493.71806079399272,6.2819392060072783,1.0122934483476007,0.15537319305304409,46579711.45268061,80.371583568735232,80.906747804515334,true
3,38,500,9.5,0.97847559045500276,2.4796839686640054e-12,3.327538536229945e-14,0.013419204133592651,2.5129593540263047e-12,493.37924321995399,6.6207567800460208,1.0129564977992289,0.15943006121881945,47795929.931880355,82.524141650296443,80.664160121187265,true
3,39,500,9.75,0.97847559045500276,2.4796839686640054e-12,3.5045481746614778e-14,0.014133043641644564,2.5147294504106203e-12,493.03195782335706,6.9680421766429665,1.0136361183662121,0.16347592382923126,49008849.028586015,84.675132672209941,80.421821890455703,true
3,40,500,10,0.97847559045500276,2.4796839686640054e-12,3.6861104364905469e-14,0.014865242841717993,2.5165450730289108e-12,492.67624793214225,7.3237520678577566,1.0143322252578864,0.16751054042474495,50218396.654842652,86.82451605367676,80.179739081509695,true
3,41,500,10.25,0.97847559045500276,2.4796839686640054e-12,3.8722218650333639e-14,0.015615787793795452,2.5184061873143389e-12,492.31215781525151,7.6878421847485052,1.0150447318420934,0.17153367406706679,51424501.778336808,88.972251272170084,79.937917619343807,true
3,42,500,10.5,0.97847559045500276,2.4796839686640054e-12,4.062878916996644e-14,0.016384664208583106,2.5203127578339717e-12,491.93973266935251,8.0602673306474824,1.0157735496711608,0.17554509139230265,52627094.438333057,91.118297865759544,79.696363383894507,true
3,43,500,10.75,0.97847559045500276,2.4796839686640054e-12,4.2580779625449547e-14,0.017171857447782369,2.5222647482894548e-12,491.55901860533737,8.4409813946626553,1.0165185885083245,0.17954456266171559,53826105.760890737,93.262615435486651,79.455082209196661,true
3,44,500,11,0.97847559045500276,2.4796839686640054e-12,4.4578152853697802e-14,0.017977352524368436,2.5242621215177033e-12,491.17006263460166,8.8299373653983579,1.0172797563545777,0.18353186181007686,55021467.973359272,95.405163647791099,79.214079882558124,true
3,45,500,11.25,0.97847559045500276,2.4796839686640054e-12,4.6620870827604763e-14,0.018801134102876416,2.52630483949161e-12,490.77291265511201,9.2270873448880142,1.0180569594759383,0.18750676649160283,56213114.41814965,97.545902236988113,78.973362143752979,true
3,46,500,11.5,0.97847559045500276,2.4796839686640054e-12,4.8708894656764353e-14,0.019643186499692357,2.5283928633207699e-12,490.36761743726993,9.6323825627300863,1.0188501024311116,0.1914690581234583,57400979.56577643,99.684791007796193,78.73293468423536,true
3,47,500,11.75,0.97847559045500276,2.4796839686640054e-12,5.08421845882127e-14,0.020503493683352421,2.530526153252218e-12,489.95422660957865,10.045773390421317,1.0196590880995393,0.19541852192683695,58584999.027173348,101.82178983791513,78.492803146371514,true
3,48,500,12,0.97847559045500276,2.4796839686640054e-12,5.302070000718459e-14,0.021382039274847948,2.53270466867119e-12,489.53279064412146,10.467209355878524,1.0204838177098188,0.19935494696560613,59765109.565278701,103.95685868065401,78.252973122692367,true
3,49,500,12.25,0.97847559045500276,2.4796839686640054e-12,5.5244399437887049e-14,0.022278806547937402,2.5349283681018923e-12,489.1033608418582,10.896639158141783,1.0213241908684758,0.20327812618252178,60941249.10589236,106.08995756760852,78.013450155165359,true
3,50,500,12.5,0.97847559045500276,2.4796839686640054e-12,5.7513240544287844e-14,0.023193778429464382,2.5371972092082931e-12,488.66598931774911,11.334010682250883,1.0221801055890776,0.20718785643301194,62113356.747803763,108.22104661138711,77.774239734487196,true
3,51,500,12.75,0.97847559045500276,2.4796839686640054e-12,5.9827180130923065e-14,0.024126937499683285,2.5395111487949285e-12,488.2207289857119,11.779271014288081,1.0230514583216701,0.21108393851654225,63281372.772195078,110.35008600838525,77.535347299395653,true
3,52,500,13,0.97847559045500276,2.4796839686640054e-12,6.2186174143718143e-14,0.025078265992590408,2.5418701428077236e-12,487.76763354342171,12.232366456578292,1.0239381439825248,0.21496617720556105,64445238.651318721,112.47703604160738,77.296778236002652,true
3,53,500,13.25,0.97847559045500276,2.4796839686640054e-12,6.4590177670827831e-14,0.026047745796262692,2.5442741463348334e-12,487.30675745696004,12.693242543039934,1.024840055984179,0.21883438127204372,65604897.05645515,114.60185708353551,77.058537877147046,true
3,54,500,13.5,0.97847559045500276,2.4796839686640054e-12,6.703914494349029e-14,0.027035358453202155,2.5467231136074955e-12,486.83815594532228,13.161844054677719,1.0257570862657548,0.2226883635116409,66760291.865152337,116.72450959904369,76.820631501768574,true
3,55,500,13.75,0.97847559045500276,2.4796839686640054e-12,6.9533029336898346e-14,0.028041085160687266,2.5492169980009038e-12,486.36188496478997,13.638115035210058,1.0266891253235408,0.22652794076545049,67911368.167752802,118.8449541483573,76.583064334301952,true
3,56,500,14,0.97847559045500276,2.4796839686640054e-12,7.2071783371088365e-14,0.029064906771131372,2.5517557520350937e-12,485.87800119317666,14.121998806823337,1.0276360622418226,0.23035293393943049,69058072.273213491,120.96315139005659,76.345841544091698,true
3,57,500,14.25,0.97847559045500276,2.4796839686640054e-12,7.4655358711842948e-14,0.030106803792446776,2.5543393273758483e-12,485.38656201395554,14.613437986044458,1.0285977847239449,0.23416316802146567,70200351.714222193,123.07906208412308,76.108968244828134,true
3,58,500,14.5,0.97847559045500276,2.4796839686640054e-12,7.7283706171611908e-14,0.031166756388416112,2.5569676748356173e-12,484.88762550027536,15.112374499724625,1.0295741791235904,0.23795847209611729,71338155.251619413,125.19264709502751,75.872449494003533,true
3,59,500,14.75,0.97847559045500276,2.4796839686640054e-12,7.9956775710448107e-14,0.032244744379069767,2.5596407443744535e-12,484.3812503988741,15.618749601125883,1.0305651304762611,0.2417386793570718,72471432.878130421,127.30386739485874,75.636290292389774,true
3,60,500,15,0.97847559045500276,2.4796839686640054e-12,8.2674516436960478e-14,0.033340747241070216,2.5623584851009657e-12,483.867496113897,16.132503886102967,1.0315705225309444,0.24550362711731871,73600135.821416438,129.41268406649181,75.400495583536411,true
3,61,500,15.25,0.97847559045500276,2.4796839686640054e-12,8.5436876609283492e-14,0.034454744108102953,2.5651208452732888e-12,483.34642269062749,16.653577309372537,1.0325902377819527,0.24925315681708191,74724216.546452448,131.51905830679439,75.16507025328967,true
3,62,500,15.5,0.97847559045500276,2.4796839686640054e-12,8.8243803636061503e-14,0.035586713771273509,2.567927772300067e-12,482.8180907991383,17.181909200861678,1.0336241575009149,0.25298711402953239,75843628.757239804,133.62295142986937,74.930019129332479,true
3,63,500,15.75,0.97847559045500276,2.4796839686640054e-12,9.1095244077449426e-14,0.036736634679510945,2.5707792127414548e-12,482.28256171787183,17.717438282128146,1.0346721617689107,0.25670534846431281,76958327.397862867,135.72432487033333,74.695346980745484,true
3,64,500,16,0.97847559045500276,2.4796839686640054e-12,9.3991143646131773e-14,0.037904484939978847,2.573675112310137e-12,481.73989731715494,18.260102682845059,1.0357341295087317,0.26040771396890994,78068268.652900442,137.82314018662848,74.461058517588256,true
3,65,500,16.25,0.97847559045500276,2.4796839686640054e-12,9.693144720835525e-14,0.039090242318491737,2.5766154158723606e-12,481.19016004265865,18.80983995734135,1.0368099385172473,0.2640940685279024,79173409.947200298,139.91935906436714,74.227158390501927,true
3,66,500,16.5,0.97847559045500276,2.4796839686640054e-12,9.9916098784978385e-14,0.040293884239938363,2.5796000674489837e-12,480.6334128988089,19.366587101191104,1.0378994654978724,0.26776427426012134,80273709.945027903,142.01294331970666,73.993651190332358,true
3,67,500,16.75,0.97847559045500276,2.4796839686640054e-12,1.0294504155253727e-13,0.041515387788711479,2.5826290102165426e-12,480.06971943215615,19.93028056784388,1.0390025860931098,0.27141819741376116,81369128.548600703,144.10385490275371,73.760541447773861,true
3,68,500,17,0.97847559045500276,2.4796839686640054e-12,1.0601821784432788e-13,0.042754729709144339,2.5857021865083335e-12,479.49914371471135,20.500856285288638,1.0401191749171619,0.27505570835947774,82459626.896018982,146.19205590099588,73.527833633033609,true
3,69,500,17.25,0.97847559045500276,2.4796839686640054e-12,1.0913556915150323e-13,0.044011886405953125,2.5888195378155088e-12,478.92175032725652,21.078249672743457,1.0412491055885913,0.27867668158151121,83545167.35860458,148.2775085427588,73.295532155516625,true
3,70,500,17.5,0.97847559045500276,2.4796839686640054e-12,1.1229703612418832e-13,0.045286833944686619,2.5919810047881937e-12,478.33760434263581,21.662395657364161,1.0423922507630186,0.28228099566687664,84625713.537660301,150.36017520068785,73.063641363530891,true
3,71,500,17.75,0.97847559045500276,2.4796839686640054e-12,1.1550255857260906e-13,0.046579548052181459,2.5951865272366144e-12,477.74677130903621,22.253228690963798,1.0435484821658421,0.28586853329265927,85701230.260661155,152.44001839525134,72.832165544013066,true
3,72,500,18,0.97847559045500276,2.4796839686640054e-12,1.1875207546823874e-13,0.047890004117024446,2.5984360441322442e-12,477.14931723326362,22.850682766736398,1.0447176706249648,0.28943918121146234,86771683.576891705,154.51700079826443,72.601108922274179,true
3,73,500,18.25,0.97847559045500276,2.4796839686640054e-12,1.2204552494495938e-13,0.049218177190020952,2.6017294936089649e-12,476.54530856402272,23.454691435977278,1.0458996861035155,0.29299283023504497,87837040.752540842,156.59108523643164,72.370475661765525,true
3,74,500,18.5,0.97847559045500276,2.4796839686640054e-12,1.2538284430024095e-13,0.050564041984670426,2.6050668129642463e-12,475.93481217520662,24.06518782479338,1.0470943977325504,0.29652937521619971,88897270.265268788,158.66223469490566,72.140269863864276,true
3,75,500,18.75,0.97847559045500276,2.4796839686640054e-12,1.2876396999633307e-13,0.051927572877646995,2.6084479386603384e-12,475.31789534920438,24.682104650795598,1.0483016738437188,0.30004871502890795,89952341.798257858,160.73041232086109,71.910495567678979,true
3,76,500,19,0.97847559045500276,2.4796839686640054e-12,1.321888376614765e-13,0.053308743909288039,2.6118728063254819e-12,474.69462576023244,25.305374239767556,1.0495213820018827,0.30355075254682684,91002226.23376298,162.79558142708112,71.68115674987456,true
3,77,500,19.25,0.97847559045500276,2.4796839686640054e-12,1.3565738209112788e-13,0.054707528784088098,2.6153413507551331e-12,474.06507145769723,25.934928542302753,1.0507533890376759,0.30703539462014656,92046895.646173716,164.8577054955544,71.452257324516751,true
3,78,500,19.5,0.97847559045500276,2.4796839686640054e-12,1.3916953724920056e-13,0.056123900871199235,2.6188535059132059e-12,473.42930084959613,26.570699150403893,1.0519975610799874,0.31050255205086841,93086323.294602782,166.91674818108154,71.223801142936011,true
3,79,500,19.75,0.97847559045500276,2.4796839686640054e-12,1.4272523626932356e-13,0.057557833204938819,2.6224092049333289e-12,472.7873826859618,27.212617314038173,1.053253763588359,0.31395213956655338,94120483.615016088,168.97267331488771,70.995791993609856,true
3,80,500,20,0.97847559045500276,2.4796839686640054e-12,1.4632441145611256e-13,0.059009298485302002,2.6260083801201178e-12,472.13938604235921,27.860613957640805,1.0545218613852829,0.31738407579258116,95149352.211916208,171.02544490824059,70.768233602064953,true
3,81,500,20.25,0.97847559045500276,2.4796839686640054e-12,1.499669942864604e-13,0.060478269078482222,2.6296509629504656e-12,471.48538030343815,28.514619696561859,1.0558017186883863,0.32079828322297771,96172905.849596649,173.0750271560706,70.541129630796945,true
3,82,500,20.5,0.97847559045500276,2.4796839686640054e-12,1.5365291541084067e-13,0.061964717017396857,2.6333368840748462e-12,470.82543514655123,29.174564853448782,1.0570931991424921,0.32419468818985103,97191122.442979008,175.12138444059229,70.314483679209488,true
3,83,500,20.75,0.97847559045500276,2.4796839686640054e-12,1.5738210465462784e-13,0.063468614002219634,2.6370660733186334e-12,470.15962052544074,29.840379474559256,1.0583961658515415,0.32757322083148932,98203981.048048988,177.16448133492423,70.088299283571018,true
3,84,500,21,0.97847559045500276,2.4796839686640054e-12,1.6115449101943471e-13,0.064989931400919979,2.6408384596834401e-12,469.48800665400177,30.511993345998235,1.0597104814103695,0.33093381505916936,99211461.851905793,179.20428260670542,69.86257991698966,true
3,85,500,21.25,0.97847559045500276,2.4796839686640054e-12,1.6497000268446234e-13,0.066528640249807411,2.6446539713484676e-12,468.81066399012747,31.189336009872537,1.061036007936319,0.33427640852272028,100213546.16243847,181.24075322170646,69.637328989405987,true
3,86,500,21.5,0.97847559045500276,2.4796839686640054e-12,1.6882856700786888e-13,0.068084711254083594,2.6485125356718741e-12,468.12766321964182,31.8723367803582,1.0623726071006834,0.33760094257489792,101210216.3976455,183.27385834743319,69.412549847603145,true
3,87,500,21.75,0.97847559045500276,2.4796839686640054e-12,1.7273011052815152e-13,0.069658114788399589,2.6524140791921569e-12,467.43907524032602,32.560924759673981,1.0637201401599659,0.34090736223461282,102201456.07461095,185.3035633567207,69.188245775234407,true
3,88,500,22,0.97847559045500276,2.4796839686640054e-12,1.7667455896554539e-13,0.071248820897420018,2.6563585276295508e-12,466.74497114604401,33.255028853955963,1.0650784679869454,0.34419561614906469,103187249.7981526,187.32983383131582,68.964419992867661,true
3,89,500,22.25,0.97847559045500276,2.4796839686640054e-12,1.806618372234383e-13,0.072856799296393646,2.6603458058874435e-12,466.04542221097216,33.954577789027837,1.0664474511015387,0.34746565655483036,104167583.2491564,189.35263556544601,68.741075658046682,true
3,90,500,22.5,0.97847559045500276,2.4796839686640054e-12,1.8469186938979965e-13,0.074482019371729546,2.6643758380538051e-12,465.34049987393894,34.659500126061033,1.0678269497014456,0.35071743923795323,105142443.17261165,191.37193456937246,68.518215865368816,true
3,91,500,22.75,0.97847559045500276,2.4796839686640054e-12,1.8876457873862608e-13,0.076124450181580164,2.6684485474026314e-12,464.63027572287979,35.36972427712022,1.0692168236925716,0.35395092349308438,106111817.36536171,193.38769707292556,68.295843646579158,true
3,92,500,23,0.97847559045500276,2.4796839686640054e-12,1.928798877314022e-13,0.077784060456430382,2.6725638563954078e-12,463.91482147941139,36.085178520588634,1.0706169327192143,0.3571660720817208,107075694.66358426,195.39988952902081,68.073961970680386,true
3,93,500,23.25,0.97847559045500276,2.4796839686640054e-12,1.9703771801857726e-13,0.079460818599692964,2.6767216866825825e-12,463.19420898353133,36.80579101646866,1.0720271361940052,0.36036285118959188,108034064.93001598,197.40847861715272,67.852573744058347,true
3,94,500,23.5,0.97847559045500276,2.4796839686640054e-12,2.0123799044105567e-13,0.081154692688309757,2.6809219591050611e-12,462.46851017844762,37.531489821552363,1.0734472933275987,0.36354123038323538,108986919.04093441,199.41343124686523,67.631681810623434,true
3,95,500,23.75,0.97847559045500276,2.4796839686640054e-12,2.054806250317052e-13,0.082865650473359823,2.6851645936957105e-12,461.73779709554168,38.262202904458299,1.0748772631580978,0.36670118256581852,109934248.87291348,201.41471456119638,67.411288951966341,true
3,96,500,24,0.97847559045500276,2.4796839686640054e-12,2.0976554101687868e-13,0.084593659380673161,2.6894495096808842e-12,461.00214183947099,38.997858160528985,1.0763169045802081,0.36984268393224057,110876047.2893635,203.4122959400955,67.191397887529334,true
3,97,500,24.25,0.97847559045500276,2.4796839686640054e-12,2.1409265681795241e-13,0.08633868651145106,2.6937766254819578e-12,460.2616165734143,39.738383426585706,1.0777660763741115,0.37296571392357186,111812308.12687244,205.40614300381097,66.972011274791697,true
3,98,500,24.5,0.97847559045500276,2.4796839686640054e-12,2.1846189005287904e-13,0.088100698642892425,2.6981458587168844e-12,459.51629350446427,40.483706495535714,1.0792246372340526,0.37607025518086684,112743026.18135931,207.3962236162462,66.753131709469415,true
3,99,500,24.75,0.97847559045500276,2.4796839686640054e-12,2.2287315753775597e-13,0.089879662228826165,2.7025571262017615e-12,458.76624486917189,41.233755130828122,1.080692445796628,0.3791562934984013,113668197.19405514,209.38250588828285,66.53476172572897,true
3,100,500,25,0.97847559045500276,2.4796839686640054e-12,2.2732637528840869e-13,0.091675543400349807,2.7070103439524139e-12,458.01154291924553,41.988457080754479,1.0821693606687717,0.38222381777637426,114587817.83732334,211.36495818106852,66.316903796414735,true
3,101,500,25.25,0.97847559045500276,2.4796839686640054e-12,2.3182145852199054e-13,0.093488307966474615,2.7115054271859958e-12,457.25225990740961,42.747740092590405,1.0836552404554287,0.38527281997312113,115501885.70033348,213.34354910926794,66.099560333289503,true
3,102,500,25.5,0.97847559045500276,2.4796839686640054e-12,2.363583216585963e-13,0.09531792141477631,2.7160422903226019e-12,456.48846807342562,43.511531926574399,1.0851499437869132,0.38830329505687605,116410399.27460012,215.31824754427524,65.882733687288237,true
3,103,500,25.75,0.97847559045500276,2.4796839686640054e-12,2.4093687832289175e-13,0.097164348912052209,2.7206208469868971e-12,455.72023963027948,44.279760369720513,1.0866533293459366,0.39131524095713122,117313357.93940064,217.28902261738577,65.666426148784566,true
3,104,500,26,0.97847559045500276,2.4796839686640054e-12,2.4555704134575752e-13,0.099027555304984208,2.7252410100097631e-12,454.94764675053864,45.052353249461383,1.0881652558943082,0.39430865851562802,118210761.94708276,219.2558437229261,65.450639947869632,true
3,105,500,26.25,0.97847559045500276,2.4796839686640054e-12,2.5021872276594994e-13,0.10090750512080852,2.7299026914299551e-12,454.17076155288112,45.829238447118861,1.0896855822992955,0.39728355143702754,119102612.40827592,221.21868052133991,65.235377254642827,true
3,106,500,26.5,0.97847559045500276,2.4796839686640054e-12,2.5492183383177376e-13,0.1028041625679903,2.734605802495779e-12,453.38965608880164,46.61034391119837,1.0912141675596412,0.40023992623929117,119988911.27701579,223.17750294222856,65.020640179514956,true
3,107,500,26.75,0.97847559045500276,2.4796839686640054e-12,2.5966628500277432e-13,0.10471749153690593,2.7393502536667796e-12,452.60440232949475,47.395597670505239,1.0927508708312308,0.40317779220382077,120869661.33579667,225.13228118734494,64.806430773521981,true
3,108,500,27,0.97847559045500276,2.4796839686640054e-12,2.6445198595143998e-13,0.10664745560052977,2.7441359546154454e-12,451.81507215292118,48.184927847078818,1.0942955514524042,0.40609716132538481,121744866.18055965,227.08298573353849,64.592751028650781,true
3,109,500,27.25,0.97847559045500276,2.4796839686640054e-12,2.6927884556492335e-13,0.10859401801512811,2.7489628142289287e-12,451.02173733105684,48.978262668943167,1.0958480689689087,0.40899804826187763,122614530.20563093,229.02958733564975,64.379602878175291,true
3,110,500,27.5,0.97847559045500276,2.4796839686640054e-12,2.7414677194677478e-13,0.1105571417209583,2.7538307406107801e-12,450.22446951732934,49.775530482670661,1.0974082831584844,0.41188047028394087,123478658.58861859,230.9720570293546,64.16698819700332,true
3,111,500,27.75,0.97847559045500276,2.4796839686640054e-12,2.7905567241869324e-13,0.11253678934297494,2.7587396410826988e-12,449.42334023424286,50.576659765757135,1.0989760540550819,0.41474444722448739,124337257.27528036,232.91036613395414,63.954908802033614,true
3,112,500,28,0.97847559045500276,2.4796839686640054e-12,2.8400545352228956e-13,0.11453292319154079,2.763689422186295e-12,448.61842086119452,51.381579138805506,1.1005512419727064,0.41759000142815789,125190332.96437097,234.84448625511124,63.743366452522899,true
3,113,500,28.25,0.97847559045500276,2.4796839686640054e-12,2.8899602102086681e-13,0.11654550526314487,2.7686799896848722e-12,447.80978262248357,52.190217377516419,1.1021337075288806,0.42041715770074745,126037893.0924807,236.77438928753088,63.532362850462377,true
3,114,500,28.5,0.97847559045500276,2.4796839686640054e-12,2.940272799012132e-13,0.11857449724112548,2.7737112485652187e-12,446.99749657551644,53.002503424483564,1.1037233116677296,0.42322594325863089,126879945.81887348,238.7000474175837,63.321899640963871,true
3,115,500,28.75,0.97847559045500276,2.4796839686640054e-12,2.9909913437541234e-13,0.12061986049640021,2.7787831030394176e-12,446.1816335992076,53.818366400792378,1.1053199156826781,0.42601638767822303,127716500.0103354,240.6214331258717,63.111978412654452,true
3,116,500,29,0.97847559045500276,2.4796839686640054e-12,3.0421148788266582e-13,0.12268155608820092,2.7838954565466714e-12,445.36226438258029,54.637735617419693,1.1069233812387582,0.42878852284550001,128547565.2260416,242.53851918973371,62.902600698080384,true
3,117,500,29.25,0.97847559045500276,2.4796839686640054e-12,3.0936424309113179e-13,0.12475954476481528,2.7890482117551371e-12,444.53945941356636,55.460540586433623,1.1085335703945285,0.43154238290561481,129373151.70245144,244.45127868569105,62.693767974118927,true
3,118,500,29.5,0.97847559045500276,2.4796839686640054e-12,3.1455730189977934e-13,0.12685378696433455,2.7942412705637847e-12,443.7132889680081,56.286711031991906,1.1101503456235968,0.43427800421263446,130193270.33824004,246.35968499183173,62.485481662398449,true
3,119,500,29.75,0.97847559045500276,2.4796839686640054e-12,3.1979056544025404e-13,0.12896424281540586,2.7994745341042594e-12,442.88382309886299,57.116176901137017,1.1117735698357449,0.43699542527942659,131007932.67927463,248.2637117901308,62.277743129726503,true
3,120,500,30,0.97847559045500276,2.4796839686640054e-12,3.2506393407876148e-13,0.13109087213799192,2.8047479027427671e-12,442.05113162561224,57.948868374387764,1.1134031063976566,0.43969468672772333,131817150.90364416,250.16333306870825,62.070553688525145,true
3,121,500,30.25,0.97847559045500276,2.4796839686640054e-12,3.303773074179647e-13,0.13323363444413608,2.8100612760819702e-12,441.21528412387414,58.78471587612588,1.1150388191532437,0.4423758312383882,132620937.80674958,252.05852312402206,61.863914597273386,true
3,122,500,30.5,0.97847559045500276,2.4796839686640054e-12,3.3573058429889359e-13,0.13539248893873246,2.815414552962899e-12,440.37634991522373,59.623650084776301,1.116680572443568,0.44503890350190994,133419306.7864624,253.9492565629948,61.657827060956897,true
3,123,500,30.75,0.97847559045500276,2.4796839686640054e-12,3.4112366280287377e-13,0.13756739452030375,2.8208076314668793e-12,439.53439805721843,60.465601942781596,1.1183282311263607,0.44768395016915086,134212271.82835925,255.83550830507517,61.45229223152392,true
3,124,500,31,0.97847559045500276,2.4796839686640054e-12,3.4655644025346389e-13,0.1397583097817825,2.8262404089174692e-12,438.68949733363183,61.310502666368166,1.1199816605951352,0.45031101980236754,134999847.49103844,257.71725358423112,61.247311208347817,true
3,125,500,31.25,0.97847559045500276,2.4796839686640054e-12,3.5202881321841281e-13,0.14196519301130037,2.831712781882418e-12,437.84171624489454,62.158283755105465,1.121640726797893,0.4529201628265323,135782048.89152634,259.59446795087615,61.042885038695459,true
3,126,500,31.5,0.97847559045500276,2.4796839686640054e-12,3.575406775116272e-13,0.1441880021929817,2.8372246461756328e-12,436.99112299874361,63.008877001256387,1.123305296255422,0.45551143148097262,136558891.69077936,261.46712727372625,60.839014718201383,true
3,127,500,31.75,0.97847559045500276,2.4796839686640054e-12,3.6309192819515664e-13,0.14642669500774405,2.8427758968591619e-12,436.13778550108043,63.862214498919592,1.1249752360791887,0.45808487977135043,137330392.07928762,263.33520774158774,60.635701191347508,true
3,128,500,32,0.97847559045500276,2.4796839686640054e-12,3.6868245958118947e-13,0.14868122883410292,2.848366428245195e-12,435.28177134703748,64.718228652962537,1.1266504139888187,0.4606405634220011,138096566.7627866,265.19868586507499,60.432945351947943,true
3,129,500,32.25,0.97847559045500276,2.4796839686640054e-12,3.7431216523406677e-13,0.15095156074898416,2.8539961338980723e-12,434.42314781225366,65.57685218774634,1.128330698329171,0.46317853982865126,138857432.94808227,267.05753847825883,60.230748043638798,true
3,130,500,32.5,0.97847559045500276,2.4796839686640054e-12,3.7998093797230842e-13,0.15323764752854094,2.8596649066363137e-12,433.56198184435851,66.438018155641473,1.1300159580870031,0.46569886801153249,139613008.3289949,268.91174274024229,60.02911006037251,true
3,131,500,32.75,0.97847559045500276,2.4796839686640054e-12,3.8568866987065255e-13,0.15553944564897615,2.8653726385346578e-12,432.69834005466521,67.301659945334805,1.1317060629072266,0.46820160856890786,140363311.07242674,270.7612761366662,59.828032146916726,true
3,132,500,33,0.97847559045500276,2.4796839686640054e-12,3.9143525226211106e-13,0.15785691128737145,2.8711192209261164e-12,431.83228871007162,68.167711289928363,1.1334008831087576,0.47068682363102832,141108359.80455846,272.60611648114309,59.62751499935716,true
3,133,500,33.25,0.97847559045500276,2.4796839686640054e-12,3.9722057574003905e-13,0.16019000032252176,2.8769045444040446e-12,430.96389372516978,69.036106274830189,1.1351002896999576,0.47315457681453421,141848173.59717903,274.44624191661802,59.427559265604266,true
3,134,500,33.5,0.97847559045500276,2.4796839686640054e-12,4.0304453016021697e-13,0.16253866833577496,2.8827284988242223e-12,430.09322065456274,69.906779345437258,1.1368041543936687,0.475604933177316,142582771.95415333,276.28163091665789,59.228165545903757,true
3,135,500,33.75,0.97847559045500276,2.4796839686640054e-12,4.0890700464294757e-13,0.16490287061187758,2.8885909733069528e-12,429.22033468538859,70.779665314611421,1.1385123496218439,0.47803795917384684,143312174.79803118,278.11226228666766,59.029334393350105,true
3,136,500,34,0.97847559045500276,2.4796839686640054e-12,4.1480788757516708e-13,0.16728256213982609,2.8944918562391725e-12,428.34530063005099,71.654699369949,1.1402247485497732,0.48045372261100344,144036402.4568029,279.93811516503382,58.831066314403515,true
3,137,500,34.25,0.97847559045500276,2.4796839686640054e-12,4.2074706661257077e-13,0.16967769761372425,2.9004310352765763e-12,427.46818291915537,72.531817080844618,1.1419412250899075,0.48285229260438289,144755475.65080318,281.75916902419453,58.633361769409369,true
3,138,500,34.5,0.97847559045500276,2.4796839686640054e-12,4.2672442868175057e-13,0.17208823143364496,2.9064083973457558e-12,426.58904559465009,73.410954405349884,1.14366165391528,0.48523373953512977,145469415.47976834,283.57540367163756,58.436221173120721,true
3,139,500,34.75,0.97847559045500276,2.4796839686640054e-12,4.3273985998234909e-13,0.17451411770649911,2.9124238286463543e-12,425.70795230317162,74.292047696828405,1.1453859104725308,0.48759813500728372,146178243.41004944,285.38679925082346,58.239644895222668,true
3,140,500,35,0.97847559045500276,2.4796839686640054e-12,4.3879324598922547e-13,0.17695531024690894,2.918477214653231e-12,424.82496628959251,75.175033710407476,1.1471138709945314,0.48994555180565652,146881981.26198411,287.19333624203688,58.043633260859238,true
3,141,500,35.25,0.97847559045500276,2.4796839686640054e-12,4.4488447145463571e-13,0.17941176257808727,2.9245684401186412e-12,423.94015039077215,76.059849609227825,1.1488454125126157,0.49227606385424844,147580651.1974301,288.99499546316417,57.848186551162179,true
3,142,500,35.5,0.97847559045500276,2.4796839686640054e-12,4.5101342041042732e-13,0.18188342793272266,2.9306973890744326e-12,423.05356702950735,76.946432970492651,1.1505804128684183,0.49458974617521168,148274275.70746282,290.79175807039763,57.653305003781135,true
3,143,500,35.75,0.97847559045500276,2.4796839686640054e-12,4.5717997617024687e-13,0.18437025925386957,2.9368639448342522e-12,422.16527820868311,77.834721791316881,1.1523187507253194,0.49688667484837018,148962877.60023966,292.58360555886691,57.45898881341558,true
3,144,500,36,0.97847559045500276,2.4796839686640054e-12,4.6338402133176164e-13,0.18687220919584438,2.943067989995767e-12,421.27534550562183,78.724654494378186,1.1540603055795056,0.49916692697130105,149646479.98903283,294.37051976319799,57.265238132347918,true
3,145,500,36.25,0.97847559045500276,2.4796839686640054e-12,4.6962543777889485e-13,0.18938923012512673,2.9493094064429002e-12,420.383830066629,79.616169933370969,1.155804957770642,0.50143058061998524,150325106.28043255,296.15248285799856,57.072053070977617,true
3,146,500,36.5,0.97847559045500276,2.4796839686640054e-12,4.759041066840739e-13,0.19192127412126622,2.9555880753480795e-12,419.49079260173517,80.509207398264849,1.1575525884921629,0.50367771481003265,150998780.16272268,297.9294773582717,56.879433698356216,true
3,147,500,36.75,0.97847559045500276,2.4796839686640054e-12,4.8221990851049315e-13,0.19446829297779497,2.9619038771744986e-12,418.59629337963094,81.403706620369064,1.159303079801183,0.50590840945848725,151667525.59443033,299.70148611975708,56.687380042722872,true
3,148,500,37,0.97847559045500276,2.4796839686640054e-12,4.8857272301439047e-13,0.19703023820314564,2.9682566916783957e-12,417.70039222279524,82.299607777204727,1.161056314628031,0.50812274534621815,152331366.7930508,301.46849233920057,56.495892092040471,true
3,149,500,37.25,0.97847559045500276,2.4796839686640054e-12,4.9496242924733448e-13,0.19960706102157383,2.9746463979113399e-12,416.80314850281457,83.196851497185406,1.1628121767854114,0.51032080408089531,152990328.22394803,303.23047955455178,56.304969794531921,true
3,150,500,37.5,0.97847559045500276,2.4796839686640054e-12,5.0138890555852954e-13,0.20219871237408771,2.981072874222535e-12,415.90462113589024,84.09537886410979,1.164570550977194,0.51250266806056233,153644434.58943409,304.98743164509131,56.114613059216474,true
3,151,500,37.75,0.97847559045500276,2.4796839686640054e-12,5.0785202959712982e-13,0.20480514291938112,2.9875359982611352e-12,415.00486857853429,84.9951314214657,1.1663313228068384,0.51466842043779959,154293710.81802538,306.73933283148659,55.924821756445944,true
3,152,500,38,0.97847559045500276,2.4796839686640054e-12,5.1435167831457066e-13,0.20742630303477386,2.9940356469785761e-12,414.10394882345048,85.89605117654952,1.168094378785455,0.51681814508448787,154938182.05387923,308.48616767577806,55.735595718440642,true
3,153,500,38.25,0.97847559045500276,2.4796839686640054e-12,5.2088772796690866e-13,0.21006214281715527,3.0005716966309141e-12,413.20191939559902,86.79808060440098,1.1698596063395044,0.51895192655716849,155577873.646409,310.22792108129522,55.546934739824835,true
3,154,500,38.5,0.97847559045500276,2.4796839686640054e-12,5.2746005411718051e-13,0.2127126120839356,3.0071440227811861e-12,412.29883734844299,87.701162651557013,1.1716268938181449,0.52106985006300666,156212811.14008021,311.96457829250375,55.358838578161425,true
3,155,500,38.75,0.97847559045500276,2.4796839686640054e-12,5.3406853163777002e-13,0.21537766037400058,3.0137525003017755e-12,411.39475926037517,88.605240739624804,1.1733961305002241,0.52317200142635245,156843020.2643857,313.69612489478379,55.171306954485956,true
3,156,500,39,0.97847559045500276,2.4796839686640054e-12,5.4071303471279116e-13,0.21805723694867232,3.0203970033767966e-12,410.48974123132234,89.510258768677645,1.175167206600924,0.5252584670559074,157468526.9240025,315.42254681414067,54.984339553839554,true
3,157,500,39.25,0.97847559045500276,2.4796839686640054e-12,5.4739343684048332e-13,0.22075129079267544,3.0270774055044889e-12,409.58383887952556,90.416161120474456,1.1769400132780619,0.52732933391248993,158089357.1891281,317.1438303168477,54.797936025800766,true
3,158,500,39.5,0.97847559045500276,2.4796839686640054e-12,5.5410961083561903e-13,0.22345977061510788,3.0337935794996244e-12,408.67710733849424,91.322892661505762,1.1787144426380514,0.52938468947740325,158705537.28599745,318.85996200902207,54.612095985016005,true
3,159,500,39.75,0.97847559045500276,2.4796839686640054e-12,5.6086142883192743e-13,0.22618262485041843,3.0405453974959326e-12,407.76960125413194,92.230398745868044,1.1804903877415271,0.53142462172140315,159317093.58757964,320.57092883613592,54.426819011728661,true
3,160,500,40,0.97847559045500276,2.4796839686640054e-12,5.6764876228452561e-13,0.22891980165938697,3.0473327309485309e-12,406.86137478203182,93.138625217968212,1.1822677426086372,0.5334492190742649,159924052.60445437,322.27671808246026,54.242104652306601,true
3,161,500,40.25,0.97847559045500276,2.4796839686640054e-12,5.7447148197236891e-13,0.23167124893011284,3.0541554506363743e-12,405.95248158493865,94.047518415061361,1.1840464022240098,0.53545857039494815,160526440.97586754,323.97731737044592,54.057952419767815,true
3,162,500,40.5,0.97847559045500276,2.4796839686640054e-12,5.8132945800070878e-13,0.23443691427900598,3.0610134266647144e-12,405.04297483037726,94.957025169622725,1.1858262625413942,0.53745276494235539,161124285.46096495,325.67271466003962,53.87436179430432,true
3,163,500,40.75,0.97847559045500276,2.4796839686640054e-12,5.8822255980356766e-13,0.23721674505178494,3.067906528467573e-12,404.13290718844257,95.867092811557441,1.1876072204879864,0.5394318923466862,161717612.93020445,327.36289824793721,53.691332223804054,true
3,164,500,41,0.97847559045500276,2.4796839686640054e-12,5.9515065614622278e-13,0.24001068832447861,3.0748346248102283e-12,403.22233082975083,96.777669170249141,1.1893891739684368,0.54139604258137874,162306450.3569442,329.04785676677506,53.508863124370528,true
3,165,500,41.25,0.97847559045500276,2.4796839686640054e-12,6.0211361512770695e-13,0.24281869090443464,3.0817975837917124e-12,402.31129742354915,97.688702576450851,1.1911720218685518,0.54334530593564057,162890824.80920768,330.72757918425941,53.326953880840328,true
3,166,500,41.5,0.97847559045500276,2.4796839686640054e-12,6.0911130418331838e-13,0.24564069933133173,3.0887952728473239e-12,401.39985813598042,98.600141864019577,1.1929556640586871,0.54527977298756303,163470763.44162351,332.40205480223614,53.145603847298148,true
3,167,500,41.75,0.97847559045500276,2.4796839686640054e-12,6.1614359008714337e-13,0.24847665987819684,3.0958275587511488e-12,400.48806362850286,99.511936371497157,1.1947400013968428,0.54719953457781434,164046293.48753896,334.07127325569917,52.964812347589493,true
3,168,500,42,0.97847559045500276,2.4796839686640054e-12,6.2321033895459602e-13,0.25132651855242943,3.1028943076186012e-12,399.57596405645938,100.42403594354063,1.1965249357314607,0.54910468178391203,164617442.2513068,335.7352245117421,52.784578675830495,true
3,169,500,42.25,0.97847559045500276,2.4796839686640054e-12,6.3031141624496387e-13,0.25419022109682815,3.1099953849089695e-12,398.66360906779715,101.33639093220283,1.1983103699039324,0.55099530589506429,165184237.1007432,337.39389886845038,52.604902096915332,true
3,170,500,42.5,0.97847559045500276,2.4796839686640054e-12,6.374466867639716e-13,0.25706771299062464,3.117130655427977e-12,397.7510478019326,102.24895219806741,1.2000962077508188,0.55287149838758198,165746705.45975623,339.04728695373757,52.425781847020559,true
3,171,500,42.75,0.97847559045500276,2.4796839686640054e-12,6.4461601466635377e-13,0.25995893945052101,3.1242999833303594e-12,396.83832888876071,103.16167111123927,1.2018823541057893,0.55473335090085185,166304874.8011429,340.69537972412479,52.24721713410667,true
3,172,500,43,0.97847559045500276,2.4796839686640054e-12,6.5181926345844143e-13,0.26286384543173302,3.1315032321224467e-12,395.92550044780626,104.07449955219371,1.2036687148012835,0.55658095521386841,166858772.63955352,342.33816846346565,52.069207138416623,true
3,173,500,43.25,0.97847559045500276,2.4796839686640054e-12,6.5905629600076067e-13,0.26578237562903811,3.1387402646647662e-12,395.01261008751368,104.98738991248632,1.2054551966698992,0.55841440322232039,167408426.52462256,343.97564478161729,51.891751012971227,true
3,174,500,43.5,0.97847559045500276,2.4796839686640054e-12,6.6632697451064373e-13,0.26871447447782826,3.1460109431746492e-12,394.09970490467344,105.90029509532653,1.2072417075455173,0.56023378691622328,167953864.03426281,345.60780061305763,51.714847884061271,true
3,175,500,43.75,0.97847559045500276,2.4796839686640054e-12,6.7363116056485296e-13,0.27166008615516812,3.1533151292288584e-12,393.1868314839835,106.81316851601653,1.209028156264158,0.5620391983580959,168495112.76812315,347.23462821545127,51.538496851736504,true
3,176,500,44,0.97847559045500276,2.4796839686640054e-12,6.8096871510221402e-13,0.27461915458085723,3.1606526837662192e-12,392.27403589774144,107.72596410225859,1.2108144526645839,0.56383072966167247,169032200.34120631,348.85612016816378,51.362696990291134,true
3,177,500,44.25,0.97847559045500276,2.4796839686640054e-12,6.8833949842626565e-13,0.27759162341849819,3.1680234670902712e-12,391.36136370566669,108.63863629433332,1.2126005075886481,0.56560847297114691,169565154.37764668,350.47226937072656,51.187447348745941,true
3,178,500,44.5,0.97847559045500276,2.4796839686640054e-12,6.9574337020791769e-13,0.28057743607656893,3.1754273388719231e-12,390.44885995484913,109.55114004515089,1.2143862328813955,0.56737252044094133,170094002.50464505,352.08306904125209,51.012746951326832,true
3,179,500,44.75,0.97847559045500276,2.4796839686640054e-12,7.0318018948812451e-13,0.28357653570950059,3.1828641581521299e-12,389.53656917982187,110.4634308201781,1.2161715413909182,0.56912296421599473,170618772.34655911,353.68851271480173,50.838594797939763,true
3,180,500,45,0.97847559045500276,2.4796839686640054e-12,7.1064981468056644e-13,0.28658886521875915,3.1903337833445717e-12,388.62453540275652,111.37546459724349,1.2179563469679762,0.57085989641256307,171139491.51914766,355.28859424170616,50.664989864642173,true
3,181,500,45.25,0.97847559045500276,2.4796839686640054e-12,7.1815210357434742e-13,0.28961436725393302,3.1978360722383527e-12,387.7128021337769,112.28719786622312,1.2197405644653809,0.57258340909952721,171656187.62396684,356.88330778584049,50.491931104110435,true
3,182,500,45.5,0.97847559045500276,2.4796839686640054e-12,7.2568691333670101e-13,0.29265298421382457,3.2053708820007064e-12,386.80141237139043,113.19858762860957,1.2215241097371523,0.5742935942802001,172168888.24291593,358.47264782285396,50.319417446103699,true
3,183,500,45.75,0.97847559045500276,2.4796839686640054e-12,7.3325410051571033e-13,0.29570465824754683,3.2129380691797156e-12,385.89040860303373,114.10959139696628,1.2233068996374514,0.57599054387462745,172677620.93293139,360.05660913835698,50.147447797923903,true
3,184,500,46,0.97847559045500276,2.4796839686640054e-12,7.4085352104303991e-13,0.29876933125562533,3.2205374897070452e-12,384.97983280572964,115.02016719427033,1.2250888520192935,0.57767434970237652,173182413.22082701,361.63518682606394,49.976021044871665,true
3,185,500,46.25,0.97847559045500276,2.4796839686640054e-12,7.4848503023667662e-13,0.30184694489110342,3.228168998900682e-12,384.06972644685499,115.930273553145,1.2268698857330471,0.57934510346580281,173683292.59827733,363.20837628589601,49.805136050698572,true
3,186,500,46.5,0.97847559045500276,2.4796839686640054e-12,7.5614848280368672e-13,0.30493744056065397,3.235832451467692e-12,383.16013048501372,116.83986951498629,1.2286499206247234,0.58100289673379313,174180286.51694402,364.7761732220427,49.634791658055022,true
3,187,500,46.75,0.97847559045500276,2.4796839686640054e-12,7.6384373284297895e-13,0.30804075942569398,3.2435277015069844e-12,382.25108537101636,117.74891462898364,1.230428877534061,0.58264782092597212,174673422.38374102,366.33857364098395,49.464986688934474,true
3,188,500,47,0.97847559045500276,2.4796839686640054e-12,7.7157063384808613e-13,0.31115684240350594,3.2512546025120915e-12,381.34263104896036,118.65736895103967,1.2322066782924113,0.58427996729737175,175162727.55623868,367.89557384947449,49.29571994511322,true
3,189,500,47.25,0.97847559045500276,2.4796839686640054e-12,7.7932903870995039e-13,0.31428563016836147,3.2590130073739557e-12,380.43480695741107,119.5651930425889,1.2339832457204272,0.58589942692355002,175648229.33820245,369.44717045249001,49.126990208586278,true
3,190,500,47.5,0.97847559045500276,2.4796839686640054e-12,7.8711879971972723e-13,0.31742706315265168,3.2668027683837326e-12,379.5276520306798,120.47234796932021,1.2357585036255623,0.58750629068615856,176129954.97526598,370.99336035113856,48.958796241999018,true
3,191,500,47.75,0.97847559045500276,2.4796839686640054e-12,7.9493976857159537e-13,0.32058108154802079,3.2746237372356009e-12,378.62120470019647,121.37879529980356,1.2375323767993844,0.58910064925894678,176607931.65073553,372.53414074053541,48.791136789074436,true
3,192,500,48,0.97847559045500276,2.4796839686640054e-12,8.0279179636558143e-13,0.32374762530650492,3.2824757650295869e-12,377.71550289597565,122.28449710402437,1.2393047910147066,0.59068259309419957,177082186.4815239,374.06950910764505,48.624010575036543,true
3,193,500,48.25,0.97847559045500276,2.4796839686640054e-12,8.1067473361039514e-13,0.32692663414167544,3.2903587022744003e-12,376.81058404817213,123.18941595182784,1.2410756730225434,0.59225221240959736,177552746.5142113,375.59946322908974,48.457416307029092,true
3,194,500,48.5,0.97847559045500276,2.4796839686640054e-12,8.1858843022627398e-13,0.33011804752978657,3.2982723988902795e-12,375.90648508872516,124.09351491127481,1.2428449505488925,0.59380959717549597,178019638.72123179,377.1240011689265,48.29135267453028,true
3,195,500,48.75,0.97847559045500276,2.4796839686640054e-12,8.2653273554784202e-13,0.33332180471092782,3.3062167042118475e-12,375.0032424530873,124.99675754691268,1.2446125522913525,0.59535483710261505,178482889.99718258,378.64312127639317,48.125818349762966,true
3,196,500,49,0.97847559045500276,2.4796839686640054e-12,8.3450749832697714e-13,0.33653784469018039,3.3141914669909825e-12,374.10089208203738,125.89910791796262,1.2463784079155733,0.59688802163013155,178942527.1552543,380.15682218362485,47.960811988100616,true
3,197,500,49.25,0.97847559045500276,2.4796839686640054e-12,8.425125667356915e-13,0.33976610623877895,3.3221965353996969e-12,373.19946942357399,126.80053057642598,1.2481424480515522,0.5984092399141685,179398576.92378029,381.66510280334205,47.796332228468884,true
3,198,500,49.5,0.97847559045500276,2.4796839686640054e-12,8.5054778836902167e-13,0.34300652789527714,3.3302317570330271e-12,372.29900943488803,127.70099056511198,1.2499046042897735,0.59991858081667238,179851065.94290185,383.16796232651052,47.632377693742761,true
3,199,500,49.75,0.97847559045500276,2.4796839686640054e-12,8.5861301024793024e-13,0.34625904796671747,3.3382969789119357e-12,371.39954658441127,128.60045341558876,1.2516648091771985,0.60141613289467444,180300020.76134911,384.66540021997577,47.468946991139411,true
3,200,500,50,0.97847559045500276,2.4796839686640054e-12,8.6670807882221839e-13,0.3495236045298063,3.3463920474862238e-12,370.50111485393938,129.49888514606064,1.2534229962131125,0.60290198438992582,180745467.83333349,386.15741622407086,47.306038712606409,true
3,201,500,50.25,0.97847559045500276,2.4796839686640054e-12,8.7483283997344961e-13,0.35280013543209243,3.354516808637455e-12,369.6037477408272,130.39625225917277,1.2551790998448271,0.60437622321890072,181187433.51555091,387.64401035020097,47.143651435205818,true
3,202,500,50.5,0.97847559045500276,2.4796839686640054e-12,8.829871390178825e-13,0.35608857829315038,3.3626711076818879e-12,368.70747826025365,131.29252173974638,1.2569330554632492,0.6058389369631616,181625944.06429327,389.12518287840345,46.981783721493642,true
3,203,500,50.75,0.97847559045500276,2.4796839686640054e-12,8.911708207094177e-13,0.35938887050576823,3.370854789373423e-12,367.81233894755383,132.18766105244617,1.2586847993983161,0.60729021286007745,182061025.63266584,390.60093435488687,46.820434119894813,true
3,204,500,51,0.97847559045500276,2.4796839686640054e-12,8.993837292425529e-13,0.36270094923713986,3.3790676979065581e-12,366.91836186061761,133.08163813938239,1.2604342689143024,0.60873013779389096,182492704.26790926,392.07126558954752,46.659601165073887,true
3,205,500,51.25,0.97847559045500276,2.4796839686640054e-12,9.0762570825534731e-13,0.36602475143006002,3.3873096769193525e-12,366.02557858235105,133.97442141764895,1.2621814022050029,0.61015879828712294,182921005.90882277,393.53617765346621,46.4992833783012,true
3,206,500,51.5,0.97847559045500276,2.4796839686640054e-12,9.1589660083240181e-13,0.36936021380412642,3.395580569496407e-12,365.13402022319895,134.86597977680103,1.2639261383887956,0.61157628049231494,183345956.38328853,394.99567187638598,46.339479267814497,true
3,207,500,51.75,0.97847559045500276,2.4796839686640054e-12,9.2419624950784379e-13,0.37270727285694344,3.4038802181718494e-12,364.24371742372745,135.75628257627255,1.265668417503589,0.61298267018409369,183767581.40589276,396.44974984417081,46.180187329176256,true
3,208,500,52,0.97847559045500276,2.4796839686640054e-12,9.3252449626832585e-13,0.37606586486533111,3.412208464932331e-12,363.35470035726274,136.64529964273726,1.2674081805016564,0.61437805275155954,184185906.57564369,397.89841339624786,46.02140604562647,true
3,209,500,52.25,0.97847559045500276,2.4796839686640054e-12,9.4088118255603499e-13,0.37943592588653924,3.4205651512200404e-12,362.46699873258615,137.53300126741388,1.2691453692443628,0.61576251319098607,184600957.37378314,399.34166462303244,45.863133888430951,true
3,210,500,52.5,0.97847559045500276,2.4796839686640054e-12,9.4926614927170993e-13,0.38281739175946355,3.4289501179357155e-12,361.58064179668156,138.41935820331847,1.2708799264967892,0.61713613609882656,185012759.16168976,400.77950586333867,45.705369317225347,true
3,211,500,52.75,0.97847559045500276,2.4796839686640054e-12,9.5767923677767117e-13,0.38621019810586826,3.4373632054416768e-12,360.69565833753427,139.3043416624657,1.2726117959222532,0.61849900566502203,185421337.17887288,402.2119397017745,45.548110780354449,true
3,212,500,53,0.97847559045500276,2.4796839686640054e-12,9.6612028490085987e-13,0.38961428033161116,3.4458042535648655e-12,359.81207668697988,140.18792331302012,1.2743409220767361,0.61985120566660157,185826716.54105401,403.63896896612414,45.391356715207444,true
3,213,500,53.25,0.97847559045500276,2.4796839686640054e-12,9.7458913293588708e-13,0.39302957362787344,3.4542731015998923e-12,358.92992472359913,141.07007527640087,1.276067250403216,0.62119281946157068,186228922.23833451,405.0605967247177,45.235105548548347,true
3,214,500,53.5,0.97847559045500276,2.4796839686640054e-12,9.8308561964809388e-13,0.3964560129723938,3.4627695883120991e-12,358.04922987565976,141.95077012434021,1.2777907272259124,0.62252392998307926,186627979.13344723,406.47682628378885,45.079355696842313,true
3,215,500,53.75,0.97847559045500276,2.4796839686640054e-12,9.9160958327662099e-13,0.39989353313070641,3.4712935519406262e-12,357.17001912410115,142.82998087589883,1.2795112997444438,0.62384461973386718,187023911.96009135,407.88766118482249,44.924105566577452,true
3,216,500,54,0.97847559045500276,2.4796839686640054e-12,1.0001608615374875e-12,0.40334206865738231,3.4798448302014928e-12,356.29231900556101,143.70768099443896,1.2812289160279056,0.62515497078097393,187416745.32134634,409.29310520189131,44.769353554582274,true
3,217,500,54.25,0.97847559045500276,2.4796839686640054e-12,1.0087392916266821e-12,0.40680155389727618,3.4884232602906875e-12,355.41615561544205,144.58384438455795,1.2829435250088692,0.62645506475071444,187806503.68816584,410.69316233898479,44.61509804833873,true
3,218,500,54.5,0.97847559045500276,2.4796839686640054e-12,1.017344710223261e-12,0.41027192298677562,3.4970286788872664e-12,354.54155461101709,145.45844538898291,1.2846550764773037,0.62774498282390845,188193211.39794728,412.08783682732928,44.46133742629096,true
3,219,500,54.75,0.97847559045500276,2.4796839686640054e-12,1.0259769534924588e-12,0.41375310985505576,3.5056609221564644e-12,353.6685412145705,146.33145878542948,1.28636352107443,0.62902480573136133,188576892.65317729,413.4771331227011,44.308070058149696,true
3,220,500,55,0.97847559045500276,2.4796839686640054e-12,1.0346358570888071e-12,0.41724504822533665,3.5143198257528125e-12,352.79714021657452,147.20285978342548,1.2880688102865046,0.63029461374958839,188957571.52014971,414.86105590273263,44.155294305192307,true
3,221,500,55.25,0.97847559045500276,2.4796839686640054e-12,1.0433212561592623e-12,0.42074767161614507,3.5230052248232677e-12,351.92737597889868,148.07262402110129,1.2897708964385375,0.63155448669677805,189335271.92775539,416.23961006421399,44.003008520558623,true
3,222,500,55.5,0.97847559045500276,2.4796839686640054e-12,1.0520329853463462e-12,0.4242609133425807,3.5317169540103514e-12,351.0592724380507,148.94072756194927,1.2914697326879521,0.63280450392898668,189710017.66634157,417.61280072038926,43.851211049542428,true
3,223,500,55.75,0.97847559045500276,2.4796839686640054e-12,1.0607708787912927e-12,0.42778470651758527,3.5404548474552983e-12,350.19285310844714,149.80714689155289,1.2931652730181831,0.63404474433656166,190081832.38663939,418.98063319824826,43.699900229878708,true
3,224,500,56,0.97847559045500276,2.4796839686640054e-12,1.0695347701372064e-12,0.43131898405321639,3.5492187388012118e-12,349.32814108571205,150.67185891428795,1.2948574722322217,0.63527528634078445,190450739.59875759,420.34311303581643,43.549074392026647,true
3,225,500,56.25,0.97847559045500276,2.4796839686640054e-12,1.0783244925322283e-12,0.43486367866192394,3.5580084611962337e-12,348.46515905000319,151.53484094999681,1.2965462859461061,0.63649620789073003,190816762.67124096,421.70024597944092,43.398731859448553,true
3,226,500,56.5,0.97847559045500276,2.4796839686640054e-12,1.0871398786327146e-12,0.4384187228578324,3.5668238472967202e-12,347.60392926936197,152.396070730638,1.2982316705823669,0.63770758646033643,191179924.83019179,423.05203798107635,43.248870948884395,true
3,227,500,56.75,0.97847559045500276,2.4796839686640054e-12,1.0959807606064206e-12,0.44198404895802462,3.5756647292704262e-12,346.74447360308818,153.25552639691182,1.2999135833634212,0.63890949904567917,191540249.15845281,424.39849519556844,43.099489970622393,true
3,228,500,57,0.97847559045500276,2.4796839686640054e-12,1.1048469701356979e-12,0.44555958908383114,3.5845309387997035e-12,345.88681350513593,154.11318649486407,1.3015919823049282,0.6401020221624445,191897758.59484971,425.73962397793889,42.950587228765208,true
3,229,500,57.25,0.97847559045500276,2.4796839686640054e-12,1.1137383384206972e-12,0.44914527516212188,3.5934223070847026e-12,345.03097002753083,154.96902997246917,1.3032668262091016,0.64128523184359898,192252475.93349242,427.07543088066916,42.80216102149241,true
3,230,500,57.5,0.97847559045500276,2.4796839686640054e-12,1.1226546961825826e-12,0.4527410389266025,3.602338664846588e-12,344.17696382380626,155.82303617619374,1.3049380746579848,0.64245920363724573,192604423.82313243,428.40592265098712,42.654209641318509,true
3,231,500,57.75,0.97847559045500276,2.4796839686640054e-12,1.1315958736667555e-12,0.45634681191911419,3.6112798423307609e-12,343.32481515245706,156.67518484754297,1.3066056880066927,0.64362401260466795,192953624.76657638,429.73110622815472,42.506731375347137,true
3,232,500,58,0.97847559045500276,2.4796839686640054e-12,1.1405617006460853e-12,0.45996252549093697,3.6202456693100907e-12,342.4745438804099,157.52545611959007,1.308269627376619,0.64477973331854832,193300101.12015209,431.05098874075856,42.359724505521136,true
3,233,500,58.25,0.97847559045500276,2.4796839686640054e-12,1.1495520064241492e-12,0.4635881108040959,3.6292359750881546e-12,341.6261694865093,158.3738305134907,1.3099298546486167,0.645926439861365,193643875.0932278,432.36557750400357,42.21318730886879,true
3,234,500,58.5,0.97847559045500276,2.4796839686640054e-12,1.1585666198384853e-12,0.46722349883267317,3.6382505885024905e-12,340.77971106501587,159.22028893498413,1.3115863324561494,0.64706420582395729,193984968.74778208,433.67488001701128,42.067118057745837,true
3,235,500,58.75,0.97847559045500276,2.4796839686640054e-12,1.1676053692638481e-12,0.47086862036412086,3.6472893379278538e-12,339.93518732911889,160.06481267088114,1.3132390241784198,0.64819310430425481,194323403.99802291,434.9789039601219,41.921515020073855,true
3,236,500,59,0.97847559045500276,2.4796839686640054e-12,1.1766680826154783e-12,0.47452340600057957,3.6563520512794839e-12,339.09261661445851,160.90738338554152,1.3148878939334745,0.64931320790616831,194659202.61005524,436.27765719220184,41.776376459574507,true
3,237,500,59.25,0.97847559045500276,2.4796839686640054e-12,1.1857545873523762e-12,0.47818778616019869,3.6654385560163816e-12,338.25201688265906,161.74798311734091,1.3165329065712918,0.65042458873863473,194992386.20159441,437.57114774795741,41.631700636000133,true
3,238,500,59.5,0.97847559045500276,2.4796839686640054e-12,1.1948647104805901e-12,0.48186169107846222,3.6745486791445957e-12,337.41340572487059,162.58659427512941,1.3181740276668505,0.65152731841481482,195322976.24172601,438.85938383525468,41.48748580536035,true
3,239,500,59.75,0.97847559045500276,2.4796839686640054e-12,1.2039982785565078e-12,0.48554505080951643,3.6836822472205132e-12,336.57680036531747,163.42319963468253,1.3198112235131836,0.65262146805143795,195650994.05070904,440.14237383244603,41.34373022014487,true
3,240,500,60,0.97847559045500276,2.4796839686640054e-12,1.2131551176901583e-12,0.48923779522750127,3.6928390863541635e-12,335.74221766485471,164.25778233514532,1.3214444611144214,0.65370710826828693,195976460.79982185,441.4201262857045,41.200432129542691,true
3,241,500,60.25,0.97847559045500276,2.4796839686640054e-12,1.2223350535485246e-12,0.49293985402788632,3.7020190222125296e-12,334.90967412452812,165.09032587547188,1.3230737081788224,0.65478430918782482,196299397.51124999,442.69264990636674,41.05758977965737,true
3,242,500,60.5,0.97847559045500276,2.4796839686640054e-12,1.2315379113588601e-12,0.49665115672880822,3.7112218800228655e-12,334.07918588914004,165.92081411085994,1.3246989331117969,0.65585314043495269,196619825.05801365,443.95995356828331,40.91520141371879,true
3,243,500,60.75,0.97847559045500276,2.4796839686640054e-12,1.2407635159120175e-12,0.50037163267241325,3.7204474845760229e-12,333.25076875081692,166.74923124918308,1.3263201050089244,0.65691367113689969,196937764.16393483,445.22204630517979,40.773265272291063,true
3,244,500,61,0.97847559045500276,2.4796839686640054e-12,1.2500116915657848e-12,0.50410121102620242,3.7296956602297904e-12,332.42443815257968,167.57556184742032,1.327937193648967,0.6579659699232383,197253235.40364167,446.47893730802593,40.631779593476949,true
3,245,500,61.25,0.97847559045500276,2.4796839686640054e-12,1.2592822622482289e-12,0.50783982078438006,3.7389662309122347e-12,331.60020919191498,168.39979080808502,1.3295501694868799,0.65901010492602274,197566259.20261025,447.73063592241618,40.490742613118684,true
3,246,500,61.5,0.97847559045500276,2.4796839686640054e-12,1.2685750514610465e-12,0.51158739076920534,3.7482590201250521e-12,330.77809662434652,169.22190337565351,1.3311590036468239,0.66004614378004434,197876855.8372409,448.97715164596002,40.350152564995128,true
3,247,500,61.75,0.97847559045500276,2.4796839686640054e-12,1.2778898822829263e-12,0.51534384963234769,3.7575738509469315e-12,329.95811486700518,170.04188513299485,1.3327636679151778,0.6610741536232031,198185045.43496966,450.218494125684,40.210007681015519,true
3,248,500,62,0.97847559045500276,2.4796839686640054e-12,1.2872265773729168e-12,0.51910912585624525,3.7669105460369224e-12,329.14027800219765,170.85972199780232,1.3343641347335544,0.66209420109698958,198490847.9744128,451.45467315544494,40.070306191409706,true
3,249,500,62.25,0.97847559045500276,2.4796839686640054e-12,1.2965849589738023e-12,0.52288314775546629,3.7762689276378073e-12,328.32459978097177,171.67540021902823,1.3359603771918251,0.66310635234707516,198794283.28554374,452.68569867335532,39.931046324914838,true
3,250,500,62.5,0.97847559045500276,2.4796839686640054e-12,1.305964848915487e-12,0.52666584347807421,3.7856488175794922e-12,327.5110936266787,172.4889063733213,1.3375523690211466,0.66411067302400428,199095371.04990053,453.91158075922107,39.792226308958817,true
3,251,500,62.75,0.97847559045500276,2.4796839686640054e-12,1.3153660686183864e-12,0.5304571410069947,3.7950500372823918e-12,326.69977263853013,173.30022736146987,1.339140084587001,0.66510722828398983,199394130.80082443,455.13232963199158,39.653844369840193,true
3,252,500,63,0.97847559045500276,2.4796839686640054e-12,1.3247884390968293e-12,0.53425696816138779,3.8044724077608347e-12,325.89064959514997,174.10935040485003,1.3407234988822452,0.66609608278980326,199690581.92372662,456.34795564722447,39.515898732904816,true
3,253,500,63.25,0.97847559045500276,2.4796839686640054e-12,1.3342317809624641e-12,0.53806525259802218,3.8139157496264693e-12,325.08373695812008,174.91626304187989,1.342302587520172,0.66707730071176041,199984743.65638381,457.55846929456209,39.378387622719174,true
3,254,500,63.5,0.97847559045500276,2.4796839686640054e-12,1.3436959144276742e-12,0.5418819218126516,3.8233798830916792e-12,324.27904687551887,175.72095312448113,1.343877326727585,0.66805094572879686,200276635.08926061,458.76388119522363,39.241309263240439,true
3,255,500,63.75,0.97847559045500276,2.4796839686640054e-12,1.3531806593089998e-12,0.54570690314139558,3.8328646279730048e-12,323.47659118545175,176.52340881454822,1.3454476933378898,0.66901708102963098,200566275.16585824,459.96420209951026,39.10466187798329,true
3,256,500,64,0.97847559045500276,2.4796839686640054e-12,1.3626858350305712e-12,0.54954012376212358,3.8423698036945766e-12,322.67638141957343,177.32361858042654,1.347013664784201,0.66997576931401204,200853682.68308863,461.15944288432593,38.968443690183541,true
3,257,500,64.25,0.97847559045500276,2.4796839686640054e-12,1.3722112606275434e-12,0.55338151069584007,3.851895229291549e-12,321.8784288066002,178.1215711933998,1.3485752190924694,0.67092707279404884,201138876.29167283,462.34961455071289,38.832652922958573,true
3,258,500,64.5,0.97847559045500276,2.4796839686640054e-12,1.3817567547495438e-12,0.55723099080807514,3.8614407234135489e-12,321.08274427581296,178.91725572418707,1.3501323348746253,0.67187105319561713,201421874.49656281,463.53472822140247,38.697287799464732,true
3,259,500,64.75,0.97847559045500276,2.4796839686640054e-12,1.3913221356641243e-12,0.56108849081027679,3.8710061043281299e-12,320.28933846054878,179.71066153945122,1.3516849913217475,0.67280777175984263,201702695.65738621,464.71479513838159,38.562346543051518,true
3,260,500,65,0.97847559045500276,2.4796839686640054e-12,1.4009072212602201e-12,0.56495393726120491,3.8805911899242253e-12,319.49822170168159,180.50177829831838,1.3532331681972503,0.67373728924465726,201981357.98891276,465.88982666047514,38.427827377412875,true
3,261,500,65.25,0.97847559045500276,2.4796839686640054e-12,1.4105118290516181e-12,0.56882725656833133,3.8901957977156233e-12,318.70940405109042,181.29059594890958,1.3547768458300973,0.67465966592642423,202257879.56154156,467.05983426094514,38.293728526735286,true
3,262,500,65.5,0.97847559045500276,2.4796839686640054e-12,1.4201357761804308e-12,0.57270837498923954,3.8998197448444362e-12,317.9228952751148,182.07710472488517,1.3563160051080387,0.67557496160163166,202532278.30180877,468.2248295251058,38.160048215843069,true
3,263,500,65.75,0.97847559045500276,2.4796839686640054e-12,1.4297788794205775e-12,0.57659721863302937,3.9094628480845827e-12,317.13870485799748,182.86129514200255,1.357850627470875,0.67648323558865053,202804571.99291462,469.38482414795556,38.026784670340575,true
3,264,500,66,0.97847559045500276,2.4796839686640054e-12,1.4394409551812725e-12,0.58049371346172352,3.9191249238452777e-12,316.35684200531239,183.64315799468758,1.3593806949037466,0.67738454672955439,203074778.27526897,470.53982993182643,37.893936116751632,true
3,265,500,66.25,0.97847559045500276,2.4796839686640054e-12,1.4491218195105207e-12,0.58439778529167685,3.9288057881745259e-12,315.57731564737912,184.42268435262085,1.3609061899304546,0.67827895339199906,203342914.64705485,471.68985878405073,37.761500782656007,true
3,266,500,66.5,0.97847559045500276,2.4796839686640054e-12,1.4588212880986206e-12,0.58830935979498988,3.938505256762626e-12,314.80013444266126,185.19986555733877,1.3624270956068083,0.67916651347116042,203608998.4648093,472.83492271464479,37.629476896823064,true
3,267,500,66.75,0.97847559045500276,2.4796839686640054e-12,1.4685391762816714e-12,0.59222836250092192,3.948223144945677e-12,314.02530678114994,185.97469321885006,1.3639433955140046,0.68004728439172479,203873046.94402021,473.97503383401067,37.497862689342668,true
3,268,500,67,0.97847559045500276,2.4796839686640054e-12,1.4782752990450904e-12,0.59615471879731108,3.9579592677090958e-12,313.2528407877312,186.74715921226877,1.3654550737520381,0.68092132310993481,204135077.15973955,475.1102043506566,37.366656391753274,true
3,269,500,67.25,0.97847559045500276,2.4796839686640054e-12,1.4880294710271341e-12,0.60008835393199278,3.9677134396911391e-12,312.48274432553683,187.51725567446317,1.3669621149331441,0.68178868611568333,204395106.04721117,476.24044656893403,37.235856237167376,true
3,270,500,67.5,0.97847559045500276,2.4796839686640054e-12,1.4978015065224284e-12,0.60402919301422431,3.9774854751864336e-12,311.7150249992776,188.28497500072243,1.3684645041752748,0.6826494294346559,204653150.40251303,477.36577288679473,37.105460460394134,true
3,271,500,67.75,0.97847559045500276,2.4796839686640054e-12,1.5075912194855037e-12,0.60797716101611043,3.9872751881495088e-12,310.94969015855969,189.05030984144031,1.3699622270956091,0.68350360863052084,204909226.88321385,478.48619579356546,36.975467298059471,true
3,272,500,68,0.97847559045500276,2.4796839686640054e-12,1.517398423534337e-12,0.61193218277403116,3.9970823921983426e-12,310.18674690118314,189.81325309881689,1.3714552698040996,0.68435127880716051,205163352.00904197,479.60172786774103,36.845874988723516,true
3,273,500,68.25,0.97847559045500276,2.4796839686640054e-12,1.5272229319538993e-12,0.61589418299007292,4.0069069006179045e-12,309.4262020764213,190.57379792357872,1.3729436188970521,0.68519249461094656,205415542.16256744,480.71238177479773,36.716681772995422,true
3,274,500,68.5,0.97847559045500276,2.4796839686640054e-12,1.5370645576997123e-12,0.61986308623346309,4.0167485263637177e-12,308.66806228828239,191.33193771171759,1.3744272614507453,0.68602731023305374,205665813.58989573,481.81817026502404,36.587885893645726,true
3,275,500,68.75,0.97847559045500276,2.4796839686640054e-12,1.5469231134014084e-12,0.62383881694200483,4.026607082065414e-12,307.9123338987514,192.0876661012486,1.3759061850150853,0.68685577941181264,205914182.40137312,482.91910617137165,36.45948559571611,true
3,276,500,69,0.97847559045500276,2.4796839686640054e-12,1.5567984113662978e-12,0.62782129942351628,4.0364823800303033e-12,307.15902303101217,192.84097696898783,1.3773803776072999,0.6876779554350978,206160664.57230243,484.0152024073256,36.331479126626725,true
3,277,500,69.25,0.97847559045500276,2.4796839686640054e-12,1.5666902635829424e-12,0.63181045785727197,4.0463742322469478e-12,306.40813557265062,193.59186442734941,1.3788498277056711,0.68849389114275028,206405275.94366953,485.10647196479312,36.203864736281055,true
3,278,500,69.5,0.97847559045500276,2.4796839686640054e-12,1.5765984817247341e-12,0.63580621629544498,4.0562824503887397e-12,305.65967717883666,194.34032282116334,1.3803145242433073,0.68930363892903201,206648032.22287899,486.19292791201315,36.076640677168442,true
3,279,500,69.75,0.97847559045500276,2.4796839686640054e-12,1.5865228771534826e-12,0.63980849866455491,4.0662068458174878e-12,304.91365327548635,195.08634672451362,1.3817744566019559,0.69010725074511237,206888948.98449957,487.27458339148478,35.949805204464141,true
3,280,500,70,0.97847559045500276,2.4796839686640054e-12,1.5964632609230037e-12,0.64381722876691416,4.0761472295870091e-12,304.17006906240289,195.82993093759711,1.3832296146058556,0.69090477810158191,207128041.67101783,488.35145161791559,35.823356576127082,true
3,281,500,70.25,0.97847559045500276,2.4796839686640054e-12,1.6064194437827207e-12,0.64783233028208076,4.0861034124467257e-12,303.42892951639595,196.57107048360405,1.3846799885156329,0.69169627207099516,207365325.59360039,489.42354587618962,35.697293052995285,true
3,282,500,70.5,0.97847559045500276,2.4796839686640054e-12,1.6163912361812621e-12,0.65185372676830877,4.0960752048452671e-12,302.69023939438108,197.30976060561892,1.3861255690222365,0.6924817832904373,207600815.93286353,490.49087951935576,35.571612898879152,true
3,283,500,70.75,0.97847559045500276,2.4796839686640054e-12,1.6263784482700752e-12,0.65588134166400613,4.1060624169340804e-12,301.95400323645572,198.04599676354425,1.387566347240917,0.69326136196411803,207834527.73965064,491.55346596663588,35.446314380652268,true
3,284,500,71,0.97847559045500276,2.4796839686640054e-12,1.6363808899070379e-12,0.65991509828919082,4.1160648585710429e-12,301.22022536895429,198.77977463104571,1.3890023147052497,0.69403505786598363,208066475.93581545,492.61131870145283,35.32139576834021,true
3,285,500,71.25,0.97847559045500276,2.4796839686640054e-12,1.6463983706600796e-12,0.66395491984695121,4.1260823393240854e-12,300.48890990748083,199.51109009251917,1.3904334633611979,0.6948029203423558,208296675.31501305,493.66445126947872,35.196855335207097,true
3,286,500,71.5,0.97847559045500276,2.4796839686640054e-12,1.6564306998108075e-12,0.66800072942490851,4.1361146684748133e-12,299.76006075991916,200.23993924008084,1.391859785561224,0.69556499831458507,208525140.54349533,494.71287727670352,35.072691357839965,true
3,287,500,71.75,0.97847559045500276,2.4796839686640054e-12,1.6664776863581348e-12,0.67205244999667968,4.1461616550221406e-12,299.0336816294207,200.96631837057927,1.3932812740584413,0.69632134028172654,208751886.1609132,495.75661038752338,34.948902116231139,true
3,288,500,72,0.97847559045500276,2.4796839686640054e-12,1.6765391390219202e-12,0.67611000442334579,4.1562231076859256e-12,298.30977601736924,201.69022398263078,1.3946979220008129,0.69707199432323041,208976926.58112329,496.79566432284992,34.825485893858392,true
3,289,500,72.25,0.97847559045500276,2.4796839686640054e-12,1.6866148662466088e-12,0.68017331545491932,4.1662988349106144e-12,297.58834722632253,202.4116527736775,1.3961097229253943,0.69781700810164959,209200276.09299946,497.83005285823913,34.702440977763175,true
3,290,500,72.5,0.97847559045500276,2.4796839686640054e-12,1.6967046762048779e-12,0.68424230573181544,4.1763886448688837e-12,296.86939836293118,203.13060163706882,1.3975166707526219,0.69855642886536129,209421948.86124882,498.85978982204108,34.579765658626748,true
3,291,500,72.75,0.97847559045500276,2.4796839686640054e-12,1.7068083768012897e-12,0.68831689778632454,4.1864923454652949e-12,296.1529323408339,203.84706765916607,1.3989187597806469,0.69929030345130183,209641958.92723167,499.88488909356914,34.457458230844402,true
3,292,500,73,0.97847559045500276,2.4796839686640054e-12,1.7169257756759492e-12,0.69239701404408716,4.1966097443399545e-12,295.43895188352946,204.56104811647054,1.4003159846797155,0.70001867828771425,209860320.20978507,500.90536460129101,34.335516992597647,true
3,293,500,73.25,0.97847559045500276,2.4796839686640054e-12,1.7270566802081656e-12,0.69648257682557124,4.2067406488721714e-12,294.72745952722448,205.27254047277555,1.4017083404865951,0.70074159939690539,210077046.50604957,501.92123032103831,34.21394024592454,true
3,294,500,73.5,0.97847559045500276,2.4796839686640054e-12,1.7372008975201204e-12,0.70057350834755083,4.2168848661841256e-12,294.01845762365815,205.98154237634188,1.4030958225990466,0.70145911239801551,210292151.49229935,502.9325002742375,34.092726296788058,true
3,295,500,73.75,0.97847559045500276,2.4796839686640054e-12,1.7473582344805389e-12,0.70466973072458661,4.2270422031445447e-12,293.31194834290284,206.68805165709716,1.4044784267703445,0.70217126250979345,210505648.72477424,503.93918852616127,33.971873455142735,true
3,296,500,74,0.97847559045500276,2.4796839686640054e-12,1.7575284977083658e-12,0.70877116597050882,4.237212466372371e-12,292.60793367614053,207.39206632385947,1.405856149103843,0.70287809455338146,210717551.64051464,504.94130918419955,33.851380034999302,true
3,297,500,74.25,0.97847559045500276,2.4796839686640054e-12,1.7677114935764494e-12,0.71287773599990256,4.2473954622404544e-12,291.90641543841537,208.09358456158461,1.4072289860475891,0.70357965295510683,210927873.55819845,505.93887639615122,33.731244354487622,true
3,298,500,74.5,0.97847559045500276,2.4796839686640054e-12,1.7779070282152278e-12,0.71698936262959412,4.2575909968792329e-12,291.20739527136192,208.79260472863808,1.4085969343889844,0.7042759817492783,211136627.67897928,506.93190434853608,33.611464735917878,true
3,299,500,74.75,0.97847559045500276,2.4796839686640054e-12,1.7881149075164177e-12,0.72110596758013945,4.2677988761804233e-12,290.5108746459091,209.48912535409087,1.4099599912494925,0.70496712458098798,211343827.08732662,507.92040726492689,33.492039505839834,true
3,300,500,75,0.97847559045500276,2.4796839686640054e-12,1.7983349371367111e-12,0.72522747247731378,4.2780189058007161e-12,289.81685486496031,210.18314513503967,1.4113181540793951,0.70565312470891606,211549484.75186649,508.90439940430127,33.372966995100683,true
3,301,500,75.25,0.97847559045500276,2.4796839686640054e-12,1.808566922501476e-12,0.72935379885360507,4.2882508911654814e-12,289.12533706604847,210.8746629339515,1.4126714206525959,0.70633402500813991,211753613.52622372,509.88389505941484,33.254245538900889,true
3,302,500,75.5,0.97847559045500276,2.4796839686640054e-12,1.8188106688084604e-12,0.73348486814970715,4.298494637472466e-12,288.43632222396707,211.5636777760329,1.4140197890614714,0.70700986797294429,211956226.14986444,510.85890855519301,33.135873476848637,true
3,303,500,75.75,0.97847559045500276,2.4796839686640054e-12,1.8290659810315006e-12,0.7376206017160154,4.308749949695506e-12,287.74981115337658,212.25018884662342,1.4153632577117714,0.70768069571963266,212157335.24893874,511.82945424714404,33.017849153012371,true
3,304,500,76,0.97847559045500276,2.4796839686640054e-12,1.8393326639242349e-12,0.74176092081412437,4.3190166325882403e-12,287.06580451138655,212.93419548861348,1.4167018253175643,0.70834654998933999,212356953.33712411,512.79554651979117,32.900170915972033,true
3,305,500,76.25,0.97847559045500276,2.4796839686640054e-12,1.8496105220238192e-12,0.7459057466183262,4.3292944906878246e-12,286.38430280011295,213.61569719988705,1.4180354908962332,0.70900747215084314,212555092.81646782,513.75719978512518,32.782837118868464,true
3,306,500,76.5,0.97847559045500276,2.4796839686640054e-12,1.8598993596546512e-12,0.75005500021711258,4.3395833283186566e-12,285.70530636921114,214.29469363078888,1.4193642537635203,0.70966350320337335,212751765.97823018,514.71442848107665,32.665846119451423,true
3,307,500,76.75,0.97847559045500276,2.4796839686640054e-12,1.8701989809320935e-12,0.75420860261467604,4.3498829495960985e-12,285.02881541838406,214.97118458161592,1.420688113528616,0.71031468377942342,212946985.00372607,515.66724707000833,32.549196280125919,true
3,308,500,77,0.97847559045500276,2.4796839686640054e-12,1.8805091897662038e-12,0.75836647473241414,4.3601931584302096e-12,284.35482999986641,215.64517000013356,1.4220070700893004,0.71096105414755428,213140761.96516639,516.61567003722644,32.432885967997244,true
3,309,500,77.25,0.97847559045500276,2.4796839686640054e-12,1.8908297898654666e-12,0.7625285374104348,4.3705137585294723e-12,283.68335002088338,216.31664997911659,1.4233211236271286,0.71160265421519886,213333108.82649854,517.55971188951264,32.316913554914358,true
3,310,500,77.5,0.97847559045500276,2.4796839686640054e-12,1.9011605847405338e-12,0.76669471140906464,4.3808445534045396e-12,283.01437524608565,216.98562475391435,1.424630274602668,0.71223952353146014,213524037.44424528,518.49938715367443,32.201277417511868,true
3,311,500,77.75,0.97847559045500276,2.4796839686640054e-12,1.911501377707962e-12,0.7708649174103559,4.3911853463719678e-12,282.34790529995962,217.65209470004035,1.4259345237507803,0.71287170128990562,213713559.56834257,519.43471037511608,32.08597593725068,true
3,312,500,78,0.97847559045500276,2.4796839686640054e-12,1.9218519718939597e-12,0.77503907601959765,4.4015359405579647e-12,281.68393966921303,218.316060330787,1.4272338720759536,0.71349922633135832,213901686.84297624,520.36569611642835,31.971007500457056,true
3,313,500,78.25,0.97847559045500276,2.4796839686640054e-12,1.9322121702381332e-12,0.77921710776682684,4.4118961389021386e-12,281.02247770513623,218.9775222948638,1.4285283208476809,0.71412213714667827,214088430.80741578,521.29235895599732,31.856370498360555,true
3,314,500,78.5,0.97847559045500276,2.4796839686640054e-12,1.9425817754972396e-12,0.7833989331083413,4.4222657441612449e-12,280.36351862593887,219.63648137406113,1.4298178715958874,0.71474047187954204,214273802.89684778,522.21471348663317,31.742063327130342,true
3,315,500,78.75,0.97847559045500276,2.4796839686640054e-12,1.952960590248943e-12,0.78758447242821494,4.432644558912948e-12,279.70706151906268,220.29293848093729,1.4311025261064054,0.71535426832921223,214457814.4432061,523.13277431421727,31.628084387910416,true
3,316,500,79,0.97847559045500276,2.4796839686640054e-12,1.9633484168955703e-12,0.79177364603981193,4.4430323855595757e-12,279.0531053434695,220.94689465653053,1.4323822864164959,0.71596356395330096,214640476.6760003,524.04655605636879,31.514432086853372,true
3,317,500,79.25,0.97847559045500276,2.4796839686640054e-12,1.9737450576678776e-12,0.79596637418730598,4.4534290263318829e-12,278.40164893190462,221.59835106809538,1.4336571548104193,0.71656839587052545,214821800.72314188,524.95607334112992,31.401104835152918,true
3,318,500,79.5,0.97847559045500276,2.4796839686640054e-12,1.984150314628809e-12,0.80016257704719607,4.4638342832928144e-12,277.75269099313755,222.24730900686248,1.4349271338150504,0.71716880086345525,215001797.61176777,525.8613408056699,31.28810104907523,true
3,319,500,79.75,0.97847559045500276,2.4796839686640054e-12,1.9945639896772717e-12,0.80436217472982863,4.4742479583412771e-12,277.10623011417658,222.89376988582342,1.4361922261955451,0.71776481538125037,215180478.26906127,526.76237309500766,31.175419149988933,true
3,320,500,80,0.97847559045500276,2.4796839686640054e-12,2.004985884551904e-12,0.8085650872809178,4.4846698532159098e-12,276.46226476246073,223.53773523753927,1.4374524349510507,0.71835647554238979,215357853.52306992,527.65918486075384,31.063057564393954,true
3,321,500,80.25,0.97847559045500276,2.4796839686640054e-12,2.0154158008348501e-12,0.81277123468306656,4.4950997694988555e-12,275.82079328802723,224.17920671197277,1.4387077633104632,0.71894381713739253,215533934.10352144,528.5517907598695,30.951014723949179,true
3,322,500,80.5,0.97847559045500276,2.4796839686640054e-12,2.0258535399555389e-12,0.81698053685729177,4.5055375086195443e-12,275.18181392565498,224.81818607434502,1.4399582147282348,0.71952687563152484,215708730.64263514,529.44020545344495,30.839289065498882,true
3,323,500,80.75,0.97847559045500276,2.4796839686640054e-12,2.0362989031944616e-12,0.82119291366454683,4.5159828718584669e-12,274.54532479698469,225.45467520301528,1.4412037928802226,0.72010568616750037,215882253.67593154,530.32444360549584,30.727879031098162,true
3,324,500,81,0.97847559045500276,2.4796839686640054e-12,2.0467516916869602e-12,0.82540828490725016,4.5264356603509651e-12,273.91132391261453,226.08867608738547,1.4424445016595886,0.72068028356816827,216054513.64303818,531.20451988177774,30.616783068037005,true
3,325,500,81.25,0.97847559045500276,2.4796839686640054e-12,2.0572117064270092e-12,0.82962657033080944,4.5368956750910142e-12,273.2798091741729,226.72019082582713,1.4436803451727442,0.72125070233918853,216225520.88849169,532.08044894861803,30.505999628863499,true
3,326,500,81.5,0.97847559045500276,2.4796839686640054e-12,2.0676787482710055e-12,0.83384768962515077,4.5473627169350109e-12,272.65077837636716,227.34922162363281,1.4449113277353387,0.72181697667169908,216395285.66253734,532.95224547176656,30.395527171405774,true
3,327,500,81.75,0.97847559045500276,2.4796839686640054e-12,2.0781526179415599e-12,0.83807156242624703,4.5578365866055653e-12,272.02422920900972,227.97577079099028,1.4461374538682972,0.7223791404449672,216563818.12192392,533.81992411526335,30.285364158793055,true
3,328,500,82,0.97847559045500276,2.4796839686640054e-12,2.0886331160312921e-12,0.84229810831764895,4.5683170846952971e-12,271.40015925901935,228.59984074098065,1.4473587282939013,0.72293722722903242,216731128.33069617,534.68349954032408,30.175509059475445,true
3,329,500,82.25,0.97847559045500276,2.4796839686640054e-12,2.0991200430066254e-12,0.84652724683201519,4.5788040116706312e-12,270.77856601240103,229.22143398759894,1.4485751559319167,0.7234912702873334,216897226.26098204,535.54298640424304,30.065960347242914,true
3,330,500,82.5,0.97847559045500276,2.4796839686640054e-12,2.1096131992115868e-12,0.85075889745264432,4.5892971678755922e-12,270.15944685620161,229.84055314379836,1.4497867418957651,0.72404130257932475,217062121.7937775,536.39839935931332,29.956716501243172,true
3,331,500,82.75,0.97847559045500276,2.4796839686640054e-12,2.1201123848716087e-12,0.85499297961500909,4.5997963535356141e-12,269.54279908044265,230.45720091955735,1.4509934914887421,0.72458735676307939,217225824.7197265,537.24975305176451,29.847776005998526,true
3,332,500,83,0.97847559045500276,2.4796839686640054e-12,2.1306174000973292e-12,0.85922941270828757,4.6103013687613346e-12,268.92861988003085,231.07138011996918,1.4521954102002785,0.7251294651978778,217388344.73989725,538.09706212071649,29.739137351421864,true
3,333,500,83.25,0.97847559045500276,2.4796839686640054e-12,2.1411280448884009e-12,0.86346811607690055,4.6208120135524063e-12,268.31690635664529,231.68309364335468,1.4533925037022464,0.72566765994678439,217549691.46655464,538.94034119715172,29.630799032831618,true
3,334,500,83.5,0.97847559045500276,2.4796839686640054e-12,2.1516441191372987e-12,0.86770900902204617,4.6313280878013045e-12,267.70765552060266,232.29234447939737,1.4545847778453105,0.72620197277920862,217709874.42392805,539.77960490290263,29.52275955096588,true
3,335,500,83.75,0.97847559045500276,2.4796839686640054e-12,2.1621654226331273e-12,0.8719520108032357,4.6418493912971327e-12,267.10086429269893,232.89913570730104,1.4557722386553225,0.72673243517345354,217868903.04897529,540.61486784965689,29.415017411995446,true
3,336,500,84,0.97847559045500276,2.4796839686640054e-12,2.1726917550654343e-12,0.8761970406398315,4.6523757237294396e-12,266.49652950603053,233.50347049396947,1.4569548923297582,0.7272590783192493,218026786.69214225,541.44614463797814,29.307571127536232,true
3,337,500,84.25,0.97847559045500276,2.4796839686640054e-12,2.1832229160280228e-12,0.88044401771258429,4.6629068846920286e-12,265.8946479077913,234.1053520922087,1.4581327452342006,0.72778193312027206,218183534.61811796,542.27344985634431,29.20041921466056,true
3,338,500,84.5,0.97847559045500276,2.4796839686640054e-12,2.1937587050227685e-12,0.88469286116517232,4.6734426736867743e-12,265.29521616104887,234.70478383895116,1.4593058038988631,0.72830103019664949,218339156.00658578,543.09679808020076,29.093560195907713,true
3,339,500,84.75,0.97847559045500276,2.4796839686640054e-12,2.2042989214634369e-12,0.88894349010574147,4.6839828901274423e-12,264.69823084649846,235.30176915350154,1.4604740750151584,0.72881639988744962,218493659.95296943,543.91620387103069,28.986992599293643,true
3,340,500,85,0.97847559045500276,2.4796839686640054e-12,2.2148433646795004e-12,0.89319582360844363,4.6945273333435057e-12,264.10368846419527,235.89631153580473,1.4616375654323077,0.72932807225315621,218647055.46917531,544.73168177544039,28.880714958319835,true
3,341,500,85.25,0.97847559045500276,2.4796839686640054e-12,2.2253918339199586e-12,0.89744978071497827,4.7050758025839636e-12,263.51158543526509,236.48841456473491,1.462796282153993,0.72983607707812836,218799351.48432955,545.5432463242613,28.77472581198144,true
3,342,500,85.5,0.97847559045500276,2.4796839686640054e-12,2.2359441283571624e-12,0.90170528043613385,4.7156280970211682e-12,262.92191810359327,237.07808189640673,1.4639502323350522,0.73034044387304464,218950556.84551108,546.35091203166678,28.669023704774453,true
3,343,500,85.75,0.97847559045500276,2.4796839686640054e-12,2.246500047090638e-12,0.90596224175333062,4.7261840157546438e-12,262.33468273749253,237.66531726250747,1.4650994232782151,0.73084120187733259,219100680.31847975,547.15469339430524,28.563607186702264,true
3,344,500,86,0.97847559045500276,2.4796839686640054e-12,2.2570593891509076e-12,0.91022058362016089,4.7367433578149134e-12,261.74987553135009,238.25012446864991,1.4662438624308802,0.73133838006158192,219249730.58839983,547.95460489044763,28.458474813281445,true
3,345,500,86.25,0.97847559045500276,2.4796839686640054e-12,2.2676219535033194e-12,0.91448022496393366,4.7473059221673244e-12,261.16749260725288,238.83250739274712,1.467383557381934,0.73183200712994212,219397716.26055887,548.75066097915078,28.353625145546733,true
3,346,500,86.5,0.97847559045500276,2.4796839686640054e-12,2.2781875390518738e-12,0.91874108468721805,4.7578715077158792e-12,260.58753001659267,239.41246998340733,1.4685185158586103,0.73232211152250437,219544645.86108172,549.54287609943583,28.249056750055317,true
3,347,500,86.75,0.97847559045500276,2.4796839686640054e-12,2.2887559446430521e-12,0.92300308166938672,4.7684399133070574e-12,260.00998374164999,239.99001625835004,1.4696487457233895,0.73280872141766884,219690527.8376402,550.33126466948113,28.144768198890407,true
3,348,500,87,0.97847559045500276,2.4796839686640054e-12,2.2993269690696457e-12,0.92726613476816089,4.779010937733651e-12,259.43484969715774,240.56515030284226,1.4707742549709402,0.73329186473449315,219835370.56015721,551.11584108582986,28.040758069664136,true
3,349,500,87.25,0.97847559045500276,2.4796839686640054e-12,2.309900411074588e-12,0.93153016282115464,4.7895843797385934e-12,258.8621237318448,241.13787626815522,1.471895051725097,0.73377156913502783,219979182.32150692,551.89661972261297,27.937024945519749,true
3,350,500,87.5,0.97847559045500276,2.4796839686640054e-12,2.3204760693547835e-12,0.93579508464742012,4.8001600380187889e-12,258.2918016299584,241.70819837004157,1.4730111442358829,0.73424786202663361,220121971.33820936,552.67361493078545,27.833567415133132,true
3,351,500,87.75,0.97847559045500276,2.4796839686640054e-12,2.3310537425649432e-12,0.9400608190489933,4.8107377112289486e-12,257.72387911276775,242.27612088723225,1.4741225408765644,0.73472077056428364,220263745.75112063,553.44684103737802,27.730384072713729,true
3,352,500,88,0.97847559045500276,2.4796839686640054e-12,2.3416332293214171e-12,0.94432728481244055,4.8213171979854229e-12,257.15835184004658,242.84164815995342,1.4752292501407529,0.73519032165284859,220404513.62611809,554.21631234476206,27.627473518004749,true
3,353,500,88.25,0.97847559045500276,2.4796839686640054e-12,2.3522143282060275e-12,0.94859440071040357,4.8318982968700324e-12,256.59521541153651,243.40478458846346,1.4763312806395392,0.73565654194936592,220544282.95478052,554.98204312992891,27.524834356282785,true
3,354,500,88.5,0.97847559045500276,2.4796839686640054e-12,2.362796837769903e-12,0.95286208550314644,4.842480806433908e-12,256.03446536839141,243.96553463160859,1.4774286410986672,0.73611945786529343,220683061.65506375,555.74404764378335,27.42246519835691,true
3,355,500,88.75,0.97847559045500276,2.4796839686640054e-12,2.3733805565373163e-12,0.95713025794010242,4.8530645252013221e-12,255.47609719460095,244.52390280539905,1.4785213403557491,0.73657909556874468,220820857.57197088,556.50234011044972,27.320364660566984,true
3,356,500,89,0.97847559045500276,2.4796839686640054e-12,2.3839652830095185e-12,0.96139883676142091,4.8636492516735235e-12,254.92010631839617,245.07989368160383,1.4796093873575131,0.73703548098670979,220957678.47821799,557.25693472659293,27.218531364781544,true
3,357,500,89.25,0.97847559045500276,2.4796839686640054e-12,2.3945508156685749e-12,0.96566774069951411,4.8742347843325807e-12,254.36648811363568,245.63351188636432,1.4806927911570926,0.7374886398072581,221093532.07489455,558.00784566075197,27.116963938395092,true
3,358,500,89.5,0.97847559045500276,2.4796839686640054e-12,2.4051369529812028e-12,0.96993688848060478,4.8848209216452078e-12,253.81523790117237,246.18476209882763,1.4817715609113495,0.73793859748172597,221228425.99211922,558.75508705268703,27.015661014324735,true
3,359,500,89.75,0.97847559045500276,2.4796839686640054e-12,2.4157234934026063e-12,0.97420619882627246,4.8954074620666117e-12,253.26635095020251,246.73364904979749,1.4828457058782361,0.73838537922688641,221362367.78969041,559.49867301273935,26.914621231006436,true
3,360,500,90,0.97847559045500276,2.4796839686640054e-12,2.4263102353803167e-12,0.97847559045500254,4.9059942040443221e-12,252.71982247959494,247.28017752040506,1.4839152354141925,0.73882901002710399,221495364.95773214,560.2386176212043,26.813843232390553,true
3,361,500,90.25,0.97847559045500276,2.4796839686640054e-12,2.4368969773580271e-12,0.98274498208373262,4.9165809460220325e-12,252.17564765920292,247.82435234079708,1.4849801589715801,0.73926951463647139,221627424.91733474,560.97493492771741,26.713325667937003,true
3,362,500,90.5,0.97847559045500276,2.4796839686640054e-12,2.4474835177794318e-12,0.98701429242940086,4.9271674864434372e-12,251.6338216111574,248.3661783888426,1.4860404860961507,0.73970691758093055,221758555.02119058,561.70763895065295,26.613067192609847,true
3,363,500,90.75,0.97847559045500276,2.4796839686640054e-12,2.4580696550920589e-12,0.99128344021049108,4.9377536237560643e-12,251.09433941114224,248.90566058885776,1.4870962264245502,0.74014124316037699,221888762.55422512,562.43674367653443,26.513066466871429,true
3,364,500,91,0.97847559045500276,2.4796839686640054e-12,2.4686551877511153e-12,0.99555234414858429,4.9483391564151207e-12,250.5571960896512,249.4428039103488,1.48814738968186,0.7405725154507472,222018054.73422247,563.1622630594585,26.413322156675914,true
3,365,500,91.25,0.97847559045500276,2.4796839686640054e-12,2.4792399142233171e-12,0.99982092296990266,4.9589238828873221e-12,250.02238663322805,249.97761336677195,1.4891939856791692,0.74100075830609025,222146438.71244672,563.88421102053019,26.313832933462532,true
3,366,500,91.5,0.97847559045500276,2.4796839686640054e-12,2.4898236329907312e-12,1.0040890954068589,4.9695076016547362e-12,249.4899059856881,250.5100940143119,1.4902360243111841,0.74142599536062237,222273921.57425758,564.6026014473108,26.214597474148189,true
3,367,500,91.75,0.97847559045500276,2.4796839686640054e-12,2.5004061425546067e-12,1.0083567801996018,4.9800901112186117e-12,248.95974904932339,251.04025095067661,1.4912735155538708,0.7418482500307646,222400510.3397215,565.31744819327753,26.11561446111974,true
3,368,500,92,0.97847559045500276,2.4796839686640054e-12,2.5109872414392166e-12,1.0126238960975646,4.990671210103222e-12,248.43191068608968,251.56808931391032,1.4923064694621306,0.74226754551716545,222526211.9642179,566.028765077294,26.016882582225772,true
3,369,500,92.25,0.97847559045500276,2.4796839686640054e-12,2.5215667281956902e-12,1.0168903618610117,5.0012506968596956e-12,247.90638571877716,252.09361428122284,1.4933348961675104,0.74268390480670521,222651033.33904016,566.73656588309427,25.91840053076794,true
3,370,500,92.5,0.97847559045500276,2.4796839686640054e-12,2.5321444014058503e-12,1.0211560962625852,5.0118283700698553e-12,247.38316893216387,252.61683106783613,1.4943588058759454,0.74309735067448557,222774981.29199198,567.44086435877693,25.820167005491957,true
3,371,500,92.75,0.97847559045500276,2.4796839686640054e-12,2.5427200596860466e-12,1.0254210180888508,5.0224040283500524e-12,246.86225507415276,253.13774492584724,1.4953782088655325,0.74350790568580127,222898062.58797854,568.14167421631078,25.722180710578087,true
3,372,500,93,0.97847559045500276,2.4796839686640054e-12,2.5532935016909877e-12,1.0296850461418441,5.0329774703549931e-12,246.34363885689169,253.65636114310831,1.4963931154843406,0.743915592198097,223020283.92959312,568.83900913105151,25.624440355631311,true
3,373,500,93.25,0.97847559045500276,2.4796839686640054e-12,2.5638645261175817e-12,1.0339480992406185,5.0435484947815867e-12,245.82731495787758,254.17268504212242,1.4974035361482483,0.74432043236290657,223141651.95769849,569.53288274127067,25.52694465567102,true
3,374,500,93.5,0.97847559045500276,2.4796839686640054e-12,2.5744329317087599e-12,1.0382100962227871,5.0541169003727657e-12,245.31327802104428,254.68672197895572,1.4984094813388156,0.74472244812777688,223262173.25200373,570.2233086476939,25.429692331120478,true
3,375,500,93.75,0.97847559045500276,2.4796839686640054e-12,2.5849985172573144e-12,1.0424709559460716,5.0646824859213197e-12,244.80152265783394,255.19847734216606,1.4994109616011873,0.74512166123817503,223381854.3316358,570.91030041305089,25.332682107795684,true
3,376,500,94,0.97847559045500276,2.4796839686640054e-12,2.595561081609727e-12,1.0467305972898446,5.0752450502737323e-12,244.29204344825322,255.70795655174678,1.5004079875420253,0.74551809323937956,223500701.65570679,571.59387156163598,25.235912716894109,true
3,377,500,94.25,0.97847559045500276,2.4796839686640054e-12,2.6061204236699962e-12,1.0509889391566747,5.085804392334002e-12,243.7848349419134,256.2151650580866,1.5014005698274746,0.74591176547835603,223618721.62387589,572.27403557887874,25.139382894982973,true
3,378,500,94.5,0.97847559045500276,2.4796839686640054e-12,2.616676342403471e-12,1.0552459004738712,5.0963603110674759e-12,243.27989165905484,256.72010834094516,1.5023887191811571,0.74630269910561475,223735920.57690665,572.95080591092551,25.043091383987125,true
3,379,500,94.75,0.97847559045500276,2.4796839686640054e-12,2.6272286368406756e-12,1.0595014001950271,5.1069126055046806e-12,242.77720809155647,257.22279190844353,1.5033724463821971,0.74669091507705498,223852304.79721957,573.62419596423069,24.947036931176708,true
3,380,500,95,0.97847559045500276,2.4796839686640054e-12,2.6377771060811338e-12,1.0637553573015619,5.1174610747451392e-12,242.27677870392978,257.72322129607022,1.5043517622632754,0.74707643415579217,223967880.50944009,574.29421910515873,24.851218289154403,true
3,381,500,95.25,0.97847559045500276,2.4796839686640054e-12,2.6483215492971968e-12,1.0680076908042637,5.1280055179612026e-12,241.77859793429798,258.22140206570202,1.5053266777087129,0.74745927691396807,224082653.88094115,574.96088865959496,24.755634215842448,true
3,382,500,95.5,0.97847559045500276,2.4796839686640054e-12,2.6588617657378653e-12,1.072258319744833,5.1385457344018707e-12,241.28266019535988,258.71733980464012,1.5062972036525857,0.74783946373454724,224196631.02238178,575.62421791256781,24.66028347446921,true
3,383,500,95.75,0.97847559045500276,2.4796839686640054e-12,2.6693975547326114e-12,1.0765071631974212,5.1490815233966172e-12,240.78895987534008,259.21104012465992,1.507263351076864,0.74821701481309644,224309817.9882406,576.28422010787915,24.565164833555681,true
3,384,500,96,0.97847559045500276,2.4796839686640054e-12,2.6799287156952003e-12,1.0807541402701741,5.1596126843592061e-12,240.2974913389229,259.7025086610771,1.5082251310095858,0.7485919501595486,224422220.77734455,576.94090844774519,24.470277066901382,true
3,385,500,96.25,0.97847559045500276,2.4796839686640054e-12,2.6904550481275068e-12,1.0849991701067696,5.1701390167915122e-12,239.80824892817378,260.19175107182622,1.5091825545230524,0.74896428959995098,224533845.33339316,577.59429609244694,24.375618953570285,true
3,386,500,96.5,0.97847559045500276,2.4796839686640054e-12,2.7009763516233351e-12,1.089242171887959,5.1806603202873405e-12,239.3212269634455,260.6787730365545,1.5101356327320565,0.74933405277819931,224644697.54547811,578.24439615998847,24.281189277876269,true
3,387,500,96.75,0.97847559045500276,2.4796839686640054e-12,2.7114924258722329e-12,1.0934830648331046,5.1911763945362386e-12,238.83641974426996,261.16358025573004,1.511084376792136,0.74970125915775376,224754783.24859801,578.89122172576629,24.186986829368355,true
3,388,500,97,0.97847559045500276,2.4796839686640054e-12,2.722003070663305e-12,1.0977217682017177,5.2016870393273104e-12,238.35382155023706,261.64617844976294,1.5120287978978535,0.75006592802334271,224864108.22416899,579.53478582224659,24.093010402815693,true
3,389,500,97.25,0.97847559045500276,2.4796839686640054e-12,2.7325080858890259e-12,1.1019582012949964,5.2121920545530309e-12,237.87342664185934,262.12657335814066,1.5129689072811066,0.75042807848264792,224972678.20052993,580.17510143865195,23.999258798192329,true
3,390,500,97.5,0.97847559045500276,2.4796839686640054e-12,2.743007271549047e-12,1.106192283457361,5.2226912402130528e-12,237.39522926142291,262.60477073857709,1.5139047162094599,0.75078772946797812,225080498.85344419,580.81218152065583,23.905730820661642,true
3,391,500,97.75,0.97847559045500276,2.4796839686640054e-12,2.7535004277540088e-12,1.1104239340779902,5.2331843964180146e-12,236.91922363382497,263.08077636617503,1.5148362359845073,0.75114489973792387,225187575.80659574,581.44603897008699,23.812425280560621,true
3,392,500,98,0.97847559045500276,2.4796839686640054e-12,2.763987354729342e-12,1.1146530725923565,5.243671323393347e-12,236.44540396739842,263.55459603260158,1.5157634779402591,0.7514996078790005,225293914.63208172,582.07668664464177,23.719340993383859,true
3,393,500,98.25,0.97847559045500276,2.4796839686640054e-12,2.7744678528190743e-12,1.1188796184837584,5.2541518214830797e-12,235.97376445472315,264.02623554527685,1.5166864534415527,0.75185187230727402,225399520.85089982,582.70413735760474,23.626476779767369,true
3,394,500,98.5,0.97847559045500276,2.4796839686640054e-12,2.7849417224896286e-12,1.1231034912848548,5.264625691153634e-12,235.50429927342412,264.49570072657588,1.5176051738824921,0.75220171126997282,225504399.93343145,583.32840387757813,23.53383146547214,true
3,395,500,98.75,0.97847559045500276,2.4796839686640054e-12,2.7954087643336249e-12,1.1273246105791959,5.2750927329976299e-12,235.0370025869571,264.9629974130429,1.518519650684909,0.75254914284708496,225608557.29992071,583.94949892821842,23.44140388136751,true
3,396,500,99,0.97847559045500276,2.4796839686640054e-12,2.8058687790736732e-12,1.1315428960027549,5.285552747737679e-12,234.57186854538151,265.42813145461849,1.5194298952968519,0.75289418495294047,225711998.32094863,584.56743518798226,23.349192863414327,true
3,397,500,99.25,0.97847559045500276,2.4796839686640054e-12,2.8163215675661722e-12,1.1357582672454583,5.296005536230178e-12,234.10889128612047,265.89110871387953,1.5203359191910972,0.75323685533777895,225814728.31790316,585.18222528987906,23.257197252647885,true
3,398,500,99.5,0.97847559045500276,2.4796839686640054e-12,2.8267669308050961e-12,1.139970644052714,5.3064508994691015e-12,233.64806493470923,266.35193506529077,1.521237733863686,0.75357717158930282,225916752.56344485,585.79388182123239,23.16541589516072,true
3,399,500,99.75,0.97847559045500276,2.4796839686640054e-12,2.8372046699257841e-12,1.1441799462269389,5.3168886385897895e-12,233.18938360553079,266.81061639446921,1.5221353508324831,0.75391515113421603,226018076.28196812,586.4024173234485,23.073847642085202,true
3,400,500,100,0.97847559045500276,2.4796839686640054e-12,2.8476345862087297e-12,1.1483860936290875,5.3273185548727351e-12,232.73284140253958,267.26715859746042,1.5230287816357619,0.75425081123974913,226118704.65005842,587.00784429179248,22.982491349575891,true
3,401,500,100.25,0.97847559045500276,2.4796839686640054e-12,2.8580564810833617e-12,1.1525890061801765,5.3377404497473671e-12,232.27843241997346,267.72156758002654,1.5239180378308108,0.75458416901516823,226218642.79694471,587.61017517517212,22.891345878791821,true
3,402,500,100.5,0.97847559045500276,2.4796839686640054e-12,2.8684701561318251e-12,1.1567886038628095,5.3481541247958305e-12,231.82615074305369,268.17384925694631,1.5248031309925629,0.75491524141327293,226317895.80494848,588.20942237592828,22.800410095878533,true
3,403,500,100.75,0.97847559045500276,2.4796839686640054e-12,2.8788754130927566e-12,1.1609848067226995,5.358559381756762e-12,231.37599044867358,268.62400955132642,1.5256840727122487,0.75524404523187694,226416468.70992756,588.80559824963427,22.709682871949973,true
3,404,500,101,0.97847559045500276,2.4796839686640054e-12,2.8892720538650634e-12,1.1651775348701934,5.3689560225290684e-12,230.92794560607518,269.07205439392482,1.5265608745960724,0.75557059711527708,226514366.50171661,589.39871510490002,22.61916308307023,true
3,405,500,101.25,0.97847559045500276,2.4796839686640054e-12,2.8996598805116911e-12,1.1693667084817905,5.3793438491756961e-12,230.48201027751549,269.51798972248451,1.527433548263907,0.75589491355570682,226611594.12456286,589.98878520318488,22.528849610235174,true
3,406,500,101.5,0.97847559045500276,2.4796839686640054e-12,2.9100386952633942e-12,1.173552247801664,5.3897226639274e-12,230.03817851892046,269.96182148107954,1.5283021053480148,0.75621701089477777,226708156.4775582,590.57582075861706,22.438741339353832,true
3,407,500,101.75,0.97847559045500276,2.4796839686640054e-12,2.9204083005225014e-12,1.1777340731431787,5.4000922691865064e-12,229.59644438052868,270.40355561947132,1.5291665574917888,0.75653690532490658,226804058.41506705,591.1598339378196,22.348837161229739,true
3,408,500,102,0.97847559045500276,2.4796839686640054e-12,2.9307684988666745e-12,1.1819121048904078,5.4104524675306795e-12,229.15680190752403,270.84319809247597,1.5300269163485134,0.7568546128907272,226899304.74714959,591.74083685974199,22.259135971542101,true
3,409,500,102.25,0.97847559045500276,2.4796839686640054e-12,2.9411190930526718e-12,1.1860862634996494,5.4208030617166772e-12,228.71924514065739,271.28075485934261,1.5308831935801481,0.75717014949049177,226993900.23998198,592.31884159550111,22.169636670826822,true
3,410,500,102.5,0.97847559045500276,2.4796839686640054e-12,2.9514598860201003e-12,1.1902564695009408,5.4311438546841061e-12,228.28376811685763,271.71623188314237,1.5317354008561324,0.75748353087745723,227087849.61627179,592.8938601682255,22.080338164457416,true
3,411,500,102.75,0.97847559045500276,2.4796839686640054e-12,2.961790680895168e-12,1.1944226434995708,5.4414746495591734e-12,227.85036486983273,272.14963513016727,1.532583549852208,0.75779477266125794,227181157.55566972,593.46590455290789,21.991239362625823,true
3,412,500,103,0.97847559045500276,2.4796839686640054e-12,2.9721112809944308e-12,1.1985847061775914,5.4517952496584361e-12,227.41902943065975,272.58097056934025,1.5334276522492658,0.75810389030926639,227273828.69517735,594.03498667626354,21.902339180323054,true
3,413,500,103.25,0.97847559045500276,2.4796839686640054e-12,2.9824214898285403e-12,1.2027425782953292,5.4621054584925456e-12,226.98975582836499,273.01024417163501,1.5342677197322101,0.75841089914794013,227365867.62955108,594.60111841659477,21.81363653731977,true
3,414,500,103.5,0.97847559045500276,2.4796839686640054e-12,2.9927211111059826e-12,1.2068961806928926,5.4724050797699884e-12,226.5625380904944,273.4374619095056,1.5351037639888416,0.75871581436415558,227457278.91170192,595.16431160366096,21.725130358146764,true
3,415,500,103.75,0.97847559045500276,2.4796839686640054e-12,3.0030099487368141e-12,1.2110454342916788,5.4826939174008195e-12,226.13737024367293,273.86262975632707,1.5359357967087639,0.7590186510065301,227548067.05309182,595.72457801855523,21.636819572075247,true
3,416,500,104,0.97847559045500276,2.4796839686640054e-12,3.0132878068363997e-12,1.2151902600958813,5.4929717755004047e-12,225.7142463141555,274.2857536858445,1.5367638295823043,0.75931942398672958,227638236.52412581,596.28192939358655,21.54870311309719,true
3,417,500,104.25,0.97847559045500276,2.4796839686640054e-12,3.0235544897291336e-12,1.2193305791939901,5.5032384583931389e-12,225.29316032836738,274.70683967163262,1.5375878742994571,0.759618148080764,227727791.75454023,596.83637741216819,21.460779919905452,true
3,418,500,104.5,0.97847559045500276,2.4796839686640054e-12,3.033809801952174e-12,1.2234663127602985,5.513493770616179e-12,224.87410631343471,275.12589368656529,1.5384079425488446,0.75991483793027237,227816737.13378799,597.38793370871042,21.373048935873815,true
3,419,500,104.75,0.97847559045500276,2.4796839686640054e-12,3.0440535482591578e-12,1.2275973820564001,5.5237375169231636e-12,224.45707829770674,275.54292170229326,1.5392240460166962,0.76020950804379173,227905077.01141909,597.9366098685208,21.28550910903704,true
3,420,500,105,0.97847559045500276,2.4796839686640054e-12,3.0542855336239231e-12,1.2317237084326917,5.5339695022879281e-12,224.04207031126759,275.95792968873241,1.5400361963858451,0.76050217279801624,227992815.69745803,598.48241742770779,21.198159392070718,true
3,421,500,105.25,0.97847559045500276,2.4796839686640054e-12,3.0645055632442163e-12,1.2358452133298659,5.5441895319082217e-12,223.62907638643964,276.37092361356036,1.5408444053347459,0.76079284643904355,228079957.46277741,599.02536787309134,21.11099874227115,true
3,422,500,105.5,0.97847559045500276,2.4796839686640054e-12,3.0747134425454062e-12,1.2399618182804111,5.554397411209412e-12,223.2180905582772,276.7819094417228,1.5416486845365056,0.76108154308360831,228166506.53946784,599.56547264211815,21.024026121535055,true
3,423,500,105.75,0.97847559045500276,2.4796839686640054e-12,3.0849089771841844e-12,1.2440734449101027,5.5645929458481898e-12,222.80910686505177,277.19089313494823,1.5424490456579361,0.76136827672030449,228252467.12120426,600.10274312278159,20.937240496339278,true
3,424,500,106,0.97847559045500276,2.4796839686640054e-12,3.0950919730522686e-12,1.2481800149394966,5.574775941716274e-12,222.40211934872843,277.59788065127157,1.5432455003586207,0.7616530612107949,228337843.36360866,600.63719065354769,20.850640837720427,true
3,425,500,106.25,0.97847559045500276,2.4796839686640054e-12,3.1052622362800953e-12,1.2522814501854189,5.5849462049441011e-12,221.99712205543301,278.00287794456699,1.5440380602900006,0.76193591029100949,228422639.38460922,601.1688265232857,20.764226121254381,true
3,426,500,106.5,0.97847559045500276,2.4796839686640054e-12,3.1154195732405136e-12,1.2563776725624545,5.5951035419045185e-12,221.59410903591117,278.40589096408883,1.5448267370944759,0.76221683757233161,228506859.26479605,601.69766197120316,20.677995327035834,true
3,427,500,106.75,0.97847559045500276,2.4796839686640054e-12,3.1255637905524681e-12,1.260468604084434,5.6052477592164735e-12,221.1930743459792,278.8069256540208,1.545611542404524,0.76249585654277263,228590507.04777318,602.2237081867861,20.591947439657719,true
3,428,500,107,0.97847559045500276,2.4796839686640054e-12,3.135694695084685e-12,1.2645541668659182,5.6153786637486904e-12,220.79401204696575,279.20598795303425,1.5463924878418351,0.76277298056813447,228673586.74050727,602.74697630974435,20.506081448190596,true
3,429,500,107.25,0.97847559045500276,2.4796839686640054e-12,3.1458120939593451e-12,1.2686342831236812,5.62549606262335e-12,220.39691620614599,279.60308379385401,1.5471695850164617,0.7630482228931621,228756102.31367293,603.26747742996099,20.420396346161979,true
3,430,500,107.5,0.97847559045500276,2.4796839686640054e-12,3.1559157945557567e-12,1.2727088751781901,5.635599763219762e-12,220.00178089716741,279.99821910283259,1.5479428455259867,0.76332159664268251,228838057.70199433,603.78522258744613,20.334891131535663,true
3,431,500,107.75,0.97847559045500276,2.4796839686640054e-12,3.1660056045140252e-12,1.2767778654550861,5.6456895731780306e-12,219.60860020046761,280.39139979953239,1.5487122809547045,0.76359311482273462,228919456.80458385,604.30022277229637,20.249564806690952,true
3,432,500,108,0.97847559045500276,2.4796839686640054e-12,3.176081331738714e-12,1.2808411764866596,5.6557653004027194e-12,219.21736820368403,280.78263179631597,1.5494779028728198,0.76386279032168625,229000303.48527694,604.8124889246568,20.16441637840186,true
3,433,500,108.25,0.97847559045500276,2.4796839686640054e-12,3.1861427844024994e-12,1.2848987309133257,5.6658267530665052e-12,218.82807900205654,281.17192099794346,1.5502397228356601,0.76413063591134112,229080601.57296401,605.32203193468922,20.079444857816316,true
3,434,500,108.5,0.97847559045500276,2.4796839686640054e-12,3.1961897709498267e-12,1.2889504514850969,5.6758737396138325e-12,218.44072669882149,281.55927330117851,1.5509977523829042,0.76439666424803387,229160354.86191881,605.82886264254319,19.994649260435288,true
3,435,500,108.75,0.97847559045500276,2.4796839686640054e-12,3.2062221001005542e-12,1.2929962610630541,5.6859060687645596e-12,218.05530540559863,281.94469459440137,1.5517520030378247,0.76466088787371556,229239567.11212358,606.3329918383314,19.910028606091888,true
3,436,500,109,0.97847559045500276,2.4796839686640054e-12,3.2162395808535963e-12,1.2970360826208145,5.6959235495176013e-12,217.67180924277102,282.32819075722898,1.5525024863065446,0.76492331921702639,229318242.04959098,606.83443026211069,19.825581918930467,true
3,437,500,109.25,0.97847559045500276,2.4796839686640054e-12,3.2262420224905591e-12,1.3010698392459994,5.7059259911545645e-12,217.29023233985674,282.70976766014326,1.5532492136773106,0.76518397059435983,229396383.36668286,607.33318860386453,19.74130822738568,true
3,438,500,109.5,0.97847559045500276,2.4796839686640054e-12,3.2362292345793725e-12,1.3050974541416969,5.7159132032433779e-12,216.91056883587379,283.08943116412621,1.5539921966197785,0.76544285421091496,229473994.72242585,607.82927750349108,19.657206564161473,true
3,439,500,109.75,0.97847559045500276,2.4796839686640054e-12,3.2462010269779135e-12,1.3091188506279245,5.7258849956419185e-12,216.5328128796981,283.4671871203019,1.5547314465843123,0.76569998216173785,229551079.74282354,608.32270755079537,19.573275966210186,true
3,440,500,110,0.97847559045500276,2.4796839686640054e-12,3.2561572098376301e-12,1.3131339521430909,5.7358411785016351e-12,216.1569586304139,283.8430413695861,1.555466975001299,0.76595536643275408,229627642.02116603,608.81348928548323,19.489515474711457,true
3,441,500,110.25,0.97847559045500276,2.4796839686640054e-12,3.2660975936071518e-12,1.3171426822454506,5.7457815622711572e-12,215.78300025765782,284.21699974234218,1.5561987932804753,0.76620901890178905,229703685.11833581,609.30163319716178,19.405924135051254,true
3,442,500,110.5,0.97847559045500276,2.4796839686640054e-12,3.2760219890358995e-12,1.3211449646145601,5.7557059576999052e-12,215.41093194195565,284.58906805804435,1.5569269128102678,0.76646095133957948,229779212.56311092,609.78714972534101,19.322500996800848,true
3,443,500,110.75,0.97847559045500276,2.4796839686640054e-12,3.2859302071776922e-12,1.3251407230527337,5.7656141758416972e-12,215.04074787505238,284.95925212494762,1.5576513449571483,0.76671117541077427,229854227.85246518,610.27004925943993,19.239245113695727,true
3,444,500,111,0.97847559045500276,2.4796839686640054e-12,3.2958220593943362e-12,1.3291298814864889,5.7755060280583416e-12,214.67244226023661,285.32755773976339,1.5583721010649978,0.76695970267492464,229928734.45186484,610.7503421387969,19.156155543614663,true
3,445,500,111.25,0.97847559045500276,2.4796839686640054e-12,3.3056973573592256e-12,1.3331123639680005,5.785381326023231e-12,214.30600931265633,285.69399068734367,1.5590891924544894,0.76720654458746629,230002735.7955631,611.22803865268179,19.073231348558483,true
3,446,500,111.5,0.97847559045500276,2.4796839686640054e-12,3.3155559130609215e-12,1.3370880946765422,5.7952398817249265e-12,213.94144325963077,286.05855674036923,1.5598026304224772,0.76745171250068867,230076235.28689077,611.70314904031272,18.990471594629188,true
3,447,500,111.75,0.97847559045500276,2.4796839686640054e-12,3.3253975388067347e-12,1.3410569979199323,5.8050815074707397e-12,213.57873834095375,286.42126165904625,1.5605124262414043,0.76769521766469728,230149236.29854462,612.17568349087605,18.907875352008759,true
3,448,500,112,0.97847559045500276,2.4796839686640054e-12,3.3352220472262974e-12,1.3450189981359744,5.8149060158903032e-12,213.21788880919246,286.78211119080754,1.5612185911587153,0.7679370712283643,230221742.17287242,612.6456521435482,18.825441694938213,true
3,449,500,112.25,0.97847559045500276,2.4796839686640054e-12,3.3450292512751299e-12,1.3489740198938949,5.8247132199391353e-12,212.85888892997866,287.14111107002134,1.5619211363962893,0.76817728424027143,230293756.22215563,613.11306508752239,18.743169701696456,true
3,450,500,112.5,0.97847559045500276,2.4796839686640054e-12,3.3548189642382052e-12,1.3529219878957808,5.8345029329022106e-12,212.50173298229504,287.49826701770496,1.5626200731498778,0.76841586764964087,230365281.72888851,613.57793236203759,18.661058454579294,true
3,451,500,112.75,0.97847559045500276,2.4796839686640054e-12,3.3645909997334997e-12,1.3568628269780125,5.8442749683975051e-12,212.1464152587547,287.8535847412453,1.5633154125885582,0.76865283230725956,230436321.94605514,614.0402639564096,18.579107039878377,true
3,452,500,113,0.97847559045500276,2.4796839686640054e-12,3.3743451717155442e-12,1.3607964621126944,5.8540291403795492e-12,211.7929300658754,288.2070699341246,1.5640071658541976,0.76888818896639177,230506880.09740308,614.50006981006766,18.497314547860164,true
3,453,500,113.25,0.97847559045500276,2.4796839686640054e-12,3.3840812944789622e-12,1.3647228184090832,5.863765263142968e-12,211.44127172434759,288.55872827565241,1.5646953440609273,0.76912194828368308,230576959.37771422,614.95735981259065,18.415680072744927,true
3,454,500,113.5,0.97847559045500276,2.4796839686640054e-12,3.3937991826620135e-12,1.3686418211150155,5.8734831513260189e-12,211.09143456929667,288.90856543070333,1.5653799582946304,0.76935412082005716,230646562.95307392,615.41214380374822,18.33420271268567,true
3,455,500,113.75,0.97847559045500276,2.4796839686640054e-12,3.4034986512501129e-12,1.3725533956183282,5.8831826199141183e-12,210.74341295054035,289.25658704945965,1.5660610196124378,0.76958471704159959,230715693.96113563,615.86443157354449,18.252881569747242,true
3,456,500,114,0.97847559045500276,2.4796839686640054e-12,3.4131795155793619e-12,1.3764574674482819,5.8928634842433673e-12,210.39720123283939,289.60279876716061,1.5667385390422377,0.7698137473204365,230784355.51138458,616.31423286226368,18.171715749885273,true
3,457,500,114.25,0.97847559045500276,2.4796839686640054e-12,3.4228415913400568e-12,1.380353962276976,5.9025255600040622e-12,210.05279379614399,289.94720620385601,1.5674125275821931,0.77004122193560187,230852550.6853976,616.76155736051919,18.090704362925266,true
3,458,500,114.5,0.97847559045500276,2.4796839686640054e-12,3.4324846945802034e-12,1.3842428059207659,5.9121686632442088e-12,209.71018503583406,290.28981496416594,1.5680829962002716,0.77026715107389698,230920282.53710091,617.20641470930423,18.009846522541636,true
3,459,500,114.75,0.97847559045500276,2.4796839686640054e-12,3.4421086417090166e-12,1.3881239243416743,5.9217926103730224e-12,209.36936936295433,290.63063063704567,1.5687499558337863,0.77049154483074078,230987554.09302497,617.64881450004634,17.929141346236793,true
3,460,500,115,0.97847559045500276,2.4796839686640054e-12,3.4517132495004135e-12,1.3919972436488002,5.9313972181644189e-12,209.03034120444471,290.96965879555529,1.5694134173889434,0.77071441321101231,231054368.35255706,618.08876627466248,17.848587955320266,true
3,461,500,115.25,0.97847559045500276,2.4796839686640054e-12,3.4612983350965097e-12,1.3958626900997286,5.940982303760515e-12,208.69309500336487,291.30690499663513,1.5700733917404039,0.77093576612988302,231120728.28819078,618.52627952561897,17.768185474887787,true
3,462,500,115.5,0.97847559045500276,2.4796839686640054e-12,3.4708637160110894e-12,1.3997201901019298,5.9505476846750952e-12,208.35762521911448,291.64237478088552,1.5707298897308524,0.77115561341364225,231186636.84577358,618.96136369599162,17.687933033800512,true
3,463,500,115.75,0.97847559045500276,2.4796839686640054e-12,3.4804092101330906e-12,1.4035696702141653,5.960093178797096e-12,208.0239263276477,291.9760736723523,1.5713829221705766,0.77137396480051335,231252096.94475138,619.39402817952885,17.607829764664135,true
3,464,500,116,0.97847559045500276,2.4796839686640054e-12,3.489934635730063e-12,1.4074110571478819,5.9696186043940684e-12,207.69199282168375,292.30800717831625,1.5720324998370563,0.77159082994146178,231317111.47841081,619.82428232071766,17.52787480380815,true
3,465,500,116.25,0.97847559045500276,2.4796839686640054e-12,3.4994398114516336e-12,1.4112442777686094,5.9791237801156394e-12,207.36181921091185,292.63818078908815,1.5726786334745619,0.77180621840099417,231381683.31411886,620.25213541485084,17.448067291265087,true
3,466,500,116.5,0.97847559045500276,2.4796839686640054e-12,3.50892455633296e-12,1.4150692590973537,5.9886085249969649e-12,207.03340002219147,292.96659997780853,1.5733213337937615,0.77202013965795135,231445815.2935605,620.67759670809676,17.368406370749717,true
3,467,500,116.75,0.97847559045500276,2.4796839686640054e-12,3.518388689798169e-12,1.4188859283119828,5.9980726584621748e-12,206.70672979974898,293.29327020025102,1.5739606114713385,0.77223260310629016,231509510.23297316,621.10067539757176,17.28889118963847,true
3,468,500,117,0.97847559045500276,2.4796839686640054e-12,3.5278320316638045e-12,1.4226942127486175,6.0075160003278102e-12,206.38180310536814,293.61819689463186,1.5745964771496164,0.77244361805585982,231572770.92337939,621.52138063141297,17.209520898948671,true
3,469,500,117.25,0.97847559045500276,2.4796839686640054e-12,3.5372544021422482e-12,1.4264940399030108,6.0169383708062539e-12,206.05861451857737,293.94138548142263,1.5752289414361931,0.77265319373316943,231635600.13081706,621.93972150885531,17.130294653317975,true
3,470,500,117.5,0.97847559045500276,2.4796839686640054e-12,3.5466556218451473e-12,1.4302853374319313,6.0263395905091527e-12,205.73715863683202,294.26284136316798,1.5758580149035852,0.77286133928214695,231698000.5965668,622.35570708030809,17.051211610983753,true
3,471,500,117.75,0.97847559045500276,2.4796839686640054e-12,3.5560355117868315e-12,1.4340680331545388,6.0357194804508369e-12,205.41743007569215,294.58256992430785,1.5764837080888785,0.77306806376489201,231759975.03737772,622.76934634743577,16.97227093376252,true
3,472,500,118,0.97847559045500276,2.4796839686640054e-12,3.5653938933877176e-12,1.4378420550537603,6.0450778620517225e-12,205.09942346899658,294.90057653100342,1.5771060314933887,0.77327337616241898,231821526.1456902,623.18064826323814,16.89347178702948,true
3,473,500,118.25,0.97847559045500276,2.4796839686640054e-12,3.5747305884777077e-12,1.4416073312776576,6.0544145571417127e-12,204.78313346903212,295.21686653096788,1.5777249955823291,0.77347728537539384,231882656.58985677,623.5896217321349,16.814813339697981,true
3,474,500,118.5,0.97847559045500276,2.4796839686640054e-12,3.5840454192995878e-12,1.4453637901408001,6.0637293879635936e-12,204.46855474669923,295.53144525330077,1.5783406107844877,0.77367980022486349,231943369.01436079,623.99627561004957,16.73629476419913,true
3,475,500,118.75,0.97847559045500276,2.4796839686640054e-12,3.5933382085124049e-12,1.4491113601256251,6.0730221771764103e-12,204.15568199167262,295.84431800832738,1.5789528874919116,0.77388092945297671,232003666.04003248,624.40061870449608,16.657915236461367,true
3,476,500,119,0.97847559045500276,2.4796839686640054e-12,3.6026087791948492e-12,1.4528499698838029,6.0822927478588546e-12,203.84450991255943,296.15549008744057,1.5795618360595984,0.77408068172369804,232063550.26426312,624.80265977466854,16.579673935890131,true
3,477,500,119.25,0.97847559045500276,2.4796839686640054e-12,3.6118569548486171e-12,1.4565795482375923,6.0915409235126229e-12,203.53503323705178,296.46496676294822,1.580167466805197,0.77427906562351467,232123024.26121676,625.20240753152893,16.501570045347567,true
3,478,500,119.5,0.97847559045500276,2.4796839686640054e-12,3.6210825594017736e-12,1.460300024181197,6.1007665280657794e-12,203.22724671207652,296.77275328792348,1.5807697900087156,0.77447608966213577,232182090.58204007,625.59987063790027,16.423602751132233,true
3,479,500,119.75,0.97847559045500276,2.4796839686640054e-12,3.6302854172121095e-12,1.4640113268821191,6.1099693858761145e-12,202.92114510394072,297.07885489605928,1.5813688159122354,0.77467176227318479,232240751.75506973,625.99505770855865,16.345771242958893,true
3,480,500,120,0.97847559045500276,2.4796839686640054e-12,3.6394653530704748e-12,1.4677133856825038,6.1191493217344798e-12,202.61672319847361,297.38327680152639,1.5819645547196342,0.77486609181488364,232299010.28603765,626.38797731032776,16.268074713938354,true
3,481,500,120.25,0.97847559045500276,2.4796839686640054e-12,3.6486221922041268e-12,1.471406130100489,6.1283061608681326e-12,202.31397580116453,297.68602419883547,1.5825570165963154,0.77505908657073208,232356868.65827456,626.77863796217503,16.190512360557339,true
3,482,500,120.5,0.97847559045500276,2.4796839686640054e-12,3.6577557602800443e-12,1.4750894898315432,6.1374397289440493e-12,202.01289773729775,297.98710226270225,1.5831462116689456,0.77525075475017713,232414329.33291078,627.16704813530839,16.113083382658395,true
3,483,500,120.75,0.97847559045500276,2.4796839686640054e-12,3.6668658834082576e-12,1.4787633947498064,6.1465498520722633e-12,201.71348385208319,298.28651614791681,1.5837321500251973,0.7754411044892785,232471394.74907562,627.5532162532752,16.035786983419907,true
3,484,500,121,0.97847559045500276,2.4796839686640054e-12,3.6759523881451561e-12,1.4824277749094259,6.1556363568091611e-12,201.41572901078382,298.58427098921618,1.5843148417134998,0.77563014385136464,232528067.32409421,627.93715069206155,15.958622369336046,true
3,485,500,121.25,0.97847559045500276,2.4796839686640054e-12,3.6850151014967853e-12,1.4860825605458843,6.1646990701607903e-12,201.11962809883994,298.88037190116006,1.5848942967427968,0.77581788082768388,232584349.45368242,628.31885978019409,15.881588750196935,true
3,486,500,121.5,0.97847559045500276,2.4796839686640054e-12,3.6940538509221487e-12,1.4897276820773322,6.1737378195861545e-12,200.82517602198948,299.17482397801052,1.5854705250823109,0.77600432333804759,232640243.51214007,628.69835179884183,15.804685339068671,true
3,487,500,121.75,0.97847559045500276,2.4796839686640054e-12,3.703068464336485e-12,1.4933630701059095,6.1827524330004908e-12,200.53236770638529,299.46763229361471,1.5860435366613126,0.77618947923146753,232695751.8525416,629.07563498191962,15.727911352273578,true
3,488,500,122,0.97847559045500276,2.4796839686640054e-12,3.7120587701145481e-12,1.4969886554190681,6.191742738778553e-12,200.2411980987095,299.7588019012905,1.5866133413688988,0.77637335628678616,232750876.80692539,629.45071751619309,15.651266009370406,true
3,489,500,122.25,0.97847559045500276,2.4796839686640054e-12,3.7210245970938783e-12,1.500604368990891,6.2007085657578833e-12,199.95166216628382,300.04833783371618,1.587179949053775,0.77655596221330014,232805620.68648037,629.82360754138392,15.574748533134581,true
3,490,500,122.5,0.97847559045500276,2.4796839686640054e-12,3.7299657745780515e-12,1.5042101419834029,6.2096497432420573e-12,199.66375489717745,300.33624510282255,1.5877433695240455,0.77673730465137858,232859985.78173161,630.19431315027748,15.498358149538589,true
3,491,500,122.75,0.97847559045500276,2.4796839686640054e-12,3.738882132339937e-12,1.5078059057478834,6.218566101003942e-12,199.37747130031136,300.62252869968864,1.5883036125470076,0.77691739117307357,232913974.36272323,630.56284238882949,15.422094087732317,true
3,492,500,123,0.97847559045500276,2.4796839686640054e-12,3.7477735006249365e-12,1.5113915918261742,6.2274574692889423e-12,199.09280640556017,300.90719359443983,1.5888606878489546,0.7770962292827247,232967588.67919961,630.92920325627642,15.345955580023515,true
3,493,500,123.25,0.97847559045500276,2.4796839686640054e-12,3.756639710154213e-12,1.5149671319519806,6.236323678818218e-12,198.80975526384998,301.19024473615002,1.5894146051149822,0.77727382641755771,233020830.96078497,631.2934037052438,15.269941861858285,true
3,494,500,123.5,0.97847559045500276,2.4796839686640054e-12,3.7654805921279198e-12,1.5185324580521731,6.2451645607919248e-12,198.52831294725451,301.47168705274549,1.589965373988802,0.77745018994827664,233073703.41716075,631.65545164185801,15.194052171801625,true
3,495,500,123.75,0.97847559045500276,2.4796839686640054e-12,3.7742959782284062e-12,1.5220875022480815,6.2539799468924112e-12,198.24847454908729,301.75152545091271,1.5905130040725592,0.77762532717965049,233126208.23824164,632.01535492585731,15.11828575151806,true
3,496,500,124,0.97847559045500276,2.4796839686640054e-12,3.7830857006234273e-12,1.525632196856789,6.2627696692874323e-12,197.97023518399163,302.02976481600837,1.5910575049266589,0.77779924535109202,233178347.59434894,632.37312137070455,15.042641845752295,true
3,497,500,124.25,0.97847559045500276,2.4796839686640054e-12,3.7918495919693417e-12,1.5291664743924203,6.2715335606333467e-12,197.69358998802738,302.30641001197262,1.591598886069594,0.77797195163723276,233230123.63638315,632.72875874370095,14.967119702309875,true
3,498,500,124.5,0.97847559045500276,2.4796839686640054e-12,3.8005874854142877e-12,1.5326902675674245,6.2802714540782927e-12,197.41853411875564,302.58146588124436,1.5921371569777816,0.77814345314849065,233281538.49599385,633.08227476609977,14.891718572038085,true
3,499,500,124.75,0.97847559045500276,2.4796839686640054e-12,3.8092992146013723e-12,1.5362035092938604,6.288983183265378e-12,197.14506275531966,302.85493724468034,1.5926723270854029,0.77831375693163174,233332594.28574842,633.43367711322082,14.816437708806664,true
3,500,500,125,0.97847559045500276,2.4796839686640054e-12,3.817984613671827e-12,1.5397061326846688,6.2976685823358328e-12,196.87317109852421,303.12682890147579,1.5932044057842483,0.77848286997032756,233383293.09929889,633.78297341456732,14.741276369488762,true
3,501,500,125.25,0.97847559045500276,2.4796839686640054e-12,3.8266435172681747e-12,1.5431980710549493,6.3063274859321797e-12,196.60285437091176,303.39714562908824,1.5937334024235692,0.77865079918570423,233433637.01154667,634.13017125394083,14.666233813941901,true
3,502,500,125.5,0.97847559045500276,2.4796839686640054e-12,3.8352757605373736e-12,1.54667925792323,6.3149597292013794e-12,196.33410781683625,303.66589218316375,1.5942593263099327,0.77881755143688791,233483628.07880607,634.47527816955972,14.591309304988926,true
3,503,500,125.75,0.97847559045500276,2.4796839686640054e-12,3.8438811791339517e-12,1.5501496270127291,6.3235651477979567e-12,196.06692670253432,303.93307329746568,1.5947821867070826,0.77898313352154402,233533268.33896589,634.81830165417568,14.516502108399148,true
3,504,500,126,0.97847559045500276,2.4796839686640054e-12,3.8524596092231459e-12,1.5536091122526228,6.3321435778871509e-12,195.80130631619397,304.19869368380603,1.5953019928358052,0.77914755217640996,233582559.8116492,635.15924915519247,14.441811492869396,true
3,505,500,126.25,0.97847559045500276,2.4796839686640054e-12,3.861010887484013e-12,1.557057647779299,6.340694856148018e-12,195.53724196802125,304.46275803197875,1.595818753873798,0.7793108140778241,233631504.4983719,635.49812807478497,14.367236730005287,true
3,506,500,126.5,0.97847559045500276,2.4796839686640054e-12,3.8695348511125401e-12,1.5604951679376116,6.3492188197765451e-12,195.27472899030397,304.72527100969603,1.5963324789555462,0.77947292584224714,233680104.38269898,635.83494577001841,14.292777094302412,true
3,507,500,126.75,0.97847559045500276,2.4796839686640054e-12,3.8780313378247469e-12,1.5639216072821318,6.3577153064887527e-12,195.01376273747377,304.98623726252623,1.5968431771721998,0.77963389402677918,233728361.43039966,636.16970955296824,14.218431863127678,true
3,508,500,127,0.97847559045500276,2.4796839686640054e-12,3.8865001858597745e-12,1.5673369005783944,6.3661841545237803e-12,194.75433858616498,305.24566141383502,1.5973508575714601,0.77979372512967227,233776277.58960083,636.50242669084093,14.14420031670066,true
3,509,500,127.25,0.97847559045500276,2.4796839686640054e-12,3.8949412339829624e-12,1.570740982804137,6.3746252026469674e-12,194.49645193527249,305.50354806472751,1.5978555291574652,0.77995242559083489,233823854.7909385,636.83310440609466,14.070081738075062,true
3,510,500,127.5,0.97847559045500276,2.4796839686640054e-12,3.9033543214889244e-12,1.574133789150542,6.3830382901529294e-12,194.24009820600611,305.75990179399389,1.5983572008906837,0.78011000179233458,233871094.9477084,637.16174987656109,13.996075413120147,true
3,511,500,127.75,0.97847559045500276,2.4796839686640054e-12,3.9117392882045992e-12,1.5775152550234661,6.391423256868605e-12,193.98527284194404,306.01472715805596,1.5988558816878107,0.78026646005889211,233917999.9560141,637.48837023556666,13.922180630502387,true
3,512,500,128,0.97847559045500276,2.4796839686640054e-12,3.9200959744923081e-12,1.5808853160446741,6.3997799431563139e-12,193.73197130908284,306.26802869091716,1.5993515804216698,0.78042180665837346,233964571.69491455,637.81297257205529,13.848396681666969,true
3,513,500,128.25,0.97847559045500276,2.4796839686640054e-12,3.9284242212527906e-12,1.5842439080530621,6.4081081899167964e-12,193.48018909588683,306.51981090411317,1.599844305921116,0.78057604780227385,234010812.02656919,638.13556393071065,13.774722860819564,true
3,514,500,128.5,0.97847559045500276,2.4796839686640054e-12,3.9367238699282314e-12,1.5875909671058785,6.4164078385922372e-12,193.22992171333436,306.77007828666564,1.6003340669709452,0.78072918964619875,234056722.79638207,638.45615131207978,13.701158464908019,true
3,515,500,128.75,0.97847559045500276,2.4796839686640054e-12,3.9449947625052875e-12,1.5909264294799457,6.4246787311692933e-12,192.98116469496233,307.01883530503767,1.600820872311808,0.78088123829033884,234102305.8331444,638.77474167269531,13.627702793604145,true
3,516,500,129,0.97847559045500276,2.4796839686640054e-12,3.9532367415180811e-12,1.5942502316728655,6.4329207101820861e-12,192.7339135969093,307.2660864030907,1.6013047306401242,0.78103219977994032,234147562.94917536,639.09134192520037,13.554355149285637,true
3,517,500,129.25,0.97847559045500276,2.4796839686640054e-12,3.9614496500512158e-12,1.5975623104042369,6.4411336187152208e-12,192.48816399795589,307.51183600204411,1.6017856506080042,0.78118208010577073,234192495.9404619,639.40595893847137,13.481114837017929,true
3,518,500,129.5,0.97847559045500276,2.4796839686640054e-12,3.9696333317427517e-12,1.6008626026168551,6.4493173004067575e-12,192.24391149956386,307.75608850043614,1.6022636408231727,0.7813308852045785,234237106.58679643,639.71859953774265,13.407981164536231,true
3,519,500,129.75,0.97847559045500276,2.4796839686640054e-12,3.9777876307871846e-12,1.6041510454779129,6.4574715994511904e-12,192.00115172591313,307.99884827408687,1.6027387098488961,0.78147862095954912,234281396.65191355,640.02927050473079,13.334953442227572,true
3,520,500,130,0.97847559045500276,2.4796839686640054e-12,3.9859123919384154e-12,1.6074275763801988,6.4655963606024204e-12,191.75988032393695,308.24011967606305,1.6032108662039131,0.78162529320075624,234325367.88362539,640.33797857775926,13.262030983112876,true
3,521,500,130.25,0.97847559045500276,2.4796839686640054e-12,3.9940074605127042e-12,1.6106921329432879,6.47369142917671e-12,191.52009296335575,308.47990703664425,1.6036801183623697,0.78177090770560709,234369022.01395509,640.64473045188345,13.189213102829191,true
3,522,500,130.5,0.97847559045500276,2.4796839686640054e-12,4.0020726823916117e-12,1.6139446530147279,6.4817566510556175e-12,191.28178533670842,308.71821466329158,1.604146474753757,0.78191547019928453,234412360.75926927,640.94953277901459,13.116499119611889,true
3,523,500,130.75,0.97847559045500276,2.4796839686640054e-12,4.0101079040249431e-12,1.6171850746712266,6.4897918726889481e-12,191.04495315938266,308.95504684061734,1.6046099437628523,0.78205898635518345,234455385.82040891,641.25239216804619,13.043888354276968,true
3,524,500,131,0.97847559045500276,2.4796839686640054e-12,4.0181129724336574e-12,1.6204133362198252,6.4977969410976624e-12,190.80959216964357,309.19040783035643,1.6050705337296622,0.78220146179534322,234498098.88281903,641.55331518497871,12.971380130203455,true
3,525,500,131.25,0.97847559045500276,2.4796839686640054e-12,4.0260877352127925e-12,1.6236293761990777,6.5057717038767974e-12,190.57569812866001,309.42430187133999,1.6055282529493728,0.78234290209087465,234540501.61667666,641.8523083530448,12.898973773315756,true
3,526,500,131.5,0.97847559045500276,2.4796839686640054e-12,4.0340320405343605e-12,1.6268331333802188,6.5137160091983663e-12,190.34326682053006,309.65673317946994,1.6059831096722981,0.78248331276238425,234582595.67701796,642.14937815283452,12.826668612066225,true
3,527,500,131.75,0.97847559045500276,2.4796839686640054e-12,4.0419457371502388e-12,1.6300245467683299,6.5216297058142438e-12,190.11229405230466,309.88770594769534,1.6064351121038349,0.78262269928039196,234624382.70386353,642.44453102242142,12.754463977417679,true
3,528,500,132,0.97847559045500276,2.4796839686640054e-12,4.0498286743950527e-12,1.6332035556035005,6.5295126430590584e-12,189.88277565400966,310.11722434599034,1.6068842684044189,0.78276106706574589,234665864.32234281,642.73777335748787,12.682359202825987,true
3,529,500,132.25,0.97847559045500276,2.4796839686640054e-12,4.0576807021890379e-12,1.6363700993619843,6.5373646708530437e-12,189.65470747866647,310.34529252133353,1.6073305866894847,0.78289842149003197,234707042.14281669,643.02911151145042,12.610353624222805,true
3,530,500,132.5,0.97847559045500276,2.4796839686640054e-12,4.0655016710409074e-12,1.6395241177573538,6.5451856397049123e-12,189.42808540231113,310.57191459768887,1.6077740750294285,0.78303476787597925,234747917.76099926,643.31855179558568,12.53844657999826,true
3,531,500,132.75,0.97847559045500276,2.4796839686640054e-12,4.0732914320506843e-12,1.6426655507416441,6.5529754007146901e-12,189.20290532401231,310.79709467598769,1.6082147414495729,0.7831701114978622,234788492.75807816,643.60610047915588,12.466637410983799,true
3,532,500,133,0.97847559045500276,2.4796839686640054e-12,4.0810498369125476e-12,1.6457943385064993,6.5607338055765526e-12,188.97916316588709,311.02083683411291,1.6086525939301355,0.78330445758189626,234828768.70083341,643.89176378953414,12.394925460435015,true
3,533,500,133.25,0.97847559045500276,2.4796839686640054e-12,4.0887767379176551e-12,1.6489104214843113,6.5684607065816609e-12,188.75685487311654,311.24314512688346,1.6090876404061989,0.78343781130663182,234868747.14175534,644.17554791233067,12.323310074014602,true
3,534,500,133.5,0.97847559045500276,2.4796839686640054e-12,4.0964719879569472e-12,1.6520137403493513,6.576155956620953e-12,188.53597641395879,311.46402358604121,1.6095198887676851,0.78357017780334237,234908429.61916104,644.45745899151711,12.251790599775333,true
3,535,500,133.75,0.97847559045500276,2.4796839686640054e-12,4.1041354405239572e-12,1.6551042360189019,6.5838194091879629e-12,188.31652377976189,311.68347622023811,1.6099493468593307,0.78370156215640929,234947817.65730971,644.7375031295536,12.180366388143115,true
3,536,500,134,0.97847559045500276,2.4796839686640054e-12,4.1117669497175944e-12,1.6581818496543801,6.5914509183816002e-12,188.09849298497414,311.90150701502586,1.6103760224806654,0.78383196940370181,234986912.76651657,645.01568638751235,12.109036791900101,true
3,537,500,134.25,0.97847559045500276,2.4796839686640054e-12,4.1193663702449235e-12,1.6612465226624584,6.5990503389089293e-12,187.88188006715455,312.11811993284545,1.6107999233859926,0.7839614045369544,235025716.44326591,645.29201478520383,12.037801166167887,true
3,538,500,134.5,0.97847559045500276,2.4796839686640054e-12,4.1269335574239332e-12,1.6642981966961807,6.6066175260879382e-12,187.6666810869807,312.3333189130193,1.6112210572843746,0.78408987250213802,235064230.17032257,645.56649430130199,11.966658868390704,true
3,539,500,134.75,0.97847559045500276,2.4796839686640054e-12,4.1344683671862869e-12,1.6673368136560724,6.6141523358502918e-12,187.45289212825685,312.54710787174315,1.6116394318396146,0.78421737819982951,235102455.41684249,645.83913087346843,11.895609258318791,true
3,540,500,135,0.97847559045500276,2.4796839686640054e-12,4.1419706560800674e-12,1.6703623156912462,6.6216546247440732e-12,187.24050929791929,312.75949070208071,1.6120550546702488,0.78434392648557572,235140393.63848203,646.10993039847767,11.824651697991699,true
3,541,500,135.25,0.97847559045500276,2.4796839686640054e-12,4.1494402812725097e-12,1.6733746452005047,6.6291242499365147e-12,187.02952872604192,312.97047127395808,1.6124679333495333,0.78446952217025445,235178046.27750608,646.37889873234224,11.753785551721723,true
3,542,500,135.5,0.97847559045500276,2.4796839686640054e-12,4.1568771005527161e-12,1.6763737448334364,6.6365610692167219e-12,186.8199465658401,313.1800534341599,1.6128780754054379,0.78459417002043075,235215414.76289484,646.64604169043582,11.683010186077446,true
3,543,500,135.75,0.97847559045500276,2.4796839686640054e-12,4.1642809723343687e-12,1.6793595574915072,6.6439649409983737e-12,186.61175899367316,313.38824100632684,1.6132854883206407,0.78471787475871091,235252500.51045009,646.91136504761914,11.612324969867199,true
3,544,500,136,0.97847559045500276,2.4796839686640054e-12,4.1716517556584208e-12,1.6823320263291484,6.6513357243224266e-12,186.40496220904652,313.59503779095348,1.6136901795325242,0.78484064106409024,235289304.92289934,647.17487453836259,11.541729274122742,true
3,545,500,136.25,0.97847559045500276,2.4796839686640054e-12,4.1789893101957807e-12,1.685291094754837,6.6586732788597865e-12,186.19955243461203,313.80044756538797,1.6140921564331743,0.78496247357230065,235325829.39000005,647.43657585687072,11.471222472082923,true
3,546,500,136.5,0.97847559045500276,2.4796839686640054e-12,4.1862934962499904e-12,1.688236706432177,6.6659774649139961e-12,185.99552591616799,314.00447408383201,1.6144914263693804,0.78508337687615004,235362075.28864139,647.69647465720539,11.400803939177367,true
3,547,500,136.75,0.97847559045500276,2.4796839686640054e-12,4.1935641747598734e-12,1.6911688052809672,6.6732481434238792e-12,185.79287892265768,314.20712107734232,1.6148879966426382,0.78520335552586296,235398043.98294634,647.95457655340999,11.330473053010339,true
3,548,500,137,0.97847559045500276,2.4796839686640054e-12,4.2008012073021924e-12,1.6940873354782722,6.6804851759661982e-12,185.59160774616709,314.40839225383291,1.6152818745091546,0.78532241402941327,235433736.82437149,648.21088711963148,11.260229193344529,true
3,549,500,137.25,0.97847559045500276,2.4796839686640054e-12,4.2080044560942806e-12,1.6969922414594845,6.6876884247582864e-12,185.39170870192186,314.60829129807814,1.6156730671798529,0.78544055685285574,235469155.15180635,648.46541189024344,11.190071742085026,true
3,550,500,137.5,0.97847559045500276,2.4796839686640054e-12,4.2151737839966622e-12,1.6998834679193806,6.694857752660668e-12,185.19317812828291,314.80682187171709,1.6160615818203825,0.7855577884206536,235504300.29167169,648.71815635996904,11.120000083263264,true
3,551,500,137.75,0.97847559045500276,2.4796839686640054e-12,4.2223090545156705e-12,1.7027609598131772,6.7019930231796755e-12,184.99601238674154,315.00398761325846,1.616447425551127,0.78567411311600288,235539173.55801654,648.96912598400252,11.050013603021041,true
3,552,500,138,0.97847559045500276,2.4796839686640054e-12,4.229410131806038e-12,1.7056246623575759,6.7090941004700429e-12,184.80020786191363,315.19979213808637,1.6168306054472166,0.78578953528115159,235573776.25261414,649.21832617813129,10.98011168959467,true
3,553,500,138.25,0.97847559045500276,2.4796839686640054e-12,4.2364768806734904e-12,1.7084745210318084,6.7161608493374954e-12,184.60576096153278,315.39423903846722,1.6172111285385409,0.78590405921771789,235608109.66505721,649.46576231885797,10.910293733299072,true
3,554,500,138.5,0.97847559045500276,2.4796839686640054e-12,4.2435091665773161e-12,1.7113104815786737,6.7231931352413211e-12,184.41266811644255,315.58733188355745,1.6175890018097656,0.78601768918700288,235642175.07285163,649.7114397435206,10.840559126512034,true
3,555,500,138.75,0.97847559045500276,2.4796839686640054e-12,4.2505068556329271e-12,1.7141324900055708,6.7301908242969321e-12,184.2209257805884,315.7790742194116,1.6179642322003458,0.78613042941030109,235675973.74150965,649.95536375041445,10.770907263658478,true
3,556,500,139,0.97847559045500276,2.4796839686640054e-12,4.2574698146144113e-12,1.7169404925855267,6.7371537832784171e-12,184.03053043100851,315.96946956899149,1.6183368266045459,0.78624228406920726,235709506.92464188,650.19753959891204,10.70133754119477,true
3,557,500,139.25,0.97847559045500276,2.4796839686640054e-12,4.2643979109570669e-12,1.7197344358582207,6.7440818796210727e-12,183.84147856782329,316.15852143217671,1.6187067918714595,0.78635325730591998,235742775.86404821,650.43797250958289,10.631849357593142,true
3,558,500,139.5,0.97847559045500276,2.4796839686640054e-12,4.2712910127599248e-12,1.7225142666309992,6.7509749814239306e-12,183.65376671422541,316.34623328577459,1.6190741348050288,0.78646335322354133,235775781.78980768,650.67666766431432,10.562442113326131,true
3,559,500,139.75,0.97847559045500276,2.4796839686640054e-12,4.2781489887882653e-12,1.7252799319798926,6.7578329574522711e-12,183.46739141646793,316.53260858353207,1.6194388621640676,0.78657257588637475,235808525.92036781,650.91363020642927,10.493115210851089,true
3,560,500,140,0.97847559045500276,2.4796839686640054e-12,4.2849717084761087e-12,1.7280313792506186,6.7646556771401145e-12,183.28234924385231,316.71765075614769,1.6198009806622859,0.7866809293202176,235841009.4626323,651.1488652408068,10.423868054594758,true
3,561,500,140.25,0.97847559045500276,2.4796839686640054e-12,4.2917590419287074e-12,1.7307685560595871,6.7714430105927123e-12,183.09863678871568,316.90136321128432,1.6201604969683134,0.78678841751265294,235873233.61204848,651.38237783399939,10.354700050937883,true
3,562,500,140.5,0.97847559045500276,2.4796839686640054e-12,4.2985108599250151e-12,1.7334914102948975,6.7781948285890209e-12,182.91625066641734,317.08374933358266,1.6205174177057269,0.78689504441333591,235905199.55269313,651.61417301435188,10.285610608199926,true
3,563,500,140.75,0.97847559045500276,2.4796839686640054e-12,4.3052270339201511e-12,1.7361998901173301,6.7849110025841569e-12,182.7351875153243,317.2648124846757,1.6208717494530775,0.78700081393427879,235936908.45735809,651.84425577211834,10.216599136623767,true
3,564,500,141,0.97847559045500276,2.4796839686640054e-12,4.3119074360478429e-12,1.7388939439613331,6.7915914047118479e-12,182.55544399679712,317.44455600320288,1.6212234987439202,0.78710572995013128,235968361.48763406,652.07263105957975,10.14766504836053,true
3,565,500,141.25,0.97847559045500276,2.4796839686640054e-12,4.3185519391228637e-12,1.7415735205360046,6.7982359077868694e-12,182.37701679517431,317.62298320482569,1.6215726720668426,0.78720979629845911,235999559.79399437,652.29930379116126,10.078807757454452,true
3,566,500,141.5,0.97847559045500276,2.4796839686640054e-12,4.3251604166434539e-12,1.74423856882607,6.8048443853074597e-12,182.19990261775604,317.80009738224396,1.6219192758654972,0.7873130167800193,236030504.51587725,652.52427884354711,10.01002667982775,true
3,567,500,141.75,0.97847559045500276,2.4796839686640054e-12,4.3317327427937258e-12,1.7468890380928503,6.8114167114577316e-12,182.02409819478811,317.97590180521189,1.6222633165386333,0.78741539515903158,236061196.78176737,652.74756105579763,9.9413212332656311,true
3,568,500,142,0.97847559045500276,2.4796839686640054e-12,4.3382687924460634e-12,1.7495248778752315,6.8179527611100692e-12,181.84960027944476,318.15039972055524,1.622604800440131,0.78751693516344723,236091637.70927647,652.96915522946426,9.8726908374013256,true
3,569,500,142.25,0.97847559045500276,2.4796839686640054e-12,4.3447684411635044e-12,1.7521460379906242,6.8244524098275101e-12,181.67640564781084,318.32359435218916,1.6229437338790342,0.78761764048521621,236121828.40522328,653.18906612870444,9.8041349137011125,true
3,570,500,142.5,0.97847559045500276,2.4796839686640054e-12,4.3512315652021045e-12,1.7547524685359177,6.8309155338661095e-12,181.50451109886382,318.49548890113618,1.6232801231195881,0.78771751478054963,236151769.96571231,653.40729848039553,9.7356528854495288,true
3,571,500,142.75,0.97847559045500276,2.4796839686640054e-12,4.3576580415132993e-12,1.7573441198884314,6.8373420101773051e-12,181.33391345445528,318.66608654554472,1.6236139743812736,0.78781656167017955,236181463.47621173,653.62385697424952,9.6672441777344993,true
3,572,500,143,0.97847559045500276,2.4796839686640054e-12,4.3640477477462435e-12,1.7599209427068596,6.8437317164102485e-12,181.16460955929148,318.83539044070852,1.6239452938388472,0.78791478473961685,236210910.01163062,653.83874626292527,9.5989082174326317,true
3,573,500,143.25,0.97847559045500276,2.4796839686640054e-12,4.3704005622501413e-12,1.7624828879322105,6.8500845309141463e-12,180.9965962809141,319.0034037190859,1.6242740876223765,0.78801218753940594,236240110.63639548,654.05197096214238,9.5306444331945084,true
3,574,500,143.5,0.97847559045500276,2.4796839686640054e-12,4.3767163640765597e-12,1.7650299067887389,6.8564003327405655e-12,180.82987050967989,319.17012949032011,1.6246003618172813,0.78810877358537568,236269066.40452525,654.2635356507933,9.4624522554300032,true
3,575,500,143.75,0.97847559045500276,2.4796839686640054e-12,4.3829950329817393e-12,1.7675619507848788,6.8626790016457451e-12,180.66442915874035,319.33557084125965,1.6249241224643738,0.78820454635888948,236297778.35970643,654.47344487105397,9.3943311162937579,true
3,576,500,144,0.97847559045500276,2.4796839686640054e-12,4.3892364494288721e-12,1.770078971714161,6.8689204180928779e-12,180.50026916402084,319.49973083597916,1.6252453755598983,0.78829950930709003,236326247.53536639,654.68170312849668,9.3262804496706142,true
3,577,500,144.25,0.97847559045500276,2.4796839686640054e-12,4.395440494590387e-12,1.7725809216561357,6.8751244632543928e-12,180.33738748419893,319.66261251580107,1.6255641270555743,0.78839366584314341,236354474.9547466,654.88831489219967,9.2582996911610973,true
3,578,500,144.5,0.97847559045500276,2.4796839686640054e-12,4.401607050350207e-12,1.7750677529772827,6.8812910190142119e-12,180.17578110068331,319.82421889931669,1.6258803828586379,0.78848701934647958,236382461.63097468,655.09328459485732,9.1903882780670791,true
3,579,500,144.75,0.97847559045500276,2.4796839686640054e-12,4.4077359993059988e-12,1.7775394183319182,6.8874199679700046e-12,180.01544701759104,319.98455298240896,1.6261941488318854,0.78857957316303073,236410208.56713581,655.2966166328905,9.1225456493773116,true
3,580,500,145,0.97847559045500276,2.4796839686640054e-12,4.413827224771409e-12,1.7799958706630965,6.8935111934354148e-12,179.8563822617254,320.1436177382746,1.6265054307937179,0.78867133060546557,236437716.75634316,655.49831536655427,9.0547712457531553,true
3,581,500,145.25,0.97847559045500276,2.4796839686640054e-12,4.4198806107782844e-12,1.782437063203506,6.8995645794422894e-12,179.69858388255312,320.30141611744688,1.6268142345181849,0.78876229495342332,236464987.18180776,655.69838512004719,8.98706450951431,true
3,582,500,145.5,0.97847559045500276,2.4796839686640054e-12,4.4258960420788834e-12,1.7848629494763604,6.9055800107428884e-12,179.54204895218106,320.45795104781894,1.6271205657350301,0.78885246945374243,236492020.81690738,655.89683018161918,8.9194248846245632,true
3,583,500,145.75,0.97847559045500276,2.4796839686640054e-12,4.4318734041480629e-12,1.7872734832962809,6.9115573728120687e-12,179.38677456533287,320.61322543466713,1.6274244301297376,0.78894185732068878,236518818.62525457,656.09365480367785,8.8518518166776676,true
3,584,500,146,0.97847559045500276,2.4796839686640054e-12,4.4378125831854671e-12,1.7896686187701794,6.917496551849472e-12,179.23275783932507,320.76724216067493,1.6277258333435785,0.78903046173618052,236545381.56076449,656.28886320289621,8.7843447528831859,true
3,585,500,146.25,0.97847559045500276,2.4796839686640054e-12,4.4437134661176872e-12,1.7920483102981279,6.923397434781693e-12,179.0799959140432,320.9200040859568,1.628024780973657,0.78911828585000965,236571710.56772101,656.48245956031803,8.7169031420524625,true
3,586,500,146.5,0.97847559045500276,2.4796839686640054e-12,4.4495759406004169e-12,1.7944125125742303,6.9292599092644227e-12,178.92848595191725,321.07151404808275,1.6283212785729591,0.78920533278006244,236597806.58084288,656.67444802146349,8.6495264345845992,true
3,587,500,146.75,0.97847559045500276,2.4796839686640054e-12,4.4553998950205946e-12,1.7967611805874835,6.9350838636845996e-12,178.7782251378971,321.2217748621029,1.6286153316504002,0.78929160561253719,236623670.52534911,656.86483269643384,8.582214082452472,true
3,588,500,147,0.97847559045500276,2.4796839686640054e-12,4.4611852184985235e-12,1.7990942696226342,6.9408691871625285e-12,178.62921067942756,321.37078932057244,1.6289069456708749,0.7893771074021575,236649303.3170228,657.05361766001533,8.5149655391888626,true
3,589,500,147.25,0.97847559045500276,2.4796839686640054e-12,4.4669318008899822e-12,1.8014117352610295,6.946615769553988e-12,178.48143980642357,321.51856019357643,1.6291961260553043,0.78946184117238571,236674705.86227512,657.24080695178395,8.4477802598725464,true
3,590,500,147.5,0.97847559045500276,2.4796839686640054e-12,4.4726395327883259e-12,1.8037135333814645,6.9523235014523317e-12,178.33490977124433,321.66509022875567,1.6294828781806869,0.78954580991563261,236699879.05820829,657.42640457620666,8.3806577011145258,true
3,591,500,147.75,0.97847559045500276,2.4796839686640054e-12,4.4783083055265669e-12,1.8059996201610211,6.9579922741905727e-12,178.18961784866804,321.81038215133196,1.6297672073801492,0.78962901659346474,236724823.79267758,657.6104145027449,8.3135973210442362,true
3,592,500,148,0.97847559045500276,2.4796839686640054e-12,4.4839380111794442e-12,1.8082699520759022,6.96362197984345e-12,178.04556133586618,321.95443866413382,1.6300491189429946,0.78971146413680948,236749540.94435295,657.79284066595551,8.2465985792958421,true
3,593,500,148.25,0.97847559045500276,2.4796839686640054e-12,4.4895285425654781e-12,1.8105244859022616,6.9692125112294831e-12,177.90273755237723,322.09726244762277,1.6303286181147554,0.78979315544615791,236774031.38277978,657.97368696559261,8.1796609369945656,true
3,594,500,148.5,0.97847559045500276,2.4796839686640054e-12,4.4950797932490064e-12,1.8127631787170235,6.9747637619130114e-12,177.76114384008088,322.23885615991912,1.6306057100972433,0.78987409339176473,236798295.96843871,658.15295726670706,8.1127838567430945,true
3,595,500,148.75,0.97847559045500276,2.4796839686640054e-12,4.5005916575422212e-12,1.8149859878987049,6.9802756262062262e-12,177.62077756317132,322.37922243682868,1.6308804000486012,0.78995428081384689,236822335.55280539,658.33065539974643,8.0459668026079623,true
3,596,500,149,0.97847559045500276,2.4796839686640054e-12,4.50606403050717e-12,1.8171928711282228,6.9857479991711758e-12,177.481636108131,322.518363891869,1.631152693083356,0.79003372052277865,236846150.97840884,658.50678516065432,7.9792092401060764,true
3,597,500,149.25,0.97847559045500276,2.4796839686640054e-12,4.5114968079577607e-12,1.8193837863897018,6.9911807766217657e-12,177.34371688370373,322.65628311629627,1.6314225942724692,0.79011241529928544,236869743.07888958,658.68135031096847,7.912510636191195,true
3,598,500,149.5,0.97847559045500276,2.4796839686640054e-12,4.5168898864617406e-12,1.821558691971273,6.9965738551257456e-12,177.20701732086832,322.79298267913168,1.6316901086433897,0.7901903678946347,236893112.67905682,658.85435457791834,7.8458704592405484,true
3,599,500,149.75,0.97847559045500276,2.4796839686640054e-12,4.522243163342669e-12,1.823717546465869,7.001927132006674e-12,177.07153487281118,322.92846512718882,1.6319552411801077,0.79026758103082506,236916260.59494522,659.02580165452241,7.779288179041421,true
3,600,500,150,0.97847559045500276,2.4796839686640054e-12,4.5275565366818729e-12,1.8258603087720136,7.0072405053458779e-12,176.93726701489942,323.06273298510058,1.6322179968232065,0.79034405740077274,236939187.63387075,659.19569519968434,7.7127632667778077,true
3,601,500,150.25,0.97847559045500276,2.4796839686640054e-12,4.5328299053203802e-12,1.8279869380945997,7.0125138739843852e-12,176.80421124465403,323.19578875534597,1.632478380469915,0.79041979966849585,236961894.59448597,659.36403883828905,7.6462951950171698,true
3,602,500,150.5,0.97847559045500276,2.4796839686640054e-12,4.5380631688608549e-12,1.8300973939456708,7.0177471375248599e-12,176.67236508172215,323.32763491827785,1.6327363969741628,0.79049481046929693,236984382.26683465,659.53083616129709,7.5798834376971227,true
3,603,500,150.75,0.97847559045500276,2.4796839686640054e-12,4.5432562276695021e-12,1.83219163614519,7.0229401963335071e-12,176.54172606784999,323.45827393215001,1.6329920511466329,0.790569092409943,237006651.43240595,659.69609072583899,7.5135274701123,true
3,604,500,151,0.97847559045500276,2.4796839686640054e-12,4.5484089828779686e-12,1.8342696248218047,7.0280929515419744e-12,176.41229176685545,323.58770823314455,1.6332453477548146,0.79064264806884321,237028702.86418745,659.85980605530972,7.4472267689011611,true
3,605,500,151.25,0.97847559045500276,2.4796839686640054e-12,4.553521336385222e-12,1.8363313204136054,7.0332053050492278e-12,176.28405976460044,323.71594023539956,1.633496291523058,0.79071547999622493,237050537.32671809,660.02198563946024,7.3809808120328659,true
3,606,500,151.5,0.97847559045500276,2.4796839686640054e-12,4.5585931908594205e-12,1.8383766836688797,7.0382771595234255e-12,176.15702766896356,323.84297233103644,1.6337448871326279,0.79078759071430704,237072155.57614008,660.18263293449081,7.3147890787942575,true
3,607,500,151.75,0.97847559045500276,2.4796839686640054e-12,4.5636244497397677e-12,1.8404056756468608,7.0433084184037727e-12,176.03119310981248,323.96880689018752,1.6339911392217581,0.79085898271747157,237093558.36025032,660.34175136314195,7.2486510497767851,true
3,608,500,152,0.97847559045500276,2.4796839686640054e-12,4.5686150172383449e-12,1.8424182577184647,7.0482989859023507e-12,175.90655373897619,324.09344626102381,1.6342350523857041,0.79092965847243324,237114746.4185513,660.49934431478573,7.1825662068635534,true
3,609,500,152.25,0.97847559045500276,2.4796839686640054e-12,4.5735647983419404e-12,1.8444143915670304,7.0532487670059454e-12,175.78310723021713,324.21689276978287,1.6344766311767991,0.79099962041840699,237135720.48230121,660.65541514551478,7.1165340332163805,true
3,610,500,152.5,0.97847559045500276,2.4796839686640054e-12,4.578473698813859e-12,1.846394039189047,7.0581576674778648e-12,175.66085127920405,324.33914872079595,1.6347158801045074,0.79106887096727285,237156481.27456358,660.80996717823291,7.0505540132628761,true
3,611,500,152.75,0.97847559045500276,2.4796839686640054e-12,4.5833416251957109e-12,1.8483571628948774,7.0630255938597167e-12,175.5397836034839,324.4602163965161,1.6349528036354781,0.79113741250373959,237177029.51025602,660.96300370274275,6.9846256326836302,true
3,612,500,153,0.97847559045500276,2.4796839686640054e-12,4.5881684848091937e-12,1.8503037253094754,7.0678524534731995e-12,175.4199019424542,324.5800980575458,1.6351874061935998,0.79120524738550557,237197365.89619878,661.11452797583468,6.9187483783993713,true
3,613,500,153.25,0.97847559045500276,2.4796839686640054e-12,4.59295418575786e-12,1.8522336893730995,7.0726381544218658e-12,175.30120405733527,324.69879594266473,1.6354196921600548,0.79127237794341909,237217491.13116258,661.26454322137283,6.8529217385581891,true
3,614,500,153.5,0.97847559045500276,2.4796839686640054e-12,4.5976986369288598e-12,1.8541470183420148,7.0773826055928647e-12,175.18368773114287,324.81631226885713,1.6356496658733732,0.79133880648163435,237237405.9059155,661.41305263038271,6.7871452025228463,true
3,615,500,153.75,0.97847559045500276,2.4796839686640054e-12,4.602401747994684e-12,1.8560436757891967,7.082085716658689e-12,175.06735076865988,324.93264923134012,1.6358773316294877,0.79140453527776711,237257110.9032695,661.56005936113604,6.7214182608580249,true
3,616,500,154,0.97847559045500276,2.4796839686640054e-12,4.6070634294148765e-12,1.8579236256050211,7.0867473980788823e-12,174.95219099640923,325.04780900359077,1.6361026936817868,0.79146956658304868,237276606.79812682,661.70556653923609,6.6557404053177391,true
3,617,500,154.25,0.97847559045500276,2.4796839686640054e-12,4.611683592437742e-12,1.8597868319979531,7.091367561101747e-12,174.83820626262599,325.16179373737401,1.6363257562411697,0.79153390262247669,237295894.25752494,661.84957725770232,6.590111128832695,true
3,618,500,154.5,0.97847559045500276,2.4796839686640054e-12,4.6162621491020381e-12,1.8616332594952292,7.0959461177660439e-12,174.72539443722997,325.27460556277003,1.636546523476099,0.79159754559496498,237314973.94068164,661.99209457705331,6.524529925497716,true
3,619,500,154.75,0.97847559045500276,2.4796839686640054e-12,4.6207990122386437e-12,1.8634628729435307,7.1004829809026495e-12,174.61375341179792,325.38624658820208,1.6367649995126563,0.79166049767349056,237333846.49903902,662.13312152539015,6.4589962905592335,true
3,620,500,155,0.97847559045500276,2.4796839686640054e-12,4.6252940954722261e-12,1.8652756375096557,7.1049780641362319e-12,174.50328109953614,325.49671890046386,1.6369811884345951,0.79172276100524042,237352512.57630756,662.27266109847744,6.3935097204027684,true
3,621,500,155.25,0.97847559045500276,2.4796839686640054e-12,4.6297473132228785e-12,1.8670715186811793,7.1094312818868835e-12,174.39397543525325,325.60602456474675,1.6371950942833935,0.79178433771175416,237370972.80850887,662.41071625982613,6.3280697125404988,true
3,622,500,155.5,0.97847559045500276,2.4796839686640054e-12,4.6341585807077547e-12,1.8688504822671128,7.1138425493717597e-12,174.28583437533291,325.71416562466709,1.6374067210583094,0.79184522988906636,237389227.82401827,662.54728994077288,6.262675765598857,true
3,623,500,155.75,0.97847559045500276,2.4796839686640054e-12,4.6385278139426821e-12,1.8706124943985545,7.1182117826066879e-12,174.17885589770594,325.82114410229406,1.6376160727164335,0.79190543960784721,237407278.24360707,662.68238504056023,6.1973273793060946,true
3,624,500,156,0.97847559045500276,2.4796839686640054e-12,4.6428549297437554e-12,1.8723575215293322,7.1225388984077604e-12,174.07303800182382,325.92696199817618,1.6378231531727414,0.79196496891353985,237425124.6804837,662.81600442641582,6.1320240544800173,true
3,625,500,156.25,0.97847559045500276,2.4796839686640054e-12,4.6471398457289295e-12,1.8740855304366457,7.1268238143929353e-12,173.96837870863141,326.03162129136859,1.6380279663001476,0.79202381982649739,237442767.74033478,662.94815093363013,6.0667652930156146,true
3,626,500,156.5,0.97847559045500276,2.4796839686640054e-12,4.6513824803195789e-12,1.8757964882216958,7.1310664489835847e-12,173.86487606053953,326.13512393946047,1.6382305159295583,0.7920819943421179,237460208.02136561,663.07882736563488,6.0015505978728356,true
3,627,500,156.75,0.97847559045500276,2.4796839686640054e-12,4.6555827527420563e-12,1.8774903623103121,7.1352667214060613e-12,173.76252812139887,326.23747187860113,1.6384308058499233,0.79213949443097587,237477446.11433956,663.20803649407924,5.9363794730643544,true
3,628,500,157,0.97847559045500276,2.4796839686640054e-12,4.6597405830292326e-12,1.8791671204535754,7.1394245516932384e-12,173.66133297647258,326.33866702352742,1.6386288398082891,0.79219632203895507,237494482.60261792,663.33578105890592,5.8712514236433435,true
3,629,500,157.25,0.97847559045500276,2.4796839686640054e-12,4.6638558920220081e-12,1.8808267307284252,7.1435398606860139e-12,173.56128873240965,326.43871126759035,1.6388246215098512,0.79225247908737617,237511318.0621981,663.46206376842599,5.8061659556913465,true
3,630,500,157.5,0.97847559045500276,2.4796839686640054e-12,4.6679286013708345e-12,1.8824691615382758,7.1476125700348402e-12,173.46239351721874,326.53760648278126,1.6390181546180056,0.79230796747312549,237527953.06175235,663.58688729939445,5.7411225763061546,true
3,631,500,157.75,0.97847559045500276,2.4796839686640054e-12,4.671958633537196e-12,1.8840943816136118,7.151642602201201e-12,173.36464548024139,326.63535451975861,1.6392094427543999,0.79236278906878044,237544388.16266522,663.71025429708345,5.676120793589674,true
3,632,500,158,0.97847559045500276,2.4796839686640054e-12,4.6759459117950884e-12,1.8857023600125853,7.1556298804590942e-12,173.26804279212615,326.73195720787385,1.6393984894989861,0.7924169457227328,237560623.91907066,663.83216737535452,5.6111601166359364,true
3,633,500,158.25,0.97847559045500276,2.4796839686640054e-12,4.6798903602324826e-12,1.8872930661216059,7.1595743288964876e-12,173.17258364480176,326.82741635519824,1.6395852983900712,0.7924704392593126,237576660.87788904,663.9526291167316,5.5462400555190037,true
3,634,500,158.5,0.97847559045500276,2.4796839686640054e-12,4.683791903752765e-12,1.8888664696559216,7.16347587241677e-12,173.07826625145202,326.92173374854798,1.6397698729243673,0.79252327147890722,237592499.57886291,664.0716420724724,5.481360121281047,true
3,635,500,158.75,0.97847559045500276,2.4796839686640054e-12,4.6876504680761715e-12,1.8904225406601978,7.1673344367401773e-12,172.98508884648942,327.01491115351058,1.639952216557043,0.79257544415808101,237608140.55459285,664.18920876263871,5.4165198259203589,true
3,636,500,159,0.97847559045500276,2.4796839686640054e-12,4.691465979741199e-12,1.8919612495090852,7.1711499484052048e-12,172.89304968552943,327.10695031447057,1.6401323327017736,0.79262695904969316,237623584.33057284,664.30533167616636,5.3517186823794116,true
3,637,500,159.25,0.97847559045500276,2.4796839686640054e-12,4.6952383661060062e-12,1.8934825669077857,7.1749223347700112e-12,172.80214704536519,327.19785295463481,1.6403102247307908,0.79267781788301217,237638831.42522457,664.42001327093442,5.2869562045330154,true
3,638,500,159.5,0.97847559045500276,2.4796839686640054e-12,4.6989675553497938e-12,1.8949864638926086,7.1786515240137996e-12,172.71237922394232,327.28762077605768,1.640485895974932,0.79272802236383033,237653882.34993166,664.53325597383343,5.2222319071764121,true
3,639,500,159.75,0.97847559045500276,2.4796839686640054e-12,4.7026534764741739e-12,1.8964729118315233,7.1823374451381797e-12,172.62374454033323,327.37625545966677,1.6406593497236905,0.79277757417457595,237668737.60907343,664.64506218083284,5.1575453060134855,true
3,640,500,160,0.97847559045500276,2.4796839686640054e-12,4.7062960593045217e-12,1.8979418824247034,7.1859800279685267e-12,172.5362413347126,327.4637586652874,1.6408305892252633,0.79282647497442449,237683397.70005819,664.7554342570478,5.0928959176449542,true
3,641,500,160.25,0.97847559045500276,2.4796839686640054e-12,4.7098952344913103e-12,1.8993933477050664,7.1895792031553153e-12,172.4498679683324,327.5501320316676,1.6409996176866002,0.79287472639940648,237697863.11335555,664.8643745368056,5.0282832595565878,true
3,642,500,160.5,0.97847559045500276,2.4796839686640054e-12,4.7134509335114332e-12,1.900827280038806,7.1931349021754382e-12,172.3646228234972,327.6353771765028,1.6411664382734523,0.79292233006251589,237712134.33252892,664.97188532370967,4.9637068501075134,true
3,643,500,160.75,0.97847559045500276,2.4796839686640054e-12,4.7169630886695069e-12,1.9022436521259176,7.1966470573335118e-12,172.28050430353971,327.71949569646029,1.6413310541104194,0.79296928755381613,237726211.83426735,665.07796889070505,4.8991662085184586,true
3,644,500,161,0.97847559045500276,2.4796839686640054e-12,4.7204316330991577e-12,1.9036424370007174,7.2001156017631635e-12,172.19751083279698,327.80248916720302,1.6414934682809972,0.79301560044054287,237740096.08841622,665.18262748014206,4.8346608548601386,true
3,645,500,161.25,0.97847559045500276,2.4796839686640054e-12,4.7238565007643012e-12,1.9050236080323584,7.2035404694283062e-12,172.11564085658563,327.88435914341437,1.641653683827625,0.79306127026720818,237753787.55800867,665.2858633038378,4.7701903100415723,true
3,646,500,161.5,0.97847559045500276,2.4796839686640054e-12,4.7272376264603932e-12,1.9063871389253351,7.206921595124399e-12,172.03489284117876,327.96510715882124,1.6418117037517317,0.79310629855570114,237767286.69929549,665.38767854314028,4.7057540957984596,true
3,647,500,161.75,0.97847559045500276,2.4796839686640054e-12,4.7305749458156747e-12,1.9077330037199844,7.2102589144796797e-12,171.95526527378166,328.04473472621834,1.6419675310137825,0.79315068680538692,237780593.96177512,665.48807534898708,4.6413517346816286,true
3,648,500,162,0.97847559045500276,2.4796839686640054e-12,4.7338683952923954e-12,1.9090611767929808,7.2135523639564003e-12,171.87675666250925,328.12324333749075,1.6421211685333237,0.79319443649320531,237793709.78822291,665.58705584196821,4.5769827500454623,true
3,649,500,162.25,0.97847559045500276,2.4796839686640054e-12,4.7371179121880248e-12,1.9103716328578237,7.2168018808520298e-12,171.79936553636196,328.20063446363804,1.6422726191890296,0.79323754907376676,237806634.61472017,665.68462211238432,4.5126466660363427,true
3,650,500,162.5,0.97847559045500276,2.4796839686640054e-12,4.7403234346364454e-12,1.9116643469653185,7.2200074033004504e-12,171.72309044520352,328.27690955479648,1.642421885818746,0.79328002597944747,237819368.87068242,665.78077622030582,4.4483430075811974,true
3,651,500,162.75,0.97847559045500276,2.4796839686640054e-12,4.7434849016091311e-12,1.9129392945040524,7.2231688702731361e-12,171.64792995973789,328.35207004026211,1.6425689712195357,0.7933218686204826,237831912.97888756,665.87552019563157,4.3840713003759646,true
3,652,500,163,0.97847559045500276,2.4796839686640054e-12,4.7466022529163065e-12,1.9141964512008611,7.2262862215803123e-12,171.5738826714869,328.4261173285131,1.6427138781477217,0.79336307838505815,237844267.35550326,665.9688560381453,4.3198310708742049,true
3,653,500,163.25,0.97847559045500276,2.4796839686640054e-12,4.749675429208097e-12,1.915435793121294,7.2293593978721028e-12,171.5009471927678,328.4990528072322,1.6428566093189314,0.79340365663940171,237856432.41011426,666.06078571757234,4.2556218462756359,true
3,654,500,163.5,0.97847559045500276,2.4796839686640054e-12,4.7527043719756559e-12,1.916657296670067,7.2323883406396608e-12,171.42912215667144,328.57087784332856,1.6429971674081392,0.79344360472787057,237868408.54574874,666.15131117363546,4.1914431545147348,true
3,655,500,163.75,0.97847559045500276,2.4796839686640054e-12,4.755689023552279e-12,1.9178609385915137,7.235372992216284e-12,171.35840621704062,328.64159378295938,1.6431355550497089,0.79348292397303977,237880196.15890473,666.24043431611005,4.1272945242494066,true
3,656,500,164,0.97847559045500276,2.4796839686640054e-12,4.7586293271145026e-12,1.9190466959700265,7.2383132957785075e-12,171.28879804844826,328.71120195155174,1.6432717748374364,0.7935216156757875,237891795.63957566,666.32815702487733,4.0631754848495776,true
3,657,500,164.25,0.97847559045500276,2.4796839686640054e-12,4.7615252266831848e-12,1.9202145462304945,7.2412091953471906e-12,171.22029634617633,328.77970365382367,1.6434058293245919,0.79355968111537944,237903207.37127578,666.41448114997854,3.9990855663859364,true
3,658,500,164.5,0.97847559045500276,2.4796839686640054e-12,4.7643766671245722e-12,1.9213644671387318,7.2440606357885771e-12,171.15289982619464,328.84710017380536,1.6435377210239595,0.79359712154955298,237914431.73106524,666.49940851166662,3.9350242996185938,true
3,659,500,164.75,0.97847559045500276,2.4796839686640054e-12,4.7671835941513504e-12,1.9224964368019024,7.2468675628153562e-12,171.0866072251406,328.9133927748594,1.6436674524078776,0.79363393821459649,237925469.08957401,666.58294090045854,3.8709912159858209,true
3,660,500,165,0.97847559045500276,2.4796839686640054e-12,4.7699459543236734e-12,1.923610433668935,7.2496299229876792e-12,171.02141730029797,328.97858269970203,1.6437950259082819,0.79367013232543149,237936319.81102636,666.66508007718573,3.8069858475928133,true
3,661,500,165.25,0.97847559045500276,2.4796839686640054e-12,4.7726636950501865e-12,1.9247064365309359,7.2523476637141914e-12,170.95732882957714,329.04267117042286,1.6439204439167416,0.79370570507568994,237946984.25326416,666.74582777304443,3.743007727200435,true
3,662,500,165.5,0.97847559045500276,2.4796839686640054e-12,4.7753367645890223e-12,1.9257844245215894,7.2550207332530281e-12,170.89434061149524,329.10565938850476,1.6440437087845003,0.79374065763779222,237957462.7677702,666.82518568964497,3.679056388214053,true
3,663,500,165.75,0.97847559045500276,2.4796839686640054e-12,4.7779651120487912e-12,1.9268443771175587,7.257649080712797e-12,170.832451465156,329.167548534844,1.6441648228225145,0.79377499116302241,237967755.69969076,666.90315549905972,3.6151313646723384,true
3,664,500,166,0.97847559045500276,2.4796839686640054e-12,4.7805486873895454e-12,1.9278862741388738,7.2602326560535512e-12,170.77166023023074,329.22833976976926,1.6442837883014905,0.79380870678160298,237977863.38785803,666.97973884387125,3.5512321912360871,true
3,665,500,166.25,0.97847559045500276,2.4796839686640054e-12,4.7830874414237354e-12,1.9289100957493179,7.2627714100877404e-12,170.7119657669391,329.2880342330609,1.6444006074519228,0.79384180560276707,237987786.1648117,667.05493733721949,3.4873584031771259,true
3,666,500,166.5,0.97847559045500276,2.4796839686640054e-12,4.7855813258171436e-12,1.9299158224568032,7.2652652944811494e-12,170.65336695603025,329.34663304396975,1.6445152824641309,0.79387428871483134,237997524.35682094,667.1287525628469,3.4235095363671748,true
3,667,500,166.75,0.97847559045500276,2.4796839686640054e-12,4.7880302930898066e-12,1.9309034351137428,7.2677142617538116e-12,170.59586269876399,329.40413730123601,1.6446278154882954,0.79390615718526503,238007078.28390497,667.20118607514405,3.3596851272667312,true
3,668,500,167,0.97847559045500276,2.4796839686640054e-12,4.790434296616916e-12,1.931872914917415,7.270118265280921e-12,170.53945191689314,329.46054808310686,1.6447382086344935,0.79393741206075852,238016448.25985363,667.27223939919452,3.2958847129140518,true
3,669,500,167.25,0.97847559045500276,2.4796839686640054e-12,4.7927932906297106e-12,1.932824243410322,7.2724772592937164e-12,170.48413355264489,329.51586644735511,1.6448464639727352,0.79396805436729223,238025634.59224817,667.3419140308182,3.2321078309140354,true
3,670,500,167.5,0.97847559045500276,2.4796839686640054e-12,4.7951072302163465e-12,1.9337574024805411,7.2747911988803523e-12,170.42990656870325,329.57009343129675,1.644952583532997,0.79399808511020076,238034637.58248028,667.41021143661351,3.168354019427241,true
3,671,500,167.75,0.97847559045500276,2.4796839686640054e-12,4.7973760713227472e-12,1.934672374362068,7.277060039986753e-12,170.37676994819185,329.62323005180815,1.6450565693052566,0.79402750527423904,238043457.52577209,667.47713305400055,3.1046228171588557,true
3,672,500,168,0.97847559045500276,2.4796839686640054e-12,4.79959977075345e-12,1.9355691416351577,7.2792837394174549e-12,170.32472269465683,329.67527730534317,1.6451584232395249,0.794056315823645,238052094.71119484,667.54268029126138,3.0409137633476795,true
3,673,500,168.25,0.97847559045500276,2.4796839686640054e-12,4.8017782861724211e-12,1.9364476872266529,7.2814622548364269e-12,170.27376383204984,329.72623616795016,1.6452581472458814,0.79408451770220156,238060549.42168751,667.60685452758082,2.9772263977551945,true
3,674,500,168.5,0.97847559045500276,2.4796839686640054e-12,4.8039115761038701e-12,1.9373079944103131,7.2835955447678751e-12,170.22389240471148,329.77610759528852,1.6453557431945049,0.79411211183329677,238068821.93407494,667.66965711308569,2.9135602606545552,true
3,675,500,168.75,0.97847559045500276,2.4796839686640054e-12,4.8059995999330292e-12,1.9381500468071289,7.2856835685970341e-12,170.17510747735543,329.82489252264457,1.6454512129157051,0.79413909911998415,238076912.51908568,667.73108936888468,2.8499148928196951,true
3,676,500,169,0.97847559045500276,2.4796839686640054e-12,4.8080423179069358e-12,1.9389738283856368,7.2877262865709416e-12,170.12740813505218,329.87259186494782,1.6455445581999539,0.79416548044503976,238084821.44136941,667.79115258710419,2.7862898355143866,true
3,677,500,169.25,0.97847559045500276,2.4796839686640054e-12,4.8100396911351847e-12,1.9397793234622231,7.2897236597991905e-12,170.08079348321371,329.91920651678629,1.6456357807979169,0.7941912566710192,238092548.95951375,667.84984803092766,2.7226846304813161,true
3,678,500,169.5,0.97847559045500276,2.4796839686640054e-12,4.8119916815906675e-12,1.9405665167014221,7.2916756502546725e-12,170.03526264757807,329.96473735242193,1.645724882420482,0.79421642864031239,238100095.32606086,667.90717693463068,2.6590988199312413,true
3,679,500,169.75,0.97847559045500276,2.4796839686640054e-12,4.8138982521103006e-12,1.9413353931162101,7.2935822207743064e-12,169.99081477419446,330.00918522580554,1.6458118647387889,0.79424099717519825,238107460.78752375,667.96314050361661,2.5955319465320703,true
3,680,500,170,0.97847559045500276,2.4796839686640054e-12,4.8157593663957292e-12,1.9420859380682876,7.295443335059735e-12,169.94744902940857,330.05255097059143,1.6458967293842588,0.79426496307789662,238114645.58440188,668.01773991445168,2.5319835533980473,true
3,681,500,170.25,0.97847559045500276,2.4796839686640054e-12,4.8175749890140197e-12,1.9428181372683611,7.2972589576780255e-12,169.90516459984838,330.09483540015162,1.6459794779486208,0.79428832713062025,238121649.95119673,668.07097631489876,2.4684531840789017,true
3,682,500,170.5,0.97847559045500276,2.4796839686640054e-12,4.8193450853983348e-12,1.9435319767764128,7.2990290540623406e-12,169.86396069240988,330.13603930759012,1.6460601119839406,0.79431109009562406,238128474.11642659,668.12285082395044,2.4049403825489981,true
3,683,500,170.75,0.97847559045500276,2.4796839686640054e-12,4.8210696218485909e-12,1.9442274430019677,7.3007535905125958e-12,169.82383653424353,330.17616346575647,1.6461386330026473,0.7943332527152549,238135118.30264145,668.17336453186056,2.34144469319657,true
3,684,500,171,0.97847559045500276,2.4796839686640054e-12,4.8227485655321006e-12,1.944904522704352,7.3024325341961056e-12,169.78479137274104,330.21520862725896,1.6462150424775583,0.79435481571199784,238141582.72643685,668.22251850017699,2.2779656608129031,true
3,685,500,171.25,0.97847559045500276,2.4796839686640054e-12,4.8243818844841956e-12,1.9455632029929433,7.3040658531482006e-12,169.74682447552215,330.25317552447785,1.6462893418419062,0.79437577978852325,238147867.5984681,668.2703137617716,2.2145028305815408,true
3,686,500,171.5,0.97847559045500276,2.4796839686640054e-12,4.8259695476088374e-12,1.9462034713274188,7.3056535162728432e-12,169.70993513042191,330.29006486957809,1.6463615324893632,0.79439614562773098,238153973.12346342,668.31675132086968,2.1510557480675585,true
3,687,500,171.75,0.97847559045500276,2.4796839686640054e-12,4.827511524679209e-12,1.946825315517992,7.307195493343214e-12,169.67412264547823,330.32587735452177,1.646431615774065,0.79441591389279442,238159899.5002372,668.36183215307938,2.0876239592067609,true
3,688,500,172,0.97847559045500276,2.4796839686640054e-12,4.8290077863382884e-12,1.9474287237256458,7.3086917550022934e-12,169.63938634892031,330.36061365107969,1.6464995930106345,0.79443508522720274,238165646.92170259,668.40555720542056,2.0242070102949907,true
3,689,500,172.25,0.97847559045500276,2.4796839686640054e-12,4.8304583040994124e-12,1.9480136844623583,7.3101422727634174e-12,169.60572558915612,330.39427441084388,1.6465654654742052,0.7944536602548018,238171215.57488394,668.44792739635045,1.9608044479773781,true
3,690,500,172.5,0.97847559045500276,2.4796839686640054e-12,4.831863050346813e-12,1.9485801865913202,7.3115470190108187e-12,169.57313973476181,330.42686026523819,1.6466292344004434,0.7944716395798338,238176605.64092845,668.48894361579221,1.8974158192376098,true
3,691,500,172.75,0.97847559045500276,2.4796839686640054e-12,4.8332219983361462e-12,1.9491282193271471,7.312905967000152e-12,169.54162817447002,330.45837182552998,1.6466909009855686,0.79448902378697606,238181817.29511803,668.52860672515908,1.834040671387271,true
3,692,500,173,0.97847559045500276,2.4796839686640054e-12,4.8345351221950016e-12,1.9496577722360862,7.3142190908590074e-12,169.51119031715956,330.48880968284044,1.6467504663863766,0.79450581344137838,238186850.70688027,668.56691755738018,1.7706785520551036,true
3,693,500,173.25,0.97847559045500276,2.4796839686640054e-12,4.8358023969233928e-12,1.9501688352362128,7.3154863655873986e-12,169.48182559184494,330.51817440815506,1.6468079317202582,0.79452200908869819,238191706.03979918,668.60387691692461,1.7073290091763709,true
3,694,500,173.5,0.97847559045500276,2.4796839686640054e-12,4.8370237983942369e-12,1.9506613985976244,7.3167077670582427e-12,169.45353344766619,330.54646655233381,1.6468632980652194,0.79453761125513656,238196383.45162585,668.63948557982394,1.6439915909821698,true
3,695,500,173.75,0.97847559045500276,2.4796839686640054e-12,4.8381993033538092e-12,1.9511354529426246,7.3178832720178142e-12,169.42631335387938,330.57368664612062,1.6469165664598999,0.79455262044747055,238200883.09428826,668.67374429369636,1.580665845988755,true
3,696,500,174,0.97847559045500276,2.4796839686640054e-12,4.8393288894221911e-12,1.9515909892459022,7.3190128580861969e-12,169.40016479984723,330.59983520015277,1.6469677379035921,0.7945670371530863,238205205.11390105,668.70665377776629,1.5173513229869349,true
3,697,500,174.25,0.97847559045500276,2.4796839686640054e-12,4.8404125350936918e-12,1.9520279988347027,7.3200965037576968e-12,169.37508729502986,330.62491270497014,1.6470168133562588,0.7945808618400092,238209349.65077475,668.7382147228866,1.4540475710313798,true
3,698,500,174.5,0.97847559045500276,2.4796839686640054e-12,4.8414502197372595e-12,1.952446473388993,7.3211341884012645e-12,169.35108036897628,330.64891963102372,1.6470637937385493,0.79459409495693489,238213316.83942491,668.76842779155857,1.3907541394300416,true
3,699,500,174.75,0.97847559045500276,2.4796839686640054e-12,4.8424419235968743e-12,1.952846404941621,7.3221258922608801e-12,169.32814357131633,330.67185642868367,1.6471086799318164,0.79460673693325601,238217106.80858019,668.79729361795034,1.3274705777335121,true
3,700,500,175,0.97847559045500276,2.4796839686640054e-12,4.8433876277919239e-12,1.9532277858784666,7.3230715964559297e-12,169.30627647175214,330.69372352824786,1.6471514727781316,0.79461878817909148,238220719.68119118,668.82481280791615,1.2641964357243933,true
3,701,500,175.25,0.97847559045500276,2.4796839686640054e-12,4.8442873143175652e-12,1.9535906089385866,7.3239712829815702e-12,169.28547866005096,330.71452133994904,1.6471921730803005,0.79463024908531099,238224155.57443765,668.8509859390133,1.2009312634067322,true
3,702,500,175.5,0.97847559045500276,2.4796839686640054e-12,4.8451409660450609e-12,1.9539348672143519,7.3248249347090659e-12,169.26574974603784,330.73425025396216,1.6472307816018765,0.79464112002356024,238227414.59973615,668.87581356051976,1.1376746109954081,true
3,703,500,175.75,0.97847559045500276,2.4796839686640054e-12,4.8459485667221148e-12,1.9542605541515825,7.3256325353861206e-12,169.24708935958841,330.75291064041159,1.6472672990671751,0.79465140134628531,238230496.86274737,668.89929619344889,1.0744260289055227,true
3,704,500,176,0.97847559045500276,2.4796839686640054e-12,4.8467101009731737e-12,1.9545676635496683,7.3263940696371786e-12,169.22949715062248,330.77050284937752,1.6473017261612857,0.79466109338675406,238233402.46338254,668.92143433056538,1.0111850677418668,true
3,705,500,176.25,0.97847559045500276,2.4796839686640054e-12,4.8474255542997227e-12,1.9548561895616885,7.3271095229637285e-12,169.2129727890981,330.7870272109019,1.6473340635300846,0.79467019645907777,238236131.49580982,668.94222843639989,0.94795127828829429,true
3,706,500,176.5,0.97847559045500276,2.4796839686640054e-12,4.8480949130805627e-12,1.9551261266945241,7.3277788817445676e-12,169.19751596500492,330.80248403499508,1.647364311780247,0.79467871085823094,238238684.04846033,668.96167894726148,0.88472421149719827,true
3,707,500,176.75,0.97847559045500276,2.4796839686640054e-12,4.8487181645720657e-12,1.955377469808961,7.3284021332360707e-12,169.18312638835965,330.81687361164035,1.6473924714792556,0.79468663686006991,238241060.20403376,668.97978627125144,0.82150341847893327,true
3,708,500,177,0.97847559045500276,2.4796839686640054e-12,4.849295296908423e-12,1.9556102141197886,7.3289792655724288e-12,169.16980378919999,330.83019621080001,1.647418543155414,0.79469397472135095,238243260.03950366,668.99655078827402,0.75828845049123639,true
3,709,500,177.25,0.97847559045500276,2.4796839686640054e-12,4.8498262991018681e-12,1.9558243551958918,7.3295102677658739e-12,169.1575479175803,330.8424520824197,1.6474425272978532,0.79470072467974551,238245283.62612218,669.01197285004866,0.6950788589287239,true
3,710,500,177.5,0.97847559045500276,2.4796839686640054e-12,4.8503111610428822e-12,1.9560198889603315,7.3299951297068872e-12,169.1463585435672,330.8536414564328,1.6474644243565417,0.7947068869538565,238247131.02942476,669.02605278011936,0.63187419531229361,true
3,711,500,177.75,0.97847559045500276,2.4796839686640054e-12,4.8507498735003931e-12,1.9561968116904274,7.3304338421643981e-12,169.13623545723516,330.86376454276484,1.6474842347422936,0.79471246174323085,238248802.30923414,669.0387908738644,0.56867401127862827,true
3,712,500,178,0.97847559045500276,2.4796839686640054e-12,4.8511424281219493e-12,1.956355120017826,7.3308263967859551e-12,169.12717846866286,330.87282153133714,1.6475019588267759,0.7947174492283734,238250297.51966426,669.05018739850459,0.50547785856963889,true
3,713,500,178.25,0.97847559045500276,2.4796839686640054e-12,4.8514888174338756e-12,1.9564948109285645,7.3311727860978813e-12,169.11918740792987,330.88081259207013,1.6475175969425138,0.79472184957075775,238251616.7091237,669.06024259311187,0.44228528902191194,true
3,714,500,178.5,0.97847559045500276,2.4796839686640054e-12,4.8517890348414194e-12,1.9566158817631296,7.3314730035054244e-12,169.11226212511349,330.88773787488651,1.6475311493828997,0.79472566291283631,238252759.92031863,669.06895666861521,0.37909585455622458,true
3,715,500,178.75,0.97847559045500276,2.4796839686640054e-12,4.8520430746288743e-12,1.9567183302165072,7.3317270432928793e-12,169.10640249028631,330.89359750971369,1.6475426164021942,0.79472888937804964,238253727.19025558,669.07632980780772,0.31590910716696602,true
3,716,500,179,0.97847559045500276,2.4796839686640054e-12,4.8522509319596886e-12,1.9568021543382264,7.3319349006236936e-12,169.10160839351352,330.89839160648648,1.6475519982155351,0.79473152907083422,238254518.55024385,669.08236216535124,0.25272459891165783,true
3,717,500,179.25,0.97847559045500276,2.4796839686640054e-12,4.8524126028765575e-12,1.9568673525323963,7.3320965715405625e-12,169.0978797448513,330.9021202551487,1.6475592949989379,0.79473358207662903,238255134.02589735,669.08705386778149,0.1895418819004121,true
3,718,500,179.5,0.97847559045500276,2.4796839686640054e-12,4.8525280843015008e-12,1.9569139235577375,7.3322120529655066e-12,169.09521647434485,330.90478352565515,1.6475645068893006,0.79473504846188103,238255573.63713643,669.09040501351069,0.12636050828539241,true
3,719,500,179.75,0.97847559045500276,2.4796839686640054e-12,4.8525973740359192e-12,1.9569418665276055,7.332281342699925e-12,169.09361853202739,330.90638146797261,1.6475676339844059,0.7947359282740496,238255837.39818904,669.09241567283163,0.063180030250332975,true
3,720,500,180,0.97847559045500276,2.4796839686640054e-12,4.8526204707606342e-12,1.9569511809100053,7.3323044394246392e-12,169.0930858879193,330.9069141120807,1.6475686763429223,0.79473622154160861,238255925.3175914,669.0930858879193,0,true
4,0,1000,0,1.9569511809100055,1.2398419843320027e-12,0,0,1.2398419843320027e-12,1000,0,1,0,0,0,90,false
4,1,1000,0.25,1.9569511809100055,1.2398419843320027e-12,2.30967247153578e-17,1.8628764800057779e-05,1.2398650810567181e-12,999.98137158222437,0.018628417775644439,1.0000364549041645,0.0085384905951070376,2559775.0831170217,4.3633187931619242,89.630385643249667,true
4,2,1000,0.5,1.9569511809100055,1.2398419843320027e-12,9.2386459133070836e-17,7.4514704535390015e-05,1.2399343707911359e-12,999.92549084749214,0.074509152507905699,1.0001458107739889,0.017075063046162093,5118975.121113901,8.7266115480633477,89.260798529159075,true
4,3,1000,0.75,1.9569511809100055,1.2398419843320027e-12,2.0786788407667797e-16,0.00016765675521842588,1.2400498522160793e-12,999.83237134885735,0.16762865114269365,1.0003280410868081,0.025607801192167379,7677025.6633751886,13.089852139890688,88.891265887825057,true
4,4,1000,1,1.9569511809100055,1.2398419843320027e-12,3.6953880094586109e-16,0.00029805314355841868,1.2402115231329486e-12,999.70203566564805,0.29796433435189679,1.000583101655979,0.034134792833597508,10233353.446904982,17.45301427087535,88.521814924232714,true
4,5,1000,1.25,1.9569511809100055,1.2398419843320027e-12,5.7739613175981426e-16,0.00046570138699642563,1.2404193804637625e-12,999.53451538983211,0.46548461016784498,1.0009109306575634,0.042654131701872489,12787386.986760076,21.816071384193819,88.152472805729246,true
4,6,1000,1.5,1.9569511809100055,1.2398419843320027e-12,8.3143591921462073e-16,0.00067059829375158524,1.2406734202512173e-12,999.32985110695267,0.67014889304734826,1.0013114486676344,0.051163919415035709,15338557.162347477,26.17899657831984,87.78326664954993,true
4,7,1000,1.75,1.9569511809100055,1.2398419843320027e-12,1.1316533267586774e-15,0.00091273996288195167,1.2409736376587613e-12,999.08809237165292,0.91190762834710226,1.0017845587101748,0.059662267415475506,17886297.798338708,30.541762521977738,87.414223510399779,true
4,8,1000,2,1.9569511809100055,1.2398419843320027e-12,1.4780426386850909e-15,0.0011921217843590165,1.2413200269706878e-12,998.80929767781799,1.1907023221820565,1.0023301463155065,0.068147298885192456,20430046.238852505,34.904341369844566,87.045370368102994,true
4,9,1000,2.25,1.9569511809100055,1.2398419843320027e-12,1.8705972602413123e-15,0.0015087384391561361,1.241712581592244e-12,998.49353442336655,1.5064655766334039,1.002948079589193,0.076617150634335676,22969243.91362375,39.266704679147018,86.676734115339116,true
4,10,1000,2.5,1.9569511809100055,1.2398419843320027e-12,2.3093097177525113e-15,0.0018625838993480387,1.2421512940497553e-12,998.14087886973618,1.8591211302638713,1.0036382092913245,0.085069974958758093,25503336.894884538,43.628823327296757,86.308341545485092,true
4,11,1000,2.75,1.9569511809100055,1.2398419843320027e-12,2.7941716587664999e-15,0.002253651428227713,1.2426361559907692e-12,997.75141609609875,2.2485839039011966,1.0044003689261147,0.093503941462697998,28031776.443790346,47.990667430705891,85.940219340559196,true
4,12,1000,3,1.9569511809100055,1.2398419843320027e-12,3.3251738522105066e-15,0.0026819335804328572,1.2431671581842132e-12,997.32523994836924,2.6747600516307886,1.0052343748416899,0.10191723884245125,30554019.545151535,52.352206264920916,85.572394059303633,true
4,13,1000,3.25,1.9569511809100055,1.2398419843320027e-12,3.9023061885681583e-15,0.0031474222020886219,1.2437442905205709e-12,996.86245298305266,3.137547016947384,1.0061400263399758,0.11030807662743361,33069529.429390673,56.713408186211034,85.204892125396782,true
4,14,1000,3.5,1.9569511809100055,1.2398419843320027e-12,4.5255576800718121e-15,0.0036501084309627364,1.2443675420120744e-12,996.36316640600069,3.6368335939992718,1.00711710579655,0.11867468687492665,35577776.080614597,61.074240554743092,84.837739815823539,true
4,15,1000,3.75,1.9569511809100055,1.2398419843320027e-12,5.19491646091132e-15,0.0041899826966338921,1.245036900792914e-12,995.82750000614203,4.1724999938579224,1.0081653787903273,0.1270153258151028,38078236.729780525,65.434669659471638,84.470963249409692,true
4,16,1000,4,1.9569511809100055,1.2398419843320027e-12,5.910369787460573e-15,0.0047670347206744575,1.2457523541194632e-12,995.25558208425923,4.7444179157407307,1.0092845942429394,0.13532827544310508,40570396.331989512,69.794660644869097,84.104588375531108,true
4,17,1000,4.25,1.9569511809100055,1.2398419843320027e-12,6.6719040385191332e-15,0.0053812535168453711,1.2465138883705219e-12,994.64754937689395,5.3524506231060407,1.0104744845676499,0.14361184505510452,43053748.02698493,74.154177439616277,83.738640963015456,true
4,18,1000,4.5,1.9569511809100055,1.2398419843320027e-12,7.4795047155732527e-15,0.0060326273913066681,1.247321489047576e-12,994.00354697545981,5.996453024540144,1.0117347658276452,0.15186437272555495,45527793.58202228,78.513182687369763,83.373146589239866,true
4,19,1000,4.75,1.9569511809100055,1.2398419843320027e-12,8.333156443069564e-15,0.0067211439428382239,1.2481751407750723e-12,993.32372824065783,6.6762717593421792,1.0130651379035207,0.16008422672295414,47992043.816303708,82.871637679717139,83.00813062944475,true
4,20,1000,5,1.9569511809100055,1.2398419843320027e-12,9.2328429687100355e-15,0.0074467900630776516,1.2490748273007128e-12,992.60825471227975,7.391745287720255,1.0144652846697901,0.16826980686181323,50446019.006288253,87.229502291427082,82.643618246264197,true
4,21,1000,5.25,1.9569511809100055,1.2398419843320027e-12,1.0178547163759882e-14,0.0082095519367686529,1.2500205314957626e-12,991.85729601450601,8.1427039854940055,1.015934874180213,0.17641954578858582,52889249.271203689,91.586734918095232,82.279634379492961,true
4,22,1000,5.5,1.9569511809100055,1.2398419843320027e-12,1.1170251023374566e-14,0.009009415042024755,1.2510122353553772e-12,991.07102975679413,8.9289702432058267,1.0174735588617518,0.18453191019969112,55321274.938200668,95.943292416282432,81.916203736091532,true
4,23,1000,5.75,1.9569511809100055,1.2398419843320027e-12,1.2207935666942192e-14,0.0098463641506054793,1.2520499199989448e-12,990.24964143046907,9.750358569530901,1.0190809757169395,0.19260540198990633,57741646.886632107,100.29913004623572,81.553350780443907,true
4,24,1000,6,1.9569511809100055,1.2398419843320027e-12,1.3291581338442839e-14,0.010720383328206155,1.2531335656704455e-12,989.39332430112381,10.606675698876234,1.0207567465344454,0.20063855932969202,60149926.871027201,104.65420141727701,81.191099724874121,true
4,25,1000,6.25,1.9569511809100055,1.2398419843320027e-12,1.4421167406824614e-14,0.011631455934761231,1.2542631517388273e-12,988.50227929694654,11.497720703053472,1.0225004781076139,0.20862995767023779,62545687.822396539,109.00845843593896,80.829474520430068,true
4,26,1000,6.5,1.9569511809100055,1.2398419843320027e-12,1.5596672366397738e-14,0.012579564624762125,1.2554386566984003e-12,987.57671489309212,12.423285106907933,1.0243117624607452,0.21657821067526661,64928514.127580017,113.36185125692116,80.468498847942627,true
4,27,1000,6.75,1.9569511809100055,1.2398419843320027e-12,1.6818073837241585e-14,0.013564691347585525,1.2566600581692443e-12,986.61684699222246,13.383153007777512,1.0261901770828694,0.22448197107882925,67298001.886407137,117.71432823693365,80.108196109367938,true
4,28,1000,7,1.9569511809100055,1.2398419843320027e-12,1.8085348565633249e-14,0.014586817347839051,1.2579273328976359e-12,985.62289880133721,14.377101198662759,1.0281352851687857,0.23233993146865206,69653759.146538749,122.06583589148983,79.748589419417087,true
4,29,1000,7.25,1.9569511809100055,1.2398419843320027e-12,1.9398472424488235e-14,0.015645923165716693,1.2592404567564909e-12,984.59510070502802,15.40489929497196,1.030146635867095,0.24015082499470808,71995406.115891367,126.41631885470237,79.389701597482528,true
4,30,1000,7.5,1.9569511809100055,1.2398419843320027e-12,2.0757420413821375e-14,0.016741988637370576,1.2605994047458241e-12,983.5336901352839,16.466309864716074,1.0322237645349861,0.24791342600302579,74322575.352648214,130.76571984213271,79.031555159862933,true
4,31,1000,7.75,1.9569511809100055,1.2398419843320027e-12,2.2162166661221714e-14,0.01787499289529396,1.2620041509932244e-12,982.43891143798567,17.561088562014326,1.0343661929994992,0.25562655059487982,76634911.932900384,135.11397961673472,78.674172312295767,true
4,32,1000,8,1.9569511809100055,1.2398419843320027e-12,2.3612684422345482e-14,0.019044914368718874,1.2634546687543483e-12,981.31101573622311,18.688984263776909,1.0365734298250067,0.26328905711178474,78932073.596044332,139.46103695793016,78.317574942798046,true
4,33,1000,8.25,1.9569511809100055,1.2398419843320027e-12,2.5108946081425746e-14,0.020251730784027165,1.2649509304134285e-12,980.1502607905752,19.849739209424747,1.0388449705866394,0.27089984654688753,81213730.868114233,143.80682863384553,77.961784614821283,true
4,34,1000,8.5,1.9569511809100055,1.2398419843320027e-12,2.6650923151797153e-14,0.021495419165173727,1.2664929074837999e-12,978.95691085649605,21.043089143503988,1.0411802981493747,0.27845786288355573,83479567.163288146,148.1512893767333,77.606822560724467,true
4,35,1000,8.75,1.9569511809100055,1.2398419843320027e-12,2.8238586276438984e-14,0.02277595583412451,1.2680805706084417e-12,977.73123653894504,22.268763461054956,1.043578882952517,0.28596209336216971,85729278.863870338,152.49435186159585,77.252709675565441,true
4,36,1000,9,1.9569511809100055,1.2398419843320027e-12,2.9871905228533573e-14,0.024093316411306916,1.2697138895605363e-12,976.47351464441124,23.52648535558874,1.0460401832992814,0.2934115686762786,87962575.379097372,156.83594668802269,76.89946651121565,true
4,37,1000,9.25,1.9569511809100055,1.2398419843320027e-12,3.1550848912043026e-14,0.025447475816074958,1.2713928332440458e-12,975.18402803047195,24.815971969527997,1.0485636456511973,0.30080536309948003,90179179.183175623,161.17600236524663,76.547113270797666,true
4,38,1000,9.5,1.9569511809100055,1.2398419843320027e-12,3.327538536229945e-14,0.026838408267185303,1.2731173696943022e-12,973.86306545303876,26.136934546961257,1.0511487049270434,0.30814259454450443,92378825.832994372,165.51444530041678,76.195669803449178,true
4,39,1000,9.75,1.9569511809100055,1.2398419843320027e-12,3.5045481746614778e-14,0.028266087283289127,1.2748874660786174e-12,972.51092141143249,27.489078588567487,1.0537947848060252,0.3154224245561893,94561263.966019541,169.85119979008309,75.845155599411086,true
4,40,1000,10,1.9569511809100055,1.2398419843320027e-12,3.6861104364905469e-14,0.029730485683435986,1.2767030886969081e-12,971.12789599144116,28.87210400855885,1.0565012980349058,0.32264405824011211,96726255.278898358,174.18618801487801,75.495589785442931,true
4,41,1000,10.25,1.9569511809100055,1.2398419843320027e-12,3.8722218650333639e-14,0.031231575587590904,1.2785642029823362e-12,969.71429470650639,30.28570529349366,1.0592676467387949,0.329806744128811,98873574.487353325,178.51933003737787,75.146991120563015,true
4,42,1000,10.5,1.9569511809100055,1.2398419843320027e-12,4.062878916996644e-14,0.032769328417166212,1.2804707735019692e-12,968.27042833718849,31.72957166281153,1.0620932227353077,0.33690977398763461,101003009.26797745,182.85054380311948,74.799377992113278,true
4,43,1000,10.75,1.9569511809100055,1.2398419843320027e-12,4.2580779625449547e-14,0.034343714895564738,1.2824227639574523e-12,966.79661276906165,33.203387230938361,1.0649774078517971,0.34395248256234506,103114360.18256757,187.1797451447417,74.452768412148316,true
4,44,1000,11,1.9569511809100055,1.2398419843320027e-12,4.4578152853697802e-14,0.035954705048736872,1.2844201371857004e-12,965.29316882918602,34.706831170813956,1.0679195742453687,0.35093424727071776,105207440.58566827,191.5068477892186,74.107180014145754,true
4,45,1000,11.25,1.9569511809100055,1.2398419843320027e-12,4.6620870827604763e-14,0.037602268205752833,1.2864628551596075e-12,963.76042212130517,36.239577878694874,1.070919084725392,0.3578544878404567,107282076.51602162,195.83176336814276,73.762630050035455,true
4,46,1000,11.5,1.9569511809100055,1.2398419843320027e-12,4.8708894656764353e-14,0.039286372999384714,1.288550878988767e-12,962.19870285992101,37.801297140078994,1.0739752930782076,0.36471266589578377,109338106.57262979,200.15440143101418,73.419135387546987,true
4,47,1000,11.75,1.9569511809100055,1.2398419843320027e-12,5.08421845882127e-14,0.041006987366704842,1.2906841689202153e-12,960.60834570338989,39.391654296610149,1.07708754439375,0.37150828449516998,111375381.7761703,204.4746694614856,73.076712507869843,true
4,48,1000,12,1.9569511809100055,1.2398419843320027e-12,5.302070000718459e-14,0.042764078549695897,1.2928626843391873e-12,958.98968958618775,41.010310413812221,1.0802551753937957,0.3782408876226806,113393765.41650519,208.79247289650928,72.735377503624377,true
4,49,1000,12.25,1.9569511809100055,1.2398419843320027e-12,5.5244399437887049e-14,0.044557613095874804,1.2950863837698898e-12,957.3430775504911,42.656922449508855,1.083477514761553,0.38491005963546188,115393132.8870417,213.1077151483268,72.395146077139529,true
4,50,1000,12.5,1.9569511809100055,1.2398419843320027e-12,5.7513240544287844e-14,0.046387556858928765,1.2973552248762906e-12,955.66885657721696,44.331143422783086,1.0867538834723063,0.39151542466991962,117373371.50670904,217.42029762923909,72.05603353903301,true
4,51,1000,12.75,1.9569511809100055,1.2398419843320027e-12,5.9827180130923065e-14,0.048253874999366571,1.2996691644629258e-12,953.96737741666277,46.032622583337194,1.0900835951248462,0.39805664600916335,119334380.33032297,221.73011977908985,71.718054807088564,true
4,52,1000,13,1.9569511809100055,1.2398419843320027e-12,6.2186174143718143e-14,0.050156531985180816,1.3020281584757209e-12,952.23899441889239,47.76100558110759,1.0934659562733979,0.40453342541427695,121276069.94810575,226.03707909539204,71.381224405427389,true
4,53,1000,13.25,1.9569511809100055,1.2398419843320027e-12,6.4590177670827831e-14,0.052095491592525384,1.3044321620028305e-12,950.48406536400034,49.515934635999635,1.096900266759782,0.41094550242200073,123198362.27513655,230.34107116602348,71.045556463966207,true
4,54,1000,13.5,1.9569511809100055,1.2398419843320027e-12,6.703914494349029e-14,0.054070716906404311,1.306881129275493e-12,948.70295129239844,51.297048707601554,1.100385820045539,0.41729265361136997,125101190.33149518,234.64198970441385,70.711064718158624,true
4,55,1000,13.75,1.9569511809100055,1.2398419843320027e-12,6.9533029336898346e-14,0.056082170321374532,1.3093750136689011e-12,946.89601633525513,53.103983664744817,1.103921903543748,0.42357469184186086,126984498.01386401,238.93972658714313,70.377762509012541,true
4,56,1000,14,1.9569511809100055,1.2398419843320027e-12,7.2071783371088365e-14,0.058129813542262744,1.311913767703091e-12,945.06362754522183,54.936372454778187,1.1075077989502902,0.42979146546555247,128848239.85934009,243.23417189386873,70.045662783378177,true
4,57,1000,14.25,1.9569511809100055,1.2398419843320027e-12,7.4655358711842948e-14,0.060213607584893553,1.3144973430438456e-12,943.20615472757731,56.793845272422722,1.1111427825742877,0.43594285751577716,130692380.8021986,247.52521394949548,69.714778094500559,true
4,58,1000,14.5,1.9569511809100055,1.2398419843320027e-12,7.7283706171611908e-14,0.062333512776832224,1.3171256905036146e-12,941.32397027191701,58.676029728082973,1.1148261256674825,0.44202878487470165,132516895.92434002,251.81273936849954,69.385120602829886,true
4,59,1000,14.75,1.9569511809100055,1.2398419843320027e-12,7.9956775710448107e-14,0.064489488758139535,1.3197987600424508e-12,939.41744898451316,60.582551015486878,1.1185570947522978,0.44804919742222238,134321770.20013532,256.09663310131742,69.056702077083273,true
4,60,1000,15,1.9569511809100055,1.2398419843320027e-12,8.2674516436960478e-14,0.066681494482140433,1.3225165007689632e-12,937.4869679214662,62.513032078533804,1.1223349519483519,0.45400407716851238,136106998.23637,260.376778482708,68.72953389555046,true
4,61,1000,15.25,1.9569511809100055,1.2398419843320027e-12,8.5436876609283492e-14,0.068909488216205905,1.3252788609412861e-12,935.53290622276927,64.467093777230787,1.1261589552971878,0.459893437372493,137872584.00796872,264.65305728199309,68.403627047637272,true
4,62,1000,15.5,1.9569511809100055,1.2398419843320027e-12,8.8243803636061503e-14,0.071173427542547019,1.3280857879680641e-12,933.55564494740042,66.444355052599562,1.1300283590849884,0.4657173216484416,139618540.5901629,268.92534975508192,68.078992135639311,true
4,63,1000,15.75,1.9569511809100055,1.2398419843320027e-12,9.1095244077449426e-14,0.073473269359021889,1.3309372284094521e-12,931.55556690955768,68.444433090442274,1.133942414163057,0.47147580306288139,141344889.88774514,273.19353469818395,67.755639376738685,true
4,64,1000,16,1.9569511809100055,1.2398419843320027e-12,9.3991143646131773e-14,0.075808969879957694,1.3338331279781345e-12,929.53305651614278,70.466943483857278,1.1379003682658531,0.47716898322383111,143051662.3620331,277.4574895031119,67.43357860521607,true
4,65,1000,16.25,1.9569511809100055,1.2398419843320027e-12,9.693144720835525e-14,0.078180484636983474,1.3367734315403579e-12,927.48849960560517,72.511500394394872,1.1419014663263674,0.48279699136440385,144738896.7561394,281.7170902140785,67.112819274871072,true
4,66,1000,16.5,1.9569511809100055,1.2398419843320027e-12,9.9916098784978385e-14,0.080587768479876726,1.339758083116981e-12,925.42228328824774,74.577716711752217,1.1459449507886355,0.48835998342268333,146406639.8191255,285.97221158588604,66.79337046164342,true
4,67,1000,16.75,1.9569511809100055,1.2398419843320027e-12,1.0294504155253727e-13,0.083030775577422958,1.3427870258845399e-12,923.33479578809317,76.665204211906826,1.1500300619171977,0.49385814111972098,148054946.02959204,290.22272714341329,66.475240866426958,true
4,68,1000,17,1.9569511809100055,1.2398419843320027e-12,1.0601821784432788e-13,0.085509459418288677,1.3458602021763306e-12,921.22642628640733,78.773573713592654,1.1541560381033165,0.4992916710374124,149683877.31923327,294.46850924229807,66.158438818068873,true
4,69,1000,17.25,1.9569511809100055,1.2398419843320027e-12,1.0913556915150323e-13,0.088023772811906251,1.3489775534835059e-12,919.09756476697544,80.902435233024548,1.1583221161677626,0.50466080369793298,151293502.79685882,298.70942913071872,65.842972276546931,true
4,70,1000,17.5,1.9569511809100055,1.2398419843320027e-12,1.1229703612418832e-13,0.090573667889373238,1.352139020456191e-12,916.94860186321591,83.051398136784059,1.1625275316600066,0.50996579264633146,152883898.47336203,302.94535701217472,65.528848836316399,true
4,71,1000,17.75,1.9569511809100055,1.2398419843320027e-12,1.1550255857260906e-13,0.093159096104362918,1.3553445429046117e-12,914.77992870722164,85.220071292778329,1.1667715191536374,0.51520691353778791,154455146.98808691,307.17616210916896,65.216075729819636,true
4,72,1000,18,1.9569511809100055,1.2398419843320027e-12,1.1875207546823874e-13,0.095780008234048891,1.3585940598002415e-12,912.5919367808076,87.408063219192371,1.1710533125378548,0.52038446323096987,156007337.33702308,311.40171272769476,64.90465983115017,true
4,73,1000,18.25,1.9569511809100055,1.2398419843320027e-12,1.2204552494495938e-13,0.098436354380041904,1.361887509276962e-12,910.38501776864496,89.614982231355086,1.1753721453048795,0.5254987588888258,157540564.60323045,315.62187632242996,64.594607659863783,true
4,74,1000,18.5,1.9569511809100055,1.2398419843320027e-12,1.2538284430024095e-13,0.10112808396934085,1.3652248286322436e-12,908.15956341355422,91.840436586445833,1.1797272508331356,0.53055013708808241,159054929.68987319,319.83651956254403,64.285925384929044,true
4,75,1000,18.75,1.9569511809100055,1.2398419843320027e-12,1.2876396999633307e-13,0.10385514575529399,1.3686059543283357e-12,905.915965374032,94.084034625967959,1.1841178626660658,0.53553895293861276,160550539.05621305,324.04550839802232,63.978618828810013,true
4,76,1000,19,1.9569511809100055,1.2398419843320027e-12,1.321888376614765e-13,0.10661748781857608,1.3720308219934792e-12,903.65461508407373,96.345384915926275,1.188543214786451,0.54046557921378457,162027504.45689419,328.24870812641581,63.672693471672957,true
4,77,1000,19.25,1.9569511809100055,1.2398419843320027e-12,1.3565738209112788e-13,0.1094150575681762,1.3754993664231306e-12,901.37590361535865,98.624096384641305,1.1930025418861061,0.54533040549279355,163485942.68482128,332.4459834599225,63.368154455710375,true
4,78,1000,19.5,1.9569511809100055,1.2398419843320027e-12,1.3916953724920056e-13,0.11224780174239847,1.3790115215812032e-12,899.08022154185778,100.91977845814216,1.1974950796308375,0.55013383731592114,164925975.31791213,336.63719859271379,63.065006589574807,true
4,79,1000,19.75,1.9569511809100055,1.2398419843320027e-12,1.4272523626932356e-13,0.11511566640987764,1.3825672206013262e-12,896.76795880691611,103.23204119308386,1.2020200649205557,0.55487629535358118,166347728.46998408,340.82221726841391,62.76325435291475,true
4,80,1000,20,1.9569511809100055,1.2398419843320027e-12,1.4632441145611256e-13,0.118018596970604,1.3861663957881154e-12,894.43950459286771,105.56049540713235,1.2065767361444328,0.55955821458992794,167751332.54600596,345.00090284764735,62.462901901006489,true
4,81,1000,20.25,1.9569511809100055,1.2398419843320027e-12,1.499669942864604e-13,0.12095653815696444,1.3898089786184631e-12,892.09524719322599,107.90475280677407,1.2111643334310187,0.56418004352174855,169136922.00193197,349.17311837557048,62.163953069473855,true
4,82,1000,20.5,1.9569511809100055,1.2398419843320027e-12,1.5365291541084067e-13,0.12392943403479371,1.3934948997428433e-12,889.73557388749975,110.26442611250023,1.2157820988932213,0.56874224337326829,170504635.10930631,353.33872664930306,61.86641137908979,true
4,83,1000,20.75,1.9569511809100055,1.2398419843320027e-12,1.5738210465462784e-13,0.12693722800443927,1.3972240889866305e-12,887.36087081867242,112.6391291813276,1.2204292768680738,0.57324528732744429,171854613.72481078,357.49759028517985,61.570280040652705,true
4,84,1000,21,1.9569511809100055,1.2398419843320027e-12,1.6115449101943471e-13,0.12997986280183996,1.4009964753514374e-12,884.97152287338236,115.0284771266176,1.2251051141512139,0.57768965977425235,173187003.06490684,361.64957178574485,61.275561959930428,true
4,85,1000,21.25,1.9569511809100055,1.2398419843320027e-12,1.6497000268446234e-13,0.13305728049961482,1.404811987016465e-12,882.56791356484291,117.43208643515713,1.2298088602260067,0.58207585557639951,174501951.48570183,365.79453360641048,60.982259742666656,true
4,86,1000,21.5,1.9569511809100055,1.2398419843320027e-12,1.6882856700786888e-13,0.13616942250816719,1.4086705513398716e-12,880.15042491852637,119.84957508147367,1.2345397674872522,0.58640437935284917,175799610.2681551,369.93233822170913,60.690375699641983,true
4,87,1000,21.75,1.9569511809100055,1.2398419843320027e-12,1.7273011052815152e-13,0.13931622957679918,1.4125720948601542e-12,877.71943736064532,122.28056263935466,1.239297091459425,0.59067574478046947,177080133.4087176,374.06284819106531,60.399911851784516,true
4,88,1000,22,1.9569511809100055,1.2398419843320027e-12,1.7667455896554539e-13,0.14249764179484004,1.4165165432975481e-12,875.27532960945177,124.72467039054821,1.2440800910093945,0.59489047391407335,178343677.41548494,378.18592622402116,60.110869935323464,true
4,89,1000,22.25,1.9569511809100055,1.2398419843320027e-12,1.806618372234383e-13,0.14571359859278729,1.420503821555441e-12,872.81847856937475,127.1815214306252,1.2488880285535933,0.59904909652505789,179590401.10992637,382.30143524484566,59.823251406979843,true
4,90,1000,22.5,1.9569511809100055,1.2398419843320027e-12,1.8469186938979965e-13,0.14896403874345909,1.4245338537218024e-12,870.34925922801676,129.65074077198321,1.2537201702595895,0.60315214945879803,180820465.43423644,386.40923845646836,59.537057449188936,true
4,91,1000,22.75,1.9569511809100055,1.2398419843320027e-12,1.8876457873862608e-13,0.15224890036316033,1.4286065630706288e-12,867.86804455601975,132.13195544398025,1.2585757862420455,0.6072001760109077,182034033.26434267,390.50919940367186,59.252288975348563,true
4,92,1000,23,1.9569511809100055,1.2398419843320027e-12,1.928798877314022e-13,0.15556812091286076,1.4327218720634049e-12,865.37520540981427,134.6247945901857,1.2634541507530308,0.61119372532243177,183231269.22858867,394.60118203548905,58.968946635088031,true
4,93,1000,23.25,1.9569511809100055,1.2398419843320027e-12,1.9703771801857726e-13,0.15892163719938593,1.43687970235058e-12,862.87111043725872,137.12888956274131,1.2683545423666844,0.61513335179398831,184412339.53209847,398.6850507667458,58.687030819552483,true
4,94,1000,23.5,1.9569511809100055,1.2398419843320027e-12,2.0123799044105567e-13,0.16230938537661951,1.4410799747730584e-12,860.35612598617456,139.64387401382541,1.2732762441582037,0.61901961451884202,185577411.78681615,402.76067053869781,58.406541666697599,true
4,95,1000,23.75,1.9569511809100055,1.2398419843320027e-12,2.054806250317052e-13,0.16573130094671965,1.445322609363708e-12,857.83061601577901,142.16938398422096,1.2782185438771694,0.62285307673485235,186726654.847204,406.82790687871022,58.127479066589828,true
4,96,1000,24,1.9569511809100055,1.2398419843320027e-12,2.0976554101687868e-13,0.16918731876134632,1.4496075253488813e-12,855.29494201101511,144.70505798898486,1.2831807341151948,0.62663430529520225,187860238.65157109,410.88662595893351,57.849842666707275,true
4,97,1000,24.25,1.9569511809100055,1.2398419843320027e-12,2.1409265681795241e-13,0.17267737302290212,1.4539346411499551e-12,852.74946289977595,147.25053710022405,1.2881621124679161,0.63036387015778228,188978334.0689944,414.93669465392861,57.573631877237098,true
4,98,1000,24.5,1.9569511809100055,1.2398419843320027e-12,2.1846189005287904e-13,0.17620139728578485,1.4583038743848817e-12,850.1945349730164,149.80546502698357,1.293161981691328,0.63404234389307346,190081112.75178578,418.97798059720071,57.298845876364503,true
4,99,1000,24.75,1.9569511809100055,1.2398419843320027e-12,2.2287315753775597e-13,0.17975932445765233,1.4627151418697586e-12,847.63051180774551,152.36948819225444,1.2981796498524854,0.63767030121034307,191168746.99344912,423.01035223660011,57.025483615549852,true
4,100,1000,25,1.9569511809100055,1.2398419843320027e-12,2.2732637528840869e-13,0.18335108680069961,1.4671683596204114e-12,845.05774419288662,154.94225580711338,1.3032144304745907,0.64124831850194497,192241409.59206495,427.03367888855462,56.753543824789233,true
4,101,1000,25.25,1.9569511809100055,1.2398419843320027e-12,2.3182145852199054e-13,0.18697661593294923,1.4716634428539933e-12,842.47658005799224,157.52341994200776,1.3082656426764947,0.64477697340548734,193299273.71903169,431.04783079109779,56.483025017854963,true
4,102,1000,25.5,1.9569511809100055,1.2398419843320027e-12,2.363583216585963e-13,0.19063584282955262,1.476200305990599e-12,839.88736440479943,160.11263559520054,1.313332611306641,0.64825684438361242,194342512.79308665,435.05267915566105,56.213925497512342,true
4,103,1000,25.75,1.9569511809100055,1.2398419843320027e-12,2.4093687832289175e-13,0.19432869782410442,1.4807788626548944e-12,837.29043924160624,162.70956075839374,1.3184146670714869,0.65168851032111352,195371300.359525,439.04809621760114,55.946243360709225,true
4,104,1000,26,1.9569511809100055,1.2398419843320027e-12,2.4555704134575752e-13,0.19805511060996842,1.4853990256777602e-12,834.68614352044938,165.31385647955059,1.3235111466584437,0.65507255013909271,196385809.97452685,443.03395528543444,55.6799765037347,true
4,105,1000,26.25,1.9569511809100055,1.2398419843320027e-12,2.5021872276594994e-13,0.20181501024161705,1.4900607070979526e-12,832.07481307706132,167.92518692293871,1.3286213928533783,0.65840954242585215,197386215.0945015,447.01013078875542,55.415122627344218,true
4,106,1000,26.5,1.9569511809100055,1.2398419843320027e-12,2.5492183383177376e-13,0.2056083251359806,1.4947638181637765e-12,829.45678057358305,170.54321942641695,1.3337447546527208,0.66170006508419277,198372688.97035012,450.97649832481517,55.151679241847781,true
4,107,1000,26.75,1.9569511809100055,1.2398419843320027e-12,2.5966628500277432e-13,0.20943498307381186,1.4995082693347771e-12,826.83237544400515,173.16762455599488,1.3388805873702347,0.66494469499478803,199345404.5465478,454.9329347037426,54.8896436721584,true
4,108,1000,27,1.9569511809100055,1.2398419843320027e-12,2.6445198595143998e-13,0.21329491120105953,1.5042939702834427e-12,824.20192384231166,175.79807615768831,1.3440282527384952,0.66814400769527982,200304534.36493886,458.87931799238862,54.629013062798265,true
4,109,1000,27.25,1.9569511809100055,1.2398419843320027e-12,2.6927884556492335e-13,0.21718803603025622,1.509120829896926e-12,821.56574859329498,178.43425140670499,1.3491871190051441,0.67129857707474505,201250250.47314027,462.81552755678001,54.369784382859891,true
4,110,1000,27.5,1.9569511809100055,1.2398419843320027e-12,2.7414677194677478e-13,0.22111428344191661,1.5139887562787774e-12,818.92416914601245,181.0758308539875,1.3543565610239714,0.67440897508316644,202182724.33744323,466.74144410316921,54.111954430920008,true
4,111,1000,27.75,1.9569511809100055,1.2398419843320027e-12,2.7905567241869324e-13,0.22507357868594988,1.5188976567506959e-12,816.27750152985061,183.72249847014939,1.3595359603408954,0.67747577145553894,203102126.76010227,470.65694971766987,53.855519839903678,true
4,112,1000,28,1.9569511809100055,1.2398419843320027e-12,2.8400545352228956e-13,0.22906584638308158,1.5238474378542921e-12,813.62605831316455,186.37394168683551,1.3647247052749052,0.68049953345023195,204008627.80089825,474.56192790446852,53.600477081896891,true
4,113,1000,28.25,1.9569511809100055,1.2398419843320027e-12,2.8899602102086681e-13,0.23309101052628975,1.5288380053528696e-12,810.97014856445571,189.02985143554429,1.3699221909940313,0.68348082560123324,204902396.70286304,478.45626362260765,53.346822472905266,true
4,114,1000,28.5,1.9569511809100055,1.2398419843320027e-12,2.940272799012132e-13,0.23714899448225096,1.5338692642332158e-12,808.31007781605297,191.689922183947,1.3751278195864223,0.68642020948388638,205783601.8220492,482.33984332133417,53.094552177557496,true
4,115,1000,28.75,1.9569511809100055,1.2398419843320027e-12,2.9909913437541234e-13,0.24123972099280042,1.5389411187074151e-12,805.64614803025654,194.35385196974346,1.3803410001265979,0.68931824349374182,206652410.56123137,486.21255497401074,52.843662213751209,true
4,116,1000,29,1.9569511809100055,1.2398419843320027e-12,3.0421148788266582e-13,0.24536311217640183,1.5440534722146685e-12,802.97865756790861,197.02134243209133,1.3855611487369557,0.69217548263813433,207508989.30742261,490.07428811059032,52.594148457240273,true
4,117,1000,29.25,1.9569511809100055,1.2398419843320027e-12,3.0936424309113179e-13,0.24951908952963056,1.5492062274231346e-12,800.30790115934951,199.69209884065046,1.3907876886446084,0.69499247834010203,208353503.37309095,493.92493384865344,52.346006646161754,true
4,118,1000,29.5,1.9569511809100055,1.2398419843320027e-12,3.1455730189977934e-13,0.25370757392866911,1.554399286231782e-12,797.63416987771666,202.36583012228337,1.396020050233636,0.69776977825426578,209186116.9409613,497.76438492301327,52.099232385501111,true
4,119,1000,29.75,1.9569511809100055,1.2398419843320027e-12,3.1979056544025404e-13,0.25792848563081172,1.5596325497722567e-12,794.95775111454873,205.04224888545127,1.4012576710928273,0.7005079260942817,210006993.01228705,501.59253571388916,51.853821151494941,true
4,120,1000,30,1.9569511809100055,1.2398419843320027e-12,3.2506393407876148e-13,0.26218174427598384,1.5649059184107642e-12,792.27892855764821,207.72107144235179,1.4064999960590019,0.70320746147149327,210816293.35847926,505.40928227365941,51.609768295969502,true
4,121,1000,30.25,1.9569511809100055,1.2398419843320027e-12,3.303773074179647e-13,0.26646726888827216,1.5702192917499673e-12,789.59798217116031,210.40201782883972,1.411746477255996,0.7058689197444038,211614178.47597954,509.21452235219749,51.367069050614361,true
4,122,1000,30.5,1.9569511809100055,1.2398419843320027e-12,3.3573058429889359e-13,0.27078497787746492,1.5755725686308963e-12,786.91518817782617,213.0848118221738,1.4169965741293893,0.70849283187859546,212400807.54426488,513.00815542080056,51.125718531190522,true
4,123,1000,30.75,1.9569511809100055,1.2398419843320027e-12,3.4112366280287377e-13,0.27513478904060751,1.5809656471348764e-12,784.23081904336175,215.76918095663822,1.4222497534770779,0.71107972431673272,213176338.38687566,516.79008269472502,50.885711741671599,true
4,124,1000,31,1.9569511809100055,1.2398419843320027e-12,3.4655644025346389e-13,0.27951661956356499,1.5863984245854667e-12,781.54514346292251,218.45485653707752,1.4275054894757597,0.71363011885827843,213940927.43535545,520.56020715433419,50.64704357831814,true
4,125,1000,31.25,1.9569511809100055,1.2398419843320027e-12,3.5202881321841281e-13,0.28393038602260073,1.5918707975504155e-12,778.85842634960215,221.14157365039787,1.4327632637034431,0.71614453254857413,214694729.69599804,524.31843356487775,50.409708833683851,true
4,126,1000,31.5,1.9569511809100055,1.2398419843320027e-12,3.575406775116272e-13,0.28837600438596339,1.5973826618436299e-12,776.1709288249258,223.82907117507415,1.4380225651580512,0.71862347757692524,215437898.71929431,528.06466849491233,50.173702200553699,true
4,127,1000,31.75,1.9569511809100055,1.2398419843320027e-12,3.6309192819515664e-13,0.2928533900154881,1.6029339125271594e-12,773.48290821128626,226.51709178871374,1.4432828902722235,0.72106746118335063,216170586.57197627,531.79882033338242,49.939018275813183,true
4,128,1000,32,1.9569511809100055,1.2398419843320027e-12,3.6868245958118947e-13,0.29736245766820585,1.6085244439131921e-12,770.79461802627952,229.20538197372045,1.448543742924401,0.72347698557365225,216892943.81155574,535.52079930537366,49.705651564248619,true
4,129,1000,32.25,1.9569511809100055,1.2398419843320027e-12,3.7431216523406677e-13,0.30190312149796833,1.6141541495660694e-12,768.10630797889246,231.89369202110751,1.4538046344462874,0.72585254784247843,217605119.46325922,539.23051748656178,49.473596482278225,true
4,130,1000,32.5,1.9569511809100055,1.2398419843320027e-12,3.7998093797230842e-13,0.30647529505708188,1.6198229223043112e-12,765.41822396749455,234.58177603250545,1.459065083626778,0.72819463990404842,218307260.99925956,542.92788881637023,49.242847361613563,true
4,131,1000,32.75,1.9569511809100055,1.2398419843320027e-12,3.8568866987065255e-13,0.3110788912979523,1.6255306542026553e-12,762.73060807958859,237.26939192041138,1.464324616712448,0.73050374843022514,218999514.32011083,546.61282910985813,49.013398452851796,true
4,132,1000,33,1.9569511809100055,1.2398419843320027e-12,3.9143525226211106e-13,0.3157138225747429,1.6312772365941138e-12,760.04369859327221,239.95630140672773,1.4695827674046931,0.73278035479562076,219682023.73829123,550.28525606835967,48.785243928998227,true
4,133,1000,33.25,1.9569511809100055,1.2398419843320027e-12,3.9722057574003905e-13,0.32038000064504352,1.6370625600720417e-12,757.35772998036271,242.64227001963732,1.4748390768536137,0.73502493502943667,220354931.96376511,553.94508928889513,48.558377888919296,true
4,134,1000,33.5,1.9569511809100055,1.2398419843320027e-12,4.0304453016021697e-13,0.32507733667154992,1.6428865144922198e-12,754.67293291113947,245.3270670888605,1.4800930936487338,0.7372379597737343,221018380.09147292,557.59225027237267,48.332794360726403,true
4,135,1000,33.75,1.9569511809100055,1.2398419843320027e-12,4.0890700464294757e-13,0.32980574122375517,1.6487489889749503e-12,751.98953426065748,248.01046573934255,1.485344373806647,0.73941989424785648,221672507.59066495,561.22666243060803,48.108487305090478,true
4,136,1000,34,1.9569511809100055,1.2398419843320027e-12,4.1480788757516708e-13,0.33456512427965218,1.6546498719071698e-12,749.30775711658293,250.69224288341701,1.490592480755681,0.74157119821871242,222317452.29599303,564.84825109218025,47.885450618487646,true
4,137,1000,34.25,1.9569511809100055,1.2398419843320027e-12,4.2074706661257077e-13,0.33935539522744851,1.6605890509445734e-12,746.62782078850751,253.37217921149255,1.4958369853176718,0.74369232597665746,222953350.4002794,568.45694350715053,47.66367813637617,true
4,138,1000,34.5,1.9569511809100055,1.2398419843320027e-12,4.2672442868175057e-13,0.34417646286728992,1.6665664130137533e-12,743.94994081869277,256.05005918130729,1.5010774656869361,0.74578372631669954,223580336.44888264,572.05266885066601,47.443163636305222,true
4,139,1000,34.75,1.9569511809100055,1.2398419843320027e-12,4.3273985998234909e-13,0.34902823541299821,1.6725818443143518e-12,741.2743289942,258.72567100579994,1.5063135074065337,0.74784584252477837,224198543.33558422,575.63535822547294,47.223900840955608,true
4,140,1000,35,1.9569511809100055,1.2398419843320027e-12,4.3879324598922547e-13,0.35391062049381788,1.6786352303212281e-12,738.60119336036041,261.39880663963953,1.5115447033419089,0.74987911236886329,224808102.29991972,579.20494466336538,47.005883421113211,true
4,141,1000,35.25,1.9569511809100055,1.2398419843320027e-12,4.4488447145463571e-13,0.35882352515617455,1.6847264557866383e-12,735.93073823553823,264.06926176446177,1.5167706536519967,0.75188396809463343,225409142.92588374,582.76136312559322,46.789104998575262,true
4,142,1000,35.5,1.9569511809100055,1.2398419843320027e-12,4.5101342041042732e-13,0.36376685586544533,1.6908554047424301e-12,733.2631642271441,266.7368357728559,1.5219909657578885,0.75386083642550095,226001793.14193687,586.30455050225498,46.573559148990249,true
4,143,1000,35.75,1.9569511809100055,1.2398419843320027e-12,4.5717997617024687e-13,0.36874051850773915,1.6970219605022497e-12,730.59866824885398,269.40133175114607,1.5272052543091335,0.75581013856675439,226586179.2222479,589.83444561070201,46.359239404631964,true
4,144,1000,36,1.9569511809100055,1.2398419843320027e-12,4.6338402133176164e-13,0.37374441839168876,1.7032260056637643e-12,727.93744353898819,272.06255646101187,1.5324131411477722,0.75773229021360189,227162425.78910506,593.35098919297945,46.146139257108103,true
4,145,1000,36.25,1.9569511809100055,1.2398419843320027e-12,4.6962543777889485e-13,0.37877846025025347,1.7094674221108975e-12,725.27967968000917,274.72032031999089,1.537614255270181,0.75962770156290071,227730655.81643245,596.85412391232887,45.934252160004426,true
4,146,1000,36.5,1.9569511809100055,1.2398419843320027e-12,4.759041066840739e-13,0.38384254824253244,1.7157460910160766e-12,722.62556261909344,277.37443738090656,1.5428082327868133,0.76149677732837318,228290990.63435167,600.34379434878122,45.723571531464728,true
4,147,1000,36.75,1.9569511809100055,1.2398419843320027e-12,4.8221990851049315e-13,0.38893658595558994,1.7220618928424957e-12,719.97527468973601,280.02472531026399,1.5479947168799211,0.7633399167591074,228843549.93472821,603.81994699386291,45.514090756707553,true
4,148,1000,37,1.9569511809100055,1.2398419843320027e-12,4.8857272301439047e-13,0.39406047640629127,1.7284147073463932e-12,717.32899463434433,282.67100536565567,1.5531733577593383,0.76515751366115614,229388451.77764657,607.28253024444598,45.305803190480297,true
4,149,1000,37.25,1.9569511809100055,1.2398419843320027e-12,4.9496242924733448e-13,0.39921412204314766,1.7348044135793372e-12,714.68689762778354,285.31310237221652,1.5583438126164064,0.76694995642204766,229925812.59875855,610.73149439576275,45.098702159451491,true
4,150,1000,37.5,1.9569511809100055,1.2398419843320027e-12,5.0138890555852954e-13,0.40439742474817542,1.7412308898905321e-12,712.04915530182734,287.95084469817266,1.5635057455761228,0.76871762803803567,230455747.21745244,614.16679163361766,44.892780964541934,true
4,151,1000,37.75,1.9569511809100055,1.2398419843320027e-12,5.0785202959712982e-13,0.40961028583876224,1.7476940139291325e-12,709.41593577048047,290.58406422951953,1.568658827647587,0.77046090614391605,230978368.84579191,617.58837602581593,44.688032883195653,true
4,152,1000,38,1.9569511809100055,1.2398419843320027e-12,5.1435167831457066e-13,0.41485260606954771,1.7541936626465732e-12,706.78740365612657,293.21259634387349,1.573802736672832,0.77218016304524895,231493789.09817594,620.99620351284204,44.48445117159109,true
4,153,1000,38.25,1.9569511809100055,1.2398419843320027e-12,5.2088772796690866e-13,0.42012428563431053,1.7607297122989112e-12,704.16372011646968,295.83627988353038,1.5789371572740976,0.7738757657528289,232002118.0016728,624.39023189780778,44.28202906679396,true
4,154,1000,38.5,1.9569511809100055,1.2398419843320027e-12,5.2746005411718051e-13,0.42542522416787121,1.7673020384491832e-12,701.54504287222494,298.45495712777512,1.5840617807996447,0.77554807601925257,232503464.00698259,627.77042083570063,44.080759788851886,true
4,155,1000,38.75,1.9569511809100055,1.2398419843320027e-12,5.3406853163777002e-13,0.43075532074800116,1.7739105159697726e-12,698.93152623552601,301.06847376447399,1.5891763052681604,0.77719745037744015,232997933.99998581,631.1367318219543,43.880636542832363,true
4,156,1000,39,1.9569511809100055,1.2398419843320027e-12,5.4071303471279116e-13,0.43611447389734465,1.7805550190447938e-12,696.32332113900929,303.67667886099076,1.5942804353118443,0.77882424018097196,233485633.31383595,634.4891281803707,43.681652520804349,true
4,157,1000,39.25,1.9569511809100055,1.2398419843320027e-12,5.4739343684048332e-13,0.44150258158535088,1.787235421172486e-12,693.7205751655398,306.2794248344602,1.5993738821182342,0.78042879164610646,233966665.74155611,637.82757505041559,43.483800903764653,true
4,158,1000,39.5,1.9569511809100055,1.2398419843320027e-12,5.5410961083561903e-13,0.44691954123021577,1.7939515951676217e-12,691.12343257854479,308.87656742145521,1.6044563633708457,0.78201144589535587,234441133.54910275,641.15203937391414,43.287074863510036,true
4,159,1000,39.75,1.9569511809100055,1.2398419843320027e-12,5.6086142883192743e-13,0.45236524970083686,1.8007034131639301e-12,688.53203435291744,311.46796564708262,1.6095276031886954,0.78357253900249335,234909137.48885834,644.46248988117281,43.091467564455549,true
4,160,1000,40,1.9569511809100055,1.2398419843320027e-12,5.6764876228452561e-13,0.45783960331877394,1.8074907466165284e-12,685.94651820646027,314.05348179353979,1.6145873320647666,0.78511240203887878,235370776.81351969,647.75889707654812,42.896972165400555,true
4,161,1000,40.25,1.9569511809100055,1.2398419843320027e-12,5.7447148197236891e-13,0.46334249786022569,1.8143134663043716e-12,683.3670186318318,316.63298136816826,1.6196352868034927,0.78663136112099186,235826149.29034778,651.04123322349221,42.703581821242786,true
4,162,1000,40.5,1.9569511809100055,1.2398419843320027e-12,5.8132945800070878e-13,0.46887382855801196,1.8211714423327115e-12,680.79366692896724,319.20633307103282,1.6246712104573102,0.78812973745906412,236275351.21574751,654.30947232909227,42.511289684641739,true
4,163,1000,40.75,1.9569511809100055,1.2398419843320027e-12,5.8822255980356766e-13,0.47443349010356989,1.8280645441355706e-12,678.2265912379379,321.7734087620621,1.6296948522623553,0.78960784740671097,236718477.43014681,657.56359012813482,42.320088907632048,true
4,164,1000,41,1.9569511809100055,1.2398419843320027e-12,5.9515065614622278e-13,0.48002137664895722,1.8349926404782254e-12,675.66591657222239,324.33408342777767,1.6347059675733537,0.7910660025114663,237155621.33314666,660.80356406671149,42.129972643187962,true
4,165,1000,41.25,1.9569511809100055,1.2398419843320027e-12,6.0211361512770695e-13,0.48563738180886928,1.8419555994597095e-12,673.11176485235501,326.88823514764499,1.6397043177977715,0.7925045095661265,237586874.89891359,664.02937328539429,41.940934046739557,true
4,166,1000,41.5,1.9569511809100055,1.2398419843320027e-12,6.0911130418331838e-13,0.49128139866266346,1.848953288515321e-12,670.56425493992617,329.43574506007383,1.644689670329279,0.79392367066081926,238012328.69178948,667.24099860199919,41.752966277641868,true
4,167,1000,41.75,1.9569511809100055,1.2398419843320027e-12,6.1614359008714337e-13,0.49695331975639367,1.8559855744191463e-12,668.02350267190354,331.97649732809651,1.6496617984805857,0.79532378323570829,238432071.88209218,670.438422493963,41.566062500597795,true
4,168,1000,42,1.9569511809100055,1.2398419843320027e-12,6.2321033895459602e-13,0.50265303710485887,1.8630523232865987e-12,665.48962089524434,334.51037910475571,1.6546204814157055,0.79670514013426141,238846192.26208469,673.62162908035316,41.380215887035234,true
4,169,1000,42.25,1.9569511809100055,1.2398419843320027e-12,6.3031141624496387e-13,0.5083804421936563,1.8701534005769666e-12,662.96271950177743,337.03728049822257,1.6595655040816935,0.79806802965700119,239254776.26208928,676.79060410353304,41.195419616440269,true
4,170,1000,42.5,1.9569511809100055,1.2398419843320027e-12,6.374466867639716e-13,0.51413542598124928,1.8772886710959745e-12,660.44290546332138,339.55709453667862,1.6644966571399236,0.79941273561566739,239657908.96672508,679.9453349105039,41.011666877646263,true
4,171,1000,42.75,1.9569511809100055,1.2398419843320027e-12,6.4461601466635377e-13,0.51991787890104202,1.8844579989983565e-12,657.9302828670177,342.06971713298236,1.6694137368969413,0.8007395373877263,240055674.13124937,683.08581043394258,40.828950870080483,true
4,172,1000,43,1.9569511809100055,1.2398419843320027e-12,6.5181926345844143e-13,0.52572769086346605,1.8916612477904442e-12,655.42495295085246,344.57504704914754,1.67431654523495,0.80204870997115862,240448154.19798276,686.21202117295638,40.64726480496882,true
4,173,1000,43.25,1.9569511809100055,1.2398419843320027e-12,6.5905629600076067e-13,0.53156475125807623,1.8988982803327633e-12,652.92701413934219,347.07298586065787,1.679204889541976,0.80334052403946776,240835430.31280014,689.32395917357474,40.466601906499577,true
4,174,1000,43.5,1.9569511809100055,1.2398419843320027e-12,6.6632697451064373e-13,0.53742894895565652,1.9061689588426463e-12,650.43656207935931,349.56343792064069,1.6840785826417592,0.80461524599684753,241217582.34166959,692.42161800899612,40.286955412947073,true
4,175,1000,43.75,1.9569511809100055,1.2398419843320027e-12,6.7363116056485296e-13,0.54332017231033625,1.9134731448968555e-12,647.95368967607612,352.04631032392388,1.6889374427234132,0.80587313803345995,241594688.88722426,695.5049927596101,40.108318577756116,true
4,176,1000,44,1.9569511809100055,1.2398419843320027e-12,6.8096871510221402e-13,0.54923830916171446,1.9208106994342167e-12,645.47848712900418,354.52151287099576,1.6937812932708969,0.80711445818076366,241966827.30534935,698.57407999281156,39.930684670588157,true
4,177,1000,44.25,1.9569511809100055,1.2398419843320027e-12,6.8833949842626565e-13,0.55518324683699638,1.9281814827582683e-12,643.0110419681065,356.9889580318935,1.6986099629923466,0.80833946036685322,242334073.72177252,701.62887774262595,39.754046978329697,true
4,178,1000,44.5,1.9569511809100055,1.2398419843320027e-12,6.9574337020791769e-13,0.56115487215313786,1.9355853545399206e-12,640.5514390899632,359.44856091003675,1.7034232857492984,0.80954839447175531,242696503.04864115,704.66938548916369,39.578398806064307,true
4,179,1000,44.75,1.9569511809100055,1.2398419843320027e-12,7.0318018948812451e-13,0.56715307141900118,1.943022173820127e-12,638.09976079396995,361.90023920603005,1.7082211004858541,0.81074150638264419,243054189.0010756,707.69560413791851,39.403733478008505,true
4,180,1000,45,1.9569511809100055,1.2398419843320027e-12,7.1064981468056644e-13,0.5731777304375183,1.9504917990125692e-12,635.65608681854962,364.34391318145038,1.7130032511578119,0.8119190380489324,243407204.11368495,710.70753599892896,39.230044338412839,true
4,181,1000,45.25,1.9569511809100055,1.2398419843320027e-12,7.1815210357434742e-13,0.57922873450786605,1.9579940879063502e-12,633.2204943773578,366.7795056226422,1.7177695866618177,0.8130812275372008,243755619.75703472,713.70518476581788,39.057324752428606,true
4,182,1000,45.5,1.9569511809100055,1.2398419843320027e-12,7.2568691333670101e-13,0.58530596842764915,1.9655288976687035e-12,630.79305819546494,369.20694180453506,1.7225199607645565,0.81422830908592969,244099506.15405458,716.68855549472426,38.885568106941221,true
4,183,1000,45.75,1.9569511809100055,1.2398419843320027e-12,7.3325410051571033e-13,0.59140931649509365,1.9730960848477131e-12,628.37385054549736,371.62614945450264,1.7272542320320272,0.8153605131599988,244438932.39637738,719.6576545831465,38.714767811370912,true
4,184,1000,46,1.9569511809100055,1.2398419843320027e-12,7.4085352104303991e-13,0.59753866251125065,1.9806955053750427e-12,625.96294128371835,374.03705871628165,1.7319722637589323,0.81647806650492605,244773966.46059924,722.61248974870773,38.544917298441597,true
4,185,1000,46.25,1.9569511809100055,1.2398419843320027e-12,7.4848503023667662e-13,0.60369388978220684,1.9883270145686795e-12,623.56039788603755,376.43960211396245,1.7366739238982114,0.81758119220081138,245104675.22445166,725.5530700078599,38.376010024918727,true
4,186,1000,46.5,1.9569511809100055,1.2398419843320027e-12,7.5614848280368672e-13,0.60987488112130794,1.9959904671356895e-12,621.16628548392623,378.83371451607383,1.7413590849907545,0.81867010971596366,245431124.48287842,728.47940565454007,38.208039472316678,true
4,187,1000,46.75,1.9569511809100055,1.2398419843320027e-12,7.6384373284297895e-13,0.61608151885138795,2.0036857171749815e-12,618.78066690023093,381.21933309976902,1.7460276240953179,0.81974503496017981,245753378.96400824,731.39150823879311,38.040999147576748,true
4,188,1000,47,1.9569511809100055,1.2398419843320027e-12,7.7157063384808613e-13,0.62231368480701188,2.011412618180089e-12,616.40360268486461,383.59639731513539,1.7506794227186779,0.8208061803376574,246071502.34501758,734.28939054537159,37.874882583716186,true
4,189,1000,47.25,1.9569511809100055,1.2398419843320027e-12,7.7932903870995039e-13,0.62857126033672295,2.0191710230419532e-12,614.03515115036498,385.96484884963502,1.7553143667460449,0.82185375479951417,246385557.26787564,737.17306657232859,37.709683340449224,true
4,190,1000,47.5,1.9569511809100055,1.2398419843320027e-12,7.8711879971972723e-13,0.63485412630530336,2.0269607840517301e-12,611.67536840730554,388.32463159269446,1.7599323463717664,0.82288796389589713,246695605.35496625,740.04255150961353,37.545395004780623,true
4,191,1000,47.75,1.9569511809100055,1.2398419843320027e-12,7.9493976857159537e-13,0.64116216309604157,2.034781752903598e-12,609.32430839954691,390.67569160045309,1.7645332560303397,0.82390900982766191,247001707.22458091,742.89786171768287,37.382011191572573,true
4,192,1000,48,1.9569511809100055,1.2398419843320027e-12,8.0279179636558143e-13,0.64749525061300983,2.042633780697584e-12,606.98202293931593,393.01797706068407,1.7691169943277671,0.82491709149760239,247303922.50627711,745.73901470613862,37.219525544085641,true
4,193,1000,48.25,1.9569511809100055,1.2398419843320027e-12,8.1067473361039514e-13,0.65385326828335089,2.0505167179423978e-12,604.64856174210024,395.35143825789976,1.7736834639732662,0.82591240456122039,247602309.85609868,748.5660291124052,37.057931734494304,true
4,194,1000,48.5,1.9569511809100055,1.2398419843320027e-12,8.1858843022627398e-13,0.66023609505957315,2.0584304145582766e-12,602.32397246134906,397.676027538651,1.778232571711363,0.82689514147701348,247896926.97165161,751.37892468045231,36.897223464377937,true
4,195,1000,48.75,1.9569511809100055,1.2398419843320027e-12,8.2653273554784202e-13,0.66664360942185563,2.0663747198798446e-12,600.00830072296708,399.99169927703298,1.7827642282543894,0.82786549155627376,248187830.60703355,754.17772223957832,36.737394465187727,true
4,196,1000,49,1.9569511809100055,1.2398419843320027e-12,8.3450749832697714e-13,0.67307568938036078,2.07434948265898e-12,597.70159015959371,402.29840984040629,1.7872783482154007,0.82882364101238204,248475076.58761162,756.96244368326256,36.578438498690296,true
4,197,1000,49.25,1.9569511809100055,1.2398419843320027e-12,8.425125667356915e-13,0.67953221247755791,2.0823545510676944e-12,595.40388244465555,404.59611755534445,1.7917748500415347,0.82976977300958943,248758719.82464686,759.73311194809366,36.420349357388574,true
4,198,1000,49.5,1.9569511809100055,1.2398419843320027e-12,8.5054778836902167e-13,0.68601305579055427,2.0903897727010242e-12,593.11521732618507,406.88478267381498,1.7962536559478333,0.83070406771127181,249038814.32976061,762.48975099278584,36.263120864920566,true
4,199,1000,49.75,1.9569511809100055,1.2398419843320027e-12,8.5861301024793024e-13,0.69251809593343494,2.0984549945799328e-12,590.83563266039607,409.16436733960393,1.8007146918515331,0.83162670232765457,249315413.22924188,765.23238577729035,36.106746876436738,true
4,200,1000,50,1.9569511809100055,1.2398419843320027e-12,8.6670807882221839e-13,0.6990472090596126,2.1065500631542213e-12,588.56516444500642,411.43483555499358,1.8051578873068586,0.83253785116299417,249588568.77819219,767.96104224201122,35.951221278956311,true
4,201,1000,50.25,1.9569511809100055,1.2398419843320027e-12,8.7483283997344961e-13,0.70560027086418486,2.1146748243054521e-12,586.30384685230206,413.69615314769794,1.809583175440314,0.83343768566221388,249858332.37450644,770.67574728713271,35.796537991703431,true
4,202,1000,50.5,1.9569511809100055,1.2398419843320027e-12,8.829871390178825e-13,0.71217715658630076,2.122829123349885e-12,584.05171226193488,415.94828773806512,1.8139904928865014,0.83432637445698532,250124754.57268804,773.37652875206504,35.642690966423601,true
4,203,1000,50.75,1.9569511809100055,1.2398419843320027e-12,8.911708207094177e-13,0.71877774101153646,2.1310128050414205e-12,581.8087912934451,418.1912087065549,1.8183797797244754,0.83520408341125096,250387885.09749594,776.06341539501807,35.489674187680805,true
4,204,1000,51,1.9569511809100055,1.2398419843320027e-12,8.993837292425529e-13,0.72540189847427972,2.1392257135745556e-12,579.5751128385042,420.4248871614958,1.822750979414645,0.83607097566618571,250647772.85742399,778.73643687270896,35.337481673136153,true
4,205,1000,51.25,1.9569511809100055,1.2398419843320027e-12,9.0762570825534731e-13,0.73204950286012005,2.14746769258735e-12,577.35070409287255,422.64929590712751,1.8271040387362356,0.83692721168458939,250904465.95800936,781.39562372020725,35.186107473808455,true
4,206,1000,51.5,1.9569511809100055,1.2398419843320027e-12,9.1589660083240181e-13,0.73872042760825285,2.1557385851644045e-12,575.13559058806186,424.86440941193814,1.8314389077253246,0.83777294929471291,251158011.71497136,784.04100733092946,35.035545674317099,true
4,207,1000,51.75,1.9569511809100055,1.2398419843320027e-12,9.2419624950784379e-13,0.74541454571388688,2.1640382338398465e-12,572.92979622270354,427.0702037772964,1.8357555396134568,0.8386083437335109,251408456.66717812,786.6726199367846,34.885790393108088,true
4,208,1000,52,1.9569511809100055,1.2398419843320027e-12,9.3252449626832585e-13,0.75213172973066222,2.1723664806003285e-12,570.73334329361182,429.26665670638812,1.8400538907668562,0.83943354768932221,251655846.58944213,789.29049458847715,34.736835782663455,true
4,209,1000,52.25,1.9569511809100055,1.2398419843320027e-12,9.4088118255603499e-13,0.75887185177307848,2.1807231668880375e-12,568.54625252654012,431.45374747345988,1.8443339206262346,0.84024871134397727,251900226.50514343,791.89466513597449,34.588676029694625,true
4,210,1000,52.5,1.9569511809100055,1.2398419843320027e-12,9.4926614927170993e-13,0.76563478351892711,2.1891081336037126e-12,566.36854310662738,433.63145689337267,1.8485955916472119,0.84105398241433027,252141640.69868085,794.48516620914222,34.44130535532036,true
4,211,1000,52.75,1.9569511809100055,1.2398419843320027e-12,9.5767923677767117e-13,0.77242039621173653,2.1975212211096739e-12,564.20023270852619,435.79976729147381,1.8528388692413553,0.84184950619321852,252380132.7277512,797.06203319855183,34.294718015229421,true
4,212,1000,53,1.9569511809100055,1.2398419843320027e-12,9.6612028490085987e-13,0.77922856066322232,2.2059622692328626e-12,562.0413375262151,437.9586624737849,1.8570637217178398,0.84263542558984605,252615745.43545604,799.62530223646763,34.148908299828932,true
4,213,1000,53.25,1.9569511809100055,1.2398419843320027e-12,9.7458913293588708e-13,0.78605914725574688,2.2144311172678898e-12,559.89187230248513,440.10812769751487,1.8612701202257433,0.84341188116959898,252848520.96223798,802.17501017801374,34.003870534378287,true
4,214,1000,53.5,1.9569511809100055,1.2398419843320027e-12,9.8308561964809388e-13,0.7929120259447876,2.2229276039800966e-12,557.75185035810273,442.24814964189727,1.8654580386969757,0.84417901119328631,253078500.7576448,804.71119458252826,33.859599079109501,true
4,215,1000,53.75,1.9569511809100055,1.2398419843320027e-12,9.9160958327662099e-13,0.79978706626141283,2.2314515676086237e-12,555.62128362064436,444.37871637935564,1.8696274537898525,0.84493695165581406,253305725.59192365,807.23389369510585,33.716088329334326,true
4,216,1000,54,1.9569511809100055,1.2398419843320027e-12,1.0001608615374875e-12,0.80668413731476463,2.2400028458694899e-12,553.50018265299991,446.49981734700003,1.8737783448333136,0.84568583632429306,253530235.56744552,809.74314642833326,33.573332715538399,true
4,217,1000,54.25,1.9569511809100055,1.2398419843320027e-12,1.0087392916266821e-12,0.81360310779455236,2.248581275958685e-12,551.38855668154361,448.61144331845639,1.8779106937717953,0.84642579677558205,253752070.12996021,812.23899234422197,33.431326703463036,true
4,218,1000,54.5,1.9569511809100055,1.2398419843320027e-12,1.017344710223261e-12,0.82054384597355123,2.2571866945552639e-12,549.28641362396934,450.71358637603066,1.882024485110757,0.84715696243327099,253971268.07968396,814.72147163633826,33.29006479417491,true
4,219,1000,54.75,1.9569511809100055,1.2398419843320027e-12,1.0259769534924588e-12,0.82750621971011151,2.2658189378244615e-12,547.19376011679196,452.80623988320804,1.8861197058628631,0.8478794606041069,254187867.58221936,817.19062511213667,33.149541524124203,true
4,220,1000,55,1.9569511809100055,1.2398419843320027e-12,1.0346358570888071e-12,0.83449009645067329,2.2744778414208096e-12,545.11060154250799,454.88939845749206,1.8901963454948312,0.84859341651386622,254401906.17930976,819.64649417549595,33.009751465191343,true
4,221,1000,55.25,1.9569511809100055,1.2398419843320027e-12,1.0433212561592623e-12,0.84149534323229014,2.2831632404912652e-12,543.03694205641978,456.96305794358022,1.8942543958749365,0.84929895334267647,254613420.79942828,822.08912080946334,32.870689224723023,true
4,222,1000,55.5,1.9569511809100055,1.2398419843320027e-12,1.0520329853463462e-12,0.84852182668516141,2.2918749696783489e-12,540.97278461311839,459.02721538688161,1.8982938512211893,0.84999619225979384,254822447.76820418,824.5185475592059,32.732349445557567,true
4,223,1000,55.75,1.9569511809100055,1.2398419843320027e-12,1.0607708787912927e-12,0.85556941303517053,2.3006128631232954e-12,538.91813099262697,461.08186900737303,1.902314708050171,0.85068525245783766,255029022.81868568,826.93481751517288,32.594726806040164,true
4,224,1000,56,1.9569511809100055,1.2398419843320027e-12,1.0695347701372064e-12,0.86263796810643278,2.3093767544692093e-12,536.8729818262027,463.12701817379724,1.9063169651265421,0.85136625118649023,255233181.10144332,829.33797429647143,32.457816020028346,true
4,225,1000,56.25,1.9569511809100055,1.2398419843320027e-12,1.0783244925322283e-12,0.86972735732384787,2.3181664768642312e-12,534.83733662179816,465.16266337820178,1.9103006234132154,0.85203930378566251,255434957.19451246,831.72806203445293,32.321611836887932,true
4,226,1000,56.5,1.9569511809100055,1.2398419843320027e-12,1.0871398786327146e-12,0.8768374457156648,2.3269818629647173e-12,532.81119378918061,467.18880621081934,1.9142656860221987,0.85270452371813465,255634385.11317888,834.10512535651844,32.186109041479817,true
4,227,1000,56.75,1.9569511809100055,1.2398419843320027e-12,1.0959807606064206e-12,0.88396809791604924,2.3358227449384233e-12,530.7945506647111,469.20544933528885,1.9182121581661034,0.85336202260167326,255831498.31960717,836.46920937013613,32.051302454138018,true
4,228,1000,57,1.9569511809100055,1.2398419843320027e-12,1.1048469701356979e-12,0.89111917816766228,2.3446889544677006e-12,528.787403535782,471.212596464218,1.9221400471103214,0.85401191024063283,256026329.73231468,838.82035964707836,31.91718693063909,true
4,229,1000,57.25,1.9569511809100055,1.2398419843320027e-12,1.1137383384206972e-12,0.89829055032424376,2.3535803227526997e-12,526.78974766491444,473.21025233508556,1.9260493621258674,0.85465429465704579,256218911.73549202,841.15862220787596,31.783757362163385,true
4,230,1000,57.5,1.9569511809100055,1.2398419843320027e-12,1.1226546961825826e-12,0.905482077853205,2.3624966805145851e-12,524.8015773135171,475.19842268648296,1.9299401144428847,0.85528928212120614,256409276.18817183,843.48404350649048,31.651008675248516,true
4,231,1000,57.75,1.9569511809100055,1.2398419843320027e-12,1.1315958736667555e-12,0.91269362383822839,2.3714378579987584e-12,522.82288576530436,477.17711423469564,1.9338123172048163,0.85591697718175308,256597454.43324766,845.79667041520599,31.518935831735014,true
4,232,1000,58,1.9569511809100055,1.2398419843320027e-12,1.1405617006460853e-12,0.91992505098187394,2.3804036849780878e-12,520.85366534937771,479.14633465062229,1.9376659854232359,0.85653748269526142,256783477.3063449,848.09655020973946,31.387533828704761,true
4,233,1000,58.25,1.9569511809100055,1.2398419843320027e-12,1.1495520064241492e-12,0.9271762216081918,2.3893939907561517e-12,518.89390746297136,481.10609253702859,1.9415011359333365,0.85715089985534032,256967375.14454433,850.38373055457146,31.256797698412395,true
4,234,1000,58.5,1.9569511809100055,1.2398419843320027e-12,1.1585666198384853e-12,0.93444699766534634,2.398408604170488e-12,516.94360259385985,483.05639740614021,1.9453177873500791,0.85775732822125228,257149177.79496199,852.6582594884959,31.126722508209816,true
4,235,1000,58.75,1.9569511809100055,1.2398419843320027e-12,1.1676053692638481e-12,0.94173724072824172,2.4074473535958505e-12,515.00274034243353,484.99725965756653,1.9491159600249914,0.85835686574605319,257328914.62318528,854.92018541038863,30.99730336046423,true
4,236,1000,59,1.9569511809100055,1.2398419843320027e-12,1.1766680826154783e-12,0.94904681200115915,2.416510066947481e-12,513.07130944344158,486.92869055655842,1.9528956760036196,0.85894960880426197,257506614.52156815,857.16955706519707,30.868535392469937,true
4,237,1000,59.25,1.9569511809100055,1.2398419843320027e-12,1.1857545873523762e-12,0.95637557232039738,2.4255965716843791e-12,511.14929778740321,488.85070221259679,1.9566569589836269,0.85953565221906458,257682305.91738653,859.40642353014596,30.740413776354053,true
4,238,1000,59.5,1.9569511809100055,1.2398419843320027e-12,1.1948647104805901e-12,0.96372338215692444,2.4347066948125928e-12,509.23669244168951,490.76330755831049,1.960399834273536,0.86011508928906055,257856016.78085694,861.63083420116448,30.6129337189764,true
4,239,1000,59.75,1.9569511809100055,1.2398419843320027e-12,1.2039982785565078e-12,0.97109010161903286,2.4438402628885107e-12,507.33347967127963,492.66652032872037,1.9641243287521126,0.86068801181455434,258027774.63301829,863.84283877952964,30.486090461823952,true
4,240,1000,60,1.9569511809100055,1.2398419843320027e-12,1.2131551176901583e-12,0.97847559045500254,2.452997102022161e-12,505.43964495918988,494.56035504081012,1.9678304708283849,0.86125451012340182,258197606.55348051,866.04248725872674,30.359879280899825,true
4,241,1000,60.25,1.9569511809100055,1.2398419843320027e-12,1.2223350535485246e-12,0.98587970805577263,2.4621770378805271e-12,503.55517302658058,496.44482697341942,1.9715182904022965,0.86181467309641491,258365539.1880407,868.22982991152799,30.234295486607248,true
4,242,1000,60.5,1.9569511809100055,1.2398419843320027e-12,1.2315379113588601e-12,0.99330231345761644,2.471379895690863e-12,501.6800478525422,498.3199521474578,1.975187818825985,0.86236858819233231,258531598.75616908,870.4049172772842,30.10933442362861,true
4,243,1000,60.75,1.9569511809100055,1.2398419843320027e-12,1.2407635159120175e-12,1.0007432653448265,2.4806055002440204e-12,499.81425269356134,500.18574730643866,1.9788390888656888,0.86291634147236052,258695811.0583663,872.56780014943354,29.984991470799788,true
4,244,1000,61,1.9569511809100055,1.2398419843320027e-12,1.2500116915657848e-12,1.0082024220524048,2.4898536758977875e-12,497.95777010267176,502.04222989732824,1.9824721346642691,0.86345801762429431,258858201.4833945,874.718529563223,29.861262040980051,true
4,245,1000,61.25,1.9569511809100055,1.2398419843320027e-12,1.2592822622482289e-12,1.0156796415687601,2.4991242465802314e-12,496.11058194829087,503.88941805170913,1.9860869917043478,0.86399369998621911,259018795.01538318,876.85715678364238,29.738141580917617,true
4,246,1000,61.5,1.9569511809100055,1.2398419843320027e-12,1.2685750514610465e-12,1.0231747815384107,2.5084170357930492e-12,494.27266943274452,505.72733056725548,1.9896836967720555,0.86452347056980405,259177616.24081221,878.98373329356889,29.615625571111206,true
4,247,1000,61.75,1.9569511809100055,1.2398419843320027e-12,1.2778898822829263e-12,1.0306876992646954,2.517731866614929e-12,492.4440131104829,507.5559868895171,1.9932622879213837,0.86504741008319108,259334689.35537383,881.09831078212414,29.493709525667498,true
4,248,1000,62,1.9569511809100055,1.2398419843320027e-12,1.2872265773729168e-12,1.0382182517124905,2.5270685617049195e-12,490.62459290599037,509.37540709400963,1.996822804439137,0.86556559795348476,259490038.17071497,883.20094113323671,29.372388992155102,true
4,249,1000,62.25,1.9569511809100055,1.2398419843320027e-12,1.2965849589738023e-12,1.0457662955109326,2.5364269433058048e-12,488.81438813139147,511.18561186860853,2.0003652868104771,0.86607811234885201,259643686.12106249,885.29167641441495,29.251659551454757,true
4,250,1000,62.5,1.9569511809100055,1.2398419843320027e-12,1.305964848915487e-12,1.0533316869561484,2.5458068332474897e-12,487.0133775037566,512.9866224962434,2.0038897766850585,0.86658503020023325,259795656.26973215,887.37056886572327,29.131516817606322,true
4,251,1000,62.75,1.9569511809100055,1.2398419843320027e-12,1.3153660686183864e-12,1.0609142820139894,2.5552080529503893e-12,485.2215391621088,514.7784608378912,2.0073963168437463,0.86708642722267582,259945971.3155241,889.43767088896391,29.01195643765238,true
4,252,1000,63,1.9569511809100055,1.2398419843320027e-12,1.3247884390968293e-12,1.0685139363227756,2.5646304234288322e-12,483.43885068413567,516.56114931586433,2.0108849511659104,0.86758237793629112,260094653.59900567,891.49303503706199,28.89297409147888,true
4,253,1000,63.25,1.9569511809100055,1.2398419843320027e-12,1.3342317809624641e-12,1.0761305051960444,2.5740737652944668e-12,481.66528910260979,518.33471089739021,2.0143557245972943,0.86807295568684439,260241725.10868415,893.53671400364988,28.774565491652918,true
4,254,1000,63.5,1.9569511809100055,1.2398419843320027e-12,1.3436959144276742e-12,1.0837638436253032,2.5835378987596767e-12,479.90083092151838,520.09916907848162,2.0178086831184472,0.86855823266598231,260387207.48707074,895.56876061285243,28.656726383257599,true
4,255,1000,63.75,1.9569511809100055,1.2398419843320027e-12,1.3531806593089998e-12,1.0914138062827912,2.5930226436410023e-12,478.14545213190797,521.85454786809203,2.0212438737137197,0.86903827993110194,260531122.03663713,897.58922780926878,28.539452543724469,true
4,256,1000,64,1.9569511809100055,1.2398419843320027e-12,1.3626858350305712e-12,1.0990802475242472,2.6025278193625741e-12,476.39912822744475,523.60087177255525,2.0246613443408101,0.86951316742487128,260673489.72566769,899.59816864815025,28.422739782663367,true
4,257,1000,64.25,1.9569511809100055,1.2398419843320027e-12,1.3722112606275434e-12,1.1067630213916801,2.6120532449595461e-12,474.66183421969436,525.33816578030564,2.0280611439008656,0.86998296399440189,260814331.19400725,901.59563628577359,28.306583941689937,true
4,258,1000,64.5,1.9569511809100055,1.2398419843320027e-12,1.3817567547495438e-12,1.1144619816161503,2.6215987390815464e-12,472.93354465312655,527.06645534687345,2.0314433222091148,0.87044773741008408,260953666.75870767,903.58168397000281,28.190980894251052,true
4,259,1000,64.75,1.9569511809100055,1.2398419843320027e-12,1.3913221356641243e-12,1.1221769816205536,2.631164119996127e-12,471.21423361984262,528.78576638015738,2.0348079299660515,0.87090755438408518,261091516.41957358,905.55636503104552,28.075926545448056,true
4,260,1000,65,1.9569511809100055,1.2398419843320027e-12,1.4009072212602201e-12,1.1299078745224098,2.6407492055922228e-12,469.50387477403478,530.49612522596522,2.0381550187291348,0.87136248058852184,261227899.86461025,907.519732872394,27.961416831858127,true
4,261,1000,65.25,1.9569511809100055,1.2398419843320027e-12,1.4105118290516181e-12,1.1376545131366627,2.6503538133836208e-12,467.80244134617499,532.19755865382501,2.0414846408850247,0.87181258067330725,261362836.47537407,909.47184096195406,27.847447721353753,true
4,262,1000,65.5,1.9569511809100055,1.2398419843320027e-12,1.4201357761804308e-12,1.1454167499784791,2.6599777605124337e-12,466.10990615694197,533.89009384305803,2.0447968496223261,0.87225791828368093,261496345.33222786,911.41274282335883,27.734015212920614,true
4,263,1000,65.75,1.9569511809100055,1.2398419843320027e-12,1.4297788794205775e-12,1.1531944372660587,2.6696208637525802e-12,464.42624163088306,535.57375836911694,2.0480916989048534,0.8726985560774273,261628445.21950278,913.34249202746275,27.621115336473661,true
4,264,1000,66,1.9569511809100055,1.2398419843320027e-12,1.4394409551812725e-12,1.160987426923447,2.6792829395132752e-12,462.75141980982244,537.24858019017756,2.0513692434453921,0.87313455574178445,261759154.63056758,915.2611421840171,27.508744152672058,true
4,265,1000,66.25,1.9569511809100055,1.2398419843320027e-12,1.4491218195105207e-12,1.1687955705833537,2.6889638038425234e-12,461.08541236600922,538.91458763399078,2.0546295386799667,0.87356597801005331,261888491.77280784,917.16874693352406,27.396897752732333,true
4,266,1000,66.5,1.9569511809100055,1.2398419843320027e-12,1.4588212880986206e-12,1.1766187195899798,2.6986632724306235e-12,459.42819061501734,540.57180938498266,2.0578726407426,0.87399288267790809,262016474.5725157,919.06535993926525,27.285572258240567,true
4,267,1000,66.75,1.9569511809100055,1.2398419843320027e-12,1.4685391762816714e-12,1.1844567250018438,2.7083811606136741e-12,457.77972552839469,542.22027447160531,2.0610986064405554,0.87441532861941684,262143120.67969272,920.95103487950564,27.174763820963268,true
4,268,1000,67,1.9569511809100055,1.2398419843320027e-12,1.4782752990450904e-12,1.1923094375946222,2.7181172833770933e-12,456.13998774606796,543.86001225393204,2.0643074932300625,0.87483337380277293,262268447.4727661,922.82582543986803,27.064468622657206,true
4,269,1000,67.25,1.9569511809100055,1.2398419843320027e-12,1.4880294710271341e-12,1.2001767078639856,2.7278714553591366e-12,454.50894758850416,545.49105241149584,2.0674993591925186,0.87524707530574652,262392472.06322086,924.68978530587765,26.954682874878255,true
4,270,1000,67.5,1.9569511809100055,1.2398419843320027e-12,1.4978015065224284e-12,1.2080583860284486,2.7376434908544311e-12,452.8865750686341,547.1134249313659,2.0706742630111541,0.87565648933085816,262515211.30014876,926.54296815567477,26.845402818789367,true
4,271,1000,67.75,1.9569511809100055,1.2398419843320027e-12,1.5075912194855037e-12,1.2159543220322209,2.7474332038175063e-12,451.27283990353828,548.72716009646172,2.0738322639481646,0.87606167122028089,262636681.77471587,928.38542765289196,26.736624724967598,true
4,272,1000,68,1.9569511809100055,1.2398419843320027e-12,1.517398423534337e-12,1.2238643655480623,2.7572404078663397e-12,449.6677115259024,550.3322884740976,2.0769734218222911,0.8764626754704733,262756899.8245495,930.21721743969442,26.628344893210631,true
4,273,1000,68.25,1.9569511809100055,1.2398419843320027e-12,1.5272229319538993e-12,1.2317883659801458,2.767064916285902e-12,448.07115909524191,551.92884090475809,2.0800977969868573,0.87685955574655261,262875881.53804705,932.03839112998105,26.520559652342524,true
4,274,1000,68.5,1.9569511809100055,1.2398419843320027e-12,1.5370645576997123e-12,1.2397261724669262,2.7769065420317152e-12,446.48315150890039,553.51684849109961,2.0832054503082418,0.87725236489640723,262993642.75860685,933.84900230274661,26.413265360018858,true
4,275,1000,68.75,1.9569511809100055,1.2398419843320027e-12,1.5469231134014084e-12,1.2476776338840097,2.7867650977334111e-12,444.90365741282483,555.09634258717517,2.0862964431447972,0.87764115496455675,263110199.08878338,935.64910449559636,26.306458402531465,true
4,276,1000,69,1.9569511809100055,1.2398419843320027e-12,1.5567984113662978e-12,1.2556425988470326,2.7966403956983005e-12,443.33264521212186,556.66735478787814,2.0893708373261872,0.87802597720576281,263225565.89436761,937.43875119841971,26.200135194612756,true
4,277,1000,69.25,1.9569511809100055,1.2398419843320027e-12,1.5666902635829424e-12,1.2636209157145439,2.8065322479149453e-12,441.77008308139614,558.22991691860386,2.0924286951331563,0.87840688209839568,263339758.30839425,939.21799584721214,26.094292179239613,true
4,278,1000,69.5,1.9569511809100055,1.2398419843320027e-12,1.5765984817247341e-12,1.27161243259089,2.8164404660567368e-12,440.2159389748756,559.7840610251244,2.0954700792777157,0.87878391935756006,263452791.23507673,940.98689181804968,25.988925827437111,true
4,279,1000,69.75,1.9569511809100055,1.2398419843320027e-12,1.5865228771534826e-12,1.2796169973291098,2.8263648614854853e-12,438.67018063632611,561.32981936367389,2.0984950528837416,0.87915713794798434,263564679.35367131,942.74549242121122,25.884032638081916,true
4,280,1000,70,1.9569511809100055,1.2398419843320027e-12,1.5964632609230037e-12,1.2876344575338283,2.8363052452550066e-12,437.13277560875895,562.86722439124105,2.1015036794679762,0.87952658609667955,263675437.12227219,944.49385089544512,25.779609137705613,true
4,281,1000,70.25,1.9569511809100055,1.2398419843320027e-12,1.6064194437827207e-12,1.2956646605641615,2.8462614281147232e-12,435.60369124393333,564.39630875606667,2.1044960229214329,0.87989231130537016,263785078.7815381,946.2320204023805,25.675651880297917,true
4,282,1000,70.5,1.9569511809100055,1.2398419843320027e-12,1.6163912361812621e-12,1.3037074535366175,2.8562332205132646e-12,434.08289471165915,565.91710528834085,2.1074721474911904,0.88025436036270033,263893618.35835171,947.9600540210796,25.57215744710988,true
4,283,1000,70.75,1.9569511809100055,1.2398419843320027e-12,1.6263784482700752e-12,1.3117626833280123,2.8662204326020779e-12,432.57035300889993,567.42964699110007,2.1104321177625809,0.88061277935622162,264001069.66941333,949.67800474272997,25.469122446457046,true
4,284,1000,71,1.9569511809100055,1.2398419843320027e-12,1.6363808899070379e-12,1.3198301965783816,2.8762228742390404e-12,431.06603296868161,568.93396703131839,2.1133759986417529,0.88096761368416532,264107446.32477036,951.3859254654725,25.366543513522778,true
4,285,1000,71.25,1.9569511809100055,1.2398419843320027e-12,1.6463983706600796e-12,1.3279098396939024,2.8862403549920821e-12,429.56990126880953,570.43009873119047,2.1163038553386144,0.88131890806700308,264212761.73128289,953.08386898936578,25.264417310161697,true
4,286,1000,71.5,1.9569511809100055,1.2398419843320027e-12,1.6564306998108075e-12,1.336001458849817,2.89627268414281e-12,428.08192444039503,571.91807555960497,2.1192157533501468,0.88166670655879864,264317029.09602696,954.77188801148293,25.162740524703231,true
4,287,1000,71.75,1.9569511809100055,1.2398419843320027e-12,1.6664776863581348e-12,1.3441048999933594,2.9063196706901373e-12,426.60206887619779,573.39793112380221,2.1221117584440785,0.8820110525583571,264420261.42963707,956.45003512113817,25.061509871755515,true
4,288,1000,72,1.9569511809100055,1.2398419843320027e-12,1.6765391390219202e-12,1.3522200088466916,2.9163811233539231e-12,425.13030083878357,574.86969916121643,2.124991936642922,0.88235198882017307,264522471.5495882,958.1183627952438,24.960722092009473,true
4,289,1000,72.25,1.9569511809100055,1.2398419843320027e-12,1.6866148662466088e-12,1.3603466309098386,2.9264568505786115e-12,423.66658646850181,576.33341353149819,2.1278563542083599,0.88268955746518196,264623672.08341914,959.77692339379189,24.860373952043243,true
4,290,1000,72.5,1.9569511809100055,1.2398419843320027e-12,1.6967046762048779e-12,1.3684846114636309,2.9365466605368804e-12,422.21089179128717,577.78910820871283,2.1307050776259793,0.88302379999131952,264723875.47189805,961.42576915546204,24.760462244127023,true
4,291,1000,72.75,1.9569511809100055,1.2398419843320027e-12,1.7068083768012897e-12,1.3766337955726491,2.9466503611332924e-12,420.76318272628555,579.23681727371445,2.1335381735903489,0.88335475728388924,264823093.97213057,963.06495219335045,24.660983786028297,true
4,292,1000,73,1.9569511809100055,1.2398419843320027e-12,1.7169257756759492e-12,1.3847940280881743,2.9567677600079521e-12,419.32342509330817,580.67657490669183,2.1363557089904281,0.88368246962574715,264921339.66061309,964.69452449081962,24.561935420817417,true
4,293,1000,73.25,1.9569511809100055,1.2398419843320027e-12,1.7270566802081656e-12,1.3929651536511425,2.9668986645401681e-12,417.8915846201179,582.1084153798821,2.1391577508953121,0.88400697670730088,265018624.43623048,966.31453789746695,24.463314016673817,true
4,294,1000,73.5,1.9569511809100055,1.2398419843320027e-12,1.7372008975201204e-12,1.4011470166951017,2.9770428818521231e-12,416.46762694954975,583.53237305045025,2.1419443665402964,0.8843283176363308,265114960.02320036,967.92504412520861,24.365116466692701,true
4,295,1000,73.75,1.9569511809100055,1.2398419843320027e-12,1.7473582344805389e-12,1.4093394614491732,2.9872002188125414e-12,415.05151764646666,584.94848235353334,2.1447156233132629,0.88464653094763546,265210357.97396469,969.52609474447877,24.267339688692203,true
4,296,1000,74,1.9569511809100055,1.2398419843320027e-12,1.7575284977083658e-12,1.4175423319410176,2.9973704820403685e-12,413.64322220455654,586.35677779544346,2.1474715887413787,0.88496165461250442,265304829.67202973,971.11774118053961,24.169980625021267,true
4,297,1000,74.25,1.9569511809100055,1.2398419843320027e-12,1.7677114935764494e-12,1.4257554719998051,3.0075534779084519e-12,412.24270605297033,587.75729394702967,2.1502123304781087,0.88527372604801891,265398386.3347542,972.70003470990378,24.07303624236804,true
4,298,1000,74.5,1.9569511809100055,1.2398419843320027e-12,1.7779070282152278e-12,1.4339787252591882,3.0177490125472305e-12,410.8499345628062,589.1500654371938,2.1529379162905236,0.88558278212619046,265491039.01608911,974.27302645686393,23.976503531569005,true
4,299,1000,74.75,1.9569511809100055,1.2398419843320027e-12,1.7881149075164177e-12,1.4422119351602789,3.0279568918484204e-12,409.46487305344021,590.53512694655979,2.1556484140469103,0.88588885918293236,265582798.60926718,975.83676739012878,23.880379507418745,true
4,300,1000,75,1.9569511809100055,1.2398419843320027e-12,1.7983349371367111e-12,1.4504549449546276,3.0381769214687136e-12,408.08748679870791,591.91251320129209,2.1583438917046776,0.88619199302687235,265673675.84944493,977.39130831956311,23.78466120848044,true
4,301,1000,75.25,1.9569511809100055,1.2398419843320027e-12,1.808566922501476e-12,1.4587075977072101,3.0484089068334789e-12,406.71774103293876,593.28225896706124,2.1610244172985462,0.886492218948008,265763681.3162975,978.93669989303282,23.689345696897071,true
4,302,1000,75.5,1.9569511809100055,1.2398419843320027e-12,1.8188106688084604e-12,1.4669697362994143,3.0586526531404631e-12,405.35560095684559,594.64439904315441,2.1636900589290216,0.88678957172620676,265852825.43656683,980.47299259334739,23.594430058203454,true
4,303,1000,75.75,1.9569511809100055,1.2398419843320027e-12,1.8290659810315006e-12,1.4752412034320308,3.0689079653635035e-12,404.00103174327262,595.99896825672738,2.1663408847511478,0.88708408563955621,265941118.48656505,982.00023673530461,23.499911401138984,true
4,304,1000,76,1.9569511809100055,1.2398419843320027e-12,1.8393326639242349e-12,1.4835218416282487,3.0791746482562378e-12,402.65399854280292,597.34600145719708,2.1689769629635318,0.88737579447256254,266028570.59463233,983.51848246282907,23.405786857461226,true
4,305,1000,76.25,1.9569511809100055,1.2398419843320027e-12,1.8496105220238192e-12,1.4918114932366524,3.0894525063558221e-12,401.31446648923054,598.68553351076946,2.1715983617976371,0.88766473152420577,266115191.74355173,985.02777974620903,23.312053581760395,true
4,306,1000,76.5,1.9569511809100055,1.2398419843320027e-12,1.8598993596546512e-12,1.5001100004342252,3.0997413439866541e-12,399.98240070489601,600.01759929510399,2.1742051495073405,0.88795092961585032,266200991.77292076,986.52817837942462,23.218708751274548,true
4,307,1000,76.75,1.9569511809100055,1.2398419843320027e-12,1.8701989809320935e-12,1.5084172052293521,3.110040965264096e-12,398.65776630589119,601.34223369410881,2.1767973943587471,0.88823442109901507,266285980.38148078,988.01972797756878,23.125749565705807,true
4,308,1000,77,1.9569511809100055,1.2398419843320027e-12,1.8805091897662038e-12,1.5167329494648283,3.1203511740982063e-12,397.34052840713412,602.65947159286588,2.179375164620259,0.88851523786300535,266370167.12940505,989.50247797435759,23.033173247037404,true
4,309,1000,77.25,1.9569511809100055,1.2398419843320027e-12,1.8908297898654666e-12,1.5250570748208696,3.130671774197469e-12,396.03065212731519,603.96934787268481,2.1819385285528963,0.88879341134240941,266453561.44054601,990.97647761972883,22.940977039351594,true
4,310,1000,77.5,1.9569511809100055,1.2398419843320027e-12,1.9011605847405338e-12,1.5333894228181293,3.1410025690725363e-12,394.72810259372011,605.27189740627989,2.1844875544008593,0.8890689725244616,266536172.60464281,992.44177597752764,22.8491582086486,true
4,311,1000,77.75,1.9569511809100055,1.2398419843320027e-12,1.911501377707962e-12,1.5417298348207118,3.1513433620399645e-12,393.43284494692875,606.56715505307125,2.1870223103823303,0.8893419519562763,266618009.77948999,993.89842192327649,22.757714042666411,true
4,312,1000,78,1.9569511809100055,1.2398419843320027e-12,1.9218519718939597e-12,1.5500781520391953,3.1616939562259622e-12,392.14484434539384,607.85515565460616,2.1895428646805168,0.88961237975195173,266699081.99306703,995.34646414202791,22.666641850701577,true
4,313,1000,78.25,1.9569511809100055,1.2398419843320027e-12,1.9322121702381332e-12,1.5584342155336537,3.1720541545701361e-12,390.86406596990184,609.13593403009816,2.1920492854349201,0.88988028559954979,266779398.14563105,996.78595112630001,22.575938963431021,true
4,314,1000,78.5,1.9569511809100055,1.2398419843320027e-12,1.9425817754972396e-12,1.5667978662166826,3.1824237598292425e-12,389.59047502791657,610.40952497208343,2.194541640732834,0.8901456987679518,266858967.01177183,998.21693117408938,22.485602732734744,true
4,315,1000,78.75,1.9569511809100055,1.2398419843320027e-12,1.952960590248943e-12,1.5751689448564299,3.1928025745809455e-12,388.32403675781029,611.67596324218971,2.1970199986010686,0.89040864811359255,266937797.24243098,999.63945238696579,22.395630531519615,true
4,316,1000,79,1.9569511809100055,1.2398419843320027e-12,1.9633484168955703e-12,1.5835472920796239,3.2031904012275732e-12,387.06471643298278,612.93528356701722,2.1994844269978833,0.89066916208707747,267015897.36688536,1001.0535626682401,22.306019753544145,true
4,317,1000,79.25,1.9569511809100055,1.2398419843320027e-12,1.9737450576678776e-12,1.591932748374612,3.2135870419998805e-12,385.81247936586897,614.18752063413103,2.2019349938051511,0.89092726873968031,267093275.79469532,1002.4593097212086,22.21676781324425,true
4,318,1000,79.5,1.9569511809100055,1.2398419843320027e-12,1.984150314628809e-12,1.6003251540943921,3.2239922989608119e-12,384.56729091184263,615.43270908815737,2.2043717668207137,0.89118299572972937,267169940.81761906,1003.8567410474722,22.127872145560151,true
4,319,1000,79.75,1.9569511809100055,1.2398419843320027e-12,1.9945639896772717e-12,1.6087243494596573,3.2344059740092746e-12,383.32911647301069,616.67088352698931,2.2067948137509585,0.89143637032887935,267245900.61149302,1005.2459039453249,22.03933020576418,true
4,320,1000,80,1.9569511809100055,1.2398419843320027e-12,2.004985884551904e-12,1.6171301745618356,3.2448278688839065e-12,382.09792150190674,617.90207849809326,2.2092042022035905,0.89168741942827323,267321163.23807898,1006.6268455082159,21.951139469289735,true
4,321,1000,80.25,1.9569511809100055,1.2398419843320027e-12,2.0154158008348501e-12,1.6255424693661331,3.255257785166853e-12,380.8736715050826,619.1263284949174,2.2115999996806046,0.89193616954459709,267395736.64687949,1007.9996126232774,21.863297431561328,true
4,322,1000,80.5,1.9569511809100055,1.2398419843320027e-12,2.0258535399555389e-12,1.6339610737145835,3.2656955242875418e-12,379.65633204659889,620.34366795340111,2.2139822735714527,0.89218264682602766,267469628.67692074,1009.364251969923,21.775801607825521,true
4,323,1000,80.75,1.9569511809100055,1.2398419843320027e-12,2.0362989031944616e-12,1.6423858273290937,3.2761408875264644e-12,378.44586875142056,621.55413124857944,2.2163510911464002,0.89242687705807566,267542847.05850431,1010.7208100185102,21.688649532983227,true
4,324,1000,81,1.9569511809100055,1.2398419843320027e-12,2.0467516916869602e-12,1.6508165698145003,3.2865936760189627e-12,377.24224730871447,622.75775269128553,2.2187065195500724,0.89266888566932812,267615399.41492885,1012.0693330290682,21.601838761422794,true
4,325,1000,81.25,1.9569511809100055,1.2398419843320027e-12,2.0572117064270092e-12,1.6592531406616189,3.2970536907590117e-12,376.04543347505501,623.95456652494499,2.2210486257951816,0.89290869773708847,267687293.26418078,1013.4098670500899,21.515366866854414,true
4,326,1000,81.5,1.9569511809100055,1.2398419843320027e-12,2.0676787482710055e-12,1.6676953792503015,3.3075207326030084e-12,374.85539307753663,625.14460692246337,2.2233774767564363,0.89314633799291943,267758536.02059609,1014.742457917385,21.429231442145479,true
4,327,1000,81.75,1.9569511809100055,1.2398419843320027e-12,2.0781526179415599e-12,1.6761431248524941,3.3179946022735628e-12,373.67209201679714,626.32790798320286,2.2256931391646222,0.89338183082808942,267829134.9964931,1016.0671512529922,21.343430099157139,true
4,328,1000,82,1.9569511809100055,1.2398419843320027e-12,2.0886331160312921e-12,1.6845962166352979,3.3284751003632946e-12,372.49549626995167,627.50450373004833,2.2279956796008653,0.89361520029892327,267899097.40377656,1017.3839924641543,21.257960468581867,true
4,329,1000,82.25,1.9569511809100055,1.2398419843320027e-12,2.0991200430066254e-12,1.6930544936640304,3.3389620273386279e-12,371.32557189344197,628.67442810655803,2.2302851644910513,0.89384647013205942,267968430.35551369,1018.6930267423479,21.172820199782212,true
4,330,1000,82.5,1.9569511809100055,1.2398419843320027e-12,2.1096131992115868e-12,1.7015177949052886,3.3494551835435897e-12,370.16228502579918,629.83771497420082,2.2325616601004219,0.89407566372961766,268037140.86748353,1019.9942990623717,21.088006960630668,true
4,331,1000,82.75,1.9569511809100055,1.2398419843320027e-12,2.1201123848716087e-12,1.7099859592300182,3.3599543692036116e-12,369.0056018903241,630.9943981096759,2.2348252325283284,0.89430280417427477,268105235.8596985,1021.2878541814887,21.003518437350543,true
4,332,1000,83,1.9569511809100055,1.2398419843320027e-12,2.1306174000973292e-12,1.7184588254165751,3.3704593844293321e-12,367.85548879768692,632.14451120231308,2.2370759477031448,0.89452791423425437,268172722.1579003,1022.5737366386238,20.919352334358116,true
4,333,1000,83.25,1.9569511809100055,1.2398419843320027e-12,2.1411280448884009e-12,1.7269362321538011,3.3809700292204038e-12,366.71191214844646,633.28808785155354,2.2393138713773371,0.89475101636822851,268239606.49502945,1023.8519907536141,20.835506374105787,true
4,334,1000,83.5,1.9569511809100055,1.2398419843320027e-12,2.1516441191372987e-12,1.7354180180440923,3.3914861034693012e-12,365.57483843549096,634.42516156450904,2.2415390691226871,0.89497213273013576,268305895.51266965,1025.1226606265093,20.751978296926371,true
4,335,1000,83.75,1.9569511809100055,1.2398419843320027e-12,2.1621654226331273e-12,1.7439040216064714,3.4020074069651302e-12,364.44423424640445,635.55576575359555,2.2437516063256617,0.89519128517391522,268371595.762467,1026.3857901369258,20.668765860878594,true
4,336,1000,84,1.9569511809100055,1.2398419843320027e-12,2.1726917550654343e-12,1.752394081279663,3.4125337393974372e-12,363.32006626575549,636.67993373424451,2.245951548182934,0.89540849525815946,268436713.70752496,1027.6414229434458,20.585866841593589,true
4,337,1000,84.25,1.9569511809100055,1.2398419843320027e-12,2.1832229160280228e-12,1.7608880354251686,3.4230649003600253e-12,362.20230127731452,637.79769872268548,2.2481389596970436,0.89562378425068667,268501255.72377503,1028.889602483069,20.503279032122606,true
4,338,1000,84.5,1.9569511809100055,1.2398419843320027e-12,2.1937587050227685e-12,1.7693857223303446,3.433600689354771e-12,361.09090616619972,638.90909383380028,2.250313905672197,0.89583717313303513,268565228.10132414,1030.130371970708,20.421000242785851,true
4,339,1000,84.75,1.9569511809100055,1.2398419843320027e-12,2.2042989214634369e-12,1.7778869802114829,3.4441409057954398e-12,359.98584792095085,640.01415207904915,2.2524764507102111,0.89604868260487858,268628637.04577839,1031.3637743987313,20.33902830102237,true
4,340,1000,85,1.9569511809100055,1.2398419843320027e-12,2.2148433646795004e-12,1.7863916472168873,3.4546853490115033e-12,358.88709363553517,641.11290636446483,2.2546266592065853,0.89625833308836822,268691488.67954463,1032.5898525365503,20.257361051241102,true
4,341,1000,85.25,1.9569511809100055,1.2398419843320027e-12,2.2253918339199586e-12,1.7948995614299565,3.4652338182519611e-12,357.79461051128771,642.20538948871229,2.2567645953467057,0.89646614473239783,268753789.0431093,1033.8086489302507,20.175996354673135,true
4,342,1000,85.5,1.9569511809100055,1.2398419843320027e-12,2.2359441283571624e-12,1.8034105608722677,3.4757861126891649e-12,356.70836585878271,643.29163414121729,2.2588903231021824,0.89667213741679808,268815544.09629565,1035.0202059022656,20.094932089224926,true
4,343,1000,85.75,1.9569511809100055,1.2398419843320027e-12,2.246500047090638e-12,1.8119244835066612,3.4863420314226405e-12,355.62832709964243,644.37167290035757,2.2610039062273106,0.89687633075645734,268876759.71949935,1036.2245655510924,20.014166149332752,true
4,344,1000,86,1.9569511809100055,1.2398419843320027e-12,2.2570593891509076e-12,1.8204411672403218,3.4969013734829101e-12,354.55446176828286,645.44553823171714,2.2631054082556528,0.89707874410537303,268937441.71490282,1037.4217697510464,19.933696445818263,true
4,345,1000,86.25,1.9569511809100055,1.2398419843320027e-12,2.2676219535033194e-12,1.8289604499278673,3.5074639378353219e-12,353.48673751359718,646.51326248640282,2.2651948924967464,0.89727939656063327,268997595.80766898,1038.6118601520589,19.85352090574516,true
4,346,1000,86.5,1.9569511809100055,1.2398419843320027e-12,2.2781875390518738e-12,1.8374821693744361,3.5180295233838767e-12,352.42512210057862,647.57487789942138,2.2672724220329252,0.89747830696633224,269057227.64711529,1039.7948781795089,19.773637472276921,true
4,347,1000,86.75,1.9569511809100055,1.2398419843320027e-12,2.2887559446430521e-12,1.8460061633387734,3.5285979289750549e-12,351.36958341188438,648.63041658811562,2.2693380597162616,0.89767549391741619,269116342.80786628,1040.970865034097,19.694044104535696,true
4,348,1000,87,1.9569511809100055,1.2398419843320027e-12,2.2993269690696457e-12,1.8545322695363218,3.5391689534016486e-12,350.32008944934296,649.67991055065704,2.2713918681656153,0.89787097576346697,269174946.79098821,1042.1398616917527,19.614738777462343,true
4,349,1000,87.25,1.9569511809100055,1.2398419843320027e-12,2.309900411074588e-12,1.8630603256423093,3.5497423954065909e-12,349.27660833540301,650.72339166459699,2.2734339097637974,0.89806477061242018,269233045.02510363,1043.3019089035793,19.535719481677493,true
4,350,1000,87.5,1.9569511809100055,1.2398419843320027e-12,2.3204760693547835e-12,1.8715901692948402,3.5603180536867864e-12,348.23910831452827,651.76089168547173,2.2754642466548423,0.89825689633421912,269290642.86748672,1044.457047195832,19.456984223343788,true
4,351,1000,87.75,1.9569511809100055,1.2398419843320027e-12,2.3310537425649432e-12,1.8801216380979866,3.5708957268969461e-12,347.20755775453756,652.79244224546244,2.2774829407413844,0.89844737056440915,269347745.60514104,1045.6053168699325,19.378531024029147,true
4,352,1000,88,1.9569511809100055,1.2398419843320027e-12,2.3416332293214171e-12,1.8886545696248811,3.5814752136534196e-12,346.18192514789314,653.81807485210686,2.279490053682137,0.89863621070766997,269404358.45585829,1046.7467580025136,19.300357920571223,true
4,353,1000,88.25,1.9569511809100055,1.2398419843320027e-12,2.3522143282060275e-12,1.8971888014208071,3.5920563125380299e-12,345.16217911293563,654.83782088706437,2.2814856468894753,0.89882343394128861,269460486.56925952,1047.8814104454984,19.222462964942832,true
4,354,1000,88.5,1.9569511809100055,1.2398419843320027e-12,2.362796837769903e-12,1.9057241710062929,3.6026388221019055e-12,344.14828839507015,655.85171160492985,2.2834697815271161,0.89900905721857383,269516135.02781892,1049.0093138262096,19.144844224118618,true
4,355,1000,88.75,1.9569511809100055,1.2398419843320027e-12,2.3733805565373163e-12,1.9142605158802048,3.6132225408693188e-12,343.14022186790191,656.85977813209809,2.2854425185078937,0.89919309727221364,269571308.84786999,1050.1305075475088,19.067499779942654,true
4,356,1000,89,1.9569511809100055,1.2398419843320027e-12,2.3839652830095185e-12,1.9227976735228418,3.623807267341521e-12,342.13794853432398,657.86205146567602,2.2874039184916333,0.89937557061757523,269626012.98059547,1051.2450307879685,18.990427728997229,true
4,357,1000,89.25,1.9569511809100055,1.2398419843320027e-12,2.3945508156685749e-12,1.9313354813990282,3.6343928000005774e-12,341.14143752755774,658.85856247244226,2.2893540418831146,0.89955649355595035,269680252.31299955,1052.3529225020677,18.913626182472662,true
4,358,1000,89.5,1.9569511809100055,1.2398419843320027e-12,2.4051369529812028e-12,1.9398737769612096,3.6449789373132053e-12,340.15065811214743,659.84934188785257,2.2912929488301232,0.89973588217774736,269734031.66886526,1053.4542214204209,18.837093266038213,true
4,359,1000,89.75,1.9569511809100055,1.2398419843320027e-12,2.4157234934026063e-12,1.9484123976525449,3.6555654777346092e-12,339.16557968490974,660.83442031509026,2.2932206992215951,0.89991375236562754,269787355.80969477,1054.5489660500311,18.760827119714055,true
4,360,1000,90,1.9569511809100055,1.2398419843320027e-12,2.4263102353803167e-12,1.9569511809100051,3.6661522197123196e-12,338.18617177583872,661.81382822416128,2.2951373526858441,0.90009011979759046,269840229.43563414,1055.6371946745705,18.684825897744254,true
4,361,1000,90.25,1.9569511809100055,1.2398419843320027e-12,2.4368969773580271e-12,1.9654899641674652,3.67673896169003e-12,337.21240404896832,662.78759595103168,2.2970429685888751,0.90026499995000819,269892657.18638283,1056.7189453546869,18.609087768470918,true
4,362,1000,90.5,1.9569511809100055,1.2398419843320027e-12,2.4474835177794318e-12,1.9740285848588017,3.6873255021114347e-12,336.24424630319322,663.75575369680678,2.2989376060327769,0.90043840810060782,269944643.64208835,1057.7942559283351,18.533610914209291,true
4,363,1000,90.75,1.9569511809100055,1.2398419843320027e-12,2.4580696550920589e-12,1.9825668804209822,3.6979116394240618e-12,335.28166847304783,664.71833152695217,2.3008213238541977,0.90061035933140599,269996193.32422543,1058.8631640111325,18.45839353112396,true
4,364,1000,91,1.9569511809100055,1.2398419843320027e-12,2.4686551877511153e-12,1.9911046882971686,3.7084971720831182e-12,334.3246406294453,665.6753593705547,2.3026941806228995,0.90078086853159267,270047310.69646102,1059.9257069967384,18.383433829106039,true
4,365,1000,91.25,1.9569511809100055,1.2398419843320027e-12,2.4792399142233171e-12,1.9996418459398053,3.7190818985553196e-12,333.37313298037884,666.62686701962116,2.3045562346403852,0.90094995040036874,270098000.16550463,1060.9819220572565,18.308730031651493,true
4,366,1000,91.5,1.9569511809100055,1.2398419843320027e-12,2.4898236329907312e-12,2.0081781908137177,3.7296656173227337e-12,332.42711587158271,667.57288412841729,2.3064075439386045,0.90111761944973634,270148266.08194506,1062.0318461436598,18.234280375740362,true
4,367,1000,91.75,1.9569511809100055,1.2398419843320027e-12,2.5004061425546067e-12,2.0167135603992037,3.7402481268866092e-12,331.48655978715772,668.51344021284228,2.308248166278732,0.90128389000724185,270198112.74107265,1063.0755159862363,18.160083111717128,true
4,368,1000,92,1.9569511809100055,1.2398419843320027e-12,2.5109872414392166e-12,2.0252477921951293,3.7508292257712195e-12,330.55143535015918,669.44856464984082,2.3100781591500139,0.9014487762186757,270247544.38368875,1064.1129680950562,18.08613650317201,true
4,369,1000,92.25,1.9569511809100055,1.2398419843320027e-12,2.5215667281956902e-12,2.0337807237220233,3.7614087125276931e-12,329.62171332315029,670.37828667684971,2.3118975797686874,0.90161229205072535,270296565.19690078,1065.14423876046,18.012438826823331,true
4,370,1000,92.5,1.9569511809100055,1.2398419843320027e-12,2.5321444014058503e-12,2.0423121925251704,3.7719863857378528e-12,328.69736460871991,671.30263539128009,2.3137064850769642,0.90177445129358724,270345179.31490582,1066.169364053565,17.93898837240085,true
4,371,1000,92.75,1.9569511809100055,1.2398419843320027e-12,2.5427200596860466e-12,2.0508420361777016,3.7825620440180491e-12,327.77836024996782,672.22163975003218,2.3155049317420859,0.90193526756353248,270393390.81975907,1067.1883798267925,17.865783442530159,true
4,372,1000,93,1.9569511809100055,1.2398419843320027e-12,2.5532935016909877e-12,2.0593700922836882,3.7931354860229906e-12,326.86467143095558,673.13532856904442,2.3172929761554362,0.90209475430543418,270441203.74213219,1068.2013217144117,17.792822352617993,true
4,373,1000,93.25,1.9569511809100055,1.2398419843320027e-12,2.5638645261175817e-12,2.067896198481237,3.8037065104495842e-12,325.95626947712572,674.04373052287428,2.3190706744317247,0.90225292479525032,270488622.06205726,1069.2082251331028,17.720103430738561,true
4,374,1000,93.5,1.9569511809100055,1.2398419843320027e-12,2.5744329317087599e-12,2.0764201924455743,3.8142749160407624e-12,325.05312585569072,674.94687414430928,2.3208380824082226,0.90240979214246753,270535649.7096594,1070.2091252825383,17.647625017520912,true
4,375,1000,93.75,1.9569511809100055,1.2398419843320027e-12,2.5849985172573144e-12,2.0849419118921433,3.8248405015893173e-12,324.15521217598939,675.84478782401061,2.3225952556440697,0.90256536929250464,270582290.56587768,1071.204057145977,17.575385466037194,true
4,376,1000,94,1.9569511809100055,1.2398419843320027e-12,2.595561081609727e-12,2.0934611945796893,3.8354030659417298e-12,323.26250018981432,676.73749981018568,2.3243422494196277,0.90271966902907719,270628548.46317351,1072.1930554908811,17.503383141691902,true
4,377,1000,94.25,1.9569511809100055,1.2398419843320027e-12,2.6061204236699962e-12,2.1019778783133494,3.8459624080019987e-12,322.37496179171126,677.62503820828874,2.3260791187358985,0.90287270397652297,270674427.18622822,1073.1761548695415,17.431616422112171,true
4,378,1000,94.5,1.9569511809100055,1.2398419843320027e-12,2.616676342403471e-12,2.1104918009477425,3.8565183267354734e-12,321.49256901924889,678.50743098075111,2.3278059183139952,0.90302448660209023,270719930.47262871,1074.1533896197232,17.360083697038931,true
4,379,1000,94.75,1.9569511809100055,1.2398419843320027e-12,2.6272286368406756e-12,2.1190028003900543,3.8670706211726781e-12,320.61529405326041,679.38470594673959,2.329522702594669,0.90317502921818826,270765062.01354247,1075.1247938653244,17.288783368219022,true
4,380,1000,95,1.9569511809100055,1.2398419843320027e-12,2.6377771060811338e-12,2.1275107146031238,3.8776190904131367e-12,319.74310921806023,680.25689078193977,2.3312295257378857,0.90332434398460215,270809825.45438141,1076.0904015170488,17.217713849298303,true
4,381,1000,95.25,1.9569511809100055,1.2398419843320027e-12,2.6483215492971968e-12,2.1360153816085274,3.8881635336291993e-12,318.87598698163242,681.12401301836758,2.3329264416224564,0.90347244291067141,270854224.39545488,1077.0502462730922,17.146873565715676,true
4,382,1000,95.5,1.9569511809100055,1.2398419843320027e-12,2.6588617657378653e-12,2.144516639489666,3.8987037500698682e-12,318.0138999557953,681.9861000442047,2.3346135038457154,0.90361933785743287,270898262.39261228,1078.0043616198423,17.076260954598038,true
4,383,1000,95.75,1.9569511809100055,1.2398419843320027e-12,2.6693975547326114e-12,2.1530143263948425,3.9092395390646139e-12,317.15682089633901,682.84317910366099,2.3362907657232519,0.9037650405397295,270941942.95787513,1078.9527808325893,17.00587446465612,true
4,384,1000,96,1.9569511809100055,1.2398419843320027e-12,2.6799287156952003e-12,2.1615082805403483,3.9197707000272028e-12,316.30472270314135,683.69527729685865,2.3379582802886816,0.9039095625282858,270985269.56005949,1079.8955369762541,16.935712556081359,true
4,385,1000,96.25,1.9569511809100055,1.2398419843320027e-12,2.6904550481275068e-12,2.1699983402135392,3.9302970324595097e-12,315.45757842025796,684.54242157974204,2.3396161002934708,0.90405291525174869,271028245.62538743,1080.8326629061212,16.865773700443533,true
4,386,1000,96.5,1.9569511809100055,1.2398419843320027e-12,2.7009763516233351e-12,2.178484343775918,3.940818335955338e-12,314.61536123599035,685.38463876400965,2.3412642782068063,0.9041951099986959,271070874.53808939,1081.7641912685883,16.796056380589395,true
4,387,1000,96.75,1.9569511809100055,1.2398419843320027e-12,2.7114924258722329e-12,2.1869661296662093,3.9513344102042353e-12,313.77804448293159,686.22195551706841,2.3429028662155003,0.90433615791961341,271113159.64099705,1082.6901545019239,16.726559090542203,true
4,388,1000,97,1.9569511809100055,1.2398419843320027e-12,2.722003070663305e-12,2.1954435364034355,3.9618450549953079e-12,312.94560163799019,687.05439836200981,2.3445319162239482,0.90447607002883934,271155104.23612589,1083.6105848370366,16.657280335402103,true
4,389,1000,97.25,1.9569511809100055,1.2398419843320027e-12,2.7325080858890259e-12,2.2039164025899929,3.9723500702210284e-12,312.11800632239238,687.88199367760762,2.3461514798541234,0.90461485720647761,271196711.58524895,1084.5255142982567,16.588218631247408,true
4,390,1000,97.5,1.9569511809100055,1.2398419843320027e-12,2.743007271549047e-12,2.212384566914722,3.9828492558810495e-12,311.29523230166433,688.70476769833567,2.3477616084456088,0.90475253020028223,271237984.91046184,1085.4349747041194,16.519372505036806,true
4,391,1000,97.75,1.9569511809100055,1.2398419843320027e-12,2.7535004277540088e-12,2.2208478681559805,3.9933424120860113e-12,310.47725348559413,689.52274651440587,2.3493623530556773,0.90488909962750852,271278927.39473766,1086.3389976681697,16.450740494512349,true
4,392,1000,98,1.9569511809100055,1.2398419843320027e-12,2.763987354729342e-12,2.2293061451847129,4.0038293390613445e-12,309.66404392817367,690.33595607182633,2.3509537644593985,0.90502457597673935,271319542.18247443,1087.2376145997644,16.382321148103372,true
4,393,1000,98.25,1.9569511809100055,1.2398419843320027e-12,2.7744678528190743e-12,2.2377592369675168,4.0143098371510772e-12,308.85557782752232,691.14442217247768,2.3525358931497937,0.90515896960967734,271359832.38003248,1088.1308567048895,16.314113024831254,true
4,394,1000,98.5,1.9569511809100055,1.2398419843320027e-12,2.7849417224896286e-12,2.2462069825697095,4.0247837068216315e-12,308.05182952579207,691.94817047420793,2.354108789338019,0.90529229076291273,271399801.05626428,1089.0187549869838,16.246114694215041,true
4,395,1000,98.75,1.9569511809100055,1.2398419843320027e-12,2.7954087643336249e-12,2.2546492211583917,4.0352507486656274e-12,307.25277350905446,692.74722649094554,2.355672502953587,0.90542454954966101,271439451.24303567,1089.9013402477713,16.178324736177892,true
4,396,1000,99,1.9569511809100055,1.2398419843320027e-12,2.8058687790736732e-12,2.2630857920055099,4.0457107634056757e-12,306.45838440717012,693.54161559282988,2.3572270836446219,0.90555575596147386,271478785.93573838,1090.7786430880974,16.110741740954385,true
4,397,1000,99.25,1.9569511809100055,1.2398419843320027e-12,2.8163215675661722e-12,2.2715165344909165,4.0561635518981747e-12,305.66863699364148,694.33136300635852,2.358772580778147,0.90568591986992342,271517808.09379536,1091.6506939087776,16.043364308998619,true
4,398,1000,99.5,1.9569511809100055,1.2398419843320027e-12,2.8267669308050961e-12,2.279941288105428,4.066608915137099e-12,304.88350618544882,695.11649381455118,2.3603090434404086,0.90581505102825832,271556520.64115697,1092.5175229114486,15.976191050893201,true
4,399,1000,99.75,1.9569511809100055,1.2398419843320027e-12,2.8372046699257841e-12,2.2883598924538777,4.077046654257787e-12,304.10296704287089,695.89703295712911,2.3618365204372229,0.90594315907303624,271594926.46679056,1093.379160099428,15.909220587258984,true
4,400,1000,100,1.9569511809100055,1.2398419843320027e-12,2.8476345862087297e-12,2.296772187258175,4.0874765705407326e-12,303.32699476928963,696.67300523071037,2.3633550602943609,0.90607025352572879,271633028.42516142,1094.2356352785794,15.842451548665679,true
4,401,1000,100.25,1.9569511809100055,1.2398419843320027e-12,2.8580564810833617e-12,2.3051780123603529,4.0978984654153646e-12,302.55556471097975,697.44443528902025,2.3648647112579599,0.90619634379430192,271670829.33670682,1095.0869780581834,15.775882575543227,true
4,402,1000,100.5,1.9569511809100055,1.2398419843320027e-12,2.8684701561318251e-12,2.3135772077256189,4.108312140463828e-12,301.78865235688374,698.21134764311626,2.3663655212949628,0.90632143917477159,271708331.98830229,1095.9332178518141,15.709512318093966,true
4,403,1000,100.75,1.9569511809100055,1.2398419843320027e-12,2.8788754130927566e-12,2.3219696134453991,4.1187173974247595e-12,301.02623333837323,698.97376666162677,2.3678575380935851,0.90644554885273543,271745539.13372064,1096.7743838782203,15.643339436205649,true
4,404,1000,101,1.9569511809100055,1.2398419843320027e-12,2.8892720538650634e-12,2.3303550697403868,4.1291140381970659e-12,300.26828342899591,699.73171657100409,2.3693408090638117,0.90656868190487949,271782453.49408394,1097.610505162213,15.577362599365173,true
4,405,1000,101.25,1.9569511809100055,1.2398419843320027e-12,2.8996598805116911e-12,2.3387334169635809,4.1395018648436936e-12,299.51477854420978,700.48522145579022,2.3708153813379154,0.9066908473004629,271819077.75830841,1098.4416105355556,15.511580486573154,true
4,406,1000,101.5,1.9569511809100055,1.2398419843320027e-12,2.9100386952633942e-12,2.347104495603328,4.1498806795953967e-12,298.76569474110374,701.23430525889626,2.3722813017710047,0.90681205390277764,271855414.58354223,1099.26772863786,15.445991786259201,true
4,407,1000,101.75,1.9569511809100055,1.2398419843320027e-12,2.9204083005225014e-12,2.3554681462863574,4.1602502848545039e-12,298.0210082181062,701.9789917818938,2.3737386169415924,0.90693231047058831,271891466.59559679,1100.0888879174852,15.380595196198014,true
4,408,1000,102,1.9569511809100055,1.2398419843320027e-12,2.9307684988666745e-12,2.3638242097808155,4.170610483198677e-12,297.28069531468145,702.71930468531855,2.3751873731521922,0.90705162565954667,271927236.3893714,1100.9051166324414,15.315389423426234,true
4,409,1000,102.25,1.9569511809100055,1.2398419843320027e-12,2.9411190930526718e-12,2.3721725269992988,4.1809610773846747e-12,296.5447325110149,703.4552674889851,2.3766276164299334,0.90717000802358516,271962726.52927029,1101.7164428512972,15.250373184160017,true
4,410,1000,102.5,1.9569511809100055,1.2398419843320027e-12,2.9514598860201003e-12,2.3805129390018815,4.1913018703521028e-12,295.81309642768485,704.18690357231515,2.3780593925272022,0.90728746601629096,271997939.54961532,1102.5228944540884,15.185545203713371,true
4,411,1000,102.75,1.9569511809100055,1.2398419843320027e-12,2.961790680895168e-12,2.3888452869991417,4.2016326652271709e-12,295.08576382532669,704.91423617467331,2.3794827469223012,0.90740400799225562,272032877.95504993,1103.3244991332317,15.120904216417266,true
4,412,1000,103,1.9569511809100055,1.2398419843320027e-12,2.9721112809944308e-12,2.3971694123551828,4.2119532653264336e-12,294.36271160428294,705.63728839571706,2.3808977248201328,0.90751964220840575,272067544.2209385,1104.1212843944415,15.056448965539387,true
4,413,1000,103.25,1.9569511809100055,1.2398419843320027e-12,2.9824214898285403e-12,2.4054851565906583,4.2222634741605432e-12,293.64391680424546,706.35608319575454,2.3823043711528982,0.907634376825314,272101940.79375911,1104.9132775576475,14.992178203204723,true
4,414,1000,103.5,1.9569511809100055,1.2398419843320027e-12,2.9927211111059826e-12,2.4137923613857852,4.2325630954379851e-12,292.92935660388639,707.07064339611361,2.383702730580822,0.90774821990848709,272136070.09148985,1105.7005057579145,14.9280906903168,true
4,415,1000,103.75,1.9569511809100055,1.2398419843320027e-12,3.0030099487368141e-12,2.4220908685833575,4.242851933068817e-12,292.21900832048038,707.78099167951962,2.3850928474928907,0.9078611794296364,272169934.50398976,1106.4829959463682,14.864185196479665,true
4,416,1000,104,1.9569511809100055,1.2398419843320027e-12,3.0132878068363997e-12,2.4303805201917625,4.2531297911684022e-12,291.51284940951643,708.48715059048357,2.3864747660076118,0.90797326326792926,272203536.39337361,1107.2607748911171,14.800460499920547,true
4,417,1000,104.25,1.9569511809100055,1.2398419843320027e-12,3.0235544897291336e-12,2.4386611583879803,4.2633964740611364e-12,290.81085746430256,709.18914253569744,2.3878485299737875,0.90808447921121949,272236878.09438139,1108.0338691781806,14.736915387413291,true
4,418,1000,104.5,1.9569511809100055,1.2398419843320027e-12,3.033809801952174e-12,2.446932625520597,4.2736517862841765e-12,290.11301021555892,709.88698978444108,2.3892141829713109,0.90819483495726006,272269961.91474134,1108.8023052124165,14.673548654202344,true
4,419,1000,104.75,1.9569511809100055,1.2398419843320027e-12,3.0440535482591578e-12,2.4551947641128002,4.2838955325911603e-12,289.41928553100615,710.58071446899385,2.3905717683119727,0.90830433811489752,272302790.13552821,1109.5661092184503,14.610359103927641,true
4,420,1000,105,1.9569511809100055,1.2398419843320027e-12,3.0542855336239231e-12,2.4634474168653835,4.2941275179559256e-12,288.72966141494271,711.27033858505729,2.3919213290402874,0.90841299620524762,272335365.01151586,1110.325307241606,14.547345548549954,true
4,421,1000,105.25,1.9569511809100055,1.2398419843320027e-12,3.0645055632442163e-12,2.4716904266597317,4.3043475475762192e-12,288.044116007816,711.955883992184,2.3932629079343313,0.908520816662854,272367688.77152437,1111.0799251488361,14.484506808277079,true
4,422,1000,105.5,1.9569511809100055,1.2398419843320027e-12,3.0747134425454062e-12,2.4799236365608222,4.3145554268774087e-12,287.3626275857855,712.6373724142145,2.3945965475066004,0.90862780683682765,272399763.61876178,1111.8299886296554,14.421841711490618,true
4,423,1000,105.75,1.9569511809100055,1.2398419843320027e-12,3.0849089771841844e-12,2.4881468898202055,4.3247509615161873e-12,286.68517456027905,713.31482543972095,2.3959222900048767,0.9087339739919712,272431591.73116112,1112.5755231970713,14.359349094673446,true
4,424,1000,106,1.9569511809100055,1.2398419843320027e-12,3.0950919730522686e-12,2.4963600298789932,4.3349339573842715e-12,286.01173547754161,713.98826452245839,2.3972401774131105,0.90883932530988465,272463175.26171196,1113.3165541885185,14.297027802337832,true
4,425,1000,106.25,1.9569511809100055,1.2398419843320027e-12,3.1052622362800953e-12,2.5045629003708378,4.3451042206120978e-12,285.34228901817801,714.65771098182199,2.3985502514523178,0.90894386789005466,272494516.33878678,1114.0531067667914,14.234876686954207,true
4,426,1000,106.5,1.9569511809100055,1.2398419843320027e-12,3.1154195732405136e-12,2.5127553451249089,4.355261557572516e-12,284.67681399668936,715.32318600331064,2.3998525535814865,0.90904760875092805,272525617.06646305,1114.7852059209763,14.172894608880634,true
4,427,1000,106.75,1.9569511809100055,1.2398419843320027e-12,3.1255637905524681e-12,2.5209372081688679,4.365405774884471e-12,284.01528936100215,715.98471063899785,2.4011471249984955,0.90915055483096929,272556479.52484006,1115.5128764673864,14.111080436292808,true
4,428,1000,107,1.9569511809100055,1.2398419843320027e-12,3.135694695084685e-12,2.5291083337318363,4.3755366794166879e-12,283.35769419199312,716.64230580800688,2.4024340066410481,0.90925271298970023,272587105.77035075,1116.2361430504914,14.049433045114798,true
4,429,1000,107.25,1.9569511809100055,1.2398419843320027e-12,3.1458120939593451e-12,2.5372685662473624,4.3856540782913475e-12,282.70400770300728,717.29599229699272,2.4037132391876144,0.90935409000872691,272617497.83606946,1116.9550301438521,13.987951318950369,true
4,430,1000,107.5,1.9569511809100055,1.2398419843320027e-12,3.1559157945557567e-12,2.5454177503563802,4.3957577788877596e-12,282.0542092393714,717.9457907606286,2.4049848630583801,0.90945469259274891,272647657.7320146,1117.6695620510511,13.92663414901495,true
4,431,1000,107.75,1.9569511809100055,1.2398419843320027e-12,3.1660056045140252e-12,2.5535557309101722,4.4058475888460281e-12,281.4082782779011,718.5917217220989,2.4062489184162157,0.90955452737055464,272677587.44544685,1118.3797629066237,13.865480434068177,true
4,432,1000,108,1.9569511809100055,1.2398419843320027e-12,3.176081331738714e-12,2.5616823529733193,4.4159233160707169e-12,280.76619442640424,719.23380557359576,2.4075054451676454,0.90965360089600156,272707288.9411633,1119.0856566769876,13.804489080347093,true
4,433,1000,108.25,1.9569511809100055,1.2398419843320027e-12,3.1861427844024994e-12,2.5697974618266515,4.4259847687345019e-12,280.12793742317911,719.87206257682089,2.4087544829638312,0.90975191964898117,272736764.16178656,1119.7872671613716,13.743659001499946,true
4,434,1000,108.5,1.9569511809100055,1.2398419843320027e-12,3.1961897709498267e-12,2.5779009029701938,4.4360317552818292e-12,279.49348713650795,720.50651286349205,2.4099960712015607,0.90984949003637106,272766015.02805018,1120.4846179927447,13.682989118520585,true
4,435,1000,108.75,1.9569511809100055,1.2398419843320027e-12,3.2062221001005542e-12,2.5859925221261082,4.4460640844325571e-12,278.86282356414608,721.13717643585392,2.4112302490242516,0.90994631839297124,272795043.43907946,1121.1777326387401,13.622478359683415,true
4,436,1000,109,1.9569511809100055,1.2398419843320027e-12,3.2162395808535963e-12,2.594072165241629,4.4560815651855988e-12,278.23592683280742,721.76407316719258,2.4124570553229532,0.91004241098242766,272823851.27266818,1121.866634402583,13.562125660479017,true
4,437,1000,109.25,1.9569511809100055,1.2398419843320027e-12,3.2262420224905591e-12,2.6021396784919988,4.466084006822562e-12,277.61277719764621,722.38722280235379,2.4136765287373656,0.91013777399814166,272852440.38555139,1122.5513464240123,13.501929963550301,true
4,438,1000,109.5,1.9569511809100055,1.2398419843320027e-12,3.2362292345793725e-12,2.6101949082833937,4.4760712189113754e-12,276.99335504173337,723.00664495826663,2.414888707656861,0.9102324135641654,272880812.61367369,1123.231891680203,13.441890218629199,true
4,439,1000,109.75,1.9569511809100055,1.2398419843320027e-12,3.2462010269779135e-12,2.6182377012558491,4.486043011309916e-12,276.37764087553205,723.62235912446795,2.4160936302215115,0.91032633573608557,272908969.77245432,1123.908292986687,13.382005382474055,true
4,440,1000,110,1.9569511809100055,1.2398419843320027e-12,3.2561572098376301e-12,2.6262679042861818,4.4959991941696326e-12,275.76561533636777,724.23438466363223,2.4172913343231262,0.9104195465018925,272936913.65704763,1124.5805729982699,13.322274418807456,true
4,441,1000,110.25,1.9569511809100055,1.2398419843320027e-12,3.2660975936071518e-12,2.6342853644909012,4.5059395779391547e-12,275.1572591878961,724.8427408121039,2.4184818576062916,0.91051205178283712,272964646.04260004,1125.2487542099489,13.262696298254696,true
4,442,1000,110.5,1.9569511809100055,1.2398419843320027e-12,3.2760219890358995e-12,2.6422899292291202,4.5158639733679019e-12,274.55255331956698,725.44744668043302,2.4196652374694216,0.91060385743427563,272992168.68450308,1125.9128589578261,13.203269998282751,true
4,443,1000,110.75,1.9569511809100055,1.2398419843320027e-12,3.2859302071776922e-12,2.6502814461054673,4.5257721915096947e-12,273.95147874608756,726.04852125391244,2.4208415110658072,0.91069496924650151,273019483.31864309,1126.5729094200203,13.143994503139877,true
4,444,1000,111,1.9569511809100055,1.2398419843320027e-12,3.2958220593943362e-12,2.6582597629729778,4.5356640437263391e-12,273.35401660688103,726.64598339311897,2.4220107153046762,0.91078539294556482,273046591.66164672,1127.2289276175779,13.084868803795702,true
4,445,1000,111.25,1.9569511809100055,1.2398419843320027e-12,3.3056973573592256e-12,2.666224727936001,4.5455393416912285e-12,272.76014816554266,727.23985183445734,2.4231728868522588,0.91087513419408028,273073495.41112316,1127.8809354153793,13.025891897881813,true
4,446,1000,111.5,1.9569511809100055,1.2398419843320027e-12,3.3155559130609215e-12,2.6741761893530844,4.555397897392924e-12,272.16985480929566,727.83014519070434,2.42432806213285,0.91096419859202338,273100196.24590284,1128.5289545230439,12.967062789633017,true
4,447,1000,111.75,1.9569511809100055,1.2398419843320027e-12,3.3253975388067347e-12,2.6821139958398645,4.5652395231387372e-12,271.58311804844232,728.41688195155768,2.425476277329885,0.91105259167751462,273126695.82627243,1129.1730064958329,12.908380489828978,true
4,448,1000,112,1.9569511809100055,1.2398419843320027e-12,3.3352220472262974e-12,2.6900379962719487,4.5750640315582999e-12,270.99991951581569,729.00008048418431,2.4266175683870137,0.91114031892759229,273152995.7942068,1129.8131127355493,12.849844015736526,true
4,449,1000,112.25,1.9569511809100055,1.2398419843320027e-12,3.3450292512751299e-12,2.6979480397877897,4.5848712356071328e-12,270.42024096622674,729.57975903377326,2.4277519710091799,0.91122738575897455,273179097.77359718,1130.4492944914332,12.79145239105234,true
4,450,1000,112.5,1.9569511809100055,1.2398419843320027e-12,3.3548189642382052e-12,2.7058439757915616,4.5946609485702081e-12,269.84406427591216,730.15593572408784,2.4288795206637039,0.91131379752880981,273205003.37047625,1131.0815728610587,12.733204645846277,true
4,451,1000,112.75,1.9569511809100055,1.2398419843320027e-12,3.3645909997334997e-12,2.7137256539560251,4.6044329840655026e-12,269.27137144197934,730.72862855802066,2.4300002525813671,0.91139955953541663,273230714.17323989,1131.709968791223,12.675099816505128,true
4,452,1000,113,1.9569511809100055,1.2398419843320027e-12,3.3743451717155442e-12,2.7215929242253889,4.6141871560475467e-12,268.70214458184978,731.29785541815022,2.4311142017575036,0.91148467701901226,273256231.75286579,1132.3345030788355,12.617136945676902,true
4,453,1000,113.25,1.9569511809100055,1.2398419843320027e-12,3.3840812944789622e-12,2.7294456368181663,4.6239232788109647e-12,268.13636593270337,731.86363406729663,2.4322214029530844,0.91156915516243253,273281557.66312903,1132.9551963718043,12.559315082215685,true
4,454,1000,113.5,1.9569511809100055,1.2398419843320027e-12,3.3937991826620135e-12,2.7372836422300311,4.6336411669940164e-12,267.57401785091736,732.42598214908264,2.4333218906958178,0.9116529990918385,273306693.44081402,1133.5720691699157,12.501633281126825,true
4,455,1000,113.75,1.9569511809100055,1.2398419843320027e-12,3.4034986512501129e-12,2.7451067912366565,4.6433406355821158e-12,267.01508281150893,732.98491718849107,2.4344156992812405,0.91173621387741488,273331640.60592389,1134.1851418257165,12.4440906035128,true
4,456,1000,114,1.9569511809100055,1.2398419843320027e-12,3.4131795155793619e-12,2.7529149348965638,4.6530214999113648e-12,266.45954340757305,733.54045659242695,2.4355028627738147,0.91181880453405895,273356400.66188705,1134.7944345453877,12.38668611651941,true
4,457,1000,114.25,1.9569511809100055,1.2398419843320027e-12,3.4228415913400568e-12,2.7607079245539521,4.6626835756720597e-12,265.90738234972275,734.09261765027725,2.4365834150080272,0.91190077602205688,273380975.09575987,1135.3999673896174,12.32941889328262,true
4,458,1000,114.5,1.9569511809100055,1.2398419843320027e-12,3.4324846945802034e-12,2.7684856118415317,4.6723266789122063e-12,265.35858246552618,734.64141753447382,2.4376573895894893,0.91198213324775323,273405365.37842745,1136.0017602744713,12.2722880128757,true
4,459,1000,114.75,1.9569511809100055,1.2398419843320027e-12,3.4421086417090166e-12,2.7762478486833486,4.6819506260410191e-12,264.81312669894442,735.18687330105558,2.4387248198960352,0.91206288106420974,273429572.96480107,1136.599832972257,12.21529256025697,true
4,460,1000,115,1.9569511809100055,1.2398419843320027e-12,3.4517132495004135e-12,2.7839944872976004,4.6915552338324164e-12,264.27099810976893,735.72900189023107,2.4397857390788271,0.91214302427185345,273453599.29401261,1137.194205112387,12.158431626217972,true
4,461,1000,115.25,1.9569511809100055,1.2398419843320027e-12,3.4612983350965097e-12,2.7917253801994573,4.7011403194285125e-12,263.73217987305736,736.26782012694264,2.4408401800634563,0.91222256761911835,273477445.78960669,1137.7848961822374,12.101704307332056,true
4,462,1000,115.5,1.9569511809100055,1.2398419843320027e-12,3.4708637160110894e-12,2.7994403802038597,4.7107057003430919e-12,263.19665527857148,736.80334472142852,2.4418881755510418,0.91230151580307539,273501113.85972983,1138.3719255280025,12.045109705903545,true
4,463,1000,115.75,1.9569511809100055,1.2398419843320027e-12,3.4804092101330906e-12,2.8071393404283307,4.7202511944650935e-12,262.6644077302127,737.3355922697873,2.4429297580193388,0.91237987347005456,273524604.89731663,1138.9553123555488,11.988646929917209,true
4,464,1000,116,1.9569511809100055,1.2398419843320027e-12,3.489934635730063e-12,2.8148221142957639,4.7297766200620659e-12,262.13542074545865,737.86457925454135,2.4439649597238393,0.91245764521625761,273547920.2802738,1139.5350757312594,11.932315092988308,true
4,465,1000,116.25,1.9569511809100055,1.2398419843320027e-12,3.4994398114516336e-12,2.8224885555372188,4.7392817957836361e-12,261.60967795479985,738.39032204520015,2.4449938126988737,0.91253483558836346,273571061.37166137,1140.1112345828806,11.876113314313018,true
4,466,1000,116.5,1.9569511809100055,1.2398419843320027e-12,3.50892455633296e-12,2.8301385181947074,4.7487665406649624e-12,261.08716310117643,738.91283689882357,2.4460163487587154,0.91261144908412295,273594029.51987106,1140.6838077003629,11.820040718619302,true
4,467,1000,116.75,1.9569511809100055,1.2398419843320027e-12,3.518388689798169e-12,2.8377718566239656,4.7582306741301715e-12,260.56786003941511,739.43213996058489,2.4470325994986792,0.91268749015294715,273616826.05880284,1141.2528137366946,11.764096436118267,true
4,468,1000,117,1.9569511809100055,1.2398419843320027e-12,3.5278320316638045e-12,2.845388425497235,4.7676740159958069e-12,260.05175273566624,739.94824726433376,2.4480425962962267,0.91276296319648564,273639452.308038,1141.8182712087385,11.708279602455871,true
4,469,1000,117.25,1.9569511809100055,1.2398419843320027e-12,3.5372544021422482e-12,2.8529880798060216,4.7770963864742506e-12,259.53882526684197,740.46117473315803,2.4490463703120637,0.91283787256919802,273661909.57301062,1142.3801984980578,11.652589358665137,true
4,470,1000,117.5,1.9569511809100055,1.2398419843320027e-12,3.5466556218451473e-12,2.8605706748638626,4.7864976061771502e-12,259.02906182005427,740.97093817994573,2.4500439524912396,0.91291222257891669,273684199.14517653,1142.938613851742,11.597024851118757,true
4,471,1000,117.75,1.9569511809100055,1.2398419843320027e-12,3.5560355117868315e-12,2.8681360663090776,4.7958774961188344e-12,258.52244669205402,741.47755330794598,2.4510353735642463,0.9129860174874016,273706322.3021791,1143.4935353832291,11.541585231482092,true
4,472,1000,118,1.9569511809100055,1.2398419843320027e-12,3.5653938933877176e-12,2.8756841101075206,4.80523587771972e-12,258.01896428867053,741.98103571132947,2.4520206640481153,0.91305926151088745,273728280.30801374,1144.0449810731204,11.486269656666652,true
4,473,1000,118.25,1.9569511809100055,1.2398419843320027e-12,3.5747305884777077e-12,2.8832146625553152,4.8145725728097102e-12,257.51859912425198,742.48140087574802,2.4529998542475102,0.9131319588206237,273750074.41318959,1144.5929687699961,11.431077288783918,true
4,474,1000,118.5,1.9569511809100055,1.2398419843320027e-12,3.5840454192995878e-12,2.8907275802816002,4.8238874036315903e-12,257.02133582110696,742.97866417889304,2.4539729742558229,0.91320411354340547,273771705.85488862,1145.1375161912224,11.376007295099631,true
4,475,1000,118.75,1.9569511809100055,1.2398419843320027e-12,3.5933382085124049e-12,2.8982227202512503,4.8331801928444078e-12,256.52715910894585,743.47284089105415,2.4549400539562649,0.91327572976209936,273793175.85712349,1145.6786409237566,11.32105884798843,true
4,476,1000,119,1.9569511809100055,1.2398419843320027e-12,3.6026087791948492e-12,2.9056999397676058,4.8424507635268521e-12,256.03605382432465,743.96394617567535,2.4559011230229557,0.91334681151615926,273814485.6308921,1146.2163604249488,11.266231124888924,true
4,477,1000,119.25,1.9569511809100055,1.2398419843320027e-12,3.6118569548486171e-12,2.9131590964751846,4.8516989391806196e-12,255.54800491008905,744.45199508991095,2.4568562109220107,0.91341736280213759,273835636.37433058,1146.750692023337,11.211523308259173,true
4,478,1000,119.5,1.9569511809100055,1.2398419843320027e-12,3.6210825594017736e-12,2.920600048362394,4.8609245437337761e-12,255.06299741481985,744.93700258518015,2.457805346912628,0.9134873875741869,273856629.27286416,1147.2816529194417,11.156934585532525,true
4,479,1000,119.75,1.9569511809100055,1.2398419843320027e-12,3.6302854172121095e-12,2.9280226537642382,4.870127401544112e-12,254.58101649227922,745.41898350772078,2.4587485600481704,0.91355688974455662,273877465.49935561,1147.8092601865524,11.102464149073857,true
4,480,1000,120,1.9569511809100055,1.2398419843320027e-12,3.6394653530704748e-12,2.9354267713650075,4.8793073374024773e-12,254.10204740085885,745.89795259914115,2.4596858791772447,0.91362587318408195,273898146.21425223,1148.333530771512,11.048111196136196,true
4,481,1000,120.25,1.9569511809100055,1.2398419843320027e-12,3.6486221922041268e-12,2.9428122602009781,4.8884641765361293e-12,253.62607550302857,746.37392449697143,2.4606173329447838,0.91369434172266539,273918672.5657298,1148.8544814954971,10.993874928817721,true
4,482,1000,120.5,1.9569511809100055,1.2398419843320027e-12,3.6577557602800443e-12,2.9501789796630864,4.8975977446120468e-12,253.15308626478759,746.84691373521241,2.4615429497931167,0.91376229914975327,273939045.68983585,1149.372129054793,10.939754554019169,true
4,483,1000,120.75,1.9569511809100055,1.2398419843320027e-12,3.6668658834082576e-12,2.9575267894996129,4.90670786774026e-12,252.68306525511582,747.31693474488418,2.4624627579630465,0.91382974921480342,273959266.71062946,1149.8864900215654,10.885749283401566,true
4,484,1000,121,1.9569511809100055,1.2398419843320027e-12,3.6759523881451561e-12,2.9648555498188518,4.9157943724771586e-12,252.21599814542753,747.78400185457247,2.4633767854949156,0.91389669562774856,273979336.74032056,1150.3975808446278,10.831858333344336,true
4,485,1000,121.25,1.9569511809100055,1.2398419843320027e-12,3.6850151014967853e-12,2.9721651210917686,4.9248570858287878e-12,251.75187070902666,748.24812929097334,2.4642850602296731,0.91396314205945217,273999256.87940633,1150.9054178502031,10.778080924903843,true
4,486,1000,121.5,1.9569511809100055,1.2398419843320027e-12,3.6940538509221487e-12,2.9794553641546644,4.9338958352541512e-12,251.29066882056236,748.70933117943764,2.465187609809941,0.91402909214215833,274019028.21680611,1151.4100172426827,10.724416283772161,true
4,487,1000,121.75,1.9569511809100055,1.2398419843320027e-12,3.703068464336485e-12,2.986726140211819,4.9429104486684875e-12,250.83237845548842,749.16762154451158,2.466084461681072,0.91409454946993485,274038651.82999438,1151.9113951053805,10.670863640236355,true
4,488,1000,122,1.9569511809100055,1.2398419843320027e-12,3.7120587701145481e-12,2.9939773108381362,4.9519007544465505e-12,250.37698568952305,749.62301431047695,2.4669756430922058,0.91415951759911129,274058128.78513181,1152.4095674012826,10.617422229138016,true
4,489,1000,122.25,1.9569511809100055,1.2398419843320027e-12,3.7210245970938783e-12,3.001208737981782,4.9608665814258808e-12,249.92447669810952,750.07552330189048,2.4678611810973248,0.91422400004871029,274077460.13719499,1152.9045499737924,10.564091289833152,true
4,490,1000,122.5,1.9569511809100055,1.2398419843320027e-12,3.7299657745780515e-12,3.0084202839668057,4.969807758910054e-12,249.47483775588069,750.52516224411931,2.4687411025563026,0.91428800030087298,274096646.93010348,1153.3963585474717,10.510870066152469,true
4,491,1000,122.75,1.9569511809100055,1.2398419843320027e-12,3.738882132339937e-12,3.0156118114957668,4.9787241166719395e-12,249.02805523612403,750.97194476387597,2.4696154341359504,0.91435152180127877,274115690.19684595,1153.8850087287769,10.457757806361986,true
4,492,1000,123,1.9569511809100055,1.2398419843320027e-12,3.7477735006249365e-12,3.0227831836523484,4.987615484956939e-12,248.58411561024877,751.41588438975123,2.4704842023110598,0.91441456795955978,274134590.95960444,1154.370516006793,10.404753763123946,true
4,493,1000,123.25,1.9569511809100055,1.2398419843320027e-12,3.756639710154213e-12,3.0299342639039613,4.9964816944862155e-12,248.14300544725495,751.85699455274505,2.4713474333654419,0.91447714214970899,274153350.22987664,1154.8528957539581,10.351857193458134,true
4,494,1000,123.5,1.9569511809100055,1.2398419843320027e-12,3.7654805921279198e-12,3.0370649161043461,5.0053225764599223e-12,247.70471141320445,752.29528858679555,2.472205153392963,0.91453924771048234,274171969.00859636,1155.3321632267898,10.299067358703446,true
4,495,1000,123.75,1.9569511809100055,1.2398419843320027e-12,3.7742959782284062e-12,3.0441750044961631,5.0141379625604087e-12,247.26922027069475,752.73077972930525,2.4730573882985731,0.91460088794579741,274190448.28625315,1155.8083335666031,10.246383524479896,true
4,496,1000,124,1.9569511809100055,1.2398419843320027e-12,3.7830857006234273e-12,3.0512643937135779,5.0229276849554298e-12,246.83651887833298,753.16348112166702,2.4739041637993369,0.91466206612512402,274208789.04300946,1156.2814218002241,10.193804960650828,true
4,497,1000,124.25,1.9569511809100055,1.2398419843320027e-12,3.7918495919693417e-12,3.0583329487848405,5.0316915763013442e-12,246.4065941902137,753.5934058097863,2.4747455054254544,0.91472278548387143,274226992.24881655,1156.7514428407007,10.141330941285524,true
4,498,1000,124.5,1.9569511809100055,1.2398419843320027e-12,3.8005874854142877e-12,3.0653805351348491,5.0404294697462902e-12,245.97943325539882,754.02056674460118,2.4755814385212789,0.91478304922377007,274245058.86352903,1157.2184114880106,10.088960744622161,true
4,499,1000,124.75,1.9569511809100055,1.2398419843320027e-12,3.8092992146013723e-12,3.0724070185877208,5.0491411989333748e-12,245.55502321739743,754.44497678260257,2.476411988246336,0.91484286051324681,274262989.83701742,1157.6823424297572,10.036693653030969,true
4,500,1000,125,1.9569511809100055,1.2398419843320027e-12,3.817984613671827e-12,3.0794122653693377,5.0578265980038295e-12,245.13335131365125,754.86664868634875,2.4772371795763286,0.91490222248779685,274280786.10927951,1158.1432502418725,9.984528952977854,true
4,501,1000,125.25,1.9569511809100055,1.2398419843320027e-12,3.8266435172681747e-12,3.0863961421098987,5.0664855016001772e-12,244.71440487501957,755.28559512498043,2.4780570373041471,0.91496113825034908,274298448.61054999,1158.601149389305,9.9324659349882083,true
4,502,1000,125.5,1.9569511809100055,1.2398419843320027e-12,3.8352757605373736e-12,3.09335851584646,5.0751177448693761e-12,244.29817132526716,755.70182867473284,2.478871586040869,0.9150196108716282,274315978.26140893,1159.0560542267099,9.8805038936110705,true
4,503,1000,125.75,1.9569511809100055,1.2398419843320027e-12,3.8438811791339517e-12,3.1002992540254581,5.0837231634659542e-12,243.88463818055527,756.11536181944473,2.4796808502167584,0.91507764339050957,274333375.97288829,1159.5079789991323,9.8286421273836275,true
4,504,1000,126,1.9569511809100055,1.2398419843320027e-12,3.8524596092231459e-12,3.1072182245052455,5.0923015935551484e-12,243.47379304893389,756.52620695106611,2.4804848540822562,0.91513523881437209,274350642.6465776,1159.9569378426861,9.7768799387959433,true
4,505,1000,126.25,1.9569511809100055,1.2398419843320027e-12,3.861010887484013e-12,3.114115295558598,5.1008528718160155e-12,243.06562362983652,756.93437637016348,2.48128362170897,0.91519240011944436,274367779.17472774,1160.4029447852276,9.7252166342560642,true
4,506,1000,126.5,1.9569511809100055,1.2398419843320027e-12,3.8695348511125401e-12,3.1209903358752231,5.1093768354445426e-12,242.66011771357819,757.33988228642181,2.482077176990658,0.91524913025114607,274384786.44035321,1160.8460137470283,9.6736515240553533,true
4,507,1000,126.75,1.9569511809100055,1.2398419843320027e-12,3.8780313378247469e-12,3.1278432145642636,5.1178733221567494e-12,242.25726318085469,757.74273681914531,2.482865543644206,0.91530543212442717,274401665.31733418,1161.2861585414378,9.6221839223341679,true
4,508,1000,127,1.9569511809100055,1.2398419843320027e-12,3.8865001858597745e-12,3.1346738011567887,5.126342170191777e-12,241.85704800224437,758.14295199775563,2.4836487452106057,0.91536130862409881,274418416.67051518,1161.7233928755472,9.5708131470477689,true
4,509,1000,127.25,1.9569511809100055,1.2398419843320027e-12,3.8949412339829624e-12,3.141481965608274,5.1347832183149649e-12,241.45946023771387,758.54053976228613,2.4844268050559188,0.91541676260516369,274435041.3558045,1162.1577303508457,9.5195385199326115,true
4,510,1000,127.5,1.9569511809100055,1.2398419843320027e-12,3.9033543214889244e-12,3.1482675783010841,5.1431963058209269e-12,241.06448803612329,758.93551196387671,2.4851997463722482,0.91547179689313851,274451540.22027075,1162.5891844638718,9.4683593664727734,true
4,511,1000,127.75,1.9569511809100055,1.2398419843320027e-12,3.9117392882045992e-12,3.1550305100469322,5.1515812725366017e-12,240.67211963473756,759.32788036526244,2.4859675921786919,0.91552641428437542,274467914.10223919,1163.0177686068628,9.4172750158668386,true
4,512,1000,128,1.9569511809100055,1.2398419843320027e-12,3.9200959744923081e-12,3.1617706320893482,5.1599379588243106e-12,240.28234335873685,759.71765664126315,2.4867303653223019,0.91558061754637599,274484163.83138597,1163.4434960683991,9.3662848009948991,true
4,513,1000,128.25,1.9569511809100055,1.2398419843320027e-12,3.9284242212527906e-12,3.1684878161061243,5.1682662055847931e-12,239.89514762073168,760.10485237926832,2.4874880884790347,0.9156344094181037,274500290.22883165,1163.8663800340405,9.3153880583859383,true
4,514,1000,128.5,1.9569511809100055,1.2398419843320027e-12,3.9367238699282314e-12,3.1751819342117571,5.1765658542602339e-12,239.51052092027987,760.48947907972013,2.4882407841546934,0.91568779261029054,274516294.10723323,1164.2864335869649,9.2645841281854491,true
4,515,1000,128.75,1.9569511809100055,1.2398419843320027e-12,3.9449947625052875e-12,3.1818528589598913,5.18483674683729e-12,239.12845184340597,760.87154815659403,2.488988474685871,0.91574076980574004,274532176.27087498,1164.7036697085962,9.2138723541232928,true
4,516,1000,129,1.9569511809100055,1.2398419843320027e-12,3.9532367415180811e-12,3.188500463345731,5.1930787258500836e-12,238.74892906212312,761.25107093787688,2.4897311822408845,0.91579334365962684,274547937.51575822,1165.1181012792313,9.1632520834818898,true
4,517,1000,129.25,1.9569511809100055,1.2398419843320027e-12,3.9614496500512158e-12,3.1951246208084738,5.2012916343832183e-12,238.37194133395792,761.62805866604208,2.490468928820706,0.91584551679979076,274563578.62968957,1165.529741078662,9.112722667064606,true
4,518,1000,129.5,1.9569511809100055,1.2398419843320027e-12,3.9696333317427517e-12,3.2017252052337102,5.2094753160747542e-12,237.99747750147731,762.00252249852269,2.4912017362598871,0.91589729182702917,274579100.39236838,1165.9386017867921,9.0622834591644423,true
4,519,1000,129.75,1.9569511809100055,1.2398419843320027e-12,3.9777876307871846e-12,3.2083020909558257,5.2176296151191871e-12,237.62552649181873,762.37447350818127,2.491929626227479,0.91594867131538371,274594503.57547295,1166.3446959842504,9.0119338175329844,true
4,520,1000,130,1.9569511809100055,1.2398419843320027e-12,3.9859123919384154e-12,3.2148551527603977,5.2257543762704179e-12,237.25607731622256,762.74392268377744,2.4926526202279482,0.91599965781242354,274609788.94274533,1166.7480361529992,8.9616731033495789,true
4,521,1000,130.25,1.9569511809100055,1.2398419843320027e-12,3.9940074605127042e-12,3.2213842658865759,5.2338494448447067e-12,236.8891190695665,763.1108809304335,2.4933707396020868,0.91605025383952565,274624957.25007534,1167.1486346769395,8.9115006811907715,true
4,522,1000,130.5,1.9569511809100055,1.2398419843320027e-12,4.0020726823916117e-12,3.2278893060294558,5.2419146667236142e-12,236.52464092990442,763.47535907009558,2.4940840055279141,0.916100461892151,274640009.2455833,1167.5465038425098,8.8614159190000414,true
4,523,1000,130.75,1.9569511809100055,1.2398419843320027e-12,4.0101079040249431e-12,3.2343701493424533,5.2499498883569456e-12,236.16263215800529,763.83736784199471,2.4947924390215821,0.91615028444011581,274654945.66970146,1167.9416558392829,8.8114181880576776,true
4,524,1000,131,1.9569511809100055,1.2398419843320027e-12,4.0181129724336574e-12,3.2408266724396504,5.2579549567656599e-12,235.80308209689758,764.19691790310242,2.4954960609382626,0.91619972392786198,274669767.25525516,1168.3341027605568,8.7615068629510464,true
4,525,1000,131.25,1.9569511809100055,1.2398419843320027e-12,4.0260877352127925e-12,3.2472587523981553,5.265929719544795e-12,235.44598017141391,764.55401982858609,2.4961948919730435,0.91624878277472133,274684474.72754174,1168.7238566039409,8.7116813215449547,true
4,526,1000,131.5,1.9569511809100055,1.2398419843320027e-12,4.0340320405343605e-12,3.2536662667604377,5.273874024866363e-12,235.09131588773948,764.90868411226052,2.4968889526618065,0.9162974633751777,274699068.8044095,1169.11092927194,8.6619409449523577,true
4,527,1000,131.75,1.9569511809100055,1.2398419843320027e-12,4.0419457371502388e-12,3.2600490935366597,5.2817877214822413e-12,234.7390788329642,765.2609211670358,2.4975782633821098,0.91634576809912516,274713550.19633472,1169.4953325725328,8.6122851175052837,true
4,528,1000,132,1.9569511809100055,1.2398419843320027e-12,4.0498286743950527e-12,3.266407111207001,5.2896706587270551e-12,234.38925867463502,765.61074132536498,2.4982628443540578,0.91639369929212355,274727919.6064986,1169.8770782197455,8.5627132267259185,true
4,529,1000,132.25,1.9569511809100055,1.2398419843320027e-12,4.0576807021890379e-12,3.2727401987239686,5.2975226865210404e-12,234.04184516031296,765.95815483968704,2.4989427156411743,0.91644125927564957,274742177.73086226,1170.2561778342215,8.5132246632980468,true
4,530,1000,132.5,1.9569511809100055,1.2398419843320027e-12,4.0655016710409074e-12,3.2790482355147077,5.3053436553729098e-12,233.69682811713255,766.30317188286745,2.4996178971512606,0.9164884503473445,274756325.25824136,1170.6326429437879,8.4638188210386218,true
4,531,1000,132.75,1.9569511809100055,1.2398419843320027e-12,4.0732914320506843e-12,3.2853311014832882,5.3131334163826868e-12,233.35419745136346,766.64580254863654,2.5002884086372532,0.91653527478126129,274770362.87037975,1171.0064849840173,8.4144950968696222,true
4,532,1000,133,1.9569511809100055,1.2398419843320027e-12,4.0810498369125476e-12,3.2915886770129985,5.3208918212445501e-12,233.01394314797506,766.98605685202494,2.5009542696980791,0.91658173482810379,274784291.24202144,1171.3777152987834,8.3652528907901011,true
4,533,1000,133.25,1.9569511809100055,1.2398419843320027e-12,4.0887767379176551e-12,3.2978208429686227,5.3286187222496576e-12,232.67605527020351,767.32394472979649,2.5016154997794988,0.91662783271546766,274798111.04098284,1171.7463451408166,8.3160916058484595,true
4,534,1000,133.5,1.9569511809100055,1.2398419843320027e-12,4.0964719879569472e-12,3.3040274806987027,5.3363139722889497e-12,232.34052395912272,767.65947604087728,2.5022721181749512,0.91667357064807453,274811822.92822289,1172.1123856722495,8.2670106481150061,true
4,535,1000,133.75,1.9569511809100055,1.2398419843320027e-12,4.1041354405239572e-12,3.3102084720378038,5.3439774248559596e-12,232.00733943321643,767.99266056678357,2.5029241440263843,0.91671895080800536,274825427.55791301,1172.4758479651659,8.2180094266546089,true
4,536,1000,134,1.9569511809100055,1.2398419843320027e-12,4.1117669497175944e-12,3.3163636993087602,5.3516089340495969e-12,231.67649198795357,768.32350801204643,2.5035715963250924,0.91676397535492926,274838925.57750565,1172.8367430021376,8.1690873534996822,true
4,537,1000,134.25,1.9569511809100055,1.2398419843320027e-12,4.1193663702449235e-12,3.3224930453249168,5.359208354576926e-12,231.34797199536763,768.65202800463237,2.5042144939125359,0.91680864642633031,274852317.62780249,1173.1950816767621,8.1202438436233475,true
4,538,1000,134.5,1.9569511809100055,1.2398419843320027e-12,4.1269335574239332e-12,3.3285963933923615,5.3667755417559357e-12,231.02176990363614,768.97823009636386,2.5048528554811655,0.91685296613773126,274865604.34302121,1173.550874794196,8.0714783149127491,true
4,539,1000,134.75,1.9569511809100055,1.2398419843320027e-12,4.1344683671862869e-12,3.3346736273121449,5.3743103515182894e-12,230.69787623666662,769.30212376333338,2.5054866995752305,0.91689693658291349,274878786.35086173,1173.9041330716816,8.0227901881427144,true
4,540,1000,135,1.9569511809100055,1.2398419843320027e-12,4.1419706560800674e-12,3.3407246313824923,5.3818126404120699e-12,230.37628159368091,769.62371840631909,2.5061160445915958,0.91694055983413558,274891864.27257156,1174.2548671390712,7.9741788869494625,true
4,541,1000,135.25,1.9569511809100055,1.2398419843320027e-12,4.1494402812725097e-12,3.3467492904010094,5.3892822656045122e-12,230.0569766488062,769.9430233511938,2.5067409087805386,0.91698383794234717,274904838.72300994,1174.6030875393478,7.9256438378046248,true
4,542,1000,135.5,1.9569511809100055,1.2398419843320027e-12,4.1568771005527161e-12,3.3527474896668727,5.3967190848847186e-12,229.73995215066611,770.26004784933389,2.5073613102465515,0.91702677293740209,274917710.31071168,1174.9488047291406,7.8771844699894489,true
4,543,1000,135.75,1.9569511809100055,1.2398419843320027e-12,4.1642809723343687e-12,3.3587191149830145,5.4041229566663712e-12,229.42519892197652,770.57480107802348,2.5079772669491307,0.91706936682826745,274930479.63794994,1175.292029079236,7.8288002155691849,true
4,544,1000,136,1.9569511809100055,1.2398419843320027e-12,4.1716517556584208e-12,3.3646640526582967,5.4114937399904233e-12,229.11270785914223,770.88729214085777,2.508588796703568,0.91711162160322945,274943147.30079806,1175.6327708750871,7.7804905093676693,true
4,545,1000,136.25,1.9569511809100055,1.2398419843320027e-12,4.1789893101957807e-12,3.3705821895096739,5.4188312945277832e-12,228.80246993185767,771.19753006814233,2.5091959171817306,0.91715353923009857,274955713.88919067,1175.9710403173149,7.7322547889421278,true
4,546,1000,136.5,1.9569511809100055,1.2398419843320027e-12,4.1862934962499904e-12,3.3764734128643541,5.4261354805819928e-12,228.49447618271051,771.50552381728949,2.509798645912837,0.91719512165640982,274968179.98698413,1176.3068475222112,7.6840924945581488,true
4,547,1000,136.75,1.9569511809100055,1.2398419843320027e-12,4.1935641747598734e-12,3.3823376105619345,5.4334061590918759e-12,228.1887177267871,771.8112822732129,2.5103970002842297,0.91723637080962217,274980546.17201608,1176.6402025222314,7.6360030691648895,true
4,548,1000,137,1.9569511809100055,1.2398419843320027e-12,4.2008012073021924e-12,3.3881746709565443,5.4406431916341949e-12,227.88518575128126,772.11481424871874,2.5109909975421401,0.91727728859731428,274992813.01616424,1176.9711152664875,7.5879859583704032,true
4,549,1000,137.25,1.9569511809100055,1.2398419843320027e-12,4.2080044560942806e-12,3.3939844829189689,5.4478464404262831e-12,227.5838715151059,772.4161284848941,2.5115806547924482,0.91731787690737798,275004981.08540428,1177.2995956212362,7.5400406104172397,true
4,550,1000,137.5,1.9569511809100055,1.2398419843320027e-12,4.2151737839966622e-12,3.3997669358387612,5.4550157683286647e-12,227.28476634850711,772.71523365149289,2.5121659890014398,0.91735813760820983,275017050.9398675,1177.6256533703622,7.4921664761581628,true
4,551,1000,137.75,1.9569511809100055,1.2398419843320027e-12,4.2223090545156705e-12,3.4055219196263544,5.462151038847673e-12,226.98786165268086,773.01213834731914,2.5127470169965549,0.91739807254889905,275029023.13389677,1177.9492982158579,7.4443630090320791,true
4,552,1000,138,1.9569511809100055,1.2398419843320027e-12,4.229410131806038e-12,3.4112493247151519,5.4692521161380405e-12,226.69314889939335,773.30685110060665,2.5133237554671304,0.91743768355941413,275040898.21610296,1178.2705397782986,7.3966296650401819,true
4,553,1000,138.25,1.9569511809100055,1.2398419843320027e-12,4.2364768806734904e-12,3.4169490420636168,5.4763188650054929e-12,226.40061963060271,773.59938036939729,2.5138962209651403,0.91747697245078674,275052676.72941965,1178.5893875973175,7.348965902722191,true
4,554,1000,138.5,1.9569511809100055,1.2398419843320027e-12,4.2435091665773161e-12,3.4226209631573474,5.4833511509093186e-12,226.11026545808511,773.88973454191489,2.5144644299059311,0.9175159410152921,275064359.21115744,1178.9058511320704,7.3013711831328845,true
4,555,1000,138.75,1.9569511809100055,1.2398419843320027e-12,4.2505068556329271e-12,3.4282649800111415,5.4903488399649296e-12,225.82207806306201,774.17792193693799,2.515028398568945,0.9175545910266294,275075946.19305795,1179.219939761701,7.2538449698187142,true
4,556,1000,139,1.9569511809100055,1.2398419843320027e-12,4.2574698146144113e-12,3.4338809851710534,5.4973117989464138e-12,225.53604919583131,774.46395080416869,2.5155881430984461,0.91759292424009731,275087438.20134658,1179.5316627858028,7.2063867287946248,true
4,557,1000,139.25,1.9569511809100055,1.2398419843320027e-12,4.2643979109570669e-12,3.4394688717164414,5.5042398952890694e-12,225.25217067540052,774.74782932459948,2.5161436795042382,0.9176309423927691,275098835.75678468,1179.8410294248738,7.158995928521076,true
4,558,1000,139.5,1.9569511809100055,1.2398419843320027e-12,4.2712910127599248e-12,3.4450285332619983,5.5111329970919273e-12,224.9704343891234,775.0295656108766,2.5166950236623737,0.91766864720366448,275110139.37472141,1180.1480488207701,7.1116720398812054,true
4,559,1000,139.75,1.9569511809100055,1.2398419843320027e-12,4.2781489887882653e-12,3.4505598639597852,5.5179909731202678e-12,224.6908322923382,775.3091677076618,2.5172421913158622,0.91770604037391978,275121349.56514466,1180.4527300371542,7.0644145361581394,true
4,560,1000,140,1.9569511809100055,1.2398419843320027e-12,4.2849717084761087e-12,3.4560627585012371,5.5248136928081112e-12,224.41335640801026,775.58664359198974,2.517785198075372,0.91774312358695531,275132466.83273113,1180.7550820599413,7.0172228930125513,true
4,561,1000,140.25,1.9569511809100055,1.2398419843320027e-12,4.2917590419287074e-12,3.4615371121191743,5.5316010262607099e-12,224.13799882637591,775.86200117362409,2.5183240594199239,0.9177798985086415,275143491.67689615,1181.0551137977398,6.9700965884602972,true
4,562,1000,140.5,1.9569511809100055,1.2398419843320027e-12,4.2985108599250151e-12,3.466982820589795,5.5383528442570176e-12,223.86475170458925,776.13524829541075,2.5188587906975846,0.9178163667874617,275154424.59184271,1181.3528340822888,6.9230351028502586,true
4,563,1000,140.75,1.9569511809100055,1.2398419843320027e-12,4.3052270339201511e-12,3.4723997802346602,5.5450690182521536e-12,223.5936072663726,776.4063927336274,2.51938940712615,0.91785253005467404,275165266.06660962,1181.648251668892,6.876037918842357,true
4,564,1000,141,1.9569511809100055,1.2398419843320027e-12,4.3119074360478429e-12,3.4777878879226662,5.5517494203798454e-12,223.32455780166924,776.67544219833076,2.5199159237938242,0.91788838992447019,275176016.58511937,1181.9413752368489,6.8291045213857027,true
4,565,1000,141.25,1.9569511809100055,1.2398419843320027e-12,4.3185519391228637e-12,3.4831470410720091,5.5583939234548661e-12,223.05759566629786,776.94240433370214,2.5204383556598975,0.91792394799413313,275186676.62622535,1182.2322133898795,6.7822343976969259,true
4,566,1000,141.5,1.9569511809100055,1.2398419843320027e-12,4.3251604166434539e-12,3.48847713765214,5.5650024009754564e-12,222.79271328161121,777.20728671838879,2.5209567175554124,0.91795920584419144,275197246.6637581,1182.5207746565482,6.7354270372386384,true
4,567,1000,141.75,1.9569511809100055,1.2398419843320027e-12,4.3317327427937258e-12,3.4937780761857007,5.5715747271257283e-12,222.52990313415637,777.47009686584363,2.5214710241838292,0.91799416503857378,275207727.16657168,1182.8070674906821,6.6886819316980697,true
4,568,1000,142,1.9569511809100055,1.2398419843320027e-12,4.3382687924460634e-12,3.499049755750463,5.5781107767780659e-12,222.26915777533895,777.73084222466105,2.5219812901216834,0.91802882712475842,275218118.59858841,1183.0911002717885,6.6419985749658892,true
4,569,1000,142.25,1.9569511809100055,1.2398419843320027e-12,4.3447684411635044e-12,3.5042920759812484,5.5846104254955068e-12,222.01046982108778,777.98953017891222,2.5224875298192426,0.91806319363392375,275228421.41884392,1183.3728813054627,6.5953764631150813,true
4,570,1000,142.5,1.9569511809100055,1.2398419843320027e-12,4.3512315652021045e-12,3.5095049370718354,5.591073549534107e-12,221.75383195152494,778.24616804847506,2.5229897576011497,0.91809726608109488,275238636.08153147,1183.6524188238,6.5488150943800942,true
4,571,1000,142.75,1.9569511809100055,1.2398419843320027e-12,4.3576580415132993e-12,3.5146882397768628,5.5975000258453018e-12,221.49923691063657,778.50076308936343,2.5234879876670702,0.91813104596528927,275248763.03604507,1183.9297209857978,6.5023139691360434,true
4,572,1000,143,1.9569511809100055,1.2398419843320027e-12,4.3640477477462435e-12,3.5198418854137192,5.603889732078246e-12,221.24667750594676,778.75332249405324,2.5239822340923279,0.91816453476966042,275258802.72702295,1184.2047958777578,6.4558725898781084,true
4,573,1000,143.25,1.9569511809100055,1.2398419843320027e-12,4.3704005622501413e-12,3.5249657758644211,5.6102425465821438e-12,220.99614660819532,779.00385339180468,2.5244725108285371,0.91819773396163895,275268755.5943898,1184.4776515136828,6.4094904612010906,true
4,574,1000,143.5,1.9569511809100055,1.2398419843320027e-12,4.3767163640765597e-12,3.5300598135774779,5.6165583484085622e-12,220.74763715101585,779.25236284898415,2.5249588317042315,0.91823064499307272,275278622.07339865,1184.7482958356702,6.3631670897790338,true
4,575,1000,143.75,1.9569511809100055,1.2398419843320027e-12,4.3829950329817393e-12,3.5351239015697575,5.6228370173137418e-12,220.50114213061886,779.49885786938114,2.5254412104254857,0.91826326930036495,275288402.59467232,1185.0167367143038,6.316901984345094,true
4,576,1000,144,1.9569511809100055,1.2398419843320027e-12,4.3892364494288721e-12,3.5401579434283219,5.6290784337608746e-12,220.256654605476,779.743345394524,2.5259196605765322,0.91829560830461032,275298097.58424437,1185.2829819490373,6.2706946556714858,true
4,577,1000,144.25,1.9569511809100055,1.2398419843320027e-12,4.395440494590387e-12,3.5451618433122714,5.6352824789223895e-12,220.01416769600723,779.98583230399277,2.5263941956203722,0.91832766341172944,275307707.46359903,1185.5470392685818,6.2245446165495499,true
4,578,1000,144.5,1.9569511809100055,1.2398419843320027e-12,4.401607050350207e-12,3.5501355059545654,5.6414490346822095e-12,219.77367458427193,780.22632541572807,2.5268648288993836,0.91835943601260106,275317232.64971137,1185.8089163312816,6.1784513817700581,true
4,579,1000,144.75,1.9569511809100055,1.2398419843320027e-12,4.4077359993059988e-12,3.5550788366638364,5.6475779836380013e-12,219.53516851365964,780.46483148634036,2.5273315736359221,0.91839092748319406,275326673.55508649,1186.0686207254932,6.1324144681035078,true
4,580,1000,145,1.9569511809100055,1.2398419843320027e-12,4.413827224771409e-12,3.559991741326193,5.6536692091034115e-12,219.29864278858702,780.70135721141298,2.5277944429329189,0.91842213918469573,275336030.58779806,1186.3261599699556,6.0864333942806939,true
4,581,1000,145.25,1.9569511809100055,1.2398419843320027e-12,4.4198806107782844e-12,3.5648741264070121,5.6597225951102869e-12,219.06409077419505,780.93590922580495,2.5282534497744678,0.91845307246363972,275345304.15152669,1186.5815415141631,6.0405076809733274,true
4,582,1000,145.5,1.9569511809100055,1.2398419843320027e-12,4.4258960420788834e-12,3.5697258989527207,5.6657380264108859e-12,218.83150589604895,781.16849410395105,2.5287086070264175,0.91848372865203221,275354494.64559776,1186.8347727387272,5.99463685077479,true
4,583,1000,145.75,1.9569511809100055,1.2398419843320027e-12,4.4318734041480629e-12,3.5745469665925618,5.6717153884800654e-12,218.60088163984221,781.39911836015779,2.5291599274369481,0.91851410906747577,275363602.46501863,1187.085860955742,5.9488204281810804,true
4,584,1000,146,1.9569511809100055,1.2398419843320027e-12,4.4378125831854671e-12,3.5793372375403587,5.6776545675174695e-12,218.3722115511016,781.6277884488984,2.529607423637148,0.91854421501329242,275372628.00051546,1187.334813409142,5.9030579395718119,true
4,585,1000,146.25,1.9569511809100055,1.2398419843320027e-12,4.4437134661176872e-12,3.5840966205962559,5.6835554504496897e-12,218.14548923489508,781.85451076510492,2.5300511081415866,0.91857404777864449,275381571.6385693,1187.5816372750573,5.8573489131913847,true
4,586,1000,146.5,1.9569511809100055,1.2398419843320027e-12,4.4495759406004169e-12,3.5888250251484606,5.6894179249324194e-12,217.92070835554398,782.07929164445602,2.5304909933488791,0.91860360863865365,275390433.76145202,1187.8263396621689,5.8116928791302973,true
4,587,1000,146.75,1.9569511809100055,1.2398419843320027e-12,4.4553998950205946e-12,3.5935223611749669,5.6952418793525971e-12,217.69786263633478,782.30213736366522,2.5309270915422459,0.91863289885452026,275399214.747262,1188.068927612054,5.7660893693065143,true
4,588,1000,147,1.9569511809100055,1.2398419843320027e-12,4.4611852184985235e-12,3.5981885392452684,5.701027202830526e-12,217.47694585923546,782.52305414076454,2.5313594148900735,0.91866191967363775,275407914.96995842,1188.3094080995334,5.720537917447035,true
4,589,1000,147.25,1.9569511809100055,1.2398419843320027e-12,4.4669318008899822e-12,3.602823470522059,5.7067737852219847e-12,217.2579518646146,782.7420481353854,2.5317879754464592,0.91869067232970925,275416534.7993961,1188.5477880330134,5.6750380590695304,true
4,590,1000,147.5,1.9569511809100055,1.2398419843320027e-12,4.4726395327883259e-12,3.6074270667629289,5.7124815171203284e-12,217.04087455096203,782.95912544903797,2.53221278515176,0.91871915804285997,275425074.60135949,1188.7840742548262,5.629589331464147,true
4,591,1000,147.75,1.9569511809100055,1.2398419843320027e-12,4.4783083055265669e-12,3.6119992403220422,5.7181502898585694e-12,216.82570787461202,783.17429212538798,2.5326338558331356,0.91874737801974893,275433534.73759568,1189.0182735415642,5.5841912736753816,true
4,592,1000,148,1.9569511809100055,1.2398419843320027e-12,4.4839380111794442e-12,3.6165399041518045,5.7237799955114467e-12,216.61244584946985,783.38755415053015,2.5330511992050813,0.91877533345368023,275441915.56584841,1189.2503926044126,5.5388434264840916,true
4,593,1000,148.25,1.9569511809100055,1.2398419843320027e-12,4.4895285425654781e-12,3.6210489718045231,5.7293705268974806e-12,216.40108254674033,783.59891745325967,2.5334648268699587,0.91880302552471127,275450217.43988991,1189.4804380894793,5.4935453323896528,true
4,594,1000,148.5,1.9569511809100055,1.2398419843320027e-12,4.4950797932490064e-12,3.6255263574340471,5.7349217775810089e-12,216.19161209465847,783.80838790534153,2.5338747503185259,0.9188304553997606,275458440.7095536,1189.7084165781205,5.4482965355921822,true
4,595,1000,148.75,1.9569511809100055,1.2398419843320027e-12,4.5005916575422212e-12,3.6299719757974098,5.7404336418742237e-12,215.98402867822369,784.01597132177631,2.534280980930455,0.91885762423271333,275466585.72076547,1189.9343345872642,5.4030965819748991,true
4,596,1000,149,1.9569511809100055,1.2398419843320027e-12,4.50606403050717e-12,3.6343857422564456,5.7459060148391725e-12,215.77832653893586,784.22167346106414,2.53468352997485,0.91888453316452667,275474652.81557596,1190.1581985697283,5.3579450190866202,true
4,597,1000,149.25,1.9569511809100055,1.2398419843320027e-12,4.5114968079577607e-12,3.6387675727794035,5.7513387922897632e-12,215.57449997453341,784.42550002546659,2.5350824086107586,0.91891118332333277,275482642.33219051,1190.3800149145386,5.3128413961243117,true
4,598,1000,149.5,1.9569511809100055,1.2398419843320027e-12,4.5168898864617406e-12,3.6431173839425459,5.7567318707937431e-12,215.372543338735,784.627456661265,2.5354776278876767,0.91893757582454094,275490554.6050005,1190.5997899472418,5.2677852639158065,true
4,599,1000,149.75,1.9569511809100055,1.2398419843320027e-12,4.522243163342669e-12,3.6474350929317381,5.7620851476746715e-12,215.17245104098288,784.82754895901712,2.5358691987460538,0.91896371177093761,275498389.9646129,1190.8175299302136,5.2227761749026049,true
4,600,1000,150,1.9569511809100055,1.2398419843320027e-12,4.5275565366818729e-12,3.6517206175440271,5.7673985210138754e-12,214.97421754618847,785.02578245381153,2.5362571320177878,0.9189895922527862,275506148.73788053,1191.0332410629685,5.1778136831227579,true
4,601,1000,150.25,1.9569511809100055,1.2398419843320027e-12,4.5328299053203802e-12,3.6559738761891993,5.7726718896523827e-12,214.77783737448181,785.22216262551819,2.5366414384267162,0.91901521834792455,275513831.247931,1191.2469294824618,5.1328973441939292,true
4,602,1000,150.5,1.9569511809100055,1.2398419843320027e-12,4.5380631688608549e-12,3.6601947878913417,5.7779051531928574e-12,214.58330510096187,785.41669489903813,2.5370221285891064,0.91904059112186165,275521437.81419587,1191.4586012633906,5.0880267152964711,true
4,603,1000,150.75,1.9569511809100055,1.2398419843320027e-12,4.5432562276695021e-12,3.66438327229038,5.7830982120015046e-12,214.39061535544954,785.60938464455046,2.5373992130141358,0.91906571162787309,275528968.75243926,1191.6682624184918,5.043201355156671,true
4,604,1000,151,1.9569511809100055,1.2398419843320027e-12,4.5484089828779686e-12,3.6685392496436093,5.7882509672099711e-12,214.19976282224434,785.80023717775566,2.5377727021043714,0.91909058090709517,275536424.3747859,1191.8759188988358,4.9984208240300791,true
4,605,1000,151.25,1.9569511809100055,1.2398419843320027e-12,4.553521336385222e-12,3.6726626408272107,5.7933633207172245e-12,214.01074223988235,785.98925776011765,2.5381426061562413,0.91911519998861679,275543804.98974901,1192.0815765941193,4.9536846836849264,true
4,606,1000,151.5,1.9569511809100055,1.2398419843320027e-12,4.5585931908594205e-12,3.6767533673377595,5.798435175191423e-12,213.82354840089613,786.17645159910387,2.5385089353605039,0.91913956988957246,275551110.90225774,1192.285241332951,4.9089924973856585,true
4,607,1000,151.75,1.9569511809100055,1.2398419843320027e-12,4.5636244497397677e-12,3.6808113512937215,5.8034664340717702e-12,213.63817615157927,786.36182384842073,2.538871699802713,0.91916369161523048,275558342.41368395,1192.4869188831408,4.8643438298765602,true
4,608,1000,152,1.9569511809100055,1.2398419843320027e-12,4.5686150172383449e-12,3.6848365154369294,5.8084570015703474e-12,213.45462039175027,786.54537960824973,2.5392309094636731,0.91918756615908448,275565499.82186955,1192.686614951979,4.8197382473654748,true
4,609,1000,152.25,1.9569511809100055,1.2398419843320027e-12,4.5735647983419404e-12,3.6888287831340607,5.8134067826739429e-12,213.27287607452161,786.72712392547839,2.5395865742198973,0.9192111945029392,275572583.42115223,1192.884335186516,4.7751753175076459,true
4,610,1000,152.5,1.9569511809100055,1.2398419843320027e-12,4.578473698813859e-12,3.692788078378094,5.8183156831458615e-12,213.09293820606888,786.90706179393112,2.5399387038440562,0.91923457761699756,275579593.50239146,1193.0800851738397,4.7306546093895854,true
4,611,1000,152.75,1.9569511809100055,1.2398419843320027e-12,4.5833416251957109e-12,3.6967143257897548,5.8231836095277134e-12,212.9148018454049,787.0851981545951,2.5402873080054205,0.91925771645994725,275586530.35299462,1193.2738704413484,4.6861756935131442,true
4,612,1000,153,1.9569511809100055,1.2398419843320027e-12,4.5881684848091937e-12,3.7006074506189508,5.8280104691411962e-12,212.7384621041532,787.2615378958468,2.5406323962703046,0.91928061197904321,275593394.25694162,1193.4656964570206,4.6417381417795722,true
4,613,1000,153.25,1.9569511809100055,1.2398419843320027e-12,4.59295418575786e-12,3.704467378746199,5.8327961700898625e-12,212.56391414632628,787.43608585367372,2.5409739781024996,0.91930326511019222,275600185.49481016,1193.6555686296826,4.5973415274737164,true
4,614,1000,153.5,1.9569511809100055,1.2398419843320027e-12,4.5976986369288598e-12,3.7082940366840296,5.8375406212608623e-12,212.39115318810525,787.60884681189475,2.5413120628637049,0.91932567677803434,275606904.34380043,1193.8434923092739,4.5529854252483322,true
4,615,1000,153.75,1.9569511809100055,1.2398419843320027e-12,4.602401747994684e-12,3.7120873515783934,5.8422437323266865e-12,212.22017449762109,787.77982550237891,2.5416466598139587,0.91934784789602331,275613551.07775897,1194.0294727871062,4.5086694111084133,true
4,616,1000,154,1.9569511809100055,1.2398419843320027e-12,4.6070634294148765e-12,3.7158472512100422,5.846905413746879e-12,212.05097339474025,787.94902660525975,2.5419777781120523,0.91936977936650688,275620125.96720278,1194.213515296125,4.4643930623957031,true
4,617,1000,154.25,1.9569511809100055,1.2398419843320027e-12,4.611683592437742e-12,3.7195736639959063,5.8515255767697445e-12,211.88354525085072,788.11645474914928,2.5423054268159548,0.91939147208080518,275626629.27934295,1194.3956250111635,4.4201559577732175,true
4,618,1000,154.5,1.9569511809100055,1.2398419843320027e-12,4.6162621491020381e-12,3.7232665189904584,5.8561041334340406e-12,211.71788548865072,788.28211451134928,2.5426296148832215,0.91941292691928833,275633061.27810782,1194.5758070491952,4.3759576772098701,true
4,619,1000,154.75,1.9569511809100055,1.2398419843320027e-12,4.6207990122386437e-12,3.7269257458870615,5.8606409965706462e-12,211.55398958194098,788.44601041805902,2.5429503511714033,0.91943414475145246,275639422.22416574,1194.7540664695846,4.3317978019652337,true
4,620,1000,155,1.9569511809100055,1.2398419843320027e-12,4.6252940954722261e-12,3.7305512750193115,5.8651360798042286e-12,211.39185305541741,788.60814694458259,2.5432676444384521,0.91945512643599558,275645712.37494791,1194.930408274334,4.2876759145742929,true
4,621,1000,155.25,1.9569511809100055,1.2398419843320027e-12,4.6297473132228785e-12,3.7341430373623585,5.869589297554881e-12,211.23147148446799,788.76852851553201,2.5435815033431179,0.9194758728208916,275651931.98467046,1195.1048374083284,4.2435915988323796,true
4,622,1000,155.5,1.9569511809100055,1.2398419843320027e-12,4.6341585807077547e-12,3.7377009645342256,5.8740005650397572e-12,211.07284049497036,788.92715950502964,2.5438919364453438,0.91949638474346351,275658081.30435663,1195.277358759575,4.1995444397801229,true
4,623,1000,155.75,1.9569511809100055,1.2398419843320027e-12,4.6385278139426821e-12,3.741224988797109,5.8783697982746846e-12,210.91595576309248,789.08404423690752,2.544198952206659,0.91951666303045543,275664160.58185798,1195.4479771594424,4.1555340236884843,true
4,624,1000,156,1.9569511809100055,1.2398419843320027e-12,4.6428549297437554e-12,3.7447150430586644,5.8826969140757579e-12,210.76081301509589,789.23918698490411,2.544502558990561,0.9195367084981042,275670170.06187612,1195.6166973828983,4.1115599380439285,true
4,625,1000,156.25,1.9569511809100055,1.2398419843320027e-12,4.6471398457289295e-12,3.7481710608732914,5.886981830060932e-12,210.6074080271402,789.3925919728598,2.5448027650628982,0.91955652195220927,275676109.98598379,1195.7835241487396,4.0676217715335845,true
4,626,1000,156.5,1.9569511809100055,1.2398419843320027e-12,4.6513824803195789e-12,3.7515929764433915,5.8912244646515814e-12,210.45573662509037,789.54426337490963,2.5450995785922501,0.91957610418820168,275681980.59264505,1195.9484621198242,4.0237191140305679,true
4,627,1000,156.75,1.9569511809100055,1.2398419843320027e-12,4.6555827527420563e-12,3.7549807246206242,5.8954247370740588e-12,210.30579468432745,789.69420531567255,2.5453930076502935,0.9195954559912124,275687782.11723638,1196.1115159032977,3.9798515565793462,true
4,628,1000,157,1.9569511809100055,1.2398419843320027e-12,4.6597405830292326e-12,3.7583342409071507,5.8995825673612351e-12,210.15757812955894,789.84242187044106,2.5456830602121787,0.91961457813613878,275693514.7920661,1196.2726900508183,3.9360186913811424,true
4,629,1000,157.25,1.9569511809100055,1.2398419843320027e-12,4.6638558920220081e-12,3.7616534614568504,5.9036978763540106e-12,210.01108293463358,789.98891706536642,2.5459697441568854,0.91963347138771234,275699178.84639496,1196.4319890587776,3.8922201117794875,true
4,630,1000,157.5,1.9569511809100055,1.2398419843320027e-12,4.6679286013708345e-12,3.7649383230765516,5.9077705857028369e-12,209.86630512235786,790.13369487764214,2.546253067267588,0.91965213650056188,275704774.50645494,1196.5894173685228,3.8484554122457966,true
4,631,1000,157.75,1.9569511809100055,1.2398419843320027e-12,4.671958633537196e-12,3.7681887632272235,5.9118006178691985e-12,209.72324076431403,790.27675923568597,2.5465330372320079,0.91967057421927934,275710301.99546921,1196.7449793665683,3.8047241883650083,true
4,632,1000,158,1.9569511809100055,1.2398419843320027e-12,4.6759459117950884e-12,3.7714047200251706,5.9157878961270909e-12,209.58188598068125,790.41811401931875,2.5468096616427651,0.91968878527848186,275715761.53367031,1196.8986793848128,3.7610260368213555,true
4,633,1000,158.25,1.9569511809100055,1.2398419843320027e-12,4.6798903602324826e-12,3.7745861322432117,5.9197323445644851e-12,209.44223694005848,790.55776305994152,2.5470829479977253,0.91970677040287485,275721153.33831948,1197.0505217007503,3.7173605553841296,true
4,634,1000,158.5,1.9569511809100055,1.2398419843320027e-12,4.683791903752765e-12,3.7777329393118433,5.9236338880847675e-12,209.30428985928916,790.69571014071084,2.5473529037003395,0.91972453030731327,275726477.62372494,1197.2005105376754,3.6737273428935775,true
4,635,1000,158.75,1.9569511809100055,1.2398419843320027e-12,4.6876504680761715e-12,3.7808450813203955,5.927492452408174e-12,209.16804100328955,790.83195899671045,2.5476195360599858,0.91974206569686179,275731734.60125965,1197.3486500648921,3.6301259992468444,true
4,636,1000,159,1.9569511809100055,1.2398419843320027e-12,4.691465979741199e-12,3.7839224990181703,5.9313079640732015e-12,209.0334866848774,790.9665133151226,2.5478828522922989,0.91975937726685453,275736924.47937965,1197.4949443979156,3.5865561253839555,true
4,637,1000,159.25,1.9569511809100055,1.2398419843320027e-12,4.6952383661060062e-12,3.7869651338155714,5.9350803504380087e-12,208.90062326460372,791.09937673539628,2.548142859519503,0.91977646570295379,275742047.46364123,1197.6393975986709,3.5430173232739257,true
4,638,1000,159.5,1.9569511809100055,1.2398419843320027e-12,4.6989675553497938e-12,3.7899729277852172,5.9388095396817963e-12,208.76944715058733,791.23055284941267,2.5483995647707349,0.91979333168120703,275747103.75671834,1197.782013675693,3.4995091959008713,true
4,639,1000,159.75,1.9569511809100055,1.2398419843320027e-12,4.7026534764741739e-12,3.7929458236630467,5.9424954608061764e-12,208.63995479835035,791.36004520164965,2.5486529749823639,0.9198099758681052,275752093.55841994,1197.9227965843206,3.4560313472502422,true
4,640,1000,160,1.9569511809100055,1.2398419843320027e-12,4.7062960593045217e-12,3.7958837648494068,5.9461380436365242e-12,208.51214271065646,791.48785728934354,2.5489030969983109,0.91982639892063733,275757017.06570643,1198.0617502268876,3.4125833822950815,true
4,641,1000,160.25,1.9569511809100055,1.2398419843320027e-12,4.7098952344913103e-12,3.7987866954101328,5.9497372188233128e-12,208.38600743735162,791.61399256264838,2.549149937570359,0.91984260148634578,275761874.47270608,1198.1988784529144,3.3691649069823453,true
4,642,1000,160.5,1.9569511809100055,1.2398419843320027e-12,4.7134509335114332e-12,3.8016545600776119,5.9532929178434357e-12,208.26154557520613,791.73845442479387,2.5493935033584627,0.9198585842033814,275766665.97073168,1198.3341850592938,3.3257755282193266,true
4,643,1000,160.75,1.9569511809100055,1.2398419843320027e-12,4.7169630886695069e-12,3.8044873042518352,5.9568050730015093e-12,208.13875376775968,791.86124623224032,2.5496338009310513,0.91987434770055565,275771391.7482962,1198.4676737904758,3.2824148538600824,true
4,644,1000,161,1.9569511809100055,1.2398419843320027e-12,4.7204316330991577e-12,3.8072848740014349,5.9602736174311602e-12,208.01762870516779,791.98237129483221,2.5498708367653284,0.91988989259739384,275776051.99112868,1198.5993483386501,3.2390824926919746,true
4,645,1000,161.25,1.9569511809100055,1.2398419843320027e-12,4.7238565007643012e-12,3.8100472160647167,5.9636984850963037e-12,207.89816712405127,792.10183287594873,2.5501046172475679,0.9199052195041868,275780646.88218969,1198.7292123439247,3.1957780544222434,true
4,646,1000,161.5,1.9569511809100055,1.2398419843320027e-12,4.7272376264603932e-12,3.8127742778506701,5.9670796107923957e-12,207.78036580734647,792.21963419265353,2.550335148673406,0.91992032902204135,275785176.60168654,1198.8572693945025,3.1525011496646149,true
4,647,1000,161.75,1.9569511809100055,1.2398419843320027e-12,4.7305749458156747e-12,3.8154660074399689,5.9704169301476772e-12,207.66422158415912,792.33577841584088,2.5505624372481286,0.9199352217429303,275789641.32708812,1198.9835230268566,3.1092513899260341,true
4,648,1000,162,1.9569511809100055,1.2398419843320027e-12,4.7338683952923954e-12,3.8181223535859616,5.9737103796243979e-12,207.54973132961948,792.45026867038052,2.5507864890869527,0.91994989824974205,275794041.23314005,1199.1079767259007,3.0660283875933949,true
4,649,1000,162.25,1.9569511809100055,1.2398419843320027e-12,4.7371179121880248e-12,3.8207432657156475,5.9769598965200273e-12,207.43689196473895,792.56310803526105,2.5510073102153088,0.91996435911632812,275798376.49187869,1199.2306339251588,3.0228317559203255,true
4,650,1000,162.5,1.9569511809100055,1.2398419843320027e-12,4.7403234346364454e-12,3.823328693930637,5.9801654189684479e-12,207.32570045627097,792.67429954372903,2.5512249065691122,0.9199786049075519,275802647.27264583,1199.3514980069326,2.9796611090140965,true
4,651,1000,162.75,1.9569511809100055,1.2398419843320027e-12,4.7434849016091311e-12,3.8258785890081048,5.9833268859411336e-12,207.21615381657091,792.78384618342909,2.5514392839950375,0.9199926361793338,275806853.74210221,1199.4705723024636,2.9365160618224797,true
4,652,1000,163,1.9569511809100055,1.2398419843320027e-12,4.7466022529163065e-12,3.8283929024017223,5.986444237248309e-12,207.10824910346116,792.89175089653884,2.5516504482507836,0.92000645347869858,275810996.06424171,1199.5878600920967,2.8933962301207647,true
4,653,1000,163.25,1.9569511809100055,1.2398419843320027e-12,4.749675429208097e-12,3.8308715862425879,5.9895174135400995e-12,207.00198342009583,792.99801657990417,2.5518584050053357,0.92002005734381986,275815074.40040469,1199.7033646054374,2.8503012304987498,true
4,654,1000,163.5,1.9569511809100055,1.2398419843320027e-12,4.7527043719756559e-12,3.833314593340134,5.9925463563076583e-12,206.89735391482873,793.10264608517127,2.5520631598392258,0.92003344830406453,275819088.90929145,1199.8170890215106,2.8072306803478089,true
4,655,1000,163.75,1.9569511809100055,1.2398419843320027e-12,4.755689023552279e-12,3.8357218771830275,5.9955310078842815e-12,206.79435778108359,793.20564221891641,2.5522647182447882,0.92004662688003624,275823039.74697495,1199.9290364689125,2.7641841978480426,true
4,656,1000,164,1.9569511809100055,1.2398419843320027e-12,4.7586293271145026e-12,3.8380933919400531,5.9984713114465051e-12,206.69299225722568,793.30700774277432,2.552463085626405,0.92005959358361866,275826927.06691408,1200.0392100259635,2.7211614019554142,true
4,657,1000,164.25,1.9569511809100055,1.2398419843320027e-12,4.7615252266831848e-12,3.840429092460989,6.0013672110151873e-12,206.59325462643562,793.40674537356438,2.5526582673007612,0.92007234891801659,275830751.01996583,1200.1476127208571,2.6781619123890015,true
4,658,1000,164.5,1.9569511809100055,1.2398419843320027e-12,4.7643766671245722e-12,3.8427289342774635,6.0042186514565747e-12,206.4951422165858,793.5048577834142,2.5528502684970782,0.92008489337779875,275834511.75439823,1200.2542475318066,2.6351853496182507,true
4,659,1000,164.75,1.9569511809100055,1.2398419843320027e-12,4.7671835941513504e-12,3.8449928736038048,6.0070255784833529e-12,206.39865240011784,793.60134759988216,2.5530390943573611,0.92009722744893629,275838209.41590166,1200.3591173871887,2.5922313348502808,true
4,660,1000,165,1.9569511809100055,1.2398419843320027e-12,4.7699459543236734e-12,3.8472208673378701,6.0097879386556759e-12,206.3037825939233,793.6962174060767,2.5532247499366263,0.92010935160884455,275841844.14760178,1200.4622251656867,2.5492994900172756,true
4,661,1000,165.25,1.9569511809100055,1.2398419843320027e-12,4.7726636950501865e-12,3.8494128730618717,6.0125056793821889e-12,206.21053025922492,793.78946974077508,2.5534072402031369,0.92012126632642088,275845416.09007037,1200.5635736964282,2.506389437763854,true
4,662,1000,165.5,1.9569511809100055,1.2398419843320027e-12,4.7753367645890223e-12,3.8515688490431788,6.0151787489210248e-12,206.118892901462,793.881107098538,2.5535865700386267,0.92013297206208333,275848925.38133729,1200.6631657591238,2.4635008014345621,true
4,663,1000,165.75,1.9569511809100055,1.2398419843320027e-12,4.7779651120487912e-12,3.8536887542351175,6.0178070963807937e-12,206.02886807017524,793.97113192982476,2.5537627442385245,0.92014446926780813,275852372.15690166,1200.7610040841996,2.420633205061347,true
4,664,1000,166,1.9569511809100055,1.2398419843320027e-12,4.7805486873895454e-12,3.8557725482777476,6.0203906717215479e-12,205.94045335889575,794.05954664110425,2.5539357675121725,0.92015575838716668,275855756.54974282,1200.8570913529315,2.3777862733510879,true
4,665,1000,166.25,1.9569511809100055,1.2398419843320027e-12,4.7830874414237354e-12,3.8578201914986359,6.0229294257557379e-12,205.85364640503508,794.14635359496492,2.5541056444830414,0.92016683985536141,275859078.69033116,1200.9514301975735,2.3349596316732057,true
4,666,1000,166.5,1.9569511809100055,1.2398419843320027e-12,4.7855813258171436e-12,3.8598316449136063,6.0254233101491461e-12,205.76844488977702,794.23155511022298,2.5542723796889408,0.92017771409926152,275862338.70663887,1201.0440232014851,2.2921529060472694,true
4,667,1000,166.75,1.9569511809100055,1.2398419843320027e-12,4.7880302930898066e-12,3.8618068702274857,6.0278722774218091e-12,205.68484653797225,794.31515346202775,2.5544359775822274,0.92018838153743721,275865536.72415012,1201.1348728992571,2.2493657231306514,true
4,668,1000,167,1.9569511809100055,1.2398419843320027e-12,4.790434296616916e-12,3.8637458298348299,6.0302762809489185e-12,205.60284911803444,794.39715088196556,2.5545964425300065,0.92019884258019391,275868672.86587137,1201.2239817768332,2.2065977102062644,true
4,669,1000,167.25,1.9569511809100055,1.2398419843320027e-12,4.7927932906297106e-12,3.865648486820644,6.0326352749617131e-12,205.52245044183792,794.47754955816208,2.5547537788143329,0.92020909762960612,275871747.25234157,1201.3113522716305,2.1638484951702606,true
4,670,1000,167.5,1.9569511809100055,1.2398419843320027e-12,4.7951072302163465e-12,3.8675148049610821,6.034949214548349e-12,205.44364836461864,794.55635163538136,2.5549079906324055,0.92021914707954877,275874760.00164145,1201.3969867726582,2.1211177065198559,true
4,671,1000,167.75,1.9569511809100055,1.2398419843320027e-12,4.7973760713227472e-12,3.8693447487241359,6.0372180556547497e-12,205.36644078487552,794.63355921512448,2.5550590820967587,0.92022899131573033,275877711.22940344,1201.4808876206314,2.0784049733411281,true
4,672,1000,168,1.9569511809100055,1.2398419843320027e-12,4.79959977075345e-12,3.8711382832703154,6.0394417550854524e-12,205.29082564427506,794.70917435572494,2.5552070572354513,0.92023863071572309,275880601.04882091,1201.5630571080851,2.0357099252968625,true
4,673,1000,168.25,1.9569511809100055,1.2398419843320027e-12,4.8017782861724211e-12,3.8728953744533059,6.0416202705044236e-12,205.21680092755741,794.78319907244259,2.5553519199922485,0.92024806564899397,275883429.57065725,1201.6434974794859,1.9930321926144783,true
4,674,1000,168.5,1.9569511809100055,1.2398419843320027e-12,4.8039115761038701e-12,3.8746159888206262,6.0437535604358726e-12,205.14436466244433,794.85563533755567,2.5554936742268026,0.92025729647693477,275886196.90325499,1201.7222109313389,1.9503714060739177,true
4,675,1000,168.75,1.9569511809100055,1.2398419843320027e-12,4.8059995999330292e-12,3.8763000936142578,6.0458415842650316e-12,205.07351491954864,794.92648508045136,2.5556323237148293,0.92026632355289084,275888903.15254444,1201.7991996122937,1.9077271969956346,true
4,676,1000,169,1.9569511809100055,1.2398419843320027e-12,4.8080423179069358e-12,3.8779476567712736,6.0478843022389383e-12,205.0042498122873,794.9957501877127,2.5557678721482802,0.92027514722218973,275891548.42205215,1201.87446562325,1.8650991972285866,true
4,677,1000,169.25,1.9569511809100055,1.2398419843320027e-12,4.8100396911351847e-12,3.8795586469244463,6.0498816754671872e-12,204.93656749679462,795.06343250320538,2.5559003231355102,0.92028376782216859,275894132.81290925,1201.9480110174575,1.8224870391382455,true
4,678,1000,169.5,1.9569511809100055,1.2398419843320027e-12,4.8119916815906675e-12,3.8811330334028442,6.05183366592267e-12,204.8704661718383,795.1295338281617,2.5560296802014433,0.92029218568220228,275896656.42385983,1202.0198378006151,1.7798903555946888,true
4,679,1000,169.75,1.9569511809100055,1.2398419843320027e-12,4.8138982521103006e-12,3.8826707862324201,6.0537402364423031e-12,204.80594407873696,795.19405592126304,2.5561559467877331,0.92030040112372891,275899119.35126865,1202.0899479309683,1.7373087799606539,true
4,680,1000,170,1.9569511809100055,1.2398419843320027e-12,4.8157593663957292e-12,3.8841718761365751,6.0556013507277317e-12,204.74299950128068,795.25700049871932,2.5562791262529174,0.92030841446027623,275901521.68912894,1202.1583433194037,1.6947419460797011,true
4,681,1000,170.25,1.9569511809100055,1.2398419843320027e-12,4.8175749890140197e-12,3.8856362745367221,6.0574169733460222e-12,204.68163076565179,795.31836923434821,2.5563992218725775,0.92031622599748641,275903863.52906996,1202.2250258295405,1.6521894882643429,true
4,682,1000,170.5,1.9569511809100055,1.2398419843320027e-12,4.8193450853983348e-12,3.8870639535528255,6.0591870697303373e-12,204.62183624034924,795.37816375965076,2.5565162368394807,0.92032383603314072,275906144.96036422,1202.2899972778214,1.6096510412842195,true
4,683,1000,170.75,1.9569511809100055,1.2398419843320027e-12,4.8210696218485909e-12,3.8884548860039354,6.0609116061805934e-12,204.56361433611369,795.43638566388631,2.556630174263729,0.92033124485718376,275908366.06993496,1202.3532594335993,1.5671262403543338,true
4,684,1000,171,1.9569511809100055,1.2398419843320027e-12,4.8227485655321006e-12,3.889809045408704,6.0625905498641031e-12,204.50696350585542,795.49303649414458,2.5567410371729027,0.92033845275174608,275910526.94236284,1202.4148140192231,1.5246147211232759,true
4,685,1000,171.25,1.9569511809100055,1.2398419843320027e-12,4.8243818844841956e-12,3.8911264059858865,6.0642238688161981e-12,204.45188224458366,795.54811775541634,2.5568488285121944,0.92034545999116713,275912627.65989268,1202.4746627101213,1.4821161196614765,true
4,686,1000,171.5,1.9569511809100055,1.2398419843320027e-12,4.8259695476088374e-12,3.8924069426548376,6.0658115319408399e-12,204.39836908933728,795.60163091066272,2.5569535511445478,0.92035226684201732,275914668.30244029,1202.5328071348815,1.4396300724495243,true
4,687,1000,171.75,1.9569511809100055,1.2398419843320027e-12,4.827511524679209e-12,3.893650631035984,6.0673535090112115e-12,204.34642261911949,795.65357738088051,2.5570552078507847,0.92035887356311885,275916648.94759864,1202.5892488753307,1.3971562163664564,true
4,688,1000,172,1.9569511809100055,1.2398419843320027e-12,4.8290077863382884e-12,3.8948574474512916,6.0688497706702909e-12,204.29604145483154,795.70395854516846,2.5571538013297337,0.92036528040556687,275918569.6706441,1202.6439894666094,1.3546941886781207,true
4,689,1000,172.25,1.9569511809100055,1.2398419843320027e-12,4.8304583040994124e-12,3.8960273689247167,6.0703002884314149e-12,204.24722425921061,795.75277574078939,2.5572493341983527,0.92037148761274923,275920430.54454267,1202.6970303972473,1.3122436270255349,true
4,690,1000,172.5,1.9569511809100055,1.2398419843320027e-12,4.831863050346813e-12,3.8971603731826403,6.0717050346788154e-12,204.19996973676905,795.80003026323095,2.5573418089918478,0.9203774954203664,275922231.6399554,1202.7483731092352,1.2698041694132596,true
4,691,1000,172.75,1.9569511809100055,1.2398419843320027e-12,4.8332219983361462e-12,3.8982564386542942,6.0730639826681487e-12,204.15427663373453,795.84572336626547,2.5574312281637908,0.9203833040564493,275923973.0252443,1202.7980189980929,1.227375454197841,true
4,692,1000,173,1.9569511809100055,1.2398419843320027e-12,4.8345351221950016e-12,3.8993155444721723,6.0743771065270041e-12,204.11014373799321,795.88985626200679,2.5575175940862289,0.92038891374137854,275925654.76647782,1202.8459694129372,1.1849571200762057,true
4,693,1000,173.25,1.9569511809100055,1.2398419843320027e-12,4.8358023969233928e-12,3.9003376704724255,6.0756443812553953e-12,204.06756987903509,795.93243012096491,2.5576009090497926,0.92039432468790183,275927276.92743617,1202.8922256565486,1.1425488060741527,true
4,694,1000,173.5,1.9569511809100055,1.2398419843320027e-12,4.8370237983942369e-12,3.9013227971952489,6.0768657827262394e-12,204.0265539278995,795.9734460721005,2.557681175263804,0.92039953710114963,275928839.56961584,1202.9367889854307,1.1001501515348062,true
4,695,1000,173.75,1.9569511809100055,1.2398419843320027e-12,4.8381993033538092e-12,3.9022709058852492,6.0780412876858117e-12,203.98709479712443,796.01290520287557,2.5577583948563718,0.92040455117865339,275930342.75223529,1202.9796606098744,1.0577607961071021,true
4,696,1000,174,1.9569511809100055,1.2398419843320027e-12,4.8393288894221911e-12,3.9031819784918045,6.0791708737541936e-12,203.94919144069684,796.05080855930316,2.5578325698744928,0.92040936711035992,275931786.53223914,1203.0208416940129,1.0153803797343308,true
4,697,1000,174.25,1.9569511809100055,1.2398419843320027e-12,4.8404125350936918e-12,3.9040559976694054,6.0802545194256943e-12,203.91284285400457,796.08715714599543,2.5579037022841451,0.92041398507864691,275933170.9643029,1203.0603333558802,0.9730085426426317,true
4,698,1000,174.5,1.9569511809100055,1.2398419843320027e-12,4.8414502197372595e-12,3.904892946777986,6.081292204069262e-12,203.87804807379086,796.12195192620914,2.5579717939703737,0.92041840525833785,275934496.10083723,1203.0981366674641,0.93064492532957299,true
4,699,1000,174.75,1.9569511809100055,1.2398419843320027e-12,4.8424419235968743e-12,3.905692809883242,6.0822839079288768e-12,203.8448061781105,796.1551938218895,2.5580368467373811,0.92042262781671491,275935761.99199212,1203.1342526547569,0.88828916855270645,true
4,700,1000,175,1.9569511809100055,1.2398419843320027e-12,4.8433876277919239e-12,3.9064555717569331,6.0832296121239264e-12,203.81311628628771,796.18688371371229,2.5580988623086065,0.92042665291353309,275936968.68566096,1203.1686822978065,0.84594091331813392,true
4,701,1000,175.25,1.9569511809100055,1.2398419843320027e-12,4.8442873143175652e-12,3.9071812178771732,6.0841292986495677e-12,203.7829775588757,796.2170224411243,2.5581578423268065,0.92043048070103295,275938116.22748423,1203.2014265307632,0.80359980086912919,true
4,702,1000,175.5,1.9569511809100055,1.2398419843320027e-12,4.8451409660450609e-12,3.9078697344287039,6.0849829503770634e-12,203.75438919761882,796.24561080238118,2.5582137883541285,0.92043411132395192,275939204.66085321,1203.232486241923,0.76126547267473921,true
4,703,1000,175.75,1.9569511809100055,1.2398419843320027e-12,4.8459485667221148e-12,3.908521108303165,6.0857905510541173e-12,203.72735044541582,796.27264955458418,2.5582667018721823,0.92043754491953655,275940234.02691329,1203.2618622737725,0.71893757041839434,true
4,704,1000,176,1.9569511809100055,1.2398419843320027e-12,4.8467101009731737e-12,3.9091353270993365,6.0865520853051762e-12,203.70186058628587,796.29813941371413,2.5583165842821081,0.92044078161755272,275941204.36456734,1203.2895554230286,0.67661573598658054,true
4,705,1000,176.25,1.9569511809100055,1.2398419843320027e-12,4.8474255542997227e-12,3.909712379123377,6.0872675386317252e-12,203.67791894533525,796.32208105466475,2.5583634369046395,0.92044382154029658,275942115.71047884,1203.3155664406765,0.63429961145745184,true
4,706,1000,176.5,1.9569511809100055,1.2398419843320027e-12,4.8480949130805627e-12,3.9102522533890482,6.0879368974125651e-12,203.65552488872663,796.34447511127337,2.5584072609801649,0.92044666480260429,275942968.09907484,1203.3398960320064,0.59198883908952604,true
4,707,1000,176.75,1.9569511809100055,1.2398419843320027e-12,4.8487181645720657e-12,3.910754939617922,6.0885601489040682e-12,203.63467782365137,796.36532217634863,2.5584480576687825,0.92044931151186005,275943761.56254822,1203.3625448566479,0.54968306131034816,true
4,708,1000,177,1.9569511809100055,1.2398419843320027e-12,4.849295296908423e-12,3.9112204282395773,6.0891372812404255e-12,203.61537719830039,796.38462280169961,2.5584858280503555,0.92045176176800592,275944496.13086092,1203.3835135285997,0.5073819207051572,true
4,709,1000,177.25,1.9569511809100055,1.2398419843320027e-12,4.8498262991018681e-12,3.9116487103917836,6.0896682834338706e-12,203.59762250184076,796.40237749815924,2.558520573124559,0.92045401566354879,275945171.8317458,1203.4028026162616,0.46508506000561428,true
4,710,1000,177.5,1.9569511809100055,1.2398419843320027e-12,4.8503111610428822e-12,3.912039777920663,6.0901531453748847e-12,203.58141326439215,796.41858673560785,2.5585522938109255,0.92045607328356827,275945788.69070905,1203.4204126424613,0.422792122078472,true
4,711,1000,177.75,1.9569511809100055,1.2398419843320027e-12,4.8507498735003931e-12,3.9123936233808547,6.0905918578323956e-12,203.56674905700459,796.43325094299541,2.5585809909488897,0.92045793470572335,275946346.73103231,1203.4363440844777,0.38050274991431404,true
4,712,1000,178,1.9569511809100055,1.2398419843320027e-12,4.8511424281219493e-12,3.9127102400356519,6.0909844124539518e-12,203.55362949163941,796.44637050836059,2.5586066652978241,0.92045960000025828,275946845.97377425,1203.4505973740659,0.33821658661626264,true
4,713,1000,178.25,1.9569511809100055,1.2398419843320027e-12,4.8514888174338756e-12,3.912989621857129,6.091330801765878e-12,203.54205422115183,796.45794577884817,2.5586293175370742,0.92046106923000803,275947286.43777227,1203.4631728974778,0.29593327538869291,true
4,714,1000,178.5,1.9569511809100055,1.2398419843320027e-12,4.8517890348414194e-12,3.9132317635262592,6.0916310191734219e-12,203.53202293927473,796.46797706072527,2.5586489482659895,0.92046234245040393,275947668.13964432,1203.4740709954792,0.25365245952599447,true
4,715,1000,178.75,1.9569511809100055,1.2398419843320027e-12,4.8520430746288743e-12,3.9134366604330144,6.0918850589608768e-12,203.52353538060493,796.47646461939507,2.5586655580039515,0.92046341970947732,275947991.09378988,1203.4832919633686,0.21137378240127586,true
4,716,1000,179,1.9569511809100055,1.2398419843320027e-12,4.8522509319596886e-12,3.9136043086764527,6.0920929162916911e-12,203.51659132059081,796.48340867940919,2.5586791471903965,0.92046430104786392,275948255.3123911,1203.4908360509887,0.1690968874551371,true
4,717,1000,179.25,1.9569511809100055,1.2398419843320027e-12,4.8524126028765575e-12,3.9137347050647926,6.09225458720856e-12,203.51119057552262,796.48880942447738,2.5586897161848352,0.9204649864988067,275948460.80541408,1203.4967034627414,0.12682141818440462,true
4,718,1000,179.5,1.9569511809100055,1.2398419843320027e-12,4.8525280843015008e-12,3.913827847115475,6.0923700686335033e-12,203.50733300252307,796.49266699747693,2.558697265266872,0.92046547608815832,275948607.5806092,1203.5008943575933,0.084547018130868193,true
4,719,1000,179.75,1.9569511809100055,1.2398419843320027e-12,4.8525973740359192e-12,3.913883733055211,6.0924393583679217e-12,203.50501849954208,796.49498150045792,2.5587017946362143,0.92046576983438366,275948695.64351213,1203.5034088490891,0.042273330870060848,true
4,720,1000,180,1.9569511809100055,1.2398419843320027e-12,4.8526204707606342e-12,3.9139023618200106,6.0924624550926367e-12,203.50424700535166,796.49575299464834,2.5587033044126812,0.92046586774856121,275948724.99744409,1203.5042470053518,0,true
