energy_index,angle_index,incident_energy_kev,theta_deg,scattered_to_incident_energy_ratio,differential_cross_section_m2_sr,differential_cross_section_barn_sr,relative_differential_cross_section,theta_density_m2_rad,theta_pdf_rad_inv,total_cross_section_m2,total_cross_section_barn
0,0,50,0,1,7.9407876498996423e-30,0.07940787649899643,1,0,0,5.6150694370643376e-29,0.56150694370643373
0,1,50,0.25,0.99999906856262744,7.9406972671425783e-30,0.079406972671425782,0.99998861791033222,2.1769803337543529e-31,0.0038770319016616091,5.6150694370643376e-29,0.56150694370643373
0,2,50,0.5,0.99999627427865423,7.9404261268885721e-30,0.079404261268885723,0.99995447265094983,4.3537705535479254e-31,0.0077537252252113864,5.6150694370643376e-29,0.56150694370643373
0,3,50,0.75,0.99999161723251051,7.9399742531882032e-30,0.079399742531882034,0.99989756725059264,6.5301805776218883e-31,0.01162974144988666,5.6150694370643376e-29,0.56150694370643373
0,4,50,1,0.99998509756490805,7.9393416861225832e-30,0.079393416861225835,0.99981790675675886,8.7060203886143095e-31,0.015504742169610602,5.6150694370643376e-29,0.56150694370643373
0,5,50,1.25,0.99997671547283207,7.9385284817985688e-30,0.079385284817985693,0.99971549823510242,1.0881100065741131e-30,0.019378389150304029,5.6150694370643376e-29,0.56150694370643373
0,6,50,1.5,0.99996647120952986,7.9375347123420697e-30,0.079375347123420703,0.99959035076858982,1.3055229816956151e-30,0.023250344387159828,5.6150694370643376e-29,0.56150694370643373
0,7,50,1.75,0.99995436508449642,7.936360465889447e-30,0.079363604658894471,0.99944247545641751,1.5228220011083094e-30,0.02712027016186765,5.6150694370643376e-29,0.56150694370643373
0,8,50,2,0.9999403974634562,7.9350058465769754e-30,0.079350058465769757,0.99927188541268452,1.7399881209912674e-30,0.030987829099776289,5.6150694370643376e-29,0.56150694370643373
0,9,50,2.25,0.99992456876834213,7.9334709745284337e-30,0.079334709745284338,0.99907859576482927,1.9570024200257819e-30,0.034852684226981512,5.6150694370643376e-29,0.56150694370643373
0,10,50,2.5,0.99990687947727186,7.9317559858407748e-30,0.079317559858407743,0.9988626236518261,2.1738460025960049e-30,0.038714499027326932,5.6150694370643376e-29,0.56150694370643373
0,11,50,2.75,0.99988733012452002,7.9298610325678847e-30,0.07929861032567885,0.99862398822213871,2.3905000019839996e-30,0.042572937499305394,5.6150694370643376e-29,0.56150694370643373
0,12,50,3,0.99986592130048679,7.9277862827024357e-30,0.079277862827024356,0.99836271063143578,2.6069455835585257e-30,0.046427664212848725,5.6150694370643376e-29,0.56150694370643373
0,13,50,3.25,0.99984265365166514,7.9255319201558733e-30,0.079255319201558733,0.99807881404007048,2.8231639479568582e-30,0.05027834436599346,5.6150694370643376e-29,0.56150694370643373
0,14,50,3.5,0.99981752788060296,7.9230981447364825e-30,0.079230981447364832,0.99777232361031798,3.0391363342589607e-30,0.0541246438414104,5.6150694370643376e-29,0.56150694370643373
0,15,50,3.75,0.99979054474586293,7.9204851721255593e-30,0.07920485172125559,0.99744326650337523,3.2548440231533047e-30,0.05796622926278535,5.6150694370643376e-29,0.56150694370643373
0,16,50,4,0.99976170506197837,7.9176932338516966e-30,0.07917693233851697,0.99709167187612202,3.4702683400936715e-30,0.061802768051039313,5.6150694370643376e-29,0.56150694370643373
0,17,50,4.25,0.99973100969940765,7.9147225772632319e-30,0.079147225772632321,0.99671757087765223,3.6853906584462601e-30,0.065633928480376025,5.6150694370643376e-29,0.56150694370643373
0,18,50,4.5,0.99969845958448311,7.9115734654987416e-30,0.079115734654987419,0.99632099664555696,3.9001924026263779e-30,0.069459379734143956,5.6150694370643376e-29,0.56150694370643373
0,19,50,4.75,0.99966405569935823,7.9082461774557121e-30,0.07908246177455712,0.99590198430198018,4.1146550512240875e-30,0.07327879196050166,5.6150694370643376e-29,0.56150694370643373
0,20,50,5,0.9996277990819511,7.9047410077573403e-30,0.079047410077573405,0.99546057094943752,4.328760140118112e-30,0.077091836327873947,5.6150694370643376e-29,0.56150694370643373
0,21,50,5.25,0.99958969082588522,7.9010582667174506e-30,0.079010582667174506,0.99499679566639798,4.5424892655773157e-30,0.080898185080186882,5.6150694370643376e-29,0.56150694370643373
0,22,50,5.5,0.99954973208042719,7.8971982803035921e-30,0.078971982803035926,0.99451069950263671,4.7558240873491341e-30,0.084697511591870306,5.6150694370643376e-29,0.56150694370643373
0,23,50,5.75,0.99950792405041922,7.8931613900982246e-30,0.078931613900982245,0.99400232547434764,4.9687463317342141e-30,0.088489490422614739,5.6150694370643376e-29,0.56150694370643373
0,24,50,6,0.9994642679962118,7.8889479532581225e-30,0.078889479532581228,0.99347171855903049,5.1812377946466926e-30,0.092273797371872565,5.6150694370643376e-29,0.56150694370643373
0,25,50,6.25,0.99941876523359063,7.8845583424719177e-30,0.078845583424719173,0.99291892569014417,5.3932803446593939e-30,0.096050109533090663,5.6150694370643376e-29,0.56150694370643373
0,26,50,6.5,0.99937141713370137,7.8799929459157949e-30,0.078799929459157952,0.99234399575152776,5.6048559260333031e-30,0.099818105347662903,5.6150694370643376e-29,0.56150694370643373
0,27,50,6.75,0.9993222251229712,7.8752521672073875e-30,0.078752521672073875,0.99174697957159408,5.8159465617306874e-30,0.10357746465859151,5.6150694370643376e-29,0.56150694370643373
0,28,50,7,0.99927119068302761,7.8703364253578616e-30,0.078703364253578614,0.99112792991729592,6.0265343564112091e-30,0.10732786876384548,5.6150694370643376e-29,0.56150694370643373
0,29,50,7.25,0.99921831535061245,7.8652461547221586e-30,0.078652461547221594,0.99048690148785956,6.236601499410362e-30,0.11106900046940422,5.6150694370643376e-29,0.56150694370643373
0,30,50,7.5,0.99916360071749566,7.8599818049474864e-30,0.07859981804947487,0.98982395090829844,6.4461302676996605e-30,0.11480054414197623,5.6150694370643376e-29,0.56150694370643373
0,31,50,7.75,0.99910704843038345,7.8545438409199832e-30,0.078545438409199836,0.9891391367226966,6.6551030288278765e-30,0.11852218576138014,5.6150694370643376e-29,0.56150694370643373
0,32,50,8,0.99904866019082417,7.8489327427096168e-30,0.078489327427096175,0.98843251938726928,6.8635022438427504e-30,0.12223361297257825,5.6150694370643376e-29,0.56150694370643373
0,33,50,8.25,0.99898843775511126,7.8431490055132963e-30,0.07843149005513296,0.98770416126319915,7.0713104701925155e-30,0.12593451513735024,5.6150694370643376e-29,0.56150694370643373
0,34,50,8.5,0.99892638293418401,7.8371931395962587e-30,0.078371931395962588,0.98695412660925486,7.2785103646066836e-30,0.12962458338559787,5.6150694370643376e-29,0.56150694370643373
0,35,50,8.75,0.99886249759352219,7.8310656702316362e-30,0.078310656702316364,0.98618248157418076,7.4850846859553811e-30,0.13330351066626742,5.6150694370643376e-29,0.56150694370643373
0,36,50,9,0.99879678365304259,7.8247671376383605e-30,0.07824767137638361,0.98538929418887711,7.6910162980867452e-30,0.1369709917978815,5.6150694370643376e-29,0.56150694370643373
0,37,50,9.25,0.99872924308698685,7.8182980969172541e-30,0.078182980969172547,0.98457463435835157,7.8962881726416646e-30,0.14062672351866748,5.6150694370643376e-29,0.56150694370643373
0,38,50,9.5,0.99865987792381106,7.811659117985459e-30,0.078116591179854589,0.98373857385346208,8.1008833918453878e-30,0.14427040453627374,5.6150694370643376e-29,0.56150694370643373
0,39,50,9.75,0.99858869024607,7.804850785509141e-30,0.078048507855091417,0.98288118630244203,8.3047851512753323e-30,0.14790173557706221,5.6150694370643376e-29,0.56150694370643373
0,40,50,10,0.99851568219029785,7.7978736988344543e-30,0.077978736988344552,0.98200254718220625,8.5079767626045093e-30,0.15152041943496672,5.6150694370643376e-29,0.56150694370643373
0,41,50,10.25,0.99844085594688792,7.7907284719168649e-30,0.077907284719168649,0.98110273380945101,8.7104416563200507e-30,0.15512616101990773,5.6150694370643376e-29,0.56150694370643373
0,42,50,10.5,0.99836421375996753,7.7834157332487743e-30,0.077834157332487747,0.98018182533153908,8.9121633844162308e-30,0.15871866740575297,5.6150694370643376e-29,0.56150694370643373
0,43,50,10.75,0.99828575792727214,7.7759361257854947e-30,0.077759361257854945,0.97923990271717809,9.1131256230614237e-30,0.16229764787781387,5.6150694370643376e-29,0.56150694370643373
0,44,50,11,0.99820549080001286,7.768290306869526e-30,0.077682903068695255,0.97827704874688393,9.3133121752384093e-30,0.16586281397986738,5.6150694370643376e-29,0.56150694370643373
0,45,50,11.25,0.9981234147827448,7.7604789481532356e-30,0.077604789481532363,0.9772933480032443,9.5127069733575625e-30,0.16941387956069484,5.6150694370643376e-29,0.56150694370643373
0,46,50,11.5,0.99803953233323139,7.7525027355199171e-30,0.077525027355199172,0.97628888686097726,9.7112940818423338e-30,0.17295056082012725,5.6150694370643376e-29,0.56150694370643373
0,47,50,11.75,0.99795384596230341,7.7443623690031575e-30,0.077443623690031577,0.97526375347677663,9.9090576996864009e-30,0.17647257635458627,5.6150694370643376e-29,0.56150694370643373
0,48,50,12,0.99786635823371961,7.7360585627047243e-30,0.077360585627047243,0.97421803777897209,1.0105982162982219e-29,0.17997964720211571,5.6150694370643376e-29,0.56150694370643373
0,49,50,12.25,0.9977770717640202,7.7275920447107425e-30,0.077275920447107432,0.97315183145697215,1.0302051947420117e-29,0.18347149688688838,5.6150694370643376e-29,0.56150694370643373
0,50,50,12.5,0.9976859892223795,7.718963557006357e-30,0.077189635570063572,0.97206522795051842,1.0497251670757676e-29,0.18694785146318393,5.6150694370643376e-29,0.56150694370643373
0,51,50,12.75,0.9975931133304563,7.7101738553888449e-30,0.077101738553888452,0.97095832243874292,1.0691566095258827e-29,0.19040843955882719,5.6150694370643376e-29,0.56150694370643373
0,52,50,13,0.99749844686223921,7.7012237093791251e-30,0.07701223709379125,0.96983121182902499,1.0884980130102061e-29,0.19385299241807649,5.6150694370643376e-29,0.56150694370643373
0,53,50,13.25,0.99740199264389262,7.6921139021318173e-30,0.076921139021318169,0.9686839947456638,1.1077478833757494e-29,0.19728124394395744,5.6150694370643376e-29,0.56150694370643373
0,54,50,13.5,0.99730375355359546,7.6828452303436757e-30,0.076828452303436753,0.96751677151834847,1.1269047416331982e-29,0.20069293074002748,5.6150694370643376e-29,0.56150694370643373
0,55,50,13.75,0.99720373252138117,7.6734185041606222e-30,0.076734185041606229,0.96632964417044964,1.1459671241882166e-29,0.20408779215156947,5.6150694370643376e-29,0.56150694370643373
0,56,50,14,0.99710193252897295,7.6638345470832208e-30,0.076638345470832217,0.96512271640711589,1.164933583069471e-29,0.20746557030620086,5.6150694370643376e-29,0.56150694370643373
0,57,50,14.25,0.99699835660961622,7.6540941958707113e-30,0.076540941958707115,0.96389609360318884,1.1838026861533409e-29,0.2108260101538931,5.6150694370643376e-29,0.56150694370643373
0,58,50,14.5,0.9968930078479088,7.644198300443572e-30,0.076441983004435721,0.96264988279093211,1.2025730173852704e-29,0.21416885950639247,5.6150694370643376e-29,0.56150694370643373
0,59,50,14.75,0.99678588937962886,7.6341477237846491e-30,0.076341477237846497,0.9613841926475809,1.2212431769977137e-29,0.21749386907603449,5.6150694370643376e-29,0.56150694370643373
0,60,50,15,0.99667700439155937,7.6239433418388599e-30,0.076239433418388597,0.96009913348271103,1.2398117817246338e-29,0.22080079251394449,5.6150694370643376e-29,0.56150694370643373
0,61,50,15.25,0.9965663561213095,7.6135860434114443e-30,0.076135860434114438,0.95879481722542559,1.2582774650125073e-29,0.22408938644761589,5.6150694370643376e-29,0.56150694370643373
0,62,50,15.5,0.99645394785713526,7.6030767300649205e-30,0.076030767300649213,0.95747135741137845,1.2766388772278099e-29,0.22735941051786179,5.6150694370643376e-29,0.56150694370643373
0,63,50,15.75,0.99633978293775527,7.5924163160145343e-30,0.075924163160145344,0.95612886916960804,1.2948946858609144e-29,0.23061062741512764,5.6150694370643376e-29,0.56150694370643373
0,64,50,16,0.9962238647521654,7.5816057280224675e-30,0.075816057280224683,0.95476746920921451,1.3130435757263926e-29,0.23384280291516327,5.6150694370643376e-29,0.56150694370643373
0,65,50,16.25,0.99610619673945044,7.5706459052906128e-30,0.075706459052906128,0.95338727580585692,1.3310842491596602e-29,0.23705570591404398,5.6150694370643376e-29,0.56150694370643373
0,66,50,16.5,0.99598678238859251,7.5595377993520746e-30,0.075595377993520743,0.95198840878808966,1.3490154262099356e-29,0.24024910846253503,5.6150694370643376e-29,0.56150694370643373
0,67,50,16.75,0.9958656252382786,7.5482823739613414e-30,0.075482823739613417,0.95057098952353158,1.3668358448294784e-29,0.24342278579979332,5.6150694370643376e-29,0.56150694370643373
0,68,50,17,0.99574272887670301,7.5368806049831529e-30,0.075368806049831524,0.9491351409048705,1.3845442610590639e-29,0.24657651638639919,5.6150694370643376e-29,0.56150694370643373
0,69,50,17.25,0.9956180969413706,7.5253334802801422e-30,0.075253334802801428,0.9476809873357146,1.4021394492096719e-29,0.24971008193671357,5.6150694370643376e-29,0.56150694370643373
0,70,50,17.5,0.99549173311889361,7.5136419995991349e-30,0.075136419995991355,0.94620865471627291,1.4196202020403339e-29,0.25282326745055139,5.6150694370643376e-29,0.56150694370643373
0,71,50,17.75,0.99536364114479026,7.5018071744563137e-30,0.075018071744563139,0.94471827042889422,1.4369853309321368e-29,0.25591586124416998,5.6150694370643376e-29,0.56150694370643373
0,72,50,18,0.99523382480327693,7.4898300280210707e-30,0.074898300280210703,0.94320996332344043,1.4542336660583179e-29,0.25898765498056214,5.6150694370643376e-29,0.56150694370643373
0,73,50,18.25,0.99510228792706112,7.4777115949987142e-30,0.07477711594998715,0.94168386370251567,1.4713640565504475e-29,0.26203844369905138,5.6150694370643376e-29,0.56150694370643373
0,74,50,18.5,0.99496903439712958,7.4654529215119696e-30,0.074654529215119697,0.94014010330654285,1.4883753706606519e-29,0.26506802584418299,5.6150694370643376e-29,0.56150694370643373
0,75,50,18.75,0.99483406814253617,7.4530550649813222e-30,0.074530550649813218,0.93857881529869591,1.5052664959198576e-29,0.26807620329390597,5.6150694370643376e-29,0.56150694370643373
0,76,50,19,0.99469739314018535,7.440519094004206e-30,0.074405190940042068,0.93700013424968509,1.5220363392920221e-29,0.27106278138704032,5.6150694370643376e-29,0.56150694370643373
0,77,50,19.25,0.99455901341461461,7.427846088233068e-30,0.074278460882330685,0.93540419612240144,1.5386838273243278e-29,0.27402756895002534,5.6150694370643376e-29,0.56150694370643373
0,78,50,19.5,0.99441893303777451,7.4150371382523317e-30,0.074150371382523325,0.93379113825642279,1.5552079062933133e-29,0.27697037832294463,5.6150694370643376e-29,0.56150694370643373
0,79,50,19.75,0.99427715612880563,7.4020933454542514e-30,0.074020933454542512,0.9321610993523799,1.5716075423469149e-29,0.27989102538482241,5.6150694370643376e-29,0.56150694370643373
0,80,50,20,0.99413368685381498,7.3890158219137322e-30,0.073890158219137331,0.93051421945619162,1.5878817216423993e-29,0.28278932957818831,5.6150694370643376e-29,0.56150694370643373
0,81,50,20.25,0.99398852942564697,7.3758056902620552e-30,0.07375805690262055,0.92885063994316386,1.6040294504801531e-29,0.28566511393290434,5.6150694370643376e-29,0.56150694370643373
0,82,50,20.5,0.99384168810365647,7.3624640835596094e-30,0.073624640835596097,0.92717050350196162,1.6200497554333232e-29,0.28851820508925269,5.6150694370643376e-29,0.56150694370643373
0,83,50,20.75,0.99369316719347534,7.348992145167575e-30,0.073489921451675752,0.9254739541184499,1.635941683473272e-29,0.29134843332027832,5.6150694370643376e-29,0.56150694370643373
0,84,50,21,0.99354297104678024,7.3353910286186641e-30,0.073353910286186638,0.92376113705941632,1.6517043020908389e-29,0.29415563255338489,5.6150694370643376e-29,0.56150694370643373
0,85,50,21.25,0.99339110406105624,7.3216618974868466e-30,0.073216618974868475,0.92203219885616505,1.6673366994133839e-29,0.29693964039117893,5.6150694370643376e-29,0.56150694370643373
0,86,50,21.5,0.99323757067935881,7.3078059252561301e-30,0.073078059252561306,0.92028728728799192,1.6828379843175907e-29,0.29970029813155963,5.6150694370643376e-29,0.56150694370643373
0,87,50,21.75,0.99308237539007416,7.2938242951884449e-30,0.072938242951884447,0.91852655136554695,1.6982072865380273e-29,0.30243745078705236,5.6150694370643376e-29,0.56150694370643373
0,88,50,22,0.99292552272667689,7.279718200190563e-30,0.07279718200190563,0.91675014131407551,1.7134437567714285e-29,0.30515094710338053,5.6150694370643376e-29,0.56150694370643373
0,89,50,22.25,0.99276701726748628,7.2654888426801775e-30,0.072654888426801775,0.91495820855655308,1.728546566776706e-29,0.30784063957727692,5.6150694370643376e-29,0.56150694370643373
0,90,50,22.5,0.99260686363541961,7.2511374344510665e-30,0.072511374344510673,0.91315090569670476,1.7435149094706513e-29,0.31050638447352724,5.6150694370643376e-29,0.56150694370643373
0,91,50,22.75,0.99244506649774367,7.2366651965374478e-30,0.072366651965374479,0.91132838650192427,1.758347999019338e-29,0.31314804184124834,5.6150694370643376e-29,0.56150694370643373
0,92,50,23,0.9922816305658263,7.2220733590774838e-30,0.072220733590774841,0.90949080588608333,1.7730450709252048e-29,0.31576547552939715,5.6150694370643376e-29,0.56150694370643373
0,93,50,23.25,0.99211656059488196,7.2073631611759529e-30,0.072073631611759531,0.90763831989223909,1.7876053821097926e-29,0.31835855320150519,5.6150694370643376e-29,0.56150694370643373
0,94,50,23.5,0.99194986138371921,7.192535850766188e-30,0.07192535850766188,0.90577108567524645,1.8020282109921593e-29,0.32092714634964392,5.6150694370643376e-29,0.56150694370643373
0,95,50,23.75,0.99178153777448474,7.1775926844712204e-30,0.071775926844712207,0.90388926148427262,1.8163128575629377e-29,0.32347113030761376,5.6150694370643376e-29,0.56150694370643373
0,96,50,24,0.99161159465240478,7.1625349274641389e-30,0.071625349274641398,0.9019930066452112,1.8304586434540258e-29,0.32599038426335536,5.6150694370643376e-29,0.56150694370643373
0,97,50,24.25,0.99144003694552585,7.1473638533278076e-30,0.07147363853327808,0.9000824815430164,1.8444649120039339e-29,0.32848479127058744,5.6150694370643376e-29,0.56150694370643373
0,98,50,24.5,0.99126686962445332,7.1320807439137923e-30,0.07132080743913792,0.89815784760393758,1.8583310283187449e-29,0.33095423825966341,5.6150694370643376e-29,0.56150694370643373
0,99,50,24.75,0.99109209770208773,7.1166868892006606e-30,0.071166868892006602,0.89621926727767409,1.8720563793287096e-29,0.33339861604765042,5.6150694370643376e-29,0.56150694370643373
0,100,50,25,0.99091572623336055,7.1011835871516121e-30,0.071011835871516119,0.89426690401944686,1.8856403738404677e-29,0.33581781934762955,5.6150694370643376e-29,0.56150694370643373
0,101,50,25.25,0.99073776031496597,7.0855721435714246e-30,0.070855721435714253,0.89230092227198321,1.8990824425848774e-29,0.338211746777214,5.6150694370643376e-29,0.56150694370643373
0,102,50,25.5,0.99055820508509362,7.0698538719628441e-30,0.070698538719628445,0.89032148744743156,1.9123820382604809e-29,0.34058030086628988,5.6150694370643376e-29,0.56150694370643373
0,103,50,25.75,0.99037706572315798,7.0540300933823362e-30,0.070540300933823366,0.88832876590919629,1.9255386355725771e-29,0.3429233880639746,5.6150694370643376e-29,0.56150694370643373
0,104,50,26,0.99019434744952584,7.0381021362952481e-30,0.070381021362952489,0.88632292495369747,1.9385517312679161e-29,0.34524091874479595,5.6150694370643376e-29,0.56150694370643373
0,105,50,26.25,0.99001005552524346,7.0220713364304641e-30,0.070220713364304646,0.88430413279206765,1.9514208441650205e-29,0.34753280721409202,5.6150694370643376e-29,0.56150694370643373
0,106,50,26.5,0.98982419525176069,7.0059390366344681e-30,0.07005939036634469,0.88227255853177378,1.9641455151801234e-29,0.34979897171263036,5.6150694370643376e-29,0.56150694370643373
0,107,50,26.75,0.98963677197065525,6.989706586724945e-30,0.069897065867249447,0.88022837215818039,1.9767253073487449e-29,0.35203933442045082,5.6150694370643376e-29,0.56150694370643373
0,108,50,27,0.98944779106335279,6.9733753433438355e-30,0.06973375343343835,0.87817174451604518,1.9891598058428862e-29,0.35425382145992762,5.6150694370643376e-29,0.56150694370643373
0,109,50,27.25,0.98925725795084885,6.9569466698099777e-30,0.069569466698099783,0.87610284729096133,2.0014486179838791e-29,0.3564423628980577,5.6150694370643376e-29,0.56150694370643373
0,110,50,27.5,0.98906517809342587,6.9404219359712487e-30,0.069404219359712485,0.87402185299073742,2.0135913732508684e-29,0.3586048927479713,5.6150694370643376e-29,0.56150694370643373
0,111,50,27.75,0.98887155699037155,6.9238025180563089e-30,0.069238025180563087,0.87192893492672774,2.0255877232849539e-29,0.36074134896966986,5.6150694370643376e-29,0.56150694370643373
0,112,50,28,0.98867640017969294,6.9070897985259154e-30,0.069070897985259158,0.86982426719510741,2.0374373418889888e-29,0.36285167346998987,5.6150694370643376e-29,0.56150694370643373
0,113,50,28.25,0.98847971323783268,6.8902851659238844e-30,0.068902851659238845,0.8677080246581037,2.0491399250230592e-29,0.36493581210179787,5.6150694370643376e-29,0.56150694370643373
0,114,50,28.5,0.98828150177938046,6.8733900147276415e-30,0.068733900147276414,0.86558038292517614,2.0606951907956326e-29,0.36699371466241426,5.6150694370643376e-29,0.56150694370643373
0,115,50,28.75,0.98808177145678466,6.8564057451984744e-30,0.068564057451984739,0.86344151833415761,2.0721028794504138e-29,0.36902533489127209,5.6150694370643376e-29,0.56150694370643373
0,116,50,29,0.98788052796006265,6.8393337632314257e-30,0.068393337632314255,0.86129160793235204,2.0833627533488957e-29,0.37103063046680973,5.6150694370643376e-29,0.56150694370643373
0,117,50,29.25,0.98767777701650961,6.8221754802049158e-30,0.068221754802049159,0.85913082945759622,2.0944745969486391e-29,0.37300956300260274,5.6150694370643376e-29,0.56150694370643373
0,118,50,29.5,0.98747352439040592,6.8049323128300612e-30,0.068049323128300615,0.85695936131928474,2.1054382167772821e-29,0.37496209804273484,5.6150694370643376e-29,0.56150694370643373
0,119,50,29.75,0.98726777588272352,6.7876056829997555e-30,0.067876056829997561,0.85477738257936398,2.1162534414023031e-29,0.37688820505641329,5.6150694370643376e-29,0.56150694370643373
0,120,50,30,0.98706053733083077,6.7701970176374911e-30,0.067701970176374915,0.85258507293329455,2.1269201213965466e-29,0.37878785743182897,5.6150694370643376e-29,0.56150694370643373
0,121,50,30.25,0.98685181460819593,6.7527077485459821e-30,0.067527077485459816,0.85038261269098725,2.1374381292995375e-29,0.38066103246926714,5.6150694370643376e-29,0.56150694370643373
0,122,50,30.5,0.98664161362409075,6.7351393122555912e-30,0.067351393122555919,0.84817018275771572,2.1478073595745943e-29,0.38250771137346928,5.6150694370643376e-29,0.56150694370643373
0,123,50,30.75,0.98642994032329057,6.71749314987256e-30,0.067174931498725596,0.84594796461500354,2.1580277285617652e-29,0.38432787924525152,5.6150694370643376e-29,0.56150694370643373
0,124,50,31,0.98621680068577577,6.69977070692713e-30,0.066997707069271301,0.84371614030149811,2.1680991744266086e-29,0.3861215250723829,5.6150694370643376e-29,0.56150694370643373
0,125,50,31.25,0.98600220072643063,6.6819734332214726e-30,0.066819734332214734,0.84147489239381956,2.1780216571048306e-29,0.3878886417197257,5.6150694370643376e-29,0.56150694370643373
0,126,50,31.5,0.9857861464947405,6.6641027826775598e-30,0.066641027826775598,0.83922440398740328,2.1877951582428096e-29,0.38962922591864324,5.6150694370643376e-29,0.56150694370643373
0,127,50,31.75,0.98556864407449085,6.6461602131849217e-30,0.066461602131849221,0.83696485867732751,2.1974196811340364e-29,0.39134327825568055,5.6150694370643376e-29,0.56150694370643373
0,128,50,32,0.98534969958346175,6.6281471864483267e-30,0.066281471864483271,0.8346964405391315,2.2068952506514678e-29,0.39303080316051686,5.6150694370643376e-29,0.56150694370643373
0,129,50,32.25,0.9851293191731233,6.6100651678354322e-30,0.066100651678354327,0.83241933410962976,2.216221913175857e-29,0.39469180889320205,5.6150694370643376e-29,0.56150694370643373
0,130,50,32.5,0.98490750902833035,6.5919156262243863e-30,0.065919156262243858,0.83013372436772015,2.2253997365200478e-29,0.39632630753067377,5.6150694370643376e-29,0.56150694370643373
0,131,50,32.75,0.98468427536701508,6.5737000338514343e-30,0.065737000338514345,0.82783979671519292,2.2344288098492847e-29,0.39793431495256548,5.6150694370643376e-29,0.56150694370643373
0,132,50,33,0.98445962443987955,6.555419866158541e-30,0.065554198661585406,0.82553773695754096,2.2433092435975608e-29,0.39951585082630864,5.6150694370643376e-29,0.56150694370643373
0,133,50,33.25,0.98423356253008687,6.5370766016410235e-30,0.065370766016410231,0.82322773128477256,2.2520411693800165e-29,0.40107093859153153,5.6150694370643376e-29,0.56150694370643373
0,134,50,33.5,0.9840060959529523,6.5186717216952608e-30,0.065186717216952614,0.82090996625223256,2.2606247399014413e-29,0.40259960544376416,5.6150694370643376e-29,0.56150694370643373
0,135,50,33.75,0.98377723105563208,6.5002067104664583e-30,0.065002067104664579,0.81858462876143145,2.2690601288608872e-29,0.4041018823174507,5.6150694370643376e-29,0.56150694370643373
0,136,50,34,0.98354697421681381,6.4816830546965409e-30,0.064816830546965409,0.81625190604088982,2.2773475308524488e-29,0.40557780386827919,5.6150694370643376e-29,0.56150694370643373
0,137,50,34.25,0.98331533184640274,6.4631022435720871e-30,0.064631022435720872,0.81391198562698874,2.2854871612621965e-29,0.4070274084548261,5.6150694370643376e-29,0.56150694370643373
0,138,50,34.5,0.98308231038521077,6.444465768572474e-30,0.064444657685724743,0.81156505534484613,2.293479256161359e-29,0.40845073811953297,5.6150694370643376e-29,0.56150694370643373
0,139,50,34.75,0.98284791630464241,6.4257751233181301e-30,0.064257751233181309,0.80921130328920721,2.3013240721957248e-29,0.40984783856900969,5.6150694370643376e-29,0.56150694370643373
0,140,50,35,0.98261215610638108,6.4070318034189728e-30,0.064070318034189735,0.80685091780535734,2.3090218864713405e-29,0.41121875915367845,5.6150694370643376e-29,0.56150694370643373
0,141,50,35.25,0.98237503632207435,6.3882373063230392e-30,0.063882373063230399,0.80448408747006039,2.3165729964365187e-29,0.41256355284675983,5.6150694370643376e-29,0.56150694370643373
0,142,50,35.5,0.98213656351301881,6.369393131165317e-30,0.063693931311653171,0.80211100107252142,2.3239777197601899e-29,0.41388227622260865,5.6150694370643376e-29,0.56150694370643373
0,143,50,35.75,0.98189674426984386,6.3505007786168185e-30,0.063505007786168188,0.7997318475953803,2.3312363942066475e-29,0.41517498943440689,5.6150694370643376e-29,0.56150694370643373
0,144,50,36,0.98165558521219565,6.3315617507339037e-30,0.063315617507339036,0.79734681619573644,2.3383493775067146e-29,0.41644175619121943,5.6150694370643376e-29,0.56150694370643373
0,145,50,36.25,0.98141309298842028,6.3125775508078618e-30,0.063125775508078616,0.79495609618620666,2.345317047225359e-29,0.41768264373441732,5.6150694370643376e-29,0.56150694370643373
0,146,50,36.5,0.98116927427524558,6.2935496832147881e-30,0.062935496832147886,0.7925598770160196,2.352139800625818e-29,0.41889772281347964,5.6150694370643376e-29,0.56150694370643373
0,147,50,36.75,0.98092413577746385,6.2744796532657704e-30,0.062744796532657701,0.79015834825214959,2.3588180545302478e-29,0.42008706766117598,5.6150694370643376e-29,0.56150694370643373
0,148,50,37,0.98067768422761237,6.255368967057382e-30,0.062553689670573828,0.78775169956048863,2.3653522451769493e-29,0.42125075596813977,5.6150694370643376e-29,0.56150694370643373
0,149,50,37.25,0.98042992638565607,6.2362191313225564e-30,0.062362191313225568,0.78534012068706704,2.371742828074214e-29,0.42238886885683913,5.6150694370643376e-29,0.56150694370643373
0,150,50,37.5,0.98018086903866664,6.2170316532817711e-30,0.06217031653281771,0.78292380143931228,2.3779902778508098e-29,0.42350149085494965,5.6150694370643376e-29,0.56150694370643373
0,151,50,37.75,0.97993051900050376,6.1978080404946643e-30,0.061978080404946644,0.78050293166736351,2.3840950881031768e-29,0.42458870986814118,5.6150694370643376e-29,0.56150694370643373
0,152,50,38,0.97967888311149454,6.1785498007120145e-30,0.061785498007120146,0.77807770124543008,2.3900577712393509e-29,0.42565061715228181,5.6150694370643376e-29,0.56150694370643373
0,153,50,38.25,0.97942596823811345,6.1592584417281493e-30,0.061592584417281493,0.77564830005320584,2.3958788583196647e-29,0.42668730728506798,5.6150694370643376e-29,0.56150694370643373
0,154,50,38.5,0.97917178127266113,6.139935471233787e-30,0.061399354712337872,0.77321491795733699,2.4015588988942756e-29,0.42769887813708946,5.6150694370643376e-29,0.56150694370643373
0,155,50,38.75,0.97891632913294413,6.1205823966693368e-30,0.061205823966693371,0.77077774479294758,2.4070984608375563e-29,0.42868543084233557,5.6150694370643376e-29,0.56150694370643373
0,156,50,39,0.97865961876195273,6.1012007250786551e-30,0.061012007250786551,0.76833697034522308,2.4124981301793922e-29,0.4296470697681507,5.6150694370643376e-29,0.56150694370643373
0,157,50,39.25,0.97840165712754024,6.0817919629632982e-30,0.060817919629632983,0.76589278433105579,2.4177585109334339e-29,0.43058390248464723,5.6150694370643376e-29,0.56150694370643373
0,158,50,39.5,0.97814245122210097,6.0623576161372771e-30,0.060623576161372775,0.76344537638075416,2.4228802249223467e-29,0.43149603973358402,5.6150694370643376e-29,0.56150694370643373
0,159,50,39.75,0.97788200806224812,6.0428991895823263e-30,0.060428991895823264,0.76099493601981638,2.4278639116001022e-29,0.43238359539671772,5.6150694370643376e-29,0.56150694370643373
0,160,50,40,0.97762033468849274,6.0234181873037392e-30,0.06023418187303739,0.75854165265077511,2.4327102278713709e-29,0.43324668646363829,5.6150694370643376e-29,0.56150694370643373
0,161,50,40.25,0.97735743816491982,6.0039161121866989e-30,0.060039161121866989,0.7560857155351054,2.4374198479080262e-29,0.43408543299908942,5.6150694370643376e-29,0.56150694370643373
0,162,50,40.5,0.97709332557886786,5.9843944658532505e-30,0.059843944658532509,0.75362731377521253,2.4419934629628608e-29,0.43489995810979326,5.6150694370643376e-29,0.56150694370643373
0,163,50,40.75,0.97682800404060555,5.9648547485198153e-30,0.059648547485198156,0.75116663629648883,2.4464317811805146e-29,0.43569038791077791,5.6150694370643376e-29,0.56150694370643373
0,164,50,41,0.97656148068300985,5.9452984588553168e-30,0.059452984588553172,0.74870387182944687,2.4507355274056844e-29,0.43645685149122115,5.6150694370643376e-29,0.56150694370643373
0,165,50,41.25,0.97629376266124324,5.9257270938399383e-30,0.059257270938399387,0.74623920889193263,2.454905442988668e-29,0.43719948087981936,5.6150694370643376e-29,0.56150694370643373
0,166,50,41.5,0.97602485715243148,5.9061421486245084e-30,0.059061421486245089,0.74377283577141773,2.4589422855882757e-29,0.43791841100968759,5.6150694370643376e-29,0.56150694370643373
0,167,50,41.75,0.97575477135534117,5.8865451163905314e-30,0.058865451163905319,0.74130494050737239,2.4628468289721676e-29,0.43861377968280113,5.6150694370643376e-29,0.56150694370643373
0,168,50,42,0.97548351249005771,5.8669374882108995e-30,0.058669374882108993,0.73883571087372513,2.4666198628146704e-29,0.43928572753398842,5.6150694370643376e-29,0.56150694370643373
0,169,50,42.25,0.9752110877976633,5.8473207529112796e-30,0.058473207529112801,0.73636533436140683,2.470262192492118e-29,0.4399343979944827,5.6150694370643376e-29,0.56150694370643373
0,170,50,42.5,0.97493750453991379,5.827696396932188e-30,0.058276963969321881,0.73389399816098089,2.4737746388757578e-29,0.44055993725504006,5.6150694370643376e-29,0.56150694370643373
0,171,50,42.75,0.97466276999891732,5.8080659041917957e-30,0.058080659041917955,0.73142188914536699,2.4771580381222955e-29,0.44116249422863762,5.6150694370643376e-29,0.56150694370643373
0,172,50,43,0.97438689147681323,5.788430755949453e-30,0.05788430755949453,0.72894919385265378,2.4804132414621084e-29,0.44174222051275547,5.6150694370643376e-29,0.56150694370643373
0,173,50,43.25,0.97410987629544876,5.7687924306699415e-30,0.057687924306699417,0.72647609846900374,2.4835411149851862e-29,0.44229927035125455,5.6150694370643376e-29,0.56150694370643373
0,174,50,43.5,0.97383173179605875,5.7491524038885074e-30,0.057491524038885078,0.72400278881165736,2.4865425394248557e-29,0.44283380059585981,5.6150694370643376e-29,0.56150694370643373
0,175,50,43.75,0.97355246533894468,5.7295121480766537e-30,0.057295121480766542,0.72152945031203108,2.4894184099393394e-29,0.44334597066725739,5.6150694370643376e-29,0.56150694370643373
0,176,50,44,0.97327208430315193,5.7098731325087003e-30,0.057098731325087006,0.71905626799891353,2.4921696358911806e-29,0.44383594251581204,5.6150694370643376e-29,0.56150694370643373
0,177,50,44.25,0.97299059608615124,5.6902368231291777e-30,0.056902368231291779,0.71658342648176621,2.4947971406246347e-29,0.44430388058192222,5.6150694370643376e-29,0.56150694370643373
0,178,50,44.5,0.97270800810351699,5.6706046824209982e-30,0.056706046824209981,0.71411110993412152,2.4973018612410218e-29,0.44474995175601206,5.6150694370643376e-29,0.56150694370643373
0,179,50,44.75,0.97242432778860677,5.6509781692744647e-30,0.056509781692744648,0.71163950207708715,2.4996847483721325e-29,0.44517432533817675,5.6150694370643376e-29,0.56150694370643373
0,180,50,45,0.97213956259224277,5.6313587388571308e-30,0.056313587388571312,0.7091687861629572,2.5019467659517361e-29,0.44557717299749017,5.6150694370643376e-29,0.56150694370643373
0,181,50,45.25,0.97185371998239178,5.6117478424844902e-30,0.056117478424844901,0.70669914495892772,2.5040888909852256e-29,0.44595866873098006,5.6150694370643376e-29,0.56150694370643373
0,182,50,45.5,0.97156680744384605,5.5921469274915483e-30,0.055921469274915488,0.70423076073092361,2.5061121133174752e-29,0.44631898882228555,5.6150694370643376e-29,0.56150694370643373
0,183,50,45.75,0.97127883247790459,5.5725574371052506e-30,0.055725574371052508,0.70176381522753328,2.5080174353989429e-29,0.44665831180000171,5.6150694370643376e-29,0.56150694370643373
0,184,50,46,0.97098980260205514,5.5529808103178172e-30,0.055529808103178174,0.69929848966405705,2.5098058720500969e-29,0.44697681839572584,5.6150694370643376e-29,0.56150694370643373
0,185,50,46.25,0.97069972534965721,5.5334184817609917e-30,0.055334184817609919,0.69683496470667172,2.5114784502242038e-29,0.44727469150181182,5.6150694370643376e-29,0.56150694370643373
0,186,50,46.5,0.97040860826962361,5.5138718815811591e-30,0.055138718815811595,0.69437342045670303,2.5130362087685263e-29,0.44755211612884133,5.6150694370643376e-29,0.56150694370643373
0,187,50,46.75,0.97011645892610376,5.494342435315418e-30,0.054943424353154184,0.69191403643502003,2.5144801981839986e-29,0.44780927936282394,5.6150694370643376e-29,0.56150694370643373
0,188,50,47,0.96982328489816894,5.474831563768608e-30,0.054748315637686083,0.68945699156654827,2.5158114803834459e-29,0.44804637032213779,5.6150694370643376e-29,0.56150694370643373
0,189,50,47.25,0.96952909377949514,5.4553406828912478e-30,0.054553406828912479,0.68700246416489852,2.5170311284483651e-29,0.44826358011421413,5.6150694370643376e-29,0.56150694370643373
0,190,50,47.5,0.9692338931780482,5.4358712036584425e-30,0.054358712036584426,0.68455063191711751,2.5181402263843521e-29,0.44846110179198112,5.6150694370643376e-29,0.56150694370643373
0,191,50,47.75,0.96893769071576963,5.4164245319497827e-30,0.054164245319497831,0.68210167186856296,2.5191398688752239e-29,0.44863913031007446,5.6150694370643376e-29,0.56150694370643373
0,192,50,48,0.96864049402826302,5.3970020684302e-30,0.053970020684302004,0.67965576040789966,2.520031161035888e-29,0.4487978624808257,5.6150694370643376e-29,0.56150694370643373
0,193,50,48.25,0.96834231076447963,5.3776052084318273e-30,0.053776052084318272,0.67721307325222213,2.5208152181640132e-29,0.44893749693003659,5.6150694370643376e-29,0.56150694370643373
0,194,50,48.5,0.96804314858640683,5.3582353418368525e-30,0.053582353418368527,0.67477378543230171,2.5214931654905561e-29,0.44905823405254974,5.6150694370643376e-29,0.56150694370643373
0,195,50,48.75,0.96774301516875549,5.3388938529613892e-30,0.053388938529613891,0.67233807127796241,2.5220661379292035e-29,0.44916027596762659,5.6150694370643376e-29,0.56150694370643373
0,196,50,49,0.96744191819864922,5.3195821204403744e-30,0.053195821204403748,0.66990610440358578,2.5225352798247841e-29,0.44924382647414107,5.6150694370643376e-29,0.56150694370643373
0,197,50,49.25,0.96713986537531327,5.3003015171134877e-30,0.053003015171134878,0.66747805769374458,2.5229017447006998e-29,0.44930909100559929,5.6150694370643376e-29,0.56150694370643373
0,198,50,49.5,0.96683686440976491,5.2810534099121116e-30,0.05281053409912112,0.66505410328896719,2.523166695005434e-29,0.44935627658499488,5.6150694370643376e-29,0.56150694370643373
0,199,50,49.75,0.96653292302450466,5.2618391597473599e-30,0.052618391597473599,0.66263441257163702,2.5233313018582029e-29,0.44938559177951098,5.6150694370643376e-29,0.56150694370643373
0,200,50,50,0.96622804895320724,5.2426601213991336e-30,0.052426601213991335,0.6602191561520212,2.5233967447937755e-29,0.44939724665507508,5.6150694370643376e-29,0.56150694370643373
0,201,50,50.25,0.96592224994041509,5.2235176434062828e-30,0.052235176434062829,0.65780850385443801,2.5233642115065646e-29,0.44939145273078335,5.6150694370643376e-29,0.56150694370643373
0,202,50,50.5,0.96561553374123044,5.2044130679578126e-30,0.052044130679578131,0.65540262470355659,2.5232348975939864e-29,0.44936842293319534,5.6150694370643376e-29,0.56150694370643373
0,203,50,50.75,0.96530790812101042,5.1853477307851954e-30,0.051853477307851954,0.65300168691083549,2.5230100062991946e-29,0.44932837155051658,5.6150694370643376e-29,0.56150694370643373
0,204,50,51,0.96499938085506165,5.1663229610557655e-30,0.051663229610557658,0.65060585786109759,2.5226907482532118e-29,0.44927151418667427,5.6150694370643376e-29,0.56150694370643373
0,205,50,51.25,0.96468995972833604,5.1473400812672279e-30,0.051473400812672279,0.64821530409924533,2.5222783412165259e-29,0.44919806771529791,5.6150694370643376e-29,0.56150694370643373
0,206,50,51.5,0.96437965253512759,5.1284004071432543e-30,0.051284004071432542,0.64583019131711306,2.5217740098202029e-29,0.449108250233613,5.6150694370643376e-29,0.56150694370643373
0,207,50,51.75,0.96406846707876981,5.1095052475302222e-30,0.051095052475302223,0.64345068434046304,2.5211789853065695e-29,0.44900228101625911,5.6150694370643376e-29,0.56150694370643373
0,208,50,52,0.96375641117133437,5.0906559042950592e-30,0.050906559042950592,0.64107694711612095,2.5204945052695232e-29,0.44888038046904088,5.6150694370643376e-29,0.56150694370643373
0,209,50,52.25,0.96344349263333107,5.0718536722242286e-30,0.050718536722242288,0.6387091426992545,2.5197218133945198e-29,0.44874277008262203,5.6150694370643376e-29,0.56150694370643373
0,210,50,52.5,0.96312971929340729,5.0530998389238441e-30,0.050530998389238441,0.63634743324079523,2.5188621591982956e-29,0.44858967238617148,5.6150694370643376e-29,0.56150694370643373
0,211,50,52.75,0.96281509898805051,5.03439568472095e-30,0.050343956847209499,0.63399197997500611,2.5179167977683782e-29,0.44842131090097292,5.6150694370643376e-29,0.56150694370643373
0,212,50,53,0.96249963956128926,5.0157424825659175e-30,0.050157424825659179,0.63164294320719028,2.5168869895024273e-29,0.44823791009400277,5.6150694370643376e-29,0.56150694370643373
0,213,50,53.25,0.96218334886439849,4.9971414979360454e-30,0.049971414979360453,0.62930048230155111,2.5157739998474917e-29,0.4480396953314944,5.6150694370643376e-29,0.56150694370643373
0,214,50,53.5,0.9618662347556024,4.9785939887402777e-30,0.049785939887402778,0.62696475566919341,2.5145790990391849e-29,0.44782689283248711,5.6150694370643376e-29,0.56150694370643373
0,215,50,53.75,0.96154830509978062,4.9601012052251219e-30,0.049601012052251217,0.62463592075627516,2.5133035618408837e-29,0.44759972962237943,5.6150694370643376e-29,0.56150694370643373
0,216,50,54,0.96122956776817436,4.9416643898817383e-30,0.049416643898817385,0.62231413403230751,2.5119486672829687e-29,0.4473584334864899,5.6150694370643376e-29,0.56150694370643373
0,217,50,54.25,0.96091003063809444,4.9232847773541948e-30,0.049232847773541949,0.61999955097860049,2.5105156984021702e-29,0.44710323292363668,5.6150694370643376e-29,0.56150694370643373
0,218,50,54.5,0.96058970159262991,4.9049635943489341e-30,0.049049635943489343,0.61769232607686275,2.5090059419810778e-29,0.44683435709974634,5.6150694370643376e-29,0.56150694370643373
0,219,50,54.75,0.96026858852035779,4.8867020595454026e-30,0.04886702059545403,0.6153926127979461,2.5074206882878493e-29,0.44655203580149766,5.6150694370643376e-29,0.56150694370643373
0,220,50,55,0.95994669931505383,4.8685013835079022e-30,0.048685013835079026,0.6131005635907455,2.5057612308161896e-29,0.44625649939001433,5.6150694370643376e-29,0.56150694370643373
0,221,50,55.25,0.95962404187540484,4.8503627685986137e-30,0.048503627685986136,0.61081632987124568,2.5040288660256317e-29,0.44594797875461084,5.6150694370643376e-29,0.56150694370643373
0,222,50,55.5,0.95930062410472239,4.8322874088918758e-30,0.048322874088918756,0.60854006201172595,2.5022248930822017e-29,0.44562670526660686,5.6150694370643376e-29,0.56150694370643373
0,223,50,55.75,0.95897645391065567,4.8142764900895933e-30,0.048142764900895932,0.60627190933010755,2.5003506135994617e-29,0.44529291073320926,5.6150694370643376e-29,0.56150694370643373
0,224,50,56,0.95865153920490864,4.7963311894379477e-30,0.047963311894379475,0.60401202007946464,2.4984073313800578e-29,0.44494682735148355,5.6150694370643376e-29,0.56150694370643373
0,225,50,56.25,0.9583258879029567,4.7784526756452643e-30,0.047784526756452644,0.60176054143768165,2.4963963521577559e-29,0.44458868766241261,5.6150694370643376e-29,0.56150694370643373
0,226,50,56.5,0.9579995079237632,4.7606421088011083e-30,0.047606421088011087,0.59951761949726412,2.4943189833400442e-29,0.44421872450505623,5.6150694370643376e-29,0.56150694370643373
0,227,50,56.75,0.95767240718950075,4.742900640296649e-30,0.047429006402966489,0.59728339925531082,2.4921765337513689e-29,0.44383717097082331,5.6150694370643376e-29,0.56150694370643373
0,228,50,57,0.9573445936252698,4.7252294127461743e-30,0.047252294127461743,0.595058024603629,2.4899703133770026e-29,0.44344426035785683,5.6150694370643376e-29,0.56150694370643373
0,229,50,57.25,0.9570160751588217,4.7076295599099202e-30,0.047076295599099205,0.59284163831901693,2.4877016331076535e-29,0.44304022612555083,5.6150694370643376e-29,0.56150694370643373
0,230,50,57.5,0.95668685972028111,4.6901022066180619e-30,0.046901022066180624,0.59063438205369168,2.4853718044848106e-29,0.44262530184919835,5.6150694370643376e-29,0.56150694370643373
0,231,50,57.75,0.95635695524187003,4.6726484686959912e-30,0.046726484686959911,0.58843639632587896,2.4829821394469174e-29,0.44219972117478684,5.6150694370643376e-29,0.56150694370643373
0,232,50,58,0.95602636965763421,4.655269452890806e-30,0.046552694528908062,0.58624782051055613,2.4805339500763853e-29,0.44176371777394341,5.6150694370643376e-29,0.56150694370643373
0,233,50,58.25,0.95569511090316883,4.6379662567990377e-30,0.046379662567990379,0.58406879283035018,2.4780285483475125e-29,0.44131752529904095,5.6150694370643376e-29,0.56150694370643373
0,234,50,58.5,0.95536318691534772,4.6207399687956475e-30,0.04620739968795648,0.58189945034659696,2.4754672458753635e-29,0.44086137733847575,5.6150694370643376e-29,0.56150694370643373
0,235,50,58.75,0.95503060563205255,4.603591667964238e-30,0.04603591667964238,0.57973992895055182,2.4728513536656294e-29,0.44039550737211935,5.6150694370643376e-29,0.56150694370643373
0,236,50,59,0.95469737499190299,4.586522424028517e-30,0.04586522424028517,0.577590363354759,2.4701821818655363e-29,0.43992014872695739,5.6150694370643376e-29,0.56150694370643373
0,237,50,59.25,0.9543635029339903,4.5695332972850341e-30,0.04569533297285034,0.57545088708458092,2.4674610395158448e-29,0.43943553453292272,5.6150694370643376e-29,0.56150694370643373
0,238,50,59.5,0.95402899739760982,4.5526253385371214e-30,0.045526253385371217,0.57332163246987955,2.4646892343039713e-29,0.43894189767892816,5.6150694370643376e-29,0.56150694370643373
0,239,50,59.75,0.95369386632199615,4.535799589030125e-30,0.045357995890301255,0.57120273063685933,2.4618680723182983e-29,0.43843947076911099,5.6150694370643376e-29,0.56150694370643373
0,240,50,60,0.95335811764606004,4.5190570803878673e-30,0.045190570803878671,0.5690943115000664,2.4589988578036961e-29,0.43792848607929347,5.6150694370643376e-29,0.56150694370643373
0,241,50,60.25,0.95302175930812527,4.5023988345503515e-30,0.045023988345503516,0.56699650375454302,2.4560828929183084e-29,0.43740917551366809,5.6150694370643376e-29,0.56150694370643373
0,242,50,60.5,0.95268479924566851,4.4858258637127478e-30,0.044858258637127481,0.56490943486814449,2.4531214774916576e-29,0.43688177056171812,5.6150694370643376e-29,0.56150694370643373
0,243,50,60.75,0.95234724539505977,4.4693391702655974e-30,0.044693391702655974,0.5628332310740084,2.4501159087840829e-29,0.4363465022553753,5.6150694370643376e-29,0.56150694370643373
0,244,50,61,0.95200910569130415,4.4529397467362961e-30,0.044529397467362959,0.56076801736318604,2.4470674812475872e-29,0.43580360112642874,5.6150694370643376e-29,0.56150694370643373
0,245,50,61.25,0.95167038806778548,4.4366285757318066e-30,0.044366285757318068,0.55871391747742782,2.443977486288105e-29,0.43525329716418643,5.6150694370643376e-29,0.56150694370643373
0,246,50,61.5,0.95133110045601121,4.4204066298826513e-30,0.044204066298826512,0.5566710539021299,2.4408472120292585e-29,0.43469581977340227,5.6150694370643376e-29,0.56150694370643373
0,247,50,61.75,0.95099125078535907,4.4042748717881203e-30,0.044042748717881205,0.5546395478594347,2.4376779430776177e-29,0.43413139773247061,5.6150694370643376e-29,0.56150694370643373
0,248,50,62,0.95065084698282465,4.3882342539627688e-30,0.043882342539627688,0.55261951930149256,2.4344709602895274e-29,0.4335602591519,5.6150694370643376e-29,0.56150694370643373
0,249,50,62.25,0.95030989697277046,4.372285718784128e-30,0.043722857187841281,0.55061108690387739,2.4312275405395221e-29,0.43298263143306964,5.6150694370643376e-29,0.56150694370643373
0,250,50,62.5,0.94996840867667742,4.3564301984416949e-30,0.04356430198441695,0.54861436805916253,2.4279489564903815e-29,0.43239874122727828,5.6150694370643376e-29,0.56150694370643373
0,251,50,62.75,0.9496263900128965,4.3406686148871517e-30,0.043406686148871519,0.54662947887065205,2.4246364763648584e-29,0.43180881439509022,5.6150694370643376e-29,0.56150694370643373
0,252,50,63,0.94928384889640338,4.3250018797858488e-30,0.043250018797858489,0.54465653414627069,2.4212913637191229e-29,0.43121307596598824,5.6150694370643376e-29,0.56150694370643373
0,253,50,63.25,0.94894079323855318,4.3094308944695107e-30,0.043094308944695105,0.54269564739260778,2.4179148772179468e-29,0.43061175009833491,5.6150694370643376e-29,0.56150694370643373
0,254,50,63.5,0.94859723094683679,4.293956549890198e-30,0.042939565498901981,0.54074693080912017,2.4145082704116816e-29,0.43000506003965488,5.6150694370643376e-29,0.56150694370643373
0,255,50,63.75,0.94825316992464115,4.2785797265755245e-30,0.042785797265755245,0.53881049528249236,2.4110727915150628e-29,0.42939322808724095,5.6150694370643376e-29,0.56150694370643373
0,256,50,64,0.94790861807100746,4.2633012945850911e-30,0.042633012945850909,0.53688645038114979,2.4076096831878663e-29,0.42877647554909121,5.6150694370643376e-29,0.56150694370643373
0,257,50,64.25,0.94756358328039325,4.248122113468164e-30,0.04248122113468164,0.53497490434992967,2.4041201823174614e-29,0.42815502270518313,5.6150694370643376e-29,0.56150694370643373
0,258,50,64.5,0.94721807344243558,4.2330430322226084e-30,0.042330430322226088,0.53307596410490921,2.400605519803299e-29,0.42752908876909279,5.6150694370643376e-29,0.56150694370643373
0,259,50,64.75,0.94687209644171544,4.2180648892550197e-30,0.042180648892550195,0.53118973522838486,2.3970669203433528e-29,0.42689889184996149,5.6150694370643376e-29,0.56150694370643373
0,260,50,65,0.94652566015752448,4.2031885123421265e-30,0.042031885123421264,0.52931632196401168,2.3935056022225722e-29,0.42626464891482113,5.6150694370643376e-29,0.56150694370643373
0,261,50,65.25,0.94617877246363202,4.188414718593385e-30,0.041884147185933848,0.52745582721209261,2.38992277710335e-29,0.42562657575127799,5.6150694370643376e-29,0.56150694370643373
0,262,50,65.5,0.94583144122805507,4.173744314414822e-30,0.04173744314414822,0.5256083525250258,2.3863196498180651e-29,0.42498488693056613,5.6150694370643376e-29,0.56150694370643373
0,263,50,65.75,0.94548367431282854,4.1591780954740904e-30,0.041591780954740906,0.52377399810290293,2.3826974181637148e-29,0.42433979577097325,5.6150694370643376e-29,0.56150694370643373
0,264,50,66,0.94513547957377908,4.144716846666751e-30,0.04144716846666751,0.52195286278926412,2.3790572726986756e-29,0.4236915143016452,5.6150694370643376e-29,0.56150694370643373
0,265,50,66.25,0.9447868648602975,4.1303613420837507e-30,0.041303613420837507,0.52014504406700146,2.3754003965416143e-29,0.42304025322677358,5.6150694370643376e-29,0.56150694370643373
0,266,50,66.5,0.94443783801511627,4.1161123449801542e-30,0.041161123449801544,0.51835063805442205,2.3717279651726055e-29,0.42238622189017644,5.6150694370643376e-29,0.56150694370643373
0,267,50,66.75,0.94408840687408568,4.1019706077450278e-30,0.041019706077450278,0.51656973950145479,2.3680411462364359e-29,0.42172962824026833,5.6150694370643376e-29,0.56150694370643373
0,268,50,67,0.94373857926595328,4.0879368718725793e-30,0.040879368718725793,0.51480244178601653,2.3643410993481846e-29,0.42107067879543553,5.6150694370643376e-29,0.56150694370643373
0,269,50,67.25,0.94338836301214446,4.0740118679344651e-30,0.040740118679344649,0.51304883691052405,2.3606289759010552e-29,0.42040957860981248,5.6150694370643376e-29,0.56150694370643373
0,270,50,67.5,0.9430377659265452,4.0601963155533183e-30,0.040601963155533181,0.511309015498561,2.3569059188765263e-29,0.41974653123947125,5.6150694370643376e-29,0.56150694370643373
0,271,50,67.75,0.94268679581528492,4.0464909233774468e-30,0.040464909233774472,0.5095830667916913,2.3531730626568181e-29,0.4190817387090231,5.6150694370643376e-29,0.56150694370643373
0,272,50,68,0.94233546047652295,4.0328963890567454e-30,0.040328963890567456,0.50787107864642544,2.3494315328397266e-29,0.41841540147864192,5.6150694370643376e-29,0.56150694370643373
0,273,50,68.25,0.94198376770023529,4.0194133992197588e-30,0.040194133992197588,0.50617313753133253,2.3456824460558241e-29,0.41774771841150915,5.6150694370643376e-29,0.56150694370643373
0,274,50,68.5,0.94163172526800354,4.0060426294519659e-30,0.040060426294519662,0.50448932852430517,2.3419269097880871e-29,0.41707888674169091,5.6150694370643376e-29,0.56150694370643373
0,275,50,68.75,0.9412793409528053,3.9927847442752012e-30,0.039927847442752011,0.50281973530996804,2.338166022193937e-29,0.41640910204244486,5.6150694370643376e-29,0.56150694370643373
0,276,50,69,0.94092662251880621,3.9796403971282663e-30,0.039796403971282666,0.50116444017723638,2.3344008719297487e-29,0.4157385581949663,5.6150694370643376e-29,0.56150694370643373
0,277,50,69.25,0.94057357772115457,3.9666102303487083e-30,0.039666102303487084,0.4995235240170211,2.3306325379778344e-29,0.41506744735757573,5.6150694370643376e-29,0.56150694370643373
0,278,50,69.5,0.94022021430577529,3.9536948751557456e-30,0.039536948751557457,0.49789706632007891,2.3268620894759295e-29,0.41439595993535144,5.6150694370643376e-29,0.56150694370643373
0,279,50,69.75,0.93986654000916836,3.9408949516343574e-30,0.039408949516343578,0.49628514517500838,2.3230905855492024e-29,0.4137242845502116,5.6150694370643376e-29,0.56150694370643373
0,280,50,70,0.93951256255820725,3.9282110687205277e-30,0.039282110687205281,0.49468783726639176,2.3193190751448167e-29,0.41305260801145138,5.6150694370643376e-29,0.56150694370643373
0,281,50,70.25,0.93915828966993897,3.9156438241876124e-30,0.039156438241876125,0.49310521787307826,2.3155485968690474e-29,0.41238111528673438,5.6150694370643376e-29,0.56150694370643373
0,282,50,70.5,0.93880372905138687,3.9031938046338776e-30,0.039031938046338775,0.4915373608666147,2.311780178827002e-29,0.41170998947354848,5.6150694370643376e-29,0.56150694370643373
0,283,50,70.75,0.9384488883993537,3.8908615854711418e-30,0.03890861585471142,0.48998433870981495,2.3080148384649339e-29,0.41103941177112263,5.6150694370643376e-29,0.56150694370643373
0,284,50,71,0.93809377540022809,3.8786477309145596e-30,0.038786477309145598,0.48844622245547381,2.3042535824151906e-29,0.41036956145281389,5.6150694370643376e-29,0.56150694370643373
0,285,50,71.25,0.93773839772979073,3.8665527939735326e-30,0.038665527939735329,0.48692308174522198,2.3004974063438101e-29,0.40970061583896511,5.6150694370643376e-29,0.56150694370643373
0,286,50,71.5,0.93738276305302426,3.8545773164437144e-30,0.038545773164437143,0.48541498480851952,2.2967472948007669e-29,0.40903275027023511,5.6150694370643376e-29,0.56150694370643373
0,287,50,71.75,0.9370268790239229,3.8427218289001539e-30,0.038427218289001537,0.48392199846179229,2.2930042210729142e-29,0.40836613808140892,5.6150694370643376e-29,0.56150694370643373
0,288,50,72,0.93667075328530547,3.8309868506915147e-30,0.038309868506915146,0.48244418810770384,2.2892691470396127e-29,0.40770095057568601,5.6150694370643376e-29,0.56150694370643373
0,289,50,72.25,0.9363143934686281,3.8193728899354044e-30,0.038193728899354046,0.48098161773456749,2.2855430230310728e-29,0.4070373569994527,5.6150694370643376e-29,0.56150694370643373
0,290,50,72.5,0.93595780719380195,3.8078804435148109e-30,0.038078804435148113,0.47953434991589733,2.2818267876894396e-29,0.406375524517542,5.6150694370643376e-29,0.56150694370643373
0,291,50,72.75,0.93560100206900831,3.7965099970755842e-30,0.037965099970755846,0.47810244581009109,2.2781213678325974e-29,0.40571561818897856,5.6150694370643376e-29,0.56150694370643373
0,292,50,73,0.93524398569051925,3.7852620250250311e-30,0.03785262025025031,0.47668596516025336,2.2744276783207511e-29,0.40505780094321758,5.6150694370643376e-29,0.56150694370643373
0,293,50,73.25,0.93488676564251749,3.7741369905315718e-30,0.037741369905315722,0.47528496629415223,2.2707466219257757e-29,0.40440223355687727,5.6150694370643376e-29,0.56150694370643373
0,294,50,73.5,0.9345293494969189,3.7631353455254419e-30,0.037631353455254417,0.47389950612430765,2.2670790892033369e-29,0.40374907463096449,5.6150694370643376e-29,0.56150694370643373
0,295,50,73.75,0.93417174481319665,3.7522575307004824e-30,0.037522575307004827,0.47252964014821686,2.2634259583678276e-29,0.40309848056860159,5.6150694370643376e-29,0.56150694370643373
0,296,50,74,0.93381395913820742,3.7415039755169632e-30,0.037415039755169632,0.47117542244871002,2.2597880951701002e-29,0.40245060555325196,5.6150694370643376e-29,0.56150694370643373
0,297,50,74.25,0.93345600000601858,3.7308750982054507e-30,0.037308750982054509,0.46983690569443731,2.2561663527780218e-29,0.40180560152744743,5.6150694370643376e-29,0.56150694370643373
0,298,50,74.5,0.93309787493773633,3.7203713057716993e-30,0.037203713057716997,0.46851414114048479,2.2525615716598511e-29,0.4011636181720189,5.6150694370643376e-29,0.56150694370643373
0,299,50,74.75,0.93273959144133889,3.7099929940026169e-30,0.037099929940026172,0.46720717862912564,2.2489745794704771e-29,0.4005248028858362,5.6150694370643376e-29,0.56150694370643373
0,300,50,75,0.93238115701150703,3.6997405474732045e-30,0.036997405474732049,0.46591606659069429,2.2454061909404858e-29,0.39988930076605178,5.6150694370643376e-29,0.56150694370643373
0,301,50,75.25,0.93202257912945941,3.6896143395545258e-30,0.036896143395545263,0.46464085204458982,2.2418572077680882e-29,0.3992572545888538,5.6150694370643376e-29,0.56150694370643373
0,302,50,75.5,0.93166386526278777,3.6796147324227003e-30,0.036796147324227008,0.46338158060040863,2.2383284185139256e-29,0.39862880479073204,5.6150694370643376e-29,0.56150694370643373
0,303,50,75.75,0.93130502286529526,3.6697420770688682e-30,0.036697420770688681,0.46213829645919918,2.2348205984987331e-29,0.3980040894502524,5.6150694370643376e-29,0.56150694370643373
0,304,50,76,0.93094605937683572,3.6599967133101857e-30,0.03659996713310186,0.46091104241484682,2.2313345097039017e-29,0.39738324427034777,5.6150694370643376e-29,0.56150694370643373
0,305,50,76.25,0.93058698222315417,3.6503789698017602e-30,0.036503789698017604,0.45969985985557676,2.2278709006749061e-29,0.39676640256111922,5.6150694370643376e-29,0.56150694370643373
0,306,50,76.5,0.93022779881573026,3.6408891640496002e-30,0.036408891640496002,0.45850478876558481,2.2244305064276421e-29,0.39615369522315569,5.6150694370643376e-29,0.56150694370643373
0,307,50,76.75,0.92986851655162195,3.6315276024245161e-30,0.036315276024245162,0.45732586772678807,2.2210140483576545e-29,0.39554525073136793,5.6150694370643376e-29,0.56150694370643373
0,308,50,77,0.92950914281331198,3.6222945801769833e-30,0.036222945801769831,0.45616313392069652,2.2176222341522638e-29,0.39494119511933906,5.6150694370643376e-29,0.56150694370643373
0,309,50,77.25,0.9291496849685561,3.6131903814529704e-30,0.036131903814529708,0.45501662313040631,2.2142557577056091e-29,0.39434165196419424,5.6150694370643376e-29,0.56150694370643373
0,310,50,77.5,0.92879015037023138,3.6042152793106991e-30,0.036042152793106991,0.45388636974271063,2.2109152990365889e-29,0.39374674237198681,5.6150694370643376e-29,0.56150694370643373
0,311,50,77.75,0.92843054635618849,3.5953695357383576e-30,0.035953695357383575,0.45277240675032998,2.2076015242097257e-29,0.39315658496360478,5.6150694370643376e-29,0.56150694370643373
0,312,50,78,0.928070880249104,3.5866534016727242e-30,0.035866534016727243,0.4516747657542578,2.204315085258932e-29,0.39257129586119399,5.6150694370643376e-29,0.56150694370643373
0,313,50,78.25,0.92771115935633464,3.578067117018732e-30,0.035780671170187323,0.4505934769662242,2.2010566201142045e-29,0.39199098867510312,5.6150694370643376e-29,0.56150694370643373
0,314,50,78.5,0.92735139096977426,3.5696109106699392e-30,0.035696109106699396,0.44952856921127377,2.1978267525312301e-29,0.39141577449134712,5.6150694370643376e-29,0.56150694370643373
0,315,50,78.75,0.92699158236571055,3.5612850005298994e-30,0.035612850005298992,0.4484800699304568,2.194626092023907e-29,0.39084576185958941,5.6150694370643376e-29,0.56150694370643373
0,316,50,79,0.92663174080468558,3.5530895935344454e-30,0.035530895935344455,0.4474480051836357,2.191455233799793e-29,0.39028105678164621,5.6150694370643376e-29,0.56150694370643373
0,317,50,79.25,0.92627187353135632,3.5450248856748396e-30,0.035450248856748398,0.44643239965240006,2.1883147586984569e-29,0.38972176270050696,5.6150694370643376e-29,0.56150694370643373
0,318,50,79.5,0.92591198777435779,3.5370910620218264e-30,0.035370910620218264,0.44543327664309584,2.1852052331327588e-29,0.389167980489877,5.6150694370643376e-29,0.56150694370643373
0,319,50,79.75,0.92555209074616729,3.5292882967505482e-30,0.035292882967505483,0.4444506580899632,2.1821272090330402e-29,0.38861980844423838,5.6150694370643376e-29,0.56150694370643373
0,320,50,80,0.9251921896429709,3.5216167531663207e-30,0.035216167531663206,0.44348456455838203,2.1790812237942229e-29,0.38807734226942825,5.6150694370643376e-29,0.56150694370643373
0,321,50,80.25,0.9248322916445304,3.5140765837312616e-30,0.035140765837312619,0.44253501524822586,2.1760678002258152e-29,0.38754067507373585,5.6150694370643376e-29,0.56150694370643373
0,322,50,80.5,0.92447240391405439,3.506667930091803e-30,0.03506667930091803,0.44160202799732606,2.1730874465048478e-29,0.38700989735952013,5.6150694370643376e-29,0.56150694370643373
0,323,50,80.75,0.92411253359806755,3.4993909231069679e-30,0.034993909231069681,0.4406856192850333,2.1701406561316633e-29,0.38648509701533684,5.6150694370643376e-29,0.56150694370643373
0,324,50,81,0.9237526878262845,3.4922456828775637e-30,0.034922456828775636,0.43978580423589336,2.1672279078886624e-29,0.38596635930859108,5.6150694370643376e-29,0.56150694370643373
0,325,50,81.25,0.92339287371148315,3.4852323187761202e-30,0.0348523231877612,0.43890259662341774,2.1643496658018883e-29,0.38545376687869604,5.6150694370643376e-29,0.56150694370643373
0,326,50,81.5,0.9230330983493823,3.4783509294777054e-30,0.034783509294777054,0.43803600887396427,2.1615063791055455e-29,0.38494739973075404,5.6150694370643376e-29,0.56150694370643373
0,327,50,81.75,0.92267336881851747,3.4716016029914901e-30,0.034716016029914899,0.43718605207071176,2.1586984822093618e-29,0.38444733522974373,5.6150694370643376e-29,0.56150694370643373
0,328,50,82,0.92231369218012171,3.4649844166931496e-30,0.034649844166931495,0.43635273595774104,2.1559263946688517e-29,0.38395364809522464,5.6150694370643376e-29,0.56150694370643373
0,329,50,82.25,0.92195407547800479,3.4584994373580239e-30,0.034584994373580237,0.43553606894421026,2.153190521158431e-29,0.38346641039654872,5.6150694370643376e-29,0.56150694370643373
0,330,50,82.5,0.92159452573843748,3.4521467211950782e-30,0.034521467211950783,0.43473605810863203,2.1504912514474071e-29,0.38298569154858464,5.6150694370643376e-29,0.56150694370643373
0,331,50,82.75,0.9212350499700338,3.4459263138816106e-30,0.034459263138816108,0.43395270920324397,2.1478289603788042e-29,0.38251155830794659,5.6150694370643376e-29,0.56150694370643373
0,332,50,83,0.92087565516363878,3.4398382505987469e-30,0.034398382505987472,0.43318602665847894,2.1452040078510544e-29,0.38204407476973373,5.6150694370643376e-29,0.56150694370643373
0,333,50,83.25,0.92051634829221352,3.4338825560676539e-30,0.034338825560676543,0.4324360135875252,2.1426167388025003e-29,0.38158330236477006,5.6150694370643376e-29,0.56150694370643373
0,334,50,83.5,0.9201571363107256,3.428059244586526e-30,0.03428059244586526,0.4317026717909842,2.1400674831987424e-29,0.38112929985735122,5.6150694370643376e-29,0.56150694370643373
0,335,50,83.75,0.91979802615603934,3.422368320068295e-30,0.034223683200682947,0.43098600176161966,2.1375565560227972e-29,0.38068212334349177,5.6150694370643376e-29,0.56150694370643373
0,336,50,84,0.91943902474680739,3.4168097760790566e-30,0.034168097760790564,0.43028600268919659,2.1350842572680548e-29,0.38024182624967079,5.6150694370643376e-29,0.56150694370643373
0,337,50,84.25,0.9190801389833646,3.411383595877225e-30,0.034113835958772251,0.42960267246541201,2.1326508719340388e-29,0.37980845933207696,5.6150694370643376e-29,0.56150694370643373
0,338,50,84.5,0.91872137574762314,3.4060897524533872e-30,0.034060897524533874,0.4289360076889141,2.1302566700249455e-29,0.37938207067634827,5.6150694370643376e-29,0.56150694370643373
0,339,50,84.75,0.91836274190296951,3.400928208570866e-30,0.034009282085708664,0.4282860036704102,2.1279019065509595e-29,0.37896270569780632,5.6150694370643376e-29,0.56150694370643373
0,340,50,85,0.91800424429416283,3.3958989168069614e-30,0.033958989168069616,0.42765265443786038,2.1255868215323235e-29,0.37855040714218124,5.6150694370643376e-29,0.56150694370643373
0,341,50,85.25,0.91764588974723438,3.3910018195948813e-30,0.033910018195948813,0.42703595274175826,2.1233116400061617e-29,0.37814521508682686,5.6150694370643376e-29,0.56150694370643373
0,342,50,85.5,0.9172876850693894,3.3862368492663323e-30,0.033862368492663324,0.42643589006049398,2.1210765720360249e-29,0.37774716694242039,5.6150694370643376e-29,0.56150694370643373
0,343,50,85.75,0.91692963704891017,3.3816039280948028e-30,0.033816039280948028,0.4258524566058054,2.1188818127241805e-29,0.37735629745515153,5.6150694370643376e-29,0.56150694370643373
0,344,50,86,0.91657175245506017,3.3771029683394554e-30,0.033771029683394557,0.42528564132830526,2.1167275422265758e-29,0.37697263870938702,5.6150694370643376e-29,0.56150694370643373
0,345,50,86.25,0.9162140380379904,3.3727338722897043e-30,0.033727338722897043,0.42473543192309515,2.114613925770523e-29,0.37659622013082039,5.6150694370643376e-29,0.56150694370643373
0,346,50,86.5,0.91585650052864709,3.3684965323104152e-30,0.033684965323104152,0.42420181483545744,2.1125411136750475e-29,0.37622706849009568,5.6150694370643376e-29,0.56150694370643373
0,347,50,86.75,0.91549914663868037,3.3643908308877196e-30,0.033643908308877195,0.42368477526662479,2.1105092413738965e-29,0.37586520790690525,5.6150694370643376e-29,0.56150694370643373
0,348,50,87,0.91514198306035544,3.3604166406754748e-30,0.033604166406754746,0.42318429717963113,2.108518429441206e-29,0.37551065985456067,5.6150694370643376e-29,0.56150694370643373
0,349,50,87.25,0.91478501646646415,3.3565738245423076e-30,0.033565738245423075,0.42270036330523569,2.1065687836197871e-29,0.37516344316503064,5.6150694370643376e-29,0.56150694370643373
0,350,50,87.5,0.91442825351023937,3.3528622356192829e-30,0.033528622356192833,0.4222329551479263,2.1046603948520354e-29,0.37482357403444522,5.6150694370643376e-29,0.56150694370643373
0,351,50,87.75,0.91407170082526912,3.3492817173481325e-30,0.033492817173481328,0.42178205299199273,2.1027933393134253e-29,0.37449106602906135,5.6150694370643376e-29,0.56150694370643373
0,352,50,88,0.91371536502541428,3.345832103530108e-30,0.033458321035301081,0.42134763590767893,2.1009676784486074e-29,0.3741659300916913,5.6150694370643376e-29,0.56150694370643373
0,353,50,88.25,0.91335925270472584,3.3425132183753721e-30,0.033425132183753724,0.42092968175740292,2.0991834590100426e-29,0.3738481745485831,5.6150694370643376e-29,0.56150694370643373
0,354,50,88.5,0.91300337043736512,3.3393248765529772e-30,0.033393248765529772,0.42052816720205083,2.0974407130992042e-29,0.37353780511675827,5.6150694370643376e-29,0.56150694370643373
0,355,50,88.75,0.91264772477752409,3.3362668832413865e-30,0.033362668832413865,0.420143067707339,2.0957394582102877e-29,0.37323482491179649,5.6150694370643376e-29,0.56150694370643373
0,356,50,89,0.91229232225934875,3.3333390341795588e-30,0.033333390341795589,0.41977435755024711,2.0940796972764468e-29,0.37293923445606941,5.6150694370643376e-29,0.56150694370643373
0,357,50,89.25,0.9119371693968622,3.3305411157185543e-30,0.033305411157185542,0.41942200982551731,2.0924614187185041e-29,0.37265103168741609,5.6150694370643376e-29,0.56150694370643373
0,358,50,89.5,0.91158227268389092,3.3278729048736876e-30,0.033278729048736876,0.41908599645222172,2.0908845964961435e-29,0.37237021196825959,5.6150694370643376e-29,0.56150694370643373
0,359,50,89.75,0.9112276385939907,3.3253341693771865e-30,0.033253341693771865,0.41876628818039391,2.0893491901615413e-29,0.37209676809515857,5.6150694370643376e-29,0.56150694370643373
0,360,50,90,0.91087327358037595,3.3229246677313832e-30,0.033229246677313834,0.41846285459772736,2.0878551449154436e-29,0.37183069030879395,5.6150694370643376e-29,0.56150694370643373
0,361,50,90.25,0.91051918407584864,3.3206441492623864e-30,0.033206441492623862,0.41817566413633456,2.0864023916656373e-29,0.37157196630438238,5.6150694370643376e-29,0.56150694370643373
0,362,50,90.5,0.91016537649272911,3.3184923541742582e-30,0.033184923541742579,0.41790468407956965,2.0849908470878161e-29,0.37132058124251588,5.6150694370643376e-29,0.56150694370643373
0,363,50,90.75,0.90981185722278968,3.3164690136036912e-30,0.033164690136036915,0.41764988056891378,2.0836204136888259e-29,0.37107651776042527,5.6150694370643376e-29,0.56150694370643373
0,364,50,91,0.90945863263718807,3.3145738496751465e-30,0.033145738496751467,0.41741121861091918,2.0822909798722453e-29,0.37083975598365987,5.6150694370643376e-29,0.56150694370643373
0,365,50,91.25,0.90910570908640254,3.3128065755564658e-30,0.033128065755564658,0.41718866208421201,2.0810024200062954e-29,0.37061027353818121,5.6150694370643376e-29,0.56150694370643373
0,366,50,91.5,0.90875309290016848,3.3111668955149426e-30,0.033111668955149429,0.416982173746554,2.0797545944940525e-29,0.37038804556286781,5.6150694370643376e-29,0.56150694370643373
0,367,50,91.75,0.90840079038741706,3.309654504973847e-30,0.033096545049738468,0.41679171524196035,2.0785473498459451e-29,0.37017304472242613,5.6150694370643376e-29,0.56150694370643373
0,368,50,92,0.90804880783621444,3.3082690905694018e-30,0.033082690905694018,0.41661724710787507,2.0773805187545136e-29,0.36996524122070462,5.6150694370643376e-29,0.56150694370643373
0,369,50,92.25,0.90769715151370223,3.307010330208179e-30,0.033070103302081794,0.41645872878239903,2.0762539201713972e-29,0.3697646028144046,5.6150694370643376e-29,0.56150694370643373
0,370,50,92.5,0.90734582766604022,3.3058778931249348e-30,0.033058778931249345,0.41631611861157314,2.0751673593865465e-29,0.36957109482718747,5.6150694370643376e-29,0.56150694370643373
0,371,50,92.75,0.90699484251834972,3.304871439940856e-30,0.033048714399408562,0.41618937385671356,2.0741206281096148e-29,0.3693846801641697,5.6150694370643376e-29,0.56150694370643373
0,372,50,93,0.90664420227465836,3.3039906227222157e-30,0.033039906227222159,0.41607845070179811,2.0731135045535257e-29,0.36920531932680567,5.6150694370643376e-29,0.56150694370643373
0,373,50,93.25,0.90629391311784613,3.3032350850394352e-30,0.033032350850394354,0.41598330426090441,2.0721457535201795e-29,0.36903297042815125,5.6150694370643376e-29,0.56150694370643373
0,374,50,93.5,0.9059439812095933,3.3026044620265378e-30,0.033026044620265378,0.41590388858569677,2.0712171264882832e-29,0.36886758920850565,5.6150694370643376e-29,0.56150694370643373
0,375,50,93.75,0.90559441269032914,3.3020983804409817e-30,0.03302098380440982,0.41584015667296109,2.0703273617032679e-29,0.36870912905142511,5.6150694370643376e-29,0.56150694370643373
0,376,50,94,0.90524521367918176,3.3017164587238692e-30,0.033017164587238697,0.4157920604721872,2.0694761842692841e-29,0.3685575410001064,5.6150694370643376e-29,0.56150694370643373
0,377,50,94.25,0.90489639027392987,3.3014583070605329e-30,0.033014583070605327,0.41575955089319855,2.0686633062432411e-29,0.36841277377413462,5.6150694370643376e-29,0.56150694370643373
0,378,50,94.5,0.90454794855095544,3.3013235274414765e-30,0.033013235274414764,0.41574257781382673,2.0678884267308672e-29,0.36827477378659051,5.6150694370643376e-29,0.56150694370643373
0,379,50,94.75,0.90419989456519778,3.3013117137236564e-30,0.033013117137236564,0.41574109008762866,2.0671512319847623e-29,0.36814348516151341,5.6150694370643376e-29,0.56150694370643373
0,380,50,95,0.90385223435010853,3.3014224516921238e-30,0.033014224516921237,0.41575503555164933,2.0664513955044253e-29,0.36801884975171462,5.6150694370643376e-29,0.56150694370643373
0,381,50,95.25,0.90350497391760876,3.3016553191219915e-30,0.033016553191219919,0.41578436103422545,2.0657885781382287e-29,0.36790080715693896,5.6150694370643376e-29,0.56150694370643373
0,382,50,95.5,0.90315811925804645,3.3020098858407308e-30,0.033020098858407308,0.4158290123628306,2.0651624281873026e-29,0.36778929474236527,5.6150694370643376e-29,0.56150694370643373
0,383,50,95.75,0.90281167634015502,3.3024857137907844e-30,0.033024857137907843,0.41588893437196017,2.0645725815113231e-29,0.36768424765744662,5.6150694370643376e-29,0.56150694370643373
0,384,50,96,0.90246565111101518,3.3030823570924978e-30,0.033030823570924982,0.41596407091105669,2.0640186616361626e-29,0.36758559885508196,5.6150694370643376e-29,0.56150694370643373
0,385,50,96.25,0.90212004949601454,3.3037993621073364e-30,0.033037993621073368,0.41605436485247038,2.0635002798633741e-29,0.36749327911111468,5.6150694370643376e-29,0.56150694370643373
0,386,50,96.5,0.90177487739881201,3.3046362675014236e-30,0.033046362675014235,0.41615975809946115,2.0630170353815054e-29,0.36740721704415624,5.6150694370643376e-29,0.56150694370643373
0,387,50,96.75,0.90143014070130045,3.3055926043093424e-30,0.033055926043093424,0.41628019159423302,2.0625685153791863e-29,0.36732733913572679,5.6150694370643376e-29,0.56150694370643373
0,388,50,97,0.90108584526357305,3.3066678959982302e-30,0.033066678959982304,0.41641560532600574,2.0621542951599859e-29,0.36725356975070966,5.6150694370643376e-29,0.56150694370643373
0,389,50,97.25,0.90074199692388879,3.3078616585321361e-30,0.033078616585321359,0.41656593833911953,2.0617739382589933e-29,0.36718583115811421,5.6150694370643376e-29,0.56150694370643373
0,390,50,97.5,0.90039860149864048,3.3091734004366492e-30,0.033091734004366491,0.41673112874117357,2.0614269965611177e-29,0.36712404355214351,5.6150694370643376e-29,0.56150694370643373
0,391,50,97.75,0.90005566478232313,3.3106026228637786e-30,0.033106026228637786,0.41691111371119699,2.0611130104210571e-29,0.36706812507356013,5.6150694370643376e-29,0.56150694370643373
0,392,50,98,0.89971319254750448,3.3121488196570885e-30,0.033121488196570889,0.41710582950785091,2.0608315087849256e-29,0.36701799183134709,5.6150694370643376e-29,0.56150694370643373
0,393,50,98.25,0.89937119054479553,3.3138114774170614e-30,0.033138114774170613,0.41731521147766021,2.0605820093135003e-29,0.36697355792465691,5.6150694370643376e-29,0.56150694370643373
0,394,50,98.5,0.89902966450282273,3.3155900755667044e-30,0.033155900755667045,0.41753919406327505,2.0603640185070649e-29,0.36693473546504557,5.6150694370643376e-29,0.56150694370643373
0,395,50,98.75,0.89868862012820194,3.3174840864173815e-30,0.033174840864173813,0.41777771081176168,2.0601770318318268e-29,0.36690143459898611,5.6150694370643376e-29,0.56150694370643373
0,396,50,99,0.8983480631055123,3.3194929752348537e-30,0.033194929752348536,0.41803069438291884,2.0600205338478659e-29,0.36687356353065564,5.6150694370643376e-29,0.56150694370643373
0,397,50,99.25,0.89800799909727202,3.3216162003055481e-30,0.03321616200305548,0.41829807655762302,2.0598939983386081e-29,0.36685102854499319,5.6150694370643376e-29,0.56150694370643373
0,398,50,99.5,0.89766843374391569,3.3238532130030125e-30,0.033238532130030127,0.41857978824619752,2.0597968884417736e-29,0.36683373403102093,5.6150694370643376e-29,0.56150694370643373
0,399,50,99.75,0.89732937266377122,3.3262034578545739e-30,0.033262034578545742,0.4188757594968065,2.0597286567817815e-29,0.36682158250542418,5.6150694370643376e-29,0.56150694370643373
0,400,50,100,0.89699082145303966,3.3286663726081913e-30,0.033286663726081911,0.4191859195038744,2.0596887456035921e-29,0.36681447463638767,5.6150694370643376e-29,0.56150694370643373
0,401,50,100.25,0.89665278568577467,3.3312413882994699e-30,0.033312413882994697,0.41951019661652467,2.0596765869079306e-29,0.36681230926767805,5.6150694370643376e-29,0.56150694370643373
0,402,50,100.5,0.89631527091386354,3.3339279293188828e-30,0.033339279293188827,0.41984851834704556,2.0596916025879034e-29,0.36681498344297386,5.6150694370643376e-29,0.56150694370643373
0,403,50,100.75,0.89597828266701041,3.336725413479127e-30,0.033367254134791274,0.4202008113793721,2.0597332045669389e-29,0.36682239243043191,5.6150694370643376e-29,0.56150694370643373
0,404,50,101,0.89564182645271828,3.3396332520826581e-30,0.033396332520826584,0.42056700157759103,2.0598007949380504e-29,0.36683442974748898,5.6150694370643376e-29,0.56150694370643373
0,405,50,101.25,0.89530590775627428,3.3426508499893791e-30,0.033426508499893794,0.42094701399446494,2.0598937661043824e-29,0.36685098718589187,5.6150694370643376e-29,0.56150694370643373
0,406,50,101.5,0.89497053204073451,3.3457776056844632e-30,0.033457776056844635,0.42134077287997346,2.0600115009210111e-29,0.3668719548369509,5.6150694370643376e-29,0.56150694370643373
0,407,50,101.75,0.89463570474691023,3.3490129113463259e-30,0.03349012911346326,0.42174820168987287,2.060153372837971e-29,0.36689722111701212,5.6150694370643376e-29,0.56150694370643373
0,408,50,102,0.89430143129335649,3.3523561529147325e-30,0.033523561529147324,0.42216922309427335,2.060318746044488e-29,0.36692667279314373,5.6150694370643376e-29,0.56150694370643373
0,409,50,102.25,0.89396771707635891,3.3558067101590122e-30,0.033558067101590122,0.42260375898622898,2.060506975614363e-29,0.3669601950090281,5.6150694370643376e-29,0.56150694370643373
0,410,50,102.5,0.89363456746992465,3.3593639567464249e-30,0.033593639567464251,0.42305173049034772,2.0607174076525238e-29,0.36699767131106131,5.6150694370643376e-29,0.56150694370643373
0,411,50,102.75,0.89330198782577197,3.3630272603106032e-30,0.033630272603106033,0.42351305797140992,2.0609493794426561e-29,0.3670389836746451,5.6150694370643376e-29,0.56150694370643373
0,412,50,103,0.8929699834733219,3.3667959825201274e-30,0.033667959825201273,0.42398766104300467,2.0612022195959427e-29,0.3670840125306763,5.6150694370643376e-29,0.56150694370643373
0,413,50,103.25,0.89263855971969086,3.3706694791471855e-30,0.033706694791471856,0.42447545857617597,2.0614752482008388e-29,0.36713263679222041,5.6150694370643376e-29,0.56150694370643373
0,414,50,103.5,0.89230772184968399,3.3746471001363312e-30,0.033746471001363312,0.42497636870808159,2.0617677769738801e-29,0.36718473388136952,5.6150694370643376e-29,0.56150694370643373
0,415,50,103.75,0.89197747512578929,3.3787281896733314e-30,0.033787281896733315,0.42549030885066325,2.0620791094114826e-29,0.36724017975627671,5.6150694370643376e-29,0.56150694370643373
0,416,50,104,0.89164782478817328,3.3829120862540808e-30,0.033829120862540807,0.42601719569932522,2.0624085409427041e-29,0.3672988489383614,5.6150694370643376e-29,0.56150694370643373
0,417,50,104.25,0.89131877605467713,3.3871981227536026e-30,0.033871981227536027,0.42655694524162358,2.0627553590829465e-29,0.36736061453968294,5.6150694370643376e-29,0.56150694370643373
0,418,50,104.5,0.89099033412081408,3.3915856264951204e-30,0.033915856264951208,0.42710947276596473,2.0631188435885693e-29,0.36742534829047563,5.6150694370643376e-29,0.56150694370643373
0,419,50,104.75,0.89066250415976722,3.3960739193191661e-30,0.033960739193191661,0.42767469287030824,2.0634982666123661e-29,0.3674929205668383,5.6150694370643376e-29,0.56150694370643373
0,420,50,105,0.89033529132238853,3.4006623176527749e-30,0.03400662317652775,0.42825251947088061,2.0638928928599051e-29,0.36756320041857693,5.6150694370643376e-29,0.56150694370643373
0,421,50,105.25,0.89000870073719973,3.4053501325787027e-30,0.034053501325787029,0.42884286581089226,2.0643019797466816e-29,0.36763605559719259,5.6150694370643376e-29,0.56150694370643373
0,422,50,105.5,0.88968273751039206,3.4101366699047045e-30,0.034101366699047043,0.42944564446926153,2.064724777556063e-29,0.36771135258401,5.6150694370643376e-29,0.56150694370643373
0,423,50,105.75,0.8893574067258283,3.4150212302328362e-30,0.034150212302328363,0.43006076736934229,2.0651605295979927e-29,0.36778895661844158,5.6150694370643376e-29,0.56150694370643373
0,424,50,106,0.88903271344504609,3.4200031090287936e-30,0.034200031090287936,0.4306881457876558,2.0656084723684287e-29,0.36786873172638218,5.6150694370643376e-29,0.56150694370643373
0,425,50,106.25,0.88870866270726068,3.4250815966912839e-30,0.034250815966912838,0.4313276903626268,2.0660678357094893e-29,0.3679505407487299,5.6150694370643376e-29,0.56150694370643373
0,426,50,106.5,0.88838525952936986,3.4302559786213877e-30,0.034302559786213875,0.43197931110331861,2.0665378429702563e-29,0.36803424537002355,5.6150694370643376e-29,0.56150694370643373
0,427,50,106.75,0.8880625089059585,3.435525535291975e-30,0.03435525535291975,0.43264291739817445,2.0670177111682496e-29,0.36811970614720035,5.6150694370643376e-29,0.56150694370643373
0,428,50,107,0.88774041580930585,3.440889542317097e-30,0.034408895423170972,0.43331841802375659,2.0675066511514945e-29,0.36820678253845873,5.6150694370643376e-29,0.56150694370643373
0,429,50,107.25,0.88741898518939111,3.4463472705213904e-30,0.034463472705213903,0.43400572115348612,2.0680038677611893e-29,0.36829533293222816,5.6150694370643376e-29,0.56150694370643373
0,430,50,107.5,0.8870982219739022,3.451897986009482e-30,0.03451897986009482,0.43470473436638341,2.0685085599949262e-29,0.36838521467623753,5.6150694370643376e-29,0.56150694370643373
0,431,50,107.75,0.88677813106824377,3.457540950235375e-30,0.03457540950235375,0.43541536465580621,2.0690199211704454e-29,0.36847628410667838,5.6150694370643376e-29,0.56150694370643373
0,432,50,108,0.8864587173555466,3.4632754200718256e-30,0.034632754200718256,0.4361375184381861,2.0695371390898848e-29,0.3685683965774566,5.6150694370643376e-29,0.56150694370643373
0,433,50,108.25,0.88613998569667851,3.4691006478797081e-30,0.034691006478797082,0.43687110156176401,2.0700593962045124e-29,0.36866140648953005,5.6150694370643376e-29,0.56150694370643373
0,434,50,108.5,0.88582194093025424,3.4750158815773318e-30,0.03475015881577332,0.4376160193153194,2.0705858697798889e-29,0.36875516732032254,5.6150694370643376e-29,0.56150694370643373
0,435,50,108.75,0.88550458787264841,3.4810203647097558e-30,0.034810203647097561,0.43837217643689919,2.0711157320614604e-29,0.3688495316532146,5.6150694370643376e-29,0.56150694370643373
0,436,50,109,0.88518793131800688,3.4871133365180372e-30,0.034871133365180371,0.43913947712253809,2.0716481504405224e-29,0.36894435120710073,5.6150694370643376e-29,0.56150694370643373
0,437,50,109.25,0.88487197603826084,3.4932940320084641e-30,0.034932940320084642,0.43991782503497789,2.0721822876205555e-29,0.36903947686601196,5.6150694370643376e-29,0.56150694370643373
0,438,50,109.5,0.88455672678314101,3.4995616820217334e-30,0.034995616820217332,0.44070712331237843,2.0727173017838896e-29,0.36913475870879786,5.6150694370643376e-29,0.56150694370643373
0,439,50,109.75,0.88424218828019152,3.5059155133020669e-30,0.035059155133020672,0.44150727457702205,2.0732523467586616e-29,0.36923004603886012,5.6150694370643376e-29,0.56150694370643373
0,440,50,110,0.88392836523478635,3.5123547485662814e-30,0.035123547485662814,0.44231818094401143,2.0737865721860527e-29,0.36932518741393638,5.6150694370643376e-29,0.56150694370643373
0,441,50,110.25,0.88361526233014542,3.5188786065728035e-30,0.035188786065728034,0.44313974402996104,2.0743191236877796e-29,0.3694200306759291,5.6150694370643376e-29,0.56150694370643373
0,442,50,110.5,0.8833028842273517,3.5254863021906082e-30,0.035254863021906085,0.44397186496167851,2.0748491430337952e-29,0.3695144229807717,5.6150694370643376e-29,0.56150694370643373
0,443,50,110.75,0.88299123556536818,3.5321770464680742e-30,0.035321770464680741,0.44481444438483564,2.0753757683101719e-29,0.36960821082832712,5.6150694370643376e-29,0.56150694370643373
0,444,50,111,0.88268032096105742,3.5389500467017993e-30,0.035389500467017991,0.44566738247263488,2.0758981340871734e-29,0.36970124009232047,5.6150694370643376e-29,0.56150694370643373
0,445,50,111.25,0.88237014500919975,3.5458045065052964e-30,0.035458045065052964,0.44653057893445985,2.0764153715874329e-29,0.36979335605028979,5.6150694370643376e-29,0.56150694370643373
0,446,50,111.5,0.88206071228251404,3.5527396258776359e-30,0.035527396258776357,0.44740393302452008,2.0769266088542655e-29,0.36988440341356155,5.6150694370643376e-29,0.56150694370643373
0,447,50,111.75,0.88175202733167679,3.559754601271969e-30,0.035597546012719694,0.44828734355047994,2.0774309709200364e-29,0.36997422635723554,5.6150694370643376e-29,0.56150694370643373
0,448,50,112,0.88144409468534468,3.5668486256639832e-30,0.035668486256639834,0.44918070888207945,2.0779275799746045e-29,0.37006266855018333,5.6150694370643376e-29,0.56150694370643373
0,449,50,112.25,0.88113691885017587,3.5740208886202407e-30,0.035740208886202406,0.45008392695974059,2.0784155555337799e-29,0.37014957318504937,5.6150694370643376e-29,0.56150694370643373
0,450,50,112.5,0.88083050431085186,3.581270576366427e-30,0.035812705763664271,0.4509968953031615,2.0788940146077864e-29,0.37023478300825263,5.6150694370643376e-29,0.56150694370643373
0,451,50,112.75,0.88052485553010185,3.5885968718554744e-30,0.035885968718554748,0.45191951101989586,2.079362071869691e-29,0.37031814034998295,5.6150694370643376e-29,0.56150694370643373
0,452,50,113,0.88021997694872567,3.5959989548356033e-30,0.035959989548356032,0.45285167081392114,2.0798188398237929e-29,0.3703994871541893,5.6150694370643376e-29,0.56150694370643373
0,453,50,113.25,0.87991587298561791,3.6034760019181993e-30,0.036034760019181995,0.4537932709941867,2.0802634289739092e-29,0.37047866500855053,5.6150694370643376e-29,0.56150694370643373
0,454,50,113.5,0.87961254803779354,3.6110271866456293e-30,0.036110271866456295,0.45474420748315392,2.0806949479915835e-29,0.37055551517443203,5.6150694370643376e-29,0.56150694370643373
0,455,50,113.75,0.87931000648041346,3.6186516795588856e-30,0.036186516795588861,0.45570437582531492,2.0811125038841365e-29,0.37062987861681379,5.6150694370643376e-29,0.56150694370643373
0,456,50,114,0.87900825266681026,3.6263486482651228e-30,0.036263486482651229,0.45667367119569724,2.08151520216257e-29,0.37070159603419345,5.6150694370643376e-29,0.56150694370643373
0,457,50,114.25,0.87870729092851552,3.6341172575050596e-30,0.036341172575050595,0.45765198840835247,2.0819021470092869e-29,0.37077050788845523,5.6150694370643376e-29,0.56150694370643373
0,458,50,114.5,0.878407125575287,3.6419566692202468e-30,0.036419566692202469,0.45863922192482692,2.082272441445596e-29,0.37083645443470181,5.6150694370643376e-29,0.56150694370643373
0,459,50,114.75,0.8781077608951362,3.6498660426201789e-30,0.036498660426201791,0.45963526586261338,2.082625187498979e-29,0.37089927575104292,5.6150694370643376e-29,0.56150694370643373
0,460,50,115,0.87780920115435779,3.6578445342492847e-30,0.036578445342492848,0.46064001400358734,2.0829594863701041e-29,0.37095881176833922,5.6150694370643376e-29,0.56150694370643373
0,461,50,115.25,0.87751145059755775,3.6658912980537591e-30,0.03665891298053759,0.46165335980242334,2.0832744385995491e-29,0.37101490229989453,5.6150694370643376e-29,0.56150694370643373
0,462,50,115.5,0.87721451344768364,3.6740054854482319e-30,0.036740054854482319,0.4626751963949905,2.0835691442342055e-29,0.37106738707109099,5.6150694370643376e-29,0.56150694370643373
0,463,50,115.75,0.87691839390605431,3.6821862453823048e-30,0.036821862453823052,0.46370541660673187,2.0838427029933578e-29,0.37111610574896636,5.6150694370643376e-29,0.56150694370643373
0,464,50,116,0.87662309615239131,3.6904327244069115e-30,0.03690432724406912,0.46474391296102119,2.0840942144343959e-29,0.37116089797172641,5.6150694370643376e-29,0.56150694370643373
0,465,50,116.25,0.87632862434484926,3.6987440667405151e-30,0.036987440667405148,0.46579057768749937,2.0843227781181355e-29,0.37120160337818692,5.6150694370643376e-29,0.56150694370643373
0,466,50,116.5,0.87603498262004842,3.707119414335159e-30,0.037071194143351589,0.46684530273039232,2.08452749377374e-29,0.37123806163714507,5.6150694370643376e-29,0.56150694370643373
0,467,50,116.75,0.87574217509310626,3.7155579069423159e-30,0.037155579069423163,0.46790797975680337,2.0847074614631957e-29,0.37127011247667124,5.6150694370643376e-29,0.56150694370643373
0,468,50,117,0.87545020585767053,3.7240586821785969e-30,0.037240586821785972,0.46897850016498838,2.0848617817453365e-29,0.37129759571332049,5.6150694370643376e-29,0.56150694370643373
0,469,50,117.25,0.87515907898595302,3.7326208755912645e-30,0.037326208755912645,0.47005675509260575,2.0849895558393839e-29,0.37132035128125773,5.6150694370643376e-29,0.56150694370643373
0,470,50,117.5,0.87486879852876209,3.7412436207235619e-30,0.037412436207235618,0.47114263542494361,2.0850898857879731e-29,0.3713382192612914,5.6150694370643376e-29,0.56150694370643373
0,471,50,117.75,0.8745793685155383,3.7499260491798866e-30,0.037499260491798865,0.47223603180312712,2.0851618746196652e-29,0.37135103990981572,5.6150694370643376e-29,0.56150694370643373
0,472,50,118,0.87429079295438816,3.7586672906907442e-30,0.03758667290690744,0.47333683463229836,2.0852046265108907e-29,0.37135865368765136,5.6150694370643376e-29,0.56150694370643373
0,473,50,118.25,0.87400307583211934,3.7674664731775337e-30,0.037674664731775338,0.47444493408977484,2.0852172469473226e-29,0.37136090128878491,5.6150694370643376e-29,0.56150694370643373
0,474,50,118.5,0.87371622111427705,3.7763227228171399e-30,0.037763227228171402,0.47556022013318366,2.0851988428846533e-29,0.37135762366900205,5.6150694370643376e-29,0.56150694370643373
0,475,50,118.75,0.87343023274517917,3.7852351641063203e-30,0.037852351641063202,0.47668258250857004,2.0851485229087454e-29,0.37134866207440875,5.6150694370643376e-29,0.56150694370643373
0,476,50,119,0.87314511464795319,3.7942029199259031e-30,0.037942029199259035,0.47781191075848189,2.0850653973951383e-29,0.37133385806983876,5.6150694370643376e-29,0.56150694370643373
0,477,50,119.25,0.87286087072457297,3.8032251116047751e-30,0.038032251116047751,0.47894809423002782,2.0849485786678888e-29,0.37131305356714139,5.6150694370643376e-29,0.56150694370643373
0,478,50,119.5,0.87257750485589647,3.8123008589836827e-30,0.038123008589836825,0.48009102208291182,2.084797181157728e-29,0.37128609085334813,5.6150694370643376e-29,0.56150694370643373
0,479,50,119.75,0.87229502090170308,3.8214292804788016e-30,0.038214292804788018,0.48124058329743874,2.0846103215594953e-29,0.37125281261871063,5.6150694370643376e-29,0.56150694370643373
0,480,50,120,0.87201342270073212,3.8306094931451207e-30,0.038306094931451207,0.48239666668249626,2.0843871189888539e-29,0.37121306198461013,5.6150694370643376e-29,0.56150694370643373
0,481,50,120.25,0.87173271407072039,3.8398406127395886e-30,0.038398406127395888,0.48355916088350726,2.0841266951382366e-29,0.37116668253133067,5.6150694370643376e-29,0.56150694370643373
0,482,50,120.5,0.87145289880844323,3.8491217537840835e-30,0.038491217537840836,0.48472795439035948,2.0838281744320389e-29,0.37111351832569728,5.6150694370643376e-29,0.56150694370643373
0,483,50,120.75,0.87117398068975194,3.8584520296281142e-30,0.038584520296281143,0.48590293554530178,2.0834906841809896e-29,0.37105341394856861,5.6150694370643376e-29,0.56150694370643373
0,484,50,121,0.87089596346961407,3.8678305525113484e-30,0.038678305525113484,0.48708399255081841,2.0831133547357233e-29,0.3709862145221865,5.6150694370643376e-29,0.56150694370643373
0,485,50,121.25,0.87061885088215341,3.8772564336258801e-30,0.038772564336258801,0.48827101347747054,2.0826953196395031e-29,0.37091176573737528,5.6150694370643376e-29,0.56150694370643373
0,486,50,121.5,0.87034264664069116,3.8867287831783135e-30,0.038867287831783136,0.4894638862717145,2.0822357157801002e-29,0.37082991388058978,5.6150694370643376e-29,0.56150694370643373
0,487,50,121.75,0.87006735443778604,3.8962467104515746e-30,0.038962467104515744,0.49066249876368578,2.0817336835407761e-29,0.37074050586080465,5.6150694370643376e-29,0.56150694370643373
0,488,50,122,0.86979297794527544,3.9058093238665222e-30,0.039058093238665222,0.49186673867495811,2.0811883669503791e-29,0.37064338923624479,5.6150694370643376e-29,0.56150694370643373
0,489,50,122.25,0.86951952081431694,3.9154157310433238e-30,0.039154157310433237,0.49307649362627243,2.0805989138325203e-29,0.3705384122409528,5.6150694370643376e-29,0.56150694370643373
0,490,50,122.5,0.86924698667543043,3.9250650388625772e-30,0.039250650388625775,0.4942916511452341,2.0799644759538059e-29,0.37042542381118798,5.6150694370643376e-29,0.56150694370643373
0,491,50,122.75,0.86897537913854028,3.93475635352623e-30,0.039347563535262302,0.4955120986739846,2.0792842091711265e-29,0.37030427361165724,5.6150694370643376e-29,0.56150694370643373
0,492,50,123,0.86870470179301695,3.9444887806182202e-30,0.039444887806182202,0.49673772357683832,2.078557273577949e-29,0.3701748120615686,5.6150694370643376e-29,0.56150694370643373
0,493,50,123.25,0.8684349582077211,3.9542614251649083e-30,0.039542614251649087,0.49796841314789259,2.0777828336496336e-29,0.37003689036051118,5.6150694370643376e-29,0.56150694370643373
0,494,50,123.5,0.86816615193104529,3.9640733916952512e-30,0.039640733916952511,0.49920405461860579,2.0769600583877265e-29,0.36989036051415236,5.6150694370643376e-29,0.56150694370643373
0,495,50,123.75,0.86789828649095868,3.9739237843007332e-30,0.039739237843007334,0.50044453516534426,2.0760881214632241e-29,0.3697350753597522,5.6150694370643376e-29,0.56150694370643373
0,496,50,124,0.86763136539504948,3.9838117066950442e-30,0.039838117066950444,0.50168974191689819,2.075166201358783e-29,0.36957088859148968,5.6150694370643376e-29,0.56150694370643373
0,497,50,124.25,0.86736539213056973,3.9937362622735258e-30,0.039937362622735256,0.50293956196196732,2.0741934815098658e-29,0.36939765478560005,5.6150694370643376e-29,0.56150694370643373
0,498,50,124.5,0.86710037016447916,4.0036965541723467e-30,0.040036965541723465,0.50419388235661311,2.0731691504448015e-29,0.36921522942531815,5.6150694370643376e-29,0.56150694370643373
0,499,50,124.75,0.86683630294348957,4.013691685327437e-30,0.040136916853274369,0.50545259013168087,2.0720924019237369e-29,0.36902346892562476,5.6150694370643376e-29,0.56150694370643373
0,500,50,125,0.86657319389410992,4.0237207585331647e-30,0.040237207585331648,0.50671557230018827,2.0709624350764753e-29,0.36882223065779446,5.6150694370643376e-29,0.56150694370643373
0,501,50,125.25,0.86631104642269086,4.0337828765007512e-30,0.040337828765007515,0.50798271586468269,2.0697784545391681e-29,0.36861137297373953,5.6150694370643376e-29,0.56150694370643373
0,502,50,125.5,0.86604986391547067,4.0438771419164495e-30,0.040438771419164493,0.50925390782456659,2.0685396705898662e-29,0.3683907552301503,5.6150694370643376e-29,0.56150694370643373
0,503,50,125.75,0.86578964973861972,4.0540026574994187e-30,0.040540026574994191,0.51052903518338688,2.0672452992828778e-29,0.36816023781242357,5.6150694370643376e-29,0.56150694370643373
0,504,50,126,0.86553040723828734,4.0641585260593927e-30,0.040641585260593929,0.51180798495609647,2.0658945625819649e-29,0.36791968215838355,5.6150694370643376e-29,0.56150694370643373
0,505,50,126.25,0.86527213974064676,4.0743438505540387e-30,0.040743438505540387,0.51309064417627781,2.0644866884923179e-29,0.36766895078178585,5.6150694370643376e-29,0.56150694370643373
0,506,50,126.5,0.86501485055194194,4.0845577341460792e-30,0.040845577341460791,0.51437689990333657,2.0630209111913175e-29,0.36740790729560469,5.6150694370643376e-29,0.56150694370643373
0,507,50,126.75,0.86475854295853349,4.0947992802601351e-30,0.040947992802601349,0.51566663922965961,2.061496471158062e-29,0.3671364164351012,5.6150694370643376e-29,0.56150694370643373
0,508,50,127,0.8645032202269457,4.105067592639309e-30,0.041050675926393089,0.51695974928774102,2.0599126153016453e-29,0.36685434408066836,5.6150694370643376e-29,0.56150694370643373
0,509,50,127.25,0.86424888560391289,4.1153617754014842e-30,0.04115361775401484,0.51825611725727172,2.0582685970881635e-29,0.36656155728045003,5.6150694370643376e-29,0.56150694370643373
0,510,50,127.5,0.86399554231642661,4.1256809330953851e-30,0.041256809330953853,0.51955563037219943,2.0565636766664528e-29,0.3662579242727339,5.6150694370643376e-29,0.56150694370643373
0,511,50,127.75,0.86374319357178253,4.1360241707563195e-30,0.041360241707563195,0.52085817592774841,2.0547971209925194e-29,0.36594331450811146,5.6150694370643376e-29,0.56150694370643373
0,512,50,128,0.86349184255762856,4.1463905939616973e-30,0.041463905939616977,0.52216364128741066,2.0529682039526717e-29,0.36561759867140692,5.6150694370643376e-29,0.56150694370643373
0,513,50,128.25,0.86324149244201098,4.1567793088862284e-30,0.041567793088862284,0.52347191388989767,2.0510762064853198e-29,0.36528064870336857,5.6150694370643376e-29,0.56150694370643373
0,514,50,128.5,0.86299214637342381,4.1671894223568879e-30,0.04167189422356888,0.52478288125606198,2.0491204167014489e-29,0.36493233782212442,5.6150694370643376e-29,0.56150694370643373
0,515,50,128.75,0.86274380748085489,4.1776200419075709e-30,0.041776200419075711,0.52609643099578018,2.0471001300037276e-29,0.36457254054439431,5.6150694370643376e-29,0.56150694370643373
0,516,50,129,0.86249647887383574,4.1880702758334868e-30,0.041880702758334866,0.52741245081480259,2.0450146492042684e-29,0.36420113270646215,5.6150694370643376e-29,0.56150694370643373
0,517,50,129.25,0.86225016364248763,4.1985392332452654e-30,0.041985392332452652,0.52873082852156705,2.0428632846409912e-29,0.36381799148489924,5.6150694370643376e-29,0.56150694370643373
0,518,50,129.5,0.86200486485757177,4.2090260241227985e-30,0.042090260241227986,0.53005145203397963,2.04064535429262e-29,0.36342299541704459,5.6150694370643376e-29,0.56150694370643373
0,519,50,129.75,0.86176058557053659,4.2195297593687727e-30,0.042195297593687731,0.53137420938615587,2.0383601838922548e-29,0.36301602442123093,5.6150694370643376e-29,0.56150694370643373
0,520,50,130,0.86151732881356669,4.2300495508619584e-30,0.042300495508619584,0.53269898873513122,2.0360071070395447e-29,0.36259695981676177,5.6150694370643376e-29,0.56150694370643373
0,521,50,130.25,0.86127509759963117,4.2405845115101657e-30,0.042405845115101662,0.53402567836753068,2.033585465311418e-29,0.36216568434363194,5.6150694370643376e-29,0.56150694370643373
0,522,50,130.5,0.86103389492253313,4.2511337553029717e-30,0.042511337553029716,0.53535416670620817,2.0310946083713911e-29,0.36172208218199436,5.6150694370643376e-29,0.56150694370643373
0,523,50,130.75,0.86079372375695817,4.2616963973641222e-30,0.042616963973641224,0.53668434231684592,2.0285338940774107e-29,0.36126603897136594,5.6150694370643376e-29,0.56150694370643373
0,524,50,131,0.8605545870585225,4.2722715540036464e-30,0.042722715540036468,0.53801609391451743,2.0259026885882345e-29,0.36079744182957318,5.6150694370643376e-29,0.56150694370643373
0,525,50,131.25,0.86031648776382408,4.2828583427697292e-30,0.042828583427697291,0.5393493103702196,2.0232003664683529e-29,0.36031617937143795,5.6150694370643376e-29,0.56150694370643373
0,526,50,131.5,0.86007942879048982,4.2934558825002405e-30,0.042934558825002404,0.54068388071736206,2.0204263107914093e-29,0.35982214172719573,5.6150694370643376e-29,0.56150694370643373
0,527,50,131.75,0.85984341303722622,4.3040632933740109e-30,0.043040632933740108,0.5420196941582246,2.0175799132421331e-29,0.35931522056064924,5.6150694370643376e-29,0.56150694370643373
0,528,50,132,0.85960844338386755,4.3146796969618068e-30,0.043146796969618068,0.54335664007037598,2.0146605742167613e-29,0.35879530908705259,5.6150694370643376e-29,0.56150694370643373
0,529,50,132.25,0.859374522691427,4.3253042162770208e-30,0.043253042162770212,0.54469460801305836,2.0116677029219554e-29,0.35826230209072757,5.6150694370643376e-29,0.56150694370643373
0,530,50,132.5,0.85914165380214447,4.3359359758260616e-30,0.043359359758260614,0.54603348773353233,2.0086007174721771e-29,0.35771609594240578,5.6150694370643376e-29,0.56150694370643373
0,531,50,132.75,0.85890983953953692,4.3465741016584591e-30,0.04346574101658459,0.54737316917338696,2.0054590449855374e-29,0.35715658861629829,5.6150694370643376e-29,0.56150694370643373
0,532,50,133,0.85867908270844817,4.3572177214166853e-30,0.043572177214166855,0.54871354247481396,2.002242121678102e-29,0.35658367970689092,5.6150694370643376e-29,0.56150694370643373
0,533,50,133.25,0.85844938609509835,4.3678659643856736e-30,0.04367865964385674,0.55005449798684336,1.9989493929566344e-29,0.35599727044546081,5.6150694370643376e-29,0.56150694370643373
0,534,50,133.5,0.85822075246713359,4.3785179615420341e-30,0.04378517961542034,0.55139592627154199,1.99558031350978e-29,0.35539726371631591,5.6150694370643376e-29,0.56150694370643373
0,535,50,133.75,0.85799318457367602,4.3891728456030098e-30,0.0438917284560301,0.5527377181101778,1.9921343473976826e-29,0.3547835640727548,5.6150694370643376e-29,0.56150694370643373
0,536,50,134,0.85776668514537369,4.3998297510751054e-30,0.043998297510751058,0.5540797645093446,1.9886109681400109e-29,0.35415607775274344,5.6150694370643376e-29,0.56150694370643373
0,537,50,134.25,0.85754125689445004,4.4104878143024284e-30,0.044104878143024287,0.55542195670704897,1.9850096588024e-29,0.35351471269430995,5.6150694370643376e-29,0.56150694370643373
0,538,50,134.5,0.8573169025147539,4.421146173514754e-30,0.044211461735147541,0.556764186178764,1.9813299120812979e-29,0.35285937855065491,5.6150694370643376e-29,0.56150694370643373
0,539,50,134.75,0.85709362468180972,4.4318039688752751e-30,0.044318039688752753,0.55810634464344167,1.9775712303872069e-29,0.35218998670497614,5.6150694370643376e-29,0.56150694370643373
0,540,50,135,0.85687142605286715,4.4424603425280601e-30,0.044424603425280602,0.55944832406949019,1.9737331259263088e-29,0.35150645028500538,5.6150694370643376e-29,0.56150694370643373
0,541,50,135.25,0.85665030926695129,4.4531144386452291e-30,0.044531144386452295,0.56079001668071415,1.9698151207804748e-29,0.35080868417725758,5.6150694370643376e-29,0.56150694370643373
0,542,50,135.5,0.85643027694491203,4.4637654034738069e-30,0.044637654034738072,0.56213131496221547,1.9658167469856464e-29,0.35009660504098983,5.6150694370643376e-29,0.56150694370643373
0,543,50,135.75,0.85621133168947494,4.474412385382312e-30,0.04474412385382312,0.56347211166626032,1.9617375466085821e-29,0.34937013132186923,5.6150694370643376e-29,0.56150694370643373
0,544,50,136,0.85599347608529031,4.4850545349070233e-30,0.044850545349070237,0.5648122998181051,1.9575770718219701e-29,0.34862918326535025,5.6150694370643376e-29,0.56150694370643373
0,545,50,136.25,0.85577671269898348,4.4956910047979545e-30,0.044956910047979547,0.56615177272178685,1.953334884977887e-29,0.34787368292975673,5.6150694370643376e-29,0.56150694370643373
0,546,50,136.5,0.85556104407920475,4.5063209500645493e-30,0.045063209500645497,0.56749042396587712,1.949010558679605e-29,0.34710355419907041,5.6150694370643376e-29,0.56150694370643373
0,547,50,136.75,0.85534647275667963,4.516943528021055e-30,0.04516943528021055,0.5688281474291963,1.9446036758517527e-29,0.34631872279542597,5.6150694370643376e-29,0.56150694370643373
0,548,50,137,0.85513300124425784,4.5275578983316112e-30,0.045275578983316113,0.57016483728649159,1.9401138298087905e-29,0.34551911629130594,5.6150694370643376e-29,0.56150694370643373
0,549,50,137.25,0.85492063203696333,4.5381632230550336e-30,0.045381632230550334,0.57150038801407665,1.9355406243218361e-29,0.34470466412144185,5.6150694370643376e-29,0.56150694370643373
0,550,50,137.5,0.85470936761204552,4.5487586666893211e-30,0.045487586666893211,0.57283469439543688,1.9308836736838144e-29,0.34387529759441693,5.6150694370643376e-29,0.56150694370643373
0,551,50,137.75,0.85449921042902666,4.5593433962158262e-30,0.045593433962158265,0.57416765152679139,1.9261426027729069e-29,0.34303094990396593,5.6150694370643376e-29,0.56150694370643373
0,552,50,138,0.8542901629297539,4.5699165811431708e-30,0.045699165811431706,0.57549915482262348,1.9213170471143522e-29,0.34217155613998113,5.6150694370643376e-29,0.56150694370643373
0,553,50,138.25,0.85408222753844709,4.5804773935508292e-30,0.045804773935508296,0.57682910002116961,1.9164066529405231e-29,0.34129705329921189,5.6150694370643376e-29,0.56150694370643373
0,554,50,138.5,0.85387540666174955,4.5910250081324297e-30,0.045910250081324301,0.57815738318987187,1.9114110772493376e-29,0.34040738029566714,5.6150694370643376e-29,0.56150694370643373
0,555,50,138.75,0.85366970268877707,4.6015586022387579e-30,0.046015586022387582,0.57948390073079381,1.9063299878609608e-29,0.33950247797071331,5.6150694370643376e-29,0.56150694370643373
0,556,50,139,0.85346511799116787,4.6120773559204644e-30,0.046120773559204645,0.58080854938599868,1.9011630634728105e-29,0.33858228910287064,5.6150694370643376e-29,0.56150694370643373
0,557,50,139.25,0.85326165492313166,4.6225804519704563e-30,0.046225804519704566,0.5821312262428876,1.8959099937128572e-29,0.33764675841730535,5.6150694370643376e-29,0.56150694370643373
0,558,50,139.5,0.85305931582149896,4.6330670759660108e-30,0.04633067075966011,0.58345182873950352,1.8905704791912185e-29,0.33669583259501845,5.6150694370643376e-29,0.56150694370643373
0,559,50,139.75,0.85285810300577036,4.6435364163105878e-30,0.046435364163105876,0.58477025466979637,1.8851442315500459e-29,0.33572946028172973,5.6150694370643376e-29,0.56150694370643373
0,560,50,140,0.85265801877816649,4.6539876642753355e-30,0.046539876642753358,0.58608640218885011,1.8796309735116996e-29,0.33474759209645777,5.6150694370643376e-29,0.56150694370643373
0,561,50,140.25,0.85245906542367589,4.6644200140403083e-30,0.046644200140403082,0.58740016981807319,1.8740304389252007e-29,0.3337501806397925,5.6150694370643376e-29,0.56150694370643373
0,562,50,140.5,0.85226124521010493,4.6748326627353773e-30,0.046748326627353773,0.58871145645035083,1.8683423728109778e-29,0.33273718050186424,5.6150694370643376e-29,0.56150694370643373
0,563,50,140.75,0.85206456038812639,4.6852248104808463e-30,0.046852248104808467,0.59002016135515967,1.8625665314038813e-29,0.33170854827000423,5.6150694370643376e-29,0.56150694370643373
0,564,50,141,0.85186901319132824,4.6955956604277864e-30,0.046955956604277864,0.59132618418364713,1.8567026821944893e-29,0.33066424253610083,5.6150694370643376e-29,0.56150694370643373
0,565,50,141.25,0.85167460583626253,4.705944418798047e-30,0.04705944418798047,0.59262942497367022,1.8507506039686838e-29,0.32960422390364785,5.6150694370643376e-29,0.56150694370643373
0,566,50,141.5,0.85148134052249402,4.7162702949239909e-30,0.04716270294923991,0.59392978415479936,1.8447100868454992e-29,0.32852845499448496,5.6150694370643376e-29,0.56150694370643373
0,567,50,141.75,0.85128921943264857,4.7265725012879232e-30,0.047265725012879234,0.5952271625532839,1.8385809323132551e-29,0.32743690045523272,5.6150694370643376e-29,0.56150694370643373
0,568,50,142,0.85109824473246154,4.7368502535612184e-30,0.047368502535612186,0.59652146139697915,1.8323629532639539e-29,0.32632952696341849,5.6150694370643376e-29,0.56150694370643373
0,569,50,142.25,0.85090841857082589,4.7471027706431785e-30,0.047471027706431787,0.59781258232024048,1.8260559740259558e-29,0.32520630323329569,5.6150694370643376e-29,0.56150694370643373
0,570,50,142.5,0.85071974307984077,4.757329274699554e-30,0.047573292746995538,0.59910042736877345,1.8196598303949251e-29,0.32406720002135486,5.6150694370643376e-29,0.56150694370643373
0,571,50,142.75,0.85053222037485898,4.7675289912008061e-30,0.047675289912008062,0.60038489900445324,1.8131743696630463e-29,0.32291219013152711,5.6150694370643376e-29,0.56150694370643373
0,572,50,143,0.85034585255453532,4.7777011489600557e-30,0.047777011489600556,0.60166590011010279,1.8065994506465201e-29,0.32174124842008078,5.6150694370643376e-29,0.56150694370643373
0,573,50,143.25,0.85016064170087413,4.7878449801707317e-30,0.047878449801707315,0.60294333399423439,1.7999349437113191e-29,0.3205543518002083,5.6150694370643376e-29,0.56150694370643373
0,574,50,143.5,0.84997658987927693,4.7979597204439585e-30,0.047979597204439589,0.60421710439575804,1.7931807307972281e-29,0.31935147924630763,5.6150694370643376e-29,0.56150694370643373
0,575,50,143.75,0.8497936991385896,4.8080446088455937e-30,0.048080446088455936,0.60548711548864542,1.7863367054401478e-29,0.31813261179795449,5.6150694370643376e-29,0.56150694370643373
0,576,50,144,0.8496119715111502,4.8180988879330284e-30,0.048180988879330283,0.60675327188656414,1.7794027727926815e-29,0.31689773256356846,5.6150694370643376e-29,0.56150694370643373
0,577,50,144.25,0.84943140901283576,4.8281218037916601e-30,0.048281218037916601,0.6080154786474713,1.7723788496429863e-29,0.31564682672377048,5.6150694370643376e-29,0.56150694370643373
0,578,50,144.5,0.8492520136431092,4.8381126060710796e-30,0.048381126060710801,0.6092736412781703,1.7652648644319127e-29,0.31437988153443491,5.6150694370643376e-29,0.56150694370643373
0,579,50,144.75,0.84907378738506689,4.8480705480209764e-30,0.048480705480209767,0.61052766573883233,1.7580607572684097e-29,0.31309688632943361,5.6150694370643376e-29,0.56150694370643373
0,580,50,145,0.84889673220548423,4.857994886526733e-30,0.048579948865267328,0.61177745844747899,1.7507664799432178e-29,0.31179783252307403,5.6150694370643376e-29,0.56150694370643373
0,581,50,145.25,0.84872085005486275,4.8678848821447445e-30,0.048678848821447449,0.61302292628443045,1.7433819959408387e-29,0.31048271361223118,5.6150694370643376e-29,0.56150694370643373
0,582,50,145.5,0.84854614286747665,4.8777397991374411e-30,0.048777397991374413,0.6142639765967155,1.735907280449788e-29,0.30915152517817351,5.6150694370643376e-29,0.56150694370643373
0,583,50,145.75,0.84837261256141872,4.8875589055080199e-30,0.048875589055080201,0.61550051720244525,1.7283423203711397e-29,0.30780426488808466,5.6150694370643376e-29,0.56150694370643373
0,584,50,146,0.8482002610386461,4.8973414730348826e-30,0.04897341473034883,0.61673245639515073,1.7206871143253461e-29,0.30644093249627796,5.6150694370643376e-29,0.56150694370643373
0,585,50,146.25,0.84802909018502637,4.9070867773057899e-30,0.0490708677730579,0.61795970294808311,1.7129416726573629e-29,0.3050615298451092,5.6150694370643376e-29,0.56150694370643373
0,586,50,146.5,0.84785910187038349,4.9167940977517241e-30,0.049167940977517241,0.61918216611847865,1.7051060174400584e-29,0.30366606086558379,5.6150694370643376e-29,0.56150694370643373
0,587,50,146.75,0.84769029794854223,4.9264627176804599e-30,0.049264627176804597,0.62039975565178618,1.6971801824759166e-29,0.30225453157766002,5.6150694370643376e-29,0.56150694370643373
0,588,50,147,0.84752268025737421,4.9360919243098486e-30,0.049360919243098489,0.62161238178585876,1.6891642132970522e-29,0.3008269500902519,5.6150694370643376e-29,0.56150694370643373
0,589,50,147.25,0.84735625061884301,4.9456810088008302e-30,0.049456810088008306,0.62281995525511058,1.6810581671635185e-29,0.29938332660092748,5.6150694370643376e-29,0.56150694370643373
0,590,50,147.5,0.84719101083904857,4.955229266290124e-30,0.049552292662901239,0.62402238729463433,1.6728621130599257e-29,0.29792367339530695,5.6150694370643376e-29,0.56150694370643373
0,591,50,147.75,0.84702696270827182,4.9647359959226647e-30,0.049647359959226652,0.62521958964428548,1.6645761316903724e-29,0.2964480048461598,5.6150694370643376e-29,0.56150694370643373
0,592,50,148,0.84686410800101941,4.9742005008837366e-30,0.049742005008837367,0.62641147455272927,1.6562003154716838e-29,0.29495633741220056,5.6150694370643376e-29,0.56150694370643373
0,593,50,148.25,0.84670244847606813,4.9836220884308354e-30,0.049836220884308356,0.62759795478145286,1.6477347685249849e-29,0.29344868963658821,5.6150694370643376e-29,0.56150694370643373
0,594,50,148.5,0.84654198587650797,4.9930000699252182e-30,0.049930000699252186,0.62877894360873898,1.6391796066655809e-29,0.2919250821451238,5.6150694370643376e-29,0.56150694370643373
0,595,50,148.75,0.84638272192978703,5.0023337608632077e-30,0.050023337608632076,0.62995435483360751,1.6305349573911725e-29,0.29038553764415181,5.6150694370643376e-29,0.56150694370643373
0,596,50,149,0.8462246583477544,5.0116224809071729e-30,0.050116224809071727,0.63112410277971742,1.6218009598684106e-29,0.28883008091816548,5.6150694370643376e-29,0.56150694370643373
0,597,50,149.25,0.84606779682670386,5.0208655539162689e-30,0.050208655539162692,0.63228810229923782,1.6129777649177791e-29,0.28725873882711483,5.6150694370643376e-29,0.56150694370643373
0,598,50,149.5,0.84591213904741669,5.0300623079768489e-30,0.050300623079768493,0.63344626877667731,1.6040655349968297e-29,0.28567154030342051,5.6150694370643376e-29,0.56150694370643373
0,599,50,149.75,0.84575768667520468,5.0392120754326268e-30,0.050392120754326267,0.63459851813268342,1.5950644441817591e-29,0.28406851634869335,5.6150694370643376e-29,0.56150694370643373
0,600,50,150,0.84560444135995305,5.0483141929145573e-30,0.050483141929145575,0.63574476682780445,1.5859746781473456e-29,0.28244970003016073,5.6150694370643376e-29,0.56150694370643373
0,601,50,150.25,0.84545240473616268,5.0573680013704083e-30,0.050573680013704082,0.63688493186621409,1.5767964341452456e-29,0.28081512647680168,5.6150694370643376e-29,0.56150694370643373
0,602,50,150.5,0.84530157842299203,5.0663728460940934e-30,0.050663728460940936,0.63801893079940541,1.567529920980652e-29,0.27916483287518984,5.6150694370643376e-29,0.56150694370643373
0,603,50,150.75,0.84515196402429971,5.0753280767546822e-30,0.050753280767546823,0.6391466817298439,1.5581753589873326e-29,0.27749885846504785,5.6150694370643376e-29,0.56150694370643373
0,604,50,151,0.84500356312868574,5.0842330474251721e-30,0.050842330474251719,0.64026810331459094,1.5487329800010432e-29,0.27581724453451273,5.6150694370643376e-29,0.56150694370643373
0,605,50,151.25,0.84485637730953311,5.0930871166109553e-30,0.050930871166109552,0.64138311476888854,1.5392030273313227e-29,0.27412003441511251,5.6150694370643376e-29,0.56150694370643373
0,606,50,151.5,0.84471040812504861,5.1018896472780091e-30,0.051018896472780094,0.6424916358697097,1.5295857557316888e-29,0.27240727347645849,5.6150694370643376e-29,0.56150694370643373
0,607,50,151.75,0.844565657118305,5.1106400068808387e-30,0.051106400068808386,0.64359358695927704,1.5198814313682261e-29,0.2706790091206509,5.6150694370643376e-29,0.56150694370643373
0,608,50,152,0.84442212581728038,5.1193375673900989e-30,0.05119337567390099,0.64468888894854126,1.510090331786583e-29,0.26893529077640155,5.6150694370643376e-29,0.56150694370643373
0,609,50,152.25,0.84427981573489908,5.1279817053199744e-30,0.051279817053199749,0.64577746332062957,1.5002127458773817e-29,0.26717616989287329,5.6150694370643376e-29,0.56150694370643373
0,610,50,152.5,0.84413872836907222,5.1365718017552831e-30,0.051365718017552832,0.64685923213425822,1.4902489738400474e-29,0.26540169993323842,5.6150694370643376e-29,0.56150694370643373
0,611,50,152.75,0.84399886520273726,5.1451072423782828e-30,0.051451072423782829,0.64793411802710876,1.4801993271450693e-29,0.26361193636795788,5.6150694370643376e-29,0.56150694370643373
0,612,50,153,0.84386022770389746,5.1535874174952227e-30,0.051535874174952229,0.64900204421917207,1.4700641284946936e-29,0.2618069366677806,5.6150694370643376e-29,0.56150694370643373
0,613,50,153.25,0.84372281732566223,5.1620117220626354e-30,0.051620117220626358,0.65006293451605823,1.4598437117820643e-29,0.25998676029646711,5.6150694370643376e-29,0.56150694370643373
0,614,50,153.5,0.84358663550628488,5.1703795557133116e-30,0.051703795557133121,0.65111671331226895,1.4495384220488126e-29,0.25815146870323624,5.6150694370643376e-29,0.56150694370643373
0,615,50,153.75,0.84345168366920265,5.1786903227820602e-30,0.051786903227820605,0.65216330559444058,1.4391486154411076e-29,0.25630112531493843,5.6150694370643376e-29,0.56150694370643373
0,616,50,154,0.84331796322307429,5.1869434323311451e-30,0.051869434323311453,0.65320263694454783,1.4286746591641778e-29,0.2544357955279562,5.6150694370643376e-29,0.56150694370643373
0,617,50,154.25,0.84318547556181955,5.1951382981755046e-30,0.05195138298175505,0.65423463354307954,1.4181169314353119e-29,0.25255554669983382,5.6150694370643376e-29,0.56150694370643373
0,618,50,154.5,0.84305422206465586,5.2032743389076464e-30,0.052032743389076465,0.65525922217217414,1.4074758214353309e-29,0.25066044814063515,5.6150694370643376e-29,0.56150694370643373
0,619,50,154.75,0.84292420409613733,5.2113509779223243e-30,0.052113509779223244,0.65627633021872667,1.3967517292585815e-29,0.2487505711040377,5.6150694370643376e-29,0.56150694370643373
0,620,50,155,0.8427954230061907,5.2193676434409108e-30,0.052193676434409107,0.65728588567745849,1.385945065861404e-29,0.24682598877815512,5.6150694370643376e-29,0.56150694370643373
0,621,50,155.25,0.84266788013015426,5.2273237685355242e-30,0.052273237685355245,0.65828781715395557,1.3750562530091377e-29,0.24488677627609937,5.6150694370643376e-29,0.56150694370643373
0,622,50,155.5,0.84254157678881325,5.2352187911528762e-30,0.052352187911528764,0.65928205386767147,1.3640857232216356e-29,0.24293301062627728,5.6150694370643376e-29,0.56150694370643373
0,623,50,155.75,0.84241651428843722,5.2430521541378674e-30,0.052430521541378679,0.66026852565489902,1.3530339197173097e-29,0.24096477076242551,5.6150694370643376e-29,0.56150694370643373
0,624,50,156,0.84229269392081563,5.2508233052568968e-30,0.052508233052568971,0.66124716297170572,1.3419012963557307e-29,0.23898213751338784,5.6150694370643376e-29,0.56150694370643373
0,625,50,156.25,0.84217011696329502,5.2585316972209422e-30,0.052585316972209424,0.66221789689684007,1.3306883175787645e-29,0.23698519359263223,5.6150694370643376e-29,0.56150694370643373
0,626,50,156.5,0.84204878467881339,5.2661767877083318e-30,0.052661767877083321,0.66318065913459945,1.3193954583502806e-29,0.23497402358751329,5.6150694370643376e-29,0.56150694370643373
0,627,50,156.75,0.84192869831593631,5.2737580393872905e-30,0.052737580393872906,0.66413538201766942,1.3080232040944274e-29,0.23294871394827954,5.6150694370643376e-29,0.56150694370643373
0,628,50,157,0.8418098591088915,5.2812749199382035e-30,0.052812749199382038,0.66508199850992733,1.2965720506324858e-29,0.2309093529768276,5.6150694370643376e-29,0.56150694370643373
0,629,50,157.25,0.84169226827760424,5.2887269020756307e-30,0.052887269020756307,0.66602044220921475,1.2850425041183265e-29,0.22885603081520761,5.6150694370643376e-29,0.56150694370643373
0,630,50,157.5,0.84157592702773099,5.2961134635700468e-30,0.052961134635700471,0.66695064735007492,1.2734350809724598e-29,0.22678883943387801,5.6150694370643376e-29,0.56150694370643373
0,631,50,157.75,0.84146083655069459,5.3034340872693429e-30,0.053034340872693431,0.66787254880646119,1.2617503078146991e-29,0.22470787261971342,5.6150694370643376e-29,0.56150694370643373
0,632,50,158,0.84134699802371715,5.3106882611200391e-30,0.05310688261120039,0.66878608209440749,1.2499887213954587e-29,0.2226132259637694,5.6150694370643376e-29,0.56150694370643373
0,633,50,158.25,0.84123441260985399,5.3178754781882683e-30,0.053178754781882685,0.66969118337467148,1.2381508685256713e-29,0.22050499684880112,5.6150694370643376e-29,0.56150694370643373
0,634,50,158.5,0.84112308145802661,5.3249952366804752e-30,0.053249952366804756,0.67058778945534125,1.2262373060053675e-29,0.21838328443654423,5.6150694370643376e-29,0.56150694370643373
0,635,50,158.75,0.84101300570305582,5.3320470399638808e-30,0.05332047039963881,0.67147583779441178,1.2142486005509045e-29,0.21624818965475451,5.6150694370643376e-29,0.56150694370643373
0,636,50,159,0.84090418646569431,5.339030396586687e-30,0.053390303965866873,0.67235526650233024,1.2021853287208614e-29,0.21409981518401067,5.6150694370643376e-29,0.56150694370643373
0,637,50,159.25,0.84079662485265849,5.345944820297998e-30,0.05345944820297998,0.67322601434450413,1.1900480768406248e-29,0.21193826544428346,5.6150694370643376e-29,0.56150694370643373
0,638,50,159.5,0.84069032195666082,5.3527898300675284e-30,0.053527898300675288,0.67408802074378327,1.177837440925653e-29,0.20976364658126975,5.6150694370643376e-29,0.56150694370643373
0,639,50,159.75,0.84058527885644119,5.3595649501050293e-30,0.053595649501050294,0.67494122578290638,1.1655540266034608e-29,0.2075760664524986,5.6150694370643376e-29,0.56150694370643373
0,640,50,160,0.84048149661679827,5.3662697098794628e-30,0.053662697098794628,0.67578557020691554,1.1531984490343059e-29,0.20537563461320604,5.6150694370643376e-29,0.56150694370643373
0,641,50,160.25,0.84037897628862002,5.3729036441379347e-30,0.053729036441379351,0.67662099542554055,1.1407713328306056e-29,0.20316246230198393,5.6150694370643376e-29,0.56150694370643373
0,642,50,160.5,0.84027771890891545,5.379466292924369e-30,0.053794662929243689,0.67744744351555053,1.1282733119751054e-29,0.20093666242620636,5.6150694370643376e-29,0.56150694370643373
0,643,50,160.75,0.84017772550084302,5.3859572015979223e-30,0.053859572015979226,0.67826485722307295,1.1157050297377784e-29,0.19869834954723012,5.6150694370643376e-29,0.56150694370643373
0,644,50,161,0.84007899707374223,5.3923759208511636e-30,0.05392375920851164,0.67907317996588334,1.1030671385915148e-29,0.19644763986537961,5.6150694370643376e-29,0.56150694370643373
0,645,50,161.25,0.8399815346231625,5.3987220067279898e-30,0.053987220067279899,0.67987235583566075,1.0903603001265672e-29,0.19418465120471026,5.6150694370643376e-29,0.56150694370643373
0,646,50,161.5,0.83988533913089225,5.4049950206413004e-30,0.054049950206413004,0.68066232960021422,1.0775851849637941e-29,0.19190950299755788,5.6150694370643376e-29,0.56150694370643373
0,647,50,161.75,0.83979041156498824,5.4111945293904134e-30,0.054111945293904139,0.68144304670567557,1.0647424726667108e-29,0.18962231626887555,5.6150694370643376e-29,0.56150694370643373
0,648,50,162,0.83969675287980372,5.4173201051782442e-30,0.054173201051782444,0.68221445327866304,1.0518328516523487e-29,0.18732321362035842,5.6150694370643376e-29,0.56150694370643373
0,649,50,162.25,0.83960436401601679,5.4233713256282305e-30,0.054233713256282304,0.68297649612841271,1.0388570191009416e-29,0.18501231921435959,5.6150694370643376e-29,0.56150694370643373
0,650,50,162.5,0.83951324590065834,5.4293477738010035e-30,0.054293477738010035,0.68372912274887754,1.0258156808644646e-29,0.18268975875760141,5.6150694370643376e-29,0.56150694370643373
0,651,50,162.75,0.83942339944713951,5.4352490382108337e-30,0.054352490382108341,0.68447228132079896,1.0127095513740124e-29,0.18035565948468052,5.6150694370643376e-29,0.56150694370643373
0,652,50,163,0.83933482555527916,5.4410747128418089e-30,0.054410747128418091,0.68520592071374364,9.9953935354606236e-30,0.17801015014137386,5.6150694370643376e-29,0.56150694370643373
0,653,50,163.25,0.83924752511132972,5.4468243971637661e-30,0.054468243971637666,0.68592999048811043,9.8630581868760413e-30,0.17565336096774309,5.6150694370643376e-29,0.56150694370643373
0,654,50,163.5,0.83916149898800485,5.4524976961480078e-30,0.054524976961480079,0.68664444089710897,9.7300968640017012e-30,0.17328542368104313,5.6150694370643376e-29,0.56150694370643373
0,655,50,163.75,0.83907674804450505,5.458094220282738e-30,0.05458094220282738,0.68734922288870415,9.5965170448278251e-30,0.17090647145843779,5.6150694370643376e-29,0.56150694370643373
0,656,50,164,0.83899327312654282,5.4636135855882778e-30,0.054636135855882777,0.6880442881075316,9.4623262883380464e-30,0.16851663891952021,5.6150694370643376e-29,0.56150694370643373
0,657,50,164.25,0.83891107506636953,5.4690554136320308e-30,0.054690554136320312,0.68872958889678282,9.3275322335175039e-30,0.16611606210864796,5.6150694370643376e-29,0.56150694370643373
0,658,50,164.5,0.83883015468279853,5.4744193315432025e-30,0.054744193315432024,0.68940507830005882,9.1921425983502604e-30,0.16370487847708759,5.6150694370643376e-29,0.56150694370643373
0,659,50,164.75,0.83875051278123136,5.4797049720272906e-30,0.054797049720272911,0.69007071006319431,9.0561651788064259e-30,0.16128322686497634,5.6150694370643376e-29,0.56150694370643373
0,660,50,165,0.83867215015368168,5.4849119733803186e-30,0.054849119733803187,0.69072643863605121,8.9196078478191399e-30,0.15885124748310284,5.6150694370643376e-29,0.56150694370643373
0,661,50,165.25,0.83859506757879898,5.4900399795028458e-30,0.054900399795028462,0.69137221917428182,8.7824785542513181e-30,0.15640908189450567,5.6150694370643376e-29,0.56150694370643373
0,662,50,165.5,0.83851926582189207,5.495088639913715e-30,0.054950886399137151,0.69200800754106095,8.644785321852649e-30,0.15395687299589839,5.6150694370643376e-29,0.56150694370643373
0,663,50,165.75,0.83844474563495297,5.5000576097635917e-30,0.055000576097635916,0.69263376030879042,8.5065362482066937e-30,0.15149476499891815,5.6150694370643376e-29,0.56150694370643373
0,664,50,166,0.83837150775667857,5.5049465498482205e-30,0.055049465498482206,0.69324943476076872,8.3677395036682964e-30,0.14902290341120172,5.6150694370643376e-29,0.56150694370643373
0,665,50,166.25,0.83829955291249481,5.5097551266215065e-30,0.055097551266215065,0.69385498889283859,8.2284033302917076e-30,0.14654143501729641,5.6150694370643376e-29,0.56150694370643373
0,666,50,166.5,0.83822888181457744,5.5144830122082897e-30,0.055144830122082898,0.69445038141499515,8.0885360407491414e-30,0.14405050785940018,5.6150694370643376e-29,0.56150694370643373
0,667,50,166.75,0.83815949516187382,5.5191298844169318e-30,0.055191298844169318,0.69503557175297137,7.9481460172402015e-30,0.14155027121793956,5.6150694370643376e-29,0.56150694370643373
0,668,50,167,0.8380913936401253,5.5236954267516459e-30,0.055236954267516458,0.69561052004979074,7.8072417103923701e-30,0.13904087559198805,5.6150694370643376e-29,0.56150694370643373
0,669,50,167.25,0.83802457792188734,5.528179328424595e-30,0.055281793284245949,0.69617518716729088,7.6658316381523792e-30,0.13652247267952253,5.6150694370643376e-29,0.56150694370643373
0,670,50,167.5,0.83795904866655058,5.5325812843677519e-30,0.055325812843677519,0.69672953468761678,7.523924384669065e-30,0.13399521535752748,5.6150694370643376e-29,0.56150694370643373
0,671,50,167.75,0.83789480652036086,5.5369009952445332e-30,0.055369009952445335,0.69727352491468653,7.3815285991674688e-30,0.13145925766194388,5.6150694370643376e-29,0.56150694370643373
0,672,50,168,0.83783185211643896,5.5411381674611766e-30,0.055411381674611765,0.69780712087562335,7.2386529948144624e-30,0.12891475476746667,5.6150694370643376e-29,0.56150694370643373
0,673,50,168.25,0.8377701860748008,5.54529251317792e-30,0.055452925131779199,0.69833028632216387,7.0953063475762919e-30,0.12636186296719867,5.6150694370643376e-29,0.56150694370643373
0,674,50,168.5,0.83770980900237602,5.5493637503199114e-30,0.055493637503199113,0.69884298573203196,6.951497495067694e-30,0.12380073965215407,5.6150694370643376e-29,0.56150694370643373
0,675,50,168.75,0.83765072149302644,5.5533516025879021e-30,0.055533516025879026,0.69934518431028525,6.8072353353932717e-30,0.1212315432906244,5.6150694370643376e-29,0.56150694370643373
0,676,50,169,0.83759292412756536,5.5572557994687157e-30,0.055572557994687161,0.6998368479906335,6.662528825980909e-30,0.11865443340740239,5.6150694370643376e-29,0.56150694370643373
0,677,50,169.25,0.83753641747377472,5.5610760762454688e-30,0.055610760762454692,0.70031794343672582,6.5173869824074841e-30,0.11606957056286903,5.6150694370643376e-29,0.56150694370643373
0,678,50,169.5,0.83748120208642296,5.5648121740075645e-30,0.055648121740075648,0.70078843804340918,6.3718188772172094e-30,0.11347711633194896,5.6150694370643376e-29,0.56150694370643373
0,679,50,169.75,0.8374272785072826,5.5684638396604644e-30,0.055684638396604647,0.7012482999379589,6.2258336387324193e-30,0.11087723328293159,5.6150694370643376e-29,0.56150694370643373
0,680,50,170,0.83737464726514665,5.5720308259352181e-30,0.055720308259352182,0.70169749798127878,6.0794404498573363e-30,0.10827008495616718,5.6150694370643376e-29,0.56150694370643373
0,681,50,170.25,0.83732330887584505,5.5755128913977621e-30,0.055755128913977624,0.7021360017690722,5.9326485468746648e-30,0.10565583584263498,5.6150694370643376e-29,0.56150694370643373
0,682,50,170.5,0.83727326384226108,5.578909800458001e-30,0.055789098004580012,0.70256378163298561,5.7854672182352923e-30,0.10303465136238889,5.6150694370643376e-29,0.56150694370643373
0,683,50,170.75,0.83722451265434694,5.5822213233786513e-30,0.055822213233786513,0.70298080864172219,5.6379058033414124e-30,0.10040669784288569,5.6150694370643376e-29,0.56150694370643373
0,684,50,171,0.83717705578913904,5.5854472362838554e-30,0.055854472362838553,0.70338705460212703,5.4899736913229178e-30,0.097772142497193723,5.6150694370643376e-29,0.56150694370643373
0,685,50,171.25,0.83713089371077243,5.5885873211675571e-30,0.055885873211675575,0.70378249206024124,5.3416803198073996e-30,0.095131153402087387,5.6150694370643376e-29,0.56150694370643373
0,686,50,171.5,0.83708602687049627,5.5916413659016795e-30,0.055916413659016798,0.7041670943023326,5.1930351736840759e-30,0.092483899476033748,5.6150694370643376e-29,0.56150694370643373
0,687,50,171.75,0.83704245570668734,5.594609164244041e-30,0.05594609164244041,0.70454083535589151,5.0440477838613752e-30,0.089830550457066061,5.6150694370643376e-29,0.56150694370643373
0,688,50,172,0.83700018064486381,5.5974905158460584e-30,0.055974905158460583,0.70490368999060204,4.8947277260188455e-30,0.087171276880556259,5.6150694370643376e-29,0.56150694370643373
0,689,50,172.25,0.83695920209769858,5.6002852262602274e-30,0.056002852262602272,0.7052556337192829,4.7450846193531589e-30,0.08450625005688224,5.6150694370643376e-29,0.56150694370643373
0,690,50,172.5,0.83691952046503282,5.602993106947374e-30,0.056029931069473744,0.70559664279880174,4.595128125318521e-30,0.081835642048995558,5.6150694370643376e-29,0.56150694370643373
0,691,50,172.75,0.83688113613388759,5.6056139752836598e-30,0.056056139752836597,0.70592669423095644,4.4448679463617865e-30,0.07915962564989483,5.6150694370643376e-29,0.56150694370643373
0,692,50,173,0.83684404947847679,5.6081476545673957e-30,0.056081476545673956,0.70624576576333364,4.2943138246521149e-30,0.076478374360001891,5.6150694370643376e-29,0.56150694370643373
0,693,50,173.25,0.83680826086021864,5.6105939740256043e-30,0.056105939740256044,0.70655383589013521,4.1434755408057269e-30,0.073792062364450697,5.6150694370643376e-29,0.56150694370643373
0,694,50,173.5,0.83677377062774716,5.6129527688203629e-30,0.056129527688203631,0.70685088385297656,3.9923629126055913e-30,0.071100864510285966,5.6150694370643376e-29,0.56150694370643373
0,695,50,173.75,0.83674057911692279,5.6152238800549206e-30,0.05615223880054921,0.70713688964165755,3.8409857937163363e-30,0.068404956283576693,5.6150694370643376e-29,0.56150694370643373
0,696,50,174,0.83670868665084397,5.6174071547796028e-30,0.05617407154779603,0.7074118339949057,3.6893540723947263e-30,0.065704513786450855,5.6150694370643376e-29,0.56150694370643373
0,697,50,174.25,0.83667809353985612,5.6195024459974651e-30,0.056195024459974652,0.70767569840108824,3.5374776701954538e-30,0.062999713714046474,5.6150694370643376e-29,0.56150694370643373
0,698,50,174.5,0.83664880008156206,5.6215096126697417e-30,0.056215096126697416,0.70792846509889829,3.3853665406729115e-30,0.060290733331391247,5.6150694370643376e-29,0.56150694370643373
0,699,50,174.75,0.83662080656083193,5.6234285197210815e-30,0.056234285197210819,0.70817011707801447,3.2330306680787185e-30,0.057577750450206487,5.6150694370643376e-29,0.56150694370643373
0,700,50,175,0.83659411324981126,5.6252590380445238e-30,0.056252590380445243,0.7084006380797272,3.08048006605529e-30,0.054860943405640628,5.6150694370643376e-29,0.56150694370643373
0,701,50,175.25,0.83656872040792984,5.6270010445062762e-30,0.056270010445062767,0.70862001259754026,2.9277247763258049e-30,0.052140491032938566,5.6150694370643376e-29,0.56150694370643373
0,702,50,175.5,0.83654462828191045,5.6286544219502685e-30,0.056286544219502688,0.70882822587774463,2.7747748673804349e-30,0.049416572644044428,5.6150694370643376e-29,0.56150694370643373
0,703,50,175.75,0.83652183710577643,5.6302190592024837e-30,0.056302190592024841,0.7090252639199639,2.6216404331591531e-30,0.046689368004143424,5.6150694370643376e-29,0.56150694370643373
0,704,50,176,0.83650034710085874,5.6316948510750427e-30,0.056316948510750427,0.70921111347766841,2.4683315917314294e-30,0.043959057308148246,5.6150694370643376e-29,0.56150694370643373
0,705,50,176.25,0.83648015847580337,5.6330816983701028e-30,0.056330816983701029,0.70938576205866621,2.3148584839726227e-30,0.041225821157126662,5.6150694370643376e-29,0.56150694370643373
0,706,50,176.5,0.83646127142657778,5.6343795078835e-30,0.056343795078835003,0.70954919792556204,2.1612312722376803e-30,0.038489840534681116,5.6150694370643376e-29,0.56150694370643373
0,707,50,176.75,0.83644368613647746,5.6355881924082003e-30,0.056355881924082002,0.7097014100961917,2.0074601390319454e-30,0.035751296783276876,5.6150694370643376e-29,0.56150694370643373
0,708,50,177,0.83642740277613103,5.6367076707374872e-30,0.056367076707374876,0.70984238834402347,1.8535552856793758e-30,0.033010371580524014,5.6150694370643376e-29,0.56150694370643373
0,709,50,177.25,0.83641242150350692,5.6377378676679831e-30,0.056377378676679829,0.70997212319853864,1.6995269309885324e-30,0.030267246915419741,5.6150694370643376e-29,0.56150694370643373
0,710,50,177.5,0.83639874246391677,5.6386787140023871e-30,0.056386787140023875,0.71009060594557649,1.5453853099160823e-30,0.027522105064546422,5.6150694370643376e-29,0.56150694370643373
0,711,50,177.75,0.83638636579002168,5.6395301465520492e-30,0.056395301465520492,0.71019782862765801,1.3911406722284882e-30,0.024775128568237301,5.6150694370643376e-29,0.56150694370643373
0,712,50,178,0.83637529160183488,5.6402921081392634e-30,0.056402921081392637,0.71029378404427512,1.2368032811616349e-30,0.022026500206705522,5.6150694370643376e-29,0.56150694370643373
0,713,50,178.25,0.83636552000672693,5.6409645475993997e-30,0.056409645475993996,0.71037846575215891,1.0823834120787538e-30,0.019276402976142783,5.6150694370643376e-29,0.56150694370643373
0,714,50,178.5,0.83635705109942804,5.6415474197827639e-30,0.056415474197827643,0.71045186806551408,9.278913511269405e-31,0.016525020064792988,5.6150694370643376e-29,0.56150694370643373
0,715,50,178.75,0.83634988496203244,5.642040685556276e-30,0.056420406855562759,0.71051398605622973,7.7333739389207045e-31,0.013772534828997334,5.6150694370643376e-29,0.56150694370643373
0,716,50,179,0.83634402166399902,5.6424443118048852e-30,0.056424443118048853,0.71056481555405848,6.1873184405273749e-31,0.011019130769222009,5.6150694370643376e-29,0.56150694370643373
0,717,50,179.25,0.83633946126215553,5.6427582714328103e-30,0.056427582714328108,0.71060435314677195,4.6408501203300972e-31,0.00826499150606483,5.6150694370643376e-29,0.56150694370643373
0,718,50,179.5,0.83633620380069906,5.642982543364512e-30,0.056429825433645123,0.71063259618028318,3.094072136543186e-31,0.0055103007562464345,5.6150694370643376e-29,0.56150694370643373
0,719,50,179.75,0.83633424931119804,5.643117112545492e-30,0.056431171125454919,0.71064954275874781,1.5470876878680512e-31,0.0027552423085918194,5.6150694370643376e-29,0.56150694370643373
0,720,50,180,0.83633359781259331,5.6431619699428234e-30,0.056431619699428233,0.71065519174463043,0,0,5.6150694370643376e-29,0.56150694370643373
1,0,100,0,1,7.9407876498996423e-30,0.07940787649899643,1,0,0,4.9274848763970355e-29,0.49274848763970358
1,1,100,0.25,0.99999813712699037,7.9406824746491871e-30,0.079406824746491869,0.99998675506069523,2.1769762783211687e-31,0.0044180273160228717,4.9274848763970355e-29,0.49274848763970358
1,2,100,0.5,0.99999254858507047,7.940366959754342e-30,0.079403669597543428,0.99994702160996518,4.3537381119481129e-31,0.0088356194309246773,4.9274848763970355e-29,0.49274848763970358
1,3,100,0.75,0.99998323460556127,7.9398411377829313e-30,0.079398411377829312,0.99988080374914412,6.5300710977159881e-31,0.013252341227865441,4.9274848763970355e-29,0.49274848763970358
1,4,100,1,0.99997019557397437,7.9391050630088364e-30,0.079391050630088361,0.99978810831305542,8.7057609155075793e-31,0.017667757758544782,4.9274848763970355e-29,0.49274848763970358
1,5,100,1.25,0.99995343202997722,7.9381588114032518e-30,0.079381588114032522,0.99966894486891056,1.0880593369749296e-30,0.022081434327415245,4.9274848763970355e-29,0.49274848763970358
1,6,100,1.5,0.99993294466734417,7.9370024806224515e-30,0.079370024806224515,0.99952332571476854,1.3054354430873784e-30,0.026492936575827901,4.9274848763970355e-29,0.49274848763970358
1,7,100,1.75,0.99990873433389393,7.9356361899920657e-30,0.079356361899920652,0.99935126587755541,1.5226830276738057e-30,0.030901830566087658,4.9274848763970355e-29,0.49274848763970358
1,8,100,2,0.99988080203141361,7.9340600804878877e-30,0.079340600804878883,0.99915278311064781,1.7397807333986094e-30,0.03530768286539588,4.9274848763970355e-29,0.49274848763970358
1,9,100,2.25,0.99984914891556742,7.9322743147131623e-30,0.079322743147131627,0.99892789789101244,1.9567072319344722e-30,0.039710060629657609,4.9274848763970355e-29,0.49274848763970358
1,10,100,2.5,0.99981377629579249,7.9302790768724222e-30,0.079302790768724221,0.99867663341591151,2.173441228084184e-30,0.044108531687131199,4.9274848763970355e-29,0.49274848763970358
1,11,100,2.75,0.99977468563518124,7.9280745727418723e-30,0.079280745727418722,0.99839901559917288,2.3899614638935984e-30,0.048502664621897978,4.9274848763970355e-29,0.49274848763970358
1,12,100,3,0.99973187855034862,7.9256610296362681e-30,0.07925661029636269,0.99809507306701928,2.6062467227546117e-30,0.052892028857129493,4.9274848763970355e-29,0.49274848763970358
1,13,100,3.25,0.99968535681128701,7.9230386963723775e-30,0.079230386963723781,0.99776483715346687,2.8222758334970763e-30,0.057276194738130122,4.9274848763970355e-29,0.49274848763970358
1,14,100,3.5,0.99963512234120544,7.920207843228974e-30,0.079202078432289741,0.99740834189528693,3.0380276744685644e-30,0.061654733615133135,4.9274848763970355e-29,0.49274848763970358
1,15,100,3.75,0.9995811772163582,7.9171687619034247e-30,0.079171687619034245,0.99702562402653894,3.2534811776008847e-30,0.066027217925827955,4.9274848763970355e-29,0.49274848763970358
1,16,100,4,0.9995235236658554,7.9139217654648109e-30,0.079139217654648111,0.99661672297266746,3.4686153324622673e-30,0.070393221277596493,4.9274848763970355e-29,0.49274848763970358
1,17,100,4.25,0.99946216407146371,7.910467188303668e-30,0.079104671883036687,0.99618168084417202,3.6834091902941503e-30,0.074752318529437062,4.9274848763970355e-29,0.49274848763970358
1,18,100,4.5,0.99939710096739121,7.9068053860783168e-30,0.079068053860783166,0.99572054242984886,3.8978418680314888e-30,0.079104085873553831,4.9274848763970355e-29,0.49274848763970358
1,19,100,4.75,0.99932833704005963,7.9029367356578004e-30,0.079029367356578006,0.9952333551896051,4.1118925523055236e-30,0.083448100916590315,4.9274848763970355e-29,0.49274848763970358
1,20,100,5,0.99925587512786263,7.8988616350614695e-30,0.078988616350614702,0.99472016924685014,4.3255405034279523e-30,0.087783942760485484,4.9274848763970355e-29,0.49274848763970358
1,21,100,5.25,0.99917971822091001,7.8945805033951576e-30,0.078945805033951585,0.99418103738045827,4.5387650593554205e-30,0.092111192082930435,4.9274848763970355e-29,0.49274848763970358
1,22,100,5.5,0.99909986946075946,7.8900937807840787e-30,0.078900937807840785,0.99361601501631835,4.7515456396333492e-30,0.096429431217405728,4.9274848763970355e-29,0.49274848763970358
1,23,100,5.75,0.99901633214013463,7.8854019283023557e-30,0.07885401928302356,0.99302516021845932,4.9638617493179949e-30,0.10073824423277698,4.9274848763970355e-29,0.49274848763970358
1,24,100,6,0.99892910970262838,7.8805054278992376e-30,0.078805054278992384,0.99240853367975823,5.1756929828757323e-30,0.10503721701242817,4.9274848763970355e-29,0.49274848763970358
1,25,100,6.25,0.99883820574239512,7.8754047823220611e-30,0.07875404782322061,0.99176619871223892,5.3870190280585703e-30,0.10932593733291263,4.9274848763970355e-29,0.49274848763970358
1,26,100,6.5,0.99874362400382755,7.8701005150358868e-30,0.078701005150358869,0.99109822123695135,5.5978196697548171e-30,0.11360399494209973,4.9274848763970355e-29,0.49274848763970358
1,27,100,6.75,0.99864536838122131,7.8645931701399302e-30,0.078645931701399302,0.9904046697734481,5.8080747938139585e-30,0.11787098163679821,4.9274848763970355e-29,0.49274848763970358
1,28,100,7,0.99854344291842667,7.858883312280729e-30,0.078588833122807289,0.9896856154288487,6.0177643908447033e-30,0.12212649133983497,4.9274848763970355e-29,0.49274848763970358
1,29,100,7.25,0.9984378518084861,7.8529715265621135e-30,0.078529715265621136,0.98894113188650268,6.2268685599852325e-30,0.12637012017656973,4.9274848763970355e-29,0.49274848763970358
1,30,100,7.5,0.99832859939325969,7.8468584184519759e-30,0.078468584184519755,0.98817129539424797,6.4353675126446578e-30,0.13060146655082547,4.9274848763970355e-29,0.49274848763970358
1,31,100,7.75,0.99821569016303635,7.8405446136858745e-30,0.07840544613685875,0.98737618475227273,6.6432415762147289e-30,0.13482013122021494,4.9274848763970355e-29,0.49274848763970358
1,32,100,8,0.9980991287561346,7.8340307581675141e-30,0.078340307581675137,0.98655588130058136,6.8504711977508555e-30,0.13902571737084463,4.9274848763970355e-29,0.49274848763970358
1,33,100,8.25,0.99797891995848675,7.8273175178660621e-30,0.078273175178660628,0.98571046890606451,7.0570369476214259e-30,0.14321783069137523,4.9274848763970355e-29,0.49274848763970358
1,34,100,8.5,0.99785506870321306,7.8204055787104061e-30,0.078204055787104057,0.98484003394918163,7.2629195231245721e-30,0.14739607944642136,4.9274848763970355e-29,0.49274848763970358
1,35,100,8.75,0.99772758007018336,7.8132956464803425e-30,0.078132956464803421,0.98394466531025915,7.4680997520714163e-30,0.15156007454927131,4.9274848763970355e-29,0.49274848763970358
1,36,100,9,0.9975964592855634,7.8059884466946872e-30,0.07805988446694688,0.98302445435539898,7.6725585963348536e-30,0.15570942963390705,4.9274848763970355e-29,0.49274848763970358
1,37,100,9.25,0.99746171172135112,7.7984847244963985e-30,0.07798484724496399,0.98207949492201285,7.8762771553630274e-30,0.15984376112630794,4.9274848763970355e-29,0.49274848763970358
1,38,100,9.5,0.99732334289489932,7.790785244534714e-30,0.077907852445347148,0.98110988330397875,8.0792366696565904e-30,0.16396268831501939,4.9274848763970355e-29,0.49274848763970358
1,39,100,9.75,0.99718135846842637,7.7828907908443024e-30,0.077828907908443032,0.98011571823642263,8.281418524208837e-30,0.16806583342096809,4.9274848763970355e-29,0.49274848763970358
1,40,100,10,0.99703576424851348,7.774802166721487e-30,0.077748021667214867,0.9790971008801308,8.4828042519078885e-30,0.17215282166650694,4.9274848763970355e-29,0.49274848763970358
1,41,100,10.25,0.99688656618559202,7.766520194597609e-30,0.077665201945976092,0.97805413480560255,8.6833755369000893e-30,0.17622328134367307,4.9274848763970355e-29,0.49274848763970358
1,42,100,10.5,0.99673377037341537,7.7580457159094477e-30,0.077580457159094479,0.97698692597673176,8.8831142179137017e-30,0.18027684388163992,4.9274848763970355e-29,0.49274848763970358
1,43,100,10.75,0.99657738304852139,7.7493795909668515e-30,0.077493795909668511,0.97589558273413723,9.0820022915421528e-30,0.18431314391334855,4.9274848763970355e-29,0.49274848763970358
1,44,100,11,0.99641741058968214,7.7405226988175473e-30,0.07740522698817548,0.97478021577813811,9.28002191548601e-30,0.18833181934130133,4.9274848763970355e-29,0.49274848763970358
1,45,100,11.25,0.99625385951734136,7.7314759371091701e-30,0.07731475937109171,0.97364093815137875,9.4771554117528624e-30,0.19233251140250143,4.9274848763970355e-29,0.49274848763970358
1,46,100,11.5,0.99608673649303936,7.7222402219485265e-30,0.077222402219485273,0.97247786522110591,9.6733852698143162e-30,0.19631486473252194,4.9274848763970355e-29,0.49274848763970358
1,47,100,11.75,0.99591604831882907,7.7128164877581984e-30,0.077128164877581992,0.97129111466110984,9.8686941497194082e-30,0.2002785274286904,4.9274848763970355e-29,0.49274848763970358
1,48,100,12,0.9957418019366765,7.7032056871304044e-30,0.077032056871304044,0.9700808064333214,1.0063064885163594e-29,0.20422315111237199,4.9274848763970355e-29,0.49274848763970358
1,49,100,12.25,0.99556400442785242,7.6934087906782588e-30,0.076934087906782592,0.96884706276908061,1.0256480486512634e-29,0.20814839099033719,4.9274848763970355e-29,0.49274848763970358
1,50,100,12.5,0.99538266301231237,7.683426786884433e-30,0.076834267868844328,0.9675900081500779,1.0448924143780677e-29,0.21205390591519996,4.9274848763970355e-29,0.49274848763970358
1,51,100,12.75,0.99519778504806444,7.6732606819472004e-30,0.076732606819472013,0.96630976928896684,1.0640379229561726e-29,0.21593935844491002,4.9274848763970355e-29,0.49274848763970358
1,52,100,13,0.99500937803052558,7.6629114996239671e-30,0.076629114996239672,0.96500647510965909,1.0830829301913899e-29,0.2198044149012868,4.9274848763970355e-29,0.49274848763970358
1,53,100,13.25,0.99481744959186891,7.6523802810723358e-30,0.076523802810723365,0.9636802567273095,1.1020258107195845e-29,0.2236487454275827,4.9274848763970355e-29,0.49274848763970358
1,54,100,13.5,0.99462200750035679,7.6416680846886322e-30,0.076416680846886326,0.96233124742798148,1.1208649582854457e-29,0.22747202404505792,4.9274848763970355e-29,0.49274848763970358
1,55,100,13.75,0.99442305965966649,7.6307759859440868e-30,0.076307759859440868,0.96095958264801684,1.139598786016351e-29,0.23127392870855906,4.9274848763970355e-29,0.49274848763970358
1,56,100,14,0.99422061410820162,7.6197050772185617e-30,0.076197050772185623,0.95956539995309675,1.1582257266912355e-29,0.23505414136108466,4.9274848763970355e-29,0.49274848763970358
1,57,100,14.25,0.99401467901839624,7.6084564676319834e-30,0.076084564676319841,0.95814883901701375,1.1767442330044251e-29,0.23881234798732809,4.9274848763970355e-29,0.49274848763970358
1,58,100,14.5,0.99380526269600544,7.5970312828734346e-30,0.075970312828734343,0.95671004160014883,1.1951527778243616e-29,0.24254823866618425,4.9274848763970355e-29,0.49274848763970358
1,59,100,14.75,0.9935923735793879,7.5854306650279833e-30,0.07585430665027984,0.95524915152766365,1.213449854447167e-29,0.24626150762220878,4.9274848763970355e-29,0.49274848763970358
1,60,100,15,0.99337602023877569,7.5736557724012791e-30,0.07573655772401279,0.95376631466741169,1.2316339768449913e-29,0.24995185327601835,4.9274848763970355e-29,0.49274848763970358
1,61,100,15.25,0.99315621137553645,7.5617077793419726e-30,0.075617077793419724,0.95226167890757529,1.2497036799090903e-29,0.25361897829362196,4.9274848763970355e-29,0.49274848763970358
1,62,100,15.5,0.9929329558214236,7.549587876061975e-30,0.07549587876061975,0.95073539413403008,1.2676575196875791e-29,0.25726258963467119,4.9274848763970355e-29,0.49274848763970358
1,63,100,15.75,0.99270626253781713,7.5372972684546114e-30,0.075372972684546111,0.94918761220744519,1.2854940736178115e-29,0.26088239859962015,4.9274848763970355e-29,0.49274848763970358
1,64,100,16,0.99247614061495437,7.524837177910709e-30,0.075248371779107093,0.9476184869401223,1.3032119407533368e-29,0.26447812087578482,4.9274848763970355e-29,0.49274848763970358
1,65,100,16.25,0.99224259927115221,7.5122088411326756e-30,0.075122088411326754,0.94602817407258299,1.3208097419853908e-29,0.26804947658229317,4.9274848763970355e-29,0.49274848763970358
1,66,100,16.5,0.99200564785201717,7.4994135099465545e-30,0.07499413509946555,0.94441683124989928,1.3382861202588615e-29,0.27159619031391385,4.9274848763970355e-29,0.49274848763970358
1,67,100,16.75,0.99176529582964912,7.4864524511122018e-30,0.074864524511122021,0.9427846179977899,1.3556397407827117e-29,0.27511799118376029,4.9274848763970355e-29,0.49274848763970358
1,68,100,17,0.99152155280183329,7.4733269461315261e-30,0.074733269461315269,0.94113169569847088,1.3728692912347911e-29,0.27861461286485562,4.9274848763970355e-29,0.49274848763970358
1,69,100,17.25,0.9912744284912236,7.460038291054865e-30,0.074600382910548657,0.93945822756627262,1.3899734819610067e-29,0.28208579363055331,4.9274848763970355e-29,0.49274848763970358
1,70,100,17.5,0.99102393274451772,7.4465877962856007e-30,0.074465877962856003,0.93776437862303408,1.4069510461688281e-29,0.28553127639380749,4.9274848763970355e-29,0.49274848763970358
1,71,100,17.75,0.99077007553162233,7.4329767863829585e-30,0.074329767863829582,0.93605031567326935,1.4238007401150652e-29,0.28895080874528117,4.9274848763970355e-29,0.49274848763970358
1,72,100,18,0.99051286694480933,7.4192065998631174e-30,0.074192065998631179,0.9343162072791209,1.4405213432879064e-29,0.29234414299028999,4.9274848763970355e-29,0.49274848763970358
1,73,100,18.25,0.99025231719786522,7.4052785889986434e-30,0.074052785889986442,0.93256222373510178,1.4571116585831752e-29,0.29571103618457206,4.9274848763970355e-29,0.49274848763970358
1,74,100,18.5,0.98998843662522862,7.3911941196162575e-30,0.073911941196162581,0.93078853704262821,1.473570512474772e-29,0.29905125016887785,4.9274848763970355e-29,0.49274848763970358
1,75,100,18.75,0.98972123568112269,7.3769545708930584e-30,0.073769545708930587,0.9289953208843571,1.4898967551792802e-29,0.3023645516023763,4.9274848763970355e-29,0.49274848763970358
1,76,100,19,0.98945072493867692,7.3625613351511765e-30,0.073625613351511771,0.92718275059832711,1.5060892608147031e-29,0.30565071199486904,4.9274848763970355e-29,0.49274848763970358
1,77,100,19.25,0.98917691508904215,7.3480158176509405e-30,0.073480158176509408,0.9253510031519111,1.5221469275533114e-29,0.30890950773780995,4.9274848763970355e-29,0.49274848763970358
1,78,100,19.5,0.988899816940497,7.3333194363825818e-30,0.073333194363825821,0.92350025711558503,1.5380686777685714e-29,0.31214072013412314,4.9274848763970355e-29,0.49274848763970358
1,79,100,19.75,0.98861944141754587,7.3184736218565496e-30,0.073184736218565499,0.92163069263652231,1.5538534581761421e-29,0.31534413542681755,4.9274848763970355e-29,0.49274848763970358
1,80,100,20,0.98833579956001072,7.3034798168924587e-30,0.073034798168924595,0.91974249141201525,1.5695002399689151e-29,0.31851954482639216,4.9274848763970355e-29,0.49274848763970358
1,81,100,20.25,0.98804890252211375,7.2883394764067166e-30,0.072883394764067175,0.91783583666273061,1.5850080189460782e-29,0.32166674453702881,4.9274848763970355e-29,0.49274848763970358
1,82,100,20.5,0.98775876157155296,7.2730540671988767e-30,0.072730540671988766,0.91591091310580453,1.600375815636192e-29,0.32478553578156949,4.9274848763970355e-29,0.49274848763970358
1,83,100,20.75,0.98746538808857087,7.2576250677367961e-30,0.072576250677367962,0.91396790692778695,1.615602675414265e-29,0.32787572482527633,4.9274848763970355e-29,0.49274848763970358
1,84,100,21,0.98716879356501619,7.2420539679405896e-30,0.072420539679405899,0.91200700575743476,1.6306876686128114e-29,0.33093712299836953,4.9274848763970355e-29,0.49274848763970358
1,85,100,21.25,0.98686898960339686,7.2263422689654686e-30,0.072263422689654688,0.91002839863836393,1.6456298906268845e-29,0.33396954671734375,4.9274848763970355e-29,0.49274848763970358
1,86,100,21.5,0.98656598791592875,7.2104914829834906e-30,0.072104914829834915,0.908032276001565,1.6604284620130778e-29,0.33697281750505925,4.9274848763970355e-29,0.49274848763970358
1,87,100,21.75,0.98625980032357519,7.1945031329642742e-30,0.07194503132964275,0.9060188296377879,1.6750825285824816e-29,0.33994676200960716,4.9274848763970355e-29,0.49274848763970358
1,88,100,22,0.98595043875508126,7.1783787524547159e-30,0.071783787524547157,0.90398825266980132,1.6895912614875994e-29,0.34289121202194828,4.9274848763970355e-29,0.49274848763970358
1,89,100,22.25,0.98563791524600131,7.162119885357786e-30,0.071621198853577858,0.90194073952453602,1.7039538573032172e-29,0.34580600449232513,4.9274848763970355e-29,0.49274848763970358
1,90,100,22.5,0.98532224193771967,7.145728085710393e-30,0.071457280857103928,0.89987648590511071,1.7181695381012187e-29,0.34869098154544514,4.9274848763970355e-29,0.49274848763970358
1,91,100,22.75,0.98500343107646671,7.1292049174604371e-30,0.071292049174604369,0.89779568876275617,1.7322375515193581e-29,0.3515459904944378,4.9274848763970355e-29,0.49274848763970358
1,92,100,23,0.98468149501232649,7.1125519542430184e-30,0.071125519542430182,0.89569854626863221,1.7461571708239855e-29,0.35437088385358401,4.9274848763970355e-29,0.49274848763970358
1,93,100,23.25,0.9843564461982407,7.0957707791559116e-30,0.070957707791559119,0.89358525778555353,1.7599276949667279e-29,0.35716551934981944,4.9274848763970355e-29,0.49274848763970358
1,94,100,23.5,0.98402829718900509,7.0788629845343304e-30,0.070788629845343301,0.89145602383962441,1.7735484486351424e-29,0.35992975993301407,4.9274848763970355e-29,0.49274848763970358
1,95,100,23.75,0.98369706064026263,7.0618301717250191e-30,0.070618301717250198,0.88931104609179024,1.7870187822973379e-29,0.36266347378502795,4.9274848763970355e-29,0.49274848763970358
1,96,100,24,0.98336274930748802,7.0446739508597186e-30,0.070446739508597186,0.88715052730930932,1.8003380722405775e-29,0.36536653432754523,4.9274848763970355e-29,0.49274848763970358
1,97,100,24.25,0.98302537604497031,7.0273959406280927e-30,0.070273959406280923,0.88497467133715724,1.8135057206038839e-29,0.36803882022869133,4.9274848763970355e-29,0.49274848763970358
1,98,100,24.5,0.98268495380478793,7.009997768050082e-30,0.070099977680500816,0.8827836830693585,1.8265211554046414e-29,0.37068021540843143,4.9274848763970355e-29,0.49274848763970358
1,99,100,24.75,0.98234149563577911,6.9924810682478041e-30,0.069924810682478036,0.88057776842026203,1.8393838305592257e-29,0.37329060904275746,4.9274848763970355e-29,0.49274848763970358
1,100,100,25,0.98199501468250916,6.9748474842170335e-30,0.069748474842170338,0.87835713429576268,1.852093225897675e-29,0.375869895566665,4.9274848763970355e-29,0.49274848763970358
1,101,100,25.25,0.98164552418423057,6.957098666598261e-30,0.069570986665982618,0.87612198856447021,1.864648847172413e-29,0.3784179746759242,4.9274848763970355e-29,0.49274848763970358
1,102,100,25.5,0.98129303747384033,6.9392362734474274e-30,0.069392362734474272,0.87387254002883796,1.8770502260610511e-29,0.38093475132764804,4.9274848763970355e-29,0.49274848763970358
1,103,100,25.75,0.98093756797683185,6.9212619700063643e-30,0.069212619700063649,0.87160899839625317,1.8892969201632913e-29,0.38342013573966371,4.9274848763970355e-29,0.49274848763970358
1,104,100,26,0.98057912921024382,6.9031774284729841e-30,0.069031774284729841,0.86933157425009699,1.9013885129919523e-29,0.3858740433886918,4.9274848763970355e-29,0.49274848763970358
1,105,100,26.25,0.98021773478160357,6.8849843277712452e-30,0.068849843277712458,0.86704047902077563,1.9133246139581347e-29,0.38829639500733543,4.9274848763970355e-29,0.49274848763970358
1,106,100,26.5,0.97985339838786722,6.8666843533209822e-30,0.068666843533209829,0.86473592495673457,1.9251048583505709e-29,0.39068711657988947,4.9274848763970355e-29,0.49274848763970358
1,107,100,26.75,0.97948613381435556,6.8482791968075879e-30,0.068482791968075885,0.86241812509545424,1.9367289073091677e-29,0.39304613933697125,4.9274848763970355e-29,0.49274848763970358
1,108,100,27,0.97911595493368775,6.8297705559516729e-30,0.068297705559516725,0.86008729323444244,1.9481964477927905e-29,0.39537339974898245,4.9274848763970355e-29,0.49274848763970358
1,109,100,27.25,0.97874287570470897,6.8111601342786338e-30,0.068111601342786335,0.85774364390221602,1.9595071925412956e-29,0.39766883951840404,4.9274848763970355e-29,0.49274848763970358
1,110,100,27.5,0.97836691017141653,6.7924496408882888e-30,0.067924496408882887,0.8553873923292904,1.970660880031873e-29,0.39993240557093607,4.9274848763970355e-29,0.49274848763970358
1,111,100,27.75,0.97798807246188291,6.7736407902245586e-30,0.067736407902245582,0.85301875441917474,1.9816572744297145e-29,0.40216405004548633,4.9274848763970355e-29,0.49274848763970358
1,112,100,28,0.97760637678717488,6.7547353018452454e-30,0.067547353018452452,0.85063794671938031,1.9924961655330442e-29,0.40436373028301453,4.9274848763970355e-29,0.49274848763970358
1,113,100,28.25,0.97722183744026903,6.7357349001919545e-30,0.067357349001919545,0.84824518639244595,2.003177368712553e-29,0.40653140881424099,4.9274848763970355e-29,0.49274848763970358
1,114,100,28.5,0.97683446879496705,6.7166413143602356e-30,0.06716641314360236,0.84584069118699101,2.0137007248452847e-29,0.40866705334622916,4.9274848763970355e-29,0.49274848763970358
1,115,100,28.75,0.97644428530480543,6.697456277869919e-30,0.06697456277869919,0.84342467940879429,2.0240661002429903e-29,0.41077063674784575,4.9274848763970355e-29,0.49274848763970358
1,116,100,29,0.97605130150196495,6.6781815284357564e-30,0.06678181528435756,0.84099736989190954,2.0342733865750177e-29,0.41284213703411166,4.9274848763970355e-29,0.49274848763970358
1,117,100,29.25,0.97565553199617661,6.6588188077383719e-30,0.066588188077383717,0.83855898196982104,2.0443225007857655e-29,0.41488153734944977,4.9274848763970355e-29,0.49274848763970358
1,118,100,29.5,0.97525699147362532,6.6393698611955585e-30,0.066393698611955584,0.8361097354466428,2.0542133850067436e-29,0.41688882594983817,4.9274848763970355e-29,0.49274848763970358
1,119,100,29.75,0.97485569469585254,6.6198364377340069e-30,0.066198364377340072,0.83364985056837149,2.0639460064633015e-29,0.41886399618388148,4.9274848763970355e-29,0.49274848763970358
1,120,100,30,0.97445165649865595,6.6002202895614388e-30,0.066002202895614384,0.83117954799419103,2.0735203573760512e-29,0.42080704647280504,4.9274848763970355e-29,0.49274848763970358
1,121,100,30.25,0.97404489179098819,6.5805231719392689e-30,0.06580523171939269,0.82869904876784295,2.0829364548570545e-29,0.42271798028938701,4.9274848763970355e-29,0.49274848763970358
1,122,100,30.5,0.97363541555385336,6.5607468429557411e-30,0.06560746842955742,0.82620857428905781,2.0921943408007977e-29,0.42459680613583228,4.9274848763970355e-29,0.49274848763970358
1,123,100,30.75,0.97322324283920203,6.5408930632996644e-30,0.065408930632996645,0.82370834628506029,2.1012940817700379e-29,0.42644353752060604,4.9274848763970355e-29,0.49274848763970358
1,124,100,31,0.97280838876882603,6.5209635960347528e-30,0.065209635960347526,0.82119858678215207,2.1102357688765438e-29,0.42825819293423034,4.9274848763970355e-29,0.49274848763970358
1,125,100,31.25,0.97239086853325019,6.5009602063745785e-30,0.065009602063745786,0.81867951807737105,2.1190195176568007e-29,0.43004079582405991,4.9274848763970355e-29,0.49274848763970358
1,126,100,31.5,0.97197069739062525,6.4808846614582421e-30,0.06480884661458243,0.81615136271024058,2.127645467942728e-29,0.43179137456804473,4.9274848763970355e-29,0.49274848763970358
1,127,100,31.75,0.97154789066561764,6.4607387301267366e-30,0.064607387301267374,0.81361434343460737,2.1361137837274702e-29,0.43350996244749335,4.9274848763970355e-29,0.49274848763970358
1,128,100,32,0.97112246374830014,6.4405241827000974e-30,0.06440524182700097,0.81106868319057679,2.1444246530263109e-29,0.43519659761884621,4.9274848763970355e-29,0.49274848763970358
1,129,100,32.25,0.97069443209304129,6.4202427907553163e-30,0.064202427907553164,0.80851460507654516,2.1525782877327746e-29,0.43685132308447278,4.9274848763970355e-29,0.49274848763970358
1,130,100,32.5,0.97026381121739402,6.3998963269051143e-30,0.063998963269051148,0.80595233232134067,2.1605749234699716e-29,0.43847418666250249,4.9274848763970355e-29,0.49274848763970358
1,131,100,32.75,0.96983061670098469,6.3794865645775775e-30,0.063794865645775772,0.80338208825647206,2.1684148194372463e-29,0.44006524095570348,4.9274848763970355e-29,0.49274848763970358
1,132,100,33,0.96939486418440179,6.3590152777967094e-30,0.063590152777967091,0.80080409628849303,2.1760982582521997e-29,0.44162454331942208,4.9274848763970355e-29,0.49274848763970358
1,133,100,33.25,0.96895656936808339,6.3384842409638932e-30,0.063384842409638931,0.7982185798714817,2.1836255457881207e-29,0.44315215582859024,4.9274848763970355e-29,0.49274848763970358
1,134,100,33.5,0.96851574801120621,6.3178952286403819e-30,0.063178952286403828,0.79562576247964889,2.190997011006931e-29,0.44464814524382312,4.9274848763970355e-29,0.49274848763970358
1,135,100,33.75,0.96807241593057458,6.2972500153307658e-30,0.062972500153307659,0.79302586758006965,2.1982130057876691e-29,0.44611258297661116,4.9274848763970355e-29,0.49274848763970358
1,136,100,34,0.96762658899950826,6.2765503752674944e-30,0.06276550375267495,0.79041911860554781,2.2052739047506004e-29,0.44754554505362404,4.9274848763970355e-29,0.49274848763970358
1,137,100,34.25,0.9671782831467336,6.2557980821965018e-30,0.062557980821965023,0.7878057389276194,2.2121801050770128e-29,0.4489471120801396,4.9274848763970355e-29,0.49274848763970358
1,138,100,34.5,0.9667275143552716,6.2349949091639055e-30,0.062349949091639059,0.78518595182969098,2.2189320263247637e-29,0.45031736920261056,4.9274848763970355e-29,0.49274848763970358
1,139,100,34.75,0.96627429866133041,6.2141426283039157e-30,0.062141426283039161,0.78255998048033082,2.2255301102396521e-29,0.45165640607038332,4.9274848763970355e-29,0.49274848763970358
1,140,100,35,0.96581865215319596,6.1932430106278595e-30,0.061932430106278594,0.7799280479066999,2.2319748205626703e-29,0.45296431679658133,4.9274848763970355e-29,0.49274848763970358
1,141,100,35.25,0.96536059097012505,6.1722978258144714e-30,0.061722978258144719,0.77729037696814351,2.2382666428332259e-29,0.45424119991817019,4.9274848763970355e-29,0.49274848763970358
1,142,100,35.5,0.96490013130123919,6.1513088420014091e-30,0.061513088420014093,0.77464719032993545,2.2444060841883825e-29,0.45548715835521481,4.9274848763970355e-29,0.49274848763970358
1,143,100,35.75,0.96443728938441908,6.1302778255780271e-30,0.061302778255780274,0.77199871043718227,2.2503936731581963e-29,0.45670229936934448,4.9274848763970355e-29,0.49274848763970358
1,144,100,36,0.96397208150520131,6.1092065409794961e-30,0.061092065409794963,0.76934515948889604,2.2562299594572378e-29,0.45788673452144363,4.9274848763970355e-29,0.49274848763970358
1,145,100,36.25,0.96350452399567643,6.0880967504822309e-30,0.06088096750482231,0.76668675941223208,2.2619155137723377e-29,0.45904057962857608,4.9274848763970355e-29,0.49274848763970358
1,146,100,36.5,0.96303463323338834,6.0669502140007087e-30,0.060669502140007089,0.7640237318369022,2.2674509275466648e-29,0.4601639547201653,4.9274848763970355e-29,0.49274848763970358
1,147,100,36.75,0.96256242564023553,6.0457686888856464e-30,0.060457686888856464,0.76135629806975813,2.2728368127601728e-29,0.46125698399343751,4.9274848763970355e-29,0.49274848763970358
1,148,100,37,0.96208791768137414,6.0245539297236472e-30,0.060245539297236472,0.7586846790695615,2.2780738017065271e-29,0.46231979576815035,4.9274848763970355e-29,0.49274848763970358
1,149,100,37.25,0.96161112586412312,6.0033076881382658e-30,0.060033076881382659,0.75600909542193051,2.2831625467665552e-29,0.46335252244061637,4.9274848763970355e-29,0.49274848763970358
1,150,100,37.5,0.96113206673687179,5.9820317125925789e-30,0.059820317125925788,0.75332976731447809,2.2881037201783185e-29,0.46435530043704043,4.9274848763970355e-29,0.49274848763970358
1,151,100,37.75,0.96065075688798884,5.9607277481932333e-30,0.059607277481932334,0.75064691451213483,2.2928980138038582e-29,0.4653282701661825,4.9274848763970355e-29,0.49274848763970358
1,152,100,38,0.96016721294473439,5.9393975364960623e-30,0.059393975364960626,0.74796075633267012,2.2975461388927193e-29,0.46627157597136637,4.9274848763970355e-29,0.49274848763970358
1,153,100,38.25,0.9596814515721741,5.9180428153132296e-30,0.059180428153132299,0.74527151162240479,2.3020488258422989e-29,0.46718536608184402,4.9274848763970355e-29,0.49274848763970358
1,154,100,38.5,0.95919348947209693,5.896665318521987e-30,0.058966653185219875,0.74257939873212842,2.3064068239551239e-29,0.46806979256353654,4.9274848763970355e-29,0.49274848763970358
1,155,100,38.75,0.9587033433819333,5.8752667758750121e-30,0.05875266775875012,0.73988463549321404,2.3106209011931075e-29,0.46892501126916247,4.9274848763970355e-29,0.49274848763970358
1,156,100,39,0.95821103007367847,5.8538489128123996e-30,0.058538489128123997,0.73718743919394214,2.314691843928888e-29,0.46975118178777342,4.9274848763970355e-29,0.49274848763970358
1,157,100,39.25,0.95771656635281732,5.8324134502752989e-30,0.058324134502752992,0.73448802655603196,2.3186204566943085e-29,0.47054846739370976,4.9274848763970355e-29,0.49274848763970358
1,158,100,39.5,0.95721996905725315,5.8109621045212535e-30,0.058109621045212535,0.73178661371138587,2.3224075619261315e-29,0.47131703499499528,4.9274848763970355e-29,0.49274848763970358
1,159,100,39.75,0.95672125505623862,5.7894965869412032e-30,0.057894965869412035,0.72908341617904526,2.3260539997090442e-29,0.47205705508118151,4.9274848763970355e-29,0.49274848763970358
1,160,100,40,0.95622044124931116,5.7680186038782561e-30,0.057680186038782562,0.72637864884236691,2.3295606275160654e-29,0.47276870167066537,4.9274848763970355e-29,0.49274848763970358
1,161,100,40.25,0.95571754456523039,5.7465298564481676e-30,0.057465298564481675,0.72367252592641662,2.3329283199463978e-29,0.47345215225748782,4.9274848763970355e-29,0.49274848763970358
1,162,100,40.5,0.95521258196091996,5.7250320403616144e-30,0.057250320403616148,0.72096526097558711,2.3361579684608346e-29,0.47410758775763662,4.9274848763970355e-29,0.49274848763970358
1,163,100,40.75,0.95470557042041249,5.703526845748243e-30,0.057035268457482434,0.71825706683144031,2.3392504811147798e-29,0.47473519245486429,4.9274848763970355e-29,0.49274848763970358
1,164,100,41,0.95419652695379831,5.6820159569825205e-30,0.05682015956982521,0.71554815561077634,2.3422067822889679e-29,0.47533515394603981,4.9274848763970355e-29,0.49274848763970358
1,165,100,41.25,0.95368546859617864,5.6605010525114308e-30,0.05660501052511431,0.71283873868393521,2.3450278124179752e-29,0.47590766308605165,4.9274848763970355e-29,0.49274848763970358
1,166,100,41.5,0.95317241240662098,5.6389838046839936e-30,0.056389838046839939,0.71012902665332711,2.3477145277165725e-29,0.47645291393227279,4.9274848763970355e-29,0.49274848763970358
1,167,100,41.75,0.95265737546712004,5.6174658795826586e-30,0.056174658795826587,0.70741922933220025,2.3502678999040304e-29,0.47697110368861045,4.9274848763970355e-29,0.49274848763970358
1,168,100,42,0.95214037488156233,5.5959489368565765e-30,0.055959489368565769,0.70470955572364402,2.3526889159264361e-29,0.47746243264915228,4.9274848763970355e-29,0.49274848763970358
1,169,100,42.25,0.95162142777469416,5.5744346295567671e-30,0.055744346295567675,0.70200021399983137,2.3549785776771156e-29,0.47792710414142764,4.9274848763970355e-29,0.49274848763970358
1,170,100,42.5,0.95110055129109505,5.5529246039732002e-30,0.055529246039732007,0.69929141148150198,2.3571379017152246e-29,0.47836532446929758,4.9274848763970355e-29,0.49274848763970358
1,171,100,42.75,0.95057776259415494,5.5314204994738153e-30,0.055314204994738152,0.69658335461768994,2.359167918982609e-29,0.4787773028554938,4.9274848763970355e-29,0.49274848763970358
1,172,100,43,0.95005307886505475,5.5099239483454528e-30,0.055099239483454528,0.69387624896569156,2.3610696745189826e-29,0.47916325138381566,4.9274848763970355e-29,0.49274848763970358
1,173,100,43.25,0.94952651730175464,5.4884365756368082e-30,0.054884365756368084,0.69117029917128847,2.3628442271755563e-29,0.47952338494101315,4.9274848763970355e-29,0.49274848763970358
1,174,100,43.5,0.94899809511798228,5.4669599990032757e-30,0.054669599990032756,0.68846570894920844,2.3644926493271192e-29,0.47985792115835579,4.9274848763970355e-29,0.49274848763970358
1,175,100,43.75,0.94846782954223052,5.4454958285538628e-30,0.054454958285538632,0.68576268106384686,2.3660160265827398e-29,0.48016708035292127,4.9274848763970355e-29,0.49274848763970358
1,176,100,44,0.94793573781675622,5.4240456667000365e-30,0.054240456667000364,0.68306141731023207,2.3674154574950827e-29,0.48045108546860338,4.9274848763970355e-29,0.49274848763970358
1,177,100,44.25,0.94740183719658633,5.4026111080066215e-30,0.054026111080066219,0.68036211849524786,2.3686920532684876e-29,0.48071016201686839,4.9274848763970355e-29,0.49274848763970358
1,178,100,44.5,0.9468661449485275,5.381193739044711e-30,0.053811937390447109,0.67766498441911116,2.3698469374658464e-29,0.48094453801726783,4.9274848763970355e-29,0.49274848763970358
1,179,100,44.75,0.94632867835018097,5.3597951382466055e-30,0.053597951382466057,0.67497021385710321,2.3708812457143685e-29,0.48115444393772566,4.9274848763970355e-29,0.49274848763970358
1,180,100,45,0.94578945468896425,5.3384168757628244e-30,0.053384168757628248,0.67227800454156361,2.3717961254103344e-29,0.48134011263461973,4.9274848763970355e-29,0.49274848763970358
1,181,100,45.25,0.9452484912611343,5.3170605133211178e-30,0.053170605133211181,0.66958855314413501,2.3725927354228605e-29,0.48150177929266308,4.9274848763970355e-29,0.49274848763970358
1,182,100,45.5,0.94470580537082094,5.2957276040876273e-30,0.052957276040876272,0.66690205525827861,2.3732722457968344e-29,0.48163968136461638,4.9274848763970355e-29,0.49274848763970358
1,183,100,45.75,0.94416141432906098,5.2744196925300436e-30,0.052744196925300434,0.66421870538204142,2.373835837455009e-29,0.48175405851083031,4.9274848763970355e-29,0.49274848763970358
1,184,100,46,0.94361533545284049,5.2531383142828828e-30,0.052531383142828826,0.66153869690109057,2.3742847018994e-29,0.48184515253864585,4.9274848763970355e-29,0.49274848763970358
1,185,100,46.25,0.9430675860641422,5.2318849960148726e-30,0.052318849960148725,0.6588622220720125,2.3746200409120353e-29,0.48191320734166343,4.9274848763970355e-29,0.49274848763970358
1,186,100,46.5,0.94251818348899763,5.2106612552983979e-30,0.052106612552983982,0.6561894720058723,2.3748430662551285e-29,0.48195846883889532,4.9274848763970355e-29,0.49274848763970358
1,187,100,46.75,0.94196714505654577,5.1894686004810841e-30,0.051894686004810842,0.65352063665204163,2.3749549993707684e-29,0.48198118491381947,4.9274848763970355e-29,0.49274848763970358
1,188,100,47,0.94141448809809669,5.1683085305594753e-30,0.051683085305594754,0.65085590478229116,2.3749570710801819e-29,0.48198160535334705,4.9274848763970355e-29,0.49274848763970358
1,189,100,47.25,0.94086022994620166,5.1471825350548457e-30,0.051471825350548457,0.64819546397515082,2.3748505212826661e-29,0.48195998178672256,4.9274848763970355e-29,0.49274848763970358
1,190,100,47.5,0.94030438793372884,5.1260920938911251e-30,0.051260920938911256,0.64553950060053678,2.3746365986542438e-29,0.48191656762436824,4.9274848763970355e-29,0.49274848763970358
1,191,100,47.75,0.93974697939294494,5.1050386772749635e-30,0.051050386772749638,0.64288819980464817,2.3743165603461287e-29,0.48185161799668941,4.9274848763970355e-29,0.49274848763970358
1,192,100,48,0.93918802165460158,5.0840237455779016e-30,0.050840237455779015,0.64024174549512791,2.3738916716830604e-29,0.4817653896928536,4.9274848763970355e-29,0.49274848763970358
1,193,100,48.25,0.93862753204703131,5.0630487492207454e-30,0.050630487492207457,0.63760032032650227,2.3733632058616239e-29,0.48165814109956662,4.9274848763970355e-29,0.49274848763970358
1,194,100,48.5,0.93806552789524456,5.04211512855999e-30,0.050421151285599902,0.6349641056858778,2.3727324436485448e-29,0.48153013213984347,4.9274848763970355e-29,0.49274848763970358
1,195,100,48.75,0.93750202652003778,5.0212243137764689e-30,0.050212243137764692,0.63233328167891867,2.3720006730791279e-29,0.48138162421180863,4.9274848763970355e-29,0.49274848763970358
1,196,100,49,0.93693704523710386,5.0003777247661038e-30,0.050003777247661037,0.62970802711608842,2.3711691891558352e-29,0.48121288012752422,4.9274848763970355e-29,0.49274848763970358
1,197,100,49.25,0.93637060135615124,4.9795767710328184e-30,0.049795767710328183,0.62708851949916478,2.3702392935471148e-29,0.48102416405186976,4.9274848763970355e-29,0.49274848763970358
1,198,100,49.5,0.93580271218002886,4.9588228515836087e-30,0.049588228515836087,0.6244749350080252,2.3692122942865412e-29,0.48081574144148431,4.9274848763970355e-29,0.49274848763970358
1,199,100,49.75,0.93523339500385672,4.9381173548257476e-30,0.049381173548257475,0.62186744848770215,2.3680895054723249e-29,0.48058787898378408,4.9274848763970355e-29,0.49274848763970358
1,200,100,50,0.93466266711416301,4.9174616584661447e-30,0.049174616584661449,0.61926623343570875,2.3668722469672705e-29,0.48034084453607118,4.9274848763970355e-29,0.49274848763970358
1,201,100,50.25,0.9340905457880293,4.8968571294128856e-30,0.048968571294128856,0.6166714619896394,2.3655618440992712e-29,0.48007490706475064,4.9274848763970355e-29,0.49274848763970358
1,202,100,50.5,0.93351704829223969,4.8763051236788829e-30,0.048763051236788833,0.61408330491503715,2.3641596273623559e-29,0.47979033658466008,4.9274848763970355e-29,0.49274848763970358
1,203,100,50.75,0.93294219188243899,4.855806986287699e-30,0.048558069862876994,0.6115019315935325,2.3626669321184068e-29,0.47948740409853535,4.9274848763970355e-29,0.49274848763970358
1,204,100,51,0.93236599380229557,4.8353640511815156e-30,0.048353640511815156,0.60892751001125511,2.3610850982995898e-29,0.47916638153662061,4.9274848763970355e-29,0.49274848763970358
1,205,100,51.25,0.93178847128267284,4.814977641131262e-30,0.048149776411312621,0.60636020674751512,2.3594154701115653e-29,0.47882754169643721,4.9274848763970355e-29,0.49274848763970358
1,206,100,51.5,0.93120964154080488,4.7946490676488501e-30,0.047946490676488505,0.60380018696375115,2.3576593957375437e-29,0.47847115818272351,4.9274848763970355e-29,0.49274848763970358
1,207,100,51.75,0.93062952177948155,4.7743796309016098e-30,0.047743796309016102,0.60124761439275476,2.3558182270432586e-29,0.47809750534756118,4.9274848763970355e-29,0.49274848763970358
1,208,100,52,0.93004812918623869,4.7541706196288137e-30,0.047541706196288142,0.59870265132815859,2.3538933192829076e-29,0.47770685823069808,4.9274848763970355e-29,0.49274848763970358
1,209,100,52.25,0.92946548093255577,4.7340233110603604e-30,0.047340233110603605,0.59616545861419556,2.3518860308061309e-29,0.4772994925000813,4.9274848763970355e-29,0.49274848763970358
1,210,100,52.5,0.92888159417305938,4.7139389708375869e-30,0.047139389708375869,0.59363619563572678,2.3497977227660923e-29,0.47687568439261419,4.9274848763970355e-29,0.49274848763970358
1,211,100,52.75,0.92829648604473614,4.6939188529362187e-30,0.046939188529362186,0.59111502030853846,2.347629758828718e-29,0.47643571065514845,4.9274848763970355e-29,0.49274848763970358
1,212,100,53,0.92771017366614972,4.673964199591423e-30,0.046739641995914231,0.58860208906990397,2.3453835048831531e-29,0.47597984848572311,4.9274848763970355e-29,0.49274848763970358
1,213,100,53.25,0.92712267413666649,4.6540762412249912e-30,0.046540762412249914,0.58609755686941345,2.3430603287534975e-29,0.47550837547506331,4.9274848763970355e-29,0.49274848763970358
1,214,100,53.5,0.92653400453568713,4.6342561963746346e-30,0.046342561963746351,0.58360157716006966,2.3406615999118802e-29,0.47502156954835062,4.9274848763970355e-29,0.49274848763970358
1,215,100,53.75,0.92594418192188699,4.6145052716253805e-30,0.046145052716253805,0.58111430188964941,2.3381886891929305e-29,0.4745197089072769,4.9274848763970355e-29,0.49274848763970358
1,216,100,54,0.92535322333246173,4.5948246615430898e-30,0.045948246615430899,0.57863588149233036,2.3356429685097046e-29,0.4740030719723935,4.9274848763970355e-29,0.49274848763970358
1,217,100,54.25,0.92476114578238044,4.5752155486100246e-30,0.045752155486100246,0.57616646488057732,2.3330258105711074e-29,0.47347193732576404,4.9274848763970355e-29,0.49274848763970358
1,218,100,54.5,0.92416796626364717,4.5556791031625436e-30,0.045556791031625438,0.57370619943729628,2.3303385886008913e-29,0.47292658365393686,4.9274848763970355e-29,0.49274848763970358
1,219,100,54.75,0.92357370174456777,4.5362164833308647e-30,0.045362164833308648,0.57125523100824827,2.3275826760582734e-29,0.47236728969124631,4.9274848763970355e-29,0.49274848763970358
1,220,100,55,0.92297836916902554,4.5168288349808886e-30,0.045168288349808884,0.56881370389472297,2.3247594463602139e-29,0.47179433416345096,4.9274848763970355e-29,0.49274848763970358
1,221,100,55.25,0.92238198545576222,4.4975172916580833e-30,0.044975172916580833,0.56638176084647274,2.3218702726054235e-29,0.4712079957317229,4.9274848763970355e-29,0.49274848763970358
1,222,100,55.5,0.92178456749766857,4.4782829745334476e-30,0.044782829745334478,0.56395954305490659,2.3189165273001524e-29,0.47060855293699821,4.9274848763970355e-29,0.49274848763970358
1,223,100,55.75,0.92118613216108047,4.4591269923515022e-30,0.044591269923515024,0.56154719014654142,2.3158995820858039e-29,0.46999628414469813,4.9274848763970355e-29,0.49274848763970358
1,224,100,56,0.92058669628508238,4.4400504413803028e-30,0.044400504413803027,0.55914484017670685,2.3128208074684133e-29,0.46937146748982861,4.9274848763970355e-29,0.49274848763970358
1,225,100,56.25,0.91998627668081845,4.4210544053635064e-30,0.044210544053635066,0.55675262962350858,2.309681572550068e-29,0.46873438082247376,4.9274848763970355e-29,0.49274848763970358
1,226,100,56.5,0.91938489013081204,4.4021399554744523e-30,0.044021399554744524,0.55437069338204603,2.3064832447623008e-29,0.46808530165368983,4.9274848763970355e-29,0.49274848763970358
1,227,100,56.75,0.91878255338829018,4.3833081502722313e-30,0.043833081502722311,0.55199916475887989,2.3032271896014932e-29,0.46742450710180711,4.9274848763970355e-29,0.49274848763970358
1,228,100,57,0.91817928317651687,4.3645600356597513e-30,0.043645600356597515,0.54963817546675131,2.2999147703663527e-29,0.46675227383915269,4.9274848763970355e-29,0.49274848763970358
1,229,100,57.25,0.91757509618813404,4.3458966448438197e-30,0.043458966448438198,0.54728785561955484,2.2965473478975083e-29,0.46606887803920322,4.9274848763970355e-29,0.49274848763970358
1,230,100,57.5,0.91697000908450865,4.3273189982971641e-30,0.043273189982971645,0.5449483337275558,2.2931262803192591e-29,0.46537459532417425,4.9274848763970355e-29,0.49274848763970358
1,231,100,57.75,0.91636403849508841,4.3088281037224352e-30,0.043088281037224355,0.54261973669285712,2.2896529227835246e-29,0.46466970071305691,4.9274848763970355e-29,0.49274848763970358
1,232,100,58,0.91575720101676361,4.2904249560181549e-30,0.042904249560181552,0.54030218980511058,2.2861286272160382e-29,0.46395446857010947,4.9274848763970355e-29,0.49274848763970358
1,233,100,58.25,0.91514951321323734,4.2721105372466024e-30,0.042721105372466026,0.53799581673747365,2.2825547420648294e-29,0.46322917255381363,4.9274848763970355e-29,0.49274848763970358
1,234,100,58.5,0.91454099161440328,4.2538858166036357e-30,0.042538858166036357,0.53570073954280817,2.278932612051033e-29,0.46249408556630267,4.9274848763970355e-29,0.49274848763970358
1,235,100,58.75,0.91393165271572874,4.2357517503904089e-30,0.042357517503904089,0.53341707865011867,2.275263577922057e-29,0.46174947970326879,4.9274848763970355e-29,0.49274848763970358
1,236,100,59,0.91332151297764863,4.2177092819870186e-30,0.042177092819870185,0.53114495286123453,2.2715489762071728e-29,0.46099562620436163,4.9274848763970355e-29,0.49274848763970358
1,237,100,59.25,0.91271058882496381,4.1997593418280199e-30,0.041997593418280202,0.52888447934772531,2.2677901389755313e-29,0.46023279540407919,4.9274848763970355e-29,0.49274848763970358
1,238,100,59.5,0.91209889664624788,4.1819028473798074e-30,0.041819028473798078,0.52663577364805358,2.2639883935966659e-29,0.45946125668316379,4.9274848763970355e-29,0.49274848763970358
1,239,100,59.75,0.91148645279326201,4.1641407031198995e-30,0.041641407031198993,0.52439894966496514,2.2601450625035239e-29,0.4586812784205106,4.9274848763970355e-29,0.49274848763970358
1,240,100,60,0.91087327358037595,4.1464738005180112e-30,0.041464738005180114,0.52217411966310612,2.2562614629580228e-29,0.45789312794558906,4.9274848763970355e-29,0.49274848763970358
1,241,100,60.25,0.91025937528399825,4.1289030180190315e-30,0.041289030180190318,0.51996139426687904,2.2523389068192309e-29,0.4570970714913965,4.9274848763970355e-29,0.49274848763970358
1,242,100,60.5,0.90964477414201106,4.1114292210277471e-30,0.041114292210277473,0.51776088245851892,2.2483787003141266e-29,0.45629337414793558,4.9274848763970355e-29,0.49274848763970358
1,243,100,60.75,0.90902948635321534,4.0940532618954304e-30,0.040940532618954306,0.51557269157640451,2.2443821438110412e-29,0.45548229981623561,4.9274848763970355e-29,0.49274848763970358
1,244,100,61,0.90841352807678188,4.0767759799081845e-30,0.040767759799081843,0.51339692731359055,2.2403505315957679e-29,0.45466411116291577,4.9274848763970355e-29,0.49274848763970358
1,245,100,61.25,0.90779691543170948,4.0595982012770847e-30,0.04059598201277085,0.51123369371656613,2.2362851516503957e-29,0.45383906957530062,4.9274848763970355e-29,0.49274848763970358
1,246,100,61.5,0.90717966449629173,4.042520739130063e-30,0.040425207391300629,0.50908309318423262,2.2321872854348733e-29,0.45300743511709018,4.9274848763970355e-29,0.49274848763970358
1,247,100,61.75,0.90656179130758985,4.0255443935055501e-30,0.0402554439350555,0.50694522646710316,2.2280582076713593e-29,0.45216946648459527,4.9274848763970355e-29,0.49274848763970358
1,248,100,62,0.90594331186091381,4.0086699513478434e-30,0.040086699513478437,0.5048201926667194,2.22389918613136e-29,0.45132542096353817,4.9274848763970355e-29,0.49274848763970358
1,249,100,62.25,0.9053242421093104,3.9918981865041951e-30,0.039918981865041954,0.50270808923528454,2.2197114814257056e-29,0.45047555438643033,4.9274848763970355e-29,0.49274848763970358
1,250,100,62.5,0.90470459796305869,3.9752298597235876e-30,0.039752298597235877,0.50060901197550944,2.2154963467973639e-29,0.44962012109052463,4.9274848763970355e-29,0.49274848763970358
1,251,100,62.75,0.9040843952891735,3.958665718657209e-30,0.039586657186572088,0.49852305504067213,2.2112550279171474e-29,0.44875937387635606,4.9274848763970355e-29,0.49274848763970358
1,252,100,63,0.90346364991091455,3.9422064978605776e-30,0.039422064978605779,0.49645031093488567,2.2069887626823079e-29,0.44789356396686753,4.9274848763970355e-29,0.49274848763970358
1,253,100,63.25,0.90284237760730524,3.9258529187973305e-30,0.039258529187973304,0.49439087051357511,2.2026987810180616e-29,0.44702294096713074,4.9274848763970355e-29,0.49274848763970358
1,254,100,63.5,0.90222059411265632,3.9096056898446372e-30,0.03909605689844637,0.49234482298415921,2.1983863046820612e-29,0.44614775282466534,4.9274848763970355e-29,0.49274848763970358
1,255,100,63.75,0.90159831511609878,3.8934655063002411e-30,0.038934655063002414,0.49031225590693733,2.1940525470718315e-29,0.4452682457903589,4.9274848763970355e-29,0.49274848763970358
1,256,100,64,0.90097555626112291,3.8774330503910906e-30,0.038774330503910909,0.48829325519617622,2.1896987130351954e-29,0.44438466437999452,4.9274848763970355e-29,0.49274848763970358
1,257,100,64.25,0.90035233314512519,3.861508991283561e-30,0.038615089912835611,0.48628790512139736,2.1853259986837059e-29,0.44349725133638784,4.9274848763970355e-29,0.49274848763970358
1,258,100,64.5,0.89972866131896234,3.845693985095251e-30,0.038456939850952512,0.4842962883088624,2.1809355912091069e-29,0.44260624759213907,4.9274848763970355e-29,0.49274848763970358
1,259,100,64.75,0.89910455628651154,3.8299886749083015e-30,0.038299886749083016,0.48231848574325065,2.1765286687028259e-29,0.44171189223300023,4.9274848763970355e-29,0.49274848763970358
1,260,100,65,0.89848003350424011,3.8143936907842897e-30,0.038143936907842894,0.48035457676953458,2.1721063999785447e-29,0.44081442246186731,4.9274848763970355e-29,0.49274848763970358
1,261,100,65.25,0.89785510838077975,3.7989096497805983e-30,0.037989096497805984,0.47840463909504116,2.1676699443978269e-29,0.43991407356339196,4.9274848763970355e-29,0.49274848763970358
1,262,100,65.5,0.89722979627651067,3.7835371559683171e-30,0.037835371559683174,0.47646874879170636,2.1632204516988534e-29,0.43901107886922519,4.9274848763970355e-29,0.49274848763970358
1,263,100,65.75,0.89660411250314964,3.7682768004515889e-30,0.037682768004515893,0.4745469802985115,2.1587590618282427e-29,0.43810566972388598,4.9274848763970355e-29,0.49274848763970358
1,264,100,66,0.89597807232334847,3.7531291613884595e-30,0.037531291613884597,0.47263940642410862,2.154286904776009e-29,0.43719807545126715,4.9274848763970355e-29,0.49274848763970358
1,265,100,66.25,0.89535169095029754,3.7380948040131404e-30,0.037380948040131402,0.4707460983496245,2.1498051004136369e-29,0.43628852332177404,4.9274848763970355e-29,0.49274848763970358
1,266,100,66.5,0.89472498354733676,3.7231742806597128e-30,0.037231742806597128,0.46886712563164529,2.1453147583352989e-29,0.43537723852010024,4.9274848763970355e-29,0.49274848763970358
1,267,100,66.75,0.89409796522757357,3.7083681307872445e-30,0.037083681307872443,0.46700255620537995,2.1408169777022313e-29,0.4344644441136451,4.9274848763970355e-29,0.49274848763970358
1,268,100,67,0.89347065105350887,3.6936768810062937e-30,0.036936768810062935,0.46515245638799763,2.1363128470902681e-29,0.43355036102157146,4.9274848763970355e-29,0.49274848763970358
1,269,100,67.25,0.89284305603666914,3.6791010451067874e-30,0.036791010451067876,0.46331689088213873,2.1318034443405418e-29,0.4326352079845065,4.9274848763970355e-29,0.49274848763970358
1,270,100,67.5,0.89221519513724434,3.6646411240872516e-30,0.036646411240872513,0.46149592277959556,2.1272898364133661e-29,0.43171920153488835,4.9274848763970355e-29,0.49274848763970358
1,271,100,67.75,0.89158708326373592,3.6502976061853946e-30,0.036502976061853945,0.45968961356516413,2.1227730792453091e-29,0.43080255596795974,4.9274848763970355e-29,0.49274848763970358
1,272,100,68,0.89095873527260849,3.6360709669099922e-30,0.036360709669099926,0.4578980231206593,2.1182542176094493e-29,0.42988548331340826,4.9274848763970355e-29,0.49274848763970358
1,273,100,68.25,0.89033016596795056,3.6219616690740862e-30,0.036219616690740863,0.45612120972909553,2.113734284978838e-29,0.42896819330765662,4.9274848763970355e-29,0.49274848763970358
1,274,100,68.5,0.88970139010114091,3.607970162829462e-30,0.036079701628294623,0.45435923007902879,2.109214303393158e-29,0.42805089336680219,4.9274848763970355e-29,0.49274848763970358
1,275,100,68.75,0.8890724223705222,3.5940968857023899e-30,0.0359409688570239,0.45261213926905763,2.1046952833285918e-29,0.42713378856020756,4.9274848763970355e-29,0.49274848763970358
1,276,100,69,0.88844327742108176,3.5803422626306184e-30,0.035803422626306182,0.45087999081248165,2.1001782235709029e-29,0.42621708158474308,4.9274848763970355e-29,0.49274848763970358
1,277,100,69.25,0.88781396984413841,3.5667067060015902e-30,0.035667067060015906,0.44916283664211409,2.0956641110917199e-29,0.42530097273967976,4.9274848763970355e-29,0.49274848763970358
1,278,100,69.5,0.88718451417703714,3.5531906156918795e-30,0.035531906156918792,0.44746072711524854,2.091153920928049e-29,0.42438565990223709,4.9274848763970355e-29,0.49274848763970358
1,279,100,69.75,0.88655492490284826,3.5397943791078004e-30,0.035397943791078003,0.44577371101877244,2.0866486160649843e-29,0.42347133850377977,4.9274848763970355e-29,0.49274848763970358
1,280,100,70,0.8859252164500766,3.5265183712272162e-30,0.035265183712272163,0.44410183557443261,2.0821491473216495e-29,0.42255820150667039,4.9274848763970355e-29,0.49274848763970358
1,281,100,70.25,0.88529540319237399,3.5133629546424733e-30,0.035133629546424731,0.44244514644424171,2.0776564532403385e-29,0.42164643938177154,4.9274848763970355e-29,0.49274848763970358
1,282,100,70.5,0.88466549944826078,3.5003284796045111e-30,0.035003284796045114,0.44080368773603323,2.0731714599788873e-29,0.42073624008660276,4.9274848763970355e-29,0.49274848763970358
1,283,100,70.75,0.88403551948085235,3.4874152840680451e-30,0.034874152840680454,0.43917750200915145,2.0686950812062367e-29,0.41982778904414647,4.9274848763970355e-29,0.49274848763970358
1,284,100,71,0.88340547749759324,3.4746236937378828e-30,0.034746236937378827,0.43756663028028409,2.0642282180012152e-29,0.41892126912230598,4.9274848763970355e-29,0.49274848763970358
1,285,100,71.25,0.88277538764999686,3.4619540221163177e-30,0.034619540221163175,0.43597111202943084,2.0597717587545314e-29,0.41801686061401599,4.9274848763970355e-29,0.49274848763970358
1,286,100,71.5,0.88214526403339288,3.4494065705515657e-30,0.034494065705515657,0.43439098520600283,2.0553265790739481e-29,0.41711474121799796,4.9274848763970355e-29,0.49274848763970358
1,287,100,71.75,0.8815151206866797,3.4369816282872797e-30,0.034369816282872799,0.43282628623505848,2.0508935416926751e-29,0.41621508602016921,4.9274848763970355e-29,0.49274848763970358
1,288,100,72,0.88088497159208345,3.4246794725130504e-30,0.034246794725130508,0.43127705002366262,2.0464734963809271e-29,0.41531806747569427,4.9274848763970355e-29,0.49274848763970358
1,289,100,72.25,0.88025483067492549,3.4125003684159656e-30,0.03412500368415966,0.42974330996738008,2.0420672798606957e-29,0.41442385539168819,4.9274848763970355e-29,0.49274848763970358
1,290,100,72.5,0.87962471180339252,3.4004445692331052e-30,0.034004445692331055,0.42822509795688601,2.0376757157236617e-29,0.41353261691055765,4.9274848763970355e-29,0.49274848763970358
1,291,100,72.75,0.87899462878831669,3.3885123163050589e-30,0.03388512316305059,0.4267224443847058,2.0332996143523125e-29,0.41264451649399198,4.9274848763970355e-29,0.49274848763970358
1,292,100,73,0.8783645953829593,3.3767038391303614e-30,0.033767038391303614,0.42523537815206996,2.0289397728441924e-29,0.41175971590759058,4.9274848763970355e-29,0.49274848763970358
1,293,100,73.25,0.87773462528280144,3.3650193554208756e-30,0.033650193554208757,0.4237639266758888,2.0245969749393188e-29,0.41087837420613232,4.9274848763970355e-29,0.49274848763970358
1,294,100,73.5,0.87710473212534212,3.3534590711581094e-30,0.033534590711581096,0.42230811589584455,2.0202719909507426e-29,0.4100006477194833,4.9274848763970355e-29,0.49274848763970358
1,295,100,73.75,0.87647492948990025,3.3420231806504002e-30,0.033420231806504004,0.42086797028159262,2.0159655776982287e-29,0.40912669003913771,4.9274848763970355e-29,0.49274848763970358
1,296,100,74,0.87584523089742461,3.3307118665910136e-30,0.033307118665910136,0.41944351284007803,2.0116784784450727e-29,0.40825665200539529,4.9274848763970355e-29,0.49274848763970358
1,297,100,74.25,0.87521564981030864,3.3195253001170853e-30,0.033195253001170856,0.41803476512295834,2.0074114228380177e-29,0.40739068169516773,4.9274848763970355e-29,0.49274848763970358
1,298,100,74.5,0.87458619963221218,3.3084636408694122e-30,0.033084636408694121,0.41664174723413305,2.0031651268502713e-29,0.40652892441041455,4.9274848763970355e-29,0.49274848763970358
1,299,100,74.75,0.87395689370788798,3.2975270370530795e-30,0.032975270370530795,0.41526447783737858,1.9989402927276113e-29,0.4056715226672053,4.9274848763970355e-29,0.49274848763970358
1,300,100,75,0.87332774532301549,3.2867156254988967e-30,0.032867156254988969,0.41390297416408495,1.9947376089375641e-29,0.40481861618540599,4.9274848763970355e-29,0.49274848763970358
1,301,100,75.25,0.87269876770403976,3.2760295317256198e-30,0.032760295317256195,0.41255725202109178,1.9905577501216394e-29,0.40397034187898517,4.9274848763970355e-29,0.49274848763970358
1,302,100,75.5,0.87206997401801545,3.2654688700029476e-30,0.03265468870002948,0.4112273257986212,1.9864013770506074e-29,0.40312683384693798,4.9274848763970355e-29,0.49274848763970358
1,303,100,75.75,0.87144137737245864,3.2550337434152927e-30,0.032550337434152928,0.40991320847830892,1.9822691365828161e-29,0.40228822336482672,4.9274848763970355e-29,0.49274848763970358
1,304,100,76,0.8708129908152028,3.2447242439262798e-30,0.032447242439262801,0.40861491164132657,1.9781616616255172e-29,0.40145463887693228,4.9274848763970355e-29,0.49274848763970358
1,305,100,76.25,0.87018482733425995,3.234540452443952e-30,0.032345404524439521,0.40733244547659336,1.97407957109918e-29,0.400626205989012,4.9274848763970355e-29,0.49274848763970358
1,306,100,76.5,0.8695568998576898,3.2244824388867225e-30,0.032244824388867228,0.40606581878908127,1.970023469904814e-29,0.39980304746166773,4.9274848763970355e-29,0.49274848763970358
1,307,100,76.75,0.86892922125347194,3.2145502622499806e-30,0.032145502622499808,0.40481503900820304,1.9659939488942355e-29,0.39898528320431198,4.9274848763970355e-29,0.49274848763970358
1,308,100,77,0.86830180432938575,3.2047439706733807e-30,0.032047439706733807,0.40358011219628609,1.9619915848432903e-29,0.39817303026973339,4.9274848763970355e-29,0.49274848763970358
1,309,100,77.25,0.86767466183289388,3.19506360150879e-30,0.031950636015087901,0.40236104305712922,1.9580169404280096e-29,0.39736640284925778,4.9274848763970355e-29,0.49274848763970358
1,310,100,77.5,0.86704780645103252,3.1855091813888632e-30,0.031855091813888632,0.4011578349446383,1.9540705642036733e-29,0.39656551226849929,4.9274848763970355e-29,0.49274848763970358
1,311,100,77.75,0.86642125081030696,3.1760807262962555e-30,0.031760807262962557,0.3999704898715426,1.9501529905867758e-29,0.39577046698370033,4.9274848763970355e-29,0.49274848763970358
1,312,100,78,0.86579500747659222,3.1667782416334218e-30,0.031667782416334223,0.39879900851818451,1.9462647398398581e-29,0.39498137257865357,4.9274848763970355e-29,0.49274848763970358
1,313,100,78.25,0.86516908895503875,3.1576017222930082e-30,0.031576017222930082,0.39764339024138429,1.9424063180591963e-29,0.39419833176220298,4.9274848763970355e-29,0.49274848763970358
1,314,100,78.5,0.86454350768998456,3.148551152728828e-30,0.031485511527288283,0.3965036330833781,1.9385782171653358e-29,0.39342144436632331,4.9274848763970355e-29,0.49274848763970358
1,315,100,78.75,0.86391827606487104,3.1396265070273711e-30,0.03139626507027371,0.39537973378082342,1.9347809148964237e-29,0.39265080734476665,4.9274848763970355e-29,0.49274848763970358
1,316,100,79,0.86329340640216568,3.130827748979872e-30,0.031308277489798718,0.39427168777387472,1.9310148748043527e-29,0.39188651477227993,4.9274848763970355e-29,0.49274848763970358
1,317,100,79.25,0.86266891096328802,3.1221548321548797e-30,0.031221548321548796,0.39317948921532214,1.927280546253661e-29,0.39112865784438156,4.9274848763970355e-29,0.49274848763970358
1,318,100,79.5,0.86204480194854283,3.1136076999713578e-30,0.031136076999713578,0.39210313097979749,1.9235783644231998e-29,0.39037732487770016,4.9274848763970355e-29,0.49274848763970358
1,319,100,79.75,0.86142109149705681,3.1051862857722527e-30,0.031051862857722528,0.39104260467303853,1.9199087503105171e-29,0.3896326013108638,4.9274848763970355e-29,0.49274848763970358
1,320,100,80,0.86079779168672099,3.0968905128985516e-30,0.030968905128985518,0.38999790064121548,1.9162721107389561e-29,0.38889456970594083,4.9274848763970355e-29,0.49274848763970358
1,321,100,80.25,0.86017491453413764,3.0887202947637864e-30,0.030887202947637867,0.3889690079803132,1.9126688383674316e-29,0.38816330975042385,4.9274848763970355e-29,0.49274848763970358
1,322,100,80.5,0.85955247199457241,3.0806755349289951e-30,0.030806755349289953,0.38795591454557149,1.909099311702875e-29,0.38743889825975553,4.9274848763970355e-29,0.49274848763970358
1,323,100,80.75,0.8589304759619123,3.0727561271781061e-30,0.030727561271781063,0.38695860696097828,1.9055638951153129e-29,0.38672140918038828,4.9274848763970355e-29,0.49274848763970358
1,324,100,81,0.85830893826862598,3.0649619555937189e-30,0.030649619555937192,0.38597707062881281,1.9020629388555538e-29,0.38601091359337414,4.9274848763970355e-29,0.49274848763970358
1,325,100,81.25,0.85768787068573227,3.057292894633318e-30,0.030572928946333181,0.38501128973924353,1.8985967790754804e-29,0.38530747971848256,4.9274848763970355e-29,0.49274848763970358
1,326,100,81.5,0.85706728492276951,3.0497488092058219e-30,0.030497488092058222,0.38406124727996793,1.8951657378508844e-29,0.38461117291883495,4.9274848763970355e-29,0.49274848763970358
1,327,100,81.75,0.8564471926277738,3.0423295547485453e-30,0.030423295547485452,0.38312692504590462,1.891770123206867e-29,0.38392205570605925,4.9274848763970355e-29,0.49274848763970358
1,328,100,82,0.85582760538725777,3.0350349773044797e-30,0.030350349773044797,0.38220830364892544,1.8884102291457335e-29,0.38324018774595092,4.9274848763970355e-29,0.49274848763970358
1,329,100,82.25,0.85520853472619796,3.0278649135999376e-30,0.030278649135999376,0.38130536252763347,1.8850863356773974e-29,0.38256562586464349,4.9274848763970355e-29,0.49274848763970358
1,330,100,82.5,0.85458999210802278,3.0208191911224925e-30,0.030208191911224928,0.38041807995717786,1.8817987088522286e-29,0.38189842405527485,4.9274848763970355e-29,0.49274848763970358
1,331,100,82.75,0.85397198893460868,3.0138976281992542e-30,0.030138976281992542,0.37954643305911157,1.878547600796361e-29,0.38123863348515241,4.9274848763970355e-29,0.49274848763970358
1,332,100,83,0.85335453654627769,3.0071000340754238e-30,0.030071000340754238,0.37869039781128366,1.8753332497494006e-29,0.38058630250340608,4.9274848763970355e-29,0.49274848763970358
1,333,100,83.25,0.85273764622180193,3.0004262089931279e-30,0.030004262089931281,0.37784994905776736,1.8721558801045221e-29,0.37994147664912525,4.9274848763970355e-29,0.49274848763970358
1,334,100,83.5,0.85212132917841055,2.9938759442705336e-30,0.029938759442705336,0.37702506051882284,1.8690157024509326e-29,0.37930419865997683,4.9274848763970355e-29,0.49274848763970358
1,335,100,83.75,0.85150559657180169,2.9874490223811918e-30,0.02987449022381192,0.37621570480088934,1.8659129136186547e-29,0.37867450848129353,4.9274848763970355e-29,0.49274848763970358
1,336,100,84,0.85089045949615971,2.9811452170336493e-30,0.029811452170336494,0.37542185340661083,1.8628476967256348e-29,0.37805244327563403,4.9274848763970355e-29,0.49274848763970358
1,337,100,84.25,0.8502759289841747,2.9749642932512579e-30,0.029749642932512581,0.37464347674488641,1.8598202212271135e-29,0.37743803743280269,4.9274848763970355e-29,0.49274848763970358
1,338,100,84.5,0.8496620160070677,2.9689060074522149e-30,0.029689060074522149,0.37388054414095012,1.8568306429672579e-29,0.37683132258032781,4.9274848763970355e-29,0.49274848763970358
1,339,100,84.75,0.84904873147461979,2.962970107529792e-30,0.029629701075297922,0.37313302384647434,1.8538791042330139e-29,0.37623232759439046,4.9274848763970355e-29,0.49274848763970358
1,340,100,85,0.84843608623520439,2.9571563329327505e-30,0.029571563329327505,0.37240088304969643,1.8509657338101547e-29,0.37564107861119933,4.9274848763970355e-29,0.49274848763970358
1,341,100,85.25,0.84782409107582501,2.9514644147459385e-30,0.029514644147459385,0.37168408788556889,1.8480906470415049e-29,0.37505759903880703,4.9274848763970355e-29,0.49274848763970358
1,342,100,85.5,0.84721275672215579,2.9458940757710309e-30,0.029458940757710311,0.37098260344592665,1.8452539458872922e-29,0.37448190956935767,4.9274848763970355e-29,0.49274848763970358
1,343,100,85.75,0.8466020938385862,2.9404450306074254e-30,0.029404450306074255,0.37029639378967494,1.8424557189876198e-29,0.37391402819176561,4.9274848763970355e-29,0.49274848763970358
1,344,100,86,0.84599211302827093,2.9351169857332841e-30,0.029351169857332843,0.36962542195299464,1.8396960417270272e-29,0.37335397020481742,4.9274848763970355e-29,0.49274848763970358
1,345,100,86.25,0.84538282483318128,2.9299096395866642e-30,0.029299096395866642,0.3689696499595595,1.8369749763010875e-29,0.3728017482306874,4.9274848763970355e-29,0.49274848763970358
1,346,100,86.5,0.84477423973416299,2.9248226826468019e-30,0.029248226826468021,0.36832903883077223,1.8342925717850562e-29,0.37225737222886951,4.9274848763970355e-29,0.49274848763970358
1,347,100,86.75,0.84416636815099544,2.9198557975154515e-30,0.029198557975154516,0.36770354859600779,1.8316488642044951e-29,0.37172084951050971,4.9274848763970355e-29,0.49274848763970358
1,348,100,87,0.84355922044245613,2.9150086589983404e-30,0.029150086589983405,0.3670931383028711,1.8290438766078792e-29,0.37119218475314153,4.9274848763970355e-29,0.49274848763970358
1,349,100,87.25,0.84295280690638852,2.9102809341866779e-30,0.029102809341866778,0.36649776602746187,1.8264776191411348e-29,0.37067138001581257,4.9274848763970355e-29,0.49274848763970358
1,350,100,87.5,0.84234713777977299,2.9056722825387403e-30,0.029056722825387404,0.36591738888464836,1.8239500891240938e-29,0.3701584347546007,4.9274848763970355e-29,0.49274848763970358
1,351,100,87.75,0.84174222323880221,2.9011823559614995e-30,0.029011823559614996,0.36535196303834738,1.8214612711288276e-29,0.36965334583851134,4.9274848763970355e-29,0.49274848763970358
1,352,100,88,0.84113807339895874,2.8968107988922821e-30,0.028968107988922822,0.36480144371180773,1.8190111370598266e-29,0.36915610756574924,4.9274848763970355e-29,0.49274848763970358
1,353,100,88.25,0.84053469831509786,2.8925572483804757e-30,0.028925572483804757,0.36426578519789943,1.8165996462360129e-29,0.36866671168036258,4.9274848763970355e-29,0.49274848763970358
1,354,100,88.5,0.83993210798153251,2.8884213341692315e-30,0.028884213341692316,0.36374494086940307,1.8142267454745369e-29,0.36818514738924879,4.9274848763970355e-29,0.49274848763970358
1,355,100,88.75,0.83933031233212196,2.884402678777189e-30,0.028844026787771891,0.36323886318930121,1.8118923691763427e-29,0.36771140137951958,4.9274848763970355e-29,0.49274848763970358
1,356,100,89,0.83872932124036359,2.8805008975801801e-30,0.0288050089758018,0.36274750372106784,1.8095964394134617e-29,0.36724545783621648,4.9274848763970355e-29,0.49274848763970358
1,357,100,89.25,0.83812914451948961,2.876715598892935e-30,0.028767155988929351,0.36227081313895754,1.8073388660180196e-29,0.36678729846037422,4.9274848763970355e-29,0.49274848763970358
1,358,100,89.5,0.83752979192256394,2.8730463840507384e-30,0.028730463840507384,0.36180874123828871,1.8051195466729042e-29,0.36633690248742135,4.9274848763970355e-29,0.49274848763970358
1,359,100,89.75,0.83693127314258564,2.8694928474910781e-30,0.028694928474910782,0.36136123694572586,1.8029383670040938e-29,0.36589424670591741,4.9274848763970355e-29,0.49274848763970358
1,360,100,90,0.83633359781259331,2.8660545768352183e-30,0.028660545768352183,0.36092824832955206,1.8007952006745851e-29,0.36545930547661509,4.9274848763970355e-29,0.49274848763970358
1,361,100,90.25,0.83573677550577252,2.8627311529697307e-30,0.028627311529697309,0.36050972260993663,1.7986899094799158e-29,0.36503205075184592,4.9274848763970355e-29,0.49274848763970358
1,362,100,90.5,0.83514081573556886,2.8595221501279643e-30,0.028595221501279643,0.36010560616919451,1.7966223434452432e-29,0.36461245209522164,4.9274848763970355e-29,0.49274848763970358
1,363,100,90.75,0.83454572795580106,2.8564271359714254e-30,0.028564271359714254,0.35971584456203481,1.7945923409239431e-29,0.36420047670164429,4.9274848763970355e-29,0.49274848763970358
1,364,100,91,0.83395152156077779,2.8534456716710678e-30,0.02853445671671068,0.35934038252579775,1.792599728697702e-29,0.36379608941761915,4.9274848763970355e-29,0.49274848763970358
1,365,100,91.25,0.83335820588541953,2.8505773119885138e-30,0.028505773119885138,0.35897916399068297,1.7906443220780874e-29,0.36339925276186785,4.9274848763970355e-29,0.49274848763970358
1,366,100,91.5,0.83276579020538022,2.8478216053571402e-30,0.028478216053571401,0.35863213208996109,1.7887259250095424e-29,0.3630099269462303,4.9274848763970355e-29,0.49274848763970358
1,367,100,91.75,0.8321742837371745,2.845178093963068e-30,0.028451780939630682,0.3582992291701726,1.7868443301737935e-29,0.36262806989685364,4.9274848763970355e-29,0.49274848763970358
1,368,100,92,0.83158369563830548,2.8426463138260183e-30,0.028426463138260184,0.35798039680131027,1.7849993190956296e-29,0.36225363727565951,4.9274848763970355e-29,0.49274848763970358
1,369,100,92.25,0.83099403500739721,2.8402257948800467e-30,0.028402257948800469,0.35767557578698661,1.783190662250032e-29,0.36188658250208505,4.9274848763970355e-29,0.49274848763970358
1,370,100,92.5,0.83040531088432812,2.8379160610541237e-30,0.028379160610541236,0.35738470617458079,1.7814181191706205e-29,0.3615268567750915,4.9274848763970355e-29,0.49274848763970358
1,371,100,92.75,0.82981753225036958,2.8357166303525859e-30,0.02835716630352586,0.35710772726537077,1.7796814385593902e-29,0.36117440909543469,4.9274848763970355e-29,0.49274848763970358
1,372,100,93,0.82923070802832421,2.8336270149354093e-30,0.028336270149354095,0.35684457762464172,1.7779803583977021e-29,0.36082918628818944,4.9274848763970355e-29,0.49274848763970358
1,373,100,93.25,0.8286448470826685,2.8316467211983178e-30,0.028316467211983179,0.35659519509177467,1.7763146060584982e-29,0.36049113302552332,4.9274848763970355e-29,0.49274848763970358
1,374,100,93.5,0.82805995821969802,2.8297752498527363e-30,0.028297752498527364,0.35635951679031486,1.7746838984197291e-29,0.36016019184971571,4.9274848763970355e-29,0.49274848763970358
1,375,100,93.75,0.82747605018767489,2.8280120960055477e-30,0.028280120960055478,0.35613747913801586,1.773087941978941e-29,0.35983630319641252,4.9274848763970355e-29,0.49274848763970358
1,376,100,94,0.82689313167697753,2.8263567492386511e-30,0.028263567492386513,0.35592901785685849,1.7715264329690021e-29,0.35951940541811217,4.9274848763970355e-29,0.49274848763970358
1,377,100,94.25,0.8263112113202522,2.8248086936883408e-30,0.02824808693688341,0.35573406798304719,1.769999057474946e-29,0.35920943480787809,4.9274848763970355e-29,0.49274848763970358
1,378,100,94.5,0.82573029769256934,2.8233674081244763e-30,0.028233674081244765,0.35555256387697998,1.7685054915518964e-29,0.35890632562327074,4.9274848763970355e-29,0.49274848763970358
1,379,100,94.75,0.82515039931157919,2.8220323660294231e-30,0.028220323660294231,0.35538443923318974,1.7670454013440389e-29,0.35861001011049232,4.9274848763970355e-29,0.49274848763970358
1,380,100,95,0.82457152463767192,2.8208030356767942e-30,0.028208030356767944,0.35522962709026029,1.7656184432046211e-29,0.35832041852873975,4.9274848763970355e-29,0.49274848763970358
1,381,100,95.25,0.82399368207413926,2.8196788802099544e-30,0.028196788802099543,0.3550880598407124,1.7642242638169505e-29,0.35803747917476042,4.9274848763970355e-29,0.49274848763970358
1,382,100,95.5,0.82341687996733781,2.8186593577202867e-30,0.028186593577202868,0.35495966924086048,1.762862500316348e-29,0.357761118407602,4.9274848763970355e-29,0.49274848763970358
1,383,100,95.75,0.8228411266068566,2.8177439213252361e-30,0.028177439213252362,0.3548443864206402,1.7615327804130576e-29,0.35749126067355602,4.9274848763970355e-29,0.49274848763970358
1,384,100,96,0.82226643022568324,2.8169320192460721e-30,0.028169320192460722,0.35474214189340186,1.7602347225160372e-29,0.35722782853128032,4.9274848763970355e-29,0.49274848763970358
1,385,100,96.25,0.82169279900037651,2.816223094885436e-30,0.02816223094885436,0.35465286556567571,1.75896793585766e-29,0.35697074267710649,4.9274848763970355e-29,0.49274848763970358
1,386,100,96.5,0.82112024105123715,2.8156165869046006e-30,0.028156165869046006,0.35457648674690162,1.7577320206192463e-29,0.35671992197051561,4.9274848763970355e-29,0.49274848763970358
1,387,100,96.75,0.82054876444248315,2.8151119293004672e-30,0.028151119293004671,0.35451293415912527,1.7565265680574269e-29,0.35647528345978297,4.9274848763970355e-29,0.49274848763970358
1,388,100,97,0.81997837718242628,2.8147085514822999e-30,0.028147085514822999,0.35446213594666176,1.7553511606313044e-29,0.35623674240778447,4.9274848763970355e-29,0.49274848763970358
1,389,100,97.25,0.81940908722365025,2.81440587834817e-30,0.028144058783481699,0.35442401968572212,1.7542053721303759e-29,0.35600421231795776,4.9274848763970355e-29,0.49274848763970358
1,390,100,97.5,0.81884090246319119,2.8142033303611167e-30,0.028142033303611168,0.35439851239400455,1.7530887678032004e-29,0.35577760496041433,4.9274848763970355e-29,0.49274848763970358
1,391,100,97.75,0.81827383074272009,2.8141003236250261e-30,0.02814100323625026,0.35438554054025001,1.7520009044867806e-29,0.3555568303981968,4.9274848763970355e-29,0.49274848763970358
1,392,100,98,0.81770787984872695,2.8140962699601979e-30,0.028140962699601979,0.35438503005375838,1.7509413307366195e-29,0.35534179701367313,4.9274848763970355e-29,0.49274848763970358
1,393,100,98.25,0.81714305751270622,2.8141905769786229e-30,0.02814190576978623,0.35439690633386844,1.7499095869574448e-29,0.35513241153506581,4.9274848763970355e-29,0.49274848763970358
1,394,100,98.5,0.81657937141134518,2.8143826481589446e-30,0.028143826481589446,0.354421094259398,1.7489052055345549e-29,0.35492857906310815,4.9274848763970355e-29,0.49274848763970358
1,395,100,98.75,0.81601682916671303,2.8146718829211174e-30,0.028146718829211177,0.3544575181980455,1.7479277109657773e-29,0.35473020309782416,4.9274848763970355e-29,0.49274848763970358
1,396,100,99,0.81545543834645196,2.8150576767007343e-30,0.028150576767007343,0.3545061020157505,1.7469766199939904e-29,0.35453718556542285,4.9274848763970355e-29,0.49274848763970358
1,397,100,99.25,0.81489520646397029,2.8155394210230428e-30,0.028155394210230431,0.35456676908601459,1.7460514417402056e-29,0.35434942684530651,4.9274848763970355e-29,0.49274848763970358
1,398,100,99.5,0.81433614097863638,2.816116503576626e-30,0.02816116503576626,0.3546394422991801,1.7451516778371656e-29,0.35416682579718362,4.9274848763970355e-29,0.49274848763970358
1,399,100,99.75,0.81377824929597564,2.8167883082867556e-30,0.028167883082867558,0.35472404407166774,1.7442768225634409e-29,0.35398927978828254,4.9274848763970355e-29,0.49274848763970358
1,400,100,100,0.81322153876786674,2.8175542153884007e-30,0.028175542153884008,0.35482049635517071,1.7434263629779931e-29,0.35381668472066058,4.9274848763970355e-29,0.49274848763970358
1,401,100,100.25,0.81266601669274185,2.8184136014989006e-30,0.028184136014989005,0.35492872064580649,1.7425997790551848e-29,0.35364893505860323,4.9274848763970355e-29,0.49274848763970358
1,402,100,100.5,0.81211169031578689,2.8193658396903001e-30,0.028193658396903003,0.35504863799322628,1.7417965438202114e-29,0.35348592385610905,4.9274848763970355e-29,0.49274848763970358
1,403,100,100.75,0.81155856682914318,2.8204102995613073e-30,0.028204102995613073,0.35518016900967658,1.7410161234849095e-29,0.35332754278445117,4.9274848763970355e-29,0.49274848763970358
1,404,100,101,0.81100665337211153,2.8215463473089221e-30,0.02821546347308922,0.35532323387901976,1.7402579775839481e-29,0.35317368215981626,4.9274848763970355e-29,0.49274848763970358
1,405,100,101.25,0.81045595703135664,2.8227733457997042e-30,0.028227733457997044,0.35547775236570883,1.7395215591113551e-29,0.35302423097101193,4.9274848763970355e-29,0.49274848763970358
1,406,100,101.5,0.80990648484111349,2.8240906546406609e-30,0.028240906546406611,0.35564364382371472,1.7388063146573544e-29,0.35287907690723652,4.9274848763970355e-29,0.49274848763970358
1,407,100,101.75,0.8093582437833946,2.8254976302497811e-30,0.028254976302497813,0.35582082720540831,1.7381116845454969e-29,0.35273810638590936,4.9274848763970355e-29,0.49274848763970358
1,408,100,102,0.80881124078819933,2.8269936259262067e-30,0.028269936259262069,0.35600922107039784,1.7374371029700644e-29,0.35260120458055549,4.9274848763970355e-29,0.49274848763970358
1,409,100,102.25,0.80826548273372345,2.8285779919200114e-30,0.028285779919200116,0.35620874359431581,1.7367819981337011e-29,0.3524682554487375,4.9274848763970355e-29,0.49274848763970358
1,410,100,102.5,0.80772097644657048,2.8302500755016141e-30,0.028302500755016141,0.35641931257756071,1.7361457923852723e-29,0.35233914176003273,4.9274848763970355e-29,0.49274848763970358
1,411,100,102.75,0.80717772870196414,2.8320092210308129e-30,0.02832009221030813,0.35664084545399027,1.7355279023579112e-29,0.3522137451240489,4.9274848763970355e-29,0.49274848763970358
1,412,100,103,0.80663574622396195,2.8338547700254247e-30,0.028338547700254249,0.35687325929956581,1.7349277391072317e-29,0.35209194601847393,4.9274848763970355e-29,0.49274848763970358
1,413,100,103.25,0.80609503568567031,2.8357860612295594e-30,0.028357860612295595,0.35711647084094972,1.7343447082496976e-29,0.35197362381715641,4.9274848763970355e-29,0.49274848763970358
1,414,100,103.5,0.80555560370945933,2.8378024306814709e-30,0.028378024306814711,0.3573703964640505,1.7337782101010922e-29,0.35185865681820749,4.9274848763970355e-29,0.49274848763970358
1,415,100,103.75,0.80501745686718051,2.8399032117810514e-30,0.028399032117810516,0.35763495222252201,1.7332276398151079e-29,0.35174692227212667,4.9274848763970355e-29,0.49274848763970358
1,416,100,104,0.80448060168038438,2.8420877353569002e-30,0.028420877353569001,0.35791005384621,1.7326923875219898e-29,0.35163829640993849,4.9274848763970355e-29,0.49274848763970358
1,417,100,104.25,0.80394504462053984,2.8443553297330186e-30,0.028443553297330188,0.3581956167495508,1.73217183846725e-29,0.35153265447134352,4.9274848763970355e-29,0.49274848763970358
1,418,100,104.5,0.80341079210925248,2.8467053207950802e-30,0.028467053207950802,0.35849155603991723,1.7316653731503903e-29,0.35142987073287169,4.9274848763970355e-29,0.49274848763970358
1,419,100,104.75,0.80287785051848715,2.8491370320563164e-30,0.028491370320563165,0.35879778652591526,1.7311723674636479e-29,0.35132981853603917,4.9274848763970355e-29,0.49274848763970358
1,420,100,105,0.80234622617078832,2.851649784722986e-30,0.028516497847229861,0.35911422272562921,1.7306921928307112e-29,0.35123237031550036,4.9274848763970355e-29,0.49274848763970358
1,421,100,105.25,0.80181592533950352,2.8542428977594465e-30,0.028542428977594465,0.3594407788748159,1.730224216345412e-29,0.35113739762719426,4.9274848763970355e-29,0.49274848763970358
1,422,100,105.5,0.80128695424900587,2.8569156879527941e-30,0.028569156879527942,0.35977736893504519,1.7297678009103368e-29,0.35104477117647465,4.9274848763970355e-29,0.49274848763970358
1,423,100,105.75,0.80075931907491937,2.8596674699771205e-30,0.028596674699771205,0.36012390660179178,1.7293223053753763e-29,0.350954360846228,4.9274848763970355e-29,0.49274848763970358
1,424,100,106,0.80023302594434231,2.8624975564573273e-30,0.028624975564573274,0.36048030531247166,1.7288870846761558e-29,0.35086603572496677,4.9274848763970355e-29,0.49274848763970358
1,425,100,106.25,0.79970808093607471,2.8654052580325457e-30,0.028654052580325457,0.3608464782544285,1.7284614899723502e-29,0.35077966413489975,4.9274848763970355e-29,0.49274848763970358
1,426,100,106.5,0.79918449008084358,2.8683898834191216e-30,0.028683898834191215,0.36122233837286571,1.7280448687858452e-29,0.35069511365997075,4.9274848763970355e-29,0.49274848763970358
1,427,100,106.75,0.79866225936153024,2.8714507394731874e-30,0.028714507394731876,0.36160779837872603,1.7276365651387361e-29,0.35061225117386452,4.9274848763970355e-29,0.49274848763970358
1,428,100,107,0.79814139471339907,2.8745871312528203e-30,0.028745871312528204,0.36200277075651938,1.727235919691141e-29,0.3505309428679752,4.9274848763970355e-29,0.49274848763970358
1,429,100,107.25,0.7976219020243247,2.8777983620797597e-30,0.028777983620797597,0.36240716777209503,1.7268422698787982e-29,0.3504510542793306,4.9274848763970355e-29,0.49274848763970358
1,430,100,107.5,0.79710378713502206,2.8810837336007151e-30,0.028810837336007152,0.36282090148036222,1.7264549500504419e-29,0.35037245031847186,4.9274848763970355e-29,0.49274848763970358
1,431,100,107.75,0.79658705583927558,2.8844425458482407e-30,0.028844425458482408,0.3632438837329563,1.7260732916049284e-29,0.35029499529728214,4.9274848763970355e-29,0.49274848763970358
1,432,100,108,0.79607171388416964,2.8878740973011805e-30,0.028878740973011807,0.36367602618585049,1.7256966231280905e-29,0.3502185529567603,4.9274848763970355e-29,0.49274848763970358
1,433,100,108.25,0.79555776697031932,2.8913776849446962e-30,0.028913776849446963,0.36411724030691567,1.7253242705293115e-29,0.35014298649473768,4.9274848763970355e-29,0.49274848763970358
1,434,100,108.5,0.79504522075210193,2.8949526043298524e-30,0.028949526043298524,0.36456743738342373,1.7249555571777862e-29,0.35006815859353169,4.9274848763970355e-29,0.49274848763970358
1,435,100,108.75,0.79453408083788812,2.8985981496327731e-30,0.02898598149632773,0.36502652852949746,1.724589804038457e-29,0.34999393144753244,4.9274848763970355e-29,0.49274848763970358
1,436,100,109,0.79402435279027483,2.9023136137133775e-30,0.029023136137133775,0.36549442469350729,1.7242263298076108e-29,0.34992016679072202,4.9274848763970355e-29,0.49274848763970358
1,437,100,109.25,0.79351604212631799,2.906098288173672e-30,0.029060982881736721,0.36597103666541192,1.7238644510481073e-29,0.34984672592411742,4.9274848763970355e-29,0.49274848763970358
1,438,100,109.5,0.79300915431776497,2.9099514634156115e-30,0.029099514634156116,0.3664562750840451,1.7235034823242272e-29,0.34977346974313772,4.9274848763970355e-29,0.49274848763970358
1,439,100,109.75,0.79250369479128879,2.9138724286985279e-30,0.029138724286985281,0.36695005044434781,1.7231427363361221e-29,0.34970025876488936,4.9274848763970355e-29,0.49274848763970358
1,440,100,110,0.79199966892872165,2.9178604721961264e-30,0.029178604721961265,0.36745227310454565,1.7227815240538463e-29,0.34962695315536713,4.9274848763970355e-29,0.49274848763970358
1,441,100,110.25,0.79149708206728864,2.9219148810530358e-30,0.029219148810530358,0.36796285329327044,1.7224191548509499e-29,0.34955341275656604,4.9274848763970355e-29,0.49274848763970358
1,442,100,110.5,0.7909959394998437,2.9260349414409445e-30,0.029260349414409446,0.3684817011166297,1.7220549366376313e-29,0.34947949711350379,4.9274848763970355e-29,0.49274848763970358
1,443,100,110.75,0.79049624647510219,2.9302199386142684e-30,0.029302199386142685,0.36900872656521688,1.7216881759933998e-29,0.34940506550114342,4.9274848763970355e-29,0.49274848763970358
1,444,100,111,0.78999800819787824,2.9344691569654215e-30,0.029344691569654215,0.36954383952107167,1.7213181782992759e-29,0.34932997695122292,4.9274848763970355e-29,0.49274848763970358
1,445,100,111.25,0.78950122982931858,2.9387818800796116e-30,0.029387818800796116,0.37008694976458067,1.7209442478694665e-29,0.34925409027897752,4.9274848763970355e-29,0.49274848763970358
1,446,100,111.5,0.78900591648713858,2.9431573907892292e-30,0.029431573907892292,0.37063796698132656,1.7205656880825348e-29,0.3491772641097598,4.9274848763970355e-29,0.49274848763970358
1,447,100,111.75,0.78851207324585759,2.9475949712277746e-30,0.029475949712277748,0.37119680076887929,1.7201818015120239e-29,0.34909935690554905,4.9274848763970355e-29,0.49274848763970358
1,448,100,112,0.78801970513703568,2.952093902883375e-30,0.029520939028833751,0.37176336064353571,1.7197918900565407e-29,0.34902022699135066,4.9274848763970355e-29,0.49274848763970358
1,449,100,112.25,0.78752881714950862,2.9566534666518324e-30,0.029566534666518325,0.37233755604699986,1.719395255069255e-29,0.34893973258147726,4.9274848763970355e-29,0.49274848763970358
1,450,100,112.5,0.78703941422962498,2.961272942889267e-30,0.029612729428892672,0.37291929635301257,1.7189911974868323e-29,0.34885773180571472,4.9274848763970355e-29,0.49274848763970358
1,451,100,112.75,0.78655150128148177,2.9659516114642995e-30,0.029659516114642997,0.37350849087392279,1.7185790179577557e-29,0.34877408273536425,4.9274848763970355e-29,0.49274848763970358
1,452,100,113,0.78606508316716117,2.9706887518098077e-30,0.02970688751809808,0.37410504886720553,1.718158016970037e-29,0.34868864340916045,4.9274848763970355e-29,0.49274848763970358
1,453,100,113.25,0.78558016470696723,2.9754836429742473e-30,0.029754836429742474,0.37470887954192456,1.7177274949783052e-29,0.34860127185906314,4.9274848763970355e-29,0.49274848763970358
1,454,100,113.5,0.78509675067966145,2.980335563672528e-30,0.02980335563672528,0.37531989206513972,1.7172867525302388e-29,0.34851182613591591,4.9274848763970355e-29,0.49274848763970358
1,455,100,113.75,0.78461484582270025,2.9852437923364676e-30,0.029852437923364675,0.37593799556826024,1.7168350903923536e-29,0.34842016433497391,4.9274848763970355e-29,0.49274848763970358
1,456,100,114,0.78413445483247146,2.9902076071647968e-30,0.029902076071647968,0.37656309915334252,1.7163718096751069e-29,0.3483261446212928,4.9274848763970355e-29,0.49274848763970358
1,457,100,114.25,0.78365558236452992,2.9952262861727384e-30,0.029952262861727384,0.37719511189933319,1.7158962119573258e-29,0.34822962525498097,4.9274848763970355e-29,0.49274848763970358
1,458,100,114.5,0.78317823303383527,3.0002991072411552e-30,0.030002991072411552,0.37783394286825861,1.7154075994099282e-29,0.34813046461630742,4.9274848763970355e-29,0.49274848763970358
1,459,100,114.75,0.7827024114149872,3.0054253481652474e-30,0.030054253481652474,0.37847950111135775,1.7149052749189321e-29,0.34802852123066613,4.9274848763970355e-29,0.49274848763970358
1,460,100,115,0.78222812204246284,3.010604286702841e-30,0.03010604286702841,0.37913169567516264,1.7143885422077407e-29,0.34792365379339274,4.9274848763970355e-29,0.49274848763970358
1,461,100,115.25,0.781755369410852,3.0158352006222217e-30,0.030158352006222217,0.37979043560752268,1.7138567059586834e-29,0.34781572119443033,4.9274848763970355e-29,0.49274848763970358
1,462,100,115.5,0.78128415797509487,3.0211173677495604e-30,0.030211173677495606,0.38045562996357696,1.7133090719338127e-29,0.34770458254284486,4.9274848763970355e-29,0.49274848763970358
1,463,100,115.75,0.78081449215071574,3.0264500660158778e-30,0.030264500660158778,0.38112718781166838,1.7127449470949187e-29,0.34759009719118072,4.9274848763970355e-29,0.49274848763970358
1,464,100,116,0.78034637631406145,3.0318325735036192e-30,0.030318325735036192,0.38180501823920909,1.7121636397227923e-29,0.34747212475966482,4.9274848763970355e-29,0.49274848763970358
1,465,100,116.25,0.77987981480253565,3.0372641684927621e-30,0.03037264168492762,0.38248903035848691,1.7115644595356718e-29,0.34735052516024428,4.9274848763970355e-29,0.49274848763970358
1,466,100,116.5,0.7794148119148343,3.0427441295065224e-30,0.030427441295065225,0.38317913331242115,1.7109467178069037e-29,0.34722515862046516,4.9274848763970355e-29,0.49274848763970358
1,467,100,116.75,0.77895137191118191,3.0482717353566174e-30,0.030482717353566176,0.38387523628026271,1.7103097274817851e-29,0.34709588570718442,4.9274848763970355e-29,0.49274848763970358
1,468,100,117,0.7784894990135659,3.0538462651881223e-30,0.030538462651881225,0.38457724848324304,1.7096528032935845e-29,0.34696256735011599,4.9274848763970355e-29,0.49274848763970358
1,469,100,117.25,0.77802919740597165,3.0594669985238796e-30,0.030594669985238798,0.38528507919016647,1.7089752618787195e-29,0.3468250648652052,4.9274848763970355e-29,0.49274848763970358
1,470,100,117.5,0.77757047123461775,3.0651332153085019e-30,0.03065133215308502,0.38599863772295179,1.708276421891094e-29,0.34668323997783257,4.9274848763970355e-29,0.49274848763970358
1,471,100,117.75,0.77711332460818972,3.0708441959519502e-30,0.030708441959519502,0.38671783346212013,1.7075556041155734e-29,0.3465369548458429,4.9274848763970355e-29,0.49274848763970358
1,472,100,118,0.7766577615980742,3.0765992213726869e-30,0.030765992213726868,0.38744257585222919,1.7068121315805954e-29,0.34638607208239919,4.9274848763970355e-29,0.49274848763970358
1,473,100,118.25,0.77620378623859354,3.0823975730404078e-30,0.030823975730404077,0.38817277440725467,1.7060453296698914e-29,0.34623045477865522,4.9274848763970355e-29,0.49274848763970358
1,474,100,118.5,0.77575140252723795,3.0882385330183694e-30,0.030882385330183695,0.38890833871592062,1.7052545262333307e-29,0.3460699665262511,4.9274848763970355e-29,0.49274848763970358
1,475,100,118.75,0.77530061442489995,3.094121384005282e-30,0.030941213840052821,0.38964917844697511,1.7044390516968577e-29,0.34590447143962405,4.9274848763970355e-29,0.49274848763970358
1,476,100,119,0.77485142585610678,3.1000454093768052e-30,0.031000454093768053,0.39039520335441591,1.7035982391715237e-29,0.34573383417813564,4.9274848763970355e-29,0.49274848763970358
1,477,100,119.25,0.77440384070925206,3.1060098932266062e-30,0.031060098932266064,0.39114632328266086,1.7027314245615909e-29,0.34555791996801088,4.9274848763970355e-29,0.49274848763970358
1,478,100,119.5,0.77395786283682999,3.1120141204070442e-30,0.031120141204070442,0.39190244817167158,1.701837946671727e-29,0.34537659462409281,4.9274848763970355e-29,0.49274848763970358
1,479,100,119.75,0.773513496055664,3.118057376569393e-30,0.031180573765693931,0.39266348806201862,1.700917147313237e-29,0.34518972457140107,4.9274848763970355e-29,0.49274848763970358
1,480,100,120,0.77307074414714128,3.1241389482037104e-30,0.031241389482037106,0.3934293530999024,1.6999683714093745e-29,0.34499717686650455,4.9274848763970355e-29,0.49274848763970358
1,481,100,120.25,0.7726296108574412,3.1302581226782494e-30,0.031302581226782498,0.39419995354211623,1.6989909670996746e-29,0.34479881921869487,4.9274848763970355e-29,0.49274848763970358
1,482,100,120.5,0.77219009989776688,3.1364141882785013e-30,0.031364141882785017,0.39497519976096329,1.6979842858433408e-29,0.34459452001096808,4.9274848763970355e-29,0.49274848763970358
1,483,100,120.75,0.77175221494457535,3.1426064342458155e-30,0.031426064342458156,0.3957550022491198,1.6969476825216523e-29,0.34438414832080749,4.9274848763970355e-29,0.49274848763970358
1,484,100,121,0.77131595963980659,3.1488341508156245e-30,0.031488341508156242,0.39653927162444902,1.6958805155393896e-29,0.34416757394076736,4.9274848763970355e-29,0.49274848763970358
1,485,100,121.25,0.77088133759111255,3.1550966292552627e-30,0.031550966292552628,0.39732791863476385,1.694782146925276e-29,0.34394466739885693,4.9274848763970355e-29,0.49274848763970358
1,486,100,121.5,0.77044835237208642,3.1613931619013914e-30,0.031613931619013914,0.39812085416253967,1.6936519424314196e-29,0.3437152999787213,4.9274848763970355e-29,0.49274848763970358
1,487,100,121.75,0.7700170075224898,3.1677230421970272e-30,0.031677230421970272,0.39891798922957744,1.692489271631756e-29,0.34347934373961997,4.9274848763970355e-29,0.49274848763970358
1,488,100,122,0.7695873065484814,3.174085564728174e-30,0.03174085564728174,0.3997192350016171,1.6912935080194791e-29,0.34323667153619936,4.9274848763970355e-29,0.49274848763970358
1,489,100,122.25,0.76915925292284237,3.1804800252600575e-30,0.031804800252600574,0.40052450279290031,1.690064029103448e-29,0.34298715703805843,4.9274848763970355e-29,0.49274848763970358
1,490,100,122.5,0.76873285008520542,3.1869057207729816e-30,0.031869057207729819,0.40133370407068603,1.6888002165035822e-29,0.34273067474910823,4.9274848763970355e-29,0.49274848763970358
1,491,100,122.75,0.7683081014422779,3.1933619494977741e-30,0.031933619494977743,0.40214675045971449,1.6875014560452079e-29,0.34246710002671887,4.9274848763970355e-29,0.49274848763970358
1,492,100,123,0.76788501036806911,3.1998480109508719e-30,0.031998480109508717,0.40296355374662518,1.6861671378523848e-29,0.34219630910065946,4.9274848763970355e-29,0.49274848763970358
1,493,100,123.25,0.76746358020411465,3.2063632059689946e-30,0.032063632059689949,0.40378402588432366,1.6847966564401705e-29,0.34191817909182293,4.9274848763970355e-29,0.49274848763970358
1,494,100,123.5,0.76704381425970047,3.212906836743459e-30,0.032129068367434593,0.40460807899630263,1.6833894108058509e-29,0.34163258803074015,4.9274848763970355e-29,0.49274848763970358
1,495,100,123.75,0.76662571581208661,3.2194782068540893e-30,0.032194782068540893,0.40543562538091266,1.6819448045190993e-29,0.34133941487587743,4.9274848763970355e-29,0.49274848763970358
1,496,100,124,0.7662092881067305,3.2260766213027671e-30,0.032260766213027668,0.40626657751558676,1.6804622458110837e-29,0.3410385395317202,4.9274848763970355e-29,0.49274848763970358
1,497,100,124.25,0.76579453435750866,3.2327013865465908e-30,0.032327013865465909,0.40710084806101654,1.6789411476624968e-29,0.34072984286663793,4.9274848763970355e-29,0.49274848763970358
1,498,100,124.5,0.76538145774693955,3.2393518105306753e-30,0.032393518105306753,0.4079383498652826,1.6773809278905254e-29,0.34041320673053432,4.9274848763970355e-29,0.49274848763970358
1,499,100,124.75,0.76497006142640367,3.2460272027205576e-30,0.032460272027205576,0.40877899596793549,1.6757810092347232e-29,0.34008851397227424,4.9274848763970355e-29,0.49274848763970358
1,500,100,125,0.76456034851636512,3.2527268741342574e-30,0.032527268741342576,0.40962269960403314,1.6741408194418199e-29,0.33975564845689538,4.9274848763970355e-29,0.49274848763970358
1,501,100,125.25,0.7641523221065899,3.2594501373739352e-30,0.03259450137373935,0.41046937420812768,1.6724597913494186e-29,0.33941449508259414,4.9274848763970355e-29,0.49274848763970358
1,502,100,125.5,0.76374598525636717,3.2661963066572319e-30,0.032661963066572319,0.41131893341821207,1.6707373629686248e-29,0.33906493979749436,4.9274848763970355e-29,0.49274848763970358
1,503,100,125.75,0.76334134099472584,3.2729646978481919e-30,0.032729646978481922,0.41217129107961431,1.6689729775655552e-29,0.33870686961618929,4.9274848763970355e-29,0.49274848763970358
1,504,100,126,0.7629383923206533,3.2797546284878636e-30,0.032797546284878638,0.41302636124885095,1.6671660837417572e-29,0.33834017263606192,4.9274848763970355e-29,0.49274848763970358
1,505,100,126.25,0.76253714220331226,3.2865654178245171e-30,0.03286565417824517,0.41388405819743251,1.6653161355135154e-29,0.33796473805337995,4.9274848763970355e-29,0.49274848763970358
1,506,100,126.5,0.76213759358225752,3.2933963868435236e-30,0.032933963868435237,0.41474429641562655,1.6634225923900547e-29,0.33758045617916643,4.9274848763970355e-29,0.49274848763970358
1,507,100,126.75,0.76173974936765088,3.3002468582968618e-30,0.033002468582968618,0.41560699061617284,1.6614849194506187e-29,0.33718721845484229,4.9274848763970355e-29,0.49274848763970358
1,508,100,127,0.76134361244047688,3.3071161567322798e-30,0.033071161567322802,0.41647205573795643,1.6595025874204367e-29,0.33678491746764344,4.9274848763970355e-29,0.49274848763970358
1,509,100,127.25,0.76094918565275627,3.3140036085221061e-30,0.033140036085221064,0.41733940694963545,1.6574750727455685e-29,0.3363734469658099,4.9274848763970355e-29,0.49274848763970358
1,510,100,127.5,0.76055647182776009,3.3209085418917194e-30,0.033209085418917192,0.41820895965322658,1.655401857666622e-29,0.33595270187354642,4.9274848763970355e-29,0.49274848763970358
1,511,100,127.75,0.76016547376022192,3.3278302869476515e-30,0.033278302869476514,0.41908062948764402,1.653282430291343e-29,0.33552257830575399,4.9274848763970355e-29,0.49274848763970358
1,512,100,128,0.75977619421654985,3.334768175705374e-30,0.033347681757053743,0.41995433233219875,1.651116284666073e-29,0.33508297358253186,4.9274848763970355e-29,0.49274848763970358
1,513,100,128.25,0.75938863593503814,3.3417215421167237e-30,0.03341721542116724,0.42082998431005231,1.6489029208460777e-29,0.33463378624344992,4.9274848763970355e-29,0.49274848763970358
1,514,100,128.5,0.75900280162607703,3.3486897220969998e-30,0.033486897220970001,0.42170750179162914,1.6466418449647324e-29,0.33417491606158978,4.9274848763970355e-29,0.49274848763970358
1,515,100,128.75,0.75861869397236203,3.3556720535517112e-30,0.033556720535517115,0.42258680139798488,1.6443325693015642e-29,0.33370626405735332,4.9274848763970355e-29,0.49274848763970358
1,516,100,129,0.7582363156291041,3.3626678764030129e-30,0.033626678764030131,0.42346780000413575,1.6419746123491699e-29,0.33322773251204324,4.9274848763970355e-29,0.49274848763970358
1,517,100,129.25,0.75785566922423608,3.3696765326157939e-30,0.033696765326157938,0.4243504147423437,1.6395674988789696e-29,0.33273922498120728,4.9274848763970355e-29,0.49274848763970358
1,518,100,129.5,0.75747675735862052,3.3766973662234306e-30,0.033766973662234308,0.42523456300535956,1.6371107600058246e-29,0.33224064630775202,4.9274848763970355e-29,0.49274848763970358
1,519,100,129.75,0.75709958260625643,3.3837297233532332e-30,0.033837297233532335,0.42612016244962775,1.634603933251508e-29,0.33173190263482377,4.9274848763970355e-29,0.49274848763970358
1,520,100,130,0.75672414751448414,3.3907729522515552e-30,0.033907729522515556,0.42700713099844806,1.6320465626070193e-29,0.331212901418455,4.9274848763970355e-29,0.49274848763970358
1,521,100,130.25,0.75635045460419026,3.3978264033085722e-30,0.033978264033085723,0.42789538684509654,1.6294381985937507e-29,0.33068355143997757,4.9274848763970355e-29,0.49274848763970358
1,522,100,130.5,0.75597850637001174,3.4048894290827697e-30,0.034048894290827698,0.4287848484559087,1.6267783983235057e-29,0.33014376281820307,4.9274848763970355e-29,0.49274848763970358
1,523,100,130.75,0.75560830528053857,3.4119613843250812e-30,0.034119613843250816,0.42967543457332003,1.6240667255573512e-29,0.32959344702136656,4.9274848763970355e-29,0.49274848763970358
1,524,100,131,0.75523985377851621,3.419041626002735e-30,0.034190416260027348,0.43056706421886826,1.6213027507633278e-29,0.32903251687883828,4.9274848763970355e-29,0.49274848763970358
1,525,100,131.25,0.75487315428104673,3.4261295133227751e-30,0.034261295133227752,0.43145965669615599,1.6184860511729908e-29,0.32846088659259848,4.9274848763970355e-29,0.49274848763970358
1,526,100,131.5,0.75450820917978922,3.4332244077552842e-30,0.034332244077552844,0.43235313159377509,1.6156162108368053e-29,0.32787847174847951,4.9274848763970355e-29,0.49274848763970358
1,527,100,131.75,0.75414502084115942,3.4403256730562869e-30,0.034403256730562867,0.43324740878819074,1.612692820678374e-29,0.32728518932717071,4.9274848763970355e-29,0.49274848763970358
1,528,100,132,0.75378359160652819,3.4474326752903573e-30,0.034474326752903572,0.43414240844658863,1.6097154785475091e-29,0.32668095771498928,4.9274848763970355e-29,0.49274848763970358
1,529,100,132.25,0.75342392379242018,3.4545447828529268e-30,0.034545447828529266,0.43503805102968424,1.6066837892721506e-29,0.32606569671441665,4.9274848763970355e-29,0.49274848763970358
1,530,100,132.5,0.75306601969070952,3.4616613664922822e-30,0.034616613664922823,0.43593425729449292,1.6035973647091144e-29,0.32543932755439742,4.9274848763970355e-29,0.49274848763970358
1,531,100,132.75,0.75270988156881646,3.4687817993312686e-30,0.034687817993312685,0.4368309482970632,1.6004558237936881e-29,0.32480177290040457,4.9274848763970355e-29,0.49274848763970358
1,532,100,133,0.75235551166990267,3.475905456888706e-30,0.03475905456888706,0.43772804539517379,1.5972587925880651e-29,0.32415295686426882,4.9274848763970355e-29,0.49274848763970358
1,533,100,133.25,0.75200291221306503,3.4830317171005118e-30,0.034830317171005119,0.43862547025099347,1.5940059043286167e-29,0.32349280501377203,4.9274848763970355e-29,0.49274848763970358
1,534,100,133.5,0.75165208539352912,3.4901599603405196e-30,0.034901599603405199,0.43952314483370286,1.5906967994720083e-29,0.32282124438200649,4.9274848763970355e-29,0.49274848763970358
1,535,100,133.75,0.75130303338284155,3.4972895694410315e-30,0.034972895694410318,0.4404209914220828,1.5873311257401518e-29,0.32213820347649741,4.9274848763970355e-29,0.49274848763970358
1,536,100,134,0.7509557583290617,3.5044199297130712e-30,0.035044199297130714,0.44131893260706462,1.5839085381640031e-29,0.32144361228809148,4.9274848763970355e-29,0.49274848763970358
1,537,100,134.25,0.75061026235695172,3.5115504289663551e-30,0.035115504289663549,0.44221689129424524,1.5804286991261959e-29,0.32073740229960918,4.9274848763970355e-29,0.49274848763970358
1,538,100,134.5,0.75026654756816624,3.5186804575289982e-30,0.035186804575289984,0.44311479070636883,1.5768912784025247e-29,0.3200195064942632,4.9274848763970355e-29,0.49274848763970358
1,539,100,134.75,0.74992461604144178,3.525809408266924e-30,0.035258094082669243,0.44401255438577103,1.573295953202266e-29,0.31928985936384163,4.9274848763970355e-29,0.49274848763970358
1,540,100,135,0.74958446983278337,3.5329366766030072e-30,0.035329366766030074,0.44491010619678983,1.5696424082073422e-29,0.31854839691665593,4.9274848763970355e-29,0.49274848763970358
1,541,100,135.25,0.74924611097565208,3.5400616605359559e-30,0.035400616605359557,0.44580737032814322,1.5659303356103375e-29,0.31779505668525598,4.9274848763970355e-29,0.49274848763970358
1,542,100,135.5,0.7489095414811503,3.5471837606588945e-30,0.035471837606588945,0.44670427129526941,1.5621594351513498e-29,0.31702977773390895,4.9274848763970355e-29,0.49274848763970358
1,543,100,135.75,0.74857476333820749,3.5543023801777205e-30,0.035543023801777207,0.44760073394263861,1.5583294141537016e-29,0.31625250066584643,4.9274848763970355e-29,0.49274848763970358
1,544,100,136,0.74824177851376306,3.5614169249291563e-30,0.035614169249291561,0.44849668344602645,1.5544399875584901e-29,0.31546316763027649,4.9274848763970355e-29,0.49274848763970358
1,545,100,136.25,0.74791058895294971,3.5685268033985563e-30,0.035685268033985564,0.44939204531475618,1.5504908779579916e-29,0.31466172232916251,4.9274848763970355e-29,0.49274848763970358
1,546,100,136.5,0.74758119657927546,3.5756314267374711e-30,0.03575631426737471,0.45028674539391073,1.5464818156279186e-29,0.31384811002376983,4.9274848763970355e-29,0.49274848763970358
1,547,100,136.75,0.74725360329480528,3.5827302087809221e-30,0.035827302087809224,0.45118070986650821,1.5424125385585345e-29,0.31302227754098005,4.9274848763970355e-29,0.49274848763970358
1,548,100,137,0.74692781098033956,3.5898225660644384e-30,0.035898225660644385,0.45207386525564724,1.5382827924846088e-29,0.31218417327937031,4.9274848763970355e-29,0.49274848763970358
1,549,100,137.25,0.74660382149559468,3.5969079178408427e-30,0.035969079178408428,0.45296613842662087,1.5340923309142497e-29,0.31133374721506485,4.9274848763970355e-29,0.49274848763970358
1,550,100,137.5,0.74628163667938063,3.603985686096787e-30,0.036039856860967869,0.45385745658899906,1.5298409151565866e-29,0.31047095090735266,4.9274848763970355e-29,0.49274848763970358
1,551,100,137.75,0.74596125834977745,3.6110552955690314e-30,0.036110552955690316,0.45474774729867873,1.5255283143483088e-29,0.30959573750407354,4.9274848763970355e-29,0.49274848763970358
1,552,100,138,0.74564268830431235,3.6181161737604829e-30,0.036181161737604828,0.45563693845990322,1.5211543054790796e-29,0.30870806174677573,4.9274848763970355e-29,0.49274848763970358
1,553,100,138.25,0.74532592832013411,3.6251677509560065e-30,0.036251677509560064,0.45652495832725387,1.5167186734158106e-29,0.30780787997564213,4.9274848763970355e-29,0.49274848763970358
1,554,100,138.5,0.74501098015418754,3.6322094602379668e-30,0.036322094602379666,0.45741173550760694,1.5122212109258073e-29,0.30689515013418767,4.9274848763970355e-29,0.49274848763970358
1,555,100,138.75,0.74469784554338625,3.6392407375015535e-30,0.036392407375015534,0.45829719896206356,1.5076617186987819e-29,0.30596983177372639,4.9274848763970355e-29,0.49274848763970358
1,556,100,139,0.74438652620478529,3.6462610214698704e-30,0.036462610214698703,0.45918127800785014,1.503040005367747e-29,0.305031886057612,4.9274848763970355e-29,0.49274848763970358
1,557,100,139.25,0.74407702383575181,3.6532697537087838e-30,0.036532697537087842,0.46006390232018796,1.498355887528782e-29,0.30408127576524924,4.9274848763970355e-29,0.49274848763970358
1,558,100,139.5,0.74376934011413554,3.6602663786415412e-30,0.036602663786415413,0.4609450019341344,1.4936091897596804e-29,0.30311796529587803,4.9274848763970355e-29,0.49274848763970358
1,559,100,139.75,0.74346347669843715,3.6672503435631686e-30,0.036672503435631686,0.4618245072463959,1.4887997446374778e-29,0.30214192067213086,4.9274848763970355e-29,0.49274848763970358
1,560,100,140,0.74315943522797745,3.6742210986546337e-30,0.036742210986546335,0.4627023490171116,1.4839273927548719e-29,0.30115310954336522,4.9274848763970355e-29,0.49274848763970358
1,561,100,140.25,0.74285721732306365,3.6811780969967986e-30,0.03681178096996799,0.46357845837161032,1.478991982735526e-29,0.30015150118876899,4.9274848763970355e-29,0.49274848763970358
1,562,100,140.5,0.74255682458515548,3.6881207945841321e-30,0.036881207945841321,0.46445276680213748,1.4739933712482659e-29,0.29913706652024191,4.9274848763970355e-29,0.49274848763970358
1,563,100,140.75,0.74225825859703087,3.6950486503382273e-30,0.036950486503382271,0.46532520616955753,1.4689314230201762e-29,0.29810977808505323,4.9274848763970355e-29,0.49274848763970358
1,564,100,141,0.74196152092294887,3.7019611261210804e-30,0.037019611261210804,0.46619570870502586,1.4638060108485888e-29,0.29706961006827481,4.9274848763970355e-29,0.49274848763970358
1,565,100,141.25,0.74166661310881365,3.7088576867481712e-30,0.03708857686748171,0.46706420701163626,1.4586170156119826e-29,0.29601653829499314,4.9274848763970355e-29,0.49274848763970358
1,566,100,141.5,0.74137353668233608,3.7157378000013274e-30,0.037157378000013279,0.46793063406604102,1.4533643262797815e-29,0.29495054023229755,4.9274848763970355e-29,0.49274848763970358
1,567,100,141.75,0.74108229315319452,3.7226009366413781e-30,0.037226009366413779,0.46879492322004418,1.4480478399210692e-29,0.29387159499104909,4.9274848763970355e-29,0.49274848763970358
1,568,100,142,0.74079288401319487,3.7294465704206011e-30,0.037294465704206012,0.46965700820216932,1.4426674617122135e-29,0.29277968332742776,4.9274848763970355e-29,0.49274848763970358
1,569,100,142.25,0.74050531073642967,3.7362741780949759e-30,0.037362741780949761,0.47051682311920229,1.4372231049434089e-29,0.29167478764426019,4.9274848763970355e-29,0.49274848763970358
1,570,100,142.5,0.74021957477943556,3.7430832394362088e-30,0.037430832394362089,0.47137430245770578,1.4317146910241422e-29,0.29055689199212892,4.9274848763970355e-29,0.49274848763970358
1,571,100,142.75,0.73993567758135026,3.7498732372435968e-30,0.037498732372435971,0.47222938108551343,1.4261421494875829e-29,0.28942598207026349,4.9274848763970355e-29,0.49274848763970358
1,572,100,143,0.73965362056406836,3.7566436573556514e-30,0.037566436573556516,0.47308199425319336,1.4205054179939027e-29,0.2882820452272139,4.9274848763970355e-29,0.49274848763970358
1,573,100,143.25,0.73937340513239636,3.7633939886615671e-30,0.037633939886615675,0.47393207759549266,1.4148044423325341e-29,0.2871250704613092,4.9274848763970355e-29,0.49274848763970358
1,574,100,143.5,0.7390950326742054,3.770123723112463e-30,0.037701237231124632,0.47477956713275299,1.4090391764233524e-29,0.28595504842089708,4.9274848763970355e-29,0.49274848763970358
1,575,100,143.75,0.73881850456058495,3.7768323557324589e-30,0.037768323557324589,0.47562439927230538,1.4032095823168218e-29,0.28477197140437399,4.9274848763970355e-29,0.49274848763970358
1,576,100,144,0.73854382214599434,3.7835193846295539e-30,0.037835193846295544,0.47646651080984026,1.397315630193074e-29,0.28357583335999759,4.9274848763970355e-29,0.49274848763970358
1,577,100,144.25,0.73827098676841252,3.7901843110063155e-30,0.037901843110063158,0.47730583893075351,1.3913572983599365e-29,0.28236662988548705,4.9274848763970355e-29,0.49274848763970358
1,578,100,144.5,0.73799999974948816,3.7968266391703814e-30,0.037968266391703816,0.4781423212114691,1.3853345732499285e-29,0.28114435822741307,4.9274848763970355e-29,0.49274848763970358
1,579,100,144.75,0.73773086239468832,3.8034458765448e-30,0.038034458765448004,0.47897589562074094,1.3792474494162065e-29,0.27990901728037543,4.9274848763970355e-29,0.49274848763970358
1,580,100,145,0.73746357599344525,3.8100415336781673e-30,0.038100415336781671,0.47980650052092999,1.3730959295274829e-29,0.27866060758597133,4.9274848763970355e-29,0.49274848763970358
1,581,100,145.25,0.73719814181930376,3.8166131242546022e-30,0.038166131242546024,0.48063407466926,1.3668800243619115e-29,0.27739913133155486,4.9274848763970355e-29,0.49274848763970358
1,582,100,145.5,0.73693456113006506,3.8231601651035385e-30,0.038231601651035389,0.48145855721905073,1.360599752799943e-29,0.27612459234878667,4.9274848763970355e-29,0.49274848763970358
1,583,100,145.75,0.73667283516793247,3.8296821762093464e-30,0.038296821762093466,0.48227988772092995,1.3542551418161717e-29,0.27483699611197987,4.9274848763970355e-29,0.49274848763970358
1,584,100,146,0.73641296515965393,3.8361786807207895e-30,0.0383617868072079,0.48309800612402376,1.3478462264701574e-29,0.27353634973623686,4.9274848763970355e-29,0.49274848763970358
1,585,100,146.25,0.73615495231666439,3.8426492049603005e-30,0.038426492049603009,0.48391285277712531,1.341373049896241e-29,0.27222266197538281,4.9274848763970355e-29,0.49274848763970358
1,586,100,146.5,0.73589879783522694,3.8490932784331044e-30,0.038490932784331043,0.4847243684298434,1.3348356632923569e-29,0.27089594321969496,4.9274848763970355e-29,0.49274848763970358
1,587,100,146.75,0.73564450289657235,3.8555104338361665e-30,0.038555104338361665,0.48553249423372924,1.3282341259078397e-29,0.26955620549342835,4.9274848763970355e-29,0.49274848763970358
1,588,100,147,0.7353920686670391,3.8619002070669822e-30,0.038619002070669824,0.48633717174338364,1.3215685050302431e-29,0.26820346245214061,4.9274848763970355e-29,0.49274848763970358
1,589,100,147.25,0.73514149629821024,3.8682621372322108e-30,0.038682621372322111,0.48713834291754404,1.3148388759711637e-29,0.26683772937981509,4.9274848763970355e-29,0.49274848763970358
1,590,100,147.5,0.73489278692705129,3.8745957666561466e-30,0.03874595766656147,0.48793595012015145,1.3080453220510886e-29,0.26545902318578563,4.9274848763970355e-29,0.49274848763970358
1,591,100,147.75,0.73464594167604524,3.8809006408890293e-30,0.038809006408890297,0.48872993612139687,1.301187934583254e-29,0.26406736240146095,4.9274848763970355e-29,0.49274848763970358
1,592,100,148,0.73440096165332791,3.8871763087152174e-30,0.038871763087152178,0.48952024409875067,1.2942668128565398e-29,0.26266276717685322,4.9274848763970355e-29,0.49274848763970358
1,593,100,148.25,0.73415784795282146,3.8934223221611887e-30,0.038934223221611886,0.49030681763797007,1.2872820641173925e-29,0.26124525927690923,4.9274848763970355e-29,0.49274848763970358
1,594,100,148.5,0.73391660165436678,3.8996382365034014e-30,0.038996382365034013,0.49108960073408914,1.2802338035507865e-29,0.25981486207764687,4.9274848763970355e-29,0.49274848763970358
1,595,100,148.75,0.73367722382385592,3.9058236102760208e-30,0.039058236102760206,0.49186853779239187,1.2731221542602303e-29,0.25837160056209729,4.9274848763970355e-29,0.49274848763970358
1,596,100,149,0.73343971551336151,3.9119780052784646e-30,0.039119780052784645,0.49264357362936223,1.265947247246822e-29,0.25691550131605467,4.9274848763970355e-29,0.49274848763970358
1,597,100,149.25,0.73320407776126717,3.9181009865828488e-30,0.039181009865828488,0.49341465347362196,1.2587092213873573e-29,0.25544659252363294,4.9274848763970355e-29,0.49274848763970358
1,598,100,149.5,0.73297031159239578,3.9241921225412539e-30,0.039241921225412542,0.49418172296684559,1.2514082234115047e-29,0.25396490396263399,4.9274848763970355e-29,0.49274848763970358
1,599,100,149.75,0.73273841801813633,3.9302509847928712e-30,0.039302509847928713,0.49494472816466045,1.2440444078780402e-29,0.2524704669997247,4.9274848763970355e-29,0.49274848763970358
1,600,100,150,0.73250839803657075,3.9362771482710103e-30,0.039362771482710106,0.49570361553752895,1.2366179371501585e-29,0.25096331458542609,4.9274848763970355e-29,0.49274848763970358
1,601,100,150.25,0.73228025263259899,3.9422701912099623e-30,0.039422701912099622,0.49645833197161315,1.2291289813698659e-29,0.24944348124891697,4.9274848763970355e-29,0.49274848763970358
1,602,100,150.5,0.73205398277806344,3.9482296951517454e-30,0.039482296951517455,0.49720882476962397,1.221577718431451e-29,0.24791100309264988,4.9274848763970355e-29,0.49274848763970358
1,603,100,150.75,0.73182958943187126,3.9541552449526841e-30,0.03954155244952684,0.49795504165165,1.213964333954051e-29,0.24636591778678346,4.9274848763970355e-29,0.49274848763970358
1,604,100,151,0.73160707354011789,3.9600464287899063e-30,0.039600464287899061,0.49869693075597538,1.2062890212533171e-29,0.24480826456343233,4.9274848763970355e-29,0.49274848763970358
1,605,100,151.25,0.73138643603620646,3.9659028381676743e-30,0.039659028381676745,0.49943444063987741,1.1985519813121742e-29,0.24323808421073276,4.9274848763970355e-29,0.49274848763970358
1,606,100,151.5,0.73116767784096881,3.9717240679235992e-30,0.039717240679235995,0.50016752028040878,1.190753422750701e-29,0.24165541906673021,4.9274848763970355e-29,0.49274848763970358
1,607,100,151.75,0.73095079986278388,3.9775097162347457e-30,0.039775097162347457,0.50089611907516685,1.1828935617951162e-29,0.24006031301308528,4.9274848763970355e-29,0.49274848763970358
1,608,100,152,0.73073580299769614,3.9832593846235869e-30,0.039832593846235873,0.50162018684304299,1.1749726222458925e-29,0.2384528114686025,4.9274848763970355e-29,0.49274848763970358
1,609,100,152.25,0.73052268812953158,3.9889726779638683e-30,0.039889726779638687,0.50233967382496147,1.1669908354449991e-29,0.23683296138258264,4.9274848763970355e-29,0.49274848763970358
1,610,100,152.5,0.7303114561300138,3.9946492044863233e-30,0.039946492044863231,0.50305453068459882,1.1589484402422685e-29,0.23520081122799685,4.9274848763970355e-29,0.49274848763970358
1,611,100,152.75,0.73010210785887864,4.0002885757842954e-30,0.040002885757842957,0.50376470850909261,1.150845682960922e-29,0.23355641099449045,4.9274848763970355e-29,0.49274848763970358
1,612,100,153,0.72989464416398786,4.0058904068192307e-30,0.040058904068192305,0.50447015880973201,1.1426828173622273e-29,0.23189981218121039,4.9274848763970355e-29,0.49274848763970358
1,613,100,153.25,0.72968906588144145,4.0114543159260637e-30,0.040114543159260635,0.50517083352263692,1.1344601046093148e-29,0.23023106778946203,4.9274848763970355e-29,0.49274848763970358
1,614,100,153.5,0.72948537383568934,4.0169799248184851e-30,0.040169799248184854,0.50586668500942134,1.1261778132301602e-29,0.22855023231519658,4.9274848763970355e-29,0.49274848763970358
1,615,100,153.75,0.72928356883964152,4.0224668585941043e-30,0.040224668585941044,0.50655766605784269,1.1178362190797228e-29,0.22685736174132751,4.9274848763970355e-29,0.49274848763970358
1,616,100,154,0.72908365169477796,4.0279147457395018e-30,0.040279147457395019,0.50724372988243904,1.1094356053012696e-29,0.22515251352988142,4.9274848763970355e-29,0.49274848763970358
1,617,100,154.25,0.72888562319125594,4.0333232181351691e-30,0.040333232181351694,0.50792483012515055,1.100976262286871e-29,0.22343574661398091,4.9274848763970355e-29,0.49274848763970358
1,618,100,154.5,0.72868948410801837,4.0386919110603589e-30,0.040386919110603589,0.50860092085593056,1.0924584876370859e-29,0.22170712138966295,4.9274848763970355e-29,0.49274848763970358
1,619,100,154.75,0.72849523521289938,4.0440204631978111e-30,0.040440204631978109,0.50927195657334079,1.0838825861198451e-29,0.21996669970753463,4.9274848763970355e-29,0.49274848763970358
1,620,100,155,0.72830287726272924,4.0493085166383899e-30,0.040493085166383898,0.50993789220513486,1.0752488696285249e-29,0.21821454486426434,4.9274848763970355e-29,0.49274848763970358
1,621,100,155.25,0.72811241100343893,4.0545557168856191e-30,0.040545557168856196,0.51059868310883005,1.066557657139241e-29,0.21645072159391493,4.9274848763970355e-29,0.49274848763970358
1,622,100,155.5,0.72792383717016285,4.0597617128601152e-30,0.040597617128601153,0.51125428507226522,1.0578092746673483e-29,0.21467529605911562,4.9274848763970355e-29,0.49274848763970358
1,623,100,155.75,0.72773715648734083,4.0649261569039309e-30,0.040649261569039308,0.51190465431414789,1.0490040552231597e-29,0.21288833584207545,4.9274848763970355e-29,0.49274848763970358
1,624,100,156,0.72755236966881931,4.07004870478479e-30,0.0407004870478479,0.51254974748458715,1.0401423387669038e-29,0.21108990993544222,4.9274848763970355e-29,0.49274848763970358
1,625,100,156.25,0.72736947741795066,4.0751290157002436e-30,0.040751290157002434,0.51318952166561793,1.0312244721629037e-29,0.20928008873300336,4.9274848763970355e-29,0.49274848763970358
1,626,100,156.5,0.72718848042769257,4.0801667522817203e-30,0.040801667522817206,0.51382393437171014,1.0222508091330096e-29,0.20745894402023551,4.9274848763970355e-29,0.49274848763970358
1,627,100,156.75,0.72700937938070498,4.0851615805984914e-30,0.040851615805984919,0.51445294355026872,1.0132217102092733e-29,0.2056265489646999,4.9274848763970355e-29,0.49274848763970358
1,628,100,157,0.72683217494944752,4.0901131701615547e-30,0.040901131701615551,0.51507650758212209,1.0041375426858778e-29,0.20378297810628709,4.9274848763970355e-29,0.49274848763970358
1,629,100,157.25,0.72665686779627492,4.0950211939274177e-30,0.04095021193927418,0.5156945852819993,9.9499868057033891e-30,0.20192830734731335,4.9274848763970355e-29,0.49274848763970358
1,630,100,157.5,0.72648345857353147,4.0998853283017973e-30,0.040998853283017972,0.51630713589899524,9.8580550453396583e-30,0.20006261394246722,4.9274848763970355e-29,0.49274848763970358
1,631,100,157.75,0.72631194792364451,4.1047052531432426e-30,0.041047052531432426,0.51691411911702723,9.7655840186160311e-30,0.19818597648860978,4.9274848763970355e-29,0.49274848763970358
1,632,100,158,0.72614233647921733,4.1094806517666665e-30,0.041094806517666664,0.51751549505527994,9.6725776640066343e-30,0.19629847491443136,4.9274848763970355e-29,0.49274848763970358
1,633,100,158.25,0.72597462486311992,4.1142112109467976e-30,0.041142112109467978,0.51811122426863965,9.5790399850943785e-30,0.19440019046996138,4.9274848763970355e-29,0.49274848763970358
1,634,100,158.5,0.72580881368857986,4.1188966209215515e-30,0.041188966209215513,0.51870126774811909,9.4849750500472108e-30,0.19249120571593922,4.9274848763970355e-29,0.49274848763970358
1,635,100,158.75,0.72564490355927147,4.1235365753953257e-30,0.041235365753953257,0.51928558692127225,9.3903869910873126e-30,0.19057160451304195,4.9274848763970355e-29,0.49274848763970358
1,636,100,159,0.72548289506940422,4.1281307715422141e-30,0.041281307715422141,0.51986414365259925,9.2952800039534338e-30,0.18864147201097284,4.9274848763970355e-29,0.49274848763970358
1,637,100,159.25,0.72532278880380974,4.1326789100091419e-30,0.041326789100091417,0.5204369002439414,9.1996583473565318e-30,0.18670089463741385,4.9274848763970355e-29,0.49274848763970358
1,638,100,159.5,0.72516458533802797,4.137180694918931e-30,0.041371806949189315,0.52100381943486651,9.1035263424285304e-30,0.18474996008683858,4.9274848763970355e-29,0.49274848763970358
1,639,100,159.75,0.725008285238393,4.1416358338733031e-30,0.041416358338733035,0.52156486440304772,9.0068883721646321e-30,0.18278875730919433,4.9274848763970355e-29,0.49274848763970358
1,640,100,160,0.72485388906211601,4.1460440379557715e-30,0.041460440379557713,0.52211999876462767,8.9097488808588459e-30,0.18081737649844665,4.9274848763970355e-29,0.49274848763970358
1,641,100,160.25,0.72470139735736927,4.1504050217345109e-30,0.041504050217345108,0.52266918657457928,8.8121123735331346e-30,0.17883590908099406,4.9274848763970355e-29,0.49274848763970358
1,642,100,160.5,0.72455081066336779,4.1547185032651301e-30,0.041547185032651306,0.52321239232705563,8.7139834153601709e-30,0.17684444770395347,4.9274848763970355e-29,0.49274848763970358
1,643,100,160.75,0.72440212951044991,4.1589842040933719e-30,0.041589842040933724,0.52374958095572977,8.6153666310795749e-30,0.17484308622331296,4.9274848763970355e-29,0.49274848763970358
1,644,100,161,0.72425535442015831,4.1632018492577696e-30,0.041632018492577694,0.52428071783412888,8.5162667044080961e-30,0.17283191969196196,4.9274848763970355e-29,0.49274848763970358
1,645,100,161.25,0.72411048590531746,4.1673711672922076e-30,0.041673711672922074,0.52480576877595708,8.4166883774433931e-30,0.17081104434759126,4.9274848763970355e-29,0.49274848763970358
1,646,100,161.5,0.72396752447011281,4.1714918902284566e-30,0.04171491890228457,0.52532470003541487,8.3166364500618035e-30,0.16878055760047117,4.9274848763970355e-29,0.49274848763970358
1,647,100,161.75,0.72382647061016636,4.1755637535985881e-30,0.041755637535985879,0.5258374783075026,8.2161157793100021e-30,0.1667405580211056,4.9274848763970355e-29,0.49274848763970358
1,648,100,162,0.72368732481261355,4.1795864964373995e-30,0.041795864964373999,0.52634407072832656,8.1151312787907545e-30,0.16469114532776644,4.9274848763970355e-29,0.49274848763970358
1,649,100,162.25,0.72355008755617689,4.1835598612847065e-30,0.041835598612847066,0.52684444487538706,8.0136879180426293e-30,0.16263242037390518,4.9274848763970355e-29,0.49274848763970358
1,650,100,162.5,0.72341475931124077,4.1874835941876377e-30,0.041874835941876382,0.52733856876786778,7.9117907219140847e-30,0.16056448513545041,4.9274848763970355e-29,0.49274848763970358
1,651,100,162.75,0.72328134053992288,4.1913574447028118e-30,0.041913574447028118,0.52782641086690985,7.8094447699315567e-30,0.15848744269798354,4.9274848763970355e-29,0.49274848763970358
1,652,100,163,0.72314983169614699,4.195181165898519e-30,0.041951811658985191,0.52830794007588644,7.706655195662142e-30,0.15640139724380503,4.9274848763970355e-29,0.49274848763970358
1,653,100,163.25,0.72302023322571274,4.1989545143567908e-30,0.041989545143567911,0.52878312574066355,7.6034271860704662e-30,0.15430645403888227,4.9274848763970355e-29,0.49274848763970358
1,654,100,163.5,0.72289254556636529,4.2026772501754499e-30,0.042026772501754503,0.52925193764985823,7.4997659808701026e-30,0.15220271941968724,4.9274848763970355e-29,0.49274848763970358
1,655,100,163.75,0.72276676914786431,4.2063491369700903e-30,0.042063491369700903,0.52971434603508771,7.3956768718696186e-30,0.15009030077992486,4.9274848763970355e-29,0.49274848763970358
1,656,100,164,0.72264290439205037,4.2099699418760105e-30,0.042099699418760107,0.53017032157121302,7.291165202313102e-30,0.14796930655714938,4.9274848763970355e-29,0.49274848763970358
1,657,100,164.25,0.72252095171291286,4.2135394355500932e-30,0.042135394355500934,0.53061983537657564,7.1862363662155703e-30,0.14583984621927704,4.9274848763970355e-29,0.49274848763970358
1,658,100,164.5,0.72240091151665398,4.2170573921726311e-30,0.042170573921726309,0.53106285901322736,7.0808958076930235e-30,0.14370203025098996,4.9274848763970355e-29,0.49274848763970358
1,659,100,164.75,0.72228278420175407,4.220523589449112e-30,0.042205235894491121,0.5314993644871554,6.9751490202874013e-30,0.14155597014003649,4.9274848763970355e-29,0.49274848763970358
1,660,100,165,0.7221665701590344,4.2239378086119346e-30,0.042239378086119349,0.53192932424849793,6.869001546286545e-30,0.13940177836343035,4.9274848763970355e-29,0.49274848763970358
1,661,100,165.25,0.72205226977171977,4.2272998344221102e-30,0.042272998344221102,0.53235271119175887,6.7624589760390625e-30,0.13723956837354628,4.9274848763970355e-29,0.49274848763970358
1,662,100,165.5,0.72193988341549975,4.2306094551708825e-30,0.042306094551708827,0.53276949865601175,6.6555269472644115e-30,0.1350694545841187,4.9274848763970355e-29,0.49274848763970358
1,663,100,165.75,0.72182941145858837,4.2338664626813123e-30,0.042338664626813127,0.53317966042509912,6.5482111443580486e-30,0.13289155235614003,4.9274848763970355e-29,0.49274848763970358
1,664,100,166,0.72172085426178445,4.2370706523098439e-30,0.042370706523098441,0.5335831707278299,6.4405172976918762e-30,0.13070597798366387,4.9274848763970355e-29,0.49274848763970358
1,665,100,166.25,0.72161421217852895,4.2402218229477841e-30,0.042402218229477845,0.53398000423816561,6.332451182910059e-30,0.12851284867951399,4.9274848763970355e-29,0.49274848763970358
1,666,100,166.5,0.72150948555496208,4.2433197770227653e-30,0.042433197770227651,0.53437013607540473,6.2240186202201773e-30,0.12631228256089877,4.9274848763970355e-29,0.49274848763970358
1,667,100,166.75,0.72140667472997977,4.2463643205001597e-30,0.042463643205001594,0.53475354180436074,6.1152254736798665e-30,0.1241043986349341,4.9274848763970355e-29,0.49274848763970358
1,668,100,167,0.72130578003528922,4.2493552628844599e-30,0.042493552628844598,0.5351301974355358,6.0060776504791385e-30,0.12188931678407844,4.9274848763970355e-29,0.49274848763970358
1,669,100,167.25,0.7212068017954617,4.2522924172205956e-30,0.042522924172205954,0.53550007942528688,5.8965811002181437e-30,0.11966715775147561,4.9274848763970355e-29,0.49274848763970358
1,670,100,167.5,0.72110974032798691,4.2551756000952424e-30,0.042551756000952429,0.53586316467599038,5.7867418141808783e-30,0.11743804312621511,4.9274848763970355e-29,0.49274848763970358
1,671,100,167.75,0.72101459594332429,4.2580046316380679e-30,0.042580046316380682,0.53621943053619892,5.6765658246045321e-30,0.11520209532850403,4.9274848763970355e-29,0.49274848763970358
1,672,100,168,0.72092136894495429,4.2607793355229484e-30,0.042607793355229483,0.53656885480079508,5.5660592039447393e-30,0.1129594375947558,4.9274848763970355e-29,0.49274848763970358
1,673,100,168.25,0.72083005962942848,4.2634995389691528e-30,0.042634995389691531,0.53691141571113998,5.4552280641368995e-30,0.11071019396259921,4.9274848763970355e-29,0.49274848763970358
1,674,100,168.5,0.72074066828641814,4.2661650727424771e-30,0.042661650727424776,0.53724709195521603,5.3440785558533599e-30,0.10845448925580339,4.9274848763970355e-29,0.49274848763970358
1,675,100,168.75,0.72065319519876236,4.2687757711563597e-30,0.042687757711563599,0.53757586266776813,5.2326168677568935e-30,0.10619244906912773,4.9274848763970355e-29,0.49274848763970358
1,676,100,169,0.72056764064251522,4.2713314720729444e-30,0.042713314720729444,0.53789770743043686,5.1208492257502504e-30,0.10392419975309193,4.9274848763970355e-29,0.49274848763970358
1,677,100,169.25,0.72048400488699171,4.2738320169041353e-30,0.042738320169041354,0.5382126062718916,5.0087818922220103e-30,0.10164986839867114,4.9274848763970355e-29,0.49274848763970358
1,678,100,169.5,0.72040228819481189,4.2762772506125754e-30,0.042762772506125757,0.53852053966795344,4.8964211652888531e-30,0.099369582821918351,4.9274848763970355e-29,0.49274848763970358
1,679,100,169.75,0.72032249082194599,4.2786670217126445e-30,0.042786670217126448,0.53882148854172163,4.7837733780341646e-30,0.097083471548512351,4.9274848763970355e-29,0.49274848763970358
1,680,100,170,0.72024461301775611,4.2810011822713838e-30,0.042810011822713837,0.53911543426368902,4.6708448977432698e-30,0.094791663798237363,4.9274848763970355e-29,0.49274848763970358
1,681,100,170.25,0.72016865502503868,4.2832795879094064e-30,0.042832795879094068,0.53940235865185737,4.5576421251351735e-30,0.092494289469391727,4.9274848763970355e-29,0.49274848763970358
1,682,100,170.5,0.72009461708006528,4.2855020978017826e-30,0.042855020978017827,0.53968224397184883,4.4441714935909795e-30,0.090191479123129165,4.9274848763970355e-29,0.49274848763970358
1,683,100,170.75,0.72002249941262231,4.2876685746788806e-30,0.042876685746788809,0.53995507293701139,4.330439468379161e-30,0.087883363967736161,4.9274848763970355e-29,0.49274848763970358
1,684,100,171,0.71995230224604956,4.2897788848271854e-30,0.042897788848271855,0.5402208287085225,4.2164525458775544e-30,0.085570075842842847,4.9274848763970355e-29,0.49274848763970358
1,685,100,171.25,0.71988402579727839,4.2918328980900907e-30,0.042918328980900908,0.54047949489548841,4.1022172527922891e-30,0.08325174720357173,4.9274848763970355e-29,0.49274848763970358
1,686,100,171.5,0.7198176702768686,4.2938304878686656e-30,0.042938304878686655,0.54073105555504086,3.987740145373821e-30,0.080928511104627607,4.9274848763970355e-29,0.49274848763970358
1,687,100,171.75,0.71975323588904339,4.2957715311223734e-30,0.042957715311223735,0.54097549519242771,3.8730278086298533e-30,0.078600501184324309,4.9274848763970355e-29,0.49274848763970358
1,688,100,172,0.71969072283172519,4.2976559083697985e-30,0.042976559083697984,0.5412127987611044,3.7580868555356182e-30,0.076267851648557913,4.9274848763970355e-29,0.49274848763970358
1,689,100,172.25,0.71963013129656828,4.29948350368931e-30,0.042994835036893102,0.54144295166281742,3.6429239262412504e-30,0.073930697254720901,4.9274848763970355e-29,0.49274848763970358
1,690,100,172.5,0.71957146146899242,4.3012542047197223e-30,0.043012542047197226,0.54166593974768773,3.5275456872764957e-30,0.071589173295562261,4.9274848763970355e-29,0.49274848763970358
1,691,100,172.75,0.71951471352821395,4.3029679026609267e-30,0.043029679026609272,0.54188174931428978,3.411958830752937e-30,0.069243415582997236,4.9274848763970355e-29,0.49274848763970358
1,692,100,173,0.71945988764727697,4.3046244922744943e-30,0.043046244922744947,0.54209036710972835,3.2961700735635123e-30,0.066893560431862023,4.9274848763970355e-29,0.49274848763970358
1,693,100,173.25,0.71940698399308256,4.3062238718842508e-30,0.043062238718842509,0.54229178032971004,3.1801861565797741e-30,0.064539744643622693,4.9274848763970355e-29,0.49274848763970358
1,694,100,173.5,0.71935600272641775,4.3077659433768403e-30,0.043077659433768407,0.54248597661861453,3.0640138438466781e-30,0.062182105490034043,4.9274848763970355e-29,0.49274848763970358
1,695,100,173.75,0.71930694400198303,4.3092506122022462e-30,0.043092506122022464,0.54267294406956057,2.947659921775081e-30,0.059820780696751778,4.9274848763970355e-29,0.49274848763970358
1,696,100,174,0.71925980796841904,4.3106777873743119e-30,0.043106777873743118,0.54285267122447123,2.8311311983321743e-30,0.057455908426902978,4.9274848763970355e-29,0.49274848763970358
1,697,100,174.25,0.71921459476833227,4.3120473814712195e-30,0.043120473814712193,0.54302514707413396,2.7144345022296124e-30,0.055087627264609688,4.9274848763970355e-29,0.49274848763970358
1,698,100,174.5,0.71917130453831934,4.3133593106359505e-30,0.043133593106359509,0.54319036105825902,2.5975766821097838e-30,0.052716076198474814,4.9274848763970355e-29,0.49274848763970358
1,699,100,174.75,0.71912993740899156,4.314613494576743e-30,0.043146134945767432,0.54334830306553683,2.4805646057300252e-30,0.050341394605026325,4.9274848763970355e-29,0.49274848763970358
1,700,100,175,0.71909049350499643,4.3158098565674965e-30,0.043158098565674964,0.5434989634336892,2.3634051591449372e-30,0.04796372223212287,4.9274848763970355e-29,0.49274848763970358
1,701,100,175.25,0.71905297294503978,4.3169483234481725e-30,0.043169483234481727,0.54364233294951936,2.2461052458870326e-30,0.045583199182325632,4.9274848763970355e-29,0.49274848763970358
1,702,100,175.5,0.71901737584190639,4.318028825625183e-30,0.043180288256251829,0.54377840284896117,2.1286717861455653e-30,0.043199965896233143,4.9274848763970355e-29,0.49274848763970358
1,703,100,175.75,0.71898370230247977,4.3190512970717441e-30,0.043190512970717444,0.54390716481712353,2.0111117159437244e-30,0.040814163135783059,4.9274848763970355e-29,0.49274848763970358
1,704,100,176,0.71895195242776011,4.3200156753282024e-30,0.043200156753282024,0.54402861098833188,1.8934319863143986e-30,0.038425931967524807,4.9274848763970355e-29,0.49274848763970358
1,705,100,176.25,0.71892212631288233,4.3209219015023711e-30,0.043209219015023712,0.54414273394616963,1.7756395624743009e-30,0.036035413745859002,4.9274848763970355e-29,0.49274848763970358
1,706,100,176.5,0.71889422404713277,4.3217699202698159e-30,0.043217699202698162,0.54424952672351534,1.6577414229968834e-30,0.033642750096252345,4.9274848763970355e-29,0.49274848763970358
1,707,100,176.75,0.71886824571396435,4.3225596798741387e-30,0.043225596798741391,0.54434898280257726,1.5397445589838255e-30,0.031248082898423481,4.9274848763970355e-29,0.49274848763970358
1,708,100,177,0.71884419139101141,4.323291132127232e-30,0.04323291132127232,0.54444109611492641,1.4216559732353035e-30,0.028851554269504216,4.9274848763970355e-29,0.49274848763970358
1,709,100,177.25,0.71882206115010339,4.3239642324095289e-30,0.043239642324095287,0.54452586104152734,1.3034826794192359e-30,0.026453306547179888,4.9274848763970355e-29,0.49274848763970358
1,710,100,177.5,0.71880185505727689,4.324578939670213e-30,0.043245789396702129,0.54460327241276474,1.185231701239289e-30,0.024053482272804606,4.9274848763970355e-29,0.49274848763970358
1,711,100,177.75,0.71878357317278785,4.325135216427435e-30,0.043251352164274351,0.54467332550847103,1.066910071602086e-30,0.021652224174500318,4.9274848763970355e-29,0.49274848763970358
1,712,100,178,0.71876721555112144,4.3256330287684877e-30,0.043256330287684878,0.54473601605794808,9.4852483178339519e-31,0.019249675150235148,4.9274848763970355e-29,0.49274848763970358
1,713,100,178.25,0.71875278224100225,4.3260723463499771e-30,0.043260723463499774,0.54479134023998876,8.3008303059350485e-31,0.016845978250885255,4.9274848763970355e-29,0.49274848763970358
1,714,100,178.5,0.71874027328540202,4.3264531423979697e-30,0.0432645314239797,0.54483929468289571,7.1159172354198396e-31,0.014441276663284212,4.9274848763970355e-29,0.49274848763970358
1,715,100,178.75,0.71872968872154841,4.3267753937081309e-30,0.043267753937081307,0.54487987646449831,5.9305797200161087e-31,0.012035713693255481,4.9274848763970355e-29,0.49274848763970358
1,716,100,179,0.71872102858093001,4.3270390806458246e-30,0.043270390806458246,0.54491308311216591,4.7448884237190733e-31,0.0096294327486369149,4.9274848763970355e-29,0.49274848763970358
1,717,100,179.25,0.71871429288930322,4.3272441871462268e-30,0.043272441871462272,0.54493891260282168,3.5589140524206844e-31,0.0072225773222929779,4.9274848763970355e-29,0.49274848763970358
1,718,100,179.5,0.71870948166669568,4.3273907007143843e-30,0.043273907007143841,0.54495736336294986,2.372727345534796e-31,0.0048152909751185847,4.9274848763970355e-29,0.49274848763970358
1,719,100,179.75,0.71870659492741062,4.3274786124252935e-30,0.043274786124252937,0.54496843426860631,1.1863990676201864e-31,0.0024077173190385891,4.9274848763970355e-29,0.49274848763970358
1,720,100,180,0.71870563268002885,4.3275079169239329e-30,0.043275079169239332,0.54497212464542166,0,0,4.9274848763970355e-29,0.49274848763970358
2,0,200,0,1,7.9407876498996423e-30,0.07940787649899643,1,0,0,4.0648246950972869e-29,0.40648246950972872
2,1,200,0.25,0.9999962742609213,7.9406528898070719e-30,0.079406528898070719,0.99998302937963945,2.1769681674944624e-31,0.0053556262097112636,4.0648246950972869e-29,0.40648246950972872
2,2,200,0.5,0.99998509728118723,7.9402486278004708e-30,0.079402486278004711,0.99993211981947683,4.3536732300175871e-31,0.010710605146806674,4.0648246950972869e-29,0.40648246950972872
2,3,200,0.75,0.99996646977326997,7.9395749186887574e-30,0.079395749186887576,0.99984727822171393,6.5298521475402411e-31,0.016064289698436693,4.0648246950972869e-29,0.40648246950972872
2,4,200,1,0.99994039292450365,7.9386318538052738e-30,0.079386318538052739,0.9997285160881495,8.7052420098933384e-31,0.021416033071224461,4.0648246950972869e-29,0.40648246950972872
2,5,200,1.25,0.99990686839690401,7.9374195609854987e-30,0.079374195609854994,0.99957584951737299,1.0879580101636994e-30,0.026765188950852416,4.0648246950972869e-29,0.40648246950972872
2,6,200,1.5,0.9998658983269203,7.9359382045359384e-30,0.079359382045359389,0.99938929920084629,1.3052603966856725e-30,0.032111111661469391,4.0648246950972869e-29,0.40648246950972872
2,7,200,1.75,0.99981748532511117,7.9341879851940371e-30,0.07934187985194037,0.99916889041785562,1.5224051473862321e-30,0.037453156324858308,4.0648246950972869e-29,0.40648246950972872
2,8,200,2,0.99976163247575189,7.9321691400792924e-30,0.079321691400792926,0.99891465302935545,1.7393660879765296e-30,0.04279067901930516,4.0648246950972869e-29,0.40648246950972872
2,9,200,2.25,0.99969834333636942,7.9298819426354788e-30,0.079298819426354791,0.99862662147069237,1.9561170894910624e-30,0.048123036938109459,4.0648246950972869e-29,0.40648246950972872
2,10,200,2.5,0.99962762193720722,7.927326702564112e-30,0.079273267025641123,0.99830483474322596,2.1726320747138906e-30,0.053449588547677604,4.0648246950972869e-29,0.40648246950972872
2,11,200,2.75,0.99954947278061668,7.9245037657490066e-30,0.079245037657490067,0.99794933640482864,2.38888502458546e-30,0.058769693745139108,4.0648246950972869e-29,0.40648246950972872
2,12,200,3,0.99946390084038117,7.9214135141721861e-30,0.079214135141721861,0.99756017455929558,2.6048499845876979e-30,0.064082714015428255,4.0648246950972869e-29,0.40648246950972872
2,13,200,3.25,0.99937091156096625,7.9180563658209733e-30,0.079180563658209732,0.99713740184464494,2.8205010711049452e-30,0.069388012587771386,4.0648246950972869e-29,0.40648246950972872
2,14,200,3.5,0.99927051085670193,7.9144327745864212e-30,0.079144327745864218,0.99668107542032636,3.0358124777584136e-30,0.074684954591522801,4.0648246950972869e-29,0.40648246950972872
2,15,200,3.75,0.99916270511089267,7.9105432301530699e-30,0.079105432301530706,0.99619125695333832,3.2507584817117805e-30,0.079972907211290634,4.0648246950972869e-29,0.40648246950972872
2,16,200,4,0.9990475011748593,7.9063882578800997e-30,0.079063882578800995,0.99566801260326143,3.4653134499456144e-30,0.085251239841295942,4.0648246950972869e-29,0.40648246950972872
2,17,200,4.25,0.99892490636690978,7.9019684186739069e-30,0.079019684186739075,0.99511141300621153,3.6794518454982904e-30,0.09051932423890735,4.0648246950972869e-29,0.40648246950972872
2,18,200,4.5,0.99879492847124118,7.8972843088521625e-30,0.078972843088521621,0.99452153325772041,3.8931482336711178e-30,0.095776534677295341,4.0648246950972869e-29,0.40648246950972872
2,19,200,4.75,0.9986575757367735,7.8923365599994181e-30,0.078923365599994189,0.99389845289455181,4.1063772881953894e-30,0.10102224809714969,4.0648246950972869e-29,0.40648246950972872
2,20,200,5,0.99851285687591218,7.8871258388142761e-30,0.078871258388142768,0.99324225587545534,4.3191137973590823e-30,0.10625584425740429,4.0648246950972869e-29,0.40648246950972872
2,21,200,5.25,0.99836078106324566,7.8816528469482432e-30,0.078816528469482436,0.99255303056087307,4.5313326700909914e-30,0.1114767058849149,4.0648246950972869e-29,0.40648246950972872
2,22,200,5.5,0.99820135793417164,7.8759183208362698e-30,0.078759183208362699,0.99183086969159884,4.7430089420000652e-30,0.11668421882303455,4.0648246950972869e-29,0.40648246950972872
2,23,200,5.75,0.99803459758345814,7.8699230315191009e-30,0.078699230315191007,0.99107587036640665,4.9541177813677674e-30,0.12187777217903357,4.0648246950972869e-29,0.40648246950972872
2,24,200,6,0.99786051056373537,7.8636677844574311e-30,0.078636677844574315,0.99028813401864668,5.1646344950912566e-30,0.12705675847030956,4.0648246950972869e-29,0.40648246950972872
2,25,200,6.25,0.99767910788392333,7.857153419338045e-30,0.078571534193380449,0.98946776639183209,5.3745345345753148e-30,0.13222057376933649,4.0648246950972869e-29,0.40648246950972872
2,26,200,6.5,0.99749040100758912,7.8503808098718762e-30,0.078503808098718764,0.98861487751420873,5.583793501570819e-30,0.13736861784729876,4.0648246950972869e-29,0.40648246950972872
2,27,200,6.75,0.99729440185124263,7.8433508635842229e-30,0.078433508635842225,0.9877295816723356,5.7923871539577596e-30,0.14250029431636105,4.0648246950972869e-29,0.40648246950972872
2,28,200,7,0.99709112278256373,7.8360645215970563e-30,0.078360645215970567,0.98681199738367142,6.0002914114706797e-30,0.14761501077052155,4.0648246950972869e-29,0.40648246950972872
2,29,200,7.25,0.99688057661856611,7.8285227584036163e-30,0.078285227584036166,0.98586224736818839,6.2074823613645483e-30,0.15271217892499986,4.0648246950972869e-29,0.40648246950972872
2,30,200,7.5,0.99666277662369507,7.8207265816352827e-30,0.078207265816352831,0.98488045851901396,6.4139362640190378e-30,0.15779121475410954,4.0648246950972869e-29,0.40648246950972872
2,31,200,7.75,0.99643773650786382,7.8126770318209416e-30,0.078126770318209415,0.9838667618721274,6.6196295584793106e-30,0.16285153862756871,4.0648246950972869e-29,0.40648246950972872
2,32,200,8,0.99620547042442353,7.804375182138768e-30,0.078043751821387689,0.98282129257510142,6.8245388679312626e-30,0.16789257544519826,4.0648246950972869e-29,0.40648246950972872
2,33,200,8.25,0.99596599296807298,7.7958221381607015e-30,0.077958221381607018,0.98174418985492296,7.0286410051094771e-30,0.17291375476996443,4.0648246950972869e-29,0.40648246950972872
2,34,200,8.5,0.99571931917270418,7.7870190375895587e-30,0.077870190375895584,0.98063559698488767,7.2319129776358928e-30,0.17791451095931715,4.0648246950972869e-29,0.40648246950972872
2,35,200,8.75,0.99546546450918849,7.7779670499890129e-30,0.077779670499890124,0.97949566125059562,7.434331993287479e-30,0.18289428329478172,4.0648246950972869e-29,0.40648246950972872
2,36,200,9,0.99520444488309856,7.7686673765064113e-30,0.077686673765064121,0.97832453391504481,7.635875465191005e-30,0.18785251610975684,4.0648246950972869e-29,0.40648246950972872
2,37,200,9.25,0.99493627663237239,7.7591212495886479e-30,0.077591212495886477,0.97712237018285075,7.8365210169432473e-30,0.1927886589154785,4.0648246950972869e-29,0.40648246950972872
2,38,200,9.5,0.99466097652491736,7.7493299326911758e-30,0.077493299326911763,0.97588932916360183,8.0362464876549335e-30,0.19770216652510755,4.0648246950972869e-29,0.40648246950972872
2,39,200,9.75,0.99437856175615369,7.7392947199801858e-30,0.077392947199801859,0.97462557383435344,8.2350299369166268e-30,0.20259249917589695,4.0648246950972869e-29,0.40648246950972872
2,40,200,10,0.99408904994650105,7.7290169360282042e-30,0.077290169360282046,0.97333127100129491,8.4328496496850853e-30,0.20745912264940258,4.0648246950972869e-29,0.40648246950972872
2,41,200,10.25,0.99379245913880565,7.7184979355030718e-30,0.077184979355030714,0.97200659126058109,8.6296841410883271e-30,0.21230150838969417,4.0648246950972869e-29,0.40648246950972872
2,42,200,10.5,0.99348880779571269,7.7077391028505775e-30,0.077077391028505776,0.97065170895836639,8.82551216114805e-30,0.21711913361953292,4.0648246950972869e-29,0.40648246950972872
2,43,200,10.75,0.99317811479697959,7.6967418519707195e-30,0.076967418519707204,0.96926680215003524,9.0203126994176783e-30,0.22191148145447359,4.0648246950972869e-29,0.40648246950972872
2,44,200,11,0.9928603994367361,7.6855076258878224e-30,0.076855076258878233,0.96785205255865947,9.2140649895347554e-30,0.22667804101485925,4.0648246950972869e-29,0.40648246950972872
2,45,200,11.25,0.99253568142068793,7.6740378964145749e-30,0.076740378964145747,0.96640764553268987,9.4067485136861535e-30,0.23141830753567133,4.0648246950972869e-29,0.40648246950972872
2,46,200,11.5,0.99220398086326633,7.6623341638101297e-30,0.076623341638101305,0.96493377000289993,9.5983430069847364e-30,0.23613178247420116,4.0648246950972869e-29,0.40648246950972872
2,47,200,11.75,0.99186531828472502,7.6503979564324102e-30,0.076503979564324101,0.96343061843860012,9.7888284617561868e-30,0.24081797361551166,4.0648246950972869e-29,0.40648246950972872
2,48,200,12,0.99151971460818467,7.6382308303847273e-30,0.076382308303847277,0.96189838680313544,9.9781851317346643e-30,0.24547639517565586,4.0648246950972869e-29,0.40648246950972872
2,49,200,12.25,0.99116719115662366,7.6258343691568281e-30,0.076258343691568281,0.96033727450868245,1.0166393536166034e-29,0.25010656790262176,4.0648246950972869e-29,0.40648246950972872
2,50,200,12.5,0.99080776964982009,7.6132101832605458e-30,0.076132101832605464,0.95874748437036517,1.0353434463817524e-29,0.25470801917497521,4.0648246950972869e-29,0.40648246950972872
2,51,200,12.75,0.99044147220124257,7.6003599098601736e-30,0.076003599098601743,0.95712922255970778,1.0539288976892638e-29,0.25928028309817164,4.0648246950972869e-29,0.40648246950972872
2,52,200,13,0.9900683213148912,7.5872852123976453e-30,0.075872852123976459,0.95548269855743284,1.072393841485015e-29,0.26382290059850871,4.0648246950972869e-29,0.40648246950972872
2,53,200,13.25,0.98968833988209048,7.5739877802127498e-30,0.0757398778021275,0.95380812510563384,1.0907364398126259e-29,0.26833541951469581,4.0648246950972869e-29,0.40648246950972872
2,54,200,13.5,0.98930155117823493,7.5604693281584343e-30,0.07560469328158434,0.95210571815932965,1.1089548831758751e-29,0.27281739468701333,4.0648246950972869e-29,0.40648246950972872
2,55,200,13.75,0.98890797885948722,7.5467315962114012e-30,0.07546731596211402,0.95037569683742629,1.1270473908912319e-29,0.27726838804404019,4.0648246950972869e-29,0.40648246950972872
2,56,200,14,0.9885076469594295,7.5327763490780506e-30,0.075327763490780505,0.94861828337309229,1.1450122114304006e-29,0.28168796868692419,4.0648246950972869e-29,0.40648246950972872
2,57,200,14.25,0.98810057988567168,7.5186053757960438e-30,0.075186053757960447,0.94683370306358283,1.1628476227528058e-29,0.28607571297117756,4.0648246950972869e-29,0.40648246950972872
2,58,200,14.5,0.9876868024164136,7.5042204893314814e-30,0.075042204893314812,0.94502218421951145,1.1805519326279214e-29,0.29043120458597443,4.0648246950972869e-29,0.40648246950972872
2,59,200,14.75,0.98726633969696465,7.4896235261719549e-30,0.074896235261719554,0.94318395811360234,1.1981234789473762e-29,0.29475403463093269,4.0648246950972869e-29,0.40648246950972872
2,60,200,15,0.9868392172362207,7.474816345915548e-30,0.074748163459155484,0.9413192589289322,1.2155606300267607e-29,0.29904380169036238,4.0648246950972869e-29,0.40648246950972872
2,61,200,15.25,0.98640546090309944,7.4598008308559632e-30,0.07459800830855963,0.9394283237066845,1.2328617848970678e-29,0.30330011190496386,4.0648246950972869e-29,0.40648246950972872
2,62,200,15.5,0.9859650969229351,7.4445788855639123e-30,0.074445788855639128,0.93751139229343305,1.2500253735857037e-29,0.30752257904096053,4.0648246950972869e-29,0.40648246950972872
2,63,200,15.75,0.98551815187383363,7.4291524364649121e-30,0.074291524364649128,0.93556870728797337,1.2670498573870173e-29,0.31171082455665211,4.0648246950972869e-29,0.40648246950972872
2,64,200,16,0.98506465268298882,7.4135234314136427e-30,0.074135234314136433,0.9336005139877197,1.2839337291222855e-29,0.31586447766637471,4.0648246950972869e-29,0.40648246950972872
2,65,200,16.25,0.98460462662296011,7.3976938392649991e-30,0.073976938392649988,0.93160706033468776,1.3006755133891185e-29,0.31998317540185783,4.0648246950972869e-29,0.40648246950972872
2,66,200,16.5,0.98413810130791435,7.3816656494420004e-30,0.073816656494420013,0.92958859686107986,1.3172737668002316e-29,0.32406656267096512,4.0648246950972869e-29,0.40648246950972872
2,67,200,16.75,0.98366510468983126,7.3654408715007039e-30,0.073654408715007044,0.92754537663449421,1.3337270782115542e-29,0.32811429231381228,4.0648246950972869e-29,0.40648246950972872
2,68,200,17,0.98318566505467275,7.3490215346922541e-30,0.073490215346922544,0.92547765520277236,1.3500340689396364e-29,0.33212602515625211,4.0648246950972869e-29,0.40648246950972872
2,69,200,17.25,0.98269981101852055,7.3324096875222503e-30,0.073324096875222511,0.92338569053850961,1.3661933929683316e-29,0.3361014300607208,4.0648246950972869e-29,0.40648246950972872
2,70,200,17.5,0.98220757152367733,7.3156073973075184e-30,0.073156073973075192,0.9212697429832386,1.3822037371447212e-29,0.34004018397443825,4.0648246950972869e-29,0.40648246950972872
2,71,200,17.75,0.98170897583473926,7.2986167497305446e-30,0.072986167497305451,0.91913007519131762,1.3980638213642823e-29,0.34394197197496146,4.0648246950972869e-29,0.40648246950972872
2,72,200,18,0.98120405353463414,7.281439848391571e-30,0.072814398483915715,0.91696695207352585,1.4137723987452559e-29,0.34780648731308172,4.0648246950972869e-29,0.40648246950972872
2,73,200,18.25,0.98069283452063194,7.2640788143586641e-30,0.07264078814358664,0.91478064074040177,1.429328255792241e-29,0.35163343145307074,4.0648246950972869e-29,0.40648246950972872
2,74,200,18.5,0.98017534900032344,7.246535785715768e-30,0.072465357857157686,0.9125714104453293,1.4447302125489789e-29,0.35542251411026743,4.0648246950972869e-29,0.40648246950972872
2,75,200,18.75,0.9796516274875734,7.2288129171089695e-30,0.072288129171089691,0.91033953252739719,1.4599771227403499e-29,0.35917345328601114,4.0648246950972869e-29,0.40648246950972872
2,76,200,19,0.97912170079844363,7.2109123792911057e-30,0.072109123792911053,0.90808528035405145,1.4750678739035778e-29,0.36288597529991973,4.0648246950972869e-29,0.40648246950972872
2,77,200,19.25,0.97858560004709183,7.1928363586648519e-30,0.071928363586648517,0.9058089292635545,1.4900013875086562e-29,0.36655981481951577,4.0648246950972869e-29,0.40648246950972872
2,78,200,19.5,0.97804335664164366,7.174587056824439e-30,0.071745870568244385,0.9035107565072733,1.5047766190680052e-29,0.37019471488720379,4.0648246950972869e-29,0.40648246950972872
2,79,200,19.75,0.97749500228004171,7.1561666900961767e-30,0.071561666900961773,0.90119104119181659,1.5193925582353924e-29,0.3737904269446059,4.0648246950972869e-29,0.40648246950972872
2,80,200,20,0.976940568945869,7.137577489077857e-30,0.071375774890778579,0.8988500642210302,1.5338482288941162e-29,0.37734671085425625,4.0648246950972869e-29,0.40648246950972872
2,81,200,20.25,0.97638008890415295,7.1188216981772996e-30,0.071188216981772995,0.89648810823788605,1.5481426892345132e-29,0.38086333491866864,4.0648246950972869e-29,0.40648246950972872
2,82,200,20.5,0.97581359469714501,7.0999015751500534e-30,0.070999015751500541,0.89410545756626347,1.5622750318207899e-29,0.38434007589677827,4.0648246950972869e-29,0.40648246950972872
2,83,200,20.75,0.97524111914008227,7.0808193906365074e-30,0.070808193906365072,0.89170239815265639,1.5762443836472403e-29,0.38777671901777172,4.0648246950972869e-29,0.40648246950972872
2,84,200,21,0.97466269531692684,7.0615774276984668e-30,0.070615774276984664,0.88927921750781391,1.5900499061838711e-29,0.39117305799231156,4.0648246950972869e-29,0.40648246950972872
2,85,200,21.25,0.97407835657609032,7.0421779813554471e-30,0.070421779813554478,0.88683620464834467,1.6036907954115061e-29,0.39452889502117228,4.0648246950972869e-29,0.40648246950972872
2,86,200,21.5,0.97348813652613697,7.022623358120684e-30,0.070226233581206846,0.88437365003828527,1.6171662818463857e-29,0.39784404080129232,4.0648246950972869e-29,0.40648246950972872
2,87,200,21.75,0.97289206903147285,7.0029158755371274e-30,0.070029158755371274,0.88189184553066746,1.6304756305543447e-29,0.40111831452926194,4.0648246950972869e-29,0.40648246950972872
2,88,200,22,0.97229018820801927,6.9830578617135079e-30,0.069830578617135083,0.87939108430909385,1.6436181411546177e-29,0.40435154390225914,4.0648246950972869e-29,0.40648246950972872
2,89,200,22.25,0.97168252841886971,6.9630516548605979e-30,0.069630516548605983,0.87687166082933832,1.6565931478133252e-29,0.40754356511644757,4.0648246950972869e-29,0.40648246950972872
2,90,200,22.5,0.9710691242699353,6.9428996028278373e-30,0.069428996028278372,0.87433387076099223,1.6694000192267197e-29,0.41069422286285451,4.0648246950972869e-29,0.40648246950972872
2,91,200,22.75,0.97045001060557678,6.9226040626404455e-30,0.069226040626404459,0.87177801092917218,1.6820381585942531e-29,0.41380337032074527,4.0648246950972869e-29,0.40648246950972872
2,92,200,23,0.96982522250422409,6.9021674000371596e-30,0.069021674000371597,0.869204379256306,1.6945070035815493e-29,0.41687086914851401,4.0648246950972869e-29,0.40648246950972872
2,93,200,23.25,0.96919479527398678,6.8815919890087222e-30,0.068815919890087229,0.86661327470401417,1.7068060262733453e-29,0.41989658947210634,4.0648246950972869e-29,0.40648246950972872
2,94,200,23.5,0.96855876444825306,6.8608802113372777e-30,0.06860880211337278,0.8640049972151046,1.7189347331164981e-29,0.42288040987099873,4.0648246950972869e-29,0.40648246950972872
2,95,200,23.75,0.96791716578128129,6.8400344561367783e-30,0.068400344561367787,0.86137984765569497,1.7308926648531336e-29,0.42582221736175185,4.0648246950972869e-29,0.40648246950972872
2,96,200,24,0.96727003524378219,6.8190571193945341e-30,0.068190571193945337,0.85873812775747949,1.7426793964440223e-29,0.42872190737916027,4.0648246950972869e-29,0.40648246950972872
2,97,200,24.25,0.96661740901849635,6.7979506035140743e-30,0.067979506035140747,0.85608014006015998,1.754294536982292e-29,0.43157938375502436,4.0648246950972869e-29,0.40648246950972872
2,98,200,24.5,0.96595932349576308,6.7767173168593833e-30,0.067767173168593833,0.85340618785405109,1.7657377295975496e-29,0.4343945586945635,4.0648246950972869e-29,0.40648246950972872
2,99,200,24.75,0.96529581526908603,6.7553596733006895e-30,0.067553596733006899,0.85071657512288035,1.7770086513505298e-29,0.43716735275049767,4.0648246950972869e-29,0.40648246950972872
2,100,200,25,0.96462692113069493,6.733880091761916e-30,0.067338800917619165,0.84801160648679741,1.7881070131183645e-29,0.43989769479482266,4.0648246950972869e-29,0.40648246950972872
2,101,200,25.25,0.96395267806710194,6.7122809957698841e-30,0.067122809957698842,0.84529158714560459,1.7990325594705774e-29,0.44258552198830303,4.0648246950972869e-29,0.40648246950972872
2,102,200,25.5,0.96327312325465853,6.6905648130054553e-30,0.066905648130054549,0.84255682282223132,1.8097850685359213e-29,0.44523077974771214,4.0648246950972869e-29,0.40648246950972872
2,103,200,25.75,0.96258829405510893,6.6687339748566539e-30,0.06668733974856654,0.83980761970645756,1.8203643518601559e-29,0.44783342171084395,4.0648246950972869e-29,0.40648246950972872
2,104,200,26,0.96189822801114411,6.6467909159739431e-30,0.066467909159739436,0.83704428439890932,1.8307702542548913e-29,0.45039340969932629,4.0648246950972869e-29,0.40648246950972872
2,105,200,26.25,0.96120296284195561,6.6247380738277576e-30,0.066247380738277573,0.8342671238553373,1.8410026536376146e-29,0.45291071367926539,4.0648246950972869e-29,0.40648246950972872
2,106,200,26.5,0.96050253643879169,6.6025778882683952e-30,0.066025778882683947,0.83147644533119336,1.8510614608630144e-29,0.45538531171974966,4.0648246950972869e-29,0.40648246950972872
2,107,200,26.75,0.95979698686051451,6.5803128010883602e-30,0.065803128010883602,0.82867255632651549,1.8609466195457243e-29,0.45781718994924203,4.0648246950972869e-29,0.40648246950972872
2,108,200,27,0.95908635232916073,6.5579452555873236e-30,0.065579452555873233,0.82585576453114251,1.8706581058746201e-29,0.46020634250989467,4.0648246950972869e-29,0.40648246950972872
2,109,200,27.25,0.95837067122550679,6.5354776961397636e-30,0.065354776961397631,0.82302637777026577,1.8801959284187924e-29,0.46255277150981589,4.0648246950972869e-29,0.40648246950972872
2,110,200,27.5,0.95764998208463814,6.5129125677653904e-30,0.065129125677653901,0.82018470395033194,1.8895601279253232e-29,0.46485648697332044,4.0648246950972869e-29,0.40648246950972872
2,111,200,27.75,0.95692432359152468,6.4902523157024886e-30,0.064902523157024883,0.81733105100531356,1.8987507771090052e-29,0.46711750678919767,4.0648246950972869e-29,0.40648246950972872
2,112,200,28,0.95619373457660217,6.4674993849842406e-30,0.064674993849842405,0.81446572684335394,1.9077679804341291e-29,0.46933585665702832,4.0648246950972869e-29,0.40648246950972872
2,113,200,28.25,0.95545825401136153,6.444656220018177e-30,0.064446562200181773,0.81158903929380688,1.9166118738884895e-29,0.47151157003158722,4.0648246950972869e-29,0.40648246950972872
2,114,200,28.5,0.9547179210039457,6.4217252641687982e-30,0.064217252641687983,0.80870129605467511,1.9252826247497352e-29,0.47364468806536214,4.0648246950972869e-29,0.40648246950972872
2,115,200,28.75,0.95397277479475695,6.3987089593435168e-30,0.063987089593435173,0.80580280464046727,1.9337804313442153e-29,0.47573525954922702,4.0648246950972869e-29,0.40648246950972872
2,116,200,29,0.95322285475207147,6.375609745581943e-30,0.063756097455819435,0.80289387233047582,1.9421055227984485e-29,0.47778334085129998,4.0648246950972869e-29,0.40648246950972872
2,117,200,29.25,0.95246820036766677,6.3524300606487057e-30,0.063524300606487061,0.79997480611750016,1.9502581587833882e-29,0.47978899585402934,4.0648246950972869e-29,0.40648246950972872
2,118,200,29.5,0.95170885125245963,6.3291723396297762e-30,0.063291723396297767,0.7970459126570103,1.9582386292515935e-29,0.48175229588953411,4.0648246950972869e-29,0.40648246950972872
2,119,200,29.75,0.95094484713215588,6.3058390145324955e-30,0.063058390145324952,0.79410749821677828,1.9660472541674872e-29,0.48367331967324417,4.0648246950972869e-29,0.40648246950972872
2,120,200,30,0.95017622784291389,6.2824325138893016e-30,0.062824325138893022,0.79115986862697441,1.9736843832308283e-29,0.48555215323587048,4.0648246950972869e-29,0.40648246950972872
2,121,200,30.25,0.94940303332702147,6.2589552623653048e-30,0.062589552623653052,0.78820332923074787,1.9811503955935632e-29,0.48738888985374723,4.0648246950972869e-29,0.40648246950972872
2,122,200,30.5,0.94862530362858599,6.2354096803697174e-30,0.062354096803697176,0.78523818483529428,1.9884456995701886e-29,0.48918362997757703,4.0648246950972869e-29,0.40648246950972872
2,123,200,30.75,0.94784307888924169,6.2117981836713047e-30,0.062117981836713049,0.78226473966342758,1.995570732341811e-29,0.49093648115962585,4.0648246950972869e-29,0.40648246950972872
2,124,200,31,0.94705639934387198,6.1881231830178803e-30,0.061881231830178803,0.77928329730566304,2.0025259596540322e-29,0.49264755797939869,4.0648246950972869e-29,0.40648246950972872
2,125,200,31.25,0.94626530531634712,6.164387083759865e-30,0.061643870837598654,0.77629416067281087,2.0093118755088095e-29,0.49431698196783341,4.0648246950972869e-29,0.40648246950972872
2,126,200,31.5,0.94546983721528188,6.1405922854781426e-30,0.061405922854781428,0.77329763194911139,2.0159290018504876e-29,0.49594488153006033,4.0648246950972869e-29,0.40648246950972872
2,127,200,31.75,0.94467003552980877,6.1167411816160808e-30,0.06116741181616081,0.77029401254589469,2.0223778882461099e-29,0.49753139186675471,4.0648246950972869e-29,0.40648246950972872
2,128,200,32,0.9438659408253709,6.0928361591159435e-30,0.060928361591159434,0.76728360305579335,2.0286591115602006e-29,0.49907665489412872,4.0648246950972869e-29,0.40648246950972872
2,129,200,32.25,0.94305759373953435,6.068879598059672e-30,0.060688795980596719,0.76426670320750512,2.03477327562417e-29,0.50058081916260111,4.0648246950972869e-29,0.40648246950972872
2,130,200,32.5,0.94224503497782053,6.0448738713141142e-30,0.060448738713141145,0.76124361182111588,2.0407210109004878e-29,0.50204403977417911,4.0648246950972869e-29,0.40648246950972872
2,131,200,32.75,0.94142830530955846,6.0208213441807925e-30,0.060208213441807927,0.75821462676399431,2.0465029741418071e-29,0.50346647829859892,4.0648246950972869e-29,0.40648246950972872
2,132,200,33,0.9406074455637603,5.9967243740502319e-30,0.059967243740502323,0.75518004490726054,2.0521198480451894e-29,0.50484830268826009,4.0648246950972869e-29,0.40648246950972872
2,133,200,33.25,0.93978249662501534,5.9725853100608877e-30,0.059725853100608878,0.75214016208283452,2.0575723409015747e-29,0.50618968719199076,4.0648246950972869e-29,0.40648246950972872
2,134,200,33.5,0.93895349942941109,5.9484064927628019e-30,0.059484064927628019,0.74909527304107915,2.0628611862406941e-29,0.50749081226769166,4.0648246950972869e-29,0.40648246950972872
2,135,200,33.75,0.93812049496047301,5.9241902537859493e-30,0.059241902537859492,0.74604567140903466,2.067987142471555e-29,0.50875186449389054,4.0648246950972869e-29,0.40648246950972872
2,136,200,34,0.93728352424513151,5.8999389155133816e-30,0.058999389155133815,0.74299164964925701,2.0729509925186753e-29,0.50997303648025138,4.0648246950972869e-29,0.40648246950972872
2,137,200,34.25,0.93644262834971059,5.8756547907591771e-30,0.058756547907591772,0.73993349901926109,2.0777535434542193e-29,0.5111545267770744,4.0648246950972869e-29,0.40648246950972872
2,138,200,34.5,0.93559784837594417,5.8513401824512816e-30,0.058513401824512819,0.73687150953158054,2.0823956261262151e-29,0.51229653978383327,4.0648246950972869e-29,0.40648246950972872
2,139,200,34.75,0.93474922545701433,5.8269973833192337e-30,0.058269973833192337,0.73380596991444258,2.086878094782987e-29,0.51339928565678028,4.0648246950972869e-29,0.40648246950972872
2,140,200,35,0.93389680075361903,5.8026286755868476e-30,0.058026286755868475,0.73073716757306595,2.091201826693989e-29,0.51446298021566672,4.0648246950972869e-29,0.40648246950972872
2,141,200,35.25,0.93304061545006423,5.7782363306698905e-30,0.057782363306698906,0.72766538855159002,2.0953677217671939e-29,0.51548784484961496,4.0648246950972869e-29,0.40648246950972872
2,142,200,35.5,0.93218071075038345,5.7538226088787587e-30,0.057538226088787586,0.7245909174956312,2.0993767021631849e-29,0.51647410642218083,4.0648246950972869e-29,0.40648246950972872
2,143,200,35.75,0.93131712787448473,5.729389759126209e-30,0.057293897591262091,0.72151403761547739,2.1032297119061255e-29,0.5174219971756463,4.0648246950972869e-29,0.40648246950972872
2,144,200,36,0.93044990805432715,5.7049400186401999e-30,0.057049400186401998,0.71843503064992553,2.1069277164917759e-29,0.51833175463458681,4.0648246950972869e-29,0.40648246950972872
2,145,200,36.25,0.9295790925301225,5.6804756126817917e-30,0.056804756126817915,0.71535417683075597,2.1104717024926771e-29,0.51920362150874144,4.0648246950972869e-29,0.40648246950972872
2,146,200,36.5,0.92870472254657011,5.6559987542682408e-30,0.056559987542682412,0.71227175484786109,2.113862677160714e-29,0.52003784559523814,4.0648246950972869e-29,0.40648246950972872
2,147,200,36.75,0.92782683934911758,5.6315116439011987e-30,0.056315116439011992,0.70918804181501705,2.1171016680271637e-29,0.52083467968020036,4.0648246950972869e-29,0.40648246950972872
2,148,200,37,0.92694548418025369,5.6070164693001461e-30,0.05607016469300146,0.7061033132363147,2.1201897225004364e-29,0.52159438143978609,4.0648246950972869e-29,0.40648246950972872
2,149,200,37.25,0.92606069827583004,5.5825154051409761e-30,0.05582515405140976,0.70301784297323822,2.1231279074616111e-29,0.52231721334068415,4.0648246950972869e-29,0.40648246950972872
2,150,200,37.5,0.92517252286141438,5.558010612799831e-30,0.055580106127998311,0.69993190321240673,2.1259173088579734e-29,0.52300344254011966,4.0648246950972869e-29,0.40648246950972872
2,151,200,37.75,0.92428099914867501,5.5335042401021742e-30,0.055335042401021745,0.69684576443397372,2.1285590312946792e-29,0.52365334078539749,4.0648246950972869e-29,0.40648246950972872
2,152,200,38,0.92338616833179599,5.5089984210770874e-30,0.055089984210770875,0.69375969538068571,2.1310541976247024e-29,0.52426718431302433,4.0648246950972869e-29,0.40648246950972872
2,153,200,38.25,0.92248807158392609,5.4844952757168567e-30,0.054844952757168566,0.69067396302760609,2.1334039485372295e-29,0.52484525374744828,4.0648246950972869e-29,0.40648246950972872
2,154,200,38.5,0.92158675005365664,5.4599969097417936e-30,0.05459996909741794,0.68758883255249859,2.1356094421446358e-29,0.52538783399944944,4.0648246950972869e-29,0.40648246950972872
2,155,200,38.75,0.92068224486153594,5.4355054143703679e-30,0.054355054143703681,0.68450456730687959,2.1376718535682129e-29,0.52589521416422369,4.0648246950972869e-29,0.40648246950972872
2,156,200,39,0.91977459709661369,5.4110228660945993e-30,0.054110228660945996,0.68142142878773304,2.1395923745227816e-29,0.52636768741919215,4.0648246950972869e-29,0.40648246950972872
2,157,200,39.25,0.91886384781302044,5.3865513264607478e-30,0.053865513264607479,0.67833967660989203,2.1413722129003449e-29,0.52680555092157388,4.0648246950972869e-29,0.40648246950972872
2,158,200,39.5,0.91795003802658026,5.3620928418552864e-30,0.053620928418552864,0.67525956847908586,2.1430125923529245e-29,0.52720910570575885,4.0648246950972869e-29,0.40648246950972872
2,159,200,39.75,0.91703320871145644,5.3376494432961722e-30,0.053376494432961726,0.67218136016565444,2.1445147518747305e-29,0.52757865658051561,4.0648246950972869e-29,0.40648246950972872
2,160,200,40,0.91611340079683301,5.3132231462293797e-30,0.053132231462293796,0.66910530547892555,2.1458799453837968e-29,0.52791451202606843,4.0648246950972869e-29,0.40648246950972872
2,161,200,40.25,0.91519065516362941,5.2888159503307448e-30,0.052888159503307448,0.66603165624226035,2.1471094413032406e-29,0.52821698409108198,4.0648246950972869e-29,0.40648246950972872
2,162,200,40.5,0.91426501264125148,5.2644298393130775e-30,0.052644298393130777,0.6629606622687626,2.1482045221422754e-29,0.52848638828958416,4.0648246950972869e-29,0.40648246950972872
2,163,200,40.75,0.91333651400437532,5.2400667807385294e-30,0.052400667807385296,0.65989257133764989,2.1491664840771133e-29,0.5287230434978637,4.0648246950972869e-29,0.40648246950972872
2,164,200,41,0.91240519996976899,5.2157287258362459e-30,0.05215728725836246,0.65682762917129056,2.1499966365319086e-29,0.52892727185137589,4.0648246950972869e-29,0.40648246950972872
2,165,200,41.25,0.91147111119314783,5.1914176093252512e-30,0.051914176093252516,0.65376607941289822,2.1506963017598632e-29,0.52909939864168942,4.0648246950972869e-29,0.40648246950972872
2,166,200,41.5,0.91053428826606664,5.1671353492425824e-30,0.051671353492425826,0.65070816360488948,2.1512668144246373e-29,0.52923975221350827,4.0648246950972869e-29,0.40648246950972872
2,167,200,41.75,0.90959477171284819,5.1428838467766507e-30,0.051428838467766511,0.647654121167898,2.1517095211821948e-29,0.52934866386179935,4.0648246950972869e-29,0.40648246950972872
2,168,200,42,0.90865260198754561,5.1186649861057795e-30,0.051186649861057795,0.64460418938044139,2.1520257802632025e-29,0.52942646772905821,4.0648246950972869e-29,0.40648246950972872
2,169,200,42.25,0.90770781947094425,5.0944806342419891e-30,0.050944806342419893,0.64155860335924919,2.1522169610561464e-29,0.52947350070274934,4.0648246950972869e-29,0.40648246950972872
2,170,200,42.5,0.90676046446759917,5.0703326408799115e-30,0.05070332640879912,0.63851759604023561,2.1522844436912454e-29,0.52949010231294436,4.0648246950972869e-29,0.40648246950972872
2,171,200,42.75,0.90581057720290725,5.0462228382508662e-30,0.050462228382508661,0.6354813981601235,2.1522296186253206e-29,0.52947661463019369,4.0648246950972869e-29,0.40648246950972872
2,172,200,43,0.90485819782021981,5.0221530409820837e-30,0.050221530409820837,0.63245023823871616,2.1520538862277331e-29,0.52943338216366209,4.0648246950972869e-29,0.40648246950972872
2,173,200,43.25,0.90390336637798918,4.9981250459610113e-30,0.049981250459610112,0.62942434256180857,2.1517586563675065e-29,0.52936075175955566,4.0648246950972869e-29,0.40648246950972872
2,174,200,43.5,0.90294612284695519,4.9741406322047353e-30,0.049741406322047356,0.62640393516474402,2.1513453480017677e-29,0.52925907249987258,4.0648246950972869e-29,0.40648246950972872
2,175,200,43.75,0.9019865071073655,4.9502015607344232e-30,0.049502015607344234,0.62338923781660183,2.1508153887656015e-29,0.52912869560150222,4.0648246950972869e-29,0.40648246950972872
2,176,200,44,0.90102455894623767,4.9263095744548299e-30,0.049263095744548298,0.62038047000502394,2.1501702145634534e-29,0.52896997431570458,4.0648246950972869e-29,0.40648246950972872
2,177,200,44.25,0.90006031805465536,4.9024663980387788e-30,0.049024663980387788,0.61737784892166681,2.1494112691621871e-29,0.52878326382799723,4.0648246950972869e-29,0.40648246950972872
2,178,200,44.5,0.89909382402510341,4.8786737378166284e-30,0.048786737378166287,0.61438158944828181,2.1485400037859011e-29,0.5285689211584752,4.0648246950972869e-29,0.40648246950972872
2,179,200,44.75,0.8981251163488414,4.8549332816706884e-30,0.048549332816706883,0.61139190414341915,2.1475578767126284e-29,0.52832730506259362,4.0648246950972869e-29,0.40648246950972872
2,180,200,45,0.89715423441331354,4.8312466989345131e-30,0.048312466989345132,0.60840900322974534,2.1464663528730076e-29,0.52805877593243522,4.0648246950972869e-29,0.40648246950972872
2,181,200,45.25,0.89618121749959778,4.8076156402971035e-30,0.04807615640297104,0.60543309458197936,2.1452669034510478e-29,0.52776369569849391,4.0648246950972869e-29,0.40648246950972872
2,182,200,45.5,0.89520610477989226,4.7840417377119307e-30,0.047840417377119311,0.60246438371543565,2.1439610054870781e-29,0.52744242773199468,4.0648246950972869e-29,0.40648246950972872
2,183,200,45.75,0.89422893531503944,4.7605266043107577e-30,0.04760526604310758,0.59950307377517176,2.1425501414829831e-29,0.52709533674777664,4.0648246950972869e-29,0.40648246950972872
2,184,200,46,0.89324974805208857,4.737071834322242e-30,0.047370718343222422,0.59654936552573723,2.1410357990098348e-29,0.52672278870776534,4.0648246950972869e-29,0.40648246950972872
2,185,200,46.25,0.89226858182189717,4.7136790029952697e-30,0.047136790029952698,0.59360345734151976,2.1394194703179995e-29,0.52632515072505359,4.0648246950972869e-29,0.40648246950972872
2,186,200,46.5,0.89128547533676794,4.6903496665269446e-30,0.046903496665269447,0.590665545197676,2.137702651949821e-29,0.52590279096861703,4.0648246950972869e-29,0.40648246950972872
2,187,200,46.75,0.89030046718812761,4.6670853619952822e-30,0.046670853619952823,0.58773582266165569,2.1358868443549858e-29,0.52545607856868859,4.0648246950972869e-29,0.40648246950972872
2,188,200,47,0.88931359584423952,4.6438876072964542e-30,0.046438876072964541,0.58481448088529919,2.1339735515086279e-29,0.52498538352280744,4.0648246950972869e-29,0.40648246950972872
2,189,200,47.25,0.88832489964795791,4.6207579010866429e-30,0.046207579010866431,0.58190170859751444,2.1319642805322976e-29,0.52449107660257199,4.0648246950972869e-29,0.40648246950972872
2,190,200,47.5,0.88733441681451863,4.5976977227283993e-30,0.045976977227283992,0.57899769209752217,2.1298605413178552e-29,0.52397352926111351,4.0648246950972869e-29,0.40648246950972872
2,191,200,47.75,0.88634218542936682,4.5747085322414684e-30,0.045747085322414685,0.57610261524866302,2.1276638461543668e-29,0.52343311354130695,4.0648246950972869e-29,0.40648246950972872
2,192,200,48,0.88534824344602547,4.5517917702580868e-30,0.045517917702580867,0.57321665947276823,2.1253757093581217e-29,0.52287020198475087,4.0648246950972869e-29,0.40648246950972872
2,193,200,48.25,0.88435262868399889,4.5289488579826225e-30,0.045289488579826225,0.57034000374507687,2.1229976469057961e-29,0.52228516754152043,4.0648246950972869e-29,0.40648246950972872
2,194,200,48.5,0.88335537882671589,4.5061811971555999e-30,0.045061811971556003,0.56747282458970549,2.120531176070888e-29,0.52167838348072615,4.0648246950972869e-29,0.40648246950972872
2,195,200,48.75,0.88235653141950987,4.4834901700219823e-30,0.044834901700219823,0.56461529607565386,2.1179778150634578e-29,0.521050223301885,4.0648246950972869e-29,0.40648246950972872
2,196,200,49,0.88135612386763751,4.4608771393037402e-30,0.044608771393037407,0.56176758981335029,2.1153390826732838e-29,0.52040106064713221,4.0648246950972869e-29,0.40648246950972872
2,197,200,49.25,0.88035419343433408,4.438343448176585e-30,0.044383434481765849,0.55892987495172197,2.1126164979164656e-29,0.51973126921428092,4.0648246950972869e-29,0.40648246950972872
2,198,200,49.5,0.87935077723890764,4.415890420250887e-30,0.04415890420250887,0.55610231817579159,2.1098115796855794e-29,0.51904122267075614,4.0648246950972869e-29,0.40648246950972872
2,199,200,49.75,0.87834591225486847,4.3935193595566456e-30,0.043935193595566455,0.55328508370478491,2.1069258464034051e-29,0.51833129456840654,4.0648246950972869e-29,0.40648246950972872
2,200,200,50,0.87733963530809911,4.3712315505325763e-30,0.043712315505325762,0.55047833329075624,2.1039608156803474e-29,0.517601858259226,4.0648246950972869e-29,0.40648246950972872
2,201,200,50.25,0.87633198307505811,4.3490282580191291e-30,0.043490282580191289,0.54768222621770946,2.1009180039755523e-29,0.51685328681198373,4.0648246950972869e-29,0.40648246950972872
2,202,200,50.5,0.87532299208102449,4.3269107272555166e-30,0.043269107272555167,0.54489691930122341,2.0977989262618223e-29,0.51608595292978898,4.0648246950972869e-29,0.40648246950972872
2,203,200,50.75,0.87431269869837613,4.3048801838805876e-30,0.043048801838805877,0.5421225668885622,2.0946050956943566e-29,0.51530022886859694,4.0648246950972869e-29,0.40648246950972872
2,204,200,51,0.87330113914490681,4.2829378339375747e-30,0.042829378339375751,0.53935932085927318,2.091338023283393e-29,0.514496486356674,4.0648246950972869e-29,0.40648246950972872
2,205,200,51.25,0.87228834948217915,4.2610848638826231e-30,0.042610848638826235,0.53660733062626043,2.0879992175707841e-29,0.51367509651503196,4.0648246950972869e-29,0.40648246950972872
2,206,200,51.5,0.8712743656139158,4.2393224405970673e-30,0.042393224405970674,0.53386674313733162,2.0845901843105849e-29,0.51283642977884747,4.0648246950972869e-29,0.40648246950972872
2,207,200,51.75,0.87025922328442418,4.2176517114033764e-30,0.042176517114033765,0.53113770287720519,2.0811124261536606e-29,0.51198085581987229,4.0648246950972869e-29,0.40648246950972872
2,208,200,52,0.86924295807706053,4.1960738040847406e-30,0.041960738040847406,0.52842035186997749,2.0775674423363988e-29,0.51110874346985202,4.0648246950972869e-29,0.40648246950972872
2,209,200,52.25,0.8682256054127282,4.1745898269082323e-30,0.041745898269082322,0.52571482968203942,2.0739567283735478e-29,0.51022046064496018,4.0648246950972869e-29,0.40648246950972872
2,210,200,52.5,0.86720720054841227,4.1532008686514855e-30,0.041532008686514854,0.52302127342543592,2.070281775755229e-29,0.50931637427125975,4.0648246950972869e-29,0.40648246950972872
2,211,200,52.75,0.8661877785757508,4.1319079986328496e-30,0.0413190799863285,0.52033981776166371,2.0665440716481629e-29,0.50839685021120018,4.0648246950972869e-29,0.40648246950972872
2,212,200,53,0.86516737441964087,4.1107122667449457e-30,0.04110712266744946,0.51767059490589673,2.0627450986011451e-29,0.50746225319116145,4.0648246950972869e-29,0.40648246950972872
2,213,200,53.25,0.86414602283687947,4.0896147034915801e-30,0.0408961470349158,0.51501373463163513,2.0588863342548083e-29,0.50651294673005109,4.0648246950972869e-29,0.40648246950972872
2,214,200,53.5,0.86312375841484168,4.0686163200279725e-30,0.040686163200279728,0.51236936427577084,2.0549692510557088e-29,0.50554929306896601,4.0648246950972869e-29,0.40648246950972872
2,215,200,53.75,0.86210061557019169,4.0477181082042054e-30,0.040477181082042055,0.50973760874405971,2.0509953159747571e-29,0.50457165310192276,4.0648246950972869e-29,0.40648246950972872
2,216,200,54,0.86107662854762979,4.026921040611883e-30,0.040269210406118833,0.50711859051699693,2.0469659902300331e-29,0.50358038630766622,4.0648246950972869e-29,0.40648246950972872
2,217,200,54.25,0.86005183141867403,4.0062260706339136e-30,0.040062260706339135,0.50451242965608645,2.0428827290140122e-29,0.50257585068256383,4.0648246950972869e-29,0.40648246950972872
2,218,200,54.5,0.85902625808047561,3.9856341324973705e-30,0.039856341324973704,0.50191924381049802,2.0387469812252216e-29,0.50155840267458973,4.0648246950972869e-29,0.40648246950972872
2,219,200,54.75,0.85799994225466902,3.9651461413293754e-30,0.039651461413293752,0.49933914822410441,2.0345601892043564e-29,0.50052839711840547,4.0648246950972869e-29,0.40648246950972872
2,220,200,55,0.85697291748625593,3.944762993215939e-30,0.039447629932159389,0.49677225574289147,2.0303237884748734e-29,0.49948618717154292,4.0648246950972869e-29,0.40648246950972872
2,221,200,55.25,0.85594521714252303,3.9244855652637262e-30,0.039244855652637266,0.49421867682273618,2.0260392074880931e-29,0.49843212425169597,4.0648246950972869e-29,0.40648246950972872
2,222,200,55.5,0.85491687441199338,3.9043147156646517e-30,0.039043147156646515,0.49167851953754177,2.0217078673728045e-29,0.49736655797512008,4.0648246950972869e-29,0.40648246950972872
2,223,200,55.75,0.85388792230340993,3.8842512837632891e-30,0.038842512837632889,0.48915188958772615,2.0173311816894207e-29,0.49628983609615129,4.0648246950972869e-29,0.40648246950972872
2,224,200,56,0.85285839364475446,3.8642960901270128e-30,0.038642960901270132,0.48663889030905527,2.0129105561886736e-29,0.49520230444784208,4.0648246950972869e-29,0.40648246950972872
2,225,200,56.25,0.85182832108229667,3.8444499366188133e-30,0.038444499366188135,0.48413962268181299,2.008447388574868e-29,0.49410430688371865,4.0648246950972869e-29,0.40648246950972872
2,226,200,56.5,0.85079773707967754,3.8247136064727633e-30,0.038247136064727634,0.48165418534030452,2.0039430682737223e-29,0.49299618522066674,4.0648246950972869e-29,0.40648246950972872
2,227,200,56.75,0.8497666739170241,3.805087864372027e-30,0.038050878643720275,0.47918267458268032,1.999398976204772e-29,0.49187827918293991,4.0648246950972869e-29,0.40648246950972872
2,228,200,57,0.84873516369009683,3.7855734565294074e-30,0.037855734565294077,0.47672518438107969,1.994816484558382e-29,0.49075092634730177,4.0648246950972869e-29,0.40648246950972872
2,229,200,57.25,0.84770323830946881,3.7661711107703373e-30,0.037661711107703374,0.47428180639208189,1.9901969565773372e-29,0.48961446208929416,4.0648246950972869e-29,0.40648246950972872
2,230,200,57.5,0.8466709294997351,3.7468815366182851e-30,0.03746881536618285,0.47185262996746163,1.9855417463430475e-29,0.48846921953064099,4.0648246950972869e-29,0.40648246950972872
2,231,200,57.75,0.84563826879875548,3.7277054253825008e-30,0.037277054253825007,0.46943774216523881,1.9808521985663457e-29,0.48731552948778184,4.0648246950972869e-29,0.40648246950972872
2,232,200,58,0.84460528755692688,3.7086434502480593e-30,0.037086434502480593,0.46703722776101814,1.9761296483828934e-29,0.48615372042153887,4.0648246950972869e-29,0.40648246950972872
2,233,200,58.25,0.84357201693648542,3.6896962663681417e-30,0.036896962663681421,0.46465116925961031,1.9713754211531892e-29,0.4849841183879165,4.0648246950972869e-29,0.40648246950972872
2,234,200,58.5,0.8425384879108424,3.6708645109584966e-30,0.036708645109584964,0.46227964690692741,1.9665908322671772e-29,0.48380704699003241,4.0648246950972869e-29,0.40648246950972872
2,235,200,58.75,0.84150473126394609,3.6521488033940338e-30,0.036521488033940341,0.45992273870214756,1.9617771869534548e-29,0.48262282733118012,4.0648246950972869e-29,0.40648246950972872
2,236,200,59,0.84047077758967637,3.6335497453074842e-30,0.036335497453074843,0.45758052041013914,1.9569357800930701e-29,0.48143177796902092,4.0648246950972869e-29,0.40648246950972872
2,237,200,59.25,0.83943665729126848,3.6150679206901006e-30,0.036150679206901008,0.45525306557414225,1.9520678960379118e-29,0.48023421487090512,4.0648246950972869e-29,0.40648246950972872
2,238,200,59.5,0.83840240058076421,3.5967038959942899e-30,0.035967038959942903,0.45294044552869339,1.9471748084336668e-29,0.47903045137031758,4.0648246950972869e-29,0.40648246950972872
2,239,200,59.75,0.83736803747849553,3.5784582202381975e-30,0.035784582202381975,0.45064272941279609,1.9422577800473604e-29,0.47782079812445016,4.0648246950972869e-29,0.40648246950972872
2,240,200,60,0.83633359781259331,3.5603314251121198e-30,0.035603314251121197,0.44835998418332168,1.9373180625994406e-29,0.47660556307289242,4.0648246950972869e-29,0.40648246950972872
2,241,200,60.25,0.83529911121852662,3.5423240250867383e-30,0.035423240250867384,0.44609227462863926,1.9323568966004196e-29,0.47538505139744308,4.0648246950972869e-29,0.40648246950972872
2,242,200,60.5,0.8342646071386699,3.5244365175231148e-30,0.035244365175231149,0.44383966338246783,1.9273755111920454e-29,0.47415956548303639,4.0648246950972869e-29,0.40648246950972872
2,243,200,60.75,0.83323011482189779,3.5066693827843675e-30,0.035066693827843678,0.44160221093793961,1.9223751239929868e-29,0.47292940487977847,4.0648246950972869e-29,0.40648246950972872
2,244,200,61,0.83219566332320705,3.4890230843490176e-30,0.034890230843490175,0.43937997566187437,1.9173569409490266e-29,0.47169486626609292,4.0648246950972869e-29,0.40648246950972872
2,245,200,61.25,0.83116128150336588,3.4714980689259217e-30,0.034714980689259219,0.43717301380925294,1.9123221561877388e-29,0.47045624341296949,4.0648246950972869e-29,0.40648246950972872
2,246,200,61.5,0.8301269980285918,3.4540947665707731e-30,0.034540947665707734,0.4349813795378884,1.9072719518776354e-29,0.46921382714931253,4.0648246950972869e-29,0.40648246950972872
2,247,200,61.75,0.82909284137025296,3.4368135908040603e-30,0.034368135908040602,0.43280512492328083,1.9022074980917497e-29,0.46796790532838034,4.0648246950972869e-29,0.40648246950972872
2,248,200,62,0.82805883980459916,3.419654938730524e-30,0.034196549387305243,0.43064429997366099,1.897129952675666e-29,0.4667187627953191,4.0648246950972869e-29,0.40648246950972872
2,249,200,62.25,0.82702502141251655,3.4026191911599682e-30,0.034026191911599682,0.42849895264520405,1.8920404611199347e-29,0.46546668135577512,4.0648246950972869e-29,0.40648246950972872
2,250,200,62.5,0.82599141407930932,3.3857067127294467e-30,0.033857067127294471,0.42636912885741707,1.8869401564368848e-29,0.46421193974558922,4.0648246950972869e-29,0.40648246950972872
2,251,200,62.75,0.82495804549450635,3.3689178520267386e-30,0.033689178520267385,0.42425487250868821,1.8818301590417861e-29,0.46295481360156093,4.0648246950972869e-29,0.40648246950972872
2,252,200,63,0.82392494315169307,3.3522529417150733e-30,0.033522529417150733,0.42215622549199383,1.8767115766383508e-29,0.46169557543328049,4.0648246950972869e-29,0.40648246950972872
2,253,200,63.25,0.82289213434836794,3.335712298659069e-30,0.033357122986590694,0.42007322771075822,1.8715855041085405e-29,0.46043449459602004,4.0648246950972869e-29,0.40648246950972872
2,254,200,63.5,0.82185964618582386,3.3192962240518046e-30,0.033192962240518049,0.41800591709485579,1.8664530234066502e-29,0.45917183726467664,4.0648246950972869e-29,0.40648246950972872
2,255,200,63.75,0.82082750556905393,3.3030050035430332e-30,0.033030050035430331,0.41595432961675755,1.861315203457655e-29,0.45790786640876441,4.0648246950972869e-29,0.40648246950972872
2,256,200,64,0.81979573920667992,3.2868389073684294e-30,0.032868389073684293,0.41391849930780722,1.8561731000597742e-29,0.45664284176844405,4.0648246950972869e-29,0.40648246950972872
2,257,200,64.25,0.81876437361090559,3.270798190479865e-30,0.03270798190479865,0.41189845827462745,1.8510277557912309e-29,0.4553770198315843,4.0648246950972869e-29,0.40648246950972872
2,258,200,64.5,0.81773343509749319,3.2548830926766544e-30,0.032548830926766546,0.40989423671564751,1.845880199921176e-29,0.45411065381184834,4.0648246950972869e-29,0.40648246950972872
2,259,200,64.75,0.81670294978576208,3.2390938387377261e-30,0.032390938387377263,0.40790586293774805,1.8407314483247502e-29,0.45284399362779765,4.0648246950972869e-29,0.40648246950972872
2,260,200,65,0.81567294359861109,3.2234306385546793e-30,0.032234306385546793,0.40593336337301728,1.8355825034022425e-29,0.45157728588300411,4.0648246950972869e-29,0.40648246950972872
2,261,200,65.25,0.81464344226256202,3.2078936872656598e-30,0.032078936872656602,0.40397676259561,1.8304343540023103e-29,0.45031077384716117,4.0648246950972869e-29,0.40648246950972872
2,262,200,65.5,0.81361447130782616,3.1924831653900541e-30,0.031924831653900539,0.40203608333871027,1.8252879753492472e-29,0.44904469743819075,4.0648246950972869e-29,0.40648246950972872
2,263,200,65.75,0.81258605606839274,3.1771992389639246e-30,0.031771992389639243,0.40011134651158675,1.8201443289742442e-29,0.44777929320533244,4.0648246950972869e-29,0.40648246950972872
2,264,200,66,0.81155822168213732,3.1620420596761471e-30,0.03162042059676147,0.39820257121673691,1.8150043626506111e-29,0.4465147943132074,4.0648246950972869e-29,0.40648246950972872
2,265,200,66.25,0.81053099309095333,3.1470117650052223e-30,0.031470117650052226,0.39630977476711582,1.8098690103329349e-29,0.44525143052685023,4.0648246950972869e-29,0.40648246950972872
2,266,200,66.5,0.80950439504090244,3.1321084783567098e-30,0.031321084783567099,0.39443297270344385,1.8047391921001228e-29,0.4439894281976971,4.0648246950972869e-29,0.40648246950972872
2,267,200,66.75,0.80847845208238722,3.1173323092012556e-30,0.031173323092012557,0.39257217881158846,1.7996158141023103e-29,0.44272901025052414,4.0648246950972869e-29,0.40648246950972872
2,268,200,67,0.80745318857034221,3.1026833532131482e-30,0.031026833532131481,0.39072740514001286,1.7944997685115777e-29,0.44147039617132333,4.0648246950972869e-29,0.40648246950972872
2,269,200,67.25,0.80642862866444709,3.0881616924093973e-30,0.030881616924093976,0.38889866201729073,1.7893919334764522e-29,0.44021380199610921,4.0648246950972869e-29,0.40648246950972872
2,270,200,67.5,0.80540479632935702,3.0737673952892597e-30,0.030737673952892598,0.38708595806967672,1.7842931730801438e-29,0.43895944030064471,4.0648246950972869e-29,0.40648246950972872
2,271,200,67.75,0.80438171533495417,3.0595005169742186e-30,0.030595005169742187,0.38528930023873453,1.7792043373024973e-29,0.43770752019108022,4.0648246950972869e-29,0.40648246950972872
2,272,200,68,0.80335940925661697,3.045361099348322e-30,0.030453610993483222,0.38350869379900998,1.774126261985584e-29,0.43645824729548938,4.0648246950972869e-29,0.40648246950972872
2,273,200,68.25,0.80233790147550865,3.0313491711988973e-30,0.030313491711988973,0.38174414237575138,1.7690597688029346e-29,0.43521182375629958,4.0648246950972869e-29,0.40648246950972872
2,274,200,68.5,0.80131721517888499,3.0174647483575801e-30,0.030174647483575803,0.37999564796266977,1.7640056652323468e-29,0.43396844822360225,4.0648246950972869e-29,0.40648246950972872
2,275,200,68.75,0.80029737336041729,3.0037078338415966e-30,0.030037078338415967,0.3782632109397307,1.7589647445322195e-29,0.43272831584933102,4.0648246950972869e-29,0.40648246950972872
2,276,200,69,0.79927839882053708,2.9900784179953241e-30,0.029900784179953243,0.37654683009098139,1.7539377857214062e-29,0.4314916182823052,4.0648246950972869e-29,0.40648246950972872
2,277,200,69.25,0.79826031416679499,2.9765764786320421e-30,0.029765764786320422,0.37484650262240182,1.7489255535625077e-29,0.43025854366411964,4.0648246950972869e-29,0.40648246950972872
2,278,200,69.5,0.7972431418142385,2.9632019811758594e-30,0.029632019811758593,0.37316222417977757,1.7439287985485893e-29,0.42902927662587681,4.0648246950972869e-29,0.40648246950972872
2,279,200,69.75,0.79622690398580598,2.94995487880378e-30,0.029499548788037802,0.37149398886659085,1.7389482568932563e-29,0.42780399828574561,4.0648246950972869e-29,0.40648246950972872
2,280,200,70,0.79521162271273771,2.9368351125878792e-30,0.029368351125878794,0.3698417892619249,1.733984650524069e-29,0.42658288624734109,4.0648246950972869e-29,0.40648246950972872
2,281,200,70.25,0.79419731983500275,2.9238426116375586e-30,0.029238426116375588,0.36820561643837824,1.729038687079239e-29,0.42536611459891172,4.0648246950972869e-29,0.40648246950972872
2,282,200,70.5,0.79318401700174257,2.9109772932418333e-30,0.029109772932418333,0.3665854599799836,1.7241110599075628e-29,0.42415385391332311,4.0648246950972869e-29,0.40648246950972872
2,283,200,70.75,0.79217173567172883,2.8982390630116283e-30,0.028982390630116282,0.36498130800012729,1.7192024480715512e-29,0.42294627124882789,4.0648246950972869e-29,0.40648246950972872
2,284,200,71,0.7911604971138384,2.8856278150220705e-30,0.028856278150220706,0.36339314715946847,1.7143135163537225e-29,0.42174353015061389,4.0648246950972869e-29,0.40648246950972872
2,285,200,71.25,0.7901503224075429,2.8731434319547171e-30,0.02873143431954717,0.36182096268385022,1.7094449152659947e-29,0.42054579065311476,4.0648246950972869e-29,0.40648246950972872
2,286,200,71.5,0.78914123244341183,2.8607857852396913e-30,0.028607857852396914,0.36026473838219897,1.7045972810621381e-29,0.41935320928307351,4.0648246950972869e-29,0.40648246950972872
2,287,200,71.75,0.78813324792363282,2.8485547351977418e-30,0.028485547351977419,0.35872445666441444,1.6997712357532647e-29,0.41816593906335303,4.0648246950972869e-29,0.40648246950972872
2,288,200,72,0.78712638936254342,2.8364501311821225e-30,0.028364501311821225,0.35720009855923679,1.69496738712627e-29,0.41698412951747305,4.0648246950972869e-29,0.40648246950972872
2,289,200,72.25,0.78612067708717892,2.8244718117203392e-30,0.028244718117203395,0.355691643732097,1.6901863287652267e-29,0.41580792667487326,4.0648246950972869e-29,0.40648246950972872
2,290,200,72.5,0.78511613123783286,2.812619604655678e-30,0.028126196046556782,0.35419907050293992,1.6854286400756439e-29,0.41463747307688137,4.0648246950972869e-29,0.40648246950972872
2,291,200,72.75,0.78411277176863159,2.8008933272885231e-30,0.028008933272885232,0.35272235586402079,1.6806948863115799e-29,0.41347290778338336,4.0648246950972869e-29,0.40648246950972872
2,292,200,73,0.78311061844812102,2.7892927865174195e-30,0.027892927865174194,0.35126147549766945,1.6759856186055393e-29,0.41231436638017832,4.0648246950972869e-29,0.40648246950972872
2,293,200,73.25,0.78210969085986748,2.7778177789798707e-30,0.027778177789798707,0.34981640379402129,1.6713013740011294e-29,0.41116198098701245,4.0648246950972869e-29,0.40648246950972872
2,294,200,73.5,0.78111000840307043,2.7664680911928215e-30,0.027664680911928217,0.34838711386870858,1.6666426754884076e-29,0.41001588026627517,4.0648246950972869e-29,0.40648246950972872
2,295,200,73.75,0.78011159029318811,2.7552434996928358e-30,0.02755243499692836,0.34697357758051334,1.662010032041904e-29,0.40887618943235282,4.0648246950972869e-29,0.40648246950972872
2,296,200,74,0.77911445556257442,2.7441437711759005e-30,0.027441437711759005,0.34557576554897318,1.6574039386612348e-29,0.40774303026162034,4.0648246950972869e-29,0.40648246950972872
2,297,200,74.25,0.77811862306112844,2.7331686626368765e-30,0.027331686626368767,0.34419364717194256,1.6528248764143032e-29,0.40661652110306934,4.0648246950972869e-29,0.40648246950972872
2,298,200,74.5,0.77712411145695515,2.7223179215085476e-30,0.027223179215085477,0.34282719064310363,1.6482733124830133e-29,0.40549677688955388,4.0648246950972869e-29,0.40648246950972872
2,299,200,74.75,0.77613093923703746,2.711591285800242e-30,0.027115912858002422,0.34147636296942302,1.6437497002114575e-29,0.40438390914964567,4.0648246950972869e-29,0.40648246950972872
2,300,200,75,0.77513912470791935,2.7009884842360313e-30,0.027009884842360315,0.34014112998855561,1.6392544791565464e-29,0.40327802602008961,4.0648246950972869e-29,0.40648246950972872
2,301,200,75.25,0.77414868599639963,2.6905092363924425e-30,0.026905092363924424,0.33882145638618683,1.6347880751410101e-29,0.40217923225884245,4.0648246950972869e-29,0.40648246950972872
2,302,200,75.5,0.77315964105023682,2.6801532528357028e-30,0.026801532528357028,0.33751730571331617,1.6303509003087507e-29,0.40108762925869063,4.0648246950972869e-29,0.40648246950972872
2,303,200,75.75,0.77217200763886329,2.6699202352584823e-30,0.026699202352584824,0.33622864040347755,1.6259433531824922e-29,0.40000331506143272,4.0648246950972869e-29,0.40648246950972872
2,304,200,76,0.77118580335411002,2.6598098766160926e-30,0.026598098766160927,0.33495542178989107,1.6215658187236678e-29,0.39892638437261252,4.0648246950972869e-29,0.40648246950972872
2,305,200,76.25,0.77020104561094194,2.6498218612621656e-30,0.026498218612621655,0.33369761012254934,1.6172186683945293e-29,0.39785692857679883,4.0648246950972869e-29,0.40648246950972872
2,306,200,76.5,0.76921775164820083,2.6399558650837525e-30,0.026399558650837526,0.33245516458523067,1.6129022602224083e-29,0.39679503575339437,4.0648246950972869e-29,0.40648246950972872
2,307,200,76.75,0.76823593852935912,2.6302115556358428e-30,0.026302115556358429,0.33122804331243944,1.6086169388660932e-29,0.39574079069296564,4.0648246950972869e-29,0.40648246950972872
2,308,200,77,0.76725562314328277,2.6205885922752924e-30,0.026205885922752924,0.33001620340627191,1.6043630356842829e-29,0.39469427491408321,4.0648246950972869e-29,0.40648246950972872
2,309,200,77.25,0.7662768222050016,2.6110866262941279e-30,0.02611086626294128,0.32881960095320362,1.6001408688060687e-29,0.39365556668066126,4.0648246950972869e-29,0.40648246950972872
2,310,200,77.5,0.7652995522564896,2.6017053010522083e-30,0.026017053010522085,0.32763819104079545,1.5959507432033893e-29,0.39262474101978267,4.0648246950972869e-29,0.40648246950972872
2,311,200,77.75,0.76432382966745283,2.5924442521092585e-30,0.025924442521092585,0.32647192777432127,1.5917929507654432e-29,0.39160186974000499,4.0648246950972869e-29,0.40648246950972872
2,312,200,78,0.76334967063612524,2.5833031073562084e-30,0.025833031073562086,0.32532076429330747,1.5876677703749781e-29,0.39058702145012902,4.0648246950972869e-29,0.40648246950972872
2,313,200,78.25,0.76237709119007369,2.5742814871458713e-30,0.025742814871458713,0.32418465278798958,1.5835754679864479e-29,0.38958026157842629,4.0648246950972869e-29,0.40648246950972872
2,314,200,78.5,0.76140610718700874,2.5653790044229105e-30,0.025653790044229106,0.32306354451567942,1.5795162967059694e-29,0.38858165239230952,4.0648246950972869e-29,0.40648246950972872
2,315,200,78.75,0.7604367343156041,2.5565952648531022e-30,0.025565952648531023,0.3219573898170433,1.5754904968730494e-29,0.38759125301843844,4.0648246950972869e-29,0.40648246950972872
2,316,200,79,0.75946898809632302,2.5479298669518649e-30,0.02547929866951865,0.32086613813228798,1.5714982961440328e-29,0.38660911946324927,4.0648246950972869e-29,0.40648246950972872
2,317,200,79.25,0.75850288388225162,2.5393824022120478e-30,0.025393824022120478,0.31978973801725341,1.5675399095772291e-29,0.38563530463389684,4.0648246950972869e-29,0.40648246950972872
2,318,200,79.5,0.75753843685993871,2.5309524552309829e-30,0.02530952455230983,0.31872813715941262,1.5636155397196896e-29,0.38466985835960293,4.0648246950972869e-29,0.40648246950972872
2,319,200,79.75,0.75657566205024263,2.5226396038367366e-30,0.025226396038367366,0.31768128239377091,1.5597253766955577e-29,0.38371282741339169,4.0648246950972869e-29,0.40648246950972872
2,320,200,80,0.75561457430918433,2.514443419213617e-30,0.025144434192136172,0.31664911971867116,1.5558695982959976e-29,0.38276425553421306,4.0648246950972869e-29,0.40648246950972872
2,321,200,80.25,0.75465518832880574,2.5063634660268671e-30,0.025063634660268671,0.31563159431149668,1.5520483700706193e-29,0.38182418344943481,4.0648246950972869e-29,0.40648246950972872
2,322,200,80.5,0.75369751863803558,2.4983993025465669e-30,0.024983993025465671,0.31462865054427469,1.5482618454203836e-29,0.38089264889769808,4.0648246950972869e-29,0.40648246950972872
2,323,200,80.75,0.7527415796035597,2.4905504807707153e-30,0.024905504807707153,0.31364023199917601,1.544510165691933e-29,0.37996968665212433,4.0648246950972869e-29,0.40648246950972872
2,324,200,81,0.75178738543069701,2.4828165465474931e-30,0.024828165465474932,0.31266628148391196,1.540793460273318e-29,0.37905532854386503,4.0648246950972869e-29,0.40648246950972872
2,325,200,81.25,0.75083495016428126,2.4751970396966844e-30,0.024751970396966846,0.31170674104702528,1.5371118466910641e-29,0.37814960348598137,4.0648246950972869e-29,0.40648246950972872
2,326,200,81.5,0.7498842876895474,2.4676914941302584e-30,0.024676914941302586,0.31076155199307537,1.5334654307085597e-29,0.3772525374976492,4.0648246950972869e-29,0.40648246950972872
2,327,200,81.75,0.74893541173302403,2.4602994379721006e-30,0.024602994379721008,0.30983065489771594,1.5298543064257072e-29,0.37636415372867438,4.0648246950972869e-29,0.40648246950972872
2,328,200,82,0.7479883358634275,2.453020393676865e-30,0.024530203936768653,0.30891398962266253,1.5262785563798019e-29,0.37548447248431022,4.0648246950972869e-29,0.40648246950972872
2,329,200,82.25,0.74704307349256494,2.4458538781479762e-30,0.024458538781479761,0.30801149533055294,1.5227382516476132e-29,0.37461351125037096,4.0648246950972869e-29,0.40648246950972872
2,330,200,82.5,0.74609963787623779,2.4387994028547313e-30,0.024387994028547313,0.30712311049969376,1.5192334519486058e-29,0.3737512847186254,4.0648246950972869e-29,0.40648246950972872
2,331,200,82.75,0.74515804211515191,2.4318564739485285e-30,0.024318564739485286,0.30624877293869746,1.5157642057492883e-29,0.37289780481246809,4.0648246950972869e-29,0.40648246950972872
2,332,200,83,0.74421829915583015,2.4250245923781931e-30,0.024250245923781933,0.30538841980100567,1.5123305503686303e-29,0.37205308071285331,4.0648246950972869e-29,0.40648246950972872
2,333,200,83.25,0.74328042179152953,2.4183032540043904e-30,0.024183032540043906,0.30454198759929735,1.5089325120845153e-29,0.37121711888448383,4.0648246950972869e-29,0.40648246950972872
2,334,200,83.5,0.74234442266316192,2.4116919497131555e-30,0.024116919497131555,0.30370941221978592,1.5055701062412107e-29,0.37038992310224994,4.0648246950972869e-29,0.40648246950972872
2,335,200,83.75,0.74141031426021764,2.405190165528478e-30,0.024051901655284782,0.30289062893639718,1.5022433373577859e-29,0.36957149447790183,4.0648246950972869e-29,0.40648246950972872
2,336,200,84,0.7404781089216933,2.3987973827239833e-30,0.023987973827239835,0.30208557242483369,1.4989521992374699e-29,0.3687618314869528,4.0648246950972869e-29,0.40648246950972872
2,337,200,84.25,0.7395478188370217,2.3925130779336746e-30,0.023925130779336747,0.30129417677652065,1.495696675077896e-29,0.36796092999580099,4.0648246950972869e-29,0.40648246950972872
2,338,200,84.5,0.73861945604700474,2.3863367232617483e-30,0.023863367232617484,0.30051637551243515,1.492476737582205e-29,0.36716878328906244,4.0648246950972869e-29,0.40648246950972872
2,339,200,84.75,0.73769303244475026,2.3802677863914664e-30,0.023802677863914663,0.29975210159681687,1.4892923490709708e-29,0.36638538209710575,4.0648246950972869e-29,0.40648246950972872
2,340,200,85,0.73676855977660971,2.3743057306930866e-30,0.023743057306930868,0.29900128745075982,1.4861434615949089e-29,0.36561071462378031,4.0648246950972869e-29,0.40648246950972872
2,341,200,85.25,0.73584604964311962,2.3684500153308455e-30,0.023684500153308457,0.29826386496568491,1.4830300170483422e-29,0.36484476657433013,4.0648246950972869e-29,0.40648246950972872
2,342,200,85.5,0.73492551349994495,2.3627000953689894e-30,0.023627000953689893,0.29753976551669276,1.4799519472833797e-29,0.36408752118348336,4.0648246950972869e-29,0.40648246950972872
2,343,200,85.75,0.73400696265882348,2.3570554218768405e-30,0.023570554218768407,0.2968289199757948,1.4769091742247771e-29,0.36333895924370951,4.0648246950972869e-29,0.40648246950972872
2,344,200,86,0.73309040828851446,2.3515154420329236e-30,0.023515154420329237,0.29613125872502616,1.4739016099854574e-29,0.36259905913363905,4.0648246950972869e-29,0.40648246950972872
2,345,200,86.25,0.73217586141574642,2.3460795992281079e-30,0.02346079599228108,0.29544671166943476,1.4709291569826383e-29,0.36186779684663212,4.0648246950972869e-29,0.40648246950972872
2,346,200,86.5,0.73126333292616863,2.3407473331677952e-30,0.023407473331677954,0.29477520824994963,1.4679917080545489e-29,0.36114514601949255,4.0648246950972869e-29,0.40648246950972872
2,347,200,86.75,0.73035283356530267,2.3355180799731372e-30,0.023355180799731371,0.29411667745612791,1.465089146577699e-29,0.36043107796131757,4.0648246950972869e-29,0.40648246950972872
2,348,200,87,0.72944437393949668,2.3303912722812858e-30,0.023303912722812858,0.29347104783877931,1.4622213465846714e-29,0.35972556168247616,4.0648246950972869e-29,0.40648246950972872
2,349,200,87.25,0.72853796451687947,2.3253663393446596e-30,0.023253663393446596,0.2928382475224669,1.4593881728823967e-29,0.35902856392370641,4.0648246950972869e-29,0.40648246950972872
2,350,200,87.5,0.72763361562831641,2.3204427071292497e-30,0.023204427071292496,0.29221820421788713,1.4565894811708931e-29,0.35834004918532686,4.0648246950972869e-29,0.40648246950972872
2,351,200,87.75,0.72673133746836671,2.3156197984119412e-30,0.023156197984119411,0.29161084523412567,1.4538251181624333e-29,0.35765997975655323,4.0648246950972869e-29,0.40648246950972872
2,352,200,88,0.72583114009623984,2.3108970328768543e-30,0.023108970328768543,0.29101609749078983,1.4510949217011033e-29,0.35698831574491136,4.0648246950972869e-29,0.40648246950972872
2,353,200,88.25,0.72493303343675464,2.3062738272107184e-30,0.023062738272107187,0.29043388753001925,1.4483987208827356e-29,0.35632501510574244,4.0648246950972869e-29,0.40648246950972872
2,354,200,88.5,0.7240370272812976,2.3017495951972562e-30,0.023017495951972562,0.2898641415283717,1.4457363361751803e-29,0.35567003367179117,4.0648246950972869e-29,0.40648246950972872
2,355,200,88.75,0.72314313128878194,2.2973237478105917e-30,0.022973237478105916,0.28930678530858661,1.443107579538879e-29,0.35502332518286867,4.0648246950972869e-29,0.40648246950972872
2,356,200,89,0.72225135498660653,2.2929956933076831e-30,0.022929956933076832,0.2887617443512247,1.44051225454773e-29,0.35438484131558667,4.0648246950972869e-29,0.40648246950972872
2,357,200,89.25,0.72136170777161612,2.2887648373197638e-30,0.022887648373197639,0.28822894380618397,1.4379501565101963e-29,0.35375453171315191,4.0648246950972869e-29,0.40648246950972872
2,358,200,89.5,0.72047419891106002,2.2846305829428176e-30,0.022846305829428176,0.28770830850409296,1.4354210725906474e-29,0.35313234401521765,4.0648246950972869e-29,0.40648246950972872
2,359,200,89.75,0.71958883754355196,2.2805923308270677e-30,0.022805923308270679,0.28719976296758049,1.432924781930894e-29,0.35251822388778287,4.0648246950972869e-29,0.40648246950972872
2,360,200,90,0.71870563268002896,2.2766494792654822e-30,0.022766494792654822,0.28670323142242132,1.4304610557718935e-29,0.35191211505313319,4.0648246950972869e-29,0.40648246950972872
2,361,200,90.25,0.71782459320470982,2.2728014242813131e-30,0.022728014242813132,0.28621863780856011,1.428029657575604e-29,0.35131395931981901,4.0648246950972869e-29,0.40648246950972872
2,362,200,90.5,0.71694572787605382,2.2690475597146427e-30,0.022690475597146428,0.2857459057910105,1.425630343146949e-29,0.35072369661266001,4.0648246950972869e-29,0.40648246950972872
2,363,200,90.75,0.71606904532771865,2.2653872773079765e-30,0.022653872773079765,0.2852849587706337,1.4232628607558884e-29,0.35014126500277626,4.0648246950972869e-29,0.40648246950972872
2,364,200,91,0.71519455406951649,2.2618199667908402e-30,0.022618199667908404,0.28483571989479228,1.4209269512595417e-29,0.3495666007376324,4.0648246950972869e-29,0.40648246950972872
2,365,200,91.25,0.71432226248837105,2.2583450159634163e-30,0.022583450159634165,0.28439811206788257,1.4186223482243632e-29,0.34899963827109404,4.0648246950972869e-29,0.40648246950972872
2,366,200,91.5,0.71345217884927248,2.254961810779207e-30,0.022549618107792071,0.28397205796174463,1.4163487780483337e-29,0.3484403102934886,4.0648246950972869e-29,0.40648246950972872
2,367,200,91.75,0.71258431129623223,2.251669735426731e-30,0.022516697354267312,0.28355748002595033,1.4141059600831463e-29,0.34788854776166461,4.0648246950972869e-29,0.40648246950972872
2,368,200,92,0.71171866785323534,2.2484681724102477e-30,0.022484681724102479,0.28315430049796941,1.4118936067563595e-29,0.34734427992904315,4.0648246950972869e-29,0.40648246950972872
2,369,200,92.25,0.71085525642519309,2.2453565026295274e-30,0.022453565026295273,0.28276244141321483,1.4097114236935033e-29,0.34680743437565725,4.0648246950972869e-29,0.40648246950972872
2,370,200,92.5,0.70999408479889381,2.2423341054586495e-30,0.022423341054586494,0.28238182461496608,1.4075591098401063e-29,0.34627793703817228,4.0648246950972869e-29,0.40648246950972872
2,371,200,92.75,0.70913516064395132,2.2394003588238545e-30,0.022394003588238547,0.28201237176417338,1.4054363575836259e-29,0.34575571223988255,4.0648246950972869e-29,0.40648246950972872
2,372,200,93,0.70827849151375377,2.2365546392804264e-30,0.022365546392804265,0.2816540043491394,1.4033428528752571e-29,0.34524068272067748,4.0648246950972869e-29,0.40648246950972872
2,373,200,93.25,0.70742408484640862,2.2337963220886283e-30,0.022337963220886284,0.28130664369508229,1.4012782753515973e-29,0.34473276966697314,4.0648246950972869e-29,0.40648246950972872
2,374,200,93.5,0.70657194796568823,2.2311247812887039e-30,0.022311247812887038,0.28097021097358038,1.3992422984561619e-29,0.34423189274160632,4.0648246950972869e-29,0.40648246950972872
2,375,200,93.75,0.70572208808197157,2.2285393897749012e-30,0.022285393897749011,0.28064462721189454,1.3972345895606925e-29,0.34373797011367824,4.0648246950972869e-29,0.40648246950972872
2,376,200,94,0.7048745122931861,2.2260395193685844e-30,0.022260395193685844,0.2803298133021751,1.3952548100862838e-29,0.34325091848835315,4.0648246950972869e-29,0.40648246950972872
2,377,200,94.25,0.7040292275857456,2.2236245408903893e-30,0.022236245408903895,0.2800256900105485,1.3933026156242721e-29,0.34277065313659855,4.0648246950972869e-29,0.40648246950972872
2,378,200,94.5,0.70318624083548775,2.2212938242314549e-30,0.022212938242314548,0.27973217798608785,1.3913776560568866e-29,0.34229708792486696,4.0648246950972869e-29,0.40648246950972872
2,379,200,94.75,0.70234555880860816,2.2190467384237087e-30,0.022190467384237089,0.27944919776966376,1.3894795756776306e-29,0.34183013534471135,4.0648246950972869e-29,0.40648246950972872
2,380,200,95,0.70150718816259428,2.2168826517092478e-30,0.022168826517092479,0.27917666980268202,1.3876080133113901e-29,0.34136970654233328,4.0648246950972869e-29,0.40648246950972872
2,381,200,95.25,0.70067113544715354,2.2148009316087729e-30,0.022148009316087729,0.27891451443570137,1.3857626024342306e-29,0.3409157113480546,4.0648246950972869e-29,0.40648246950972872
2,382,200,95.5,0.69983740710514331,2.212800944989123e-30,0.022128009449891232,0.2786626519369384,1.3839429712928832e-29,0.34046805830571253,4.0648246950972869e-29,0.40648246950972872
2,383,200,95.75,0.69900600947349512,2.2108820581298855e-30,0.022108820581298858,0.27842100250065588,1.3821487430238894e-29,0.34002665470197091,4.0648246950972869e-29,0.40648246950972872
2,384,200,96,0.69817694878413816,2.2090436367891063e-30,0.022090436367891063,0.27818948625543777,1.3803795357723956e-29,0.33959140659554515,4.0648246950972869e-29,0.40648246950972872
2,385,200,96.25,0.69735023116491945,2.2072850462680792e-30,0.022072850462680794,0.27796802327234826,1.3786349628105669e-29,0.33916221884633352,4.0648246950972869e-29,0.40648246950972872
2,386,200,96.5,0.69652586264052163,2.2056056514752573e-30,0.022056056514752575,0.2777565335729803,1.3769146326556253e-29,0.33873899514445616,4.0648246950972869e-29,0.40648246950972872
2,387,200,96.75,0.69570384913337824,2.2040048169892479e-30,0.022040048169892482,0.27755493713738871,1.3752181491874718e-29,0.33832163803919163,4.0648246950972869e-29,0.40648246950972872
2,388,200,97,0.69488419646458588,2.2024819071209412e-30,0.022024819071209411,0.27736315391191413,1.373545111765901e-29,0.33791004896781329,4.0648246950972869e-29,0.40648246950972872
2,389,200,97.25,0.69406691035481349,2.2010362859747225e-30,0.022010362859747227,0.27718110381689148,1.3718951153473593e-29,0.33750412828431325,4.0648246950972869e-29,0.40648246950972872
2,390,200,97.5,0.69325199642520929,2.199667317508839e-30,0.02199667317508839,0.27700870675425238,1.3702677506012743e-29,0.33710377528802099,4.0648246950972869e-29,0.40648246950972872
2,391,200,97.75,0.69243946019830382,2.1983743655948689e-30,0.021983743655948691,0.27684588261501397,1.3686626040259024e-29,0.33670888825210332,4.0648246950972869e-29,0.40648246950972872
2,392,200,98,0.69162930709891068,2.1971567940763252e-30,0.021971567940763253,0.27669255128665898,1.3670792580636974e-29,0.33631936445194666,4.0648246950972869e-29,0.40648246950972872
2,393,200,98.25,0.69082154245502436,2.1960139668264111e-30,0.021960139668264111,0.2765486326604093,1.3655172912161932e-29,0.33593510019341954,4.0648246950972869e-29,0.40648246950972872
2,394,200,98.5,0.69001617149871408,2.194945247804891e-30,0.021949452478048911,0.27641404663838748,1.3639762781583604e-29,0.33555599084100607,4.0648246950972869e-29,0.40648246950972872
2,395,200,98.75,0.68921319936701508,2.1939500011141334e-30,0.021939500011141335,0.27628871314067455,1.3624557898524563e-29,0.3351819308458141,4.0648246950972869e-29,0.40648246950972872
2,396,200,99,0.68841263110281692,2.1930275910542965e-30,0.021930275910542966,0.27617255211225961,1.3609553936613304e-29,0.33481281377345046,4.0648246950972869e-29,0.40648246950972872
2,397,200,99.25,0.68761447165574696,2.1921773821776688e-30,0.021921773821776687,0.27606548352988308,1.3594746534611784e-29,0.33444853233175925,4.0648246950972869e-29,0.40648246950972872
2,398,200,99.5,0.68681872588305271,2.1913987393421796e-30,0.021913987393421798,0.27596742740877539,1.3580131297537403e-29,0.33408897839842461,4.0648246950972869e-29,0.40648246950972872
2,399,200,99.75,0.68602539855047928,2.1906910277640859e-30,0.02190691027764086,0.27587830380929179,1.3565703797779233e-29,0.33373404304843102,4.0648246950972869e-29,0.40648246950972872
2,400,200,100,0.68523449433314332,2.190053613069821e-30,0.021900536130698211,0.27579803284344212,1.3551459576208338e-29,0.33338361658137877,4.0648246950972869e-29,0.40648246950972872
2,401,200,100.25,0.68444601781640435,2.1894858613470358e-30,0.021894858613470358,0.27572653468131803,1.3537394143282145e-29,0.33303758854865312,4.0648246950972869e-29,0.40648246950972872
2,402,200,100.5,0.68365997349673202,2.1889871391948342e-30,0.021889871391948344,0.2756637295574198,1.3523502980142786e-29,0.33269584778044448,4.0648246950972869e-29,0.40648246950972872
2,403,200,100.75,0.68287636578256961,2.1885568137731854e-30,0.021885568137731855,0.27560953777687847,1.3509781539709101e-29,0.33235828241261361,4.0648246950972869e-29,0.40648246950972872
2,404,200,101,0.68209519899519433,2.1881942528515496e-30,0.021881942528515497,0.27556387972157959,1.3496225247762437e-29,0.3320247799134034,4.0648246950972869e-29,0.40648246950972872
2,405,200,101.25,0.68131647736957346,2.1878988248567164e-30,0.021878988248567165,0.27552667585618762,1.3482829504026046e-29,0.3316952271099935,4.0648246950972869e-29,0.40648246950972872
2,406,200,101.5,0.68054020505521762,2.1876698989198382e-30,0.021876698989198383,0.2754978467340688,1.3469589683237862e-29,0.33136951021489214,4.0648246950972869e-29,0.40648246950972872
2,407,200,101.75,0.679766386117029,2.1875068449226979e-30,0.02187506844922698,0.27547731300311806,1.3456501136216764e-29,0.33104751485216755,4.0648246950972869e-29,0.40648246950972872
2,408,200,102,0.67899502453614724,2.187409033543198e-30,0.02187409033543198,0.27546499541148706,1.3443559190922092e-29,0.33072912608351329,4.0648246950972869e-29,0.40648246950972872
2,409,200,102.25,0.67822612421078998,2.1873758363000792e-30,0.021873758363000793,0.27546081481321616,1.3430759153506338e-29,0.33041422843414625,4.0648246950972869e-29,0.40648246950972872
2,410,200,102.5,0.67745968895709097,2.187406625596885e-30,0.021874066255968851,0.27546469217377068,1.3418096309361032e-29,0.33010270591853619,4.0648246950972869e-29,0.40648246950972872
2,411,200,102.75,0.67669572250993337,2.1875007747651577e-30,0.021875007747651578,0.27547654857548093,1.3405565924155489e-29,0.32979444206596076,4.0648246950972869e-29,0.40648246950972872
2,412,200,103,0.67593422852377949,2.1876576581069041e-30,0.021876576581069042,0.27549630522288959,1.3393163244868687e-29,0.32948931994589098,4.0648246950972869e-29,0.40648246950972872
2,413,200,103.25,0.67517521057349639,2.1878766509363021e-30,0.021878766509363021,0.27552388344800444,1.3380883500813834e-29,0.32918722219319663,4.0648246950972869e-29,0.40648246950972872
2,414,200,103.5,0.67441867215517759,2.1881571296206835e-30,0.021881571296206836,0.27555920471545892,1.3368721904655825e-29,0.32888803103317743,4.0648246950972869e-29,0.40648246950972872
2,415,200,103.75,0.67366461668696087,2.1884984716207818e-30,0.021884984716207818,0.27560219062758096,1.3356673653421329e-29,0.3285916283064122,4.0648246950972869e-29,0.40648246950972872
2,416,200,104,0.67291304750984149,2.1889000555302561e-30,0.021889000555302563,0.27565276292937013,1.3344733929501519e-29,0.32829789549342736,4.0648246950972869e-29,0.40648246950972872
2,417,200,104.25,0.67216396788848243,2.1893612611145086e-30,0.021893612611145086,0.27571084351338604,1.3332897901647396e-29,0.3280067137391835,4.0648246950972869e-29,0.40648246950972872
2,418,200,104.5,0.67141738101201931,2.1898814693487811e-30,0.021898814693487811,0.27577635442454596,1.3321160725957554e-29,0.32771796387737523,4.0648246950972869e-29,0.40648246950972872
2,419,200,104.75,0.67067328999486187,2.1904600624555556e-30,0.021904600624555556,0.27584921786483474,1.3309517546858379e-29,0.32743152645454565,4.0648246950972869e-29,0.40648246950972872
2,420,200,105,0.66993169787749096,2.1910964239412565e-30,0.021910964239412564,0.2759293561979268,1.3297963498076587e-29,0.32714728175401214,4.0648246950972869e-29,0.40648246950972872
2,421,200,105.25,0.66919260762725186,2.1917899386322639e-30,0.021917899386322638,0.27601669195372125,1.3286493703604123e-29,0.32686510981960382,4.0648246950972869e-29,0.40648246950972872
2,422,200,105.5,0.66845602213914301,2.1925399927102455e-30,0.021925399927102455,0.27611114783279156,1.3275103278655221e-29,0.32658489047920669,4.0648246950972869e-29,0.40648246950972872
2,423,200,105.75,0.66772194423660036,2.193345973746809e-30,0.021933459737468089,0.27621264671074902,1.3263787330615674e-29,0.32630650336811684,4.0648246950972869e-29,0.40648246950972872
2,424,200,106,0.66699037667227812,2.1942072707374889e-30,0.021942072707374891,0.27632111164252326,1.325254095998427e-29,0.32602982795220115,4.0648246950972869e-29,0.40648246950972872
2,425,200,106.25,0.6662613221288245,2.1951232741350669e-30,0.021951232741350669,0.2764364658665579,1.3241359261306229e-29,0.32575474355086087,4.0648246950972869e-29,0.40648246950972872
2,426,200,106.5,0.66553478321965354,2.1960933758822373e-30,0.021960933758822375,0.27655863280892445,1.3230237324098724e-29,0.32548112935980067,4.0648246950972869e-29,0.40648246950972872
2,427,200,106.75,0.66481076248971316,2.1971169694436238e-30,0.02197116969443624,0.27668753608735419,1.3219170233768363e-29,0.32520886447360009,4.0648246950972869e-29,0.40648246950972872
2,428,200,107,0.66408926241624777,2.1981934498371525e-30,0.021981934498371526,0.27682309951518902,1.3208153072520616e-29,0.32493782790808629,4.0648246950972869e-29,0.40648246950972872
2,429,200,107.25,0.66337028540955756,2.1993222136647896e-30,0.021993222136647898,0.27696524710525222,1.3197180920261112e-29,0.32466789862250756,4.0648246950972869e-29,0.40648246950972872
2,430,200,107.5,0.6626538338137532,2.2005026591426461e-30,0.02200502659142646,0.27711390307363987,1.3186248855488796e-29,0.32439895554150577,4.0648246950972869e-29,0.40648246950972872
2,431,200,107.75,0.66193990990750529,2.2017341861304625e-30,0.022017341861304624,0.27726899184343362,1.3175351956180908e-29,0.32413087757688824,4.0648246950972869e-29,0.40648246950972872
2,432,200,108,0.66122851590479148,2.2030161961604804e-30,0.022030161961604806,0.27743043804833678,1.3164485300669752e-29,0.32386354364919728,4.0648246950972869e-29,0.40648246950972872
2,433,200,108.25,0.66051965395563705,2.2043480924656977e-30,0.022043480924656977,0.27759816653623232,1.3153643968511169e-29,0.32359683270907585,4.0648246950972869e-29,0.40648246950972872
2,434,200,108.5,0.6598133261468524,2.2057292800075207e-30,0.022057292800075207,0.27777210237266542,1.3142823041344724e-29,0.32333062375842919,4.0648246950972869e-29,0.40648246950972872
2,435,200,108.75,0.65910953450276566,2.207159165502829e-30,0.02207159165502829,0.27795217084425167,1.3132017603745628e-29,0.32306479587138331,4.0648246950972869e-29,0.40648246950972872
2,436,200,109,0.65840828098595094,2.208637157450437e-30,0.022086371574504372,0.27813829746200935,1.3121222744068227e-29,0.32279922821503587,4.0648246950972869e-29,0.40648246950972872
2,437,200,109.25,0.65770956749795295,2.210162666156985e-30,0.02210162666156985,0.27833040796462016,1.3110433555281187e-29,0.32253380007000287,4.0648246950972869e-29,0.40648246950972872
2,438,200,109.5,0.65701339588000551,2.2117351037622471e-30,0.022117351037622471,0.27852842832161612,1.3099645135794254e-29,0.32226839085075792,4.0648246950972869e-29,0.40648246950972872
2,439,200,109.75,0.65631976791374735,2.213353884263864e-30,0.022133538842638641,0.27873228473649425,1.3088852590276564e-29,0.32200288012576389,4.0648246950972869e-29,0.40648246950972872
2,440,200,110,0.65562868532193264,2.2150184235415214e-30,0.022150184235415215,0.2789419036497614,1.3078051030466527e-29,0.32173714763739691,4.0648246950972869e-29,0.40648246950972872
2,441,200,110.25,0.65494014976913684,2.2167281393805679e-30,0.02216728139380568,0.27915721174190866,1.3067235575973281e-29,0.32147107332166341,4.0648246950972869e-29,0.40648246950972872
2,442,200,110.5,0.65425416286245908,2.2184824514950783e-30,0.022184824514950782,0.27937813593631561,1.3056401355069598e-29,0.32120453732770654,4.0648246950972869e-29,0.40648246950972872
2,443,200,110.75,0.65357072615221923,2.220280781550382e-30,0.022202807815503819,0.27960460340208726,1.3045543505476381e-29,0.32093742003710568,4.0648246950972869e-29,0.40648246950972872
2,444,200,111,0.65288984113265081,2.2221225531850365e-30,0.022221225531850367,0.27983654155682153,1.3034657175138525e-29,0.32066960208296402,4.0648246950972869e-29,0.40648246950972872
2,445,200,111.25,0.65221150924258953,2.2240071920322931e-30,0.022240071920322933,0.28007387806931228,1.30237375229924e-29,0.32040096436878912,4.0648246950972869e-29,0.40648246950972872
2,446,200,111.5,0.65153573186615732,2.2259341257410149e-30,0.022259341257410151,0.28031654086218349,1.3012779719724668e-29,0.32013138808716135,4.0648246950972869e-29,0.40648246950972872
2,447,200,111.75,0.65086251033344156,2.2279027839960914e-30,0.022279027839960913,0.28056445811446024,1.3001778948522649e-29,0.31986075473819336,4.0648246950972869e-29,0.40648246950972872
2,448,200,112,0.65019184592117074,2.2299125985383343e-30,0.022299125985383344,0.28081755826407429,1.2990730405816087e-29,0.31958894614777894,4.0648246950972869e-29,0.40648246950972872
2,449,200,112.25,0.64952373985338507,2.2319630031838662e-30,0.022319630031838664,0.28107577001030548,1.2979629302010364e-29,0.31931584448563066,4.0648246950972869e-29,0.40648246950972872
2,450,200,112.5,0.64885819330210204,2.2340534338430168e-30,0.022340534338430168,0.2813390223161617,1.2968470862211165e-29,0.31904133228310799,4.0648246950972869e-29,0.40648246950972872
2,451,200,112.75,0.64819520738797909,2.2361833285387161e-30,0.022361833285387163,0.2816072444106949,1.2957250326940575e-29,0.31876529245083368,4.0648246950972869e-29,0.40648246950972872
2,452,200,113,0.64753478318097013,2.2383521274244094e-30,0.022383521274244096,0.28188036579125725,1.2945962952844576e-29,0.31848760829609968,4.0648246950972869e-29,0.40648246950972872
2,453,200,113.25,0.64687692170097921,2.2405592728014816e-30,0.022405592728014817,0.28215831622569559,1.2934604013392025e-29,0.31820816354006259,4.0648246950972869e-29,0.40648246950972872
2,454,200,113.5,0.64622162391850813,2.2428042091362196e-30,0.022428042091362198,0.28244102575448732,1.2923168799565037e-29,0.31792684233472795,4.0648246950972869e-29,0.40648246950972872
2,455,200,113.75,0.64556889075530133,2.2450863830762902e-30,0.022450863830762904,0.28272842469281551,1.2911652620540779e-29,0.31764352927972345,4.0648246950972869e-29,0.40648246950972872
2,456,200,114,0.64491872308498477,2.2474052434667718e-30,0.02247405243466772,0.28302044363258788,1.2900050804364765e-29,0.31735810943886267,4.0648246950972869e-29,0.40648246950972872
2,457,200,114.25,0.64427112173370127,2.2497602413657146e-30,0.022497602413657145,0.28331701344439647,1.2888358698615525e-29,0.31707046835649716,4.0648246950972869e-29,0.40648246950972872
2,458,200,114.5,0.64362608748074157,2.2521508300592658e-30,0.022521508300592658,0.28361806527942213,1.2876571671060785e-29,0.31678049207365877,4.0648246950972869e-29,0.40648246950972872
2,459,200,114.75,0.64298362105916995,2.2545764650763299e-30,0.0225457646507633,0.28392353057128078,1.2864685110305033e-29,0.31648806714399114,4.0648246950972869e-29,0.40648246950972872
2,460,200,115,0.64234372315644706,2.2570366042028146e-30,0.022570366042028146,0.28423334103781756,1.2852694426428624e-29,0.3161930806494721,4.0648246950972869e-29,0.40648246950972872
2,461,200,115.25,0.64170639441504629,2.2595307074954257e-30,0.022595307074954257,0.28454742868284383,1.2840595051618316e-29,0.3158954202159262,4.0648246950972869e-29,0.40648246950972872
2,462,200,115.5,0.64107163543306833,2.2620582372950445e-30,0.022620582372950445,0.28486572579782221,1.2828382440789312e-29,0.3155949740283272,4.0648246950972869e-29,0.40648246950972872
2,463,200,115.75,0.64043944676484799,2.2646186582396765e-30,0.022646186582396765,0.28518816496349669,1.281605207219874e-29,0.31529163084589068,4.0648246950972869e-29,0.40648246950972872
2,464,200,116,0.63980982892156046,2.267211437276998e-30,0.022672114372769982,0.28551467905147315,1.2803599448050771e-29,0.31498528001696102,4.0648246950972869e-29,0.40648246950972872
2,465,200,116.25,0.63918278237182014,2.2698360436764797e-30,0.022698360436764799,0.28584520122574569,1.2791020095093121e-29,0.31467581149368562,4.0648246950972869e-29,0.40648246950972872
2,466,200,116.5,0.63855830754227627,2.2724919490411174e-30,0.022724919490411173,0.28617966494417435,1.2778309565205189e-29,0.31436311584648435,4.0648246950972869e-29,0.40648246950972872
2,467,200,116.75,0.63793640481820491,2.2751786273187578e-30,0.02275178627318758,0.28651800395991095,1.2765463435977726e-29,0.3140470842783098,4.0648246950972869e-29,0.40648246950972872
2,468,200,117,0.63731707454409481,2.2778955548130371e-30,0.022778955548130371,0.2868601523227769,1.2752477311284042e-29,0.31372760863869986,4.0648246950972869e-29,0.40648246950972872
2,469,200,117.25,0.6367003170242308,2.2806422101939273e-30,0.022806422101939273,0.28720604438059122,1.2739346821842857e-29,0.31340458143762473,4.0648246950972869e-29,0.40648246950972872
2,470,200,117.5,0.63608613252327195,2.2834180745079138e-30,0.02283418074507914,0.28755561478045216,1.2726067625772762e-29,0.31307789585912704,4.0648246950972869e-29,0.40648246950972872
2,471,200,117.75,0.63547452126682491,2.2862226311877792e-30,0.022862226311877794,0.28790879846996953,1.2712635409138252e-29,0.31274744577475533,4.0648246950972869e-29,0.40648246950972872
2,472,200,118,0.6348654834420141,2.2890553660620379e-30,0.022890553660620379,0.28826553069845251,1.2699045886487503e-29,0.31241312575679397,4.0648246950972869e-29,0.40648246950972872
2,473,200,118.25,0.63425901919804728,2.2919157673639884e-30,0.022919157673639886,0.28862574701804983,1.268529480138174e-29,0.31207483109128603,4.0648246950972869e-29,0.40648246950972872
2,474,200,118.5,0.63365512864677587,2.2948033257404212e-30,0.022948033257404212,0.28898938328484625,1.2671377926916363e-29,0.31173245779085407,4.0648246950972869e-29,0.40648246950972872
2,475,200,118.75,0.63305381186325227,2.2977175342599605e-30,0.022977175342599607,0.28935637565991323,1.2657291066233759e-29,0.3113859026073158,4.0648246950972869e-29,0.40648246950972872
2,476,200,119,0.63245506888628233,2.3006578884210705e-30,0.023006578884210704,0.28972666061031699,1.2643030053027897e-29,0.31103506304409767,4.0648246950972869e-29,0.40648246950972872
2,477,200,119.25,0.63185889971897391,2.3036238861597083e-30,0.023036238861597082,0.29010017491008239,1.262859075204065e-29,0.31067983736844523,4.0648246950972869e-29,0.40648246950972872
2,478,200,119.5,0.63126530432928041,2.3066150278566447e-30,0.023066150278566448,0.2904768556411147,1.2613969059549951e-29,0.31032012462343228,4.0648246950972869e-29,0.40648246950972872
2,479,200,119.75,0.63067428265054104,2.3096308163444536e-30,0.023096308163444539,0.29085664019407992,1.259916090384978e-29,0.30995582463976917,4.0648246950972869e-29,0.40648246950972872
2,480,200,120,0.63008583458201672,2.3126707569141707e-30,0.023126707569141709,0.2912394662692433,1.2584162245721971e-29,0.30958683804741016,4.0648246950972869e-29,0.40648246950972872
2,481,200,120.25,0.62949995998942121,2.3157343573216319e-30,0.023157343573216319,0.29162527187726761,1.256896907889992e-29,0.30921306628696066,4.0648246950972869e-29,0.40648246950972872
2,482,200,120.5,0.62891665870544844,2.3188211277934947e-30,0.023188211277934946,0.29201399533997113,1.2553577430524199e-29,0.30883441162088648,4.0648246950972869e-29,0.40648246950972872
2,483,200,120.75,0.62833593053029613,2.3219305810329509e-30,0.023219305810329511,0.2924055752910476,1.2537983361590154e-29,0.30845077714452507,4.0648246950972869e-29,0.40648246950972872
2,484,200,121,0.62775777523218446,2.3250622322251269e-30,0.023250622322251269,0.29279995067674575,1.2522182967387381e-29,0.30806206679689729,4.0648246950972869e-29,0.40648246950972872
2,485,200,121.25,0.627182192547871,2.3282155990421841e-30,0.023282155990421841,0.29319706075651181,1.2506172377931296e-29,0.30766818537132451,4.0648246950972869e-29,0.40648246950972872
2,486,200,121.5,0.62660918218316208,2.3313902016481303e-30,0.023313902016481303,0.29359684510359563,1.2489947758386706e-29,0.30726903852584897,4.0648246950972869e-29,0.40648246950972872
2,487,200,121.75,0.62603874381341851,2.3345855627033225e-30,0.023345855627033226,0.2939992436056173,1.2473505309483422e-29,0.30686453279345871,4.0648246950972869e-29,0.40648246950972872
2,488,200,122,0.62547087708405946,2.3378012073686973e-30,0.023378012073686973,0.29440419646510041,1.2456841267924002e-29,0.30645457559211819,4.0648246950972869e-29,0.40648246950972872
2,489,200,122.25,0.6249055816110598,2.3410366633097173e-30,0.023410366633097174,0.29481164419996847,1.2439951906783638e-29,0.30603907523460622,4.0648246950972869e-29,0.40648246950972872
2,490,200,122.5,0.62434285698144609,2.3442914607000312e-30,0.023442914607000313,0.29522152764400633,1.2422833535902183e-29,0.30561794093816036,4.0648246950972869e-29,0.40648246950972872
2,491,200,122.75,0.62378270275378589,2.3475651322248691e-30,0.02347565132224869,0.29563378794728734,1.2405482502268381e-29,0.30519108283392943,4.0648246950972869e-29,0.40648246950972872
2,492,200,123,0.6232251184586749,2.3508572130841684e-30,0.023508572130841687,0.29604836657656741,1.2387895190396358e-29,0.30475841197623577,4.0648246950972869e-29,0.40648246950972872
2,493,200,123.25,0.62267010359921926,2.354167240995428e-30,0.023541672409954282,0.29646520531564402,1.2370068022694346e-29,0.304319840351646,4.0648246950972869e-29,0.40648246950972872
2,494,200,123.5,0.62211765765151428,2.3574947561963199e-30,0.023574947561963201,0.29688424626568555,1.2351997459825772e-29,0.30387528088785487,4.0648246950972869e-29,0.40648246950972872
2,495,200,123.75,0.62156778006511915,2.3608393014470306e-30,0.023608393014470305,0.29730543184552571,1.2333680001062651e-29,0.30342464746237868,4.0648246950972869e-29,0.40648246950972872
2,496,200,124,0.62102047026352747,2.3642004220323604e-30,0.023642004220323604,0.29772870479192826,1.2315112184631374e-29,0.30296785491106221,4.0648246950972869e-29,0.40648246950972872
2,497,200,124.25,0.62047572764463355,2.3675776657635735e-30,0.023675776657635737,0.29815400815981968,1.2296290588050886e-29,0.30250481903639853,4.0648246950972869e-29,0.40648246950972872
2,498,200,124.5,0.61993355158119667,2.3709705829800171e-30,0.023709705829800171,0.29858128532249339,1.2277211828463422e-29,0.30203545661566544,4.0648246950972869e-29,0.40648246950972872
2,499,200,124.75,0.61939394142129822,2.3743787265504822e-30,0.023743787265504822,0.29901047997178093,1.2257872562957572e-29,0.30155968540887329,4.0648246950972869e-29,0.40648246950972872
2,500,200,125,0.61885689648879838,2.3778016518743587e-30,0.023778016518743589,0.29944153611819729,1.2238269488884065e-29,0.3010774241665336,4.0648246950972869e-29,0.40648246950972872
2,501,200,125.25,0.61832241608378613,2.3812389168825402e-30,0.023812389168825401,0.29987439809105521,1.221839934416398e-29,0.30058859263724158,4.0648246950972869e-29,0.40648246950972872
2,502,200,125.5,0.61779049948302767,2.3846900820381204e-30,0.023846900820381205,0.30030901053855263,1.2198258907589661e-29,0.3000931115750789,4.0648246950972869e-29,0.40648246950972872
2,503,200,125.75,0.61726114594040971,2.3881547103368604e-30,0.023881547103368605,0.30074531842783159,1.2177844999118246e-29,0.29959090274683503,4.0648246950972869e-29,0.40648246950972872
2,504,200,126,0.61673435468737881,2.3916323673074428e-30,0.023916323673074429,0.30118326704501019,1.2157154480157878e-29,0.29908188893904836,4.0648246950972869e-29,0.40648246950972872
2,505,200,126.25,0.61621012493337823,2.3951226210115182e-30,0.023951226210115181,0.30162280199518854,1.213618425384671e-29,0.29856599396486999,4.0648246950972869e-29,0.40648246950972872
2,506,200,126.5,0.61568845586628018,2.3986250420435393e-30,0.023986250420435395,0.30206386920242778,1.2114931265324601e-29,0.29804314267074794,4.0648246950972869e-29,0.40648246950972872
2,507,200,126.75,0.61516934665281331,2.4021392035303947e-30,0.024021392035303946,0.30250641490970404,1.2093392501997693e-29,0.29751326094293595,4.0648246950972869e-29,0.40648246950972872
2,508,200,127,0.61465279643898896,2.4056646811308403e-30,0.024056646811308403,0.30295038567883675,1.20715649937958e-29,0.29697627571382584,4.0648246950972869e-29,0.40648246950972872
2,509,200,127.25,0.61413880435052159,2.4092010530347421e-30,0.024092010530347423,0.30339572839039336,1.2049445813422754e-29,0.29643211496810601,4.0648246950972869e-29,0.40648246950972872
2,510,200,127.5,0.61362736949324637,2.412747899962119e-30,0.024127478999621192,0.30384239024356885,1.2027032076599604e-29,0.29588070774874464,4.0648246950972869e-29,0.40648246950972872
2,511,200,127.75,0.61311849095353355,2.4163048051620046e-30,0.024163048051620048,0.30429031875604212,1.2004320942300895e-29,0.29532198416280248,4.0648246950972869e-29,0.40648246950972872
2,512,200,128,0.61261216779869732,2.4198713544111213e-30,0.024198713544111215,0.30473946176380934,1.1981309612983872e-29,0.2947558753870716,4.0648246950972869e-29,0.40648246950972872
2,513,200,128.25,0.612108399077404,2.4234471360123731e-30,0.02423447136012373,0.30518976742099396,1.195799533481083e-29,0.29418231367354525,4.0648246950972869e-29,0.40648246950972872
2,514,200,128.5,0.61160718382007417,2.4270317407931716e-30,0.024270317407931716,0.30564118419963604,1.1934375397864561e-29,0.29360123235471841,4.0648246950972869e-29,0.40648246950972872
2,515,200,128.75,0.61110852103928193,2.4306247621035757e-30,0.024306247621035757,0.30609366088945777,1.191044713635687e-29,0.29301256584871754,4.0648246950972869e-29,0.40648246950972872
2,516,200,129,0.61061240973015163,2.4342257958142746e-30,0.024342257958142748,0.30654714659760973,1.1886207928830446e-29,0.2924162496642666,4.0648246950972869e-29,0.40648246950972872
2,517,200,129.25,0.61011884887074908,2.4378344403143951e-30,0.024378344403143952,0.30700159074839445,1.1861655198353775e-29,0.29181222040548244,4.0648246950972869e-29,0.40648246950972872
2,518,200,129.5,0.60962783742247106,2.4414502965091553e-30,0.024414502965091553,0.30745694308297122,1.183678641270951e-29,0.2912004157765089,4.0648246950972869e-29,0.40648246950972872
2,519,200,129.75,0.60913937433043097,2.4450729678173584e-30,0.024450729678173584,0.30791315365904032,1.1811599084576079e-29,0.29058077458598447,4.0648246950972869e-29,0.40648246950972872
2,520,200,130,0.60865345852383945,2.4487020601687258e-30,0.024487020601687261,0.30837017285050722,1.1786090771702635e-29,0.28995323675134649,4.0648246950972869e-29,0.40648246950972872
2,521,200,130.25,0.60817008891638402,2.4523371820010884e-30,0.024523371820010884,0.30882795134712887,1.1760259077077515e-29,0.28931774330297522,4.0648246950972869e-29,0.40648246950972872
2,522,200,130.5,0.60768926440660354,2.4559779442574212e-30,0.024559779442574214,0.3092864401541402,1.1734101649090059e-29,0.28867423638817508,4.0648246950972869e-29,0.40648246950972872
2,523,200,130.75,0.60721098387825923,2.4596239603827393e-30,0.024596239603827393,0.30974559059186335,1.1707616181685972e-29,0.28802265927499648,4.0648246950972869e-29,0.40648246950972872
2,524,200,131,0.60673524620070407,2.4632748463208531e-30,0.02463274846320853,0.310205354295299,1.168080041451627e-29,0.2873629563559002,4.0648246950972869e-29,0.40648246950972872
2,525,200,131.25,0.60626205022924606,2.4669302205109765e-30,0.024669302205109767,0.31066568321369908,1.1653652133079696e-29,0.28669507315126119,4.0648246950972869e-29,0.40648246950972872
2,526,200,131.5,0.60579139480551092,2.4705897038842171e-30,0.02470589703884217,0.31112652961012516,1.1626169168858926e-29,0.28601895631271912,4.0648246950972869e-29,0.40648246950972872
2,527,200,131.75,0.60532327875779945,2.4742529198599164e-30,0.024742529198599164,0.31158784606098699,1.1598349399450324e-29,0.28533455362637061,4.0648246950972869e-29,0.40648246950972872
2,528,200,132,0.60485770090144231,2.4779194943418751e-30,0.02477919494341875,0.31204958545556771,1.1570190748687455e-29,0.28464181401580801,4.0648246950972869e-29,0.40648246950972872
2,529,200,132.25,0.60439466003915199,2.48158905571445e-30,0.024815890557144501,0.31251170099553199,1.1541691186758419e-29,0.28394068754500573,4.0648246950972869e-29,0.40648246950972872
2,530,200,132.5,0.60393415496137048,2.4852612348385271e-30,0.024852612348385272,0.31297414619441893,1.1512848730316924e-29,0.28323112542105283,4.0648246950972869e-29,0.40648246950972872
2,531,200,132.75,0.60347618444661444,2.4889356650473741e-30,0.024889356650473742,0.31343687487712002,1.1483661442587236e-29,0.28251307999673497,4.0648246950972869e-29,0.40648246950972872
2,532,200,133,0.60302074726181698,2.492611982142381e-30,0.024926119821423811,0.31389984117934233,1.1454127433463046e-29,0.28178650477296668,4.0648246950972869e-29,0.40648246950972872
2,533,200,133.25,0.60256784216266623,2.4962898243886917e-30,0.024962898243886918,0.31436299954705882,1.1424244859600264e-29,0.28105135440107432,4.0648246950972869e-29,0.40648246950972872
2,534,200,133.5,0.60211746789394038,2.499968832510711e-30,0.02499968832510711,0.3148263047359422,1.1394011924503807e-29,0.28030758468493078,4.0648246950972869e-29,0.40648246950972872
2,535,200,133.75,0.60166962318983974,2.5036486496875221e-30,0.025036486496875222,0.31528971181078791,1.1363426878608412e-29,0.27955515258294411,4.0648246950972869e-29,0.40648246950972872
2,536,200,134,0.60122430677431649,2.5073289215481894e-30,0.025073289215481895,0.31575317614492282,1.1332488019353549e-29,0.27879401620990002,4.0648246950972869e-29,0.40648246950972872
2,537,200,134.25,0.60078151736139973,2.51100929616696e-30,0.025110092961669602,0.31621665341960059,1.130119369125243e-29,0.27802413483865995,4.0648246950972869e-29,0.40648246950972872
2,538,200,134.5,0.60034125365551838,2.5146894240583748e-30,0.025146894240583747,0.31668009962338634,1.1269542285955189e-29,0.2772454689017152,4.0648246950972869e-29,0.40648246950972872
2,539,200,134.75,0.59990351435182154,2.5183689581722754e-30,0.025183689581722755,0.31714347105152763,1.1237532242306305e-29,0.27645797999259958,4.0648246950972869e-29,0.40648246950972872
2,540,200,135,0.59946829813649416,2.522047553888721e-30,0.025220475538887212,0.31760672430531439,1.120516204639624e-29,0.27566163086715989,4.0648246950972869e-29,0.40648246950972872
2,541,200,135.25,0.59903560368707098,2.5257248690128154e-30,0.025257248690128156,0.3180698162914275,1.117243023160738e-29,0.27485638544468599,4.0648246950972869e-29,0.40648246950972872
2,542,200,135.5,0.59860542967274732,2.5294005637694492e-30,0.025294005637694492,0.31853270422127666,1.1139335378654373e-29,0.27404220880890329,4.0648246950972869e-29,0.40648246950972872
2,543,200,135.75,0.59817777475468614,2.5330743007979516e-30,0.025330743007979516,0.31899534561032689,1.110587611561877e-29,0.27321906720882494,4.0648246950972869e-29,0.40648246950972872
2,544,200,136,0.59775263758632313,2.536745745146665e-30,0.025367457451466652,0.31945769827741521,1.10720511179782e-29,0.27238692805946957,4.0648246950972869e-29,0.40648246950972872
2,545,200,136.25,0.5973300168136676,2.5404145642674353e-30,0.025404145642674354,0.31991972034405702,1.1037859108629942e-29,0.27154575994244112,4.0648246950972869e-29,0.40648246950972872
2,546,200,136.5,0.59690991107560121,2.5440804280100257e-30,0.025440804280100256,0.3203813702337423,1.1003298857909007e-29,0.27069553260637369,4.0648246950972869e-29,0.40648246950972872
2,547,200,136.75,0.59649231900417465,2.5477430086164663e-30,0.025477430086164665,0.32084260667122427,1.0968369183600938e-29,0.26983621696724669,4.0648246950972869e-29,0.40648246950972872
2,548,200,137,0.59607723922489864,2.5514019807153106e-30,0.025514019807153107,0.32130338868179603,1.0933068950948979e-29,0.26896778510856073,4.0648246950972869e-29,0.40648246950972872
2,549,200,137.25,0.59566467035703563,2.5550570213158423e-30,0.025550570213158423,0.32176367559056107,1.0897397072656115e-29,0.26809021028138824,4.0648246950972869e-29,0.40648246950972872
2,550,200,137.5,0.59525461101388566,2.5587078098022053e-30,0.025587078098022055,0.32222342702169388,1.0861352508881711e-29,0.26720346690429059,4.0648246950972869e-29,0.40648246950972872
2,551,200,137.75,0.59484705980307062,2.5623540279274674e-30,0.025623540279274673,0.32268260289769252,1.0824934267232859e-29,0.2663075305631053,4.0648246950972869e-29,0.40648246950972872
2,552,200,138,0.59444201532681662,2.5659953598076284e-30,0.025659953598076286,0.32314116343862415,1.0788141402750624e-29,0.26540237801060745,4.0648246950972869e-29,0.40648246950972872
2,553,200,138.25,0.59403947618223074,2.5696314919155601e-30,0.0256963149191556,0.32359906916136155,1.0750973017890989e-29,0.26448798716604127,4.0648246950972869e-29,0.40648246950972872
2,554,200,138.5,0.5936394409615785,2.5732621130748903e-30,0.025732621130748902,0.32405628087881333,1.0713428262500777e-29,0.26356433711452748,4.0648246950972869e-29,0.40648246950972872
2,555,200,138.75,0.59324190825255596,2.576886914453839e-30,0.025768869144538391,0.32451275969914728,1.0675506333788444e-29,0.26263140810634489,4.0648246950972869e-29,0.40648246950972872
2,556,200,139,0.59284687663855995,2.5805055895589899e-30,0.025805055895589898,0.32496846702500637,1.0637206476289822e-29,0.26168918155608756,4.0648246950972869e-29,0.40648246950972872
2,557,200,139.25,0.59245434469895575,2.5841178342290103e-30,0.025841178342290102,0.32542336455271775,1.0598527981828875e-29,0.26073764004169958,4.0648246950972869e-29,0.40648246950972872
2,558,200,139.5,0.59206431100934209,2.5877233466283385e-30,0.025877233466283386,0.32587741427149775,1.0559470189473537e-29,0.25977676730338817,4.0648246950972869e-29,0.40648246950972872
2,559,200,139.75,0.59167677414181252,2.5913218272408005e-30,0.025913218272408004,0.3263305784626479,1.0520032485486554e-29,0.25880654824241489,4.0648246950972869e-29,0.40648246950972872
2,560,200,140,0.59129173266521573,2.5949129788632004e-30,0.025949129788632005,0.32678281969874812,1.0480214303271569e-29,0.25782696891976881,4.0648246950972869e-29,0.40648246950972872
2,561,200,140.25,0.59090918514541146,2.5984965065988569e-30,0.025984965065988571,0.32723410084284238,1.0440015123314268e-29,0.25683801655471883,4.0648246950972869e-29,0.40648246950972872
2,562,200,140.5,0.59052913014552555,2.602072117851106e-30,0.02602072117851106,0.32768438504762076,1.0399434473118837e-29,0.25583967952325037,4.0648246950972869e-29,0.40648246950972872
2,563,200,140.75,0.59015156622620024,2.605639522316756e-30,0.02605639522316756,0.32813363575459503,1.0358471927139614e-29,0.25483194735638398,4.0648246950972869e-29,0.40648246950972872
2,564,200,141,0.58977649194584447,2.6091984319795208e-30,0.02609198431979521,0.3285818166932718,1.0317127106708075e-29,0.25381481073837914,4.0648246950972869e-29,0.40648246950972872
2,565,200,141.25,0.58940390586087887,2.6127485611033959e-30,0.026127485611033962,0.32902889188031825,1.0275399679955154e-29,0.25278826150482298,4.0648246950972869e-29,0.40648246950972872
2,566,200,141.5,0.58903380652598059,2.6162896262260251e-30,0.026162896262260253,0.32947482561872693,1.0233289361728941e-29,0.25175229264060595,4.0648246950972869e-29,0.40648246950972872
2,567,200,141.75,0.58866619249432395,2.6198213461520215e-30,0.026198213461520216,0.32991958249697451,1.0190795913507842e-29,0.25070689827778508,4.0648246950972869e-29,0.40648246950972872
2,568,200,142,0.58830106231781931,2.6233434419462577e-30,0.026233434419462579,0.33036312738817691,1.0147919143309153e-29,0.24965207369333486,4.0648246950972869e-29,0.40648246950972872
2,569,200,142.25,0.58793841454734919,2.6268556369271419e-30,0.026268556369271421,0.33080542544924252,1.0104658905593179e-29,0.24858781530678867,4.0648246950972869e-29,0.40648246950972872
2,570,200,142.5,0.58757824773300216,2.6303576566598557e-30,0.026303576566598558,0.33124644212002052,1.0061015101162921e-29,0.24751412067777062,4.0648246950972869e-29,0.40648246950972872
2,571,200,142.75,0.58722056042430393,2.6338492289495751e-30,0.026338492289495752,0.33168614312244737,1.0016987677059307e-29,0.24643098850341838,4.0648246950972869e-29,0.40648246950972872
2,572,200,143,0.58686535117044625,2.6373300838346609e-30,0.02637330083834661,0.33212449445968906,9.9725766264520994e-30,0.24533841861569919,4.0648246950972869e-29,0.40648246950972872
2,573,200,143.25,0.58651261852051317,2.6407999535798441e-30,0.026407999535798442,0.33256146241528312,9.9277819885264794e-30,0.24423641197861964,4.0648246950972869e-29,0.40648246950972872
2,574,200,143.5,0.586162361023705,2.6442585726693784e-30,0.026442585726693783,0.33299701355227618,9.88260384836529e-30,0.24312497068532893,4.0648246950972869e-29,0.40648246950972872
2,575,200,143.75,0.58581457722955987,2.6477056778001779e-30,0.02647705677800178,0.33343111471235981,9.8370423368271068e-30,0.24200409795511904,4.0648246950972869e-29,0.40648246950972872
2,576,200,144,0.58546926568817326,2.6511410078749532e-30,0.026511410078749534,0.33386373301500627,9.7910976304200924e-30,0.24087379813032142,4.0648246950972869e-29,0.40648246950972872
2,577,200,144.25,0.585126424950414,2.6545643039953128e-30,0.026545643039953128,0.33429483585659941,9.7447699511716158e-30,0.23973407667309957,4.0648246950972869e-29,0.40648246950972872
2,578,200,144.5,0.58478605356813973,2.6579753094548683e-30,0.026579753094548682,0.33472439090956679,9.6980595664938634e-30,0.23858494016214274,4.0648246950972869e-29,0.40648246950972872
2,579,200,144.75,0.58444815009440809,2.6613737697323223e-30,0.026613737697323222,0.33515236612150906,9.6509667890452589e-30,0.2374263962892568,4.0648246950972869e-29,0.40648246950972872
2,580,200,145,0.58411271308368728,2.6647594324845538e-30,0.026647594324845539,0.335578729714329,9.6034919765879334e-30,0.23625845385585773,4.0648246950972869e-29,0.40648246950972872
2,581,200,145.25,0.58377974109206354,2.6681320475396872e-30,0.026681320475396873,0.33600345018335903,9.5556355318411254e-30,0.23508112276936513,4.0648246950972869e-29,0.40648246950972872
2,582,200,145.5,0.58344923267744586,2.6714913668901622e-30,0.026714913668901621,0.3364264962964883,9.5073979023306184e-30,0.23389441403949821,4.0648246950972869e-29,0.40648246950972872
2,583,200,145.75,0.58312118639976951,2.674837144685797e-30,0.026748371446857971,0.33684783709328914,9.4587795802343151e-30,0.23269833977447654,4.0648246950972869e-29,0.40648246950972872
2,584,200,146,0.58279560082119675,2.6781691372268539e-30,0.026781691372268539,0.33726744188414376,9.4097811022238529e-30,0.23149291317712389,4.0648246950972869e-29,0.40648246950972872
2,585,200,146.25,0.58247247450631523,2.6814871029570915e-30,0.026814871029570916,0.33768528024936934,9.3604030493024129e-30,0.23027814854087778,4.0648246950972869e-29,0.40648246950972872
2,586,200,146.5,0.58215180602233463,2.6847908024568317e-30,0.026847908024568316,0.33810132203834498,9.3106460466387172e-30,0.22905406124570588,4.0648246950972869e-29,0.40648246950972872
2,587,200,146.75,0.58183359393928014,2.6880799984360159e-30,0.02688079998436016,0.33851553736863732,9.2605107633972148e-30,0.2278206677539282,4.0648246950972869e-29,0.40648246950972872
2,588,200,147,0.58151783683018543,2.6913544557272752e-30,0.026913544557272753,0.33892789662512751,9.2099979125646209e-30,0.22657798560594974,4.0648246950972869e-29,0.40648246950972872
2,589,200,147.25,0.58120453327128163,2.6946139412789971e-30,0.026946139412789973,0.33933837045913856,9.1591082507726648e-30,0.22532603341589993,4.0648246950972869e-29,0.40648246950972872
2,590,200,147.5,0.58089368184218537,2.6978582241483949e-30,0.026978582241483948,0.33974692978756221,9.1078425781172372e-30,0.22406483086718335,4.0648246950972869e-29,0.40648246950972872
2,591,200,147.75,0.58058528112608454,2.7010870754945998e-30,0.027010870754946001,0.34015354579198914,9.0562017379739402e-30,0.22279439870794207,4.0648246950972869e-29,0.40648246950972872
2,592,200,148,0.58027932970992135,2.7043002685717414e-30,0.027043002685717413,0.34055818991783754,9.0041866168099668e-30,0.22151475874642762,4.0648246950972869e-29,0.40648246950972872
2,593,200,148.25,0.57997582618457388,2.7074975787220519e-30,0.027074975787220519,0.3409608338734848,8.9517981439925395e-30,0.22022593384628825,4.0648246950972869e-29,0.40648246950972872
2,594,200,148.5,0.57967476914503546,2.7106787833689757e-30,0.027106787833689756,0.34136144962939968,8.899037291593792e-30,0.21892794792176895,4.0648246950972869e-29,0.40648246950972872
2,595,200,148.75,0.57937615719059155,2.7138436620102916e-30,0.027138436620102915,0.34176000941727613,8.8459050741921479e-30,0.21762082593282492,4.0648246950972869e-29,0.40648246950972872
2,596,200,149,0.57907998892499535,2.716991996211246e-30,0.02716991996211246,0.34215648572916868,8.7924025486703555e-30,0.21630459388015305,4.0648246950972869e-29,0.40648246950972872
2,597,200,149.25,0.5787862629566406,2.7201235695977075e-30,0.027201235695977075,0.34255085131663043,8.7385308140100225e-30,0.21497927880013717,4.0648246950972869e-29,0.40648246950972872
2,598,200,149.5,0.57849497789873316,2.7232381678493319e-30,0.027232381678493321,0.34294307918985201,8.6842910110828997e-30,0.21364490875971345,4.0648246950972869e-29,0.40648246950972872
2,599,200,149.75,0.57820613236945972,2.7263355786927431e-30,0.027263355786927432,0.34333314261680314,8.6296843224387453e-30,0.21230151285115148,4.0648246950972869e-29,0.40648246950972872
2,600,200,150,0.57791972499215483,2.729415591894732e-30,0.027294155918947322,0.34372101512237607,8.574711972089926e-30,0.21094912118675516,4.0648246950972869e-29,0.40648246950972872
2,601,200,150.25,0.57763575439546666,2.7324779992554815e-30,0.027324779992554817,0.34410667048753218,8.5193752252928323e-30,0.2095877648934853,4.0648246950972869e-29,0.40648246950972872
2,602,200,150.5,0.57735421921351981,2.7355225946018064e-30,0.027355225946018063,0.34449008274845111,8.4636753883259702e-30,0.20821747610750041,4.0648246950972869e-29,0.40648246950972872
2,603,200,150.75,0.57707511808607681,2.7385491737804097e-30,0.027385491737804097,0.344871226195681,8.4076138082649637e-30,0.20683828796862141,4.0648246950972869e-29,0.40648246950972872
2,604,200,151,0.5767984496586972,2.7415575346511686e-30,0.027415575346511685,0.34525007537329339,8.3511918727543499e-30,0.20545023461471748,4.0648246950972869e-29,0.40648246950972872
2,605,200,151.25,0.57652421258289521,2.7445474770804454e-30,0.027445474770804456,0.34562660507804055,8.2944110097762839e-30,0.20405335117601589,4.0648246950972869e-29,0.40648246950972872
2,606,200,151.5,0.57625240551629542,2.7475188029344156e-30,0.027475188029344157,0.34600079035851555,8.2372726874162035e-30,0.20264767376933715,4.0648246950972869e-29,0.40648246950972872
2,607,200,151.75,0.57598302712278593,2.7504713160724278e-30,0.027504713160724278,0.34637260651431584,8.1797784136253713e-30,0.20123323949225314,4.0648246950972869e-29,0.40648246950972872
2,608,200,152,0.57571607607267117,2.7534048223403847e-30,0.027534048223403849,0.34674202909520985,8.121929735980494e-30,0.1998100864171734,4.0648246950972869e-29,0.40648246950972872
2,609,200,152.25,0.57545155104282064,2.7563191295641565e-30,0.027563191295641564,0.34710903390030728,8.0637282414403213e-30,0.19837825358535727,4.0648246950972869e-29,0.40648246950972872
2,610,200,152.5,0.57518945071681793,2.7592140475430207e-30,0.027592140475430207,0.3474735969772334,8.0051755560992935e-30,0.19693778100085318,4.0648246950972869e-29,0.40648246950972872
2,611,200,152.75,0.57492977378510668,2.7620893880431314e-30,0.027620893880431315,0.34783569462130615,7.9462733449383471e-30,0.19548870962436823,4.0648246950972869e-29,0.40648246950972872
2,612,200,153,0.57467251894513482,2.7649449647910167e-30,0.027649449647910166,0.3481953033747176,7.8870233115727778e-30,0.19403108136706523,4.0648246950972869e-29,0.40648246950972872
2,613,200,153.25,0.57441768490149769,2.7677805934671138e-30,0.027677805934671139,0.34855240002571958,7.8274271979973021e-30,0.19256493908429087,4.0648246950972869e-29,0.40648246950972872
2,614,200,153.5,0.57416527036607901,2.7705960916993301e-30,0.027705960916993302,0.34890696160781298,7.7674867843283322e-30,0.19109032656923539,4.0648246950972869e-29,0.40648246950972872
2,615,200,153.75,0.57391527405818943,2.7733912790566401e-30,0.027733912790566403,0.34925896539894136,7.7072038885434185e-30,0.18960728854652256,4.0648246950972869e-29,0.40648246950972872
2,616,200,154,0.57366769470470447,2.7761659770427141e-30,0.027761659770427143,0.34960838892068852,7.6465803662180237e-30,0.18811587066573388,4.0648246950972869e-29,0.40648246950972872
2,617,200,154.25,0.57342253104019969,2.7789200090895834e-30,0.027789200090895836,0.34995520993748069,7.5856181102595512e-30,0.1866161194948654,4.0648246950972869e-29,0.40648246950972872
2,618,200,154.5,0.57317978180708484,2.7816532005513427e-30,0.027816532005513428,0.35029940645579383,7.5243190506386782e-30,0.18510808251371816,4.0648246950972869e-29,0.40648246950972872
2,619,200,154.75,0.57293944575573641,2.7843653786978884e-30,0.027843653786978884,0.35064095672336459,7.4626851541181457e-30,0.183591808107226,4.0648246950972869e-29,0.40648246950972872
2,620,200,155,0.57270152164462718,2.7870563727086917e-30,0.027870563727086919,0.35097983922840642,7.4007184239787944e-30,0.18206734555871582,4.0648246950972869e-29,0.40648246950972872
2,621,200,155.25,0.57246600824045579,2.7897260136666081e-30,0.027897260136666081,0.35131603269882999,7.3384208997431549e-30,0.1805347450431074,4.0648246950972869e-29,0.40648246950972872
2,622,200,155.5,0.57223290431827345,2.7923741345517344e-30,0.027923741345517346,0.35164951610146949,7.2757946568964351e-30,0.17899405762004941,4.0648246950972869e-29,0.40648246950972872
2,623,200,155.75,0.57200220866160956,2.7950005702352989e-30,0.027950005702352988,0.35198026864131327,7.2128418066049639e-30,0.17744533522699268,4.0648246950972869e-29,0.40648246950972872
2,624,200,156,0.57177392006259531,2.797605157473589e-30,0.027976051574735893,0.35230826976073915,7.1495644954322409e-30,0.17588863067220478,4.0648246950972869e-29,0.40648246950972872
2,625,200,156.25,0.57154803732208592,2.8001877349019303e-30,0.028001877349019304,0.35263349913875608,7.085964905052435e-30,0.17432399762772158,4.0648246950972869e-29,0.40648246950972872
2,626,200,156.5,0.57132455924978098,2.8027481430286974e-30,0.028027481430286976,0.35295593669025005,7.0220452519615577e-30,0.17275149062224179,4.0648246950972869e-29,0.40648246950972872
2,627,200,156.75,0.5711034846643438,2.8052862242293726e-30,0.028052862242293728,0.35327556256523579,6.957807787186183e-30,0.1711711650339611,4.0648246950972869e-29,0.40648246950972872
2,628,200,157,0.57088481239351763,2.8078018227406467e-30,0.028078018227406468,0.35359235714811393,6.8932547959898082e-30,0.16958307708334827,4.0648246950972869e-29,0.40648246950972872
2,629,200,157.25,0.57066854127424271,2.8102947846545655e-30,0.028102947846545656,0.35390630105693388,6.8283885975769605e-30,0.16798728382586572,4.0648246950972869e-29,0.40648246950972872
2,630,200,157.5,0.57045467015276918,2.8127649579127155e-30,0.028127649579127157,0.35421737514266155,6.7632115447949227e-30,0.16638384314463167,4.0648246950972869e-29,0.40648246950972872
2,631,200,157.75,0.57024319788477007,2.8152121923004642e-30,0.028152121923004644,0.35452556048845402,6.6977260238332171e-30,0.16477281374302699,4.0648246950972869e-29,0.40648246950972872
2,632,200,158,0.57003412333545267,2.8176363394412396e-30,0.028176363394412398,0.35483083840893914,6.6319344539209192e-30,0.16315425513724871,4.0648246950972869e-29,0.40648246950972872
2,633,200,158.25,0.56982744537966679,2.8200372527908543e-30,0.028200372527908545,0.35513319044950087,6.5658392870216257e-30,0.16152822764880589,4.0648246950972869e-29,0.40648246950972872
2,634,200,158.5,0.56962316290201342,2.8224147876318832e-30,0.028224147876318832,0.35543259838557117,6.4994430075264035e-30,0.15989479239696577,4.0648246950972869e-29,0.40648246950972872
2,635,200,158.75,0.56942127479695137,2.8247688010680931e-30,0.028247688010680932,0.35572904422192847,6.4327481319445062e-30,0.15825401129114489,4.0648246950972869e-29,0.40648246950972872
2,636,200,159,0.569221779968901,2.8270991520189033e-30,0.028270991520189033,0.35602251019200004,6.3657572085919315e-30,0.15660594702324732,4.0648246950972869e-29,0.40648246950972872
2,637,200,159.25,0.56902467733234829,2.8294057012139107e-30,0.028294057012139107,0.35631297875717272,6.2984728172780145e-30,0.15495066305995436,4.0648246950972869e-29,0.40648246950972872
2,638,200,159.5,0.56882996581194645,2.8316883111874664e-30,0.028316883111874663,0.3566004326061098,6.2308975689898389e-30,0.1532882236349607,4.0648246950972869e-29,0.40648246950972872
2,639,200,159.75,0.5686376443426161,2.8339468462732888e-30,0.02833946846273289,0.3568848546540726,6.1630341055747086e-30,0.15161869374116277,4.0648246950972869e-29,0.40648246950972872
2,640,200,160,0.56844771186964449,2.8361811725991387e-30,0.028361811725991389,0.35716622804225007,6.0948850994205655e-30,0.14994213912279658,4.0648246950972869e-29,0.40648246950972872
2,641,200,160.25,0.56826016734878215,2.838391158081545e-30,0.028383911580815449,0.35744453613709432,6.026453253134432e-30,0.14825862626752703,4.0648246950972869e-29,0.40648246950972872
2,642,200,160.5,0.56807500974633918,2.8405766724205733e-30,0.028405766724205733,0.35771976252966209,5.9577412992189618e-30,0.14656822239849068,4.0648246950972869e-29,0.40648246950972872
2,643,200,160.75,0.5678922380392798,2.8427375870946595e-30,0.028427375870946597,0.35799189103496387,5.8887519997469923e-30,0.14487099546628915,4.0648246950972869e-29,0.40648246950972872
2,644,200,161,0.56771185121531531,2.8448737753554933e-30,0.028448737753554932,0.35826090569131985,5.8194881460343184e-30,0.14316701414093913,4.0648246950972869e-29,0.40648246950972872
2,645,200,161.25,0.56753384827299558,2.8469851122229432e-30,0.028469851122229432,0.35852679075972071,5.7499525583104941e-30,0.1414563478037735,4.0648246950972869e-29,0.40648246950972872
2,646,200,161.5,0.56735822822179893,2.8490714744800515e-30,0.028490714744800517,0.35878953072319708,5.6801480853878524e-30,0.13973906653929893,4.0648246950972869e-29,0.40648246950972872
2,647,200,161.75,0.56718499008222156,2.8511327406680793e-30,0.028511327406680793,0.3590491102861959,5.610077604328761e-30,0.1380152411270098,4.0648246950972869e-29,0.40648246950972872
2,648,200,162,0.56701413288586422,2.853168791081599e-30,0.028531687910815992,0.35930551437396241,5.5397440201110285e-30,0.13628494303315683,4.0648246950972869e-29,0.40648246950972872
2,649,200,162.25,0.56684565567551837,2.8551795077636484e-30,0.028551795077636485,0.35955872813192946,5.4691502652915786e-30,0.13454824440247307,4.0648246950972869e-29,0.40648246950972872
2,650,200,162.5,0.56667955750525123,2.8571647745009489e-30,0.02857164774500949,0.35980873692511578,5.3982992996684757e-30,0.13280521804985918,4.0648246950972869e-29,0.40648246950972872
2,651,200,162.75,0.56651583744048806,2.8591244768191577e-30,0.028591244768191578,0.36005552633752802,5.3271941099411164e-30,0.13105593745202376,4.0648246950972869e-29,0.40648246950972872
2,652,200,163,0.56635449455809483,2.8610585019782025e-30,0.028610585019782028,0.36029908217157292,5.2558377093689078e-30,0.12930047673908643,4.0648246950972869e-29,0.40648246950972872
2,653,200,163.25,0.56619552794645833,2.8629667389676573e-30,0.028629667389676573,0.36053939044747535,5.1842331374281966e-30,0.12753891068613768,4.0648246950972869e-29,0.40648246950972872
2,654,200,163.5,0.56603893670556493,2.8648490785021753e-30,0.028648490785021755,0.36077643740270299,5.112383459467583e-30,0.12577131470475933,4.0648246950972869e-29,0.40648246950972872
2,655,200,163.75,0.56588471994707945,2.8667054130169972e-30,0.028667054130169973,0.36101020949140067,5.0402917663617621e-30,0.12399776483450853,4.0648246950972869e-29,0.40648246950972872
2,656,200,164,0.56573287679441997,2.8685356366634888e-30,0.028685356366634888,0.36124069338382853,4.9679611741636193e-30,0.12221833773435872,4.0648246950972869e-29,0.40648246950972872
2,657,200,164.25,0.565583406382835,2.8703396453047747e-30,0.028703396453047748,0.36146787596581187,4.8953948237549966e-30,0.1204331106741082,4.0648246950972869e-29,0.40648246950972872
2,658,200,164.5,0.56543630785947507,2.8721173365113926e-30,0.028721173365113928,0.36169174433819434,4.8225958804957716e-30,0.11864216152574689,4.0648246950972869e-29,0.40648246950972872
2,659,200,164.75,0.56529158038346716,2.8738686095570344e-30,0.028738686095570346,0.36191228581630125,4.7495675338715369e-30,0.11684556875478885,4.0648246950972869e-29,0.40648246950972872
2,660,200,165,0.56514922312598492,2.8755933654143442e-30,0.028755933654143442,0.36212948792941047,4.6763129971398627e-30,0.11504341141156987,4.0648246950972869e-29,0.40648246950972872
2,661,200,165.25,0.56500923527031843,2.87729150675076e-30,0.0287729150675076,0.36234333842022887,4.6028355069750022e-30,0.11323576912250674,4.0648246950972869e-29,0.40648246950972872
2,662,200,165.5,0.56487161601194358,2.8789629379244343e-30,0.028789629379244345,0.36255382524437857,4.5291383231113314e-30,0.11142272208132538,4.0648246950972869e-29,0.40648246950972872
2,663,200,165.75,0.56473636455858855,2.8806075649802099e-30,0.028806075649802101,0.36276093656989,4.4552247279853181e-30,0.10960435104025286,4.0648246950972869e-29,0.40648246950972872
2,664,200,166,0.56460348013030093,2.8822252956456542e-30,0.028822252956456542,0.36296466077670275,4.381098026376139e-30,0.1077807373011761,4.0648246950972869e-29,0.40648246950972872
2,665,200,166.25,0.56447296195951124,2.8838160393271567e-30,0.028838160393271566,0.3631649864561739,4.3067615450450307e-30,0.1059519627067694,4.0648246950972869e-29,0.40648246950972872
2,666,200,166.5,0.56434480929109743,2.885379707106093e-30,0.028853797071060932,0.36336190241059513,4.2322186323732765e-30,0.1041181096315885,4.0648246950972869e-29,0.40648246950972872
2,667,200,166.75,0.56421902138244717,2.8869162117350469e-30,0.02886916211735047,0.36355539765271677,4.1574726579989103e-30,0.10227926097313296,4.0648246950972869e-29,0.40648246950972872
2,668,200,167,0.56409559750351856,2.8884254676340951e-30,0.028884254676340954,0.36374546140528008,4.0825270124522392e-30,0.10043550014287957,4.0648246950972869e-29,0.40648246950972872
2,669,200,167.25,0.56397453693689981,2.8899073908871564e-30,0.028899073908871566,0.36393208310055741,4.0073851067900167e-30,0.098586911057282497,4.0648246950972869e-29,0.40648246950972872
2,670,200,167.5,0.56385583897786828,2.8913618992384063e-30,0.028913618992384066,0.36411525237990067,3.932050372228546e-30,0.09673357812874725,4.0648246950972869e-29,0.40648246950972872
2,671,200,167.75,0.56373950293444786,2.8927889120887516e-30,0.028927889120887517,0.3642949590932974,3.8565262597755045e-30,0.094875586256572941,4.0648246950972869e-29,0.40648246950972872
2,672,200,168,0.56362552812746447,2.89418835049237e-30,0.028941883504923702,0.36447119329893524,3.7808162398606187e-30,0.093013020817866512,4.0648246950972869e-29,0.40648246950972872
2,673,200,168.25,0.56351391389060179,2.8955601371533146e-30,0.028955601371533145,0.36464394526277372,3.7049238019652895e-30,0.091145967658430999,4.0648246950972869e-29,0.40648246950972872
2,674,200,168.5,0.56340465957045482,2.8969041964221851e-30,0.028969041964221853,0.36481320545812568,3.628852454250994e-30,0.089274513083623691,4.0648246950972869e-29,0.40648246950972872
2,675,200,168.75,0.56329776452658176,2.8982204542928594e-30,0.028982204542928595,0.36497896456524537,3.5526057231867143e-30,0.087398743849190441,4.0648246950972869e-29,0.40648246950972872
2,676,200,169,0.56319322813155626,2.8995088383992942e-30,0.028995088383992944,0.36514121347092549,3.4761871531752348e-30,0.085518747152072111,4.0648246950972869e-29,0.40648246950972872
2,677,200,169.25,0.56309104977101732,2.9007692780123878e-30,0.029007692780123877,0.36529994326810244,3.3996003061784034e-30,0.083634610621185421,4.0648246950972869e-29,0.40648246950972872
2,678,200,169.5,0.56299122884371755,2.9020017040369057e-30,0.029020017040369057,0.36545514525546868,3.3228487613414512e-30,0.081746422308180813,4.0648246950972869e-29,0.40648246950972872
2,679,200,169.75,0.56289376476157205,2.9032060490084856e-30,0.029032060490084857,0.36560681093709602,3.2459361146162318e-30,0.079854270678173592,4.0648246950972869e-29,0.40648246950972872
2,680,200,170,0.56279865694970443,2.9043822470906918e-30,0.029043822470906918,0.36575493202206438,3.1688659783835844e-30,0.077958244600453586,4.0648246950972869e-29,0.40648246950972872
2,681,200,170.25,0.56270590484649219,2.9055302340721415e-30,0.029055302340721414,0.36589950042409991,3.0916419810746979e-30,0.076058433339170187,4.0648246950972869e-29,0.40648246950972872
2,682,200,170.5,0.56261550790361137,2.9066499473637059e-30,0.029066499473637059,0.36604050826122281,3.0142677667915548e-30,0.074154926543994831,4.0648246950972869e-29,0.40648246950972872
2,683,200,170.75,0.56252746558607958,2.9077413259957637e-30,0.029077413259957639,0.36617794785540103,2.9367469949265512e-30,0.072247814240763056,4.0648246950972869e-29,0.40648246950972872
2,684,200,171,0.56244177737229761,2.9088043106155314e-30,0.029088043106155315,0.36631181173221444,2.8590833397811722e-30,0.070337186822093528,4.0648246950972869e-29,0.40648246950972872
2,685,200,171.25,0.56235844275409086,2.9098388434844609e-30,0.029098388434844611,0.3664420926205269,2.7812804901838349e-30,0.068423135037986388,4.0648246950972869e-29,0.40648246950972872
2,686,200,171.5,0.5622774612367486,2.910844868475695e-30,0.029108448684756951,0.36656878345216587,2.7033421491069704e-30,0.066505749986403018,4.0648246950972869e-29,0.40648246950972872
2,687,200,171.75,0.56219883233906287,2.9118223310716033e-30,0.029118223310716035,0.36669187736161207,2.625272033283201e-30,0.0645851231038235,4.0648246950972869e-29,0.40648246950972872
2,688,200,172,0.56212255559336555,2.912771178361374e-30,0.02912771178361374,0.36681136768569633,2.5470738728208506e-30,0.062661346155787639,4.0648246950972869e-29,0.40648246950972872
2,689,200,172.25,0.56204863054556464,2.9136913590386789e-30,0.029136913590386788,0.36692724796330534,2.4687514108186248e-30,0.060734511227415626,4.0648246950972869e-29,0.40648246950972872
2,690,200,172.5,0.56197705675518006,2.9145828233994128e-30,0.029145828233994128,0.36703951193509726,2.3903084029795682e-30,0.05880471071391085,4.0648246950972869e-29,0.40648246950972872
2,691,200,172.75,0.5619078337953769,2.9154455233394838e-30,0.029154455233394837,0.36714815354322311,2.3117486172243757e-30,0.056872037311046862,4.0648246950972869e-29,0.40648246950972872
2,692,200,173,0.56184096125299876,2.9162794123526915e-30,0.029162794123526917,0.3672531669310598,2.2330758333039193e-30,0.054936584005635038,4.0648246950972869e-29,0.40648246950972872
2,693,200,173.25,0.56177643872859961,2.9170844455286559e-30,0.02917084445528656,0.36735454644294924,2.1542938424112141e-30,0.052998444065978437,4.0648246950972869e-29,0.40648246950972872
2,694,200,173.5,0.5617142658364741,2.9178605795508331e-30,0.029178605795508333,0.36745228662394841,2.0754064467926796e-30,0.051057711032308301,4.0648246950972869e-29,0.40648246950972872
2,695,200,173.75,0.56165444220468774,2.9186077726945822e-30,0.029186077726945821,0.36754638221958602,1.9964174593587753e-30,0.049114478707205193,4.0648246950972869e-29,0.40648246950972872
2,696,200,174,0.56159696747510457,2.9193259848253098e-30,0.029193259848253099,0.36763682817562876,1.9173307032941206e-30,0.047168841146007445,4.0648246950972869e-29,0.40648246950972872
2,697,200,174.25,0.56154184130341567,2.920015177396689e-30,0.029200151773966891,0.36772361963785705,1.8381500116669341e-30,0.045220892647202839,4.0648246950972869e-29,0.40648246950972872
2,698,200,174.5,0.56148906335916426,2.9206753134489318e-30,0.029206753134489317,0.36780675195184748,1.7588792270380248e-30,0.043270727742809288,4.0648246950972869e-29,0.40648246950972872
2,699,200,174.75,0.56143863332577171,2.9213063576071482e-30,0.029213063576071483,0.36788622066276616,1.6795222010691969e-30,0.04131844118874109,4.0648246950972869e-29,0.40648246950972872
2,700,200,175,0.56139055090056145,2.9219082760797612e-30,0.029219082760797613,0.3679620215151691,1.6000827941311313e-30,0.039364127955162288,4.0648246950972869e-29,0.40648246950972872
2,701,200,175.25,0.56134481579478157,2.9224810366569968e-30,0.029224810366569969,0.36803415045281207,1.5205648749108685e-30,0.03740788321683023,4.0648246950972869e-29,0.40648246950972872
2,702,200,175.5,0.56130142773362734,2.9230246087094467e-30,0.029230246087094468,0.36810260361846958,1.4409723200187549e-30,0.035449802343425957,4.0648246950972869e-29,0.40648246950972872
2,703,200,175.75,0.56126038645626164,2.923538963186696e-30,0.029235389631866962,0.3681673773537622,1.3613090135949519e-30,0.033489980889873788,4.0648246950972869e-29,0.40648246950972872
2,704,200,176,0.56122169171583514,2.9240240726160168e-30,0.029240240726160167,0.36822846819899174,1.2815788469156062e-30,0.031528514586652623,4.0648246950972869e-29,0.40648246950972872
2,705,200,176.25,0.56118534327950409,2.9244799111011444e-30,0.029244799111011445,0.36828587289298748,1.201785717998511e-30,0.029565499330094669,4.0648246950972869e-29,0.40648246950972872
2,706,200,176.5,0.56115134092844909,2.9249064543211119e-30,0.02924906454321112,0.36833958837295916,1.121933531208513e-30,0.027601031172677936,4.0648246950972869e-29,0.40648246950972872
2,707,200,176.75,0.56111968445789073,2.9253036795291584e-30,0.029253036795291586,0.36838961177435958,1.042026196862489e-30,0.025635206313308165,4.0648246950972869e-29,0.40648246950972872
2,708,200,177,0.56109037367710535,2.9256715655517068e-30,0.02925671565551707,0.36843594043075589,9.6206763083399497e-31,0.023668121087592659,4.0648246950972869e-29,0.40648246950972872
2,709,200,177.25,0.56106340840943947,2.9260100927874145e-30,0.029260100927874146,0.36847857187371008,8.8206175415769181e-31,0.021699871958108654,4.0648246950972869e-29,0.40648246950972872
2,710,200,177.5,0.56103878849232292,2.9263192432062917e-30,0.029263192432062917,0.36851750383266768,8.0201249263336494e-31,0.019730555504661677,4.0648246950972869e-29,0.40648246950972872
2,711,200,177.75,0.56101651377728134,2.9265990003488922e-30,0.029265990003488923,0.36855273423485629,7.2192377642980357e-31,0.01776026841454045,4.0648246950972869e-29,0.40648246950972872
2,712,200,178,0.56099658412994691,2.9268493493255667e-30,0.029268493493255669,0.36858426120519128,6.4179953968835786e-31,0.015789107472763894,4.0648246950972869e-29,0.40648246950972872
2,713,200,178.25,0.56097899943006879,2.9270702768157984e-30,0.029270702768157984,0.36861208306619198,5.6164372012628017e-31,0.013817169552322794,4.0648246950972869e-29,0.40648246950972872
2,714,200,178.5,0.56096375957152222,2.927261771067605e-30,0.02927261771067605,0.36863619833790673,4.8146025863995153e-31,0.011844551604418658,4.0648246950972869e-29,0.40648246950972872
2,715,200,178.75,0.56095086446231623,2.927423821897002e-30,0.02927423821897002,0.36865660573784509,4.0125309890780851e-31,0.009871350648695194,4.0648246950972869e-29,0.40648246950972872
2,716,200,179,0.56094031402460032,2.9275564206875485e-30,0.029275564206875486,0.36867330418092059,3.2102618699324359e-31,0.0078976637634691448,4.0648246950972869e-29,0.40648246950972872
2,717,200,179.25,0.56093210819467121,2.9276595603899623e-30,0.029276595603899624,0.3686862927794024,2.4078347094729163e-31,0.0059235880759558497,4.0648246950972869e-29,0.40648246950972872
2,718,200,179.5,0.56092624692297655,2.9277332355217932e-30,0.029277332355217935,0.36869557084287408,1.6052890041120693e-31,0.0039492207524921283,4.0648246950972869e-29,0.40648246950972872
2,719,200,179.75,0.56092273017411931,2.9277774421671859e-30,0.02927777442167186,0.3687011378782038,8.0266426219027966e-32,0.0019746589887588467,4.0648246950972869e-29,0.40648246950972872
2,720,200,180,0.56092155792686027,2.9277921779766957e-30,0.029277921779766958,0.36870299358952102,0,0,4.0648246950972869e-29,0.40648246950972872
3,0,500,0,1,7.9407876498996423e-30,0.07940787649899643,1,0,0,2.8916631723203253e-29,0.28916631723203257
3,1,500,0.25,0.9999906857043569,7.9405641364380754e-30,0.079405641364380761,0.99997185248221954,2.1769438353316361e-31,0.0075283451273642464,2.8916631723203253e-29,0.28916631723203257
3,2,500,0.5,0.99996274403579077,7.9398936504546371e-30,0.07939893650454638,0.99988741677974269,4.3534785943782945e-31,0.01505527557998735,2.8916631723203253e-29,0.28916631723203257
3,3,500,0.75,0.99991617864899862,7.9387763551260858e-30,0.079387763551260856,0.99974671344176014,6.5291953740922839e-31,0.02257937728222037,2.8916631723203253e-29,0.28916631723203257
3,4,500,1,0.99985099563383073,7.9372125223235256e-30,0.079372125223235251,0.99954977670556877,8.7036856177758542e-31,0.030099237356167773,2.8916631723203253e-29,0.28916631723203257
3,5,500,1.25,0.99976720351332504,7.9352025324772677e-30,0.079352025324772674,0.9992966544795534,1.0876541287944761e-30,0.037613444719487223,2.8916631723203253e-29,0.28916631723203257
3,6,500,1.5,0.99966481324095868,7.9327468743878291e-30,0.079327468743878291,0.99898740831938571,1.3047355038818581e-30,0.045120590681898602,2.8916631723203253e-29,0.28916631723203257
3,7,500,1.75,0.99954383819711246,7.9298461449831139e-30,0.079298461449831145,0.99862211339744533,1.521572038831384e-30,0.052619269539973625,2.8916631723203253e-29,0.28916631723203257
3,8,500,2,0.99940429418476018,7.9265010490221485e-30,0.079265010490221485,0.99820085846551077,1.7381231889416937e-30,0.060108079169780712,2.8916631723203253e-29,0.28916631723203257
3,9,500,2.25,0.99924619942437376,7.9227123987454512e-30,0.079227123987454517,0.99772374581072953,1.9543485300814025e-30,0.06758562161696019,2.8916631723203253e-29,0.28916631723203257
3,10,500,2.5,0.99906957454805911,7.9184811134724918e-30,0.07918481113472492,0.99719089120492566,2.1702077756656406e-30,0.07505050368380993,2.8916631723203253e-29,0.28916631723203257
3,11,500,2.75,0.99887444259291513,7.9138082191464191e-30,0.07913808219146419,0.99660242384726605,2.385660793534033e-30,0.082501337512962611,2.8916631723203253e-29,0.28916631723203257
3,12,500,3,0.99866082899362951,7.908694847826564e-30,0.07908694847826564,0.99595848630035033,2.6006676227181785e-30,0.089936741167241596,2.8916631723203253e-29,0.28916631723203257
3,13,500,3.25,0.9984287615743086,7.9031422371290762e-30,0.079031422371290766,0.99525923441976916,2.8151884900867458e-30,0.097355339205284594,2.8916631723203253e-29,0.28916631723203257
3,14,500,3.5,0.99817827053954988,7.8971517296161777e-30,0.078971517296161781,0.99450483727719174,3.0291838268565035e-30,0.10475576325253086,2.8916631723203253e-29,0.28916631723203257
3,15,500,3.75,0.99790938846476196,7.8907247721345433e-30,0.078907247721345442,0.99369547707704642,3.2426142849576816e-30,0.11213665256717111,2.8916631723203253e-29,0.28916631723203257
3,16,500,4,0.99762215028573697,7.8838629151033534e-30,0.07883862915103354,0.99283134906686388,3.455440753242275e-30,0.11949665460066582,2.8916631723203253e-29,0.28916631723203257
3,17,500,4.25,0.9973165932874819,7.8765678117526184e-30,0.078765678117526189,0.9919126614413577,3.6676243735240353e-30,0.12683442555244304,2.8916631723203253e-29,0.28916631723203257
3,18,500,4.5,0.99699275709231527,7.8688412173123779e-30,0.078688412173123778,0.99093963524031858,3.879126556439093e-30,0.13414863091839319,2.8916631723203253e-29,0.28916631723203257
3,19,500,4.75,0.99665068364723941,7.8606849881535137e-30,0.078606849881535143,0.98991250424041488,4.0899089971163641e-30,0.14143794603278581,2.8916631723203253e-29,0.28916631723203257
3,20,500,5,0.99629041721058842,7.852101080880792e-30,0.078521010808807926,0.98883151484097787,4.2999336906470516e-30,0.1487010566032386,2.8916631723203253e-29,0.28916631723203257
3,21,500,5.25,0.995912004337968,7.8430915513789361e-30,0.078430915513789362,0.98769692594387148,4.5091629473428126e-30,0.15593665923837785,2.8916631723203253e-29,0.28916631723203257
3,22,500,5.5,0.99551549386749083,7.8336585538125189e-30,0.078336585538125197,0.98650900882754655,4.7175594077723913e-30,0.16314346196783813,2.8916631723203253e-29,0.28916631723203257
3,23,500,5.75,0.99510093690431556,7.8238043395804504e-30,0.078238043395804507,0.98526804701537762,4.9250860575667043e-30,0.17032018475425414,2.8916631723203253e-29,0.28916631723203257
3,24,500,6,0.99466838680450365,7.8135312562259911e-30,0.078135312562259918,0.98397433613839813,5.1317062419827001e-30,0.17746555999691077,2.8916631723203253e-29,0.28916631723203257
3,25,500,6.25,0.99421789915819514,7.802841746303027e-30,0.07802841746303027,0.98262818379252859,5.3373836802164268e-30,0.18457833302672003,2.8916631723203253e-29,0.28916631723203257
3,26,500,6.5,0.99374953177212266,7.7917383461997326e-30,0.077917383461997322,0.98122990939043764,5.5420824794562163e-30,0.19165726259221072,2.8916631723203253e-29,0.28916631723203257
3,27,500,6.75,0.99326334465146615,7.7802236849203819e-30,0.077802236849203815,0.97977984400813312,5.7457671486669427e-30,0.19870112133621809,2.8916631723203253e-29,0.28916631723203257
3,28,500,7,0.99275939998106288,7.7683004828264017e-30,0.077683004828264013,0.97827833022642019,5.9484026120967743e-30,0.20570869626297669,2.8916631723203253e-29,0.28916631723203257
3,29,500,7.25,0.99223776210598347,7.7559715503376405e-30,0.077559715503376411,0.97672572196734952,6.1499542224980183e-30,0.2126787891953259,2.8916631723203253e-29,0.28916631723203257
3,30,500,7.5,0.99169849751148254,7.743239786594869e-30,0.077432397865948688,0.97512238432578291,6.3503877740540042e-30,0.21961021722174967,2.8916631723203253e-29,0.28916631723203257
3,31,500,7.75,0.99114167480233928,7.7301081780846206e-30,0.077301081780846215,0.97346869339621689,6.5496695150042618e-30,0.22650181313298268,2.8916631723203253e-29,0.28916631723203257
3,32,500,8,0.99056736468159567,7.7165797972274179e-30,0.077165797972274186,0.9717650360949952,6.7477661599605136e-30,0.23335242584792398,2.8916631723203253e-29,0.28916631723203257
3,33,500,8.25,0.98997563992870941,7.7026578009305288e-30,0.077026578009305291,0.97001180997805392,6.9446449019063927e-30,0.24016092082861359,2.8916631723203253e-29,0.28916631723203257
3,34,500,8.5,0.98936657537712802,7.6883454291063703e-30,0.076883454291063705,0.96820942305434121,7.1402734238740429e-30,0.24692618048403445,2.8916631723203253e-29,0.28916631723203257
3,35,500,8.75,0.98874024789130321,7.673646003157718e-30,0.076736460031577178,0.96635829359505665,7.334619910291161e-30,0.25364710456251799,2.8916631723203253e-29,0.28916631723203257
3,36,500,9,0.98809673634315232,7.658562924430894e-30,0.076585629244308936,0.96445884993885778,7.527653057992278e-30,0.26032261053253813,2.8916631723203253e-29,0.28916631723203257
3,37,500,9.25,0.98743612158798555,7.6430996726381564e-30,0.076430996726381567,0.96251153029318848,7.7193420868885554e-30,0.26695163395169602,2.8916631723203253e-29,0.28916631723203257
3,38,500,9.5,0.98675848643990804,7.6272598042504556e-30,0.076272598042504552,0.96051678253187522,7.9096567502905513e-30,0.27353312882370368,2.8916631723203253e-29,0.28916631723203257
3,39,500,9.75,0.98606391564671414,7.6110469508618327e-30,0.076110469508618328,0.95847506398915261,8.0985673448788974e-30,0.28006606794319178,2.8916631723203253e-29,0.28916631723203257
3,40,500,10,0.98535249586428453,7.5944648175266641e-30,0.075944648175266638,0.95638684125026874,8.2860447203180672e-30,0.28654944322817472,2.8916631723203253e-29,0.28916631723203257
3,41,500,10.25,0.98462431563050301,7.5775171810710477e-30,0.075775171810710473,0.95425258993883488,8.4720602885088535e-30,0.29298226604002126,2.8916631723203253e-29,0.28916631723203257
3,42,500,10.5,0.98387946533870496,7.5602078883795431e-30,0.075602078883795429,0.95207279450107085,8.6565860324754391e-30,0.29936356749078874,2.8916631723203253e-29,0.28916631723203257
3,43,500,10.75,0.9831180372106747,7.5425408546586171e-30,0.075425408546586178,0.94984794798711714,8.8395945148833892e-30,0.30569239873779391,2.8916631723203253e-29,0.28916631723203257
3,44,500,11,0.98234012526920322,7.5245200616780039e-30,0.075245200616780042,0.94757855182956574,9.0210588861851656e-30,0.31196783126530248,2.8916631723203253e-29,0.28916631723203257
3,45,500,11.25,0.98154582531022394,7.5061495559913391e-30,0.075061495559913399,0.94526511561938109,9.2009528923901755e-30,0.31818895715323431,2.8916631723203253e-29,0.28916631723203257
3,46,500,11.5,0.98073523487453973,7.4874334471373329e-30,0.07487433447137333,0.94290815687936969,9.379250882456695e-30,0.32435488933279205,2.8916631723203253e-29,0.28916631723203257
3,47,500,11.75,0.97990845321915743,7.4683759058228039e-30,0.074683759058228036,0.94050820083536568,9.555927815303354e-30,0.33046476182893375,2.8916631723203253e-29,0.28916631723203257
3,48,500,12,0.97906558128824284,7.4489811620888283e-30,0.074489811620888288,0.93806578018529063,9.7309592664382176e-30,0.33651772998962087,2.8916631723203253e-29,0.28916631723203257
3,49,500,12.25,0.97820672168371647,7.4292535034614518e-30,0.074292535034614526,0.93558143486626855,9.9043214342039801e-30,0.34251297070179043,2.8916631723203253e-29,0.28916631723203257
3,50,500,12.5,0.97733197863549814,7.4091972730880871e-30,0.074091972730880876,0.93305571181993852,1.007599114563783e-29,0.34844968259400222,2.8916631723203253e-29,0.28916631723203257
3,51,500,12.75,0.97644145797142379,7.3888168678610858e-30,0.073888168678610866,0.93048916475615207,1.0245945861945291e-29,0.35432708622573594,2.8916631723203253e-29,0.28916631723203257
3,52,500,13,0.97553526708684346,7.3681167365296529e-30,0.073681167365296535,0.92788235391520302,1.0414163683587321e-29,0.36014442426331411,2.8916631723203253e-29,0.28916631723203257
3,53,500,13.25,0.97461351491392012,7.3471013778014974e-30,0.073471013778014974,0.92523584582876384,1.0580623354980567e-29,0.36590096164244723,2.8916631723203253e-29,0.28916631723203257
3,54,500,13.5,0.97367631189064452,7.32577533843551e-30,0.073257753384355098,0.92255021307969309,1.0745304268810883e-29,0.37159598571740454,2.8916631723203253e-29,0.28916631723203257
3,55,500,13.75,0.97272376992957976,7.3041432113267106e-30,0.073041432113267107,0.91982603406086827,1.0908186469960516e-29,0.3772288063968246,2.8916631723203253e-29,0.28916631723203257
3,56,500,14,0.9717560023863534,7.2822096335847977e-30,0.072822096335847977,0.9170638927332142,1.1069250659049801e-29,0.38279875626619486,2.8916631723203253e-29,0.28916631723203257
3,57,500,14.25,0.97077312402791105,7.2599792846075773e-30,0.072599792846075775,0.91426437838308527,1.1228478195594488e-29,0.388305190697039,2.8916631723203253e-29,0.28916631723203257
3,58,500,14.5,0.96977525100055073,7.2374568841505429e-30,0.072374568841505435,0.91142808537916409,1.1385851100780145e-29,0.39374748794286168,2.8916631723203253e-29,0.28916631723203257
3,59,500,14.75,0.96876250079774817,7.2146471903938104e-30,0.072146471903938109,0.90855561292902609,1.1541352059855305e-29,0.39912504922190872,2.8916631723203253e-29,0.28916631723203257
3,60,500,15,0.96773499222779402,7.1915549980077773e-30,0.071915549980077778,0.90564756483554454,1.1694964424145598e-29,0.40443729878682022,2.8916631723203253e-29,0.28916631723203257
3,61,500,15.25,0.96669284538125499,7.1681851362185737e-30,0.071681851362185744,0.90270454925326793,1.1846672212691005e-29,0.40968368398125055,2.8916631723203253e-29,0.28916631723203257
3,62,500,15.5,0.96563618159827658,7.1445424668746885e-30,0.071445424668746885,0.89972717844494721,1.1996460113509111e-29,0.414863675283554,2.8916631723203253e-29,0.28916631723203257
3,63,500,15.75,0.96456512343574363,7.1206318825158805e-30,0.071206318825158807,0.89671606853834873,1.2144313484487224e-29,0.41997676633763664,2.8916631723203253e-29,0.28916631723203257
3,64,500,16,0.96347979463430999,7.0964583044455672e-30,0.070964583044455673,0.89367183928350657,1.2290218353906531e-29,0.42502247397108239,2.8916631723203253e-29,0.28916631723203257
3,65,500,16.25,0.96238032008531726,7.0720266808079076e-30,0.07072026680807908,0.89059511381056589,1.2434161420601966e-29,0.4300003382006819,2.8916631723203253e-29,0.28916631723203257
3,66,500,16.5,0.96126682579761791,7.0473419846707121e-30,0.070473419846707117,0.8874865183883589,1.2576130053761452e-29,0.43490992222548963,2.8916631723203253e-29,0.28916631723203257
3,67,500,16.75,0.96013943886431219,7.0224092121152877e-30,0.070224092121152881,0.88434668218385604,1.2716112292368607e-29,0.43975081240755148,2.8916631723203253e-29,0.28916631723203257
3,68,500,17,0.95899828742942261,6.9972333803343855e-30,0.069972333803343861,0.8811762370226357,1.2854096844293241e-29,0.44452261824045258,2.8916631723203253e-29,0.28916631723203257
3,69,500,17.25,0.95784350065451307,6.9718195257393074e-30,0.069718195257393076,0.87797581715050887,1.2990073085034155e-29,0.44922497230583996,2.8916631723203253e-29,0.28916631723203257
3,70,500,17.5,0.95667520868527167,6.9461727020772374e-30,0.069461727020772371,0.87474605899643032,1.3124031056119039e-29,0.45385753021808789,2.8916631723203253e-29,0.28916631723203257
3,71,500,17.75,0.95549354261807229,6.9202979785599102e-30,0.069202979785599097,0.87148760093683786,1.3255961463166531e-29,0.45841997055727957,2.8916631723203253e-29,0.28916631723203257
3,72,500,18,0.95429863446652718,6.894200438004585e-30,0.068942004380045857,0.86820108306154187,1.3385855673615648e-29,0.46291199479068595,2.8916631723203253e-29,0.28916631723203257
3,73,500,18.25,0.95309061712804555,6.8678851749883275e-30,0.06867885174988328,0.86488714694128932,1.3513705714127962e-29,0.46733332718292736,2.8916631723203253e-29,0.28916631723203257
3,74,500,18.5,0.95186962435041322,6.841357294016634e-30,0.068413572940166339,0.86154643539713549,1.3639504267668343e-29,0.47168371469501913,2.8916631723203253e-29,0.28916631723203257
3,75,500,18.75,0.95063579069840887,6.8146219077073262e-30,0.068146219077073258,0.85817959227173779,1.3763244670270002e-29,0.47596292687249997,2.8916631723203253e-29,0.28916631723203257
3,76,500,19,0.94938925152046483,6.7876841349906035e-30,0.067876841349906042,0.85478726220268442,1.3884920907489837e-29,0.48017075572284973,2.8916631723203253e-29,0.28916631723203257
3,77,500,19.25,0.94813014291539444,6.7605490993262475e-30,0.067605490993262476,0.85137009039798328,1.4004527610560456e-29,0.48430701558241851,2.8916631723203253e-29,0.28916631723203257
3,78,500,19.5,0.94685860169919212,6.7332219269387765e-30,0.067332219269387761,0.84792872241381156,1.4122060052245065e-29,0.48837154297307928,2.8916631723203253e-29,0.28916631723203257
3,79,500,19.75,0.94557476537192353,6.7057077450714472e-30,0.067057077450714472,0.84446380393463805,1.4237514142401927e-29,0.49236419644883733,2.8916631723203253e-29,0.28916631723203257
3,80,500,20,0.94427877208471844,6.6780116802599108e-30,0.066780116802599113,0.84097598055582168,1.4350886423264935e-29,0.49628485643262221,2.8916631723203253e-29,0.28916631723203257
3,81,500,20.25,0.94297076060687635,6.6501388566263317e-30,0.066501388566263323,0.83746589756878564,1.4462174064447267e-29,0.50013342504350344,2.8916631723203253e-29,0.28916631723203257
3,82,500,20.5,0.94165087029310235,6.6220943941947205e-30,0.066220943941947205,0.83393419974886396,1.4571374857674956e-29,0.50390982591456557,2.8916631723203253e-29,0.28916631723203257
3,83,500,20.75,0.94031924105088149,6.5938834072282591e-30,0.065938834072282598,0.83038153114591773,1.4678487211257588e-29,0.50761400400169332,2.8916631723203253e-29,0.28916631723203257
3,84,500,21,0.93897601330800362,6.5655110025892567e-30,0.065655110025892569,0.82680853487780059,1.478351014430312e-29,0.51124592538350688,2.8916631723203253e-29,0.28916631723203257
3,85,500,21.25,0.93762132798025499,6.5369822781225326e-30,0.065369822781225329,0.82321585292677468,1.4886443280684399e-29,0.51480557705271168,2.8916631723203253e-29,0.28916631723203257
3,86,500,21.5,0.93625532643928355,6.5083023210627561e-30,0.065083023210627561,0.81960412593894383,1.4987286842764473e-29,0.51829296669910518,2.8916631723203253e-29,0.28916631723203257
3,87,500,21.75,0.93487815048065193,6.4794762064664945e-30,0.064794762064664946,0.81597399302679796,1.5086041644888414e-29,0.52170812248451082,2.8916631723203253e-29,0.28916631723203257
3,88,500,22,0.93348994229208804,6.4505089956694507e-30,0.064505089956694503,0.81232609157493008,1.518270908664903e-29,0.52505109280989104,2.8916631723203253e-29,0.28916631723203257
3,89,500,22.25,0.93209084442194445,6.4214057347695281e-30,0.06421405734769528,0.80866105704900493,1.5277291145934146e-29,0.52832194607490746,2.8916631723203253e-29,0.28916631723203257
3,90,500,22.5,0.93068099974787799,6.3921714531362755e-30,0.063921714531362764,0.80497952280805063,1.5369790371763205e-29,0.53152077043019486,2.8916631723203253e-29,0.28916631723203257
3,91,500,22.75,0.92926055144575959,6.3628111619471574e-30,0.063628111619471572,0.8012821199201281,1.5460209876920755e-29,0.53464767352261122,2.8916631723203253e-29,0.28916631723203257
3,92,500,23,0.92782964295882275,6.3333298527511868e-30,0.063333298527511864,0.79756947698144642,1.5548553330394756e-29,0.53770278223373791,2.8916631723203253e-29,0.28916631723203257
3,93,500,23.25,0.92638841796706262,6.3037324960603333e-30,0.063037324960603339,0.79384221993897564,1.56348249496273e-29,0.54068624241189267,2.8916631723203253e-29,0.28916631723203257
3,94,500,23.5,0.92493702035689529,6.2740240399691862e-30,0.062740240399691866,0.79010097191661821,1.5719029492585843e-29,0.54359821859793567,2.8916631723203253e-29,0.28916631723203257
3,95,500,23.75,0.92347559419108338,6.2442094088031811e-30,0.062442094088031815,0.78634635304497746,1.5801172249662452e-29,0.54643889374512766,2.8916631723203253e-29,0.28916631723203257
3,96,500,24,0.92200428367894205,6.2142935017958558e-30,0.062142935017958562,0.78257898029478146,1.5881259035409237e-29,0.54920846893332376,2.8916631723203253e-29,0.28916631723203257
3,97,500,24.25,0.9205232331468286,6.1842811917953892e-30,0.061842811917953891,0.77879946731399474,1.5959296180117541e-29,0.55190716307776255,2.8916631723203253e-29,0.28916631723203257
3,98,500,24.5,0.91903258700892854,6.1541773240007676e-30,0.061541773240007674,0.77500842426866123,1.6035290521248877e-29,0.55453521263273053,2.8916631723203253e-29,0.28916631723203257
3,99,500,24.75,0.91753248973834367,6.1239867147278912e-30,0.061239867147278915,0.77120645768751761,1.6109249394725431e-29,0.55709287129036766,2.8916631723203253e-29,0.28916631723203257
3,100,500,25,0.91602308583849112,6.0937141502058027e-30,0.060937141502058027,0.76739417031039947,1.6181180626087778e-29,0.55958040967488243,2.8916631723203253e-29,0.28916631723203257
3,101,500,25.25,0.91450451981481928,6.0633643854033242e-30,0.060633643854033241,0.76357216094047731,1.6251092521527758e-29,0.56199811503244945,2.8916631723203253e-29,0.28916631723203257
3,102,500,25.5,0.91297693614685116,6.0329421428862888e-30,0.060329421428862891,0.75974102430034562,1.6318993858804142e-29,0.5643462909170528,2.8916631723203253e-29,0.28916631723203257
3,103,500,25.75,0.91144047926055904,6.0024521117055298e-30,0.0600245211170553,0.75590135089198496,1.6384893878048766e-29,0.56662525687254284,2.8916631723203253e-29,0.28916631723203257
3,104,500,26,0.90989529350107723,5.9718989463157625e-30,0.059718989463157623,0.752053726860614,1.644880227247077e-29,0.56883534811116809,2.8916631723203253e-29,0.28916631723203257
3,105,500,26.25,0.90834152310576222,5.9412872655255291e-30,0.059412872655255293,0.74819873386245461,1.6510729178966556e-29,0.5709769151888473,2.8916631723203253e-29,0.28916631723203257
3,106,500,26.5,0.90677931217760321,5.9106216514782462e-30,0.059106216514782463,0.74433694893641267,1.657068516864293e-29,0.57305032367743913,2.8916631723203253e-29,0.28916631723203257
3,107,500,26.75,0.90520880465898945,5.8799066486644428e-30,0.05879906648664443,0.74046894437968691,1.6628681237260823e-29,0.57505595383426533,2.8916631723203253e-29,0.28916631723203257
3,108,500,27,0.90363014430584243,5.8491467629652794e-30,0.058491467629652794,0.73659528762731774,1.6684728795607126e-29,0.57699420026914761,2.8916631723203253e-29,0.28916631723203257
3,109,500,27.25,0.90204347466211365,5.8183464607272806e-30,0.058183464607272806,0.73271654113566609,1.6738839659801628e-29,0.57886547160920077,2.8916631723203253e-29,0.28916631723203257
3,110,500,27.5,0.90044893903465872,5.7875101678683871e-30,0.057875101678683871,0.7288332622698368,1.6791026041546628e-29,0.5806701901616429,2.8916631723203253e-29,0.28916631723203257
3,111,500,27.75,0.8988466804684857,5.7566422690151938e-30,0.057566422690151942,0.72494600319502911,1.6841300538325933e-29,0.58240879157485537,2.8916631723203253e-29,0.28916631723203257
3,112,500,28,0.89723684172238893,5.7257471066714251e-30,0.057257471066714249,0.72105531077182106,1.6889676123560576e-29,0.58408172449794626,2.8916631723203253e-29,0.28916631723203257
3,113,500,28.25,0.89561956524496722,5.6948289804175113e-30,0.056948289804175115,0.71716172645537046,1.6936166136727924e-29,0.58568945023904784,2.8916631723203253e-29,0.28916631723203257
3,114,500,28.5,0.89399499315103281,5.6638921461412014e-30,0.056638921461412015,0.71326578619852443,1.6980784273451145e-29,0.58723244242258832,2.8916631723203253e-29,0.28916631723203257
3,115,500,28.75,0.8923632671984153,5.6329408152990979e-30,0.056329408152990978,0.70936802035882274,1.7023544575565588e-29,0.58871118664576594,2.8916631723203253e-29,0.28916631723203257
3,116,500,29,0.89072452876516062,5.6019791542089917e-30,0.056019791542089921,0.70546895360938044,1.7064461421168762e-29,0.59012618013445584,2.8916631723203253e-29,0.28916631723203257
3,117,500,29.25,0.88907891882713275,5.57101128337283e-30,0.055710112833728301,0.70156910485362722,1.7103549514660313e-29,0.59147793139877014,2.8916631723203253e-29,0.28916631723203257
3,118,500,29.5,0.8874265779360162,5.5400412768301356e-30,0.055400412768301356,0.69766898714388259,1.7140823876778312e-29,0.59276695988849182,2.8916631723203253e-29,0.28916631723203257
3,119,500,29.75,0.88576764619772597,5.5090731615417441e-30,0.055090731615417443,0.69376910760374877,1.7176299834638173e-29,0.59399379564859844,2.8916631723203253e-29,0.28916631723203257
3,120,500,30,0.88410226325122443,5.4781109168035715e-30,0.054781109168035719,0.68986996735428452,1.7209993011780144e-29,0.59515897897508308,2.8916631723203253e-29,0.28916631723203257
3,121,500,30.25,0.88243056824774824,5.4471584736902581e-30,0.054471584736902584,0.68597206144394263,1.7241919318231468e-29,0.5962630600712816,2.8916631723203253e-29,0.28916631723203257
3,122,500,30.5,0.88075269983044735,5.4162197145284031e-30,0.05416219714528403,0.68207587878223319,1.7272094940588887e-29,0.59730659870490488,2.8916631723203253e-29,0.28916631723203257
3,123,500,30.75,0.87906879611443678,5.3852984723991499e-30,0.053852984723991498,0.67818190207708307,1.7300536332127348e-29,0.59829016386597578,2.8916631723203253e-29,0.28916631723203257
3,124,500,31,0.87737899466726366,5.3543985306698499e-30,0.053543985306698502,0.67429060777585714,1.7327260202940274e-29,0.59921433342585861,2.8916631723203253e-29,0.28916631723203257
3,125,500,31.25,0.87568343248978908,5.3235236225545039e-30,0.053235236225545039,0.67040246601000397,1.7352283510116981e-29,0.60007969379757253,2.8916631723203253e-29,0.28916631723203257
3,126,500,31.5,0.87398224599748719,5.2926774307026983e-30,0.052926774307026983,0.66651794054328961,1.7375623447962384e-29,0.60088683959756817,2.8916631723203253e-29,0.28916631723203257
3,127,500,31.75,0.87227557100216091,5.2618635868166914e-30,0.052618635868166917,0.66263748872357675,1.7397297438264173e-29,0.60163637330914488,2.8916631723203253e-29,0.28916631723203257
3,128,500,32,0.87056354269407499,5.231085671296355e-30,0.052310856712963552,0.65876156143811082,1.7417323120612436e-29,0.60232890494768265,2.8916631723203253e-29,0.28916631723203257
3,129,500,32.25,0.86884629562450733,5.200347212911595e-30,0.052003472129115949,0.6548906030722681,1.7435718342776566e-29,0.60296505172785442,2.8916631723203253e-29,0.28916631723203257
3,130,500,32.5,0.86712396368871714,5.1696516885019179e-30,0.051696516885019181,0.65102505147172063,1.7452501151144099e-29,0.60354543773298053,2.8916631723203253e-29,0.28916631723203257
3,131,500,32.75,0.86539668010933046,5.1390025227027744e-30,0.051390025227027743,0.6471653379079747,1.7467689781226091e-29,0.60407069358668375,2.8916631723203253e-29,0.28916631723203257
3,132,500,33,0.86366457742014324,5.1084030876982952e-30,0.051084030876982954,0.64331188704723219,1.7481302648233387e-29,0.60454145612699628,2.8916631723203253e-29,0.28916631723203257
3,133,500,33.25,0.8619277874503396,5.0778567030000409e-30,0.050778567030000409,0.63946511692252794,1.749335833772801e-29,0.60495836808306436,2.8916631723203253e-29,0.28916631723203257
3,134,500,33.5,0.86018644130912547,5.0473666352513644e-30,0.050473666352513644,0.63562543890909284,1.7503875596353801e-29,0.60532207775459401,2.8916631723203253e-29,0.28916631723203257
3,135,500,33.75,0.85844066937077712,5.0169360980569842e-30,0.050169360980569844,0.63179325770289163,1.7512873322650248e-29,0.60563323869417285,2.8916631723203253e-29,0.28916631723203257
3,136,500,34,0.85669060126010199,4.98656825183736e-30,0.049865682518373602,0.62796897130228402,1.7520370557953324e-29,0.60589250939260142,2.8916631723203253e-29,0.28916631723203257
3,137,500,34.25,0.85493636583831079,4.9562662037074276e-30,0.049562662037074275,0.62415297099275358,1.7526386477386863e-29,0.60610055296735543,2.8916631723203253e-29,0.28916631723203257
3,138,500,34.5,0.85317809118930032,4.926033007379294e-30,0.049260330073792942,0.62034564133465409,1.7530940380948214e-29,0.60625803685430812,2.8916631723203253e-29,0.28916631723203257
3,139,500,34.75,0.8514159046063432,4.8958716630884242e-30,0.04895871663088424,0.61654736015391365,1.7534051684691203e-29,0.60636563250281839,2.8916631723203253e-29,0.28916631723203257
3,140,500,35,0.84964993257918497,4.8657851175429296e-30,0.048657851175429298,0.61275849853564901,1.753573991201e-29,0.60642401507430721,2.8916631723203253e-29,0.28916631723203257
3,141,500,35.25,0.8478803007815443,4.8357762638954339e-30,0.048357762638954339,0.60897942082062217,1.7536024685026558e-29,0.60643386314441727,2.8916631723203253e-29,0.28916631723203257
3,142,500,35.5,0.84610713405901472,4.805847941737139e-30,0.048058479417371389,0.60521048460449345,1.7534925716084828e-29,0.60639585840886412,2.8916631723203253e-29,0.28916631723203257
3,143,500,35.75,0.84433055641736621,4.7760029371135767e-30,0.04776002937113577,0.60145204073980463,1.7532462799354337e-29,0.60631068539306932,2.8916631723203253e-29,0.28916631723203257
3,144,500,36,0.84255069101124369,4.7462439825616374e-30,0.047462439825616376,0.59770443334064238,1.7528655802545968e-29,0.60617903116567484,2.8916631723203253e-29,0.28916631723203257
3,145,500,36.25,0.84076766013325799,4.7165737571673559e-30,0.047165737571673562,0.59396799978991566,1.7523524658742137e-29,0.6060015850560122,2.8916631723203253e-29,0.28916631723203257
3,146,500,36.5,0.83898158520347033,4.6869948866440343e-30,0.046869948866440345,0.59024307074919324,1.7517089358344041e-29,0.60577903837562097,2.8916631723203253e-29,0.28916631723203257
3,147,500,36.75,0.83719258675926178,4.6575099434301834e-30,0.046575099434301832,0.58652997017103792,1.7509369941137847e-29,0.60551208414388025,2.8916631723203253e-29,0.28916631723203257
3,148,500,37,0.83540078444559052,4.6281214468068658e-30,0.046281214468068661,0.58282901531378406,1.750038648848224e-29,0.60520141681783768,2.8916631723203253e-29,0.28916631723203257
3,149,500,37.25,0.83360629700562916,4.5988318630339149e-30,0.045988318630339149,0.5791405167586916,1.7490159115618974e-29,0.6048477320262905,2.8916631723203253e-29,0.28916631723203257
3,150,500,37.5,0.83180924227178032,4.5696436055045819e-30,0.045696436055045822,0.57546477842942123,1.7478707964108412e-29,0.60445172630819122,2.8916631723203253e-29,0.28916631723203257
3,151,500,37.75,0.83000973715706861,4.5405590349181279e-30,0.045405590349181284,0.57180209761376921,1.7466053194391654e-29,0.60401409685542873,2.8916631723203253e-29,0.28916631723203257
3,152,500,38,0.82820789764690095,4.5115804594698705e-30,0.045115804594698709,0.56815276498760037,1.7452214978480778e-29,0.60353554126004205,2.8916631723203253e-29,0.28916631723203257
3,153,500,38.25,0.82640383879119805,4.4827101350582471e-30,0.044827101350582474,0.56451706464092399,1.7437213492778737e-29,0.60301675726591586,2.8916631723203253e-29,0.28916631723203257
3,154,500,38.5,0.82459767469688605,4.4539502655083465e-30,0.044539502655083468,0.56089527410604367,1.7421068911029944e-29,0.6024584425249967,2.8916631723203253e-29,0.28916631723203257
3,155,500,38.75,0.82278951852075044,4.425303002811525e-30,0.044253030028115252,0.55728766438773281,1.7403801397403062e-29,0.60186129435808122,2.8916631723203253e-29,0.28916631723203257
3,156,500,39,0.82097948246264463,4.3967704473805395e-30,0.043967704473805394,0.55369449999536346,1.7385431099706715e-29,0.6012260095202,2.8916631723203253e-29,0.28916631723203257
3,157,500,39.25,0.81916767775905108,4.3683546483198012e-30,0.043683546483198013,0.55011603897694072,1.7365978142739314e-29,0.60055328397064045,2.8916631723203253e-29,0.28916631723203257
3,158,500,39.5,0.81735421467698854,4.3400576037102104e-30,0.043400576037102102,0.54655253295497219,1.7345462621773552e-29,0.59984381264762676,2.8916631723203253e-29,0.28916631723203257
3,159,500,39.75,0.81553920250826395,4.3118812609081646e-30,0.043118812609081646,0.54300422716412255,1.7323904596176545e-29,0.59909828924768982,2.8916631723203253e-29,0.28916631723203257
3,160,500,40,0.81372274956406354,4.2838275168582312e-30,0.042838275168582317,0.53947136049058952,1.7301324083166015e-29,0.59831740600974304,2.8916631723203253e-29,0.28916631723203257
3,161,500,40.25,0.81190496316987726,4.2558982184190273e-30,0.042558982184190276,0.53595416551314201,1.7277741051703042e-29,0.59750185350388008,2.8916631723203253e-29,0.28916631723203257
3,162,500,40.5,0.81008594966075453,4.2280951627018616e-30,0.042280951627018615,0.53245286854576668,1.7253175416521798e-29,0.59665232042491045,2.8916631723203253e-29,0.28916631723203257
3,163,500,40.75,0.80826581437688505,4.2004200974216646e-30,0.04200420097421665,0.52896768968186059,1.7227647032296508e-29,0.59576949339063989,2.8916631723203253e-29,0.28916631723203257
3,164,500,41,0.80644466165950179,4.1728747212597488e-30,0.041728747212597492,0.52549884283991488,1.7201175687945781e-29,0.59485405674490199,2.8916631723203253e-29,0.28916631723203257
3,165,500,41.25,0.80462259484709819,4.1454606842379676e-30,0.041454606842379678,0.52204653581063321,1.717378110107445e-29,0.59390669236534499,2.8916631723203253e-29,0.28916631723203257
3,166,500,41.5,0.80279971627196078,4.118179588103824e-30,0.041181795881038243,0.51861097030542946,1.7145482912552906e-29,0.59292807947597315,2.8916631723203253e-29,0.28916631723203257
3,167,500,41.75,0.80097612725700562,4.0910329867260488e-30,0.040910329867260488,0.5151923420062432,1.7116300681233647e-29,0.59191889446443391,2.8916631723203253e-29,0.28916631723203257
3,168,500,42,0.7991519281129188,4.0640223865002643e-30,0.040640223865002642,0.5117908406166265,1.7086253878805063e-29,0.59087981070404993,2.8916631723203253e-29,0.28916631723203257
3,169,500,42.25,0.79732721813559426,4.0371492467642747e-30,0.040371492467642746,0.50840664991404183,1.7055361884782064e-29,0.58981149838058489,2.8916631723203253e-29,0.28916631723203257
3,170,500,42.5,0.79550209560386509,4.0104149802225541e-30,0.040104149802225542,0.50503994780331884,1.7023643981633141e-29,0.58871462432372601,2.8916631723203253e-29,0.28916631723203257
3,171,500,42.75,0.79367665777752139,3.9838209533795142e-30,0.039838209533795146,0.50169090637121661,1.6991119350043462e-29,0.58758985184327217,2.8916631723203253e-29,0.28916631723203257
3,172,500,43,0.79185100089561267,3.9573684869811347e-30,0.039573684869811346,0.49835969194203916,1.6957807064313431e-29,0.58643784057000548,2.8916631723203253e-29,0.28916631723203257
3,173,500,43.25,0.79002522017502719,3.9310588564645366e-30,0.039310588564645366,0.49504646513425132,1.6923726087892083e-29,0.58525924630122683,2.8916631723203253e-29,0.28916631723203257
3,174,500,43.5,0.788199409809347,3.9048932924151381e-30,0.039048932924151382,0.49175138091804899,1.6888895269044814e-29,0.58405472085093657,2.8916631723203253e-29,0.28916631723203257
3,175,500,43.75,0.78637366296796696,3.8788729810308856e-30,0.038788729810308856,0.48847458867382104,1.6853333336654243e-29,0.58282491190461883,2.8916631723203253e-29,0.28916631723203257
3,176,500,44,0.78454807179548292,3.8529990645933223e-30,0.038529990645933224,0.48521623225147165,1.6817058896153974e-29,0.58157046287862246,2.8916631723203253e-29,0.28916631723203257
3,177,500,44.25,0.78272272741133331,3.8272726419449449e-30,0.038272726419449447,0.48197645003053508,1.6780090425593834e-29,0.58029201278408826,2.8916631723203253e-29,0.28916631723203257
3,178,500,44.5,0.78089771990969825,3.8016947689726052e-30,0.038016947689726056,0.47875537498105142,1.674244627183604e-29,0.57899019609540425,2.8916631723203253e-29,0.28916631723203257
3,179,500,44.75,0.77907313835964376,3.7762664590964778e-30,0.037762664590964778,0.47555313472514321,1.6704144646880926e-29,0.57766564262314146,2.8916631723203253e-29,0.28916631723203257
3,180,500,45,0.77724907080551309,3.750988683764287e-30,0.037509886837642871,0.47236985159925449,1.6665203624321457e-29,0.57631897739144289,2.8916631723203253e-29,0.28916631723203257
3,181,500,45.25,0.77542560426755369,3.7258623729504133e-30,0.037258623729504135,0.46920564271700449,1.6625641135925234e-29,0.57495082051982227,2.8916631723203253e-29,0.28916631723203257
3,182,500,45.5,0.77360282474278086,3.7008884156595233e-30,0.037008884156595236,0.46606062003261051,1.658547496834286e-29,0.57356178710933203,2.8916631723203253e-29,0.28916631723203257
3,183,500,45.75,0.77178081720606739,3.6760676604343626e-30,0.03676067660434363,0.46293489040483554,1.6544722759941378e-29,0.57215248713305633,2.8916631723203253e-29,0.28916631723203257
3,184,500,46,0.76995966561145934,3.6514009158674032e-30,0.036514009158674032,0.45982855566142117,1.6503401997761639e-29,0.57072352533089099,2.8916631723203253e-29,0.28916631723203257
3,185,500,46.25,0.76813945289371,3.6268889511159727e-30,0.036268889511159731,0.45674171266395852,1.6461530014598083e-29,0.5692755011085554,2.8916631723203253e-29,0.28916631723203257
3,186,500,46.5,0.76632026097002748,3.6025324964205692e-30,0.036025324964205692,0.45367445337316115,1.6419123986199759e-29,0.56780900844079785,2.8916631723203253e-29,0.28916631723203257
3,187,500,46.75,0.76450217074203264,3.5783322436260097e-30,0.035783322436260097,0.45062686491449416,1.6376200928590987e-29,0.56632463577873815,2.8916631723203253e-29,0.28916631723203257
3,188,500,47,0.76268526209792065,3.5542888467051399e-30,0.035542888467051399,0.44759902964412601,1.6332777695510406e-29,0.56482296596130444,2.8916631723203253e-29,0.28916631723203257
3,189,500,47.25,0.76086961391482222,3.5304029222847475e-30,0.035304029222847477,0.44459102521515803,1.6288870975966744e-29,0.56330457613070628,2.8916631723203253e-29,0.28916631723203257
3,190,500,47.5,0.75905530406135957,3.5066750501734243e-30,0.035066750501734245,0.44160292464409906,1.6244497291909915e-29,0.56177003765189648,2.8916631723203253e-29,0.28916631723203257
3,191,500,47.75,0.75724240940039289,3.4831057738910641e-30,0.03483105773891064,0.43863479637754632,1.6199672996015854e-29,0.56021991603596522,2.8916631723203253e-29,0.28916631723203257
3,192,500,48,0.75543100579195133,3.4596956011996975e-30,0.034596956011996978,0.43568670435903445,1.615441426958346e-29,0.55865477086741233,2.8916631723203253e-29,0.28916631723203257
3,193,500,48.25,0.75362116809634438,3.4364450046354236e-30,0.034364450046354238,0.43275870809602296,1.610873712054219e-29,0.55707515573524535,2.8916631723203253e-29,0.28916631723203257
3,194,500,48.5,0.7518129701774503,3.4133544220411237e-30,0.03413354422041124,0.42985086272698181,1.6062657381568438e-29,0.55548161816783992,2.8916631723203253e-29,0.28916631723203257
3,195,500,48.75,0.75000648490617461,3.3904242570997197e-30,0.033904242570997195,0.42696321908854579,1.601619070830929e-29,0.55387469957151325,2.8916631723203253e-29,0.28916631723203257
3,196,500,49,0.74820178416407479,3.367654879867711e-30,0.033676548798677111,0.424095823782704,1.5969352577711775e-29,0.55225493517274571,2.8916631723203253e-29,0.28916631723203257
3,197,500,49.25,0.74639893884714803,3.3450466273087379e-30,0.033450466273087377,0.42124871924399254,1.5922158286456044e-29,0.55062285396399757,2.8916631723203253e-29,0.28916631723203257
3,198,500,49.5,0.74459801886977606,3.3225998038269351e-30,0.033225998038269353,0.41842194380666092,1.5874622949490736e-29,0.54897897865305789,2.8916631723203253e-29,0.28916631723203257
3,199,500,49.75,0.74279909316882242,3.300314681799824e-30,0.033003146817998243,0.41561553177178012,1.5826761498668724e-29,0.54732382561586623,2.8916631723203253e-29,0.28916631723203257
3,200,500,50,0.74100222970787877,3.2781915021105316e-30,0.032781915021105314,0.41282951347426627,1.57785886814816e-29,0.54565790485274823,2.8916631723203253e-29,0.28916631723203257
3,201,500,50.25,0.73920749548165443,3.256230474679093e-30,0.032562304746790928,0.41006391534978853,1.5730119059891089e-29,0.54398171994800293,2.8916631723203253e-29,0.28916631723203257
3,202,500,50.5,0.73741495652050726,3.2344317789926501e-30,0.032344317789926504,0.4073187600015381,1.5681367009255635e-29,0.54229576803278268,2.8916631723203253e-29,0.28916631723203257
3,203,500,50.75,0.73562467789510766,3.2127955646342949e-30,0.032127955646342951,0.4045940662668267,1.5632346717350338e-29,0.54060053975119959,2.8916631723203253e-29,0.28916631723203257
3,204,500,51,0.73383672372123532,3.1913219518103945e-30,0.031913219518103948,0.40188984928349358,1.5583072183478552e-29,0.53889651922960302,2.8916631723203253e-29,0.28916631723203257
3,205,500,51.25,0.73205115716470204,3.1700110318761779e-30,0.031700110318761777,0.39920612055609389,1.5533557217673244e-29,0.53718418404896118,2.8916631723203253e-29,0.28916631723203257
3,206,500,51.5,0.73026804044639793,3.1488628678594067e-30,0.031488628678594068,0.3965428880218454,1.5483815439986466e-29,0.53546400522028847,2.8916631723203253e-29,0.28916631723203257
3,207,500,51.75,0.72848743484745482,3.1278774949819334e-30,0.031278774949819337,0.39390015611630974,1.5433860279864915e-29,0.53373644716305224,2.8916631723203253e-29,0.28916631723203257
3,208,500,52,0.72670940071452539,3.1070549211789788e-30,0.03107054921178979,0.39127792583878584,1.5383704975610028e-29,0.5320019676865011,2.8916631723203253e-29,0.28916631723203257
3,209,500,52.25,0.72493399746517229,3.0863951276159635e-30,0.030863951276159637,0.38867619481739574,1.5333362573920663e-29,0.53026101797384939,2.8916631723203253e-29,0.28916631723203257
3,210,500,52.5,0.72316128359336307,3.0658980692027057e-30,0.030658980692027056,0.38609495737383853,1.5282845929516576e-29,0.52851404256925716,2.8916631723203253e-29,0.28916631723203257
3,211,500,52.75,0.72139131667506862,3.0455636751048642e-30,0.030455636751048641,0.38353420458779736,1.5232167704840996e-29,0.52676147936754392,2.8916631723203253e-29,0.28916631723203257
3,212,500,53,0.71962415337395969,3.0253918492524311e-30,0.030253918492524311,0.38099392436097529,1.518134036984037e-29,0.52500375960657186,2.8916631723203253e-29,0.28916631723203257
3,213,500,53.25,0.71785984944719827,3.0053824708451626e-30,0.030053824708451627,0.37847410148074484,1.5130376201819608e-29,0.52324130786223999,2.8916631723203253e-29,0.28916631723203257
3,214,500,53.5,0.71609845975131969,2.9855353948547873e-30,0.029855353948547873,0.37597471768339241,1.5079287285370943e-29,0.52147454204602395,2.8916631723203253e-29,0.28916631723203257
3,215,500,53.75,0.71434003824820236,2.9658504525238616e-30,0.029658504525238619,0.37349575171694016,1.5028085512374747e-29,0.51970387340500401,2.8916631723203253e-29,0.28916631723203257
3,216,500,54,0.71258463801112204,2.946327451861155e-30,0.029463274518611551,0.37103717940353076,1.4976782582070432e-29,0.51792970652431758,2.8916631723203253e-29,0.28916631723203257
3,217,500,54.25,0.71083231123088408,2.9269661781334226e-30,0.029269661781334225,0.36859897370135747,1.4925390001195763e-29,0.51615243933197608,2.8916631723203253e-29,0.28916631723203257
3,218,500,54.5,0.7090831092220341,2.9077663943534519e-30,0.029077663943534521,0.36618110476612492,1.4873919084192704e-29,0.51437246310598439,2.8916631723203253e-29,0.28916631723203257
3,219,500,54.75,0.70733708242914095,2.8887278417642903e-30,0.028887278417642905,0.36378354001202873,1.4822380953478288e-29,0.51259016248370759,2.8916631723203253e-29,0.28916631723203257
3,220,500,55,0.70559428043314898,2.8698502403195152e-30,0.028698502403195152,0.36140624417223716,1.4770786539778527e-29,0.51080591547341836,2.8916631723203253e-29,0.28916631723203257
3,221,500,55.25,0.70385475195779734,2.851133289159469e-30,0.028511332891594691,0.35904917935886405,1.4719146582523836e-29,0.50902009346797172,2.8916631723203253e-29,0.28916631723203257
3,222,500,55.5,0.70211854487610148,2.8325766670833559e-30,0.028325766670833561,0.3567123051224213,1.4667471630304224e-29,0.50723306126054668,2.8916631723203253e-29,0.28916631723203257
3,223,500,55.75,0.70038570621689422,2.8141800330170941e-30,0.028141800330170941,0.35439557851073633,1.4615772041382476e-29,0.50544517706239289,2.8916631723203253e-29,0.28916631723203257
3,224,500,56,0.69865628217142406,2.7959430264768625e-30,0.027959430264768624,0.35209895412732745,1.4564057984263835e-29,0.50365679252253159,2.8916631723203253e-29,0.28916631723203257
3,225,500,56.25,0.69693031810000639,2.7778652680282411e-30,0.027778652680282411,0.3498223841892244,1.4512339438320374e-29,0.50186825274934765,2.8916631723203253e-29,0.28916631723203257
3,226,500,56.5,0.69520785853872402,2.7599463597408649e-30,0.027599463597408648,0.34756581858422392,1.4460626194468464e-29,0.50007989633401817,2.8916631723203253e-29,0.28916631723203257
3,227,500,56.75,0.69348894720617638,2.7421858856385408e-30,0.027421858856385407,0.3453292049275738,1.4408927855897794e-29,0.49829205537572335,2.8916631723203253e-29,0.28916631723203257
3,228,500,57,0.69177362701027179,2.7245834121447305e-30,0.027245834121447307,0.34311248861807359,1.4357253838850219e-29,0.49650505550858076,2.8916631723203253e-29,0.28916631723203257
3,229,500,57.25,0.69006194005506172,2.7071384885233613e-30,0.027071384885233613,0.34091561289358679,1.4305613373446943e-29,0.4947192159302512,2.8916631723203253e-29,0.28916631723203257
3,230,500,57.5,0.68835392764761261,2.6898506473148838e-30,0.026898506473148839,0.33873851888595446,1.4254015504562422e-29,0.4929348494321602,2.8916631723203253e-29,0.28916631723203257
3,231,500,57.75,0.68664963030491399,2.6727194047675386e-30,0.026727194047675387,0.33658114567530556,1.4202469092743475e-29,0.49115226243128257,2.8916631723203253e-29,0.28916631723203257
3,232,500,58,0.68494908776081986,2.6557442612637783e-30,0.026557442612637785,0.33444343034375718,1.4150982815172077e-29,0.48937175500343838,2.8916631723203253e-29,0.28916631723203257
3,233,500,58.25,0.68325233897301862,2.638924701741772e-30,0.026389247017417721,0.33232530802849558,1.4099565166670216e-29,0.4875936209180427,2.8916631723203253e-29,0.28916631723203257
3,234,500,58.5,0.68155942213003173,2.6222601961119962e-30,0.026222601961119963,0.33022671197423809,1.4048224460745526e-29,0.48581814767426612,2.8916631723203253e-29,0.28916631723203257
3,235,500,58.75,0.67987037465823774,2.6057501996688318e-30,0.026057501996688319,0.32814757358506669,1.3996968830676083e-29,0.484045616538549,2.8916631723203253e-29,0.28916631723203257
3,236,500,59,0.67818523322891688,2.5893941534971458e-30,0.02589394153497146,0.32608782247562951,1.3945806230632907e-29,0.48227630258342047,2.8916631723203253e-29,0.28916631723203257
3,237,500,59.25,0.6765040337653182,2.573191484873841e-30,0.025731914848738411,0.32404738652170878,1.3894744436838886e-29,0.48051047472757624,2.8916631723203253e-29,0.28916631723203257
3,238,500,59.5,0.6748268114497411,2.5571416076643084e-30,0.025571416076643084,0.32202619191014714,1.3843791048762535e-29,0.4787483957771615,2.8916631723203253e-29,0.28916631723203257
3,239,500,59.75,0.6731536007306349,2.5412439227137995e-30,0.025412439227137994,0.32002416318813365,1.3792953490345361e-29,0.47699032246821588,2.8916631723203253e-29,0.28916631723203257
3,240,500,60,0.67148443532970936,2.5254978182336667e-30,0.025254978182336667,0.3180412233118442,1.3742239011261386e-29,0.47523650551023039,2.8916631723203253e-29,0.28916631723203257
3,241,500,60.25,0.6698193482490562,2.5099026701824664e-30,0.025099026701824664,0.31607729369443438,1.3691654688207519e-29,0.47348718963077141,2.8916631723203253e-29,0.28916631723203257
3,242,500,60.5,0.66815837177828019,2.4944578426419083e-30,0.024944578426419083,0.31413229425338351,1.3641207426223483e-29,0.47174261362112657,2.8916631723203253e-29,0.28916631723203257
3,243,500,60.75,0.66650153750163377,2.4791626881876311e-30,0.024791626881876312,0.31220614345718756,1.3590903960039931e-29,0.47000301038292547,2.8916631723203253e-29,0.28916631723203257
3,244,500,61,0.66484887630515932,2.4640165482548128e-30,0.024640165482548129,0.31029875837140081,1.3540750855453587e-29,0.46826860697569528,2.8916631723203253e-29,0.28916631723203257
3,245,500,61.25,0.66320041838382993,2.449018753498583e-30,0.02449018753498583,0.3084100547040235,1.3490754510728077e-29,0.4665396246653043,2.8916631723203253e-29,0.28916631723203257
3,246,500,61.5,0.66155619324869297,2.4341686241492623e-30,0.024341686241492622,0.30653994685023794,1.3440921158019235e-29,0.46481627897325212,2.8916631723203253e-29,0.28916631723203257
3,247,500,61.75,0.65991622973401032,2.4194654703624033e-30,0.024194654703624034,0.3046883479364898,1.3391256864823756e-29,0.46309877972676733,2.8916631723203253e-29,0.28916631723203257
3,248,500,62,0.65828055600439528,2.404908592563654e-30,0.024049085925636541,0.30285516986391747,1.3341767535449915e-29,0.46138733110966823,2.8916631723203253e-29,0.28916631723203257
3,249,500,62.25,0.65664919956194356,2.39049728178843e-30,0.023904972817884302,0.30104032335112774,1.3292458912509245e-29,0.45968213171394801,2.8916631723203253e-29,0.28916631723203257
3,250,500,62.5,0.65502218725335748,2.3762308200164204e-30,0.023762308200164204,0.29924371797632088,1.3243336578428061e-29,0.45798337459204685,2.8916631723203253e-29,0.28916631723203257
3,251,500,62.75,0.65339954527706023,2.3621084805009236e-30,0.023621084805009237,0.29746526221876446,1.3194405956977681e-29,0.45629124730977016,2.8916631723203253e-29,0.28916631723203257
3,252,500,63,0.65178129919029981,2.3481295280930258e-30,0.023481295280930257,0.29570486349961794,1.3145672314822254e-29,0.45460593199981575,2.8916631723203253e-29,0.28916631723203257
3,253,500,63.25,0.6501674739162403,2.3342932195606435e-30,0.023342932195606434,0.29396242822211027,1.3097140763083169e-29,0.45292760541587473,2.8916631723203253e-29,0.28916631723203257
3,254,500,63.5,0.64855809375103779,2.3205988039024262e-30,0.023205988039024263,0.29223786181107042,1.3048816258918929e-29,0.45125643898726664,2.8916631723203253e-29,0.28916631723203257
3,255,500,63.75,0.6469531823709036,2.307045522656574e-30,0.023070455226565742,0.29053106875181722,1.3000703607119581e-29,0.44959259887407876,2.8916631723203253e-29,0.28916631723203257
3,256,500,64,0.64535276283914689,2.2936326102045439e-30,0.022936326102045438,0.28884195262840601,1.2952807461714583e-29,0.44793624602276916,2.8916631723203253e-29,0.28916631723203257
3,257,500,64.25,0.64375685761320034,2.280359294069698e-30,0.02280359294069698,0.28717041616123784,1.2905132327593211e-29,0.44628753622220418,2.8916631723203253e-29,0.28916631723203257
3,258,500,64.5,0.64216548855162581,2.2672247952109074e-30,0.022672247952109075,0.28551636124403368,1.285768256213651e-29,0.44464662016009499,2.8916631723203253e-29,0.28916631723203257
3,259,500,64.75,0.6405786769210976,2.2542283283111319e-30,0.022542283283111319,0.28387968898017585,1.2810462376859887e-29,0.4430136434798016,2.8916631723203253e-29,0.28916631723203257
3,260,500,65,0.63899644340336326,2.241369102061011e-30,0.02241369102061011,0.28226029971842126,1.2763475839065421e-29,0.4413887468374737,2.8916631723203253e-29,0.28916631723203257
3,261,500,65.25,0.63741880810218088,2.2286463194374867e-30,0.022286463194374866,0.28065809308798895,1.2716726873502995e-29,0.43977206595949597,2.8916631723203253e-29,0.28916631723203257
3,262,500,65.5,0.63584579055022961,2.216059177977492e-30,0.022160591779774919,0.27907296803302617,1.2670219264039395e-29,0.43816373170020945,2.8916631723203253e-29,0.28916631723203257
3,263,500,65.75,0.63427740971599489,2.203606870046735e-30,0.02203606870046735,0.27750482284645717,1.2623956655334545e-29,0.43656387009987901,2.8916631723203253e-29,0.28916631723203257
3,264,500,66,0.63271368401062478,2.191288583103609e-30,0.021912885831036091,0.27595355520321752,1.257794255452398e-29,0.43497260244287722,2.8916631723203253e-29,0.28916631723203257
3,265,500,66.25,0.63115463129475824,2.1791034999582664e-30,0.021791034999582664,0.27441906219288037,1.2532180332906882e-29,0.43339004531606024,2.8916631723203253e-29,0.28916631723203257
3,266,500,66.5,0.62960026888532239,2.1670507990268868e-30,0.021670507990268869,0.27290124035167651,1.2486673227638756e-29,0.43181631066730408,2.8916631723203253e-29,0.28916631723203257
3,267,500,66.75,0.62805061356229985,2.1551296545811797e-30,0.021551296545811796,0.27139998569391499,1.2441424343428091e-29,0.43025150586417904,2.8916631723203253e-29,0.28916631723203257
3,268,500,67,0.62650568157546249,2.1433392369931581e-30,0.021433392369931581,0.26991519374280787,1.2396436654236227e-29,0.42869573375273479,2.8916631723203253e-29,0.28916631723203257
3,269,500,67.25,0.62496548865107371,2.1316787129752156e-30,0.021316787129752157,0.2684467595607038,1.2351713004979663e-29,0.42714909271636964,2.8916631723203253e-29,0.28916631723203257
3,270,500,67.5,0.62343004999855522,2.1201472458155589e-30,0.021201472458155589,0.26699457777873631,1.2307256113234203e-29,0.42561167673476397,2.8916631723203253e-29,0.28916631723203257
3,271,500,67.75,0.62189938031711944,2.108743995609021e-30,0.02108743995609021,0.26555854262589074,1.226306857094015e-29,0.42408357544284908,2.8916631723203253e-29,0.28916631723203257
3,272,500,68,0.62037349380236617,2.097468119483307e-30,0.020974681194833072,0.26413854795749581,1.2219152846107961e-29,0.42256487418979305,2.8916631723203253e-29,0.28916631723203257
3,273,500,68.25,0.61885240415284259,2.0863187718207126e-30,0.020863187718207128,0.26273448728314502,1.2175511284523695e-29,0.42105565409797829,2.8916631723203253e-29,0.28916631723203257
3,274,500,68.5,0.61733612457656484,2.075295104475354e-30,0.02075295104475354,0.26134625379405307,1.2132146111453623e-29,0.41955599212195099,2.8916631723203253e-29,0.28916631723203257
3,275,500,68.75,0.61582466779750278,2.0643962669859571e-30,0.020643962669859572,0.25997374038985255,1.2089059433347393e-29,0.41806596110732019,2.8916631723203253e-29,0.28916631723203257
3,276,500,69,0.61431804606202434,2.053621406784247e-30,0.020536214067842472,0.25861683970483723,1.2046253239539197e-29,0.41658562984958775,2.8916631723203253e-29,0.28916631723203257
3,277,500,69.25,0.61281627114530124,2.0429696693989896e-30,0.020429696693989897,0.25727544413365711,1.2003729403946311e-29,0.4151150631528876,2.8916631723203253e-29,0.28916631723203257
3,278,500,69.5,0.61131935435767326,2.0324401986557185e-30,0.020324401986557186,0.25594944585647056,1.1961489686764519e-29,0.41365432188861723,2.8916631723203253e-29,0.28916631723203257
3,279,500,69.75,0.60982730655097284,2.0220321368722083e-30,0.020220321368722084,0.25463873686356081,1.1919535736159841e-29,0.41220346305394134,2.8916631723203253e-29,0.28916631723203257
3,280,500,70,0.60834013812480581,2.0117446250497247e-30,0.020117446250497249,0.25334320897942025,1.1877869089956064e-29,0.41076253983015032,2.8916631723203253e-29,0.28916631723203257
3,281,500,70.25,0.60685785903279188,2.0015768030601114e-30,0.020015768030601115,0.252062753886311,1.1836491177317581e-29,0.40933160164085625,2.8916631723203253e-29,0.28916631723203257
3,282,500,70.5,0.60538047878876222,1.9915278098287671e-30,0.019915278098287671,0.2507972631473071,1.1795403320427105e-29,0.40791069421001236,2.8916631723203253e-29,0.28916631723203257
3,283,500,70.75,0.60390800647291154,1.9815967835135239e-30,0.019815967835135239,0.24954662822882159,1.1754606736157615e-29,0.40649985961973212,2.8916631723203253e-29,0.28916631723203257
3,284,500,71,0.60244045073790864,1.97178286167953e-30,0.019717828616795302,0.24831074052262939,1.1714102537738349e-29,0.40509913636790318,2.8916631723203253e-29,0.28916631723203257
3,285,500,71.25,0.60097781981496168,1.9620851814701387e-30,0.019620851814701388,0.24708949136738798,1.167389173641418e-29,0.40370855942557199,2.8916631723203253e-29,0.28916631723203257
3,286,500,71.5,0.59952012151983824,1.9525028797738787e-30,0.019525028797738788,0.24588277206966425,1.1633975243098085e-29,0.40232816029408996,2.8916631723203253e-29,0.28916631723203257
3,287,500,71.75,0.59806736325884136,1.9430350933875454e-30,0.019430350933875455,0.24469047392447296,1.159435387001626e-29,0.40095796706200504,2.8916631723203253e-29,0.28916631723203257
3,288,500,72,0.59661955203473849,1.933680959175462e-30,0.019336809591754621,0.24351248823533272,1.1555028332345496e-29,0.3995980044616857,2.8916631723203253e-29,0.28916631723203257
3,289,500,72.25,0.59517669445264498,1.9244396142249578e-30,0.019244396142249577,0.24234870633384578,1.1515999249842426e-29,0.39824829392566391,2.8916631723203253e-29,0.28916631723203257
3,290,500,72.5,0.59373879672586227,1.9153101959981305e-30,0.019153101959981305,0.24119901959880977,1.1477267148464363e-29,0.39690885364268713,2.8916631723203253e-29,0.28916631723203257
3,291,500,72.75,0.5923058646816679,1.9062918424799116e-30,0.019062918424799118,0.24006331947486392,1.1438832461981264e-29,0.39557969861346365,2.8916631723203253e-29,0.28916631723203257
3,292,500,73,0.59087790376705895,1.897383692322514e-30,0.01897383692322514,0.23894149749067947,1.1400695533578584e-29,0.39426084070609269,2.8916631723203253e-29,0.28916631723203257
3,293,500,73.25,0.58945491905444891,1.8885848849862924e-30,0.018885848849862923,0.23783344527669883,1.1362856617450672e-29,0.39295228871116761,2.8916631723203253e-29,0.28916631723203257
3,294,500,73.5,0.58803691524731627,1.8798945608770765e-30,0.018798945608770764,0.23673905458242986,1.1325315880384393e-29,0.39165404839654078,2.8916631723203253e-29,0.28916631723203257
3,295,500,73.75,0.58662389668580561,1.8713118614800236e-30,0.018713118614800236,0.23565821729330261,1.1288073403332729e-29,0.39036612256174241,2.8916631723203253e-29,0.28916631723203257
3,296,500,74,0.58521586735228104,1.8628359294900356e-30,0.018628359294900358,0.23459082544709259,1.1251129182977999e-29,0.38908851109203979,2.8916631723203253e-29,0.28916631723203257
3,297,500,74.25,0.58381283087683078,1.8544659089388e-30,0.018544659089388002,0.23353677124991967,1.1214483133284536e-29,0.38782121101213257,2.8916631723203253e-29,0.28916631723203257
3,298,500,74.5,0.58241479054272383,1.8462009453184933e-30,0.018462009453184932,0.23249594709182608,1.117813508704049e-29,0.38656421653947143,2.8916631723203253e-29,0.28916631723203257
3,299,500,74.75,0.58102174929181827,1.8380401857022074e-30,0.018380401857022076,0.23146824556194209,1.1142084797388552e-29,0.3853175191371937,2.8916631723203253e-29,0.28916631723203257
3,300,500,75,0.57963370972992068,1.8299827788611422e-30,0.018299827788611424,0.23045355946324417,1.1106331939345384e-29,0.38408110756666908,2.8916631723203253e-29,0.28916631723203257
3,301,500,75.25,0.57825067413209696,1.8220278753786094e-30,0.018220278753786096,0.22945178182691192,1.1070876111309482e-29,0.3828549679396443,2.8916631723203253e-29,0.28916631723203257
3,302,500,75.5,0.57687264444793418,1.8141746277609051e-30,0.018141746277609051,0.22846280592629034,1.1035716836557323e-29,0.38163908376998329,2.8916631723203253e-29,0.28916631723203257
3,303,500,75.75,0.57549962230675311,1.8064221905450973e-30,0.018064221905450973,0.22748652529046376,1.1000853564727584e-29,0.38043343602499491,2.8916631723203253e-29,0.28916631723203257
3,304,500,76,0.57413160902277305,1.7987697204037761e-30,0.017987697204037763,0.22652283371744733,1.0966285673293242e-29,0.37923800317634115,2.8916631723203253e-29,0.28916631723203257
3,305,500,76.25,0.5727686056002258,1.7912163762468078e-30,0.01791216376246808,0.22557162528700106,1.0932012469021355e-29,0.3780527612505194,2.8916631723203253e-29,0.28916631723203257
3,306,500,76.5,0.5714106127384222,1.7837613193201591e-30,0.017837613193201592,0.2246327943730749,1.0898033189420446e-29,0.37687768387891657,2.8916631723203253e-29,0.28916631723203257
3,307,500,76.75,0.57005763083676819,1.776403713301821e-30,0.017764037133018211,0.22370623565588882,1.0864347004175238e-29,0.37571274234742491,2.8916631723203253e-29,0.28916631723203257
3,308,500,77,0.56870965999973278,1.7691427243948864e-30,0.017691427243948864,0.22279184413365408,1.0830953016568633e-29,0.37455790564561747,2.8916631723203253e-29,0.28916631723203257
3,309,500,77.25,0.5673667000417667,1.7619775214178399e-30,0.017619775214178398,0.2218895151339437,1.079785026489087e-29,0.37341314051547958,2.8916631723203253e-29,0.28916631723203257
3,310,500,77.5,0.56602875049217127,1.7549072758920807e-30,0.017549072758920807,0.2209991443247144,1.0765037723835576e-29,0.37227841149968743,2.8916631723203253e-29,0.28916631723203257
3,311,500,77.75,0.56469581059991925,1.7479311621267549e-30,0.017479311621267549,0.22012062772498969,1.0732514305882769e-29,0.37115368098943541,2.8916631723203253e-29,0.28916631723203257
3,312,500,78,0.56336787933842603,1.741048357300922e-30,0.017410483573009221,0.21925386171520728,1.0700278862668592e-29,0.37003890927180449,2.8916631723203253e-29,0.28916631723203257
3,313,500,78.25,0.56204495541027244,1.7342580415431139e-30,0.017342580415431141,0.21839874304723814,1.0668330186341728e-29,0.36893405457666972,2.8916631723203253e-29,0.28916631723203257
3,314,500,78.5,0.56072703725187778,1.7275593980083244e-30,0.017275593980083246,0.21755516885408183,1.063666701090638e-29,0.36783907312314379,2.8916631723203253e-29,0.28916631723203257
3,315,500,78.75,0.55941412303812543,1.7209516129524813e-30,0.017209516129524812,0.21672303665924514,1.0605288013551766e-29,0.3667539191655535,2.8916631723203253e-29,0.28916631723203257
3,316,500,79,0.55810621068693889,1.7144338758044364e-30,0.017144338758044365,0.21590224438580774,1.057419181596799e-29,0.36567854503894581,2.8916631723203253e-29,0.28916631723203257
3,317,500,79.25,0.55680329786380922,1.7080053792355323e-30,0.017080053792355325,0.21509269036518291,1.0543376985648329e-29,0.36461290120412343,2.8916631723203253e-29,0.28916631723203257
3,318,500,79.5,0.55550538198627508,1.7016653192267776e-30,0.017016653192267778,0.21429427334557721,1.0512842037177766e-29,0.36355693629220526,2.8916631723203253e-29,0.28916631723203257
3,319,500,79.75,0.55421246022835313,1.6954128951336735e-30,0.016954128951336734,0.21350689250015401,1.0482585433507755e-29,0.36251059714871042,2.8916631723203253e-29,0.28916631723203257
3,320,500,80,0.55292452952492144,1.6892473097487522e-30,0.016892473097487523,0.21273044743490921,1.0452605587217234e-29,0.36147382887716706,2.8916631723203253e-29,0.28916631723203257
3,321,500,80.25,0.55164158657605444,1.6831677693618471e-30,0.016831677693618471,0.21196483819626122,1.0422900861759735e-29,0.36044657488223986,2.8916631723203253e-29,0.28916631723203257
3,322,500,80.5,0.5503636278513101,1.6771734838181545e-30,0.016771734838181545,0.21120996527836267,1.0393469572696659e-29,0.35942877691237957,2.8916631723203253e-29,0.28916631723203257
3,323,500,80.75,0.54909064959396947,1.6712636665741201e-30,0.016712636665741201,0.21046572963013838,1.0364309988916621e-29,0.35842037510199026,2.8916631723203253e-29,0.28916631723203257
3,324,500,81,0.54782264782522916,1.6654375347511936e-30,0.016654375347511938,0.20973203266205487,1.0335420333840883e-29,0.35742130801311639,2.8916631723203253e-29,0.28916631723203257
3,325,500,81.25,0.54655961834834577,1.6596943091874983e-30,0.016596943091874983,0.20900877625262704,1.030679878661485e-29,0.35643151267664691,2.8916631723203253e-29,0.28916631723203257
3,326,500,81.5,0.5453015567527344,1.6540332144874457e-30,0.016540332144874458,0.20829586275466638,1.0278443483285634e-29,0.35545092463303796,2.8916631723203253e-29,0.28916631723203257
3,327,500,81.75,0.54404845841801941,1.6484534790693461e-30,0.016484534790693461,0.20759319500127668,1.0250352517965646e-29,0.35447947797255269,2.8916631723203253e-29,0.28916631723203257
3,328,500,82,0.54280031851803867,1.6429543352110466e-30,0.016429543352110467,0.20690067631160125,1.0222523943982257e-29,0.35351710537501885,2.8916631723203253e-29,0.28916631723203257
3,329,500,82.25,0.54155713202480205,1.6375350190936409e-30,0.016375350190936409,0.20621821049632735,1.0194955775013516e-29,0.35256373814910436,2.8916631723203253e-29,0.28916631723203257
3,330,500,82.5,0.54031889371240316,1.6321947708432945e-30,0.016321947708432944,0.20554570186295343,1.0167645986209986e-29,0.35161930627111299,2.8916631723203253e-29,0.28916631723203257
3,331,500,82.75,0.5390855981608853,1.626932834571205e-30,0.016269328345712052,0.2048830552208214,1.0140592515302596e-29,0.35068373842329609,2.8916631723203253e-29,0.28916631723203257
3,332,500,83,0.53785723976006161,1.6217484584117605e-30,0.016217484584117606,0.20423017588592191,1.011379326369668e-29,0.34975696203168716,2.8916631723203253e-29,0.28916631723203257
3,333,500,83.25,0.53663381271329058,1.6166408945589151e-30,0.016166408945589152,0.20358696968547529,1.0087246097552135e-29,0.34883890330345552,2.8916631723203253e-29,0.28916631723203257
3,334,500,83.5,0.53541531104120521,1.6116093993008299e-30,0.016116093993008299,0.20295334296229389,1.0060948848849776e-29,0.34792948726378392,2.8916631723203253e-29,0.28916631723203257
3,335,500,83.75,0.53420172858539783,1.6066532330528027e-30,0.016066532330528027,0.20232920257892906,1.0034899316443848e-29,0.34702863779226589,2.8916631723203253e-29,0.28916631723203257
3,336,500,84,0.53299305901206107,1.6017716603885417e-30,0.016017716603885419,0.20171445592160941,1.0009095267100874e-29,0.34613627765883209,2.8916631723203253e-29,0.28916631723203257
3,337,500,84.25,0.53178929581558254,1.5969639500697974e-30,0.015969639500697973,0.20110901090397251,9.9835344365247187e-30,0.34525232855919874,2.8916631723203253e-29,0.28916631723203257
3,338,500,84.5,0.53059043232209768,1.5922293750744124e-30,0.015922293750744124,0.20051277597059725,9.9582145303680912e-30,0.34437671114984775,2.8916631723203253e-29,0.28916631723203257
3,339,500,84.75,0.52939646169299681,1.587567212622791e-30,0.01587567212622791,0.19992566010033716,9.9331332252303186e-30,0.343509345082532,2.8916631723203253e-29,0.28916631723203257
3,340,500,85,0.52820737692839059,1.5829767442028622e-30,0.015829767442028624,0.19934757280946408,9.9082881696416995e-30,0.34265014903831631,2.8916631723203253e-29,0.28916631723203257
3,341,500,85.25,0.52702317087053019,1.5784572555935354e-30,0.015784572555935353,0.19877842415462205,9.8836769850342967e-30,0.34179904076114948,2.8916631723203253e-29,0.28916631723203257
3,342,500,85.5,0.52584383620718644,1.5740080368867007e-30,0.015740080368867006,0.19821812473559766,9.8592972666992883e-30,0.34095593709097183,2.8916631723203253e-29,0.28916631723203257
3,343,500,85.75,0.52466936547498499,1.5696283825078017e-30,0.015696283825078018,0.1976665856979111,9.835146584731002e-30,0.34012075399636171,2.8916631723203253e-29,0.28916631723203257
3,344,500,86,0.52349975106270019,1.5653175912350213e-30,0.015653175912350215,0.19712371873523205,9.8112224849576555e-30,0.33929340660672264,2.8916631723203253e-29,0.28916631723203257
3,345,500,86.25,0.52233498521450572,1.5610749662170846e-30,0.015610749662170846,0.19658943609162169,9.7875224898587762e-30,0.33847380924400966,2.8916631723203253e-29,0.28916631723203257
3,346,500,86.5,0.52117506003318537,1.5568998149897574e-30,0.015568998149897574,0.1960636505636105,9.7640440994696165e-30,0.337661875454006,2.8916631723203253e-29,0.28916631723203257
3,347,500,86.75,0.52001996748329993,1.5527914494910175e-30,0.015527914494910176,0.19554627550210868,9.7407847922723414e-30,0.33685751803714231,2.8916631723203253e-29,0.28916631723203257
3,348,500,87,0.51886969939431549,1.54874918607498e-30,0.0154874918607498,0.19503722481415978,9.7177420260743445e-30,0.33606064907887057,2.8916631723203253e-29,0.28916631723203257
3,349,500,87.25,0.5177242474636895,1.544772345524562e-30,0.015447723455245621,0.19453641296453575,9.6949132388735439e-30,0.33527117997958805,2.8916631723203253e-29,0.28916631723203257
3,350,500,87.5,0.51658360325991681,1.5408602530629522e-30,0.015408602530629523,0.19404375497718113,9.6722958497109002e-30,0.33448902148411935,2.8916631723203253e-29,0.28916631723203257
3,351,500,87.75,0.51544775822553557,1.5370122383638891e-30,0.015370122383638891,0.19355916643650761,9.6498872595101585e-30,0.33371408371075617,2.8916631723203253e-29,0.28916631723203257
3,352,500,88,0.51431670368009308,1.5332276355607926e-30,0.015332276355607926,0.19308256348854386,9.6276848519049381e-30,0.33294627617986022,2.8916631723203253e-29,0.28916631723203257
3,353,500,88.25,0.51319043082307314,1.5295057832547681e-30,0.015295057832547681,0.19261386284194346,9.6056859940532264e-30,0.33218550784202994,2.8916631723203253e-29,0.28916631723203257
3,354,500,88.5,0.51206893073678283,1.5258460245215138e-30,0.015258460245215138,0.19215298176885487,9.5838880374394044e-30,0.33143168710583643,2.8916631723203253e-29,0.28916631723203257
3,355,500,88.75,0.51095219438920192,1.5222477069171603e-30,0.015222477069171602,0.1916998381056568,9.5622883186638694e-30,0.33068472186513026,2.8916631723203253e-29,0.28916631723203257
3,356,500,89,0.50984021263679236,1.5187101824830655e-30,0.015187101824830655,0.19125435025356197,9.5408841602203485e-30,0.32994451952592257,2.8916631723203253e-29,0.28916631723203257
3,357,500,89.25,0.50873297622727132,1.5152328077495943e-30,0.015152328077495943,0.19081643717909322,9.5196728712610361e-30,0.32921098703284551,2.8916631723203253e-29,0.28916631723203257
3,358,500,89.5,0.50763047580234477,1.5118149437389071e-30,0.015118149437389072,0.19038601841443448,9.4986517483495801e-30,0.32848403089519179,2.8916631723203253e-29,0.28916631723203257
3,359,500,89.75,0.506532701900405,1.5084559559667842e-30,0.015084559559667842,0.1899630140576607,9.4778180762020841e-30,0.32776355721254019,2.8916631723203253e-29,0.28916631723203257
3,360,500,90,0.5054396449591898,1.5051552144435116e-30,0.015051552144435118,0.18954734477284935,9.4571691284162119e-30,0.32704947169996984,2.8916631723203253e-29,0.28916631723203257
3,361,500,90.25,0.50435129531840583,1.5019120936738471e-30,0.015019120936738472,0.1891389317900761,9.4367021681884316e-30,0.32634167971286376,2.8916631723203253e-29,0.28916631723203257
3,362,500,90.5,0.50326764322231476,1.4987259726561014e-30,0.014987259726561014,0.18873769690529915,9.4164144490196024e-30,0.32564008627130986,2.8916631723203253e-29,0.28916631723203257
3,363,500,90.75,0.50218867882228446,1.4955962348803508e-30,0.014955962348803508,0.18834356248013415,9.3963032154089361e-30,0.32494459608409937,2.8916631723203253e-29,0.28916631723203257
3,364,500,91,0.50111439217930243,1.4925222683258012e-30,0.014925222683258013,0.18795645144152218,9.3763657035364384e-30,0.32425511357232745,2.8916631723203253e-29,0.28916631723203257
3,365,500,91.25,0.50004477326645602,1.4895034654573371e-30,0.014895034654573371,0.1875762872812953,9.3565991419339639e-30,0.32357154289259948,2.8916631723203253e-29,0.28916631723203257
3,366,500,91.5,0.49897981197137625,1.4865392232212728e-30,0.014865392232212728,0.18720299405564134,9.3370007521449935e-30,0.32289378795984758,2.8916631723203253e-29,0.28916631723203257
3,367,500,91.75,0.49791949809864677,1.4836289430403235e-30,0.014836289430403236,0.18683649638447064,9.3175677493732034e-30,0.32222175246975981,2.8916631723203253e-29,0.28916631723203257
3,368,500,92,0.49686382137217933,1.4807720308078243e-30,0.014807720308078243,0.18647671945068808,9.2982973431199517e-30,0.32155533992082563,2.8916631723203253e-29,0.28916631723203257
3,369,500,92.25,0.49581277143755426,1.4779678968812184e-30,0.014779678968812184,0.18612358899937304,9.2791867378108007e-30,0.32089445363600233,2.8916631723203253e-29,0.28916631723203257
3,370,500,92.5,0.49476633786432783,1.4752159560748319e-30,0.01475215956074832,0.18577703133686946,9.2602331334111857e-30,0.32023899678400647,2.8916631723203253e-29,0.28916631723203257
3,371,500,92.75,0.49372451014830543,1.4725156276519542e-30,0.014725156276519543,0.18543697332978853,9.2414337260312687e-30,0.31958887240023076,2.8916631723203253e-29,0.28916631723203257
3,372,500,93,0.49268727771378334,1.4698663353162587e-30,0.014698663353162587,0.18510334240392831,9.2227857085202484e-30,0.31894398340729674,2.8916631723203253e-29,0.28916631723203257
3,373,500,93.25,0.4916546299157552,1.4672675072025545e-30,0.014672675072025545,0.18477606654310902,9.2042862710499932e-30,0.31830423263523805,2.8916631723203253e-29,0.28916631723203257
3,374,500,93.5,0.49062655604208849,1.4647185758669247e-30,0.014647185758669247,0.18445507428793115,9.1859326016883607e-30,0.31766952284132716,2.8916631723203253e-29,0.28916631723203257
3,375,500,93.75,0.48960304531566795,1.4622189782762422e-30,0.014622189782762422,0.18414029473445523,9.1677218869621351e-30,0.31703975672954265,2.8916631723203253e-29,0.28916631723203257
3,376,500,94,0.4885840868965064,1.4597681557970899e-30,0.0145976815579709,0.18383165753280645,9.1496513124097476e-30,0.31641483696968392,2.8916631723203253e-29,0.28916631723203257
3,377,500,94.25,0.48756966988382672,1.4573655541841166e-30,0.014573655541841167,0.18352909288570829,9.1317180631239482e-30,0.31579466621613761,2.8916631723203253e-29,0.28916631723203257
3,378,500,94.5,0.48655978331810967,1.4550106235678242e-30,0.014550106235678243,0.18323253154694458,9.1139193242844134e-30,0.31517914712629658,2.8916631723203253e-29,0.28916631723203257
3,379,500,94.75,0.48555441618311285,1.4527028184418168e-30,0.014527028184418169,0.18294190481975381,9.0962522816805023e-30,0.31456818237863771,2.8916631723203253e-29,0.28916631723203257
3,380,500,95,0.48455355740785944,1.4504415976495373e-30,0.014504415976495374,0.18265714455515861,9.0787141222242664e-30,0.31396167469046316,2.8916631723203253e-29,0.28916631723203257
3,381,500,95.25,0.48355719586859575,1.4482264243704859e-30,0.014482264243704858,0.18237818315023055,9.0613020344537564e-30,0.31335952683530549,2.8916631723203253e-29,0.28916631723203257
3,382,500,95.5,0.48256532039071981,1.4460567661059577e-30,0.014460567661059577,0.18210495354629377,9.0440132090267801e-30,0.31276164166000331,2.8916631723203253e-29,0.28916631723203257
3,383,500,95.75,0.48157791975068004,1.4439320946643043e-30,0.014439320946643044,0.18183738922706907,9.0268448392052328e-30,0.31216792210145006,2.8916631723203253e-29,0.28916631723203257
3,384,500,96,0.48059498267784573,1.4418518861457419e-30,0.014418518861457419,0.18157542421676071,9.0097941213300857e-30,0.3115782712030204,2.8916631723203253e-29,0.28916631723203257
3,385,500,96.25,0.47961649785634763,1.4398156209267159e-30,0.01439815620926716,0.18131899307808749,8.9928582552871438e-30,0.31099259213067698,2.8916631723203253e-29,0.28916631723203257
3,386,500,96.5,0.47864245392689092,1.4378227836438404e-30,0.014378227836438405,0.18106803091026014,8.9760344449636817e-30,0.310410788188762,2.8916631723203253e-29,0.28916631723203257
3,387,500,96.75,0.47767283948853984,1.4358728631774303e-30,0.014358728631774302,0.18082247334690749,8.9593198986960951e-30,0.30983276283547806,2.8916631723203253e-29,0.28916631723203257
3,388,500,97,0.47670764310047403,1.4339653526346312e-30,0.014339653526346313,0.18058225655395205,8.9427118297086195e-30,0.30925841969805973,2.8916631723203253e-29,0.28916631723203257
3,389,500,97.25,0.47574685328371874,1.4320997493321773e-30,0.014320997493321773,0.18034731722743857,8.9262074565432891e-30,0.30868766258764263,2.8916631723203253e-29,0.28916631723203257
3,390,500,97.5,0.47479045852284585,1.4302755547787693e-30,0.014302755547787694,0.18011759259131499,8.9098040034811686e-30,0.30812039551383064,2.8916631723203253e-29,0.28916631723203257
3,391,500,97.75,0.47383844726764984,1.4284922746571124e-30,0.014284922746571125,0.17989302039517024,8.8934987009550636e-30,0.30755652269896816,2.8916631723203253e-29,0.28916631723203257
3,392,500,98,0.47289080793479676,1.426749418805605e-30,0.01426749418805605,0.17967353891192855,8.8772887859537154e-30,0.30699594859211804,2.8916631723203253e-29,0.28916631723203257
3,393,500,98.25,0.47194752890944619,1.4250465011997044e-30,0.014250465011997044,0.1794590869355025,8.8611715024176535e-30,0.3064385778827512,2.8916631723203253e-29,0.28916631723203257
3,394,500,98.5,0.47100859854684818,1.4233830399329759e-30,0.01423383039932976,0.17924960377840665,8.8451441016267673e-30,0.30588431551414946,2.8916631723203253e-29,0.28916631723203257
3,395,500,98.75,0.47007400517391423,1.421758557197845e-30,0.01421758557197845,0.17904502926933369,8.829203842579766e-30,0.30533306669652832,2.8916631723203253e-29,0.28916631723203257
3,396,500,99,0.46914373709076296,1.4201725792660551e-30,0.01420172579266055,0.17884530375069324,8.8133479923655353e-30,0.30478473691987917,2.8916631723203253e-29,0.28916631723203257
3,397,500,99.25,0.46821778257224084,1.418624636468854e-30,0.014186246364688541,0.17865036807611684,8.7975738265265983e-30,0.3042392319665384,2.8916631723203253e-29,0.28916631723203257
3,398,500,99.5,0.46729612986941838,1.4171142631769106e-30,0.014171142631769105,0.1784601636079288,8.7818786294147085e-30,0.30369645792348499,2.8916631723203253e-29,0.28916631723203257
3,399,500,99.75,0.46637876721106153,1.4156409977799826e-30,0.014156409977799825,0.17827463221458564,8.7662596945387124e-30,0.30315632119436992,2.8916631723203253e-29,0.28916631723203257
3,400,500,100,0.46546568280507911,1.4142043826663387e-30,0.014142043826663387,0.17809371626808479,8.750714324904781e-30,0.30261872851128241,2.8916631723203253e-29,0.28916631723203257
3,401,500,100.25,0.4645568648399469,1.4128039642019479e-30,0.014128039642019479,0.17791735864134375,8.7352398333490814e-30,0.30208358694625415,2.8916631723203253e-29,0.28916631723203257
3,402,500,100.5,0.46365230148610748,1.411439292709459e-30,0.01411439292709459,0.17774550270555303,8.7198335428630739e-30,0.30155080392250921,2.8916631723203253e-29,0.28916631723203257
3,403,500,100.75,0.46275198089734715,1.4101099224469537e-30,0.014101099224469537,0.17757809232750041,8.7044927869113999e-30,0.30102028722545682,2.8916631723203253e-29,0.28916631723203257
3,404,500,101,0.46185589121215037,1.4088154115865143e-30,0.014088154115865144,0.17741507186687194,8.6892149097425963e-30,0.30049194501343685,2.8916631723203253e-29,0.28916631723203257
3,405,500,101.25,0.46096402055503094,1.4075553221925994e-30,0.014075553221925994,0.17725638617352882,8.6739972666926715e-30,0.29996568582821809,2.8916631723203253e-29,0.28916631723203257
3,406,500,101.5,0.460076357037841,1.4063292202002319e-30,0.014063292202002319,0.17710198058476043,8.6588372244815992e-30,0.29944141860525147,2.8916631723203253e-29,0.28916631723203257
3,407,500,101.75,0.45919288876105735,1.4051366753930247e-30,0.014051366753930247,0.17695180092251719,8.6437321615029088e-30,0.29891905268368496,2.8916631723203253e-29,0.28916631723203257
3,408,500,102,0.45831360381504804,1.4039772613810472e-30,0.014039772613810472,0.1768057934906232,8.6286794681064669e-30,0.29839849781614264,2.8916631723203253e-29,0.28916631723203257
3,409,500,102.25,0.45743849028131478,1.4028505555785345e-30,0.014028505555785345,0.17666390507196902,8.6136765468744383e-30,0.29787966417826806,2.8916631723203253e-29,0.28916631723203257
3,410,500,102.5,0.45656753623371521,1.4017561391814541e-30,0.014017561391814542,0.17652608292568683,8.5987208128906486e-30,0.29736246237803943,2.8916631723203253e-29,0.28916631723203257
3,411,500,102.75,0.45570072973966536,1.4006935971449474e-30,0.014006935971449475,0.1763922747843093,8.5838096940033887e-30,0.29684680346485781,2.8916631723203253e-29,0.28916631723203257
3,412,500,103,0.45483805886131945,1.3996625181606355e-30,0.013996625181606355,0.1762624288509119,8.5689406310817392e-30,0.29633259893841157,2.8916631723203253e-29,0.28916631723203257
3,413,500,103.25,0.45397951165672995,1.3986624946338122e-30,0.013986624946338122,0.17613649379624058,8.5541110782655256e-30,0.2958197607573203,2.8916631723203253e-29,0.28916631723203257
3,414,500,103.5,0.45312507618098874,1.397693122660532e-30,0.013976931226605321,0.17601441875582663,8.5393185032090265e-30,0.29530820134756275,2.8916631723203253e-29,0.28916631723203257
3,415,500,103.75,0.45227474048734584,1.3967540020045883e-30,0.013967540020045882,0.17589615332708725,8.524560387318449e-30,0.29479783361068918,2.8916631723203253e-29,0.28916631723203257
3,416,500,104,0.45142849262831103,1.3958447360744074e-30,0.013958447360744074,0.17578164756641596,8.5098342259833526e-30,0.2942885709318247,2.8916631723203253e-29,0.28916631723203257
3,417,500,104.25,0.45058632065673476,1.3949649318998506e-30,0.013949649318998506,0.17567085198626115,8.495137528802039e-30,0.29378032718746355,2.8916631723203253e-29,0.28916631723203257
3,418,500,104.5,0.44974821262686937,1.3941142001089399e-30,0.0139411420010894,0.1755637175521951,8.4804678198010328e-30,0.29327301675305928,2.8916631723203253e-29,0.28916631723203257
3,419,500,104.75,0.4489141565954135,1.3932921549045119e-30,0.013932921549045119,0.17546019567997398,8.4658226376487431e-30,0.29276655451041367,2.8916631723203253e-29,0.28916631723203257
3,420,500,105,0.44808414062253521,1.3924984140408081e-30,0.013924984140408081,0.17536023823258978,8.4511995358633561e-30,0.29226085585486616,2.8916631723203253e-29,0.28916631723203257
3,421,500,105.25,0.44725815277287923,1.3917325988000057e-30,0.013917325988000058,0.17526379751731488,8.4365960830151068e-30,0.29175583670228861,2.8916631723203253e-29,0.28916631723203257
3,422,500,105.5,0.44643618111655425,1.3909943339686988e-30,0.013909943339686988,0.17517082628274017,8.4220098629229529e-30,0.29125141349588696,2.8916631723203253e-29,0.28916631723203257
3,423,500,105.75,0.44561821373010357,1.3902832478143354e-30,0.013902832478143355,0.17508127771580773,8.4074384748457759e-30,0.29074750321281329,2.8916631723203253e-29,0.28916631723203257
3,424,500,106,0.44480423869745689,1.3895989720616123e-30,0.013895989720616123,0.17499510543883823,8.3928795336681657e-30,0.29024402337059058,2.8916631723203253e-29,0.28916631723203257
3,425,500,106.25,0.44399424411086597,1.3889411418688425e-30,0.013889411418688425,0.17491226350655484,8.3783306700809061e-30,0.28974089203335446,2.8916631723203253e-29,0.28916631723203257
3,426,500,106.5,0.44318821807182229,1.3883093958042925e-30,0.013883093958042925,0.17483270640310328,8.3637895307562005e-30,0.28923802781791275,2.8916631723203253e-29,0.28916631723203257
3,427,500,106.75,0.44238614869195836,1.3877033758224999e-30,0.013877033758224999,0.17475638903906945,8.3492537785177598e-30,0.28873534989962751,2.8916631723203253e-29,0.28916631723203257
3,428,500,107,0.44158802409393144,1.3871227272405768e-30,0.013871227272405768,0.17468326674849535,8.3347210925057984e-30,0.28823277801812097,2.8916631723203253e-29,0.28916631723203257
3,429,500,107.25,0.44079383241229192,1.3865670987145017e-30,0.013865670987145017,0.17461329528589339,8.3201891683370417e-30,0.28773023248280899,2.8916631723203253e-29,0.28916631723203257
3,430,500,107.5,0.44000356179433486,1.3860361422154091e-30,0.013860361422154091,0.17454643082326049,8.3056557182598129e-30,0.28722763417826419,2.8916631723203253e-29,0.28916631723203257
3,431,500,107.75,0.43921720040093515,1.3855295130058751e-30,0.013855295130058752,0.17448262994709168,8.291118471304264e-30,0.2867249045694113,2.8916631723203253e-29,0.28916631723203257
3,432,500,108,0.43843473640736813,1.3850468696162178e-30,0.013850468696162178,0.17442184965539562,8.276575173427879e-30,0.28622196570655906,2.8916631723203253e-29,0.28916631723203257
3,433,500,108.25,0.43765615800411317,1.3845878738207968e-30,0.013845878738207969,0.17436404735470992,8.2620235876562376e-30,0.285718740230268,2.8916631723203253e-29,0.28916631723203257
3,434,500,108.5,0.43688145339764284,1.3841521906143351e-30,0.013841521906143352,0.17430918085711919,8.2474614942191962e-30,0.28521515137606007,2.8916631723203253e-29,0.28916631723203257
3,435,500,108.75,0.43611061081119717,1.3837394881882637e-30,0.013837394881882637,0.17425720837727626,8.2328866906825506e-30,0.2847111229789715,2.8916631723203253e-29,0.28916631723203257
3,436,500,109,0.43534361848554209,1.3833494379070792e-30,0.013833494379070792,0.17420808852942471,8.2182969920751625e-30,0.28420657947794953,2.8916631723203253e-29,0.28916631723203257
3,437,500,109.25,0.43458046467971345,1.3829817142847411e-30,0.01382981714284741,0.17416178032442658,8.2036902310117618e-30,0.28370144592009883,2.8916631723203253e-29,0.28916631723203257
3,438,500,109.5,0.43382113767174763,1.382635994961098e-30,0.01382635994961098,0.17411824316679367,8.1890642578113955e-30,0.28319564796477781,2.8916631723203253e-29,0.28916631723203257
3,439,500,109.75,0.43306562575939622,1.3823119606783463e-30,0.013823119606783464,0.17407743685172292,8.1744169406116143e-30,0.28268911188754764,2.8916631723203253e-29,0.28916631723203257
3,440,500,110,0.43231391726082785,1.3820092952575373e-30,0.013820092952575374,0.17403932156213792,8.1597461654784982e-30,0.28218176458397687,2.8916631723203253e-29,0.28916631723203257
3,441,500,110.25,0.43156600051531557,1.3817276855751223e-30,0.013817276855751223,0.17400385786573513,8.1450498365125481e-30,0.2816735335733036,2.8916631723203253e-29,0.28916631723203257
3,442,500,110.5,0.43082186388391125,1.3814668215395533e-30,0.013814668215395533,0.17397100671203727,8.1303258759505804e-30,0.28116434700195919,2.8916631723203253e-29,0.28916631723203257
3,443,500,110.75,0.4300814957501049,1.3812263960679229e-30,0.013812263960679229,0.17394072942945141,8.1155722242635468e-30,0.28065413364695091,2.8916631723203253e-29,0.28916631723203257
3,444,500,111,0.42934488452047315,1.3810061050626755e-30,0.013810061050626755,0.17391298772233621,8.1007868402505565e-30,0.28014282291911374,2.8916631723203253e-29,0.28916631723203257
3,445,500,111.25,0.42861201862531273,1.3808056473883642e-30,0.013808056473883642,0.17388774366807494,8.0859677011289665e-30,0.27963034486622562,2.8916631723203253e-29,0.28916631723203257
3,446,500,111.5,0.42788288651926148,1.3806247248484763e-30,0.013806247248484763,0.17386495971415694,8.0711128026207368e-30,0.27911663017599392,2.8916631723203253e-29,0.28916631723203257
3,447,500,111.75,0.42715747668190751,1.3804630421623218e-30,0.013804630421623219,0.17384459867526725,8.0562201590350442e-30,0.27860161017891238,2.8916631723203253e-29,0.28916631723203257
3,448,500,112,0.42643577761838486,1.3803203069419903e-30,0.013803203069419904,0.17382662373038463,8.0412878033472619e-30,0.27808521685099236,2.8916631723203253e-29,0.28916631723203257
3,449,500,112.25,0.42571777785995729,1.3801962296693772e-30,0.013801962296693773,0.17381099841988856,8.0263137872743244e-30,0.27756738281636922,2.8916631723203253e-29,0.28916631723203257
3,450,500,112.5,0.42500346596458999,1.3800905236732879e-30,0.013800905236732879,0.17379768664267578,8.0112961813465846e-30,0.27704804134978722,2.8916631723203253e-29,0.28916631723203257
3,451,500,112.75,0.42429283051750938,1.3800029051066147e-30,0.013800029051066148,0.1737866526532863,7.9962330749761887e-30,0.27652712637896409,2.8916631723203253e-29,0.28916631723203257
3,452,500,113,0.42358586013175081,1.3799330929235945e-30,0.013799330929235945,0.17377786105903922,7.9811225765220377e-30,0.27600457248683752,2.8916631723203253e-29,0.28916631723203257
3,453,500,113.25,0.42288254344869519,1.3798808088571472e-30,0.013798808088571472,0.17377127681717902,7.9659628133514136e-30,0.27548031491369634,2.8916631723203253e-29,0.28916631723203257
3,454,500,113.5,0.42218286913859338,1.3798457773962985e-30,0.013798457773962986,0.17376686523203241,7.9507519318982876e-30,0.27495428955919693,2.8916631723203253e-29,0.28916631723203257
3,455,500,113.75,0.42148682590108061,1.3798277257636938e-30,0.013798277257636939,0.1737645919521765,7.9354880977184301e-30,0.27442643298426916,2.8916631723203253e-29,0.28916631723203257
3,456,500,114,0.42079440246567873,1.3798263838931933e-30,0.013798263838931934,0.17376442296761732,7.920169495541308e-30,0.27389668241291099,2.8916631723203253e-29,0.28916631723203257
3,457,500,114.25,0.420105587592288,1.3798414844075628e-30,0.013798414844075629,0.17376632460698047,7.9047943293188778e-30,0.27336497573387569,2.8916631723203253e-29,0.28916631723203257
3,458,500,114.5,0.4194203700716681,1.3798727625962585e-30,0.013798727625962586,0.17377026353471342,7.8893608222713033e-30,0.27283125150225329,2.8916631723203253e-29,0.28916631723203257
3,459,500,114.75,0.41873873872590861,1.3799199563933037e-30,0.013799199563933037,0.17377620674829952,7.8738672169296734e-30,0.27229544894094748,2.8916631723203253e-29,0.28916631723203257
3,460,500,115,0.41806068240888938,1.3799828063552668e-30,0.013799828063552668,0.1737841215754847,7.8583117751757508e-30,0.27175750794205028,2.8916631723203253e-29,0.28916631723203257
3,461,500,115.25,0.41738619000672972,1.3800610556393333e-30,0.013800610556393334,0.17379397567151603,7.842692778278806e-30,0.27121736906811594,2.8916631723203253e-29,0.28916631723203257
3,462,500,115.5,0.41671525043822888,1.3801544499814841e-30,0.013801544499814841,0.17380573701639368,7.8270085269296214e-30,0.27067497355333681,2.8916631723203253e-29,0.28916631723203257
3,463,500,115.75,0.41604785265529542,1.3802627376747733e-30,0.013802627376747733,0.17381937391213545,7.8112573412716758e-30,0.27013026330462186,2.8916631723203253e-29,0.28916631723203257
3,464,500,116,0.41538398564336754,1.3803856695477093e-30,0.013803856695477094,0.17383485498005416,7.7954375609295782e-30,0.26958318090257971,2.8916631723203253e-29,0.28916631723203257
3,465,500,116.25,0.41472363842182353,1.3805229989427456e-30,0.013805229989427457,0.17385214915804895,7.7795475450348064e-30,0.2690336696024091,2.8916631723203253e-29,0.28916631723203257
3,466,500,116.5,0.41406680004438284,1.3806744816948777e-30,0.013806744816948777,0.17387122569791008,7.7635856722488012e-30,0.2684816733346973,2.8916631723203253e-29,0.28916631723203257
3,467,500,116.75,0.41341345959949788,1.3808398761103437e-30,0.013808398761103437,0.17389205416263651,7.7475503407834232e-30,0.26792713670612756,2.8916631723203253e-29,0.28916631723203257
3,468,500,117,0.41276360621073621,1.3810189429454445e-30,0.013810189429454445,0.17391460442376874,7.7314399684188955e-30,0.26737000500009972,2.8916631723203253e-29,0.28916631723203257
3,469,500,117.25,0.4121172290371547,1.3812114453854672e-30,0.013812114453854673,0.17393884665873457,7.7152529925192122e-30,0.26681022417726291,2.8916631723203253e-29,0.28916631723203257
3,470,500,117.5,0.41147431727366396,1.3814171490237256e-30,0.013814171490237257,0.17396475134820968,7.6989878700450892e-30,0.26624774087596365,2.8916631723203253e-29,0.28916631723203257
3,471,500,117.75,0.41083486015138426,1.3816358218407177e-30,0.013816358218407177,0.17399228927349281,7.68264307756452e-30,0.2656825024126106,2.8916631723203253e-29,0.28916631723203257
3,472,500,118,0.41019884693799308,1.3818672341833874e-30,0.013818672341833874,0.17402143151389418,7.6662171112609123e-30,0.26511445678195616,2.8916631723203253e-29,0.28916631723203257
3,473,500,118.25,0.40956626693806425,1.3821111587445163e-30,0.013821111587445162,0.17405214944414032,7.6497084869389529e-30,0.26454355265729934,2.8916631723203253e-29,0.28916631723203257
3,474,500,118.5,0.40893710949339834,1.3823673705422232e-30,0.013823673705422233,0.17408441473179223,7.633115740028144e-30,0.26396973939060775,2.8916631723203253e-29,0.28916631723203257
3,475,500,118.75,0.40831136398334522,1.3826356468995859e-30,0.013826356468995859,0.17411819933467934,7.6164374255841366e-30,0.26339296701256404,2.8916631723203253e-29,0.28916631723203257
3,476,500,119,0.40768901982511885,1.3829157674243813e-30,0.013829157674243813,0.17415347549834795,7.5996721182878412e-30,0.26281318623253486,2.8916631723203253e-29,0.28916631723203257
3,477,500,119.25,0.40707006647410354,1.3832075139889464e-30,0.013832075139889464,0.17419021575352511,7.5828184124423964e-30,0.26223034843846627,2.8916631723203253e-29,0.28916631723203257
3,478,500,119.5,0.40645449342415307,1.3835106707101571e-30,0.013835106707101572,0.17422839291359746,7.5658749219680054e-30,0.26164440569670511,2.8916631723203253e-29,0.28916631723203257
3,479,500,119.75,0.40584229020788148,1.3838250239295344e-30,0.013838250239295346,0.17426798007210575,7.5488402803947303e-30,0.26105531075174976,2.8916631723203253e-29,0.28916631723203257
3,480,500,120,0.40523344639694719,1.3841503621934688e-30,0.013841503621934688,0.17430895060025461,7.5317131408532281e-30,0.26046301702592972,2.8916631723203253e-29,0.28916631723203257
3,481,500,120.25,0.40462795160232906,1.3844864762335661e-30,0.013844864762335662,0.17435127814443743,7.5144921760634832e-30,0.25986747861901605,2.8916631723203253e-29,0.28916631723203257
3,482,500,120.5,0.40402579547459549,1.3848331589471247e-30,0.013848331589471248,0.1743949366237777,7.4971760783216236e-30,0.25926865030776552,2.8916631723203253e-29,0.28916631723203257
3,483,500,120.75,0.40342696770416631,1.3851902053777275e-30,0.013851902053777275,0.17443990022768507,7.4797635594847828e-30,0.25866648754539689,2.8916631723203253e-29,0.28916631723203257
3,484,500,121,0.40283145802156767,1.3855574126959668e-30,0.013855574126959667,0.174486143413428,7.4622533509540967e-30,0.25806094646100303,2.8916631723203253e-29,0.28916631723203257
3,485,500,121.25,0.40223925619767986,1.3859345801802873e-30,0.013859345801802874,0.17453364090372106,7.4446442036558444e-30,0.25745198385889878,2.8916631723203253e-29,0.28916631723203257
3,486,500,121.5,0.40165035204397886,1.3863215091979633e-30,0.013863215091979634,0.17458236768432964,7.4269348880208131e-30,0.25683955721790724,2.8916631723203253e-29,0.28916631723203257
3,487,500,121.75,0.40106473541277055,1.386718003186194e-30,0.01386718003186194,0.17463229900168903,7.4091241939618562e-30,0.25622362469058368,2.8916631723203253e-29,0.28916631723203257
3,488,500,122,0.40048239619741904,1.3871238676333312e-30,0.013871238676333312,0.1746834103605405,7.391210930849739e-30,0.25560414510238033,2.8916631723203253e-29,0.28916631723203257
3,489,500,122.25,0.39990332433256764,1.3875389100602308e-30,0.013875389100602308,0.17473567752158276,7.3731939274872668e-30,0.25498107795075164,2.8916631723203253e-29,0.28916631723203257
3,490,500,122.5,0.39932750979435477,1.3879629400017323e-30,0.013879629400017322,0.17478907649913969,7.3550720320817658e-30,0.25435438340420252,2.8916631723203253e-29,0.28916631723203257
3,491,500,122.75,0.39875494260062277,1.3883957689882679e-30,0.013883957689882679,0.17484358355884441,7.3368441122159155e-30,0.25372402230127972,2.8916631723203253e-29,0.28916631723203257
3,492,500,123,0.39818561281112025,1.3888372105275965e-30,0.013888372105275965,0.17489917521533888,7.3185090548169842e-30,0.25308995614950802,2.8916631723203253e-29,0.28916631723203257
3,493,500,123.25,0.3976195105277,1.3892870800866655e-30,0.013892870800866656,0.17495582822998973,7.3000657661244874e-30,0.25245214712427161,2.8916631723203253e-29,0.28916631723203257
3,494,500,123.5,0.39705662589450907,1.389745195073607e-30,0.013897451950736071,0.17501351960862108,7.2815131716563447e-30,0.25181055806764385,2.8916631723203253e-29,0.28916631723203257
3,495,500,123.75,0.39649694909817462,1.3902113748198507e-30,0.013902113748198507,0.17507222659926192,7.2628502161734763e-30,0.25116515248716287,2.8916631723203253e-29,0.28916631723203257
3,496,500,124,0.3959404703679833,1.3906854405623781e-30,0.013906854405623783,0.17513192668991143,7.2440758636429906e-30,0.25051589455455858,2.8916631723203253e-29,0.28916631723203257
3,497,500,124.25,0.39538717997605483,1.3911672154260953e-30,0.013911672154260953,0.17519259760631897,7.2251890971998548e-30,0.24986274910442718,2.8916631723203253e-29,0.28916631723203257
3,498,500,124.5,0.3948370682375113,1.391656524406341e-30,0.013916565244063411,0.1752542173097815,7.2061889191072363e-30,0.24920568163285953,2.8916631723203253e-29,0.28916631723203257
3,499,500,124.75,0.39429012551063919,1.3921531943515169e-30,0.01392153194351517,0.17531676399495599,7.1870743507153724e-30,0.24854465829601888,2.8916631723203253e-29,0.28916631723203257
3,500,500,125,0.3937463421970484,1.3926570539458553e-30,0.013926570539458553,0.1753802160876895,7.1678444324191707e-30,0.24787964590867465,2.8916631723203253e-29,0.28916631723203257
3,501,500,125.25,0.39320570874182353,1.3931679336923027e-30,0.013931679336923028,0.17544455224286346,7.1484982236144005e-30,0.24721061194268729,2.8916631723203253e-29,0.28916631723203257
3,502,500,125.5,0.3926682156336726,1.3936856658955472e-30,0.013936856658955473,0.17550975134225644,7.1290348026526593e-30,0.24653752452545111,2.8916631723203253e-29,0.28916631723203257
3,503,500,125.75,0.39213385340506868,1.3942100846451592e-30,0.013942100846451592,0.17557579249242103,7.1094532667950079e-30,0.24586035243829066,2.8916631723203253e-29,0.28916631723203257
3,504,500,126,0.39160261263238794,1.3947410257988727e-30,0.013947410257988728,0.17564265502257825,7.0897527321644021e-30,0.24517906511481591,2.8916631723203253e-29,0.28916631723203257
3,505,500,126.25,0.39107448393604244,1.3952783269659866e-30,0.013952783269659867,0.17571031848252741,7.0699323336968951e-30,0.24449363263923465,2.8916631723203253e-29,0.28916631723203257
3,506,500,126.5,0.39054945798060797,1.3958218274908996e-30,0.013958218274908996,0.1757787626405726,7.0499912250916409e-30,0.24380402574462345,2.8916631723203253e-29,0.28916631723203257
3,507,500,126.75,0.39002752547494751,1.3963713684367665e-30,0.013963713684367666,0.17584796748146442,7.0299285787597269e-30,0.24311021581115821,2.8916631723203253e-29,0.28916631723203257
3,508,500,127,0.38950867717232995,1.3969267925692888e-30,0.013969267925692889,0.17591791320435871,7.0097435857718845e-30,0.24241217486430597,2.8916631723203253e-29,0.28916631723203257
3,509,500,127.25,0.38899290387054497,1.3974879443406289e-30,0.01397487944340629,0.17598858022079092,6.9894354558050804e-30,0.24170987557297777,2.8916631723203253e-29,0.28916631723203257
3,510,500,127.5,0.38848019641201231,1.3980546698734546e-30,0.013980546698734546,0.17605994915266668,6.9690034170880027e-30,0.24100329124764355,2.8916631723203253e-29,0.28916631723203257
3,511,500,127.75,0.387970545683888,1.3986268169451036e-30,0.013986268169451036,0.17613200083026773,6.9484467163454845e-30,0.24029239583841017,2.8916631723203253e-29,0.28916631723203257
3,512,500,128,0.38746394261816564,1.3992042349718851e-30,0.013992042349718851,0.17620471629027487,6.927764618741894e-30,0.23957716393306364,2.8916631723203253e-29,0.28916631723203257
3,513,500,128.25,0.38696037819177359,1.3997867749934976e-30,0.013997867749934976,0.17627807677380575,6.9069564078234893e-30,0.23885757075507577,2.8916631723203253e-29,0.28916631723203257
3,514,500,128.5,0.38645984342666867,1.4003742896575803e-30,0.014003742896575803,0.17635206372446927,6.8860213854597911e-30,0.23813359216157659,2.8916631723203253e-29,0.28916631723203257
3,515,500,128.75,0.38596232938992464,1.4009666332043846e-30,0.014009666332043846,0.17642665878643543,6.8649588717839471e-30,0.23740520464129208,2.8916631723203253e-29,0.28916631723203257
3,516,500,129,0.38546782719381861,1.4015636614515757e-30,0.014015636614515757,0.17650184380252115,6.8437682051321952e-30,0.23667238531245069,2.8916631723203253e-29,0.28916631723203257
3,517,500,129.25,0.38497632799591175,1.4021652317791577e-30,0.014021652317791577,0.17657760081229204,6.8224487419823418e-30,0.23593511192065567,2.8916631723203253e-29,0.28916631723203257
3,518,500,129.5,0.38448782299912765,1.4027712031145192e-30,0.014027712031145194,0.17665391205017902,6.8009998568913524e-30,0.23519336283672698,2.8916631723203253e-29,0.28916631723203257
3,519,500,129.75,0.38400230345182623,1.4033814359176117e-30,0.014033814359176118,0.1767307599436119,6.7794209424320658e-30,0.2344471170545126,2.8916631723203253e-29,0.28916631723203257
3,520,500,130,0.38351976064787396,1.4039957921662422e-30,0.014039957921662422,0.17680812711116714,6.7577114091289971e-30,0.23369635418866858,2.8916631723203253e-29,0.28916631723203257
3,521,500,130.25,0.38304018592671152,1.4046141353414962e-30,0.014046141353414962,0.17688599636073229,6.7358706853933294e-30,0.23294105447241073,2.8916631723203253e-29,0.28916631723203257
3,522,500,130.5,0.38256357067341684,1.4052363304132824e-30,0.014052363304132825,0.17696435068768551,6.713898217457063e-30,0.2321811987552376,2.8916631723203253e-29,0.28916631723203257
3,523,500,130.75,0.38208990631876538,1.4058622438259985e-30,0.014058622438259985,0.17704317327309038,6.6917934693063398e-30,0.23141676850062443,2.8916631723203253e-29,0.28916631723203257
3,524,500,131,0.38161918433928715,1.4064917434843175e-30,0.014064917434843175,0.17712244748190606,6.6695559226139965e-30,0.23064774578369093,2.8916631723203253e-29,0.28916631723203257
3,525,500,131.25,0.38115139625732003,1.4071246987391017e-30,0.014071246987391017,0.17720215686121329,6.6471850766713225e-30,0.22987411328884114,2.8916631723203253e-29,0.28916631723203257
3,526,500,131.5,0.38068653364106003,1.4077609803734314e-30,0.014077609803734315,0.17728228513845512,6.6246804483190822e-30,0.22909585430737817,2.8916631723203253e-29,0.28916631723203257
3,527,500,131.75,0.3802245881046093,1.4084004605887574e-30,0.014084004605887575,0.17736281621969291,6.6020415718777897e-30,0.22831295273509281,2.8916631723203253e-29,0.28916631723203257
3,528,500,132,0.37976555130801931,1.4090430129911742e-30,0.014090430129911742,0.17744373418787771,6.5792679990772511e-30,0.22752539306982708,2.8916631723203253e-29,0.28916631723203257
3,529,500,132.25,0.37930941495733289,1.4096885125778112e-30,0.014096885125778112,0.17752502330113654,6.5563592989854303e-30,0.22673316040901415,2.8916631723203253e-29,0.28916631723203257
3,530,500,132.5,0.37885617080462231,1.4103368357233452e-30,0.014103368357233453,0.17760666799107383,6.5333150579366175e-30,0.22593624044719432,2.8916631723203253e-29,0.28916631723203257
3,531,500,132.75,0.37840581064802448,1.4109878601666284e-30,0.014109878601666286,0.17768865286108751,6.5101348794589145e-30,0.22513461947350732,2.8916631723203253e-29,0.28916631723203257
3,532,500,133,0.37795832633177412,1.4116414649974388e-30,0.014116414649974388,0.17777096268470036,6.4868183842010953e-30,0.22432828436916286,2.8916631723203253e-29,0.28916631723203257
3,533,500,133.25,0.37751370974623299,1.4122975306433437e-30,0.014122975306433437,0.17785358240390584,6.4633652098587857e-30,0.22351722260488793,2.8916631723203253e-29,0.28916631723203257
3,534,500,133.5,0.37707195282791756,1.412955938856684e-30,0.01412955938856684,0.17793649712752882,6.439775011100084e-30,0.22270142223835449,2.8916631723203253e-29,0.28916631723203257
3,535,500,133.75,0.37663304755952376,1.4136165727016738e-30,0.014136165727016739,0.1780196921296012,6.4160474594905212e-30,0.22188087191158448,2.8916631723203253e-29,0.28916631723203257
3,536,500,134,0.37619698596994827,1.4142793165416119e-30,0.014142793165416119,0.1781031528477513,6.392182243417443e-30,0.22105556084833472,2.8916631723203253e-29,0.28916631723203257
3,537,500,134.25,0.37576376013430901,1.414944056026219e-30,0.01414944056026219,0.17818686488160926,6.3681790680138518e-30,0.22022547885146335,2.8916631723203253e-29,0.28916631723203257
3,538,500,134.5,0.37533336217396146,1.4156106780790777e-30,0.014156106780790777,0.17827081399122524,6.3440376550816282e-30,0.21939061630027443,2.8916631723203253e-29,0.28916631723203257
3,539,500,134.75,0.37490578425651355,1.416279070885193e-30,0.01416279070885193,0.17835498609550304,6.3197577430142522e-30,0.21855096414784572,2.8916631723203253e-29,0.28916631723203257
3,540,500,135,0.37448101859583849,1.4169491238786689e-30,0.014169491238786689,0.1784393672706481,6.2953390867189829e-30,0.21770651391833729,2.8916631723203253e-29,0.28916631723203257
3,541,500,135.25,0.37405905745208384,1.4176207277304906e-30,0.014176207277304906,0.17852394374862887,6.2707814575384872e-30,0.21685725770428141,2.8916631723203253e-29,0.28916631723203257
3,542,500,135.5,0.37363989313168022,1.4182937743364261e-30,0.014182937743364262,0.17860870191565328,6.2460846431720142e-30,0.2160031881638565,2.8916631723203253e-29,0.28916631723203257
3,543,500,135.75,0.37322351798734643,1.4189681568050358e-30,0.014189681568050358,0.17869362831065871,6.2212484475960226e-30,0.21514429851814224,2.8916631723203253e-29,0.28916631723203257
3,544,500,136,0.37280992441809296,1.4196437694457932e-30,0.014196437694457933,0.17877870962381609,6.1962726909843719e-30,0.21428058254835972,2.8916631723203253e-29,0.28916631723203257
3,545,500,136.25,0.37239910486922401,1.4203205077573224e-30,0.014203205077573224,0.17886393269504855,6.1711572096280423e-30,0.21341203459309505,2.8916631723203253e-29,0.28916631723203257
3,546,500,136.5,0.37199105183233588,1.4209982684157339e-30,0.01420998268415734,0.17894928451256253,6.1459018558543403e-30,0.21253864954550541,2.8916631723203253e-29,0.28916631723203257
3,547,500,136.75,0.37158575784531528,1.4216769492630827e-30,0.014216769492630827,0.17903475221139431,6.1205064979457714e-30,0.21166042285051342,2.8916631723203253e-29,0.28916631723203257
3,548,500,137,0.37118321549233418,1.4223564492959257e-30,0.014223564492959256,0.17912032307196904,6.0949710200583614e-30,0.2107773505019826,2.8916631723203253e-29,0.28916631723203257
3,549,500,137.25,0.37078341740384374,1.4230366686539926e-30,0.014230366686539927,0.17920598451867395,6.0692953221396577e-30,0.20988942903988159,2.8916631723203253e-29,0.28916631723203257
3,550,500,137.5,0.37038635625656574,1.4237175086089591e-30,0.014237175086089592,0.17929172411844466,6.043479319846257e-30,0.20899665554743205,2.8916631723203253e-29,0.28916631723203257
3,551,500,137.75,0.36999202477348309,1.4243988715533379e-30,0.01424398871553338,0.17937752957936609,6.0175229444609788e-30,0.20809902764824453,2.8916631723203253e-29,0.28916631723203257
3,552,500,138,0.36960041572382729,1.42508066098946e-30,0.0142508066098946,0.17946338874928491,5.991426142809627e-30,0.20719654350343969,2.8916631723203253e-29,0.28916631723203257
3,553,500,138.25,0.3692115219230655,1.4257627815185776e-30,0.014257627815185777,0.17954928961443728,5.9651888771773869e-30,0.20628920180875721,2.8916631723203253e-29,0.28916631723203257
3,554,500,138.5,0.3688253362328851,1.4264451388300591e-30,0.014264451388300592,0.17963522029808804,5.9388111252248636e-30,0.20537700179165227,2.8916631723203253e-29,0.28916631723203257
3,555,500,138.75,0.36844185156117693,1.4271276396906974e-30,0.014271276396906974,0.17972116905918442,5.9122928799037563e-30,0.20445994320837929,2.8916631723203253e-29,0.28916631723203257
3,556,500,139,0.36806106086201695,1.4278101919341191e-30,0.014278101919341191,0.17980712429102222,5.8856341493721977e-30,0.20353802634106424,2.8916631723203253e-29,0.28916631723203257
3,557,500,139.25,0.36768295713564658,1.4284927044502954e-30,0.014284927044502954,0.17989307451992487,5.858834956909758e-30,0.20261125199476526,2.8916631723203253e-29,0.28916631723203257
3,558,500,139.5,0.36730753342845079,1.4291750871751557e-30,0.014291750871751557,0.1799790084039356,5.8318953408321167e-30,0.2016796214945219,2.8916631723203253e-29,0.28916631723203257
3,559,500,139.75,0.36693478283293579,1.4298572510803061e-30,0.014298572510803062,0.1800649147315225,5.8048153544054267e-30,0.20074313668239349,2.8916631723203253e-29,0.28916631723203257
3,560,500,140,0.36656469848770468,1.4305391081628469e-30,0.014305391081628469,0.18015078242029636,5.7775950657603899e-30,0.1998017999144879,2.8916631723203253e-29,0.28916631723203257
3,561,500,140.25,0.36619727357743143,1.4312205714352894e-30,0.014312205714352894,0.18023660051574072,5.7502345578059986e-30,0.1988556140579783,2.8916631723203253e-29,0.28916631723203257
3,562,500,140.5,0.36583250133283457,1.4319015549155755e-30,0.014319015549155757,0.18032235818995515,5.7227339281430265e-30,0.19790458248811171,2.8916631723203253e-29,0.28916631723203257
3,563,500,140.75,0.36547037503064855,1.4325819736171949e-30,0.01432581973617195,0.18040804474041064,5.6950932889772244e-30,0.19694870908520695,2.8916631723203253e-29,0.28916631723203257
3,564,500,141,0.36511088799359426,1.4332617435394013e-30,0.014332617435394013,0.18049364958871747,5.6673127670322381e-30,0.19598799823164326,2.8916631723203253e-29,0.28916631723203257
3,565,500,141.25,0.36475403359034853,1.4339407816575273e-30,0.014339407816575275,0.1805791622794056,5.6393925034622989e-30,0.19502245480884081,2.8916631723203253e-29,0.28916631723203257
3,566,500,141.5,0.36439980523551196,1.4346190059133953e-30,0.014346190059133953,0.18066457247871706,5.611332653764609e-30,0.19405208419423101,2.8916631723203253e-29,0.28916631723203257
3,567,500,141.75,0.3640481963895762,1.4352963352058273e-30,0.014352963352058273,0.18074986997341089,5.5831333876915324e-30,0.1930768922582197,2.8916631723203253e-29,0.28916631723203257
3,568,500,142,0.36369920055888955,1.4359726893812478e-30,0.014359726893812479,0.18083504466957961,5.5547948891625229e-30,0.1920968853611415,2.8916631723203253e-29,0.28916631723203257
3,569,500,142.25,0.36335281129562158,1.4366479892243857e-30,0.014366479892243858,0.18092008659147843,5.5263173561758078e-30,0.19111207035020564,2.8916631723203253e-29,0.28916631723203257
3,570,500,142.5,0.36300902219772768,1.4373221564490691e-30,0.014373221564490691,0.18100498588036595,5.4977010007198986e-30,0.19012245455643573,2.8916631723203253e-29,0.28916631723203257
3,571,500,142.75,0.36266782690891058,1.4379951136891151e-30,0.014379951136891151,0.18108973279335694,5.4689460486848288e-30,0.18912804579160036,2.8916631723203253e-29,0.28916631723203257
3,572,500,143,0.36232921911858301,1.4386667844893101e-30,0.0143866678448931,0.18117431770228642,5.4400527397732236e-30,0.18812885234513749,2.8916631723203253e-29,0.28916631723203257
3,573,500,143.25,0.36199319256182816,1.4393370932964889e-30,0.01439337093296489,0.18125873109258622,5.4110213274111611e-30,0.18712488298107194,2.8916631723203253e-29,0.28916631723203257
3,574,500,143.5,0.36165974101935977,1.4400059654507033e-30,0.014400059654507033,0.18134296356217289,5.3818520786588186e-30,0.18611614693492529,2.8916631723203253e-29,0.28916631723203257
3,575,500,143.75,0.36132885831748068,1.4406733271764782e-30,0.014406733271764782,0.18142700582034652,5.3525452741209644e-30,0.18510265391062061,2.8916631723203253e-29,0.28916631723203257
3,576,500,144,0.36100053832804152,1.4413391055741679e-30,0.01441339105574168,0.18151084868670225,5.3231012078572498e-30,0.18408441407737999,2.8916631723203253e-29,0.28916631723203257
3,577,500,144.25,0.36067477496839789,1.4420032286113936e-30,0.014420032286113936,0.18159448309005191,5.2935201872923149e-30,0.18306143806661596,2.8916631723203253e-29,0.28916631723203257
3,578,500,144.5,0.3603515622013666,1.4426656251145761e-30,0.014426656251145762,0.18167790006735779,5.2638025331257608e-30,0.18203373696881806,2.8916631723203253e-29,0.28916631723203257
3,579,500,144.75,0.36003089403518201,1.4433262247605608e-30,0.014433262247605608,0.18176109076267791,5.233948579241936e-30,0.18100132233043298,2.8916631723203253e-29,0.28916631723203257
3,580,500,145,0.35971276452345075,1.443984958068319e-30,0.01443984958068319,0.18184404642612101,5.2039586726195574e-30,0.17996420615073927,2.8916631723203253e-29,0.28916631723203257
3,581,500,145.25,0.35939716776510622,1.4446417563907528e-30,0.014446417563907528,0.18192675841281444,5.1738331732412179e-30,0.17892240087871769,2.8916631723203253e-29,0.28916631723203257
3,582,500,145.5,0.35908409790436208,1.4452965519065764e-30,0.014452965519065764,0.18200921818188179,5.1435724540027003e-30,0.17787591940991523,2.8916631723203253e-29,0.28916631723203257
3,583,500,145.75,0.35877354913066567,1.4459492776122882e-30,0.014459492776122882,0.18209141729543196,5.1131769006222049e-30,0.17682477508330594,2.8916631723203253e-29,0.28916631723203257
3,584,500,146,0.35846551567865015,1.4465998673142302e-30,0.014465998673142303,0.18217334741755911,5.082646911549395e-30,0.17576898167814556,2.8916631723203253e-29,0.28916631723203257
3,585,500,146.25,0.35815999182808644,1.447248255620729e-30,0.01447248255620729,0.18225500031335301,5.0519828978743528e-30,0.17470855341082295,2.8916631723203253e-29,0.28916631723203257
3,586,500,146.5,0.35785697190383453,1.447894377934327e-30,0.01447894377934327,0.18233636784792071,5.0211852832363919e-30,0.17364350493170674,2.8916631723203253e-29,0.28916631723203257
3,587,500,146.75,0.35755645027579419,1.4485381704440932e-30,0.014485381704440933,0.18241744198541818,4.9902545037327435e-30,0.17257385132198744,2.8916631723203253e-29,0.28916631723203257
3,588,500,147,0.35725842135885522,1.4491795701180217e-30,0.014491795701180218,0.18249821478809305,4.9591910078271642e-30,0.17149960809051684,2.8916631723203253e-29,0.28916631723203257
3,589,500,147.25,0.35696287961284706,1.4498185146955106e-30,0.014498185146955106,0.18257867841533751,4.9279952562583896e-30,0.17042079117064221,2.8916631723203253e-29,0.28916631723203257
3,590,500,147.5,0.35666981954248861,1.4504549426799261e-30,0.014504549426799261,0.18265882512275181,4.8966677219485299e-30,0.16933741691703846,2.8916631723203253e-29,0.28916631723203257
3,591,500,147.75,0.35637923569733604,1.451088793331243e-30,0.014510887933312431,0.1827386472612175,4.8652088899113257e-30,0.16824950210253534,2.8916631723203253e-29,0.28916631723203257
3,592,500,148,0.35609112267173226,1.4517200066587776e-30,0.014517200066587776,0.18281813727598228,4.8336192571603372e-30,0.16715706391494239,2.8916631723203253e-29,0.28916631723203257
3,593,500,148.25,0.35580547510475447,1.452348523413989e-30,0.014523485234139891,0.18289728770575348,4.8018993326170323e-30,0.1660601199538706,2.8916631723203253e-29,0.28916631723203257
3,594,500,148.5,0.35552228768016175,1.4529742850833695e-30,0.014529742850833695,0.18297609118180266,4.7700496370187967e-30,0.16495868822755103,2.8916631723203253e-29,0.28916631723203257
3,595,500,148.75,0.35524155512634265,1.4535972338814107e-30,0.014535972338814108,0.18305454042707989,4.7380707028268308e-30,0.16385278714964971,2.8916631723203253e-29,0.28916631723203257
3,596,500,149,0.354963272216262,1.45421731274365e-30,0.014542173127436501,0.18313262825533796,4.7059630741340277e-30,0.16274243553608195,2.8916631723203253e-29,0.28916631723203257
3,597,500,149.25,0.35468743376740752,1.4548344653197957e-30,0.014548344653197957,0.18321034757026683,4.6737273065727067e-30,0.16162765260182152,2.8916631723203253e-29,0.28916631723203257
3,598,500,149.5,0.35441403464173671,1.455448635966931e-30,0.01455448635966931,0.18328769136463752,4.6413639672223448e-30,0.16050845795770974,2.8916631723203253e-29,0.28916631723203257
3,599,500,149.75,0.35414306974562237,1.4560597697427923e-30,0.014560597697427922,0.1833646527194559,4.608873634517188e-30,0.15938487160726056,2.8916631723203253e-29,0.28916631723203257
3,600,500,150,0.3538745340297989,1.4566678123991289e-30,0.014566678123991289,0.18344122480312625,4.5762568981538176e-30,0.15825691394346397,2.8916631723203253e-29,0.28916631723203257
3,601,500,150.25,0.35360842248930813,1.4572727103751368e-30,0.014572727103751367,0.18351740087062449,4.5435143589986847e-30,0.15712460574558837,2.8916631723203253e-29,0.28916631723203257
3,602,500,150.5,0.35334473016344425,1.4578744107909666e-30,0.014578744107909667,0.18359317426268054,4.5106466289955251e-30,0.15598796817597871,2.8916631723203253e-29,0.28916631723203257
3,603,500,150.75,0.35308345213569997,1.4584728614413119e-30,0.014584728614413119,0.18366853840497099,4.4776543310727993e-30,0.15484702277685561,2.8916631723203253e-29,0.28916631723203257
3,604,500,151,0.35282458353371077,1.4590680107890648e-30,0.014590680107890648,0.18374348680732003,4.4445380990510156e-30,0.15370179146711041,2.8916631723203253e-29,0.28916631723203257
3,605,500,151.25,0.35256811952920081,1.4596598079590557e-30,0.014596598079590557,0.18381801306291112,4.4112985775500432e-30,0.1525522965390998,2.8916631723203253e-29,0.28916631723203257
3,606,500,151.5,0.3523140553379272,1.4602482027318572e-30,0.014602482027318573,0.1838921108475067,4.377936421896382e-30,0.15139856065543911,2.8916631723203253e-29,0.28916631723203257
3,607,500,151.75,0.35206238621962499,1.4608331455376651e-30,0.014608331455376652,0.18396577391867763,4.344452298030359e-30,0.15024060684579277,2.8916631723203253e-29,0.28916631723203257
3,608,500,152,0.35181310747795225,1.4614145874502566e-30,0.014614145874502566,0.18403899611504235,4.3108468824133408e-30,0.14907845850366575,2.8916631723203253e-29,0.28916631723203257
3,609,500,152.25,0.35156621446043418,1.4619924801810115e-30,0.014619924801810116,0.1841117713555139,4.2771208619348654e-30,0.14791213938319181,2.8916631723203253e-29,0.28916631723203257
3,610,500,152.5,0.351321702558408,1.4625667760730119e-30,0.01462566776073012,0.18418409363855689,4.2432749338197459e-30,0.146741673595921,2.8916631723203253e-29,0.28916631723203257
3,611,500,152.75,0.35107956720696776,1.4631374280952133e-30,0.014631374280952134,0.18425595704145353,4.2093098055351882e-30,0.14556708560760756,2.8916631723203253e-29,0.28916631723203257
3,612,500,153,0.35083980388490826,1.4637043898366785e-30,0.014637043898366786,0.18432735571957742,4.1752261946978197e-30,0.14438840023499483,2.8916631723203253e-29,0.28916631723203257
3,613,500,153.25,0.35060240811467058,1.464267615500896e-30,0.014642676155008961,0.18439828390567803,4.1410248289807412e-30,0.14320564264260088,2.8916631723203253e-29,0.28916631723203257
3,614,500,153.5,0.35036737546228569,1.4648270599001497e-30,0.014648270599001497,0.18446873590917173,4.1067064460205342e-30,0.14201883833950257,2.8916631723203253e-29,0.28916631723203257
3,615,500,153.75,0.35013470153731974,1.4653826784499749e-30,0.01465382678449975,0.18453870611544371,4.0722717933242484e-30,0.14082801317611901,2.8916631723203253e-29,0.28916631723203257
3,616,500,154,0.34990438199281843,1.4659344271636724e-30,0.014659344271636725,0.18460818898515682,4.0377216281763891e-30,0.139633193340995,2.8916631723203253e-29,0.28916631723203257
3,617,500,154.25,0.34967641252525211,1.4664822626468949e-30,0.014664822626468951,0.18467717905357017,4.0030567175458712e-30,0.13843440535758328,2.8916631723203253e-29,0.28916631723203257
3,618,500,154.5,0.34945078887445996,1.4670261420922982e-30,0.014670261420922983,0.18474567092986535,3.9682778379929474e-30,0.13723167608102593,2.8916631723203253e-29,0.28916631723203257
3,619,500,154.75,0.34922750682359571,1.4675660232742654e-30,0.014675660232742653,0.18481365929648211,3.9333857755761825e-30,0.13602503269493726,2.8916631723203253e-29,0.28916631723203257
3,620,500,155,0.34900656219907222,1.4681018645436932e-30,0.014681018645436932,0.18488113890846172,3.8983813257593414e-30,0.1348145027081839,2.8916631723203253e-29,0.28916631723203257
3,621,500,155.25,0.34878795087050662,1.4686336248228418e-30,0.014686336248228418,0.18494810459279851,3.8632652933183252e-30,0.13360011395166638,2.8916631723203253e-29,0.28916631723203257
3,622,500,155.5,0.34857166875066586,1.469161263600259e-30,0.014691612636002591,0.18501455124780056,3.8280384922480879e-30,0.13238189457510008,2.8916631723203253e-29,0.28916631723203257
3,623,500,155.75,0.34835771179541186,1.4696847409257638e-30,0.014696847409257639,0.18508047384245793,3.7927017456695244e-30,0.13115987304379537,2.8916631723203253e-29,0.28916631723203257
3,624,500,156,0.34814607600364766,1.4702040174054953e-30,0.014702040174054952,0.1851458674158194,3.757255885736408e-30,0.12993407813543909,2.8916631723203253e-29,0.28916631723203257
3,625,500,156.25,0.34793675741726271,1.4707190541970282e-30,0.014707190541970281,0.18521072707637706,3.7217017535422631e-30,0.12870453893687414,2.8916631723203253e-29,0.28916631723203257
3,626,500,156.5,0.34772975212107909,1.4712298130045507e-30,0.014712298130045508,0.18527504800145922,3.6860401990273e-30,0.12747128484088108,2.8916631723203253e-29,0.28916631723203257
3,627,500,156.75,0.34752505624279784,1.4717362560741083e-30,0.014717362560741083,0.18533882543663138,3.6502720808853179e-30,0.12623434554295859,2.8916631723203253e-29,0.28916631723203257
3,628,500,157,0.34732266595294509,1.472238346188906e-30,0.01472238346188906,0.18540205469510476,3.6143982664705986e-30,0.12499375103810369,2.8916631723203253e-29,0.28916631723203257
3,629,500,157.25,0.34712257746481934,1.4727360466646813e-30,0.014727360466646813,0.18546473115715342,3.5784196317048606e-30,0.12374953161759393,2.8916631723203253e-29,0.28916631723203257
3,630,500,157.5,0.34692478703443747,1.4732293213451285e-30,0.014732293213451285,0.18552685026953813,3.5423370609841597e-30,0.12250171786576793,2.8916631723203253e-29,0.28916631723203257
3,631,500,157.75,0.34672929096048288,1.4737181345973987e-30,0.014737181345973988,0.18558840754493969,3.5061514470858291e-30,0.12125034065680709,2.8916631723203253e-29,0.28916631723203257
3,632,500,158,0.34653608558425225,1.4742024513076461e-30,0.014742024513076461,0.18564939856139806,3.4698636910754335e-30,0.11999543115151787,2.8916631723203253e-29,0.28916631723203257
3,633,500,158.25,0.34634516728960357,1.47468223687665e-30,0.0147468223687665,0.18570981896176098,3.433474702213707e-30,0.11873702079411351,2.8916631723203253e-29,0.28916631723203257
3,634,500,158.5,0.34615653250290412,1.475157457215487e-30,0.01475157457215487,0.18576966445313903,3.3969853978635382e-30,0.11747514130899736,2.8916631723203253e-29,0.28916631723203257
3,635,500,158.75,0.34597017769297883,1.4756280787412673e-30,0.014756280787412673,0.18582893080636864,3.3603967033969404e-30,0.11620982469754575,2.8916631723203253e-29,0.28916631723203257
3,636,500,159,0.34578609937105881,1.4760940683729326e-30,0.014760940683729327,0.18588761385548294,3.323709552102033e-30,0.11494110323489114,2.8916631723203253e-29,0.28916631723203257
3,637,500,159.25,0.34560429409073046,1.4765553935271106e-30,0.014765553935271106,0.18594570949718969,3.2869248850900786e-30,0.11366900946670729,2.8916631723203253e-29,0.28916631723203257
3,638,500,159.5,0.34542475844788462,1.4770120221140296e-30,0.014770120221140296,0.18600321369035683,3.2500436512024716e-30,0.11239357620599272,2.8916631723203253e-29,0.28916631723203257
3,639,500,159.75,0.34524748908066644,1.4774639225334948e-30,0.014774639225334948,0.18606012245550571,3.2130668069178112e-30,0.11111483652985717,2.8916631723203253e-29,0.28916631723203257
3,640,500,160,0.34507248266942525,1.477911063670917e-30,0.01477911063670917,0.18611643187431101,3.175995316258946e-30,0.10983282377630681,2.8916631723203253e-29,0.28916631723203257
3,641,500,160.25,0.34489973593666484,1.478353414893404e-30,0.01478353414893404,0.18617213808910857,3.1388301507000379e-30,0.10854757154103052,2.8916631723203253e-29,0.28916631723203257
3,642,500,160.5,0.34472924564699436,1.4787909460459088e-30,0.014787909460459089,0.1862272373024102,3.1015722890736858e-30,0.1072591136741879,2.8916631723203253e-29,0.28916631723203257
3,643,500,160.75,0.34456100860707944,1.4792236274474343e-30,0.014792236274474343,0.18628172577642585,3.0642227174780099e-30,0.10596748427719607,2.8916631723203253e-29,0.28916631723203257
3,644,500,161,0.34439502166559388,1.4796514298872966e-30,0.014796514298872967,0.18633559983259304,3.0267824291838225e-30,0.10467271769951944,2.8916631723203253e-29,0.28916631723203257
3,645,500,161.25,0.34423128171317124,1.4800743246214412e-30,0.014800743246214412,0.18638885585111278,2.9892524245417615e-30,0.10337484853545818,2.8916631723203253e-29,0.28916631723203257
3,646,500,161.5,0.34406978568235747,1.4804922833688195e-30,0.014804922833688195,0.18644149027049356,2.9516337108894705e-30,0.10207391162093833,2.8916631723203253e-29,0.28916631723203257
3,647,500,161.75,0.34391053054756338,1.4809052783078183e-30,0.014809052783078184,0.18649349958710132,2.9139273024588144e-30,0.10076994203030307,2.8916631723203253e-29,0.28916631723203257
3,648,500,162,0.34375351332501847,1.4813132820727488e-30,0.014813132820727489,0.18654488035471772,2.8761342202831007e-30,0.099462975073104254,2.8916631723203253e-29,0.28916631723203257
3,649,500,162.25,0.34359873107272398,1.4817162677503843e-30,0.014817162677503843,0.18659562918410375,2.8382554921043123e-30,0.09815304629089433,2.8916631723203253e-29,0.28916631723203257
3,650,500,162.5,0.34344618089040713,1.4821142088765601e-30,0.014821142088765601,0.18664574274257181,2.8002921522804089e-30,0.096840191454020605,2.8916631723203253e-29,0.28916631723203257
3,651,500,162.75,0.34329585991947587,1.4825070794328224e-30,0.014825070794328224,0.18669521775356362,2.7622452416925917e-30,0.095524446558418269,2.8916631723203253e-29,0.28916631723203257
3,652,500,163,0.34314776534297375,1.4828948538431338e-30,0.014828948538431337,0.18674405099623523,2.724115807652652e-30,0.094205847822406291,2.8916631723203253e-29,0.28916631723203257
3,653,500,163.25,0.34300189438553552,1.4832775069706335e-30,0.014832775069706336,0.18679223930504923,2.6859049038103096e-30,0.092884431683482996,2.8916631723203253e-29,0.28916631723203257
3,654,500,163.5,0.34285824431334289,1.4836550141144489e-30,0.014836550141144489,0.18683977956937303,2.6476135900605674e-30,0.091560234795122153,2.8916631723203253e-29,0.28916631723203257
3,655,500,163.75,0.3427168124340812,1.4840273510065627e-30,0.014840273510065628,0.18688666873308446,2.6092429324511429e-30,0.090233294023571803,2.8916631723203253e-29,0.28916631723203257
3,656,500,164,0.34257759609689648,1.4843944938087315e-30,0.014843944938087316,0.18693290379418365,2.5707940030898555e-30,0.088903646444651485,2.8916631723203253e-29,0.28916631723203257
3,657,500,164.25,0.34244059269235261,1.4847564191094574e-30,0.014847564191094575,0.18697848180441171,2.532267880052108e-30,0.08757132934055277,2.8916631723203253e-29,0.28916631723203257
3,658,500,164.5,0.34230579965238939,1.4851131039210123e-30,0.014851131039210123,0.18702339986887592,2.4936656472883461e-30,0.086236380196638929,2.8916631723203253e-29,0.28916631723203257
3,659,500,164.75,0.3421732144502812,1.4854645256765156e-30,0.014854645256765156,0.18706765514568183,2.4549883945315563e-30,0.084898836698246119,2.8916631723203253e-29,0.28916631723203257
3,660,500,165,0.34204283460059587,1.4858106622270607e-30,0.014858106622270608,0.18711124484557132,2.4162372172048175e-30,0.083558736727486246,2.8916631723203253e-29,0.28916631723203257
3,661,500,165.25,0.3419146576591543,1.486151491838896e-30,0.014861514918388961,0.18715416623156753,2.3774132163288267e-30,0.082216118360049009,2.8916631723203253e-29,0.28916631723203257
3,662,500,165.5,0.34178868122299039,1.486486993190655e-30,0.014864869931906551,0.18719641661862618,2.3385174984295126e-30,0.080871019862007024,2.8916631723203253e-29,0.28916631723203257
3,663,500,165.75,0.34166490293031199,1.4868171453706397e-30,0.014868171453706397,0.18723799337329344,2.2995511754456297e-30,0.079523479686620144,2.8916631723203253e-29,0.28916631723203257
3,664,500,166,0.34154332046046143,1.4871419278741517e-30,0.014871419278741518,0.18727889391336974,2.2605153646363864e-30,0.078173536471141142,2.8916631723203253e-29,0.28916631723203257
3,665,500,166.25,0.34142393153387829,1.4874613206008798e-30,0.014874613206008799,0.18731911570758081,2.2214111884891339e-30,0.076821229033623289,2.8916631723203253e-29,0.28916631723203257
3,666,500,166.5,0.34130673391206046,1.4877753038523255e-30,0.014877753038523256,0.18735865627525355,2.1822397746270367e-30,0.075466596369727468,2.8916631723203253e-29,0.28916631723203257
3,667,500,166.75,0.34119172539752807,1.4880838583292974e-30,0.014880838583292975,0.18739751318600043,2.1430022557167911e-30,0.074109677649530858,2.8916631723203253e-29,0.28916631723203257
3,668,500,167,0.34107890383378642,1.4883869651294364e-30,0.014883869651294363,0.18743568405940775,2.1036997693763886e-30,0.07275051221433719,2.8916631723203253e-29,0.28916631723203257
3,669,500,167.25,0.34096826710528971,1.4886846057447996e-30,0.014886846057447996,0.18747316656473165,2.0643334580828524e-30,0.071389139573486082,2.8916631723203253e-29,0.28916631723203257
3,670,500,167.5,0.34085981313740638,1.4889767620594974e-30,0.014889767620594975,0.1875099584206002,2.0249044690800748e-30,0.070025599401165844,2.8916631723203253e-29,0.28916631723203257
3,671,500,167.75,0.34075353989638363,1.4892634163473703e-30,0.014892634163473703,0.18754605739472102,1.9854139542866186e-30,0.068659931533225041,2.8916631723203253e-29,0.28916631723203257
3,672,500,168,0.34064944538931369,1.4895445512697204e-30,0.014895445512697204,0.18758146130359571,1.9458630702035588e-30,0.067292175963985512,2.8916631723203253e-29,0.28916631723203257
3,673,500,168.25,0.34054752766409963,1.4898201498730875e-30,0.014898201498730876,0.18761616801223946,1.9062529778223837e-30,0.065922372843057311,2.8916631723203253e-29,0.28916631723203257
3,674,500,168.5,0.34044778480942295,1.4900901955870825e-30,0.014900901955870826,0.18765017543390858,1.8665848425328748e-30,0.064550562472153072,2.8916631723203253e-29,0.28916631723203257
3,675,500,168.75,0.34035021495471079,1.4903546722222548e-30,0.014903546722222548,0.18768348152983164,1.826859834031048e-30,0.063176785301904334,2.8916631723203253e-29,0.28916631723203257
3,676,500,169,0.34025481627010434,1.4906135639680214e-30,0.014906135639680214,0.1877160843089489,1.7870791262271078e-30,0.061801081928678496,2.8916631723203253e-29,0.28916631723203257
3,677,500,169.25,0.3401615869664274,1.4908668553906346e-30,0.014908668553906348,0.18774798182765617,1.7472438971534055e-30,0.060423493091395698,2.8916631723203253e-29,0.28916631723203257
3,678,500,169.5,0.34007052529515602,1.4911145314311993e-30,0.014911145314311994,0.18777917218955534,1.7073553288724699e-30,0.059044059668348428,2.8916631723203253e-29,0.28916631723203257
3,679,500,169.75,0.33998162954838884,1.491356577403745e-30,0.014913565774037451,0.18780965354521137,1.6674146073850111e-30,0.057662822674020016,2.8916631723203253e-29,0.28916631723203257
3,680,500,170,0.33989489805881712,1.4915929789933295e-30,0.014915929789933296,0.18783942409191368,1.627422922537988e-30,0.056279823255905463,2.8916631723203253e-29,0.28916631723203257
3,681,500,170.25,0.33981032919969673,1.4918237222542062e-30,0.014918237222542062,0.18786848207344523,1.5873814679326816e-30,0.054895102691332361,2.8916631723203253e-29,0.28916631723203257
3,682,500,170.5,0.33972792138481966,1.492048793608026e-30,0.01492048793608026,0.18789682577985609,1.5472914408327749e-30,0.053508702384282153,2.8916631723203253e-29,0.28916631723203257
3,683,500,170.75,0.33964767306848703,1.4922681798420936e-30,0.014922681798420937,0.18792445354724394,1.5071540420725057e-30,0.052120663862213826,2.8916631723203253e-29,0.28916631723203257
3,684,500,171,0.3395695827454821,1.4924818681076653e-30,0.014924818681076653,0.18795136375753954,1.4669704759647926e-30,0.050731028772886703,2.8916631723203253e-29,0.28916631723203257
3,685,500,171.25,0.33949364895104434,1.4926898459182962e-30,0.014926898459182962,0.18797755483829884,1.4267419502093955e-30,0.049339838881184449,2.8916631723203253e-29,0.28916631723203257
3,686,500,171.5,0.3394198702608438,1.4928921011482293e-30,0.014928921011482294,0.18800302526249985,1.3864696758011282e-30,0.047947136065940858,2.8916631723203253e-29,0.28916631723203257
3,687,500,171.75,0.33934824529095658,1.4930886220308371e-30,0.014930886220308371,0.18802777354834657,1.3461548669380403e-30,0.046552962316764583,2.8916631723203253e-29,0.28916631723203257
3,688,500,172,0.33927877269784062,1.4932793971571023e-30,0.014932793971571023,0.18805179825907758,1.3057987409296742e-30,0.045157359730866459,2.8916631723203253e-29,0.28916631723203257
3,689,500,172.25,0.33921145117831236,1.4934644154741499e-30,0.0149346441547415,0.18807509800278122,1.2654025181053077e-30,0.043760370509886348,2.8916631723203253e-29,0.28916631723203257
3,690,500,172.5,0.33914627946952358,1.4936436662838175e-30,0.014936436662838176,0.18809767143221548,1.2249674217222104e-30,0.042362036956720424,2.8916631723203253e-29,0.28916631723203257
3,691,500,172.75,0.33908325634893999,1.4938171392412812e-30,0.014938171392412812,0.1881195172446351,1.1844946778739682e-30,0.040962401472350848,2.8916631723203253e-29,0.28916631723203257
3,692,500,173,0.33902238063431911,1.4939848243537155e-30,0.014939848243537156,0.18814063418162263,1.1439855153987587e-30,0.039561506552673736,2.8916631723203253e-29,0.28916631723203257
3,693,500,173.25,0.33896365118368971,1.4941467119790048e-30,0.014941467119790049,0.18816102102892629,1.1034411657877087e-30,0.038159394785329946,2.8916631723203253e-29,0.28916631723203257
3,694,500,173.5,0.33890706689533234,1.4943027928245036e-30,0.014943027928245036,0.1881806766163038,1.0628628630932338e-30,0.036756108846535282,2.8916631723203253e-29,0.28916631723203257
3,695,500,173.75,0.33885262670775884,1.4944530579458288e-30,0.014944530579458288,0.18819959981737025,1.0222518438373863e-30,0.035351691497910939,2.8916631723203253e-29,0.28916631723203257
3,696,500,174,0.33880032959969447,1.4945974987457092e-30,0.014945974987457093,0.18821778954945337,9.8160934692026931e-31,0.033946185583316309,2.8916631723203253e-29,0.28916631723203257
3,697,500,174.25,0.33875017459005968,1.4947361069728742e-30,0.014947361069728743,0.1882352447734533,9.4093661352840184e-31,0.032539634025679984,2.8916631723203253e-29,0.28916631723203257
3,698,500,174.5,0.33870216073795262,1.4948688747209863e-30,0.014948688747209863,0.18825196449370848,9.0023488704316191e-31,0.031132079823833574,2.8916631723203253e-29,0.28916631723203257
3,699,500,174.75,0.33865628714263263,1.4949957944276195e-30,0.014949957944276195,0.18826794775786679,8.5950541294920441e-31,0.02972356604934457,2.8916631723203253e-29,0.28916631723203257
3,700,500,175,0.33861255294350417,1.4951168588732829e-30,0.014951168588732829,0.18828319365676258,8.1874943874289446e-31,0.028314135843349776,2.8916631723203253e-29,0.28916631723203257
3,701,500,175.25,0.3385709573201019,1.4952320611804867e-30,0.014952320611804867,0.18829770132429921,7.7796821384079091e-31,0.026903832413390474,2.8916631723203253e-29,0.28916631723203257
3,702,500,175.5,0.33853149949207567,1.4953413948128498e-30,0.014953413948128498,0.18831146993733655,7.3716298948810474e-31,0.025492699030246709,2.8916631723203253e-29,0.28916631723203257
3,703,500,175.75,0.33849417871917675,1.4954448535742589e-30,0.01495444853574259,0.18832449871558507,6.9633501866717507e-31,0.024080779024772191,2.8916631723203253e-29,0.28916631723203257
3,704,500,176,0.33845899430124499,1.495542431608062e-30,0.01495542431608062,0.18833678692150432,6.554855560059944e-31,0.022668115784730915,2.8916631723203253e-29,0.28916631723203257
3,705,500,176.25,0.33842594557819616,1.4956341233963168e-30,0.014956341233963168,0.1883483338602083,6.1461585768668701e-31,0.021254752751632119,2.8916631723203253e-29,0.28916631723203257
3,706,500,176.5,0.33839503193000992,1.495719923759069e-30,0.014957199237590691,0.18835913887937455,5.7372718135405697e-31,0.019840733417567698,2.8916631723203253e-29,0.28916631723203257
3,707,500,176.75,0.33836625277671928,1.4957998278536879e-30,0.014957998278536879,0.18836920136916041,5.3282078602410889e-31,0.018426101322048631,2.8916631723203253e-29,0.28916631723203257
3,708,500,177,0.33833960757839993,1.4958738311742363e-30,0.014958738311742364,0.18837852076212383,4.9189793199257669e-31,0.017010900048841735,2.8916631723203253e-29,0.28916631723203257
3,709,500,177.25,0.33831509583516067,1.4959419295508873e-30,0.014959419295508874,0.18838709653314975,4.5095988074350275e-31,0.015595173222808104,2.8916631723203253e-29,0.28916631723203257
3,710,500,177.5,0.33829271708713443,1.4960041191493854e-30,0.014960041191493854,0.18839492819938239,4.1000789485776508e-31,0.0141789645067398,2.8916631723203253e-29,0.28916631723203257
3,711,500,177.75,0.33827247091447032,1.4960603964705505e-30,0.014960603964705506,0.18840201532016262,3.6904323792167382e-31,0.012762317598198913,2.8916631723203253e-29,0.28916631723203257
3,712,500,178,0.33825435693732564,1.4961107583498209e-30,0.014961107583498209,0.1884083574969706,3.2806717443553238e-31,0.011345276226355405,2.8916631723203253e-29,0.28916631723203257
3,713,500,178.25,0.33823837481585967,1.4961552019568494e-30,0.014961552019568494,0.18841395437337483,2.8708096972220794e-31,0.0099278841488252834,2.8916631723203253e-29,0.28916631723203257
3,714,500,178.5,0.33822452425022703,1.4961937247951311e-30,0.014961937247951312,0.18841880563498514,2.46085889835747e-31,0.0085101851485103307,2.8916631723203253e-29,0.28916631723203257
3,715,500,178.75,0.33821280498057271,1.4962263247016822e-30,0.014962263247016822,0.1884229110094125,2.0508320146993531e-31,0.0070922230304358951,2.8916631723203253e-29,0.28916631723203257
3,716,500,179,0.33820321678702714,1.496252999846759e-30,0.01496252999846759,0.18842627026623349,1.6407417186692456e-31,0.0056740416185910173,2.8916631723203253e-29,0.28916631723203257
3,717,500,179.25,0.33819575948970265,1.4962737487336247e-30,0.014962737487336248,0.18842888321696086,1.2306006872582174e-31,0.0042556847527672461,2.8916631723203253e-29,0.28916631723203257
3,718,500,179.5,0.33819043294868967,1.4962885701983483e-30,0.014962885701983484,0.18843074971501836,8.2042160111281048e-32,0.0028371962853975439,2.8916631723203253e-29,0.28916631723203257
3,719,500,179.75,0.33818723706405479,1.4962974634096608e-30,0.014962974634096607,0.18843186965572253,4.102171436213695e-32,0.0014186200783966256,2.8916631723203253e-29,0.28916631723203257
3,720,500,180,0.33818617177583865,1.4963004278688425e-30,0.014963004278688425,0.18843224297626862,0,0,2.8916631723203253e-29,0.28916631723203257
4,0,1000,0,1,7.9407876498996423e-30,0.07940787649899643,1,0,0,2.1120788254426124e-29,0.21120788254426126
4,1,1000,0.25,0.99998137158222433,7.9404162180141726e-30,0.079404162180141735,0.99995322480566839,2.1769032827845483e-31,0.010306922528463639,2.1120788254426124e-29,0.21120788254426126
4,2,1000,0.5,0.99992549084749216,7.9393020832576811e-30,0.079393020832576808,0.99981291948513695,4.3531542354835204e-31,0.020610756488083547,2.1120788254426124e-29,0.21120788254426126
4,3,1000,0.75,0.99983237134885727,7.9374457281803905e-30,0.079374457281803909,0.99957914480696464,6.5281010085490517e-31,0.030908415585204338,2.1120788254426124e-29,0.21120788254426126
4,4,1000,1,0.99970203566564819,7.934847956534524e-30,0.079348479565345242,0.99925200198935005,8.7010927128747777e-31,0.041196818073545881,2.1120788254426124e-29,0.21120788254426126
4,5,1000,1.25,0.99953451538983218,7.9315098925278432e-30,0.079315098925278438,0.99883163260612862,1.0871479898433019e-30,0.051472889020393285,2.1120788254426124e-29,0.21120788254426126
4,6,1000,1.5,0.9993298511069526,7.9274329797803746e-30,0.079274329797803744,0.99831821845539004,1.3038615031015462e-30,0.06173356256380752,2.1120788254426124e-29,0.21120788254426126
4,7,1000,1.75,0.99908809237165297,7.9226189799858095e-30,0.079226189799858099,0.99771198139090622,1.520185296645109e-30,0.071975784157891701,2.1120788254426124e-29,0.21120788254426126
4,8,1000,2,0.99880929767781779,7.9170699712798276e-30,0.079170699712798276,0.99701318311665033,1.7360551421680594e-30,0.082196512803173791,2.1120788254426124e-29,0.21120788254426126
4,9,1000,2.25,0.99849353442336664,7.9107883463178687e-30,0.079107883463178694,0.99622212494472728,1.9514071442072732e-30,0.092392723259196133,2.1120788254426124e-29,0.21120788254426126
4,10,1000,2.5,0.99814087886973613,7.9037768100654323e-30,0.079037768100654326,0.99533914751710084,2.1661777864375985e-30,0.10256140823643971,2.1120788254426124e-29,0.21120788254426126
4,11,1000,2.75,0.99775141609609885,7.8960383773043661e-30,0.078960383773043666,0.99436463049155566,2.3803039774707727e-30,0.11269958056475238,2.1120788254426124e-29,0.21120788254426126
4,12,1000,3,0.99732523994836919,7.8875763698590963e-30,0.078875763698590964,0.9932989921923906,2.5937230960993301e-30,0.12280427533549952,2.1120788254426124e-29,0.21120788254426126
4,13,1000,3.25,0.99686245298305265,7.8783944135471516e-30,0.078783944135471518,0.99214268922639193,2.8063730359278645e-30,0.1328725520147078,2.1120788254426124e-29,0.21120788254426126
4,14,1000,3.5,0.99636316640600064,7.8684964348587654e-30,0.078684964348587655,0.99089621606468847,3.0181922493352775e-30,0.14290149652453324,2.1120788254426124e-29,0.21120788254426126
4,15,1000,3.75,0.99582750000614217,7.8578866573707595e-30,0.078578866573707593,0.98956010459114463,3.229119790712976e-30,0.15288822329044816,2.1120788254426124e-29,0.21120788254426126
4,16,1000,4,0.99525558208425924,7.8465695979002436e-30,0.078465695979002437,0.98813492361798771,3.4390953589254427e-30,0.16282987725160955,2.1120788254426124e-29,0.21120788254426126
4,17,1000,4.25,0.99464754937689392,7.8345500624042291e-30,0.078345500624042289,0.9866212783694378,3.6480593389412267e-30,0.17272363583195008,2.1120788254426124e-29,0.21120788254426126
4,18,1000,4.5,0.99400354697545978,7.8218331416312927e-30,0.078218331416312931,0.98501980993411242,3.8559528425839444e-30,0.1825667108696041,2.1120788254426124e-29,0.21120788254426126
4,19,1000,4.75,0.99332372824065773,7.808424206532235e-30,0.078084242065322357,0.98333119468708119,4.0627177483547966e-30,0.1923563505023731,2.1120788254426124e-29,0.21120788254426126
4,20,1000,5,0.99260825471227976,7.7943289034365147e-30,0.077943289034365149,0.98155614368242439,4.2682967402797718e-30,0.20208984100701341,2.1120788254426124e-29,0.21120788254426126
4,21,1000,5.25,0.99185729601450601,7.7795531490020245e-30,0.077795531490020248,0.97969540201724759,4.4726333457368038e-30,0.21176450859022783,2.1120788254426124e-29,0.21120788254426126
4,22,1000,5.5,0.99107102975679418,7.7641031249457369e-30,0.077641031249457371,0.97774974816810034,4.6756719722200162e-30,0.22137772112933193,2.1120788254426124e-29,0.21120788254426126
4,23,1000,5.75,0.99024964143046912,7.747985272563247e-30,0.077479852725632473,0.97571999330081172,4.8773579430003611e-30,0.23092688986066842,2.1120788254426124e-29,0.21120788254426126
4,24,1000,6,0.98939332430112381,7.7312062870453677e-30,0.077312062870453682,0.97360698055476613,5.0776375316440033e-30,0.24040947101393911,2.1120788254426124e-29,0.21120788254426126
4,25,1000,6.25,0.98850227929694656,7.7137731116003246e-30,0.07713773111600325,0.97141158430269992,5.2764579953521139e-30,0.24982296739073487,2.1120788254426124e-29,0.21120788254426126
4,26,1000,6.5,0.98757671489309207,7.6956929313901679e-30,0.076956929313901676,0.96913470938710067,5.4737676070878689e-30,0.25916492988564349,2.1120788254426124e-29,0.21120788254426126
4,27,1000,6.75,0.98661684699222252,7.6769731672904446e-30,0.076769731672904448,0.96677729033434967,5.6695156864588844e-30,0.26843295894843161,2.1120788254426124e-29,0.21120788254426126
4,28,1000,7,0.98562289880133735,7.6576214694820767e-30,0.076576214694820774,0.96434029054773374,5.8636526293254931e-30,0.27762470598589956,2.1120788254426124e-29,0.21120788254426126
4,29,1000,7.25,0.98459510070502809,7.6376457108849012e-30,0.076376457108849008,0.96182470148051724,6.0561299361078345e-30,0.28673787470212891,2.1120788254426124e-29,0.21120788254426126
4,30,1000,7.5,0.98353369013528402,7.6170539804422003e-30,0.076170539804422011,0.95923154179024883,6.2469002387669898e-30,0.29577022237595102,2.1120788254426124e-29,0.21120788254426126
4,31,1000,7.75,0.98243891143798567,7.5958545762658409e-30,0.075958545762658411,0.95656185647551462,6.435917326437884e-30,0.30471956107458048,2.1120788254426124e-29,0.21120788254426126
4,32,1000,8,0.98131101573622315,7.5740559986517213e-30,0.075740559986517214,0.95381671599635887,6.6231361696941455e-30,0.31358375880247674,2.1120788254426124e-29,0.21120788254426126
4,33,1000,8.25,0.98015026079057532,7.5516669429752619e-30,0.075516669429752617,0.95099721537959803,6.8085129434274839e-30,0.32236074058460745,2.1120788254426124e-29,0.21120788254426126
4,34,1000,8.5,0.97895691085649605,7.5286962924768692e-30,0.075286962924768691,0.94810447331027903,6.992005048326749e-30,0.33104848948341153,2.1120788254426124e-29,0.21120788254426126
4,35,1000,8.75,0.977731236538945,7.5051531109472251e-30,0.075051531109472255,0.94513963121052325,7.1735711309441491e-30,0.33964504754886871,2.1120788254426124e-29,0.21120788254426126
4,36,1000,9,0.97647351464441134,7.4810466353223637e-30,0.074810466353223637,0.94210385230700777,7.3531711023386235e-30,0.34814851670120195,2.1120788254426124e-29,0.21120788254426126
4,37,1000,9.25,0.97518402803047199,7.456386268198468e-30,0.074563862681984686,0.93899832068833922,7.5307661552887985e-30,0.35655705954585443,2.1120788254426124e-29,0.21120788254426126
4,38,1000,9.5,0.97386306545303869,7.4311815702764422e-30,0.074311815702764419,0.93582424035358247,7.7063187800704561e-30,0.36486890012050099,2.1120788254426124e-29,0.21120788254426126
4,39,1000,9.75,0.97251092141143247,7.4054422527460278e-30,0.074054422527460279,0.93258283425317634,7.8797927787956083e-30,0.37308232457395618,2.1120788254426124e-29,0.21120788254426126
4,40,1000,10,0.97112789599144123,7.3791781696194806e-30,0.073791781696194811,0.9292753433234977,8.0511532783129074e-30,0.38119568177696628,2.1120788254426124e-29,0.21120788254426126
4,41,1000,10.25,0.96971429470650627,7.3523993100245679e-30,0.073523993100245683,0.92590302551630244,8.2203667416712662e-30,0.38920738386497417,2.1120788254426124e-29,0.21120788254426126
4,42,1000,10.5,0.96827042833718846,7.325115790466653e-30,0.073251157904666533,0.92246715482427355,8.3874009781509245e-30,0.39711590671305746,2.1120788254426124e-29,0.21120788254426126
4,43,1000,10.75,0.96679661276906159,7.2973378470694968e-30,0.072973378470694975,0.91896902030388916,8.5522251518684103e-30,0.40491979034334502,2.1120788254426124e-29,0.21120788254426126
4,44,1000,11,0.96529316882918592,7.2690758278043473e-30,0.072690758278043471,0.91540992509681529,8.7148097889640966e-30,0.4126176392653243,2.1120788254426124e-29,0.21120788254426126
4,45,1000,11.25,0.96376042212130508,7.2403401847166555e-30,0.072403401847166551,0.91179118545100002,8.8751267833830517e-30,0.4202081227495455,2.1120788254426124e-29,0.21120788254426126
4,46,1000,11.5,0.96219870285992104,7.2111414661597627e-30,0.072111414661597623,0.90811412974264571,9.0331494012621804e-30,0.42768997503533851,2.1120788254426124e-29,0.21120788254426126
4,47,1000,11.75,0.96060834570338971,7.1814903090445803e-30,0.071814903090445803,0.90438009750019466,9.1888522839384258e-30,0.43506199547324126,2.1120788254426124e-29,0.21120788254426126
4,48,1000,12,0.9589896895861878,7.1513974311142318e-30,0.071513974311142314,0.9005904384314587,9.3422114495949702e-30,0.44232304860294186,2.1120788254426124e-29,0.21120788254426126
4,49,1000,12.25,0.95734307755049119,7.1208736232523702e-30,0.071208736232523703,0.89674651145498974,9.4932042935640765e-30,0.44947206416761731,2.1120788254426124e-29,0.21120788254426126
4,50,1000,12.5,0.95566885657721701,7.0899297418337335e-30,0.070899297418337337,0.89284968373676854,9.6418095873071899e-30,0.45650803706564447,2.1120788254426124e-29,0.21120788254426126
4,51,1000,12.75,0.95396737741666271,7.0585767011252018e-30,0.070585767011252021,0.88890132973325509,9.7880074760944657e-30,0.46343002724073362,2.1120788254426124e-29,0.21120788254426126
4,52,1000,13,0.95223899441889237,7.0268254657455541e-30,0.070268254657455537,0.88490283024182881,9.9317794754078006e-30,0.47023715951162348,2.1120788254426124e-29,0.21120788254426126
4,53,1000,13.25,0.95048406536400043,6.9946870431916309e-30,0.069946870431916316,0.88085557145959337,1.0073108466092663e-29,0.47692862334253633,2.1120788254426124e-29,0.21120788254426126
4,54,1000,13.5,0.94870295129239846,6.9621724764386906e-30,0.069621724764386911,0.87676094405152372,1.0211978688285961e-29,0.48350367255568283,2.1120788254426124e-29,0.21120788254426126
4,55,1000,13.75,0.94689601633525522,6.9292928366221882e-30,0.06929292836622189,0.8726203422288672,1.0348375734148177e-29,0.48996162498715201,2.1120788254426124e-29,0.21120788254426126
4,56,1000,14,0.94506362754522177,6.8960592158081184e-30,0.068960592158081188,0.86843516283869804,1.0482286539429598e-29,0.49630186208760008,2.1120788254426124e-29,0.21120788254426126
4,57,1000,14.25,0.9432061547275773,6.8624827198587857e-30,0.068624827198587854,0.86420680446548848,1.0613699373901641e-29,0.5025238284692054,2.1120788254426124e-29,0.21120788254426126
4,58,1000,14.5,0.94132397027191694,6.8285744614004619e-30,0.06828574461400462,0.85993666654551115,1.0742603830685344e-29,0.50862703140040699,2.1120788254426124e-29,0.21120788254426126
4,59,1000,14.75,0.93941744898451307,6.7943455528993118e-30,0.067943455528993113,0.85562614849487639,1.0868990814510347e-29,0.51461104025000648,2.1120788254426124e-29,0.21120788254426126
4,60,1000,15,0.93748696792146624,6.7598070998514331e-30,0.067598070998514337,0.85127664885193921,1.0992852528938395e-29,0.52047548588224235,2.1120788254426124e-29,0.21120788254426126
4,61,1000,15.25,0.93553290622276908,6.7249701940927944e-30,0.067249701940927942,0.8468895644348059,1.111418246258659e-29,0.5262200600045065,2.1120788254426124e-29,0.21120788254426126
4,62,1000,15.5,0.9335556449474004,6.689845907234446e-30,0.066898459072344457,0.84246628951461688,1.1232975374386255e-29,0.5318445144693994,2.1120788254426124e-29,0.21120788254426126
4,63,1000,15.75,0.93155556690955776,6.6544452842280165e-30,0.066544452842280166,0.83800821500523526,1.1349227277913912e-29,0.53734866053285391,2.1120788254426124e-29,0.21120788254426126
4,64,1000,16,0.9295330565161426,6.6187793370663593e-30,0.066187793370663592,0.83351672766995721,1.146293542483171e-29,0.54273236807009362,2.1120788254426124e-29,0.21120788254426126
4,65,1000,16.25,0.92748849960560509,6.5828590386238184e-30,0.065828590386238187,0.82899320934580267,1.1574098287475129e-29,0.54799556475121769,2.1120788254426124e-29,0.21120788254426126
4,66,1000,16.5,0.92542228328824772,6.5466953166402288e-30,0.065466953166402289,0.82443903618590875,1.1682715540625989e-29,0.5531382351782127,2.1120788254426124e-29,0.21120788254426126
4,67,1000,16.75,0.92333479578809319,6.5102990478526218e-30,0.065102990478526218,0.81985557792052288,1.1788788042509658e-29,0.5581604199852328,2.1120788254426124e-29,0.21120788254426126
4,68,1000,17,0.92122642628640738,6.4736810522781262e-30,0.064736810522781268,0.81524419713703622,1.1892317815055154e-29,0.56306221490398067,2.1120788254426124e-29,0.21120788254426126
4,69,1000,17.25,0.91909756476697546,6.436852087651361e-30,0.06436852087651361,0.81060624857947328,1.1993308023457349e-29,0.56784376979604456,2.1120788254426124e-29,0.21120788254426126
4,70,1000,17.5,0.91694860186321603,6.3998228440193083e-30,0.063998228440193081,0.8059430784678131,1.2091762955080574e-29,0.57250528765405306,2.1120788254426124e-29,0.21120788254426126
4,71,1000,17.75,0.91477992870722169,6.3626039384963047e-30,0.063626039384963043,0.80125602383747374,1.2187687997742833e-29,0.57704702357350468,2.1120788254426124e-29,0.21120788254426126
4,72,1000,18,0.91259193678080752,6.3252059101815359e-30,0.063252059101815361,0.79654641189926234,1.228108961742003e-29,0.58146928369713546,2.1120788254426124e-29,0.21120788254426126
4,73,1000,18.25,0.91038501776864489,6.2876392152411573e-30,0.062876392152411573,0.79181555942005599,1.2371975335409405e-29,0.5857724241336828,2.1120788254426124e-29,0.21120788254426126
4,74,1000,18.5,0.90815956341355408,6.249914222156735e-30,0.062499142221567348,0.78706477212442816,1.2460353704991073e-29,0.5899568498528861,2.1120788254426124e-29,0.21120788254426126
4,75,1000,18.75,0.90591596537403196,6.2120412071416943e-30,0.062120412071416942,0.78229534411743196,1.2546234287626819e-29,0.59402301355857778,2.1120788254426124e-29,0.21120788254426126
4,76,1000,19,0.90365461508407363,6.1740303497268204e-30,0.061740303497268209,0.77750855732867374,1.2629627628734288e-29,0.59797141454167047,2.1120788254426124e-29,0.21120788254426126
4,77,1000,19.25,0.90137590361535869,6.1358917285159398e-30,0.061358917285159402,0.77270568097781667,1.271054523307504e-29,0.60180259751486254,2.1120788254426124e-29,0.21120788254426126
4,78,1000,19.5,0.89908022154185785,6.0976353171123882e-30,0.060976353171123883,0.76788797106159257,1.2788999539794097e-29,0.60551715143084217,2.1120788254426124e-29,0.21120788254426126
4,79,1000,19.75,0.89676795880691618,6.0592709802167596e-30,0.060592709802167598,0.76305666986238296,1.2865003897148299e-29,0.60911570828575856,2.1120788254426124e-29,0.21120788254426126
4,80,1000,20,0.89443950459286758,6.0208084698960906e-30,0.060208084698960905,0.75821300547839021,1.2938572536960203e-29,0.6125989419096971,2.1120788254426124e-29,0.21120788254426126
4,81,1000,20.25,0.89209524719322597,5.9822574220244745e-30,0.059822574220244749,0.75335819137539584,1.3009720548833775e-29,0.61596756674587783,2.1120788254426124e-29,0.21120788254426126
4,82,1000,20.5,0.88973557388749969,5.9436273528947571e-30,0.059436273528947571,0.74849342596006507,1.307846385416734e-29,0.61922233662025306,2.1120788254426124e-29,0.21120788254426126
4,83,1000,20.75,0.88736087081867243,5.9049276560008478e-30,0.059049276560008482,0.74361989217473612,1.3144819179998776e-29,0.62236404350316399,2.1120788254426124e-29,0.21120788254426126
4,84,1000,21,0.88497152287338232,5.8661675989898473e-30,0.058661675989898472,0.73873875711359505,1.3208804032716983e-29,0.62539351626466466,2.1120788254426124e-29,0.21120788254426126
4,85,1000,21.25,0.88256791356484288,5.8273563207831092e-30,0.058273563207831093,0.73385117166012581,1.3270436671673261e-29,0.62831161942510716,2.1120788254426124e-29,0.21120788254426126
4,86,1000,21.5,0.88015042491852635,5.7885028288649699e-30,0.057885028288649699,0.72895827014567338,1.3329736082724969e-29,0.63111925190252105,2.1120788254426124e-29,0.21120788254426126
4,87,1000,21.75,0.87771943736064539,5.7496159967378968e-30,0.057496159967378967,0.72406117002896586,1.338672195174347e-29,0.63381734575830118,2.1120788254426124e-29,0.21120788254426126
4,88,1000,22,0.87527532960945176,5.7107045615424086e-30,0.057107045615424089,0.71916097159638592,1.3441414638117194e-29,0.63640686494266507,2.1120788254426124e-29,0.21120788254426126
4,89,1000,22.25,0.87281847856937478,5.6717771218400996e-30,0.056717771218400999,0.71425875768278235,1.3493835148279965e-29,0.63888880404130577,2.1120788254426124e-29,0.21120788254426126
4,90,1000,22.5,0.87034925922801687,5.6328421355578366e-30,0.056328421355578369,0.7093555934125787,1.3544005109293679e-29,0.64126418702461851,2.1120788254426124e-29,0.21120788254426126
4,91,1000,22.75,0.86786804455601974,5.5939079180910565e-30,0.055939079180910567,0.70445252596091701,1.3591946742513559e-29,0.64353406600083674,2.1120788254426124e-29,0.21120788254426126
4,92,1000,23,0.86537520540981427,5.554982640563985e-30,0.055549826405639852,0.69955058433456407,1.3637682837363411e-29,0.64569951997437713,2.1120788254426124e-29,0.21120788254426126
4,93,1000,23.25,0.86287111043725861,5.5160743282443408e-30,0.055160743282443407,0.69465077917227191,1.3681236725246953e-29,0.64776165361062599,2.1120788254426124e-29,0.21120788254426126
4,94,1000,23.5,0.86035612598617461,5.4771908591101102e-30,0.054771908591101107,0.68975410256428815,1.3722632253620799e-29,0.64972159600838053,2.1120788254426124e-29,0.21120788254426126
4,95,1000,23.75,0.85783061601577903,5.4383399625656618e-30,0.054383399625656623,0.68486152789067378,1.376189376025321e-29,0.6515804994810851,2.1120788254426124e-29,0.21120788254426126
4,96,1000,24,0.85529494201101508,5.3995292183045499e-30,0.053995292183045503,0.67997400967809418,1.3799046047692181e-29,0.65333953834797898,2.1120788254426124e-29,0.21120788254426126
4,97,1000,24.25,0.85274946289977593,5.3607660553160749e-30,0.053607660553160748,0.6750924834747124,1.3834114357965018e-29,0.65499990773620431,2.1120788254426124e-29,0.21120788254426126
4,98,1000,24.5,0.85019453497301645,5.3220577510326454e-30,0.053220577510326453,0.67021786574281539,1.3867124347530785e-29,0.6565628223948865,2.1120788254426124e-29,0.21120788254426126
4,99,1000,24.75,0.84763051180774562,5.2834114306149402e-30,0.052834114306149406,0.66535105376879244,1.3898102062506018e-29,0.65802951552215372,2.1120788254426124e-29,0.21120788254426126
4,100,1000,25,0.84505774419288671,5.2448340663716558e-30,0.052448340663716557,0.66049292559006301,1.3927073914182862e-29,0.65940123760600033,2.1120788254426124e-29,0.21120788254426126
4,101,1000,25.25,0.8424765800579922,5.2063324773106483e-30,0.052063324773106483,0.65564433993855098,1.3954066654858011e-29,0.66067925527986682,2.1120788254426124e-29,0.21120788254426126
4,102,1000,25.5,0.83988736440479939,5.1679133288181982e-30,0.051679133288181987,0.65080613620029393,1.3979107353989723e-29,0.66186485019375296,2.1120788254426124e-29,0.21120788254426126
4,103,1000,25.75,0.83729043924160629,5.1295831324630183e-30,0.051295831324630184,0.64597913439076127,1.4002223374699163e-29,0.66295931790163287,2.1120788254426124e-29,0.21120788254426126
4,104,1000,26,0.83468614352044945,5.091348245921587e-30,0.05091348245921587,0.64116413514545156,1.4023442350631327e-29,0.66396396676589664,2.1120788254426124e-29,0.21120788254426126
4,105,1000,26.25,0.83207481307706121,5.0532148730214216e-30,0.050532148730214214,0.63636191972534173,1.404279216319002e-29,0.66488011687950044,2.1120788254426124e-29,0.21120788254426126
4,106,1000,26.5,0.82945678057358307,5.0151890638987067e-30,0.050151890638987069,0.63157325003673781,1.4060300919159988e-29,0.66570909900644815,2.1120788254426124e-29,0.21120788254426126
4,107,1000,26.75,0.82683237544400512,4.9772767152667999e-30,0.049772767152667999,0.62679886866508816,1.4075996928728709e-29,0.66645225354119575,2.1120788254426124e-29,0.21120788254426126
4,108,1000,27,0.82420192384231161,4.9394835707920989e-30,0.049394835707920991,0.62203949892231725,1.408990868391935e-29,0.66711092948752204,2.1120788254426124e-29,0.21120788254426126
4,109,1000,27.25,0.82156574859329501,4.9018152215736139e-30,0.04901815221573614,0.61729584490721956,1.4102064837445166e-29,0.66768648345735404,2.1120788254426124e-29,0.21120788254426126
4,110,1000,27.5,0.81892416914601251,4.8642771067227366e-30,0.048642771067227371,0.61256859157847054,1.4112494181995178e-29,0.66818027869001184,2.1120788254426124e-29,0.21120788254426126
4,111,1000,27.75,0.81627750152985057,4.8268745140395801e-30,0.048268745140395801,0.60785840483979992,1.4121225629959665e-29,0.66859368409227748,2.1120788254426124e-29,0.21120788254426126
4,112,1000,28,0.81362605831316437,4.7896125807823136e-30,0.047896125807823139,0.6031659316368756,1.4128288193603342e-29,0.66892807329965931,2.1120788254426124e-29,0.21120788254426126
4,113,1000,28.25,0.81097014856445571,4.7524962945258946e-30,0.047524962945258944,0.59849180006544533,1.4133710965693197e-29,0.66918482375918442,2.1120788254426124e-29,0.21120788254426126
4,114,1000,28.5,0.80831007781605302,4.7155304941066247e-30,0.047155304941066248,0.5938366194902871,1.4137523100587101e-29,0.66936531583400571,2.1120788254426124e-29,0.21120788254426126
4,115,1000,28.75,0.80564614803025658,4.6787198706489956e-30,0.046787198706489959,0.5892009806745212,1.4139753795788543e-29,0.66947093193007989,2.1120788254426124e-29,0.21120788254426126
4,116,1000,29,0.80297865756790876,4.64206896867124e-30,0.046420689686712403,0.58458545591883537,1.414043227397197e-29,0.66950305564512569,2.1120788254426124e-29,0.21120788254426126
4,117,1000,29.25,0.80030790115934947,4.6055821872661124e-30,0.046055821872661128,0.5799905992101827,1.4139587765482513e-29,0.66946307094004343,2.1120788254426124e-29,0.21120788254426126
4,118,1000,29.5,0.79763416987771651,4.5692637813534016e-30,0.045692637813534019,0.57541694637951302,1.413724949131316e-29,0.6693523613329404,2.1120788254426124e-29,0.21120788254426126
4,119,1000,29.75,0.79495775111454869,4.5331178630007122e-30,0.045331178630007123,0.57086501526810163,1.4133446646561565e-29,0.66917230911586478,2.1120788254426124e-29,0.21120788254426126
4,120,1000,30,0.79227892855764814,4.4971484028091283e-30,0.044971484028091285,0.56633530590204917,1.4128208384368226e-29,0.668924294594331,2.1120788254426124e-29,0.21120788254426126
4,121,1000,30.25,0.78959798217116028,4.4613592313603604e-30,0.044613592313603602,0.56182830067452372,1.4121563800336853e-29,0.6686096953496754,2.1120788254426124e-29,0.21120788254426126
4,122,1000,30.5,0.78691518817782624,4.4257540407220783e-30,0.044257540407220783,0.55734446453533004,1.411354191743725e-29,0.66822988552425744,2.1120788254426124e-29,0.21120788254426126
4,123,1000,30.75,0.78423081904336178,4.390336386008109e-30,0.04390336386008109,0.55288424518738954,1.4104171671390379e-29,0.6677862351294902,2.1120788254426124e-29,0.21120788254426126
4,124,1000,31,0.78154514346292248,4.3551096869903359e-30,0.043551096869903362,0.54844807328972922,1.4093481896534662e-29,0.66728010937665627,2.1120788254426124e-29,0.21120788254426126
4,125,1000,31.25,0.77885842634960212,4.3200772297590542e-30,0.043200772297590541,0.54403636266657407,1.4081501312171999e-29,0.6667128680304365,2.1120788254426124e-29,0.21120788254426126
4,126,1000,31.5,0.77617092882492578,4.2852421684287256e-30,0.04285242168428726,0.53964951052215626,1.4068258509391455e-29,0.66608586478505483,2.1120788254426124e-29,0.21120788254426126
4,127,1000,31.75,0.77348290821128618,4.2506075268860337e-30,0.042506075268860341,0.53528789766085161,1.4053781938368025e-29,0.66540044666291653,2.1120788254426124e-29,0.21120788254426126
4,128,1000,32,0.77079461802627947,4.2161762005772841e-30,0.042161762005772839,0.53095188871227017,1.4038099896133466e-29,0.66465795343559708,2.1120788254426124e-29,0.21120788254426126
4,129,1000,32.25,0.76810630797889246,4.1819509583321648e-30,0.041819509583321653,0.52664183236092676,1.4021240514815545e-29,0.66385971706700952,2.1120788254426124e-29,0.21120788254426126
4,130,1000,32.5,0.76541822396749448,4.1479344442210516e-30,0.04147934444221052,0.52235806158013487,1.4003231750341801e-29,0.66300706117856423,2.1120788254426124e-29,0.21120788254426126
4,131,1000,32.75,0.76273060807958859,4.1141291794430268e-30,0.041141291794430268,0.51810089386976899,1.3984101371603371e-29,0.66210130053611183,2.1120788254426124e-29,0.21120788254426126
4,132,1000,33,0.76004369859327225,4.0805375642418725e-30,0.040805375642418727,0.51387063149754963,1.3963876950074036e-29,0.66114374055843927,2.1120788254426124e-29,0.21120788254426126
4,133,1000,33.25,0.75735772998036277,4.0471618798474001e-30,0.040471618798474003,0.50966756174351913,1.394258584987937e-29,0.66013567684707641,2.1120788254426124e-29,0.21120788254426126
4,134,1000,33.5,0.75467293291113946,4.0140042904394909e-30,0.040140042904394907,0.50549195714737705,1.392025521831033e-29,0.65907839473714558,2.1120788254426124e-29,0.21120788254426126
4,135,1000,33.75,0.7519895342606574,3.9810668451323651e-30,0.039810668451323653,0.50134407575836371,1.3896911976775606e-29,0.65797316886898549,2.1120788254426124e-29,0.21120788254426126
4,136,1000,34,0.74930775711658293,3.9483514799765655e-30,0.039483514799765654,0.49722416138737391,1.3872582812186302e-29,0.65682126278024355,2.1120788254426124e-29,0.21120788254426126
4,137,1000,34.25,0.74662782078850753,3.9158600199763349e-30,0.039158600199763353,0.49313244386100974,1.3847294168766652e-29,0.65562392851814033,2.1120788254426124e-29,0.21120788254426126
4,138,1000,34.5,0.7439499408186927,3.8835941811200514e-30,0.038835941811200515,0.48906913927727724,1.3821072240284074e-29,0.65438240627158861,2.1120788254426124e-29,0.21120788254426126
4,139,1000,34.75,0.74127432899419998,3.8515555724214913e-30,0.038515555724214917,0.48503445026264719,1.3793942962691405e-29,0.65309792402282674,2.1120788254426124e-29,0.21120788254426126
4,140,1000,35,0.73860119336036045,3.8197456979697493e-30,0.038197456979697494,0.48102856623020568,1.3765932007174309e-29,0.65177169721823647,2.1120788254426124e-29,0.21120788254426126
4,141,1000,35.25,0.73593073823553823,3.7881659589857433e-30,0.037881659589857432,0.47705166363863405,1.3737064773596343e-29,0.65040492845798836,2.1120788254426124e-29,0.21120788254426126
4,142,1000,35.5,0.73326316422714422,3.7568176558832799e-30,0.037568176558832801,0.47310390625176324,1.3707366384334176e-29,0.64899880720415948,2.1120788254426124e-29,0.21120788254426126
4,143,1000,35.75,0.73059866824885389,3.7257019903327157e-30,0.037257019903327158,0.46918544539845519,1.3676861678495108e-29,0.64755450950695226,2.1120788254426124e-29,0.21120788254426126
4,144,1000,36,0.72793744353898815,3.6948200673253947e-30,0.036948200673253946,0.46529642023258116,1.36455752065092e-29,0.64607319774864935,2.1120788254426124e-29,0.21120788254426126
4,145,1000,36.25,0.72527967968000906,3.6641728972369898e-30,0.036641728972369898,0.46143695799286344,1.3613531225087701e-29,0.64455602040491156,2.1120788254426124e-29,0.21120788254426126
4,146,1000,36.5,0.72262556261909339,3.6337613978880859e-30,0.036337613978880863,0.45760717426236808,1.3580753692539933e-29,0.64300411182304795,2.1120788254426124e-29,0.21120788254426126
4,147,1000,36.75,0.71997527468973599,3.6035863966002977e-30,0.03603586396600298,0.4538071732274368,1.3547266264440197e-29,0.64141859201685802,2.1120788254426124e-29,0.21120788254426126
4,148,1000,37,0.71732899463434441,3.5736486322463532e-30,0.035736486322463533,0.45003704793585786,1.3513092289636487e-29,0.63980056647765737,2.1120788254426124e-29,0.21120788254426126
4,149,1000,37.25,0.71468689762778337,3.5439487572926209e-30,0.035439487572926212,0.4462968805540859,1.3478254806592599e-29,0.63815112600108859,2.1120788254426124e-29,0.21120788254426126
4,150,1000,37.5,0.71204915530182744,3.5144873398326336e-30,0.035144873398326337,0.44258674262332787,1.3442776540055327e-29,0.63647134652932402,2.1120788254426124e-29,0.21120788254426126
4,151,1000,37.75,0.70941593577048045,3.4852648656101753e-30,0.034852648656101756,0.4389066953143147,1.340667989803798e-29,0.63476228900824494,2.1120788254426124e-29,0.21120788254426126
4,152,1000,38,0.70678740365612658,3.4562817400307036e-30,0.03456281740030704,0.43525678968060366,1.3369986969112213e-29,0.63302499925921873,2.1120788254426124e-29,0.21120788254426126
4,153,1000,38.25,0.70416372011646955,3.4275382901597451e-30,0.03427538290159745,0.43163706691024073,1.3332719519999184e-29,0.63126050786504839,2.1120788254426124e-29,0.21120788254426126
4,154,1000,38.5,0.70154504287222486,3.3990347667071511e-30,0.033990347667071513,0.42804755857564192,1.3294898993451928e-29,0.62946983006970947,2.1120788254426124e-29,0.21120788254426126
4,155,1000,38.75,0.6989315262355259,3.3707713459960359e-30,0.033707713459960362,0.42448828688154588,1.3256546506420214e-29,0.62765396569146226,2.1120788254426124e-29,0.21120788254426126
4,156,1000,39,0.69632332113900919,3.3427481319153613e-30,0.033427481319153615,0.42095926491090691,1.3217682848489633e-29,0.6258138990489478,2.1120788254426124e-29,0.21120788254426126
4,157,1000,39.25,0.69372057516553975,3.3149651578551164e-30,0.033149651578551168,0.41746049686859615,1.3178328480586287e-29,0.62395059889985893,2.1120788254426124e-29,0.21120788254426126
4,158,1000,39.5,0.69112343257854481,3.2874223886232066e-30,0.032874223886232068,0.41399197832279949,1.3138503533938985e-29,0.62206501839180395,2.1120788254426124e-29,0.21120788254426126
4,159,1000,39.75,0.68853203435291743,3.2601197223430691e-30,0.032601197223430689,0.41055369644398831,1.3098227809290266e-29,0.62015809502495101,2.1120788254426124e-29,0.21120788254426126
4,160,1000,40,0.68594651820646013,3.2330569923312691e-30,0.032330569923312694,0.40714563024136896,1.3057520776348386e-29,0.61823075062608135,2.1120788254426124e-29,0.21120788254426126
4,161,1000,40.25,0.68336701863183169,3.2062339689542265e-30,0.032062339689542266,0.40376775079670435,1.3016401573471791e-29,0.61628389133365047,2.1120788254426124e-29,0.21120788254426126
4,162,1000,40.5,0.68079366692896726,3.1796503614633622e-30,0.031796503614633626,0.40042002149541772,1.2974889007578055e-29,0.61431840759347633,2.1120788254426124e-29,0.21120788254426126
4,163,1000,40.75,0.67822659123793783,3.1533058198079998e-30,0.03153305819808,0.39710239825489502,1.2933001554269348e-29,0.61233517416467997,2.1120788254426124e-29,0.21120788254426126
4,164,1000,41,0.67566591657222241,3.1271999364253838e-30,0.031271999364253837,0.393814829749906,1.2890757358166455e-29,0.61033505013550038,2.1120788254426124e-29,0.21120788254426126
4,165,1000,41.25,0.67311176485235502,3.1013322480072046e-30,0.031013322480072048,0.39055725763506599,1.2848174233443391e-29,0.60831887894860626,2.1120788254426124e-29,0.21120788254426126
4,166,1000,41.5,0.67056425493992611,3.0757022372421627e-30,0.030757022372421627,0.38732961676428085,1.2805269664555179e-29,0.60628748843555469,2.1120788254426124e-29,0.21120788254426126
4,167,1000,41.75,0.66802350267190336,3.0503093345340169e-30,0.030503093345340168,0.38413183540710444,1.2762060807150887e-29,0.60424169086001978,2.1120788254426124e-29,0.21120788254426126
4,168,1000,42,0.66548962089524433,3.0251529196947059e-30,0.030251529196947062,0.38096383546195678,1.2718564489164576e-29,0.60218228296944565,2.1120788254426124e-29,0.21120788254426126
4,169,1000,42.25,0.66296271950177743,3.0002323236121508e-30,0.030002323236121509,0.37782553266615415,1.2674797212076804e-29,0.60011004605477458,2.1120788254426124e-29,0.21120788254426126
4,170,1000,42.5,0.66044290546332129,2.9755468298923571e-30,0.029755468298923574,0.37471683680270218,1.2630775152339362e-29,0.59802574601790381,2.1120788254426124e-29,0.21120788254426126
4,171,1000,42.75,0.6579302828670176,2.9510956764755167e-30,0.029510956764755167,0.37163765190381504,1.2586514162956156e-29,0.59593013344653434,2.1120788254426124e-29,0.21120788254426126
4,172,1000,43,0.65542495295085246,2.9268780572258137e-30,0.029268780572258138,0.36858787645112312,1.2542029775213218e-29,0.59382394369608238,2.1120788254426124e-29,0.21120788254426126
4,173,1000,43.25,0.65292701413934207,2.9028931234947052e-30,0.029028931234947052,0.36556740357254014,1.2497337200551037e-29,0.59170789697832726,2.1120788254426124e-29,0.21120788254426126
4,174,1000,43.5,0.65043656207935929,2.8791399856574595e-30,0.028791399856574595,0.36257612123576266,1.2452451332572428e-29,0.58958269845647748,2.1120788254426124e-29,0.21120788254426126
4,175,1000,43.75,0.64795368967607614,2.855617714622786e-30,0.028556177146227862,0.35961391243838087,1.2407386749179398e-29,0.58744903834634465,2.1120788254426124e-29,0.21120788254426126
4,176,1000,44,0.64547848712900424,2.832325343315418e-30,0.028323253433154182,0.35668065539458338,1.2362157714832543e-29,0.5853075920233185,2.1120788254426124e-29,0.21120788254426126
4,177,1000,44.25,0.64301104196810654,2.8092618681315267e-30,0.028092618681315268,0.3537762237184407,1.2316778182926688e-29,0.58315902013484522,2.1120788254426124e-29,0.21120788254426126
4,178,1000,44.5,0.64055143908996326,2.7864262503669131e-30,0.027864262503669131,0.35090048660376011,1.2271261798276623e-29,0.58100396871811955,2.1120788254426124e-29,0.21120788254426126
4,179,1000,44.75,0.63809976079397002,2.7638174176179062e-30,0.027638174176179062,0.34805330900050402,1.222562189970687e-29,0.57884306932270102,2.1120788254426124e-29,0.21120788254426126
4,180,1000,45,0.63565608681854968,2.7414342651549647e-30,0.027414342651549649,0.34523455178777029,1.2179871522739711e-29,0.57667693913778373,2.1120788254426124e-29,0.21120788254426126
4,181,1000,45.25,0.63322049437735772,2.7192756572689753e-30,0.027192756572689755,0.34244407194333448,1.2134023402375655e-29,0.57450618112384222,2.1120788254426124e-29,0.21120788254426126
4,182,1000,45.5,0.63079305819546494,2.6973404285902877e-30,0.026973404285902877,0.33968172270975883,1.2088089975960824e-29,0.57233138414839291,2.1120788254426124e-29,0.21120788254426126
4,183,1000,45.75,0.62837385054549721,2.6756273853805405e-30,0.026756273853805405,0.33694735375707419,1.2042083386135834e-29,0.57015312312561373,2.1120788254426124e-29,0.21120788254426126
4,184,1000,46,0.62596294128371832,2.6541353067973565e-30,0.026541353067973564,0.33424081134204614,1.1996015483860887e-29,0.56797195915957222,2.1120788254426124e-29,0.21120788254426126
4,185,1000,46.25,0.62356039788603745,2.6328629461320032e-30,0.026328629461320033,0.33156193846403614,1.1949897831511865e-29,0.56578843969081571,2.1120788254426124e-29,0.21120788254426126
4,186,1000,46.5,0.62116628548392616,2.6118090320201527e-30,0.026118090320201529,0.32891057501747467,1.1903741706042592e-29,0.56360309864609404,2.1120788254426124e-29,0.21120788254426126
4,187,1000,46.75,0.61878066690023092,2.5909722696258668e-30,0.025909722696258668,0.32628655794096345,1.1857558102208249e-29,0.56141645659097739,2.1120788254426124e-29,0.21120788254426126
4,188,1000,47,0.61640360268486449,2.5703513417989763e-30,0.025703513417989765,0.32368972136302637,1.181135773584534e-29,0.55922902088515203,2.1120788254426124e-29,0.21120788254426126
4,189,1000,47.25,0.614035151150365,2.5499449102060367e-30,0.025499449102060368,0.32111989674453312,1.1765151047203653e-29,0.55704128584017787,2.1120788254426124e-29,0.21120788254426126
4,190,1000,47.5,0.61167536840730552,2.5297516164350325e-30,0.025297516164350324,0.31857691301781682,1.1718948204325708e-29,0.55485373287949402,2.1120788254426124e-29,0.21120788254426126
4,191,1000,47.75,0.60932430839954699,2.5097700830740741e-30,0.025097700830740741,0.31606059672251696,1.1672759106469538e-29,0.55266683070047662,2.1120788254426124e-29,0.21120788254426126
4,192,1000,48,0.60698202293931591,2.4899989147642708e-30,0.024899989147642708,0.31357077213816942,1.1626593387570535e-29,0.55048103543834537,2.1120788254426124e-29,0.21120788254426126
4,193,1000,48.25,0.60464856174210024,2.4704366992270598e-30,0.024704366992270597,0.31110726141358053,1.1580460419738513e-29,0.5482967908317381,2.1120788254426124e-29,0.21120788254426126
4,194,1000,48.5,0.60232397246134894,2.4510820082661993e-30,0.024510820082661994,0.30866988469300988,1.1534369316785915e-29,0.54611452838976049,2.1120788254426124e-29,0.21120788254426126
4,195,1000,48.75,0.60000830072296696,2.4319333987447258e-30,0.024319333987447258,0.30625846023920072,1.1488328937783641e-29,0.54393466756034159,2.1120788254426124e-29,0.21120788254426126
4,196,1000,49,0.59770159015959368,2.4129894135371219e-30,0.02412989413537122,0.30387280455328858,1.1442347890640729e-29,0.54175761589972116,2.1120788254426124e-29,0.21120788254426126
4,197,1000,49.25,0.59540388244465547,2.3942485824569931e-30,0.023942485824569933,0.30151273249162536,1.1396434535704527e-29,0.53958376924290519,2.1120788254426124e-29,0.21120788254426126
4,198,1000,49.5,0.593115217326185,2.3757094231605445e-30,0.023757094231605446,0.29917805737955594,1.135059698937795e-29,0.53741351187493158,2.1120788254426124e-29,0.21120788254426126
4,199,1000,49.75,0.59083563266039596,2.3573704420261522e-30,0.023573704420261524,0.29686859112218489,1.1304843127750608e-29,0.53524721670279218,2.1120788254426124e-29,0.21120788254426126
4,200,1000,50,0.58856516444500639,2.3392301350103451e-30,0.02339230135010345,0.29458414431217145,1.1259180590240701e-29,0.53308524542786417,2.1120788254426124e-29,0.21120788254426126
4,201,1000,50.25,0.58630384685230208,2.3212869884805114e-30,0.023212869884805115,0.2923245263345946,1.1213616783244746e-29,0.53092794871871285,2.1120788254426124e-29,0.21120788254426126
4,202,1000,50.5,0.58405171226193486,2.3035394800246687e-30,0.023035394800246689,0.29008954546892857,1.1168158883792245e-29,0.52877566638412832,2.1120788254426124e-29,0.21120788254426126
4,203,1000,50.75,0.58180879129344509,2.2859860792385937e-30,0.022859860792385937,0.28787900898816815,1.1122813843202522e-29,0.52662872754626466,2.1120788254426124e-29,0.21120788254426126
4,204,1000,51,0.57957511283850416,2.2686252484906769e-30,0.022686252484906768,0.28569272325514816,1.1077588390741141e-29,0.52448745081375903,2.1120788254426124e-29,0.21120788254426126
4,205,1000,51.25,0.57735070409287237,2.2514554436648382e-30,0.022514554436648383,0.28353049381610057,1.1032489037273398e-29,0.5223521444547129,2.1120788254426124e-29,0.21120788254426126
4,206,1000,51.5,0.57513559058806185,2.2344751148818275e-30,0.022344751148818277,0.28139212549148918,1.0987522078912439e-29,0.52022310656941828,2.1120788254426124e-29,0.21120788254426126
4,207,1000,51.75,0.57292979622270368,2.2176827071992827e-30,0.022176827071992828,0.27927742246416959,1.0942693600659703e-29,0.51810062526272072,2.1120788254426124e-29,0.21120788254426126
4,208,1000,52,0.57073334329361181,2.2010766612908712e-30,0.022010766612908714,0.27718618836491477,1.0898009480035506e-29,0.51598497881591576,2.1120788254426124e-29,0.21120788254426126
4,209,1000,52.25,0.56854625252654023,2.1846554141048966e-30,0.021846554141048968,0.27511822635535493,1.0853475390697706e-29,0.51387643585808052,2.1120788254426124e-29,0.21120788254426126
4,210,1000,52.5,0.56636854310662732,2.1684173995026949e-30,0.021684173995026951,0.27307333920837185,1.0809096806046363e-29,0.51177525553674263,2.1120788254426124e-29,0.21120788254426126
4,211,1000,52.75,0.56420023270852615,2.1523610488772004e-30,0.021523610488772004,0.27105132938599641,1.0764879002812553e-29,0.5096816876877992,2.1120788254426124e-29,0.21120788254426126
4,212,1000,53,0.5620413375262151,2.1364847917520268e-30,0.021364847917520267,0.26905199911485206,1.0720827064629529e-29,0.50759597300459869,2.1120788254426124e-29,0.21120788254426126
4,213,1000,53.25,0.55989187230248505,2.1207870563614244e-30,0.021207870563614246,0.26707515045918995,1.0676945885584473e-29,0.50551834320610578,2.1120788254426124e-29,0.21120788254426126
4,214,1000,53.5,0.55775185035810282,2.1052662702114785e-30,0.021052662702114786,0.26512058539156191,1.0633240173749251e-29,0.50344902120406998,2.1120788254426124e-29,0.21120788254426126
4,215,1000,53.75,0.55562128362064434,2.0899208606228919e-30,0.02089920860622892,0.26318810586117425,1.0589714454688594e-29,0.50138822126912741,2.1120788254426124e-29,0.21120788254426126
4,216,1000,54,0.55350018265300005,2.0747492552557424e-30,0.020747492552557426,0.26127751385997128,1.0546373074944324e-29,0.49933614919576691,2.1120788254426124e-29,0.21120788254426126
4,217,1000,54.25,0.55138855668154352,2.059749882616518e-30,0.02059749882616518,0.25938861148648767,1.0503220205494071e-29,0.49729300246608882,2.1120788254426124e-29,0.21120788254426126
4,218,1000,54.5,0.54928641362396924,2.0449211725478546e-30,0.020449211725478547,0.25752120100752207,1.0460259845183443e-29,0.49525897041230765,2.1120788254426124e-29,0.21120788254426126
4,219,1000,54.75,0.54719376011679188,2.030261556701276e-30,0.020302615567012759,0.25567508491766999,1.0417495824130213e-29,0.4932342343779284,2.1120788254426124e-29,0.21120788254426126
4,220,1000,55,0.5451106015425079,2.0157694689933103e-30,0.020157694689933104,0.25385006599676369,1.0374931807099435e-29,0.49121896787754782,2.1120788254426124e-29,0.21120788254426126
4,221,1000,55.25,0.54303694205641972,2.0014433460453529e-30,0.020014433460453531,0.25204594736526514,1.0332571296848551e-29,0.48921333675523365,2.1120788254426124e-29,0.21120788254426126
4,222,1000,55.5,0.54097278461311837,1.9872816276075827e-30,0.019872816276075827,0.25026253253765052,1.0290417637441217e-29,0.48721749934142405,2.1120788254426124e-29,0.21120788254426126
4,223,1000,55.75,0.53891813099262698,1.9732827569673236e-30,0.019732827569673237,0.24849962547383603,1.0248474017529196e-29,0.48523160660831399,2.1120788254426124e-29,0.21120788254426126
4,224,1000,56,0.53687298182620269,1.9594451813421635e-30,0.019594451813421634,0.24675703062868423,1.0206743473601247e-29,0.48325580232367971,2.1120788254426124e-29,0.21120788254426126
4,225,1000,56.25,0.53483733662179822,1.9457673522581968e-30,0.019457673522581969,0.245034552999637,1.0165228893198345e-29,0.48129022320310866,2.1120788254426124e-29,0.21120788254426126
4,226,1000,56.5,0.53281119378918063,1.9322477259137005e-30,0.019322477259137005,0.24333199817251389,1.0123933018094325e-29,0.47933499906059274,2.1120788254426124e-29,0.21120788254426126
4,227,1000,56.75,0.53079455066471115,1.9188847635286131e-30,0.019188847635286131,0.24164917236552277,1.0082858447441453e-29,0.47739025295746074,2.1120788254426124e-29,0.21120788254426126
4,228,1000,57,0.52878740353578191,1.9056769316801187e-30,0.019056769316801187,0.2399858824715207,1.0042007640880149e-29,0.47545610134961325,2.1120788254426124e-29,0.21120788254426126
4,229,1000,57.25,0.52678974766491449,1.8926227026246821e-30,0.018926227026246821,0.23834193609856844,1.0001382921612324e-29,0.47353265423303553,2.1120788254426124e-29,0.21120788254426126
4,230,1000,57.5,0.52480157731351706,1.8797205546068571e-30,0.01879720554606857,0.23671714160881929,9.9609864794378908e-30,0.47162001528756586,2.1120788254426124e-29,0.21120788254426126
4,231,1000,57.75,0.52282288576530422,1.8669689721551838e-30,0.018669689721551839,0.23511130815578213,9.9208203737538479e-30,0.46971828201889276,2.1120788254426124e-29,0.21120788254426126
4,232,1000,58,0.52085366534937771,1.8543664463654906e-30,0.018543664463654908,0.23352424571999814,9.8808865365155767e-30,0.46782754589876224,2.1120788254426124e-29,0.21120788254426126
4,233,1000,58.25,0.51889390746297148,1.8419114751719303e-30,0.018419114751719305,0.23195576514317304,9.8411867751600477e-30,0.46594789250338253,2.1120788254426124e-29,0.21120788254426126
4,234,1000,58.5,0.51694360259385985,1.829602563606031e-30,0.018296025636060313,0.23040567816079982,9.801722775490436e-30,0.46407940165000056,2.1120788254426124e-29,0.21120788254426126
4,235,1000,58.75,0.51500274034243354,1.8174382240440996e-30,0.018174382240440996,0.22887379743331493,9.7624961045220618e-30,0.46222214753164853,2.1120788254426124e-29,0.21120788254426126
4,236,1000,59,0.51307130944344148,1.8054169764432441e-30,0.018054169764432443,0.22735993657582085,9.7235082132892314e-30,0.46037619885003817,2.1120788254426124e-29,0.21120788254426126
4,237,1000,59.25,0.51114929778740315,1.7935373485663455e-30,0.017935373485663455,0.22586391018641741,9.684760439612916e-30,0.45854161894660128,2.1120788254426124e-29,0.21120788254426126
4,238,1000,59.5,0.50923669244168945,1.7817978761962298e-30,0.017817978761962297,0.22438553387317298,9.6462540108289653e-30,0.45671846593166204,2.1120788254426124e-29,0.21120788254426126
4,239,1000,59.75,0.50733347967127951,1.7701971033393756e-30,0.017701971033393757,0.22292462427977758,9.6079900464768974e-30,0.4549067928117419,2.1120788254426124e-29,0.21120788254426126
4,240,1000,60,0.5054396449591898,1.7587335824193939e-30,0.017587335824193938,0.22148099910990834,9.5699695609489943e-30,0.45310664761498604,2.1120788254426124e-29,0.21120788254426126
4,241,1000,60.25,0.50355517302658059,1.7474058744605846e-30,0.017474058744605846,0.22005447715034523,9.532193466099751e-30,0.45131807351471181,2.1120788254426124e-29,0.21120788254426126
4,242,1000,60.5,0.50168004785254217,1.736212549261844e-30,0.017362125492618442,0.21864487829287144,9.4946625738156577e-30,0.44954110895107963,2.1120788254426124e-29,0.21120788254426126
4,243,1000,60.75,0.49981425269356128,1.725152185561168e-30,0.017251521855611681,0.21725202355498965,9.4573775985452067e-30,0.44777578775088073,2.1120788254426124e-29,0.21120788254426126
4,244,1000,61,0.49795777010267173,1.7142233711910438e-30,0.01714223371191044,0.21587573509949087,9.4203391597892936e-30,0.44602213924544903,2.1120788254426124e-29,0.21120788254426126
4,245,1000,61.25,0.49611058194829083,1.7034247032249687e-30,0.017034247032249688,0.21451583625290585,9.3835477845519807e-30,0.44428018838669725,2.1120788254426124e-29,0.21120788254426126
4,246,1000,61.5,0.4942726694327445,1.6927547881153649e-30,0.016927547881153648,0.21317215152287297,9.3470039097517421e-30,0.44254995586128093,2.1120788254426124e-29,0.21120788254426126
4,247,1000,61.75,0.49244401311048291,1.6822122418231198e-30,0.016822122418231198,0.21184450661445153,9.310707884593279e-30,0.4408314582028966,2.1120788254426124e-29,0.21120788254426126
4,248,1000,62,0.49062459290599036,1.6717956899390231e-30,0.016717956899390232,0.21053272844541457,9.2746599729000635e-30,0.43912470790271962,2.1120788254426124e-29,0.21120788254426126
4,249,1000,62.25,0.4888143881313915,1.6615037677973197e-30,0.016615037677973198,0.2092366451605488,9.2388603554077755e-30,0.43742971351799131,2.1120788254426124e-29,0.21120788254426126
4,250,1000,62.5,0.48701337750375656,1.6513351205816251e-30,0.016513351205816252,0.20795608614499284,9.2033091320187603e-30,0.4357464797787598,2.1120788254426124e-29,0.21120788254426126
4,251,1000,62.75,0.48522153916210864,1.6412884034234289e-30,0.016412884034234288,0.20669088203664177,9.1680063240177707e-30,0.43407500769278823,2.1120788254426124e-29,0.21120788254426126
4,252,1000,63,0.48343885068413556,1.6313622814934117e-30,0.016313622814934117,0.20544086473764719,9.1329518762491398e-30,0.43241529464863682,2.1120788254426124e-29,0.21120788254426126
4,253,1000,63.25,0.48166528910260981,1.6215554300858088e-30,0.016215554300858089,0.20420586742504093,9.0981456592557111e-30,0.43076733451693411,2.1120788254426124e-29,0.21120788254426126
4,254,1000,63.5,0.47990083092151842,1.6118665346960154e-30,0.016118665346960156,0.20298572456050837,9.0635874713796692e-30,0.42913111774984447,2.1120788254426124e-29,0.21120788254426126
4,255,1000,63.75,0.47814545213190801,1.6022942910916737e-30,0.016022942910916736,0.20178027189934036,9.0292770408256583e-30,0.4275066314787499,2.1120788254426124e-29,0.21120788254426126
4,256,1000,64,0.47639912822744462,1.5928374053774236e-30,0.015928374053774237,0.20058934649858748,8.9952140276863575e-30,0.42589385961015436,2.1120788254426124e-29,0.21120788254426126
4,257,1000,64.25,0.47466183421969427,1.5834945940535344e-30,0.015834945940535344,0.19941278672444376,8.9613980259308925e-30,0.42429278291982875,2.1120788254426124e-29,0.21120788254426126
4,258,1000,64.5,0.47293354465312648,1.5742645840686221e-30,0.015742645840686222,0.19825043225888531,8.9278285653563805e-30,0.42270337914520983,2.1120788254426124e-29,0.21120788254426126
4,259,1000,64.75,0.47121423361984266,1.5651461128666237e-30,0.015651461128666236,0.19710212410558597,8.8945051135028665e-30,0.42112562307606638,2.1120788254426124e-29,0.21120788254426126
4,260,1000,65,0.46950387477403477,1.5561379284282502e-30,0.015561379284282502,0.19596770459513763,8.8614270775321149e-30,0.41955948664345388,2.1120788254426124e-29,0.21120788254426126
4,261,1000,65.25,0.4678024413461751,1.5472387893070746e-30,0.015472387893070746,0.19484701738959473,8.8285938060704553e-30,0.41800493900696689,2.1120788254426124e-29,0.21120788254426126
4,262,1000,65.5,0.46610990615694176,1.5384474646604549e-30,0.01538447464660455,0.19373990748636857,8.7960045910161357e-30,0.41646194664031178,2.1120788254426124e-29,0.21120788254426126
4,263,1000,65.75,0.46442624163088309,1.5297627342754669e-30,0.01529762734275467,0.19264622122149311,8.7636586693115469e-30,0.41493047341521511,2.1120788254426124e-29,0.21120788254426126
4,264,1000,66,0.46275141980982237,1.5211833885900085e-30,0.015211833885900085,0.19156580627228253,8.7315552246805962e-30,0.4134104806836833,2.1120788254426124e-29,0.21120788254426126
4,265,1000,66.25,0.4610854123660092,1.5127082287092622e-30,0.015127082287092622,0.19049851165940448,8.6996933893317555e-30,0.41190192735863568,2.1120788254426124e-29,0.21120788254426126
4,266,1000,66.5,0.45942819061501722,1.5043360664176655e-30,0.015043360664176655,0.18944418774838762,8.668072245627042e-30,0.4104047699929258,2.1120788254426124e-29,0.21120788254426126
4,267,1000,66.75,0.45777972552839469,1.49606572418656e-30,0.014960657241865601,0.18840268625058468,8.6366908277174e-30,0.40891896285677093,2.1120788254426124e-29,0.21120788254426126
4,268,1000,67,0.4561399877460679,1.4878960351776677e-30,0.014878960351776677,0.18737386022361047,8.6055481231448537e-30,0.40744445801360912,2.1120788254426124e-29,0.21120788254426126
4,269,1000,67.25,0.45450894758850424,1.4798258432425611e-30,0.014798258432425611,0.18635756407127491,8.5746430744118688e-30,0.40598120539440308,2.1120788254426124e-29,0.21120788254426126
4,270,1000,67.5,0.45288657506863406,1.4718540029182544e-30,0.014718540029182544,0.18535365354302807,8.543974580518253e-30,0.40452915287040753,2.1120788254426124e-29,0.21120788254426126
4,271,1000,67.75,0.45127283990353823,1.4639793794190902e-30,0.014639793794190902,0.18436198573293827,8.5135414984661452e-30,0.40308824632442525,2.1120788254426124e-29,0.21120788254426126
4,272,1000,68,0.4496677115259024,1.4562008486250349e-30,0.014562008486250349,0.18338241907821809,8.4833426447333589e-30,0.40165842972056542,2.1120788254426124e-29,0.21120788254426126
4,273,1000,68.25,0.44807115909524192,1.4485172970665383e-30,0.014485172970665384,0.18241481335731791,8.4533767967155985e-30,0.40023964517252753,2.1120788254426124e-29,0.21120788254426126
4,274,1000,68.5,0.44648315150890033,1.4409276219060925e-30,0.014409276219060926,0.18145902968760325,8.4236426941379718e-30,0.3988318330104319,2.1120788254426124e-29,0.21120788254426126
4,275,1000,68.75,0.44490365741282478,1.4334307309166056e-30,0.014334307309166057,0.18051493052263168,8.3941390404361338e-30,0.39743493184621259,2.1120788254426124e-29,0.21120788254426126
4,276,1000,69,0.44333264521212185,1.4260255424567372e-30,0.014260255424567372,0.1795823796490465,8.3648645041076243e-30,0.3960488786375983,2.1120788254426124e-29,0.21120788254426126
4,277,1000,69.25,0.44177008308139615,1.4187109854433068e-30,0.014187109854433068,0.17866124218310217,8.335817720033692e-30,0.39467360875069696,2.1120788254426124e-29,0.21120788254426126
4,278,1000,69.5,0.44021593897487554,1.4114859993209005e-30,0.014114859993209005,0.17775138456683692,8.3069972907721494e-30,0.39330905602120769,2.1120788254426124e-29,0.21120788254426126
4,279,1000,69.75,0.43867018063632612,1.404349534028792e-30,0.014043495340287921,0.17685267456390683,8.2784017878215931e-30,0.39195515281427767,2.1120788254426124e-29,0.21120788254426126
4,280,1000,70,0.43713277560875896,1.397300549965292e-30,0.01397300549965292,0.17596498125509646,8.2500297528574837e-30,0.39061183008302669,2.1120788254426124e-29,0.21120788254426126
4,281,1000,70.25,0.43560369124393333,1.3903380179496396e-30,0.013903380179496397,0.17508817503351962,8.2218796989404827e-30,0.38927901742575755,2.1120788254426124e-29,0.21120788254426126
4,282,1000,70.5,0.43408289471165912,1.3834609191815446e-30,0.013834609191815447,0.1742221275995246,8.1939501116975118e-30,0.3879566431418755,2.1120788254426124e-29,0.21120788254426126
4,283,1000,70.75,0.4325703530088999,1.3766682451984749e-30,0.013766682451984751,0.17336671195531511,8.166239450475893e-30,0.38664463428653312,2.1120788254426124e-29,0.21120788254426126
4,284,1000,71,0.43106603296868168,1.3699589978308057e-30,0.013699589978308058,0.17252180239930223,8.1387461494710714e-30,0.38534291672402404,2.1120788254426124e-29,0.21120788254426126
4,285,1000,71.25,0.42956990126880956,1.3633321891549224e-30,0.013633321891549224,0.17168727452019858,8.1114686188283208e-30,0.38405141517994534,2.1120788254426124e-29,0.21120788254426126
4,286,1000,71.5,0.428081924440395,1.3567868414443673e-30,0.013567868414443674,0.170863005190866,8.0844052457188042e-30,0.38277005329214531,2.1120788254426124e-29,0.21120788254426126
4,287,1000,71.75,0.42660206887619784,1.3503219871191409e-30,0.013503219871191409,0.17004887256193113,8.0575543953905261e-30,0.38149875366048258,2.1120788254426124e-29,0.21120788254426126
4,288,1000,72,0.42513030083878356,1.3439366686932251e-30,0.013439366686932252,0.16924475605517672,8.0309144121944663e-30,0.38023743789541037,2.1120788254426124e-29,0.21120788254426126
4,289,1000,72.25,0.42366658646850175,1.3376299387204372e-30,0.013376299387204372,0.16845053635672305,8.0044836205864214e-30,0.3789860266654102,2.1120788254426124e-29,0.21120788254426126
4,290,1000,72.5,0.42221089179128712,1.3314008597386882e-30,0.013314008597386882,0.16766609541000818,7.9782603261048849e-30,0.37774443974329136,2.1120788254426124e-29,0.21120788254426126
4,291,1000,72.75,0.42076318272628549,1.3252485042127302e-30,0.013252485042127303,0.16689131640857807,7.952242816325455e-30,0.37651259605137904,2.1120788254426124e-29,0.21120788254426126
4,292,1000,73,0.41932342509330806,1.3191719544754741e-30,0.013191719544754742,0.16612608378869648,7.9264293617920924e-30,0.3752904137056064,2.1120788254426124e-29,0.21120788254426126
4,293,1000,73.25,0.41789158462011794,1.313170302667959e-30,0.013131703026679591,0.16537028322178535,7.9008182169257495e-30,0.37407781005853485,2.1120788254426124e-29,0.21120788254426126
4,294,1000,73.5,0.41646762694954981,1.3072426506780381e-30,0.013072426506780381,0.16462380160670326,7.8754076209106318e-30,0.37287470174131604,2.1120788254426124e-29,0.21120788254426126
4,295,1000,73.75,0.41505151764646664,1.3013881100778678e-30,0.013013881100778679,0.1638865270618734,7.8501957985586378e-30,0.37168100470461995,2.1120788254426124e-29,0.21120788254426126
4,296,1000,74,0.41364322220455646,1.2956058020602608e-30,0.012956058020602608,0.1631583489172683,7.825180961152268e-30,0.37049663425854401,2.1120788254426124e-29,0.21120788254426126
4,297,1000,74.25,0.41224270605297036,1.2898948573739718e-30,0.012898948573739719,0.16243915770626027,7.8003613072664208e-30,0.36932150511152245,2.1120788254426124e-29,0.21120788254426126
4,298,1000,74.5,0.41084993456280616,1.2842544162579905e-30,0.012842544162579905,0.16172884515734673,7.7757350235695102e-30,0.36815553140825641,2.1120788254426124e-29,0.21120788254426126
4,299,1000,74.75,0.40946487305344015,1.278683628374897e-30,0.01278683628374897,0.16102730418575761,7.7513002856042306e-30,0.36699862676668088,2.1120788254426124e-29,0.21120788254426126
4,300,1000,75,0.40808748679870788,1.2731816527433464e-30,0.012731816527433465,0.16033442888495289,7.7270552585483831e-30,0.36585070431398709,2.1120788254426124e-29,0.21120788254426126
4,301,1000,75.25,0.40671774103293867,1.2677476576697398e-30,0.012677476576697398,0.15965011451801786,7.7029980979561285e-30,0.36471167672171845,2.1120788254426124e-29,0.21120788254426126
4,302,1000,75.5,0.40535560095684564,1.2623808206791458e-30,0.012623808206791459,0.15897425750896388,7.6791269504800618e-30,0.36358145623995852,2.1120788254426124e-29,0.21120788254426126
4,303,1000,75.75,0.40400103174327257,1.2570803284455169e-30,0.01257080328445517,0.15830675543394038,7.6554399545744219e-30,0.36245995473062559,2.1120788254426124e-29,0.21120788254426126
4,304,1000,76,0.40265399854280293,1.2518453767212704e-30,0.012518453767212704,0.15764750701236691,7.631935241179875e-30,0.36134708369989493,2.1120788254426124e-29,0.21120788254426126
4,305,1000,76.25,0.40131446648923047,1.2466751702662719e-30,0.01246675170266272,0.15699641209798976,7.6086109343901731e-30,0.36024275432976294,2.1120788254426124e-29,0.21120788254426126
4,306,1000,76.5,0.39998240070489599,1.2415689227762839e-30,0.012415689227762839,0.15635337166987145,7.5854651521010902e-30,0.359146877508772,2.1120788254426124e-29,0.21120788254426126
4,307,1000,76.75,0.39865776630589128,1.236525856810916e-30,0.012365258568109161,0.15571828782331731,7.5624960066419174e-30,0.35805936386190995,2.1120788254426124e-29,0.21120788254426126
4,308,1000,77,0.39734052840713413,1.2315452037211378e-30,0.012315452037211379,0.15509106376074699,7.5397016053899586e-30,0.35698012377970412,2.1120788254426124e-29,0.21120788254426126
4,309,1000,77.25,0.3960306521273152,1.2266262035763874e-30,0.012266262035763874,0.15447160378251518,7.5170800513682842e-30,0.35590906744652329,2.1120788254426124e-29,0.21120788254426126
4,310,1000,77.5,0.3947281025937201,1.2217681050913279e-30,0.01221768105091328,0.15385981327768775,7.4946294438271323e-30,0.35484610486810497,2.1120788254426124e-29,0.21120788254426126
4,311,1000,77.75,0.39343284494692876,1.2169701655522923e-30,0.012169701655522924,0.15325559871477898,7.4723478788092811e-30,0.353791145898324,2.1120788254426124e-29,0.21120788254426126
4,312,1000,78,0.39214484434539387,1.212231650743451e-30,0.01212231650743451,0.15265886763245351,7.450233449699677e-30,0.35274410026521563,2.1120788254426124e-29,0.21120788254426126
4,313,1000,78.25,0.39086406596990181,1.2075518348727542e-30,0.012075518348727542,0.15206952863020026,7.4282842477597262e-30,0.35170487759627234,2.1120788254426124e-29,0.21120788254426126
4,314,1000,78.5,0.38959047502791655,1.202930000497673e-30,0.012029300004976731,0.15148749135898074,7.4064983626464812e-30,0.35067338744302584,2.1120788254426124e-29,0.21120788254426126
4,315,1000,78.75,0.38832403675781035,1.1983654384507884e-30,0.011983654384507884,0.15091266651185839,7.3848738829171085e-30,0.34964953930493176,2.1120788254426124e-29,0.21120788254426126
4,316,1000,79,0.38706471643298274,1.1938574477652526e-30,0.011938574477652526,0.15034496581461171,7.3634088965188999e-30,0.34863324265257029,2.1120788254426124e-29,0.21120788254426126
4,317,1000,79.25,0.38581247936586893,1.1894053356001612e-30,0.011894053356001612,0.14978430201633627,7.3421014912651314e-30,0.34762440695017632,2.1120788254426124e-29,0.21120788254426126
4,318,1000,79.5,0.38456729091184261,1.1850084171658772e-30,0.011850084171658773,0.14923058888004059,7.3209497552971479e-30,0.34662294167751773,2.1120788254426124e-29,0.21120788254426126
4,319,1000,79.75,0.38332911647301071,1.1806660156493116e-30,0.011806660156493117,0.14868374117323654,7.2999517775328145e-30,0.34562875635112805,2.1120788254426124e-29,0.21120788254426126
4,320,1000,80,0.38209792150190686,1.1763774621392295e-30,0.011763774621392295,0.14814367465853301,7.2791056481018163e-30,0.34464176054491663,2.1120788254426124e-29,0.21120788254426126
4,321,1000,80.25,0.38087367150508267,1.1721420955515728e-30,0.011721420955515729,0.14761030608423165,7.2584094587679306e-30,0.34366186391016162,2.1120788254426124e-29,0.21120788254426126
4,322,1000,80.5,0.37965633204659893,1.1679592625548533e-30,0.011679592625548534,0.14708355317493149,7.2378613033386529e-30,0.34268897619490452,2.1120788254426124e-29,0.21120788254426126
4,323,1000,80.75,0.3784458687514205,1.1638283174956318e-30,0.011638283174956318,0.14656333462214424,7.2174592780624201e-30,0.34172300726275739,2.1120788254426124e-29,0.21120788254426126
4,324,1000,81,0.37724224730871453,1.1597486223241041e-30,0.011597486223241041,0.14604957007492339,7.1972014820136773e-30,0.34076386711113466,2.1120788254426124e-29,0.21120788254426126
4,325,1000,81.25,0.37604543347505504,1.1557195465198329e-30,0.011557195465198329,0.14554218013051126,7.1770860174661156e-30,0.3398114658889243,2.1120788254426124e-29,0.21120788254426126
4,326,1000,81.5,0.37485539307753668,1.1517404670176362e-30,0.011517404670176363,0.14504108632500609,7.1571109902543186e-30,0.33886571391361103,2.1120788254426124e-29,0.21120788254426126
4,327,1000,81.75,0.37367209201679702,1.1478107681336569e-30,0.011478107681336568,0.1445462111240518,7.1372745101240259e-30,0.33792652168785986,2.1120788254426124e-29,0.21120788254426126
4,328,1000,82,0.37249549626995165,1.1439298414916427e-30,0.011439298414916428,0.14405747791355433,7.117574691071377e-30,0.33699379991557848,2.1120788254426124e-29,0.21120788254426126
4,329,1000,82.25,0.37132557189344201,1.1400970859494436e-30,0.011400970859494436,0.14357481099042516,7.0980096516712699e-30,0.33606745951746347,2.1120788254426124e-29,0.21120788254426126
4,330,1000,82.5,0.37016228502579912,1.1363119075257589e-30,0.01136311907525759,0.1430981355533566,7.078577515395157e-30,0.3351474116460475,2.1120788254426124e-29,0.21120788254426126
4,331,1000,82.75,0.36900560189032405,1.132573719327149e-30,0.01132573719327149,0.14262737769363001,7.0592764109185192e-30,0.33423356770025664,2.1120788254426124e-29,0.21120788254426126
4,332,1000,83,0.36785548879768687,1.1288819414753215e-30,0.011288819414753215,0.14216246438595906,7.0401044724181867e-30,0.33332583933948795,2.1120788254426124e-29,0.21120788254426126
4,333,1000,83.25,0.36671191214844634,1.1252360010347232e-30,0.011252360010347233,0.14170332347937098,7.021059839859838e-30,0.33242413849722147,2.1120788254426124e-29,0.21120788254426126
4,334,1000,83.5,0.36557483843549093,1.1216353319404388e-30,0.011216353319404388,0.14124988368812688,7.002140659275804e-30,0.33152837739417318,2.1120788254426124e-29,0.21120788254426126
4,335,1000,83.75,0.36444423424640437,1.1180793749264263e-30,0.011180793749264263,0.14080207458268409,6.9833450830334967e-30,0.33063846855100448,2.1120788254426124e-29,0.21120788254426126
4,336,1000,84,0.36332006626575536,1.1145675774540925e-30,0.011145675774540925,0.14035982658070181,6.9646712700946273e-30,0.32975432480059513,2.1120788254426124e-29,0.21120788254426126
4,337,1000,84.25,0.36220230127731462,1.111099393641227e-30,0.01111099393641227,0.13992307093809131,6.9461173862654218e-30,0.32887585929989033,2.1120788254426124e-29,0.21120788254426126
4,338,1000,84.5,0.36109090616619982,1.107674284191309e-30,0.01107674284191309,0.13949173974011359,6.9276816044380941e-30,0.32800298554133328,2.1120788254426124e-29,0.21120788254426126
4,339,1000,84.75,0.35998584792095073,1.1042917163231987e-30,0.011042917163231988,0.13906576589252517,6.9093621048237488e-30,0.32713561736389296,2.1120788254426124e-29,0.21120788254426126
4,340,1000,85,0.35888709363553511,1.1009511637012223e-30,0.011009511637012222,0.13864508311277363,6.8911570751769214e-30,0.32627366896369475,2.1120788254426124e-29,0.21120788254426126
4,341,1000,85.25,0.35779461051128764,1.0976521063656676e-30,0.010976521063656677,0.13822962592124474,6.873064711011993e-30,0.32541705490426742,2.1120788254426124e-29,0.21120788254426126
4,342,1000,85.5,0.35670836585878263,1.0943940306636938e-30,0.010943940306636939,0.13781932963256172,6.8550832158115904e-30,0.32456569012641007,2.1120788254426124e-29,0.21120788254426126
4,343,1000,85.75,0.35562832709964243,1.0911764291806707e-30,0.010911764291806708,0.13741413034693872,6.8372108012272781e-30,0.32371948995769395,2.1120788254426124e-29,0.21120788254426126
4,344,1000,86,0.35455446176828292,1.0879988006719574e-30,0.010879988006719575,0.13701396494158963,6.819445687272644e-30,0.32287837012160492,2.1120788254426124e-29,0.21120788254426126
4,345,1000,86.25,0.35348673751359722,1.0848606499951232e-30,0.010848606499951232,0.13661877106219231,6.8017861025090044e-30,0.32204224674633558,2.1120788254426124e-29,0.21120788254426126
4,346,1000,86.5,0.35242512210057853,1.0817614880426272e-30,0.010817614880426273,0.13622848711441096,6.7842302842238918e-30,0.32121103637323628,2.1120788254426124e-29,0.21120788254426126
4,347,1000,86.75,0.35136958341188429,1.0787008316749552e-30,0.010787008316749553,0.13584305225547594,6.7667764786025195e-30,0.32038465596493337,2.1120788254426124e-29,0.21120788254426126
4,348,1000,87,0.35032008944934284,1.0756782036542336e-30,0.010756782036542336,0.13546240638582349,6.7494229408924013e-30,0.31956302291312333,2.1120788254426124e-29,0.21120788254426126
4,349,1000,87.25,0.34927660833540292,1.0726931325783116e-30,0.010726931325783116,0.1350864901407946,6.7321679355612533e-30,0.31874605504604892,2.1120788254426124e-29,0.21120788254426126
4,350,1000,87.5,0.34823910831452809,1.069745152815333e-30,0.01069745152815333,0.13471524488239561,6.7150097364484192e-30,0.31793367063566885,2.1120788254426124e-29,0.21120788254426126
4,351,1000,87.75,0.34720755775453754,1.066833804438794e-30,0.010668338044387941,0.13434861269111975,6.6979466269099158e-30,0.31712578840452499,2.1120788254426124e-29,0.21120788254426126
4,352,1000,88,0.34618192514789309,1.063958633163093e-30,0.010639586331630931,0.13398653635783089,6.6809768999572923e-30,0.31632232753231693,2.1120788254426124e-29,0.21120788254426126
4,353,1000,88.25,0.34516217911293562,1.0611191902795862e-30,0.010611191902795861,0.1336289593757109,6.6640988583904703e-30,0.31552320766219155,2.1120788254426124e-29,0.21120788254426126
4,354,1000,88.5,0.34414828839507022,1.05831503259314e-30,0.010583150325931399,0.13327582593226947,6.6473108149246804e-30,0.31472834890675322,2.1120788254426124e-29,0.21120788254426126
4,355,1000,88.75,0.343140221867902,1.0555457223591958e-30,0.010555457223591958,0.13292708090141866,6.6306110923116873e-30,0.31393767185380311,2.1120788254426124e-29,0.21120788254426126
4,356,1000,89,0.342137948534324,1.0528108272213479e-30,0.010528108272213479,0.13258266983561179,6.6139980234554373e-30,0.31315109757181492,2.1120788254426124e-29,0.21120788254426126
4,357,1000,89.25,0.34114143752755771,1.0501099201494311e-30,0.010501099201494311,0.13224253895804688,6.5974699515222456e-30,0.31236854761515181,2.1120788254426124e-29,0.21120788254426126
4,358,1000,89.5,0.34015065811214745,1.0474425793781356e-30,0.010474425793781356,0.13190663515493622,6.5810252300457349e-30,0.31158994402903495,2.1120788254426124e-29,0.21120788254426126
4,359,1000,89.75,0.33916557968490973,1.0448083883461349e-30,0.01044808388346135,0.13157490596784055,6.5646622230265592e-30,0.3108152093542651,2.1120788254426124e-29,0.21120788254426126
4,360,1000,90,0.33818617177583865,1.0422069356357439e-30,0.010422069356357439,0.13124729958607009,6.5483793050271662e-30,0.31004426663170925,2.1120788254426124e-29,0.21120788254426126
4,361,1000,90.25,0.3372124040489683,1.0396378149131005e-30,0.010396378149131006,0.13092376483915166,6.5321748612616391e-30,0.30927703940655438,2.1120788254426124e-29,0.21120788254426126
4,362,1000,90.5,0.33624424630319316,1.037100624868876e-30,0.010371006248688761,0.13060425118936195,6.5160472876807889e-30,0.30851345173233624,2.1120788254426124e-29,0.21120788254426126
4,363,1000,90.75,0.33528166847304774,1.0345949691595136e-30,0.010345949691595135,0.13028870872432774,6.4999949910526254e-30,0.3077534281747496,2.1120788254426124e-29,0.21120788254426126
4,364,1000,91,0.33432464062944534,1.0321204563490008e-30,0.010321204563490009,0.12997708814969319,6.484016389038323e-30,0.30699689381524464,2.1120788254426124e-29,0.21120788254426126
4,365,1000,91.25,0.33337313298037885,1.0296766998511708e-30,0.010296766998511708,0.12966934078185358,6.4681099102637904e-30,0.30624377425441579,2.1120788254426124e-29,0.21120788254426126
4,366,1000,91.5,0.3324271158715828,1.0272633178725388e-30,0.010272633178725388,0.12936541854075667,6.4522739943869907e-30,0.30549399561518903,2.1120788254426124e-29,0.21120788254426126
4,367,1000,91.75,0.33148655978715769,1.0248799333556688e-30,0.010248799333556689,0.12906527394277084,6.4365070921611119e-30,0.30474748454581291,2.1120788254426124e-29,0.21120788254426126
4,368,1000,92,0.33055143535015913,1.0225261739230784e-30,0.010225261739230785,0.12876886009362074,6.4208076654937126e-30,0.30400416822265863,2.1120788254426124e-29,0.21120788254426126
4,369,1000,92.25,0.32962171332315016,1.020201671821672e-30,0.01020201671821672,0.12847613068138972,6.4051741875019112e-30,0.30326397435283348,2.1120788254426124e-29,0.21120788254426126
4,370,1000,92.5,0.3286973646087199,1.0179060638677117e-30,0.010179060638677118,0.12818703996958997,6.3896051425638186e-30,0.30252683117661566,2.1120788254426124e-29,0.21120788254426126
4,371,1000,92.75,0.32777836024996776,1.0156389913923176e-30,0.010156389913923177,0.12790154279029908,6.3740990263662068e-30,0.30179266746971128,2.1120788254426124e-29,0.21120788254426126
4,372,1000,93,0.32686467143095554,1.0134001001875046e-30,0.010134001001875045,0.1276195945373646,6.358654345948624e-30,0.30106141254534324,2.1120788254426124e-29,0.21120788254426126
4,373,1000,93.25,0.32595626947712586,1.0111890404527455e-30,0.010111890404527455,0.12734115115967434,6.3432696197439639e-30,0.30033299625617205,2.1120788254426124e-29,0.21120788254426126
4,374,1000,93.5,0.32505312585569085,1.0090054667420715e-30,0.010090054667420715,0.12706616915449484,6.3279433776156801e-30,0.29960734899605751,2.1120788254426124e-29,0.21120788254426126
4,375,1000,93.75,0.32415521217598936,1.0068490379116971e-30,0.010068490379116972,0.12679460556087555,6.3126741608916578e-30,0.29888440170166275,2.1120788254426124e-29,0.21120788254426126
4,376,1000,94,0.32326250018981428,1.0047194170681729e-30,0.01004719417068173,0.12652641795311964,6.2974605223948889e-30,0.29816408585390641,2.1120788254426124e-29,0.21120788254426126
4,377,1000,94.25,0.32237496179171138,1.0026162715170715e-30,0.010026162715170716,0.12626156443432193,6.2823010264710503e-30,0.29744633347926852,2.1120788254426124e-29,0.21120788254426126
4,378,1000,94.5,0.32149256901924894,1.0005392727121913e-30,0.010005392727121913,0.12600000362997194,6.2671942490130188e-30,0.29673107715095104,2.1120788254426124e-29,0.21120788254426126
4,379,1000,94.75,0.32061529405326039,9.9848809620528814e-31,0.0099848809620528816,0.12574169468162358,6.2521387774824798e-30,0.29601824998990112,2.1120788254426124e-29,0.21120788254426126
4,380,1000,95,0.31974310921806015,9.9646242159632584e-31,0.0099646242159632595,0.12548659724063008,6.2371332109286607e-30,0.29530778566569793,2.1120788254426124e-29,0.21120788254426126
4,381,1000,95.25,0.31887598698163244,9.9446193248425044e-31,0.0099446193248425054,0.12523467146194481,6.2221761600043311e-30,0.29459961839731036,2.1120788254426124e-29,0.21120788254426126
4,382,1000,95.5,0.31801389995579521,9.9248631641827695e-31,0.0099248631641827706,0.12498587799798679,6.2072662469790773e-30,0.29389368295372531,2.1120788254426124e-29,0.21120788254426126
4,383,1000,95.75,0.31715682089633901,9.905352648496932e-31,0.0099053526484969324,0.12474017799257128,6.1924021057499966e-30,0.29318991465445432,2.1120788254426124e-29,0.21120788254426126
4,384,1000,96,0.31630472270314131,9.8860847308417759e-31,0.0098860847308417758,0.12449753307490496,6.1775823818498672e-30,0.29248824936992007,2.1120788254426124e-29,0.21120788254426126
4,385,1000,96.25,0.3154575784202579,9.8670564023462572e-31,0.0098670564023462578,0.12425790535364536,6.162805732452861e-30,0.29178862352172713,2.1120788254426124e-29,0.21120788254426126
4,386,1000,96.5,0.31461536123599027,9.8482646917448494e-31,0.0098482646917448496,0.12402125741102414,6.1480708263778875e-30,0.29109097408282014,2.1120788254426124e-29,0.21120788254426126
4,387,1000,96.75,0.31377804448293156,9.8297066649159321e-31,0.0098297066649159319,0.12378755229703393,6.133376344089628e-30,0.29039523857753285,2.1120788254426124e-29,0.21120788254426126
4,388,1000,97,0.31294560163799012,9.8113794244252102e-31,0.0098113794244252105,0.12355675352367859,6.1187209776973586e-30,0.28970135508153227,2.1120788254426124e-29,0.21120788254426126
4,389,1000,97.25,0.31211800632239234,9.793280109074126e-31,0.0097932801090741262,0.12332882505928611,6.1041034309515891e-30,0.28900926222165968,2.1120788254426124e-29,0.21120788254426126
4,390,1000,97.5,0.31129523230166439,9.7754058934532161e-31,0.0097754058934532168,0.12310373132288407,6.0895224192386324e-30,0.28831889917567338,2.1120788254426124e-29,0.21120788254426126
4,391,1000,97.75,0.31047725348559413,9.7577539875004276e-31,0.0097577539875004279,0.12288143717863742,6.074976669573134e-30,0.28763020567189518,2.1120788254426124e-29,0.21120788254426126
4,392,1000,98,0.30966404392817365,9.7403216360643123e-31,0.009740321636064312,0.12266190793034761,6.0604649205886457e-30,0.28694312198876382,2.1120788254426124e-29,0.21120788254426126
4,393,1000,98.25,0.30885557782752221,9.7231061184720852e-31,0.009723106118472085,0.1224451093160131,6.0459859225262895e-30,0.28625758895429854,2.1120788254426124e-29,0.21120788254426126
4,394,1000,98.5,0.30805182952579208,9.7061047481025718e-31,0.0097061047481025713,0.12223100750245147,6.0315384372216213e-30,0.28557354794547674,2.1120788254426124e-29,0.21120788254426126
4,395,1000,98.75,0.3072527735090545,9.6893148719638689e-31,0.0096893148719638684,0.12201956907998068,6.0171212380896601e-30,0.2848909408875257,2.1120788254426124e-29,0.21120788254426126
4,396,1000,99,0.30645838440717021,9.6727338702758701e-31,0.0096727338702758698,0.12181076105716183,6.0027331101082595e-30,0.28420971025313468,2.1120788254426124e-29,0.21120788254426126
4,397,1000,99.25,0.30566863699364144,9.6563591560574426e-31,0.0096563591560574428,0.12160455085560036,5.988372849799762e-30,0.28352979906158682,2.1120788254426124e-29,0.21120788254426126
4,398,1000,99.5,0.30488350618544874,9.6401881747183806e-31,0.0096401881747183813,0.12140090630480738,5.9740392652111088e-30,0.28285115087781698,2.1120788254426124e-29,0.21120788254426126
4,399,1000,99.75,0.30410296704287088,9.6242184036559633e-31,0.0096242184036559632,0.12119979563711915,5.9597311758923376e-30,0.28217370981139406,2.1120788254426124e-29,0.21120788254426126
4,400,1000,100,0.30332699476928959,9.6084473518561708e-31,0.0096084473518561718,0.12100118748267503,5.9454474128736217e-30,0.28149742051543358,2.1120788254426124e-29,0.21120788254426126
4,401,1000,100.25,0.30255556471097966,9.5928725594994932e-31,0.0095928725594994942,0.12080505086445335,5.9311868186408495e-30,0.28082222818544167,2.1120788254426124e-29,0.21120788254426126
4,402,1000,100.5,0.30178865235688362,9.5774915975712944e-31,0.009577491597571295,0.12061135519336469,5.9169482471098085e-30,0.28014807855809254,2.1120788254426124e-29,0.21120788254426126
4,403,1000,100.75,0.30102623333837314,9.5623020674767e-31,0.0095623020674766995,0.12042007026340203,5.9027305635990288e-30,0.27947491790994294,2.1120788254426124e-29,0.21120788254426126
4,404,1000,101,0.30026828342899592,9.5473016006599439e-31,0.0095473016006599448,0.12023116624684713,5.8885326448013035e-30,0.27880269305608363,2.1120788254426124e-29,0.21120788254426126
4,405,1000,101.25,0.29951477854420983,9.5324878582282188e-31,0.0095324878582282186,0.12004461368953359,5.8743533787539957e-30,0.27813135134873346,2.1120788254426124e-29,0.21120788254426126
4,406,1000,101.5,0.29876569474110382,9.5178585305798597e-31,0.0095178585305798601,0.11986038350616451,5.8601916648080919e-30,0.27746084067577431,2.1120788254426124e-29,0.21120788254426126
4,407,1000,101.75,0.29802100821810618,9.5034113370369653e-31,0.0095034113370369658,0.119678446975686,5.8460464135961278e-30,0.27679110945923224,2.1120788254426124e-29,0.21120788254426126
4,408,1000,102,0.29728069531468154,9.4891440254823197e-31,0.0094891440254823208,0.1194987757367148,5.8319165469989822e-30,0.27612210665370557,2.1120788254426124e-29,0.21120788254426126
4,409,1000,102.25,0.29654473251101482,9.4750543720006042e-31,0.009475054372000604,0.11932134178302013,5.817800998111573e-30,0.27545378174474056,2.1120788254426124e-29,0.21120788254426126
4,410,1000,102.5,0.29581309642768489,9.4611401805238947e-31,0.0094611401805238943,0.1191461174590592,5.8036987112075523e-30,0.27478608474715971,2.1120788254426124e-29,0.21120788254426126
4,411,1000,102.75,0.29508576382532664,9.4473992824813446e-31,0.0094473992824813443,0.11897307545556571,5.789608641702967e-30,0.27411896620334153,2.1120788254426124e-29,0.21120788254426126
4,412,1000,103,0.2943627116042829,9.4338295364530653e-31,0.0094338295364530655,0.11880218880519104,5.7755297561189762e-30,0.27345237718145493,2.1120788254426124e-29,0.21120788254426126
4,413,1000,103.25,0.2936439168042454,9.4204288278281624e-31,0.0094204288278281634,0.11863343087819783,5.7614610320436571e-30,0.27278626927365135,2.1120788254426124e-29,0.21120788254426126
4,414,1000,103.5,0.29292935660388636,9.4071950684668301e-31,0.0094071950684668296,0.11846677537820471,5.7474014580928936e-30,0.27212059459421234,2.1120788254426124e-29,0.21120788254426126
4,415,1000,103.75,0.29221900832048031,9.3941261963665686e-31,0.009394126196366568,0.11830219633798285,5.7333500338704544e-30,0.27145530577766003,2.1120788254426124e-29,0.21120788254426126
4,416,1000,104,0.29151284940951644,9.3812201753323697e-31,0.0093812201753323693,0.11813966811530253,5.7193057699272192e-30,0.27079035597682616,2.1120788254426124e-29,0.21120788254426126
4,417,1000,104.25,0.29081085746430241,9.3684749946509407e-31,0.0093684749946509414,0.11797916538883069,5.7052676877196561e-30,0.27012569886088633,2.1120788254426124e-29,0.21120788254426126
4,418,1000,104.5,0.29011301021555885,9.355888668768832e-31,0.0093558886687688317,0.11782066315407734,5.6912348195675201e-30,0.26946128861335705,2.1120788254426124e-29,0.21120788254426126
4,419,1000,104.75,0.2894192855310061,9.343459236974501e-31,0.0093434592369745009,0.11766413671939188,5.6772062086108591e-30,0.26879707993006036,2.1120788254426124e-29,0.21120788254426126
4,420,1000,105,0.28872966141494266,9.331184763084252e-31,0.0093311847630842531,0.11750956170200801,5.6631809087663212e-30,0.26813302801705474,2.1120788254426124e-29,0.21120788254426126
4,421,1000,105.25,0.28804411600781599,9.3190633351319759e-31,0.0093190633351319767,0.11735691402413655,5.6491579846828115e-30,0.26746908858853602,2.1120788254426124e-29,0.21120788254426126
4,422,1000,105.5,0.28736262758578551,9.3070930650627202e-31,0.0093070930650627198,0.11720616990910651,5.6351365116965253e-30,0.2668052178647079,2.1120788254426124e-29,0.21120788254426126
4,423,1000,105.75,0.28668517456027903,9.2952720884299919e-31,0.0092952720884299928,0.1170573058775532,5.6211155757853725e-30,0.2661413725696245,2.1120788254426124e-29,0.21120788254426126
4,424,1000,106,0.28601173547754161,9.2835985640967842e-31,0.0092835985640967837,0.11691029874365312,5.6070942735228514e-30,0.26547750992900632,2.1120788254426124e-29,0.21120788254426126
4,425,1000,106.25,0.28534228901817804,9.2720706739402912e-31,0.009272070673940291,0.11676512561140549,5.593071712031366e-30,0.26481358766802976,2.1120788254426124e-29,0.21120788254426126
4,426,1000,106.5,0.28467681399668932,9.2606866225602341e-31,0.0092606866225602349,0.11662176387095899,5.5790470089350235e-30,0.26414956400909256,2.1120788254426124e-29,0.21120788254426126
4,427,1000,106.75,0.28401528936100212,9.249444636990834e-31,0.0092494446369908341,0.11648019119498468,5.5650192923119659e-30,0.26348539766955653,2.1120788254426124e-29,0.21120788254426126
4,428,1000,107,0.28335769419199308,9.2383429664163142e-31,0.0092383429664163151,0.11634038553509324,5.550987700646206e-30,0.26282104785946742,2.1120788254426124e-29,0.21120788254426126
4,429,1000,107.25,0.2827040077030073,9.2273798818899316e-31,0.0092273798818899317,0.11620232511829667,5.5369513827790344e-30,0.26215647427925409,2.1120788254426124e-29,0.21120788254426126
4,430,1000,107.5,0.28205420923937141,9.2165536760565316e-31,0.0092165536760565325,0.11606598844351433,5.5229094978600193e-30,0.26149163711740847,2.1120788254426124e-29,0.21120788254426126
4,431,1000,107.75,0.2814082782779011,9.2058626628785085e-31,0.0092058626628785094,0.11593135427812196,5.5088612152975918e-30,0.26082649704814598,2.1120788254426124e-29,0.21120788254426126
4,432,1000,108,0.28076619442640421,9.1953051773652218e-31,0.0091953051773652223,0.11579840165454411,5.4948057147092739e-30,0.260161015229049,2.1120788254426124e-29,0.21120788254426126
4,433,1000,108.25,0.28012793742317915,9.1848795753057599e-31,0.0091848795753057596,0.11566710986688884,5.4807421858715382e-30,0.25949515329869283,2.1120788254426124e-29,0.21120788254426126
4,434,1000,108.5,0.2794934871365079,9.1745842330050596e-31,0.0091745842330050592,0.11553745846762456,5.4666698286693543e-30,0.25882887337425703,2.1120788254426124e-29,0.21120788254426126
4,435,1000,108.75,0.27886282356414605,9.1644175470233473e-31,0.0091644175470233478,0.11540942726429877,5.4525878530454206e-30,0.25816213804912147,2.1120788254426124e-29,0.21120788254426126
4,436,1000,109,0.27823592683280751,9.1543779339187969e-31,0.0091543779339187965,0.11528299631629732,5.4384954789490859e-30,0.2574949103904482,2.1120788254426124e-29,0.21120788254426126
4,437,1000,109.25,0.27761277719764615,9.1444638299934857e-31,0.0091444638299934856,0.11515814593164515,5.4243919362850292e-30,0.25682715393675137,2.1120788254426124e-29,0.21120788254426126
4,438,1000,109.5,0.27699335504173334,9.1346736910424984e-31,0.0091346736910424987,0.11503485666384675,5.4102764648616667e-30,0.2561588326954547,2.1120788254426124e-29,0.21120788254426126
4,439,1000,109.75,0.27637764087553213,9.1250059921062054e-31,0.0091250059921062065,0.11491310930876648,5.3961483143393255e-30,0.25548991114043745,2.1120788254426124e-29,0.21120788254426126
4,440,1000,110,0.27576561533636779,9.1154592272256773e-31,0.0091154592272256769,0.11479288490154854,5.3820067441782026e-30,0.25482035420957055,2.1120788254426124e-29,0.21120788254426126
4,441,1000,110.25,0.27515725918789602,9.1060319092011688e-31,0.0091060319092011698,0.1146741647135754,5.3678510235861215e-30,0.25415012730224318,2.1120788254426124e-29,0.21120788254426126
4,442,1000,110.5,0.27455255331956696,9.0967225693536794e-31,0.0090967225693536803,0.11455693024946519,5.353680431466107e-30,0.25347919627688026,2.1120788254426124e-29,0.21120788254426126
4,443,1000,110.75,0.27395147874608766,9.0875297572895172e-31,0.009087529757289518,0.11444116324410675,5.3394942563637856e-30,0.25280752744845247,2.1120788254426124e-29,0.21120788254426126
4,444,1000,111,0.27335401660688097,9.0784520406678556e-31,0.0090784520406678552,0.1143268456597324,5.3252917964146385e-30,0.25213508758597858,2.1120788254426124e-29,0.21120788254426126
4,445,1000,111.25,0.27276014816554267,9.0694880049712337e-31,0.009069488004971234,0.11421395968302787,5.3110723592911033e-30,0.2514618439100208,2.1120788254426124e-29,0.21120788254426126
4,446,1000,111.5,0.27216985480929562,9.0606362532789819e-31,0.0090606362532789815,0.11410248772227895,5.29683526214957e-30,0.25078776409017556,2.1120788254426124e-29,0.21120788254426126
4,447,1000,111.75,0.27158311804844237,9.051895406043538e-31,0.0090518954060435381,0.11399241240455459,5.2825798315772569e-30,0.25011281624255793,2.1120788254426124e-29,0.21120788254426126
4,448,1000,112,0.2709999195158157,9.0432641008695888e-31,0.0090432641008695892,0.11388371657292561,5.2683054035389848e-30,0.24943696892728168,2.1120788254426124e-29,0.21120788254426126
4,449,1000,112.25,0.27042024096622674,9.0347409922960505e-31,0.0090347409922960503,0.11377638328371914,5.2540113233238774e-30,0.24876019114593576,2.1120788254426124e-29,0.21120788254426126
4,450,1000,112.5,0.26984406427591212,9.0263247515808257e-31,0.0090263247515808259,0.11367039580380799,5.2396969454919862e-30,0.24808245233905712,2.1120788254426124e-29,0.21120788254426126
4,451,1000,112.75,0.26927137144197921,9.0180140664882969e-31,0.0090180140664882971,0.11356573760793451,5.2253616338208528e-30,0.24740372238360059,2.1120788254426124e-29,0.21120788254426126
4,452,1000,113,0.26870214458184988,9.0098076410795746e-31,0.0090098076410795747,0.11346239237606918,5.2110047612520334e-30,0.24672397159040702,2.1120788254426124e-29,0.21120788254426126
4,453,1000,113.25,0.2681363659327034,9.0017041955053923e-31,0.0090017041955053924,0.11336034399080246,5.196625709837587e-30,0.24604317070166967,2.1120788254426124e-29,0.21120788254426126
4,454,1000,113.5,0.26757401785091744,8.9937024658016749e-31,0.0089937024658016743,0.11325957653477033,5.1822238706865268e-30,0.24536129088839889,2.1120788254426124e-29,0.21120788254426126
4,455,1000,113.75,0.26701508281150882,8.9858012036877302e-31,0.0089858012036877297,0.11316007428811291,5.1677986439112732e-30,0.24467830374788671,2.1120788254426124e-29,0.21120788254426126
4,456,1000,114,0.266459543407573,8.9779991763670358e-31,0.008977999176367036,0.11306182172596571,5.1533494385741e-30,0.24399418130117143,2.1120788254426124e-29,0.21120788254426126
4,457,1000,114.25,0.26590738234972272,8.970295166330559e-31,0.0089702951663305601,0.1129648035159828,5.1388756726335816e-30,0.24330889599050198,2.1120788254426124e-29,0.21120788254426126
4,458,1000,114.5,0.26535858246552613,8.9626879711626567e-31,0.0089626879711626577,0.11286900451589245,5.1243767728910649e-30,0.24262242067680348,2.1120788254426124e-29,0.21120788254426126
4,459,1000,114.75,0.26481312669894441,8.9551764033494175e-31,0.0089551764033494186,0.11277440977108355,5.1098521749371618e-30,0.24193472863714396,2.1120788254426124e-29,0.21120788254426126
4,460,1000,115,0.26427099810976884,8.947759290089527e-31,0.0089477592900895266,0.11268100451222381,5.0953013230982851e-30,0.24124579356220294,2.1120788254426124e-29,0.21120788254426126
4,461,1000,115.25,0.2637321798730573,8.9404354731075132e-31,0.0089404354731075133,0.11258877415290793,5.0807236703832056e-30,0.24055558955374104,2.1120788254426124e-29,0.21120788254426126
4,462,1000,115.5,0.26319665527857156,8.933203808469472e-31,0.0089332038084694726,0.11249770428733694,5.0661186784297049e-30,0.23986409112207432,2.1120788254426124e-29,0.21120788254426126
4,463,1000,115.75,0.26266440773021266,8.9260631664010969e-31,0.0089260631664010975,0.11240778068802668,5.0514858174512316e-30,0.23917127318354844,2.1120788254426124e-29,0.21120788254426126
4,464,1000,116,0.26213542074545859,8.9190124311081353e-31,0.0089190124311081358,0.11231898930354668,5.0368245661836866e-30,0.23847711105801922,2.1120788254426124e-29,0.21120788254426126
4,465,1000,116.25,0.26160967795479984,8.9120505005991086e-31,0.0089120505005991085,0.11223131625628777,5.0221344118322369e-30,0.23778158046633444,2.1120788254426124e-29,0.21120788254426126
4,466,1000,116.5,0.26108716310117647,8.9051762865103413e-31,0.0089051762865103423,0.11214474784025848,5.0074148500182259e-30,0.23708465752782024,2.1120788254426124e-29,0.21120788254426126
4,467,1000,116.75,0.26056786003941512,8.89838871393328e-31,0.0088983887139332807,0.11205927051891056,4.9926653847261913e-30,0.2363863187577725,2.1120788254426124e-29,0.21120788254426126
4,468,1000,117,0.26005175273566628,8.8916867212440294e-31,0.0088916867212440291,0.11197487092299219,4.9778855282509593e-30,0.23568654106495204,2.1120788254426124e-29,0.21120788254426126
4,469,1000,117.25,0.25953882526684191,8.8850692599350899e-31,0.0088850692599350897,0.11189153584842911,4.9630748011448487e-30,0.2349853017490848,2.1120788254426124e-29,0.21120788254426126
4,470,1000,117.5,0.25902906182005425,8.8785352944493045e-31,0.0088785352944493051,0.11180925225423341,4.9482327321649893e-30,0.23428257849836762,2.1120788254426124e-29,0.21120788254426126
4,471,1000,117.75,0.25852244669205399,8.8720838020159396e-31,0.0088720838020159391,0.1117280072604393,4.9333588582207471e-30,0.23357834938697897,2.1120788254426124e-29,0.21120788254426126
4,472,1000,118,0.25801896428867049,8.8657137724888955e-31,0.0088657137724888965,0.11164778814606562,4.9184527243212776e-30,0.23287259287259576,2.1120788254426124e-29,0.21120788254426126
4,473,1000,118.25,0.25751859912425207,8.8594242081870534e-31,0.0088594242081870538,0.11156858234710534,4.9035138835232132e-30,0.23216528779391654,2.1120788254426124e-29,0.21120788254426126
4,474,1000,118.5,0.25702133582110692,8.8532141237366359e-31,0.0088532141237366354,0.11149037745454035,4.8885418968784526e-30,0.2314564133681894,2.1120788254426124e-29,0.21120788254426126
4,475,1000,118.75,0.25652715910894575,8.8470825459156845e-31,0.0088470825459156851,0.11141316121238296,4.873536333382133e-30,0.2307459491887488,2.1120788254426124e-29,0.21120788254426126
4,476,1000,119,0.25603605382432454,8.8410285135005204e-31,0.0088410285135005207,0.11133692151574227,4.8584967699207064e-30,0.230033875222557,2.1120788254426124e-29,0.21120788254426126
4,477,1000,119.25,0.255548004910089,8.8350510771142017e-31,0.0088350510771142022,0.11126164640891589,4.8434227912201737e-30,0.22932017180775316,2.1120788254426124e-29,0.21120788254426126
4,478,1000,119.5,0.25506299741481986,8.8291492990769992e-31,0.008829149299076999,0.1111873240835068,4.8283139897944876e-30,0.22860481965121043,2.1120788254426124e-29,0.21120788254426126
4,479,1000,119.75,0.25458101649227927,8.8233222532587697e-31,0.0088233222532587696,0.11111394287656441,4.8131699658940861e-30,0.22788779982609911,2.1120788254426124e-29,0.21120788254426126
4,480,1000,120,0.25410204740085879,8.8175690249332805e-31,0.0088175690249332802,0.11104149126874989,4.7979903274545953e-30,0.22716909376945799,2.1120788254426124e-29,0.21120788254426126
4,481,1000,120.25,0.25362607550302857,8.8118887106344416e-31,0.0088118887106344423,0.11096995788252578,4.7827746900457044e-30,0.22644868327977363,2.1120788254426124e-29,0.21120788254426126
4,482,1000,120.5,0.25315308626478755,8.8062804180143907e-31,0.0088062804180143901,0.11089933148036879,4.7675226768201957e-30,0.22572655051456719,2.1120788254426124e-29,0.21120788254426126
4,483,1000,120.75,0.25268306525511586,8.8007432657034528e-31,0.0088007432657034538,0.11082960096300622,4.7522339184631545e-30,0.22500267798798962,2.1120788254426124e-29,0.21120788254426126
4,484,1000,121,0.25221599814542761,8.7952763831719216e-31,0.0087952763831719225,0.11076075536767538,4.7369080531413443e-30,0.22427704856842481,2.1120788254426124e-29,0.21120788254426126
4,485,1000,121.25,0.2517518707090266,8.7898789105936373e-31,0.0087898789105936379,0.11069278386640558,4.7215447264527683e-30,0.22354964547610148,2.1120788254426124e-29,0.21120788254426126
4,486,1000,121.5,0.25129066882056234,8.7845499987113713e-31,0.0087845499987113714,0.11062567576432286,4.7061435913764094e-30,0.22282045228071345,2.1120788254426124e-29,0.21120788254426126
4,487,1000,121.75,0.2508323784554885,8.7792888087039428e-31,0.0087792888087039438,0.11055942049797664,4.6907043082221477e-30,0.2220894528990485,2.1120788254426124e-29,0.21120788254426126
4,488,1000,122,0.2503769856895231,8.7740945120551078e-31,0.008774094512055108,0.11049400763368854,4.6752265445808776e-30,0.22135663159262656,2.1120788254426124e-29,0.21120788254426126
4,489,1000,122.25,0.24992447669810947,8.7689662904241267e-31,0.008768966290424127,0.11042942686592244,4.6597099752747932e-30,0.22062197296534578,2.1120788254426124e-29,0.21120788254426126
4,490,1000,122.5,0.24947483775588061,8.7639033355180534e-31,0.0087639033355180543,0.11036566801567618,4.6441542823078893e-30,0.21988546196113912,2.1120788254426124e-29,0.21120788254426126
4,491,1000,122.75,0.24902805523612409,8.7589048489656987e-31,0.0087589048489656995,0.11030272102889435,4.6285591548166448e-30,0.21914708386163914,2.1120788254426124e-29,0.21120788254426126
4,492,1000,123,0.24858411561024873,8.753970042193206e-31,0.0087539700421932071,0.11024057597490144,4.6129242890208832e-30,0.21840682428385161,2.1120788254426124e-29,0.21120788254426126
4,493,1000,123.25,0.24814300544725498,8.7490981363013269e-31,0.0087490981363013264,0.11017922304485626,4.5972493881748785e-30,0.21766466917784036,2.1120788254426124e-29,0.21120788254426126
4,494,1000,123.5,0.24770471141320458,8.744288361944218e-31,0.0087442883619442188,0.11011865255022568,4.5815341625186028e-30,0.21692060482441913,2.1120788254426124e-29,0.21120788254426126
4,495,1000,123.75,0.24726922027069481,8.7395399592099221e-31,0.0087395399592099226,0.11005885492127944,4.5657783292292321e-30,0.21617461783285558,2.1120788254426124e-29,0.21120788254426126
4,496,1000,124,0.24683651887833302,8.7348521775023282e-31,0.0087348521775023284,0.1099998207056037,4.549981612372812e-30,0.21542669513858256,2.1120788254426124e-29,0.21120788254426126
4,497,1000,124.25,0.2464065941902138,8.7302242754247484e-31,0.008730224275424749,0.10994154056663488,4.5341437428561471e-30,0.21467682400092056,2.1120788254426124e-29,0.21120788254426126
4,498,1000,124.5,0.24597943325539876,8.7256555206649844e-31,0.0087256555206649839,0.10988400528221229,4.518264458378908e-30,0.21392499200080989,2.1120788254426124e-29,0.21120788254426126
4,499,1000,124.75,0.24555502321739736,8.7211451898819073e-31,0.0087211451898819067,0.10982720574314976,4.5023435033859141e-30,0.21317118703855156,2.1120788254426124e-29,0.21120788254426126
4,500,1000,125,0.2451333513136513,8.7166925685935474e-31,0.0087166925685935471,0.1097711329518264,4.4863806290196665e-30,0.21241539733155979,2.1120788254426124e-29,0.21120788254426126
4,501,1000,125.25,0.24471440487501958,8.7122969510666323e-31,0.008712296951066633,0.10971577802079546,4.4703755930730608e-30,0.21165761141212322,2.1120788254426124e-29,0.21120788254426126
4,502,1000,125.5,0.24429817132526727,8.7079576402075739e-31,0.008707957640207575,0.10966113217141157,4.4543281599423144e-30,0.210897818125176,2.1120788254426124e-29,0.21120788254426126
4,503,1000,125.75,0.24388463818055539,8.7036739474549053e-31,0.0087036739474549048,0.10960718673247614,4.4382381005801255e-30,0.21013600662608023,2.1120788254426124e-29,0.21120788254426126
4,504,1000,126,0.24347379304893391,8.6994451926731304e-31,0.008699445192673131,0.10955393313890061,4.4221051924490288e-30,0.20937216637841732,2.1120788254426124e-29,0.21120788254426126
4,505,1000,126.25,0.24306562362983655,8.6952707040479437e-31,0.0086952707040479447,0.10950136293038684,4.4059292194749709e-30,0.20860628715179005,2.1120788254426124e-29,0.21120788254426126
4,506,1000,126.5,0.24266011771357823,8.6911498179828669e-31,0.0086911498179828676,0.10944946775012562,4.3897099720011016e-30,0.20783835901963474,2.1120788254426124e-29,0.21120788254426126
4,507,1000,126.75,0.24225726318085467,8.6870818789971977e-31,0.0086870818789971972,0.10939823934351131,4.3734472467417707e-30,0.20706837235704309,2.1120788254426124e-29,0.21120788254426126
4,508,1000,127,0.24185704800224442,8.6830662396253439e-31,0.0086830662396253436,0.10934766955687428,4.3571408467367585e-30,0.20629631783859512,2.1120788254426124e-29,0.21120788254426126
4,509,1000,127.25,0.24145946023771384,8.6791022603174681e-31,0.0086791022603174683,0.10929775033622964,4.3407905813057191e-30,0.20552218643620238,2.1120788254426124e-29,0.21120788254426126
4,510,1000,127.5,0.24106448803612335,8.6751893093414191e-31,0.0086751893093414186,0.10924847372604225,4.324396266002815e-30,0.2047459694169598,2.1120788254426124e-29,0.21120788254426126
4,511,1000,127.75,0.24067211963473756,8.6713267626859832e-31,0.0086713267626859838,0.10919983186800838,4.3079577225716135e-30,0.20396765834101041,2.1120788254426124e-29,0.21120788254426126
4,512,1000,128,0.2402823433587368,8.667514003965396e-31,0.0086675140039653969,0.10915181699985313,4.2914747789001581e-30,0.20318724505941799,2.1120788254426124e-29,0.21120788254426126
4,513,1000,128.25,0.23989514762073164,8.6637504243251124e-31,0.0086637504243251128,0.10910442145414387,4.2749472689762897e-30,0.20240472171205171,2.1120788254426124e-29,0.21120788254426126
4,514,1000,128.5,0.23951052092027997,8.6600354223488174e-31,0.0086600354223488173,0.10905763765711914,4.2583750328431689e-30,0.20162008072548018,2.1120788254426124e-29,0.21120788254426126
4,515,1000,128.75,0.239128451843406,8.6563684039666509e-31,0.0086563684039666512,0.10901145812753288,4.2417579165550054e-30,0.2008333148108756,2.1120788254426124e-29,0.21120788254426126
4,516,1000,129,0.23874892906212317,8.6527487823646794e-31,0.00865274878236468,0.10896587547551451,4.225095772133051e-30,0.2000444169619299,2.1120788254426124e-29,0.21120788254426126
4,517,1000,129.25,0.23837194133395787,8.6491759778955059e-31,0.0086491759778955062,0.10892088240144308,4.2083884575217443e-30,0.19925338045277852,2.1120788254426124e-29,0.21120788254426126
4,518,1000,129.5,0.23799747750147726,8.6456494179901034e-31,0.0086456494179901044,0.10887647169483709,4.1916358365451323e-30,0.19846019883593705,2.1120788254426124e-29,0.21120788254426126
4,519,1000,129.75,0.23762552649181878,8.642168537070786e-31,0.0086421685370707858,0.1088326362332584,4.1748377788634764e-30,0.19766486594024668,2.1120788254426124e-29,0.21120788254426126
4,520,1000,130,0.23725607731622256,8.6387327764653385e-31,0.0086387327764653379,0.10878936898123094,4.1579941599300817e-30,0.19686737586883019,2.1120788254426124e-29,0.21120788254426126
4,521,1000,130.25,0.23688911906956661,8.6353415843222697e-31,0.0086353415843222706,0.10874666298917345,4.1411048609483518e-30,0.19606772299705869,2.1120788254426124e-29,0.21120788254426126
4,522,1000,130.5,0.23652464092990444,8.6319944155271917e-31,0.0086319944155271913,0.10870451139234638,4.1241697688290524e-30,0.19526590197052807,2.1120788254426124e-29,0.21120788254426126
4,523,1000,130.75,0.23616263215800537,8.6286907316202936e-31,0.0086286907316202935,0.10866290740981274,4.1071887761477855e-30,0.19446190770304575,2.1120788254426124e-29,0.21120788254426126
4,524,1000,131,0.2358030820968976,8.6254300007149214e-31,0.0086254300007149211,0.10862184434341261,4.090161781102705e-30,0.19365573537462838,2.1120788254426124e-29,0.21120788254426126
4,525,1000,131.25,0.23544598017141388,8.6222116974172111e-31,0.0086222116974172119,0.10858131557675114,4.0730886874724109e-30,0.19284738042950855,2.1120788254426124e-29,0.21120788254426126
4,526,1000,131.5,0.23509131588773954,8.6190353027467809e-31,0.0086190353027467814,0.10854131457419984,4.0559694045740831e-30,0.19203683857415238,2.1120788254426124e-29,0.21120788254426126
4,527,1000,131.75,0.23473907883296427,8.6159003040585054e-31,0.0086159003040585051,0.10850183487991139,4.0388038472218328e-30,0.19122410577528759,2.1120788254426124e-29,0.21120788254426126
4,528,1000,132,0.234389258674635,8.6128061949652828e-31,0.0086128061949652824,0.10846287011684708,4.0215919356852394e-30,0.19040917825794049,2.1120788254426124e-29,0.21120788254426126
4,529,1000,132.25,0.23404184516031293,8.6097524752618343e-31,0.0086097524752618351,0.10842441398581722,4.0043335956481337e-30,0.18959205250348438,2.1120788254426124e-29,0.21120788254426126
4,530,1000,132.5,0.23369682811713255,8.6067386508495316e-31,0.0086067386508495314,0.10838646026453441,3.987028758167573e-30,0.1887727252476972,2.1120788254426124e-29,0.21120788254426126
4,531,1000,132.75,0.2333541974513634,8.6037642336621748e-31,0.0086037642336621745,0.1083490028066789,3.9696773596330314e-30,0.18795119347882938,2.1120788254426124e-29,0.21120788254426126
4,532,1000,133,0.23301394314797494,8.600828741592803e-31,0.0086008287415928024,0.10831203554097688,3.9522793417258105e-30,0.18712745443568193,2.1120788254426124e-29,0.21120788254426126
4,533,1000,133.25,0.23267605527020355,8.5979316984214136e-31,0.0085979316984214141,0.10827555247029023,3.9348346513786309e-30,0.18630150560569336,2.1120788254426124e-29,0.21120788254426126
4,534,1000,133.5,0.23234052395912277,8.5950726337436975e-31,0.0085950726337436969,0.1082395476707191,3.9173432407354797e-30,0.18547334472303853,2.1120788254426124e-29,0.21120788254426126
4,535,1000,133.75,0.23200733943321647,8.5922510829006777e-31,0.008592251082900678,0.10820401529071576,3.8998050671116258e-30,0.18464296976673553,2.1120788254426124e-29,0.21120788254426126
4,536,1000,134,0.23167649198795365,8.5894665869092775e-31,0.0085894665869092786,0.10816894955021034,3.8822200929538552e-30,0.18381037895876295,2.1120788254426124e-29,0.21120788254426126
4,537,1000,134.25,0.23134797199536758,8.5867186923938382e-31,0.0085867186923938386,0.10813434473974833,3.8645882858009237e-30,0.1829755707621874,2.1120788254426124e-29,0.21120788254426126
4,538,1000,134.5,0.23102176990363629,8.5840069515185161e-31,0.0085840069515185167,0.10810019521963923,3.8469096182441962e-30,0.18213854387929998,2.1120788254426124e-29,0.21120788254426126
4,539,1000,134.75,0.23069787623666657,8.5813309219205587e-31,0.0085813309219205589,0.10806649541911641,3.8291840678884998e-30,0.18129929724976276,2.1120788254426124e-29,0.21120788254426126
4,540,1000,135,0.23037628159368093,8.5786901666445409e-31,0.0085786901666445418,0.10803323983550876,3.8114116173131982e-30,0.18045783004876578,2.1120788254426124e-29,0.21120788254426126
4,541,1000,135.25,0.2300569766488062,8.5760842540773582e-31,0.0085760842540773593,0.10800042303342219,3.7935922540334198e-30,0.17961414168519138,2.1120788254426124e-29,0.21120788254426126
4,542,1000,135.5,0.22973995215066623,8.5735127578841753e-31,0.0085735127578841757,0.10796803964393292,3.7757259704615448e-30,0.17876823179979062,2.1120788254426124e-29,0.21120788254426126
4,543,1000,135.75,0.22942519892197666,8.5709752569451942e-31,0.0085709752569451941,0.10793608436379125,3.7578127638688513e-30,0.17792010026336752,2.1120788254426124e-29,0.21120788254426126
4,544,1000,136,0.2291127078591422,8.5684713352932299e-31,0.0085684713352932301,0.10790455195463539,3.7398526363473812e-30,0.17706974717497337,2.1120788254426124e-29,0.21120788254426126
4,545,1000,136.25,0.22880246993185768,8.5660005820521619e-31,0.0085660005820521624,0.10787343724221642,3.721845594772e-30,0.17621717286011052,2.1120788254426124e-29,0.21120788254426126
4,546,1000,136.5,0.22849447618271049,8.5635625913761757e-31,0.0085635625913761757,0.10784273511563307,3.7037916507626398e-30,0.17536237786894454,2.1120788254426124e-29,0.21120788254426126
4,547,1000,136.75,0.22818871772678709,8.5611569623898009e-31,0.0085611569623898019,0.10781244052657672,3.6856908206467691e-30,0.17450536297452757,2.1120788254426124e-29,0.21120788254426126
4,548,1000,137,0.22788518575128133,8.5587832991287786e-31,0.0085587832991287794,0.10778254848858661,3.6675431254220159e-30,0.17364612917102829,2.1120788254426124e-29,0.21120788254426126
4,549,1000,137.25,0.22758387151510601,8.5564412104816778e-31,0.0085564412104816787,0.10775305407631466,3.6493485907190245e-30,0.17278467767197364,2.1120788254426124e-29,0.21120788254426126
4,550,1000,137.5,0.22728476634850711,8.5541303101323055e-31,0.0085541303101323053,0.10772395242480026,3.631107246764481e-30,0.17192100990849796,2.1120788254426124e-29,0.21120788254426126
4,551,1000,137.75,0.22698786165268084,8.5518502165028982e-31,0.0085518502165028987,0.10769523872875481,3.6128191283443306e-30,0.1710551275276016,2.1120788254426124e-29,0.21120788254426126
4,552,1000,138,0.22669314889939327,8.5496005526980281e-31,0.0085496005526980289,0.10766690824185533,3.5944842747671995e-30,0.17018703239041896,2.1120788254426124e-29,0.21120788254426126
4,553,1000,138.25,0.22640061963060271,8.5473809464492845e-31,0.0085473809464492855,0.10763895627604786,3.5761027298279807e-30,0.16931672657049454,2.1120788254426124e-29,0.21120788254426126
4,554,1000,138.5,0.2261102654580851,8.5451910300606799e-31,0.0085451910300606802,0.10761137820085992,3.5576745417716356e-30,0.16844421235206886,2.1120788254426124e-29,0.21120788254426126
4,555,1000,138.75,0.22582207806306209,8.5430304403547991e-31,0.0085430304403547996,0.10758416944272232,3.5391997632571649e-30,0.16756949222837275,2.1120788254426124e-29,0.21120788254426126
4,556,1000,139,0.22553604919583134,8.5408988186196367e-31,0.0085408988186196372,0.10755732548429976,3.52067845132176e-30,0.16669256889993003,2.1120788254426124e-29,0.21120788254426126
4,557,1000,139.25,0.22525217067540063,8.5387958105561752e-31,0.0085387958105561761,0.10753084186383061,3.5021106673451565e-30,0.16581344527286976,2.1120788254426124e-29,0.21120788254426126
4,558,1000,139.5,0.22497043438912342,8.5367210662266269e-31,0.0085367210662266272,0.10750471417447507,3.483496477014149e-30,0.164932124457246,2.1120788254426124e-29,0.21120788254426126
4,559,1000,139.75,0.22469083229233827,8.5346742400033952e-31,0.0085346742400033947,0.10747893806367255,3.4648359502872987e-30,0.16404860976536703,2.1120788254426124e-29,0.21120788254426126
4,560,1000,140,0.22441335640801041,8.532654990518708e-31,0.0085326549905187076,0.10745350923250725,3.4461291613598266e-30,0.16316290471013303,2.1120788254426124e-29,0.21120788254426126
4,561,1000,140.25,0.22413799882637589,8.5306629806149087e-31,0.0085306629806149083,0.1074284234350823,3.4273761886286616e-30,0.16227501300338126,2.1120788254426124e-29,0.21120788254426126
4,562,1000,140.5,0.22386475170458919,8.5286978772954421e-31,0.0085286978772954429,0.10740367647790242,3.4085771146576976e-30,0.16138493855424113,2.1120788254426124e-29,0.21120788254426126
4,563,1000,140.75,0.22359360726637265,8.5267593516764573e-31,0.0085267593516764571,0.10737926421926446,3.3897320261431995e-30,0.16049268546749618,2.1120788254426124e-29,0.21120788254426126
4,564,1000,141,0.22332455780166927,8.5248470789390896e-31,0.00852484707893909,0.1073551825686565,3.3708410138793908e-30,0.1595982580419549,2.1120788254426124e-29,0.21120788254426126
4,565,1000,141.25,0.22305759566629788,8.5229607382823529e-31,0.0085229607382823532,0.10733142748616466,3.3519041727242234e-30,0.15870166076882997,2.1120788254426124e-29,0.21120788254426126
4,566,1000,141.5,0.22279271328161115,8.5211000128766999e-31,0.0085211000128766999,0.10730799498188812,3.3329216015653091e-30,0.15780289833012526,2.1120788254426124e-29,0.21120788254426126
4,567,1000,141.75,0.22252990313415649,8.5192645898181708e-31,0.0085192645898181703,0.1072848811153619,3.3138934032860291e-30,0.15690197559703112,2.1120788254426124e-29,0.21120788254426126
4,568,1000,142,0.22226915777533901,8.5174541600831568e-31,0.0085174541600831575,0.10726208199498702,3.2948196847318009e-30,0.15599889762832742,2.1120788254426124e-29,0.21120788254426126
4,569,1000,142.25,0.2220104698210878,8.5156684184837972e-31,0.0085156684184837968,0.10723959377746892,3.2757005566765175e-30,0.15509366966879437,2.1120788254426124e-29,0.21120788254426126
4,570,1000,142.5,0.22175383195152501,8.5139070636239594e-31,0.0085139070636239596,0.10721741266726306,3.2565361337891714e-30,0.15418629714763243,2.1120788254426124e-29,0.21120788254426126
4,571,1000,142.75,0.22149923691063653,8.5121697978557965e-31,0.008512169797855797,0.10719553491602783,3.2373265346006006e-30,0.15327678567688771,2.1120788254426124e-29,0.21120788254426126
4,572,1000,143,0.22124667750594684,8.5104563272369207e-31,0.0085104563272369212,0.10717395682208525,3.2180718814704507e-30,0.15236514104988783,2.1120788254426124e-29,0.21120788254426126
4,573,1000,143.25,0.22099614660819533,8.508766361488122e-31,0.0085087663614881216,0.10715267472988851,3.198772300554258e-30,0.15145136923968333,2.1120788254426124e-29,0.21120788254426126
4,574,1000,143.5,0.22074763715101589,8.5070996139516731e-31,0.0085070996139516731,0.1071316850294969,3.179427921770703e-30,0.15053547639749734,2.1120788254426124e-29,0.21120788254426126
4,575,1000,143.75,0.22050114213061886,8.5054558015501975e-31,0.0085054558015501981,0.10711098415605777,3.1600388787690429e-30,0.14961746885118349,2.1120788254426124e-29,0.21120788254426126
4,576,1000,144,0.22025665460547592,8.5038346447460757e-31,0.008503834644746076,0.10709056858929542,3.1406053088966748e-30,0.14869735310369023,2.1120788254426124e-29,0.21120788254426126
4,577,1000,144.25,0.22001416769600735,8.5022358675014257e-31,0.0085022358675014252,0.10707043485300705,3.1211273531668691e-30,0.14777513583153309,2.1120788254426124e-29,0.21120788254426126
4,578,1000,144.5,0.21977367458427188,8.5006591972385972e-31,0.0085006591972385977,0.10705057951456529,3.101605156226664e-30,0.14685082388327453,2.1120788254426124e-29,0.21120788254426126
4,579,1000,144.75,0.21953516851365962,8.4991043648012225e-31,0.0084991043648012226,0.10703099918442771,3.0820388663248952e-30,0.14592442427801033,2.1120788254426124e-29,0.21120788254426126
4,580,1000,145,0.21929864278858707,8.4975711044157749e-31,0.0084975711044157753,0.10701169051565268,3.0624286352803965e-30,0.144995944203864,2.1120788254426124e-29,0.21120788254426126
4,581,1000,145.25,0.21906409077419503,8.496059153653673e-31,0.0084960591536536734,0.10699265020342218,3.0427746184503441e-30,0.14406539101648788,2.1120788254426124e-29,0.21120788254426126
4,582,1000,145.5,0.21883150589604894,8.4945682533938742e-31,0.0084945682533938745,0.10697387498457071,3.023076974698742e-30,0.14313277223757112,2.1120788254426124e-29,0.21120788254426126
4,583,1000,145.75,0.21860088163984223,8.4930981477859878e-31,0.0084930981477859876,0.1069553616371208,3.0033358663650741e-30,0.14219809555335547,2.1120788254426124e-29,0.21120788254426126
4,584,1000,146,0.21837221155110151,8.4916485842138915e-31,0.0084916485842138918,0.10693710697982474,2.9835514592330809e-30,0.1412613688131569,2.1120788254426124e-29,0.21120788254426126
4,585,1000,146.25,0.21814548923489521,8.4902193132598429e-31,0.0084902193132598437,0.10691910787171276,2.9637239224997074e-30,0.14032260002789537,2.1120788254426124e-29,0.21120788254426126
4,586,1000,146.5,0.21792070835554408,8.4888100886690753e-31,0.008488810088669075,0.10690136121164705,2.943853428744171e-30,0.13938179736863041,2.1120788254426124e-29,0.21120788254426126
4,587,1000,146.75,0.21769786263633473,8.4874206673148812e-31,0.0084874206673148812,0.10688386393788213,2.9239401538971825e-30,0.1384389691651037,2.1120788254426124e-29,0.21120788254426126
4,588,1000,147,0.21747694585923547,8.4860508091641732e-31,0.0084860508091641734,0.1068666130276311,2.9039842772103159e-30,0.13749412390428895,2.1120788254426124e-29,0.21120788254426126
4,589,1000,147.25,0.21725795186461463,8.4847002772435063e-31,0.0084847002772435072,0.10684960549663783,2.8839859812254964e-30,0.13654727022894714,2.1120788254426124e-29,0.21120788254426126
4,590,1000,147.5,0.21704087455096208,8.4833688376056011e-31,0.008483368837605601,0.10683283839875526,2.8639454517446604e-30,0.1355984169361901,2.1120788254426124e-29,0.21120788254426126
4,591,1000,147.75,0.21682570787461208,8.4820562592962603e-31,0.0084820562592962598,0.10681630882552889,2.8438628777995168e-30,0.13464757297604885,2.1120788254426124e-29,0.21120788254426126
4,592,1000,148,0.21661244584946993,8.4807623143218119e-31,0.0084807623143218127,0.10680001390578671,2.8237384516214639e-30,0.13369474745004908,2.1120788254426124e-29,0.21120788254426126
4,593,1000,148.25,0.21640108254674031,8.4794867776169629e-31,0.0084794867776169635,0.1067839508052344,2.8035723686116466e-30,0.13273994960979371,2.1120788254426124e-29,0.21120788254426126
4,594,1000,148.5,0.21619161209465843,8.47822942701309e-31,0.0084782294270130901,0.10676811672605602,2.7833648273111312e-30,0.13178318885555051,2.1120788254426124e-29,0.21120788254426126
4,595,1000,148.75,0.21598402867822372,8.4769900432069959e-31,0.0084769900432069955,0.10675250890652051,2.7631160293712126e-30,0.13082447473484649,2.1120788254426124e-29,0.21120788254426126
4,596,1000,149,0.21577832653893586,8.4757684097300699e-31,0.0084757684097300709,0.10673712462059338,2.7428261795238736e-30,0.12986381694106897,2.1120788254426124e-29,0.21120788254426126
4,597,1000,149.25,0.2155744999745334,8.4745643129178993e-31,0.0084745643129179003,0.106721961177554,2.7224954855523395e-30,0.12890122531207171,2.1120788254426124e-29,0.21120788254426126
4,598,1000,149.5,0.21537254333873507,8.4733775418802922e-31,0.0084733775418802931,0.10670701592161806,2.7021241582617968e-30,0.12793670982878838,2.1120788254426124e-29,0.21120788254426126
4,599,1000,149.75,0.21517245104098284,8.4722078884717062e-31,0.0084722078884717066,0.10669228623156521,2.6817124114502079e-30,0.12697028061385074,2.1120788254426124e-29,0.21120788254426126
4,600,1000,150,0.21497421754618848,8.4710551472621071e-31,0.0084710551472621069,0.10667776952037203,2.6612604618792635e-30,0.12600194793021341,2.1120788254426124e-29,0.21120788254426126
4,601,1000,150.25,0.21477783737448192,8.4699191155082417e-31,0.0084699191155082412,0.10666346323485035,2.6407685292454727e-30,0.12503172217978498,2.1120788254426124e-29,0.21120788254426126
4,602,1000,150.5,0.21458330510096182,8.4687995931252799e-31,0.0084687995931252806,0.10664936485529003,2.6202368361513402e-30,0.12405961390206338,2.1120788254426124e-29,0.21120788254426126
4,603,1000,150.75,0.21439061535544954,8.4676963826588875e-31,0.0084676963826588875,0.10663547189510734,2.5996656080767079e-30,0.12308563377277908,2.1120788254426124e-29,0.21120788254426126
4,604,1000,151,0.2141997628222444,8.4666092892576603e-31,0.0084666092892576612,0.10662178190049779,2.5790550733501789e-30,0.122109792602542,2.1120788254426124e-29,0.21120788254426126
4,605,1000,151.25,0.21401074223988231,8.4655381206459868e-31,0.0084655381206459879,0.10660829245009437,2.5584054631206798e-30,0.1211321013354951,2.1120788254426124e-29,0.21120788254426126
4,606,1000,151.5,0.21382354840089624,8.4644826870972581e-31,0.0084644826870972582,0.10659500115463022,2.5377170113291454e-30,0.12015257104797379,2.1120788254426124e-29,0.21120788254426126
4,607,1000,151.75,0.21363817615157929,8.4634428014074756e-31,0.0084634428014074767,0.10658190565660623,2.516989954680295e-30,0.11917121294716963,2.1120788254426124e-29,0.21120788254426126
4,608,1000,152,0.21345462039175031,8.4624182788692274e-31,0.0084624182788692274,0.1065690036299633,2.4962245326145538e-30,0.11818803836980084,2.1120788254426124e-29,0.21120788254426126
4,609,1000,152.25,0.2132728760745215,8.4614089372460234e-31,0.008461408937246024,0.10655629277975921,2.4754209872800636e-30,0.11720305878078714,2.1120788254426124e-29,0.21120788254426126
4,610,1000,152.5,0.21309293820606889,8.4604145967470335e-31,0.0084604145967470332,0.1065437708418504,2.4545795635048151e-30,0.11621628577193029,2.1120788254426124e-29,0.21120788254426126
4,611,1000,152.75,0.2129148018454049,8.4594350800021355e-31,0.0084594350800021364,0.10653143558257785,2.4337005087688953e-30,0.11522773106060012,2.1120788254426124e-29,0.21120788254426126
4,612,1000,153,0.2127384621041532,8.4584702120373594e-31,0.0084584702120373591,0.10651928479845774,2.4127840731768384e-30,0.11423740648842542,2.1120788254426124e-29,0.21120788254426126
4,613,1000,153.25,0.21256391414632633,8.4575198202506782e-31,0.0084575198202506783,0.10650731631587664,2.3918305094300819e-30,0.11324532401998984,2.1120788254426124e-29,0.21120788254426126
4,614,1000,153.5,0.21239115318810517,8.4565837343881346e-31,0.0084565837343881355,0.10649552799079083,2.370840072799546e-30,0.11225149574153355,2.1120788254426124e-29,0.21120788254426126
4,615,1000,153.75,0.21222017449762112,8.4556617865203173e-31,0.0084556617865203174,0.10648391770843012,2.3498130210982911e-30,0.11125593385965879,2.1120788254426124e-29,0.21120788254426126
4,616,1000,154,0.2120509733947403,8.4547538110191812e-31,0.0084547538110191812,0.1064724833830059,2.3287496146543106e-30,0.11025865070004157,2.1120788254426124e-29,0.21120788254426126
4,617,1000,154.25,0.21188354525085076,8.4538596445352208e-31,0.0084538596445352214,0.10646122295742366,2.3076501162834107e-30,0.10925965870614766,2.1120788254426124e-29,0.21120788254426126
4,618,1000,154.5,0.21171788548865078,8.4529791259749351e-31,0.0084529791259749347,0.10645013440299926,2.2865147912621804e-30,0.10825897043795289,2.1120788254426124e-29,0.21120788254426126
4,619,1000,154.75,0.21155398958194097,8.4521120964786734e-31,0.0084521120964786735,0.10643921571917986,2.2653439073010991e-30,0.10725659857066973,2.1120788254426124e-29,0.21120788254426126
4,620,1000,155,0.21139185305541747,8.4512583993987714e-31,0.0084512583993987724,0.10642846493326868,2.2441377345177002e-30,0.1062525558934768,2.1120788254426124e-29,0.21120788254426126
4,621,1000,155.25,0.21123147148446803,8.4504178802780131e-31,0.0084504178802780137,0.10641788010015368,2.2228965454098669e-30,0.10524685530825448,2.1120788254426124e-29,0.21120788254426126
4,622,1000,155.5,0.21107284049497041,8.4495903868284365e-31,0.0084495903868284372,0.10640745930204071,2.2016206148292133e-30,0.10423950982832453,2.1120788254426124e-29,0.21120788254426126
4,623,1000,155.75,0.21091595576309255,8.4487757689104154e-31,0.0084487757689104149,0.10639720064819003,2.1803102199545455e-30,0.10323053257719367,2.1120788254426124e-29,0.21120788254426126
4,624,1000,156,0.21076081301509592,8.4479738785120904e-31,0.0084479738785120904,0.10638710227465732,2.1589656402654543e-30,0.10221993678730319,2.1120788254426124e-29,0.21120788254426126
4,625,1000,156.25,0.21060740802714012,8.4471845697290934e-31,0.0084471845697290937,0.10637716234403839,2.1375871575159631e-30,0.10120773579878133,2.1120788254426124e-29,0.21120788254426126
4,626,1000,156.5,0.21045573662509046,8.4464076987445516e-31,0.0084464076987445513,0.10636737904521726,2.1161750557082945e-30,0.10019394305820115,2.1120788254426124e-29,0.21120788254426126
4,627,1000,156.75,0.21030579468432753,8.4456431238094514e-31,0.0084456431238094515,0.10635775059311893,2.0947296210667202e-30,0.09917857211734242,2.1120788254426124e-29,0.21120788254426126
4,628,1000,157,0.21015757812955893,8.4448907052232395e-31,0.0084448907052232392,0.10634827522846513,2.0732511420114886e-30,0.098161636631957289,2.1120788254426124e-29,0.21120788254426126
4,629,1000,157.25,0.21001108293463364,8.4441503053147562e-31,0.0084441503053147571,0.10633895121753414,2.0517399091328676e-30,0.097143150360541108,2.1120788254426124e-29,0.21120788254426126
4,630,1000,157.5,0.20986630512235788,8.4434217884234476e-31,0.0084434217884234476,0.10632977685192423,2.0301962151652524e-30,0.096123127163106684,2.1120788254426124e-29,0.21120788254426126
4,631,1000,157.75,0.20972324076431406,8.4427050208808756e-31,0.0084427050208808752,0.10632075044832079,2.0086203549613651e-30,0.095101580999962618,2.1120788254426124e-29,0.21120788254426126
4,632,1000,158,0.20958188598068134,8.4419998709924989e-31,0.008441999870992499,0.10631187034826692,1.9870126254665548e-30,0.094078525930496537,2.1120788254426124e-29,0.21120788254426126
4,633,1000,158.25,0.20944223694005848,8.4413062090197368e-31,0.0084413062090197364,0.10630313491793753,1.9653733256931505e-30,0.093053976111960784,2.1120788254426124e-29,0.21120788254426126
4,634,1000,158.5,0.20930428985928923,8.4406239071623443e-31,0.0084406239071623448,0.10629454254791738,1.9437027566949377e-30,0.092027945798263969,2.1120788254426124e-29,0.21120788254426126
4,635,1000,158.75,0.20916804100328959,8.4399528395410216e-31,0.0084399528395410223,0.10628609165298215,1.9220012215416876e-30,0.091000449338765013,2.1120788254426124e-29,0.21120788254426126
4,636,1000,159,0.20903348668487734,8.4392928821803222e-31,0.0084392928821803229,0.10627778067188309,1.9002690252937668e-30,0.089971501177070978,2.1120788254426124e-29,0.21120788254426126
4,637,1000,159.25,0.20890062326460371,8.4386439129918267e-31,0.0084386439129918271,0.10626960806713522,1.8785064749768548e-30,0.088941115849840047,2.1120788254426124e-29,0.21120788254426126
4,638,1000,159.5,0.20876944715058735,8.4380058117575775e-31,0.008438005811757578,0.1062615723248086,1.8567138795567003e-30,0.087909307985586327,2.1120788254426124e-29,0.21120788254426126
4,639,1000,159.75,0.20863995479835032,8.4373784601137942e-31,0.0084373784601137949,0.10625367195432342,1.834891549913995e-30,0.086876092303490166,2.1120788254426124e-29,0.21120788254426126
4,640,1000,160,0.20851214271065649,8.4367617415348409e-31,0.0084367617415348414,0.10624590548824797,1.8130397988192971e-30,0.085841483612210917,2.1120788254426124e-29,0.21120788254426126
4,641,1000,160.25,0.20838600743735164,8.4361555413174528e-31,0.0084361555413174534,0.10623827148210004,1.7911589409080321e-30,0.084805496808703265,2.1120788254426124e-29,0.21120788254426126
4,642,1000,160.5,0.20826154557520615,8.4355597465652239e-31,0.0084355597465652233,0.10623076851415154,1.7692492926555894e-30,0.083768146877038124,2.1120788254426124e-29,0.21120788254426126
4,643,1000,160.75,0.20813875376775964,8.4349742461733521e-31,0.0084349742461733521,0.1062233951852365,1.7473111723524591e-30,0.082729448887225512,2.1120788254426124e-29,0.21120788254426126
4,644,1000,161,0.2080176287051678,8.4343989308136417e-31,0.0084343989308136424,0.10621615011856207,1.7253449000794784e-30,0.081689417994042474,2.1120788254426124e-29,0.21120788254426126
4,645,1000,161.25,0.20789816712405124,8.4338336929197303e-31,0.0084338336929197302,0.10620903195952254,1.7033507976831156e-30,0.08064806943586289,2.1120788254426124e-29,0.21120788254426126
4,646,1000,161.5,0.20778036580734649,8.4332784266725977e-31,0.0084332784266725972,0.10620203937551685,1.6813291887508399e-30,0.079605418533491346,2.1120788254426124e-29,0.21120788254426126
4,647,1000,161.75,0.20766422158415915,8.43273302798629e-31,0.0084327330279862899,0.10619517105576882,1.6592803985865644e-30,0.078561480689000401,2.1120788254426124e-29,0.21120788254426126
4,648,1000,162,0.20754973132961937,8.4321973944939155e-31,0.0084321973944939156,0.10618842571115075,1.6372047541861508e-30,0.077516271384570803,2.1120788254426124e-29,0.21120788254426126
4,649,1000,162.25,0.20743689196473902,8.4316714255338594e-31,0.0084316714255338598,0.10618180207400989,1.615102584212973e-30,0.076469806181334546,2.1120788254426124e-29,0.21120788254426126
4,650,1000,162.5,0.20732570045627097,8.4311550221362315e-31,0.0084311550221362313,0.10617529889799769,1.592974218973567e-30,0.075422100718221988,2.1120788254426124e-29,0.21120788254426126
4,651,1000,162.75,0.20721615381657099,8.430648087009587e-31,0.0084306480870095877,0.10616891495790264,1.5708199903933221e-30,0.074373170710810815,2.1120788254426124e-29,0.21120788254426126
4,652,1000,163,0.20710824910346121,8.4301505245278298e-31,0.00843015052452783,0.10616264904948532,1.5486402319922577e-30,0.073323031950179265,2.1120788254426124e-29,0.21120788254426126
4,653,1000,163.25,0.20700198342009579,8.4296622407173994e-31,0.0084296622407174001,0.106156499989317,1.5264352788608508e-30,0.072271700301761568,2.1120788254426124e-29,0.21120788254426126
4,654,1000,163.5,0.20689735391482869,8.4291831432446362e-31,0.0084291831432446365,0.1061504666146206,1.5042054676359151e-30,0.071219191704205931,2.1120788254426124e-29,0.21120788254426126
4,655,1000,163.75,0.20679435778108354,8.4287131414034171e-31,0.0084287131414034176,0.10614454778311495,1.4819511364765729e-30,0.070165522168236863,2.1120788254426124e-29,0.21120788254426126
4,656,1000,164,0.20669299225722565,8.4282521461030043e-31,0.0084282521461030054,0.10613874237286175,1.4596726250402477e-30,0.069110707775518518,2.1120788254426124e-29,0.21120788254426126
4,657,1000,164.25,0.20659325462643569,8.4278000698560921e-31,0.0084278000698560923,0.10613304928211505,1.4373702744587486e-30,0.068054764677522375,2.1120788254426124e-29,0.21120788254426126
4,658,1000,164.5,0.20649514221658583,8.4273568267671118e-31,0.0084273568267671118,0.10612746742917396,1.4150444273143914e-30,0.06699770909439666,2.1120788254426124e-29,0.21120788254426126
4,659,1000,164.75,0.2063986524001179,8.4269223325207475e-31,0.0084269223325207469,0.10612199575223812,1.3926954276161812e-30,0.065939557313838632,2.1120788254426124e-29,0.21120788254426126
4,660,1000,165,0.20630378259392321,8.4264965043706384e-31,0.0084264965043706393,0.10611663320926526,1.3703236207760613e-30,0.06488032568997007,2.1120788254426124e-29,0.21120788254426126
4,661,1000,165.25,0.20621053025922492,8.426079261128347e-31,0.0084260792611283476,0.10611137877783242,1.3479293535851953e-30,0.063820030642214309,2.1120788254426124e-29,0.21120788254426126
4,662,1000,165.5,0.20611889290146193,8.4256705231525098e-31,0.0084256705231525106,0.10610623145499924,1.3255129741903319e-30,0.062758688654177205,2.1120788254426124e-29,0.21120788254426126
4,663,1000,165.75,0.2060288680701752,8.4252702123381975e-31,0.0084252702123381977,0.10610119025717403,1.3030748320701966e-30,0.06169631627252932,2.1120788254426124e-29,0.21120788254426126
4,664,1000,166,0.20594045335889574,8.4248782521064949e-31,0.0084248782521064956,0.10609625421998245,1.280615278011939e-30,0.060632930105890818,2.1120788254426124e-29,0.21120788254426126
4,665,1000,166.25,0.20585364640503509,8.4244945673943152e-31,0.0084244945673943149,0.10609142239813939,1.2581346640876538e-30,0.059568546823719801,2.1120788254426124e-29,0.21120788254426126
4,666,1000,166.5,0.20576844488977705,8.4241190846443614e-31,0.0084241190846443617,0.10608669386532238,1.235633343630924e-30,0.058503183155201685,2.1120788254426124e-29,0.21120788254426126
4,667,1000,166.75,0.20568484653797231,8.423751731795352e-31,0.0084237517317953519,0.10608206771404867,1.2131116712134188e-30,0.057436855888141208,2.1120788254426124e-29,0.21120788254426126
4,668,1000,167,0.2056028491180345,8.4233924382724333e-31,0.008423392438272434,0.10607754305555432,1.1905700026215631e-30,0.056369581867857808,2.1120788254426124e-29,0.21120788254426126
4,669,1000,167.25,0.20552245044183801,8.423041134977753e-31,0.0084230411349777538,0.10607311901967566,1.1680086948332092e-30,0.055301377996081112,2.1120788254426124e-29,0.21120788254426126
4,670,1000,167.5,0.20544364836461865,8.4226977542813173e-31,0.0084226977542813178,0.10606879475473401,1.145428105994407e-30,0.054232261229851031,2.1120788254426124e-29,0.21120788254426126
4,671,1000,167.75,0.20536644078487551,8.4223622300119667e-31,0.008422362230011967,0.10606456942742211,1.1228285953961787e-30,0.053162248580418202,2.1120788254426124e-29,0.21120788254426126
4,672,1000,168,0.20529082564427514,8.4220344974485963e-31,0.0084220344974485963,0.10606044222269356,1.1002105234513473e-30,0.052091357112146817,2.1120788254426124e-29,0.21120788254426126
4,673,1000,168.25,0.20521680092755751,8.4217144933115575e-31,0.0084217144933115586,0.10605641234365451,1.0775742516714291e-30,0.051019603941420605,2.1120788254426124e-29,0.21120788254426126
4,674,1000,168.5,0.20514436466244426,8.4214021557542676e-31,0.0084214021557542686,0.10605247901145801,1.0549201426435358e-30,0.049947006235549193,2.1120788254426124e-29,0.21120788254426126
4,675,1000,168.75,0.20507351491954864,8.4210974243549858e-31,0.0084210974243549858,0.10604864146520042,1.0322485600073466e-30,0.048873581211677841,2.1120788254426124e-29,0.21120788254426126
4,676,1000,169,0.20500424981228738,8.4208002401088121e-31,0.0084208002401088122,0.1060448989618207,1.0095598684321055e-30,0.047799346135698306,2.1120788254426124e-29,0.21120788254426126
4,677,1000,169.25,0.20493656749679473,8.4205105454198642e-31,0.0084205105454198646,0.10604125077600186,9.8685443359365307e-31,0.046724318321161397,2.1120788254426124e-29,0.21120788254426126
4,678,1000,169.5,0.20487046617183829,8.4202282840936338e-31,0.0084202282840936341,0.10603769620007469,9.6413262215151916e-31,0.045648515128192395,2.1120788254426124e-29,0.21120788254426126
4,679,1000,169.75,0.20480594407873701,8.4199534013295663e-31,0.0084199534013295659,0.10603423454392437,9.4139480172602569e-31,0.044571953962406902,2.1120788254426124e-29,0.21120788254426126
4,680,1000,170,0.20474299950128069,8.4196858437137778e-31,0.0084196858437137773,0.10603086513489865,9.1864134087545073e-31,0.043494652273829697,2.1120788254426124e-29,0.21120788254426126
4,681,1000,170.25,0.2046816307656518,8.4194255592120049e-31,0.0084194255592120043,0.10602758731771919,8.9587260907321378e-31,0.042416627555814469,2.1120788254426124e-29,0.21120788254426126
4,682,1000,170.5,0.20462183624034924,8.4191724971627083e-31,0.0084191724971627094,0.10602440045439462,8.7308897668509101e-31,0.041337897343965105,2.1120788254426124e-29,0.21120788254426126
4,683,1000,170.75,0.20456361433611372,8.4189266082703783e-31,0.0084189266082703787,0.10602130392413628,8.5029081494648866e-31,0.040258479215059581,2.1120788254426124e-29,0.21120788254426126
4,684,1000,171,0.20450696350585551,8.4186878445990257e-31,0.0084186878445990255,0.10601829712327622,8.2747849593972693e-31,0.039178390785974501,2.1120788254426124e-29,0.21120788254426126
4,685,1000,171.25,0.20445188224458363,8.4184561595658217e-31,0.0084184561595658219,0.10601537946518713,8.046523925713547e-31,0.038097649712610974,2.1120788254426124e-29,0.21120788254426126
4,686,1000,171.5,0.20439836908933737,8.4182315079349687e-31,0.0084182315079349684,0.10601255038020517,7.8181287854952376e-31,0.03701627368882339,2.1120788254426124e-29,0.21120788254426126
4,687,1000,171.75,0.20434642261911951,8.4180138458117191e-31,0.0084180138458117195,0.10600980931555459,7.5896032836135396e-31,0.035934280445347695,2.1120788254426124e-29,0.21120788254426126
4,688,1000,172,0.20429604145483152,8.4178031306365733e-31,0.0084178031306365742,0.10600715573527469,7.3609511725036442e-31,0.034851687748732887,2.1120788254426124e-29,0.21120788254426126
4,689,1000,172.25,0.20424722425921071,8.4175993211796731e-31,0.0084175993211796727,0.10600458912014928,7.132176211939115e-31,0.033768513400272732,2.1120788254426124e-29,0.21120788254426126
4,690,1000,172.5,0.20419996973676907,8.4174023775353452e-31,0.0084174023775353459,0.10600210896763781,6.9032821688065206e-31,0.032684775234938741,2.1120788254426124e-29,0.21120788254426126
4,691,1000,172.75,0.2041542766337345,8.417212261116866e-31,0.0084172122611168663,0.10599971479180967,6.6742728168806078e-31,0.031600491120315696,2.1120788254426124e-29,0.21120788254426126
4,692,1000,173,0.20411014373799333,8.417028934651334e-31,0.0084170289346513338,0.10599740612327935,6.4451519365993377e-31,0.030515678955536502,2.1120788254426124e-29,0.21120788254426126
4,693,1000,173.25,0.2040675698790351,8.4168523621747955e-31,0.0084168523621747961,0.1059951825091453,6.2159233148395739e-31,0.029430356670220155,2.1120788254426124e-29,0.21120788254426126
4,694,1000,173.5,0.20402655392789956,8.4166825090274869e-31,0.0084166825090274868,0.10599304351292985,5.9865907446927471e-31,0.028344542223409593,2.1120788254426124e-29,0.21120788254426126
4,695,1000,173.75,0.20398709479712457,8.4165193418492615e-31,0.0084165193418492615,0.10599098871452169,5.757158025240767e-31,0.027258253602510704,2.1120788254426124e-29,0.21120788254426126
4,696,1000,174,0.20394919144069687,8.4163628285751998e-31,0.0084163628285751999,0.10598901771012058,5.5276289613323899e-31,0.0261715088222335,2.1120788254426124e-29,0.21120788254426126
4,697,1000,174.25,0.20391284285400454,8.4162129384314071e-31,0.0084162129384314065,0.10598713011218444,5.2980073633594782e-31,0.025084325923532776,2.1120788254426124e-29,0.21120788254426126
4,698,1000,174.5,0.20387804807379087,8.4160696419309326e-31,0.008416069641930932,0.10598532554937792,5.0682970470337749e-31,0.023996722972551225,2.1120788254426124e-29,0.21120788254426126
4,699,1000,174.75,0.20384480617811057,8.4159329108699018e-31,0.0084159329108699013,0.10598360366652375,4.8385018331636838e-31,0.022908718059562551,2.1120788254426124e-29,0.21120788254426126
4,700,1000,175,0.20381311628628768,8.4158027183238026e-31,0.0084158027183238032,0.10598196412455588,4.6086255474312261e-31,0.021820329297915438,2.1120788254426124e-29,0.21120788254426126
4,701,1000,175.25,0.20378297755887562,8.4156790386439548e-31,0.0084156790386439549,0.10598040660047513,4.3786720201694032e-31,0.02073157482297943,2.1120788254426124e-29,0.21120788254426126
4,702,1000,175.5,0.20375438919761876,8.4155618474541215e-31,0.008415561847454121,0.10597893078730647,4.1486450861395012e-31,0.019642472791090555,2.1120788254426124e-29,0.21120788254426126
4,703,1000,175.75,0.20372735044541584,8.4154511216472923e-31,0.0084154511216472921,0.10597753639405845,3.9185485843085817e-31,0.018553041378497798,2.1120788254426124e-29,0.21120788254426126
4,704,1000,176,0.20370186058628587,8.4153468393826839e-31,0.0084153468393826838,0.10597622314568554,3.6883863576273743e-31,0.017463298780311512,2.1120788254426124e-29,0.21120788254426126
4,705,1000,176.25,0.20367791894533518,8.4152489800828326e-31,0.0084152489800828328,0.10597499078305143,3.4581622528079353e-31,0.016373263209450692,2.1120788254426124e-29,0.21120788254426126
4,706,1000,176.5,0.20365552488872676,8.415157524430904e-31,0.0084151575244309045,0.10597383906289519,3.2278801201018315e-31,0.015282952895592753,2.1120788254426124e-29,0.21120788254426126
4,707,1000,176.75,0.20363467782365136,8.4150724543681546e-31,0.0084150724543681551,0.10597276775779928,2.9975438130782054e-31,0.01419238608412275,2.1120788254426124e-29,0.21120788254426126
4,708,1000,177,0.20361537719830036,8.4149937530915496e-31,0.00841499375309155,0.10597177665615955,2.7671571884019711e-31,0.013101581035083191,2.1120788254426124e-29,0.21120788254426126
4,709,1000,177.25,0.20359762250184091,8.4149214050515719e-31,0.0084149214050515727,0.10597086556215771,2.5367241056123618e-31,0.012010556022125547,2.1120788254426124e-29,0.21120788254426126
4,710,1000,177.5,0.20358141326439225,8.4148553959501619e-31,0.0084148553959501621,0.10597003429573527,2.3062484269012308e-31,0.010919329331460571,2.1120788254426124e-29,0.21120788254426126
4,711,1000,177.75,0.20356674905700459,8.414795712738854e-31,0.008414795712738855,0.10596928269257021,2.0757340168918075e-31,0.0098279192608107871,2.1120788254426124e-29,0.21120788254426126
4,712,1000,178,0.20355362949163938,8.414742343617044e-31,0.0084147423436170439,0.10596861060405502,1.8451847424173049e-31,0.0087363441183622662,2.1120788254426124e-29,0.21120788254426126
4,713,1000,178.25,0.20354205422115185,8.414695278030469e-31,0.00841469527803047,0.10596801789727768,1.6146044722996207e-31,0.0076446222217168439,2.1120788254426124e-29,0.21120788254426126
4,714,1000,178.5,0.20353202293927478,8.4146545066697848e-31,0.0084146545066697848,0.10596750445500368,1.3839970771283314e-31,0.0065527718968457424,2.1120788254426124e-29,0.21120788254426126
4,715,1000,178.75,0.20352353538060497,8.4146200214693714e-31,0.0084146200214693725,0.10596707017566094,1.1533664290394198e-31,0.005460811477041902,2.1120788254426124e-29,0.21120788254426126
4,716,1000,179,0.20351659132059086,8.4145918156062664e-31,0.0084145918156062673,0.10596671497332651,9.2271640149439787e-32,0.0043687593018742147,2.1120788254426124e-29,0.21120788254426126
4,717,1000,179.25,0.20351119057552255,8.4145698834992625e-31,0.0084145698834992635,0.10596643877771506,6.9205086905925152e-32,0.0032766337161408911,2.1120788254426124e-29,0.21120788254426126
4,718,1000,179.5,0.20350733300252302,8.4145542208081846e-31,0.0084145542208081854,0.10596624153416985,4.6137370718342661e-32,0.0021844530688230352,2.1120788254426124e-29,0.21120788254426126
4,719,1000,179.75,0.20350501849954214,8.4145448244333114e-31,0.008414544824433311,0.10596612320365545,2.3068879197905649e-32,0.0010922357120393591,2.1120788254426124e-29,0.21120788254426126
4,720,1000,180,0.20350424700535158,8.4145416925149763e-31,0.008414541692514977,0.1059660837627527,0,0,2.1120788254426124e-29,0.21120788254426126
